t(s),acc_x,acc_y,acc_z,gyro_x,gyro_y,gyro_z
559012.0000242130,-0.0020342334,0.0008085975,9.7942125935,-0.0005404233,0.0000847381,0.0000326941
559012.0100242130,-0.0027969366,0.0005004868,9.7940662879,0.0004800999,0.0000521862,0.0000326941
559012.0200242130,0.0007315648,-0.0049760314,9.7938820859,-0.0006164197,0.0000738874,0.0000326941
559012.0300242130,0.0005481516,0.0035647118,9.7941922805,0.0004800999,0.0000738874,0.0000326941
559012.0400242130,-0.0018645606,-0.0048339954,9.7935987047,-0.0004752835,0.0000847381,0.0000326941
559012.0500242130,-0.0034196268,0.0030910821,9.7937675292,0.0001761142,0.0000738874,0.0000218465
559012.0600242130,-0.0004923700,-0.0049808253,9.7934347066,-0.0001278714,0.0000738874,0.0000218465
559012.0700242131,0.0010062939,0.0028040919,9.7938831060,-0.0001604413,0.0000738874,0.0000326941
559012.0800242129,-0.0017238667,-0.0011728629,9.7939041296,0.0002195408,0.0000738874,0.0000326941
559012.0900242130,-0.0026366391,-0.0011767535,9.7942167616,-0.0005078534,0.0000738874,0.0000326941
559012.1000242130,0.0013209110,0.0006698962,9.7940321017,0.0004800999,0.0000413356,0.0000326941
559012.1100242130,0.0010330364,-0.0043646038,9.7937273177,-0.0006164197,0.0000847381,0.0000218465
559012.1200242130,-0.0022011036,0.0038586495,9.7939102378,0.0004583866,0.0000738874,0.0000326941
559012.1300242130,-0.0018609337,-0.0051391881,9.7939035847,-0.0004861401,0.0000738874,0.0000326941
559012.1400242130,-0.0003671152,0.0029509913,9.7938945944,0.0001544010,0.0000630368,0.0000326941
559012.1500242130,0.0005778114,-0.0049765873,9.7937308449,-0.0000627316,0.0000955887,0.0000326941
559012.1600242130,-0.0020510057,0.0038594136,9.7936039496,-0.0002255810,0.0000738874,0.0000218465
559012.1700242130,-0.0023327878,-0.0011754335,9.7940617143,0.0002846805,0.0000738874,0.0000326941
559012.1800242130,0.0002662548,-0.0026900730,9.7940394482,-0.0005621366,0.0000738874,0.0000218465
559012.1900242131,0.0013196638,0.0003649812,9.7937269427,0.0004800999,0.0000738874,0.0000326941
559012.2000242129,-0.0017246336,-0.0028502424,9.7929883038,-0.0006381330,0.0000847381,0.0000218465
559012.2100242130,-0.0022035693,0.0035538040,9.7934525690,0.0003823902,0.0000738874,0.0000218465
559012.2200242130,0.0001316248,-0.0066565370,9.7943439228,-0.0003341473,0.0000738874,0.0000435417
559012.2300242130,0.0005463381,0.0037173081,9.7940398405,0.0000458347,0.0000738874,0.0000326941
559012.2400242130,-0.0015666011,-0.0026974374,9.7937496536,0.0000241214,0.0000738874,0.0000218465
559012.2500242130,-0.0024954650,0.0011119144,9.7939115197,-0.0003558606,0.0000847381,0.0000218465
559012.2600242130,-0.0009546767,-0.0031525170,9.7937443694,0.0003823902,0.0000521862,0.0000435417
559012.2700242130,0.0005616913,-0.0014683293,9.7934274298,-0.0005838498,0.0000955887,0.0000218465
559012.2800242130,-0.0003713083,0.0037136953,9.7937424334,0.0005018131,0.0000521862,0.0000543893
559012.2900242130,-0.0018609624,-0.0054441725,9.7937509354,-0.0005729932,0.0000847381,0.0000218465
559012.3000242130,-0.0011376957,0.0031008085,9.7929859493,0.0004041035,0.0000521862,0.0000326941
559012.3100242130,0.0005820618,-0.0051293225,9.7941883044,-0.0003015774,0.0000738874,0.0000109989
559012.3200242131,-0.0018941630,0.0043172725,9.7943654389,-0.0000518750,0.0000738874,0.0000326941
559012.3300242129,-0.0015599997,-0.0037652647,9.7940541848,0.0001218311,0.0000955887,0.0000326941
559012.3400242130,-0.0011203285,-0.0001025345,9.7935945235,-0.0004861401,0.0000630368,0.0000326941
559012.3500242130,-0.0000580244,0.0003596315,9.7931283223,0.0005235264,0.0000521862,0.0000543893
559012.3600242130,-0.0004994803,-0.0028455179,9.7935881929,-0.0006381330,0.0001064393,0.0000435417
559012.3700242130,-0.0015843339,0.0030983077,9.7943623433,0.0004692432,0.0000521862,0.0000218465
559012.3800242130,-0.0009446205,-0.0063554434,9.7934378850,-0.0004535703,0.0000738874,0.0000218465
559012.3900242130,0.0000869773,0.0044779974,9.7941965053,0.0001109745,0.0000847381,0.0000326941
559012.4000242130,-0.0004886571,-0.0043710649,9.7941975344,-0.0000410183,0.0000738874,0.0000326941
559012.4100242130,-0.0018889235,0.0017245926,9.7937542140,-0.0002690076,0.0000847381,0.0000326941
559012.4200242130,-0.0009606832,-0.0022372167,9.7934397684,0.0003281071,0.0000521862,0.0000326941
559012.4300242130,-0.0014212052,-0.0008664891,9.7937492219,-0.0005295667,0.0000955887,0.0000218465
559012.4400242131,0.0000958437,0.0015801249,9.7938901604,0.0004692432,0.0000738874,0.0000326941
559012.4500242129,-0.0009530067,-0.0048300354,9.7931335630,-0.0005947064,0.0000847381,0.0000326941
559012.4600242130,-0.0009742516,0.0024908400,9.7940519699,0.0003932468,0.0000738874,0.0000435417
559012.4700242130,-0.0004874386,-0.0043711343,9.7943500441,-0.0004644269,0.0000847381,0.0000435417
559012.4800242130,-0.0014372106,0.0038617064,9.7940564039,0.0001978275,0.0000738874,0.0000218465
559012.4900242130,-0.0009409076,-0.0057456830,9.7942007128,-0.0001604413,0.0000738874,0.0000218465
559012.5000242130,-0.0003694949,0.0035610990,9.7938948734,-0.0000953015,0.0000738874,0.0000218465
559012.5100242130,-0.0011089964,-0.0026955616,9.7937458474,0.0001869709,0.0000738874,0.0000218465
559012.5200242130,-0.0009647043,0.0003553937,9.7942035030,-0.0005295667,0.0000738874,0.0000326941
559012.5300242130,-0.0014296200,0.0003539345,9.7932922507,0.0004909565,0.0000521862,0.0000543893
559012.5400242130,0.0001178557,-0.0040633710,9.7938875794,-0.0006381330,0.0000955887,0.0000326941
559012.5500242130,-0.0009777638,0.0040159703,9.7943576869,0.0004583866,0.0000738874,0.0000326941
559012.5600242130,-0.0007926231,-0.0055923224,9.7937419845,-0.0004644269,0.0000847381,0.0000326941
559012.5700242131,-0.0008264760,0.0037116806,9.7940512592,0.0001761142,0.0000630368,0.0000218465
559012.5800242129,-0.0003409962,-0.0043701618,9.7935862266,-0.0000735882,0.0000738874,0.0000218465
559012.5900242130,-0.0005208400,0.0032554199,9.7938960027,-0.0002690076,0.0000738874,0.0000435417
559012.6000242130,-0.0014152847,-0.0026967427,9.7935958751,0.0002738239,0.0000738874,0.0000326941
559012.6100242130,-0.0008074387,-0.0011691807,9.7940490270,-0.0005621366,0.0000847381,0.0000435417
559012.6200242130,-0.0005215496,0.0021880092,9.7932854753,0.0005560963,0.0000304849,0.0000326941
559012.6300242130,-0.0003325240,-0.0049806167,9.7943484964,-0.0006272763,0.0000847381,0.0000326941
559012.6400242130,-0.0011351153,0.0046255916,9.7940542152,0.0003715336,0.0000738874,0.0000326941
559012.6500242130,-0.0010916578,-0.0062038890,9.7942017722,-0.0002907208,0.0000738874,0.0000218465
559012.6600242130,0.0000893283,0.0035629054,9.7940435770,-0.0001170148,0.0000847381,0.0000326941
559012.6700242130,-0.0006495209,-0.0022363133,9.7941997797,0.0001761142,0.0000738874,0.0000435417
559012.6800242130,-0.0017255941,-0.0001053134,9.7942096374,-0.0004752835,0.0000738874,0.0000326941
559012.6900242131,-0.0015809364,0.0003532398,9.7934460292,0.0004800999,0.0000521862,0.0000652368
559012.7000242129,-0.0015709089,-0.0031546710,9.7929868955,-0.0006272763,0.0000955887,0.0000109989
559012.7100242130,-0.0000668908,0.0032575040,9.7934346672,0.0004475300,0.0000413356,0.0000326941
559012.7200242130,-0.0014021392,-0.0054423661,9.7938996390,-0.0004969968,0.0000847381,0.0000326941
559012.7300242130,-0.0003640833,0.0027983255,9.7941995442,0.0001869709,0.0000738874,0.0000435417
559012.7400242130,-0.0007931320,-0.0045248423,9.7942000021,-0.0001387280,0.0000847381,0.0000326941
559012.7500242130,-0.0006733175,0.0038647634,9.7942025699,-0.0001387280,0.0000847381,0.0000326941
559012.7600242130,-0.0012616746,-0.0042211088,9.7929838697,0.0001869709,0.0000630368,0.0000109989
559012.7700242130,-0.0009677362,0.0005080595,9.7938985533,-0.0003884305,0.0000847381,0.0000326941
559012.7800242130,-0.0014319710,0.0012690266,9.7934451790,0.0003715336,0.0000738874,0.0000326941
559012.7900242130,-0.0014104107,-0.0026970204,9.7942059141,-0.0006381330,0.0000955887,0.0000326941
559012.8000242130,-0.0005203598,0.0018829554,9.7932853358,0.0004909565,0.0000521862,0.0000543893
559012.8100242130,0.0014948056,-0.0054304164,9.7937230232,-0.0005404233,0.0000630368,0.0000326941
559012.8200242131,-0.0017451976,0.0052330593,9.7943645887,0.0002955372,0.0000738874,0.0000326941
559012.8300242129,-0.0018548699,-0.0054445197,9.7945134842,-0.0002147244,0.0000738874,0.0000218465
559012.8400242130,0.0002550661,0.0014278761,9.7946513707,-0.0001387280,0.0000847381,0.0000326941
559012.8500242130,-0.0000436030,-0.0017760926,9.7938898945,0.0002629673,0.0000847381,0.0000326941
559012.8600242130,-0.0023418549,-0.0004124517,9.7932995143,-0.0005621366,0.0000955887,0.0000326941
559012.8700242130,-0.0021879581,0.0011130261,9.7942140017,0.0004909565,0.0000521862,0.0000218465
559012.8800242130,-0.0004875246,-0.0052860875,9.7938920963,-0.0006164197,0.0000738874,0.0000326941
559012.8900242130,0.0008484047,0.0041762089,9.7938850026,0.0004366733,0.0000304849,0.0000109989
559012.9000242130,-0.0009390655,-0.0055932949,9.7945058020,-0.0003667172,0.0001064393,0.0000218465
559012.9100242130,-0.0018996607,0.0041650928,9.7936028203,0.0000458347,0.0000847381,0.0000326941
559012.9200242130,0.0007340305,-0.0046711859,9.7943397547,0.0000024082,0.0000955887,0.0000326941
559012.9300242130,-0.0005069562,0.0018821915,9.7949629432,-0.0003558606,0.0000738874,0.0000326941
559012.9400242131,-0.0008184339,-0.0014735402,9.7925237899,0.0003823902,0.0000738874,0.0000326941
559012.9500242129,-0.0020265855,-0.0020892056,9.7937537388,-0.0006272763,0.0000738874,0.0000326941
559012.9600242130,-0.0008271856,0.0026442700,9.7934407318,0.0005018131,0.0000413356,0.0000326941
559012.9700242130,0.0007303176,-0.0052809464,9.7935769269,-0.0005512799,0.0001172899,0.0000326941
559012.9800242130,-0.0008257377,0.0050840757,9.7948144358,0.0003063938,0.0000738874,0.0000326941
559012.9900242130,-0.0026248841,-0.0057522138,9.7934521201,-0.0002798642,0.0000630368,0.0000435417
559013.0000242130,-0.0008211218,0.0023389384,9.7940506314,-0.0000627316,0.0000196343,0.0000326941
559013.0100242130,0.0014816601,-0.0026847930,9.7934192593,0.0001109745,0.0000847381,0.0000218465
559013.0200242130,-0.0018866012,0.0005045162,9.7934486364,-0.0003667172,0.0000847381,0.0000435417
559013.0300242130,-0.0031002217,0.0000416555,9.7940686161,0.0003823902,0.0000847381,0.0000435417
559013.0400242130,-0.0001913499,-0.0026919488,9.7940432545,-0.0005621366,0.0001064393,0.0000109989
559013.0500242140,0.0017629045,0.0031125499,9.7932668628,0.0004692432,0.0000847381,0.0000326941
559013.0600242140,-0.0014122814,-0.0031543929,9.7937481756,-0.0005838498,0.0001064393,0.0000218465
559013.0700242140,-0.0026551962,0.0023316434,9.7936083269,0.0003172504,0.0000196343,0.0000326941
559013.0800242140,-0.0001874149,-0.0061995124,9.7928215720,-0.0003341473,0.0000630368,0.0000326941
559013.0900242140,0.0011535032,0.0044824438,9.7940351144,0.0000566913,0.0000630368,0.0000218465
559013.1000242140,-0.0006441093,-0.0029990868,9.7945044504,0.0000349781,0.0000738874,0.0000326941
559013.1100242140,-0.0035564932,0.0012596478,9.7948355291,-0.0003884305,0.0001172899,0.0000109989
559013.1200242140,0.0001168379,-0.0019284108,9.7948036146,0.0004149601,0.0000847381,0.0000435417
559013.1300242140,0.0014847780,-0.0019225056,9.7941821569,-0.0006272763,0.0001064393,0.0000326941
559013.1400242141,-0.0002218340,0.0035620020,9.7932835657,0.0004800999,0.0000738874,0.0000543893
559013.1500242139,-0.0040085502,-0.0045372788,9.7927015480,-0.0005295667,0.0000304849,0.0000326941
559013.1600242140,-0.0012841955,0.0024898672,9.7934444683,0.0002955372,0.0000196343,0.0000218465
559013.1700242140,0.0022532870,-0.0046645860,9.7935645186,-0.0002472943,0.0000738874,0.0000435417
559013.1800242140,-0.0009819282,0.0050836587,9.7943581752,-0.0000193051,0.0000847381,0.0000218465
559013.1900242140,-0.0032373748,-0.0048396229,9.7936101233,0.0000241214,0.0000738874,0.0000435417
559013.2000242140,-0.0009659228,0.0003554632,9.7940509933,-0.0003232907,0.0000847381,0.0000326941
559013.2100242140,0.0007216233,-0.0005531675,9.7947991674,0.0003606769,0.0000955887,0.0000652368
559013.2200242140,-0.0006603727,-0.0010157508,9.7934377890,-0.0005621366,0.0001064393,0.0000218465
559013.2300242140,-0.0031104786,0.0011096911,9.7933065556,0.0004909565,0.0000738874,0.0000326941
559013.2400242140,-0.0015637986,-0.0052899784,9.7928334092,-0.0005838498,0.0000196343,0.0000218465
559013.2500242140,0.0009967179,0.0046345538,9.7935789236,0.0003715336,0.0000196343,0.0000218465
559013.2600242140,-0.0001860530,-0.0046746598,9.7937373281,-0.0003775739,0.0000955887,0.0000326941
559013.2700242141,-0.0038662937,0.0027835970,9.7949912739,0.0000458347,0.0000847381,0.0000326941
559013.2800242139,-0.0001836160,-0.0046747987,9.7940423476,-0.0000193051,0.0000955887,0.0000435417
559013.2900242140,0.0008586330,0.0028031889,9.7944944138,-0.0002472943,0.0001172899,0.0000218465
559013.3000242140,0.0001047675,-0.0007077789,9.7938891141,0.0002846805,0.0000738874,0.0000109989
559013.3100242140,-0.0023384001,-0.0025475508,9.7926884987,-0.0005295667,0.0000413356,0.0000326941
559013.3200242140,-0.0012795221,0.0003546987,9.7929859624,0.0004800999,0.0000087837,0.0000326941
559013.3300242140,0.0008745524,-0.0028399599,9.7937292840,-0.0006164197,0.0000630368,0.0000326941
559013.3400242140,-0.0008234441,0.0035590148,9.7943562089,0.0004149601,0.0000847381,0.0000326941
559013.3500242140,-0.0012423506,-0.0060521262,9.7945081303,-0.0004644269,0.0001389912,0.0000326941
559013.3600242140,-0.0012785831,0.0038619845,9.7948176839,0.0001869709,0.0001064393,0.0000109989
559013.3700242140,-0.0001896512,-0.0040644827,9.7935850974,-0.0001061581,0.0000630368,0.0000326941
559013.3800242140,0.0000872855,0.0012756266,9.7926699428,-0.0002472943,0.0000196343,0.0000326941
559013.3900242141,-0.0009564901,-0.0029999207,9.7935919294,0.0002955372,0.0000087837,0.0000435417
559013.4000242139,-0.0026389614,0.0000433230,9.7945223391,-0.0005621366,0.0001389912,0.0000218465
559013.4100242140,0.0011653729,0.0011269211,9.7938810700,0.0004800999,0.0001064393,0.0000543893
559013.4200242140,0.0005790299,-0.0049766567,9.7938833547,-0.0006489896,0.0001172899,0.0000435417
559013.4300242140,-0.0026556764,0.0037041079,9.7942189938,0.0004475300,0.0000087837,0.0000218465
559013.4400242140,-0.0017169284,-0.0051380767,9.7928347477,-0.0003992871,0.0000087837,0.0000435417
559013.4500242140,-0.0000680233,0.0041725266,9.7937401052,0.0000892612,0.0000413356,0.0000326941
559013.4600242140,0.0007413415,-0.0046716026,9.7952548133,-0.0000301617,0.0001281405,0.0000326941
559013.4700242140,-0.0023343718,0.0014170380,9.7951304685,-0.0003015774,0.0001498418,0.0000435417
559013.4800242140,-0.0020314308,-0.0017839434,9.7932963491,0.0003281071,0.0000738874,0.0000326941
559013.4900242140,-0.0002021731,-0.0011664019,9.7934339130,-0.0005621366,0.0000304849,0.0000218465
559013.5000242140,-0.0000585906,0.0008171428,9.7932810413,0.0005235264,0.0000304849,0.0000218465
559013.5100242140,-0.0017114308,-0.0049858970,9.7935973662,-0.0005947064,0.0000413356,0.0000218465
559013.5200242141,-0.0014389667,0.0046242716,9.7942092624,0.0003823902,0.0000955887,0.0000435417
559013.5300242139,-0.0001751725,-0.0055902380,9.7946519681,-0.0003992871,0.0001389912,0.0000326941
559013.5400242140,0.0003997811,0.0024963981,9.7941930610,0.0000566913,0.0000847381,0.0000435417
559013.5500242140,-0.0004923413,-0.0046758409,9.7935873558,0.0000132648,0.0000413356,0.0000218465
559013.5600242140,-0.0034148388,0.0021758512,9.7939196204,-0.0002798642,0.0000413356,0.0000218465
559013.5700242140,-0.0017268986,-0.0010201972,9.7935991799,0.0003715336,0.0000087837,0.0000326941
559013.5800242140,0.0011832777,-0.0028389176,9.7941842758,-0.0006381330,0.0000738874,0.0000109989
559013.5900242140,0.0008622025,0.0018880274,9.7944939953,0.0005343830,0.0001498418,0.0000543893
559013.6000242140,-0.0023196709,-0.0042260413,9.7942128290,-0.0005947064,0.0001498418,0.0000218465
559013.6100242140,-0.0014414323,0.0043194261,9.7937515936,0.0003281071,0.0000196343,0.0000435417
559013.6200242140,0.0021061637,-0.0054279847,9.7938704580,-0.0003232907,0.0000304849,0.0000218465
559013.6300242140,-0.0009785594,0.0020336064,9.7932892118,0.0000892612,0.0000304849,0.0000218465
559013.6400242141,-0.0024734244,-0.0042265971,9.7940615880,-0.0000518750,0.0000955887,0.0000326941
559013.6500242139,-0.0017338369,0.0029450166,9.7946685618,-0.0002690076,0.0001389912,0.0000326941
559013.6600242140,0.0014853443,-0.0023800169,9.7940294379,0.0002955372,0.0000738874,0.0000326941
559013.6700242140,-0.0001937582,-0.0023868255,9.7938908842,-0.0005512799,0.0000738874,0.0000435417
559013.6800242140,-0.0029584239,0.0024827808,9.7939159537,0.0005343830,-0.0000020669,0.0000218465
559013.6900242140,-0.0004966204,-0.0048280901,9.7929772470,-0.0006272763,0.0000738874,0.0000218465
559013.7000242140,0.0010082220,0.0038714331,9.7946461431,0.0004041035,0.0000738874,0.0000326941
559013.7100242140,-0.0000238561,-0.0055895432,9.7944981896,-0.0003992871,0.0001606924,0.0000218465
559013.7200242140,-0.0020466693,0.0046216316,9.7945193569,0.0000458347,0.0000738874,0.0000326941
559013.7300242140,-0.0014087119,-0.0040695544,9.7937477570,-0.0000193051,0.0000413356,0.0000435417
559013.7400242140,0.0005491407,0.0011247672,9.7931235961,-0.0002907208,0.0000738874,0.0000326941
559013.7500242140,-0.0000448215,-0.0017760231,9.7937373847,0.0003715336,0.0000413356,0.0000218465
559013.7600242140,-0.0026378576,-0.0011766840,9.7940642518,-0.0005729932,0.0001389912,0.0000435417
559013.7700242141,-0.0014331035,0.0021840492,9.7937506170,0.0005235264,0.0000196343,0.0000218465
559013.7800242139,0.0010342263,-0.0046696576,9.7937271782,-0.0006164197,0.0000738874,0.0000218465
559013.7900242140,-0.0008234441,0.0035590148,9.7943562089,0.0003823902,0.0000847381,0.0000326941
559013.8000242140,-0.0015631176,-0.0045275521,9.7932912872,-0.0003884305,0.0000738874,0.0000435417
559013.8100242140,-0.0006715041,0.0037121670,9.7943550100,0.0000566913,0.0000738874,0.0000435417
559013.8200242140,-0.0007919995,-0.0054398650,9.7938945640,0.0000241214,0.0000847381,0.0000326941
559013.8300242140,-0.0002111255,0.0008165175,9.7932823101,-0.0002907208,0.0000738874,0.0000109989
559013.8400242140,-0.0014308099,0.0006589884,9.7932923902,0.0003715336,0.0000738874,0.0000218465
559013.8500242140,-0.0017202685,-0.0017830401,9.7940563604,-0.0005947064,0.0000738874,0.0000435417
559013.8600242140,-0.0006638562,0.0008143639,9.7938961553,0.0004583866,0.0000847381,0.0000326941
559013.8700242140,-0.0004868724,-0.0048286456,9.7941973251,-0.0005729932,0.0000847381,0.0000218465
559013.8800242140,-0.0014456828,0.0044721613,9.7932941341,0.0003823902,0.0000413356,0.0000435417
559013.8900242141,-0.0012465437,-0.0052894222,9.7943559693,-0.0003775739,0.0001064393,0.0000326941
559013.9000242139,-0.0015879894,0.0030985160,9.7939048141,0.0000892612,0.0000738874,0.0000218465
559013.9100242140,-0.0001860530,-0.0046746598,9.7937373281,-0.0000193051,0.0000413356,0.0000109989
559013.9200242140,-0.0006649600,0.0020343709,9.7943542426,-0.0002472943,0.0000847381,0.0000326941
559013.9300242140,-0.0000484484,-0.0014708304,9.7934325047,0.0002303974,0.0000738874,0.0000435417
559013.9400242140,-0.0015737974,-0.0014770832,9.7934451921,-0.0005078534,0.0000955887,0.0000218465
559013.9500242140,-0.0009743950,0.0009659180,9.7932887235,0.0004909565,0.0000304849,0.0000326941
559013.9600242140,-0.0009467994,-0.0036104450,9.7945067089,-0.0006272763,0.0001064393,0.0000218465
559013.9700242140,-0.0002193397,0.0041718319,9.7938938837,0.0004692432,0.0000521862,0.0000109989
559013.9800242140,-0.0007902435,-0.0062024301,9.7937417055,-0.0004427136,0.0000738874,0.0000326941
559013.9900242140,-0.0009777351,0.0043209547,9.7945103362,0.0000892612,0.0000738874,0.0000218465
559014.0000242140,-0.0001884327,-0.0040645522,9.7937376071,-0.0000084485,0.0000738874,0.0000435417
559014.0100242140,-0.0003611087,0.0020356909,9.7941991954,-0.0003341473,0.0000955887,0.0000326941
559014.0200242141,-0.0004993656,-0.0016255804,9.7941987900,0.0004475300,0.0000738874,0.0000218465
559014.0300242139,-0.0020271804,-0.0019366786,9.7937538086,-0.0006381330,0.0000847381,0.0000218465
559014.0400242140,-0.0012811348,0.0026421858,9.7939020673,0.0004909565,0.0000521862,0.0000218465
559014.0500242140,0.0004312830,-0.0058925129,9.7940367146,-0.0005621366,0.0000738874,0.0000326941
559014.0600242140,-0.0011333306,0.0041680108,9.7940540059,0.0002846805,0.0000738874,0.0000218465
559014.0700242140,-0.0020110030,-0.0048349678,9.7943625222,-0.0001930112,0.0000738874,0.0000218465
559014.0800242140,-0.0015873372,0.0035559579,9.7942100429,-0.0001278714,0.0000738874,0.0000218465
559014.0900242140,0.0011808407,-0.0028387788,9.7938792563,0.0002086841,0.0000738874,0.0000218465
559014.1000242140,-0.0002044667,0.0003586590,9.7938921398,-0.0004644269,0.0000847381,0.0000326941
559014.1100242140,-0.0023441486,0.0011126091,9.7937577412,0.0004583866,0.0000521862,0.0000326941
559014.1200242140,0.0002642694,-0.0043673830,9.7929711126,-0.0006381330,0.0000847381,0.0000435417
559014.1300242150,0.0007036611,0.0028027025,9.7941906630,0.0004692432,0.0000738874,0.0000326941
559014.1400242150,-0.0021665985,-0.0049879117,9.7939061919,-0.0004969968,0.0000847381,0.0000435417
559014.1500242150,-0.0018991231,0.0034025970,9.7932974520,0.0001978275,0.0000413356,0.0000218465
559014.1600242150,0.0010360970,-0.0042122852,9.7941849168,-0.0001170148,0.0000847381,0.0000218465
559014.1700242150,-0.0012811062,0.0029471702,9.7940547166,-0.0001821545,0.0000738874,0.0000218465
559014.1800242150,-0.0004965344,-0.0039131369,9.7934351949,0.0002303974,0.0000738874,0.0000326941
559014.1900242150,-0.0011167303,-0.0007127117,9.7937467542,-0.0005295667,0.0000738874,0.0000435417
559014.2000242150,0.0004081673,0.0009709900,9.7944973829,0.0004475300,0.0000738874,0.0000218465
559014.2100242150,-0.0006508827,-0.0037611658,9.7932840236,-0.0006272763,0.0000847381,0.0000218465
559014.2200242151,-0.0003610227,0.0029506441,9.7946571432,0.0004583866,0.0000738874,0.0000218465
559014.2300242150,-0.0004875246,-0.0052860875,9.7938920963,-0.0004535703,0.0000738874,0.0000326941
559014.2400242150,-0.0008295080,0.0038643464,9.7937463094,0.0001761142,0.0000413356,0.0000218465
559014.2500242150,-0.0001837020,-0.0055897519,9.7935843998,-0.0001170148,0.0000847381,0.0000326941
559014.2600242150,-0.0009724382,0.0023382437,9.7942044099,-0.0002255810,0.0000847381,0.0000326941
559014.2700242150,-0.0009576513,-0.0023898825,9.7937447181,0.0002629673,0.0000630368,0.0000435417
559014.2800242150,-0.0002008686,-0.0002515181,9.7940443706,-0.0005404233,0.0000955887,0.0000326941
559014.2900242150,-0.0008200180,0.0011189313,9.7935925440,0.0005018131,0.0000738874,0.0000326941
559014.3000242150,-0.0007919422,-0.0048298962,9.7941998626,-0.0006381330,0.0000738874,0.0000326941
559014.3100242150,-0.0003712796,0.0040186797,9.7938950827,0.0004149601,0.0000521862,0.0000326941
559014.3200242150,-0.0007925658,-0.0049823537,9.7940472831,-0.0003992871,0.0001064393,0.0000218465
559014.3300242150,-0.0017471544,0.0038607336,9.7934489023,0.0000675479,0.0000630368,0.0000218465
559014.3400242151,-0.0003415625,-0.0039126505,9.7937389456,-0.0000193051,0.0000738874,0.0000326941
559014.3500242149,-0.0005173278,0.0017302896,9.7935902856,-0.0002690076,0.0000847381,0.0000326941
559014.3600242150,-0.0008020558,-0.0022369386,9.7942010484,0.0002955372,0.0000738874,0.0000326941
559014.3700242150,-0.0008067864,-0.0007117388,9.7943542558,-0.0005295667,0.0000738874,0.0000109989
559014.3800242150,-0.0011232170,0.0015750532,9.7940528201,0.0004583866,0.0000738874,0.0000326941
559014.3900242150,-0.0000328945,-0.0045215771,9.7938886389,-0.0006272763,0.0000738874,0.0000326941
559014.4000242150,-0.0000662959,0.0031049771,9.7934345974,0.0004149601,0.0000738874,0.0000326941
559014.4100242150,-0.0021768841,-0.0042248605,9.7929914822,-0.0004427136,0.0000847381,0.0000218465
559014.4200242150,-0.0006775966,0.0037125142,9.7935924612,0.0001761142,0.0000738874,0.0000109989
559014.4300242150,0.0002775009,-0.0061980532,9.7937328243,-0.0000953015,0.0000738874,0.0000435417
559014.4400242150,-0.0015843052,0.0034032921,9.7945149926,-0.0001604413,0.0000847381,0.0000326941
559014.4500242150,-0.0032528713,-0.0011789074,9.7934592877,0.0001869709,0.0000738874,0.0000326941
559014.4600242150,-0.0003570877,-0.0005569195,9.7934354608,-0.0004861401,0.0000738874,0.0000326941
559014.4700242151,0.0002590872,-0.0011647343,9.7938876361,0.0004366733,0.0000847381,0.0002496459
559014.4800242150,-0.0021725476,-0.0034626425,9.7939068895,-0.0006272763,0.0001064393,0.0009113492
559014.4900242150,-0.0034129967,0.0023282392,9.7942247097,0.0004692432,0.0000521862,0.0025818786
559014.5000242150,-0.0021606493,-0.0065131809,9.7939054944,-0.0005512799,0.0000738874,0.0042849508
559014.5100242150,-0.0008152013,0.0005086848,9.7938972845,0.0001869709,0.0000738874,0.0056734427
559014.5200242150,-0.0021630290,-0.0059030732,9.7939057734,-0.0002472943,0.0000738874,0.0067907449
559014.5300242150,-0.0006697480,0.0029496019,9.7942021514,-0.0001604413,0.0000738874,0.0076260096
559014.5400242150,-0.0011042657,-0.0042207613,9.7935926400,0.0000566913,0.0000738874,0.0082985604
559014.5500242150,-0.0018818705,-0.0010206836,9.7932954291,-0.0005078534,0.0000738874,0.0093399294
559014.5600242150,0.0002590872,-0.0011647343,9.7938876361,0.0003606769,0.0000738874,0.0099473946
559014.5700242150,-0.0012488947,-0.0043743301,9.7945088976,-0.0007141294,0.0001064393,0.0107609641
559014.5800242150,-0.0032634651,0.0027865147,9.7940711404,0.0003606769,0.0000413356,0.0115962288
559014.5900242151,-0.0007878065,-0.0062025690,9.7940467250,-0.0006164197,0.0000847381,0.0123447128
559014.6000242149,-0.0017381160,0.0027927675,9.7940584531,0.0000892612,0.0000630368,0.0135054053
559014.6100242150,-0.0017108072,-0.0048334395,9.7937499457,-0.0002472943,0.0000847381,0.0144166032
559014.6200242150,-0.0031061995,0.0012619402,9.7939166644,-0.0002798642,0.0000738874,0.0152084775
559014.6300242150,-0.0020224211,-0.0031568940,9.7937532505,0.0001001178,0.0000630368,0.0162715417
559014.6400242150,-0.0003517047,-0.0016246773,9.7935874822,-0.0006055631,0.0000738874,0.0170417208
559014.6500242150,-0.0008152586,-0.0001012840,9.7935919860,0.0003281071,0.0000738874,0.0178227476
559014.6600242150,-0.0023190760,-0.0043785682,9.7942127592,-0.0008226957,0.0000738874,0.0188966593
559014.6700242150,-0.0020420246,0.0021814787,9.7939082017,0.0002955372,0.0000738874,0.0195583625
559014.6800242150,-0.0010940948,-0.0062037501,9.7938967527,-0.0006598462,0.0000847381,0.0205671888
559014.6900242150,-0.0009748465,0.0026433669,9.7940520396,0.0000784046,0.0000630368,0.0215868625
559014.7000242150,-0.0014021105,-0.0051373817,9.7940522883,-0.0003341473,0.0000955887,0.0221400898
559014.7100242150,-0.0027968506,0.0014154400,9.7945242357,-0.0003558606,0.0000630368,0.0231923064
559014.7200242151,0.0008697070,-0.0025346977,9.7932718943,0.0000132648,0.0000196343,0.0240709615
559014.7300242150,-0.0009575939,-0.0017799137,9.7940500167,-0.0007684125,0.0001172899,0.0246784267
559014.7400242150,-0.0032570070,0.0001937654,9.7936124253,0.0003172504,0.0000738874,0.0259150524
559014.7500242150,-0.0017077466,-0.0046811209,9.7942075448,-0.0008552655,0.0000738874,0.0266418412
559014.7600242150,0.0008561386,0.0021933589,9.7938840957,0.0001869709,0.0000738874,0.0274988011
559014.7700242150,0.0004374329,-0.0052828913,9.7951045620,-0.0005947064,0.0001172899,0.0287896647
559014.7800242150,-0.0038827578,0.0026320422,9.7928560676,-0.0001712979,0.0000521862,0.0292344160
559014.7900242150,-0.0010983165,-0.0057460305,9.7935919425,-0.0002690076,0.0000738874,0.0299395096
559014.8000242150,-0.0011202138,0.0011174030,9.7942051205,-0.0005295667,0.0000847381,0.0309917262
559014.8100242150,-0.0000448215,-0.0017760231,9.7937373847,0.0000566913,0.0000738874,0.0316534294
559014.8200242150,-0.0037081537,-0.0024008597,9.7931575164,-0.0008552655,0.0000955887,0.0326839508
559014.8300242150,-0.0011135837,0.0003545601,9.7946623010,0.0002846805,0.0000630368,0.0337036246
559014.8400242151,0.0001232386,-0.0051311289,9.7940396009,-0.0008769788,0.0000847381,0.0342785471
559014.8500242149,-0.0023445714,0.0030950424,9.7946737066,0.0000458347,0.0000738874,0.0355260203
559014.8600242150,-0.0020104654,-0.0055974635,9.7940571539,-0.0006489896,0.0000955887,0.0363829802
559014.8700242150,-0.0015839110,0.0011158744,9.7934463780,-0.0002364377,0.0000738874,0.0371206166
559014.8800242150,-0.0017119397,-0.0039184169,9.7940553838,-0.0002472943,0.0000630368,0.0381077476
559014.8900242150,-0.0011256827,0.0012702077,9.7935951513,-0.0007141294,0.0000955887,0.0386826701
559014.9000242150,-0.0018777061,-0.0020883720,9.7932949408,0.0001109745,0.0000630368,0.0396481059
559014.9100242150,-0.0024764563,-0.0040739313,9.7937566382,-0.0009421186,0.0000955887,0.0407654080
559014.9200242150,-0.0008247773,0.0023391467,9.7935931021,0.0001652576,0.0000738874,0.0413728733
559014.9300242150,-0.0004893381,-0.0051334911,9.7937396563,-0.0009312620,0.0000847381,0.0423274615
559014.9400242150,-0.0026514833,0.0029414038,9.7943711548,-0.0000735882,0.0000630368,0.0433362877
559014.9500242150,-0.0010934425,-0.0057463082,9.7942019815,-0.0005295667,0.0000847381,0.0438461246
559014.9600242150,-0.0018864865,0.0017244538,9.7940592335,-0.0005187100,0.0000738874,0.0449200364
559014.9700242151,-0.0012621262,-0.0025436599,9.7937471859,-0.0000627316,0.0000630368,0.0458746246
559014.9800242150,-0.0012620975,-0.0022386755,9.7938998351,-0.0009746885,0.0001064393,0.0465037850
559014.9900242150,-0.0018860063,0.0003519893,9.7934485667,0.0001435444,0.0000521862,0.0476427824
559015.0000242150,-0.0018573356,-0.0057493652,9.7940558154,-0.0010289716,0.0000738874,0.0483587236
559015.0100242150,-0.0009874258,0.0049314790,9.7935955567,0.0000024082,0.0000738874,0.0489878840
559015.0200242150,-0.0010934425,-0.0057463082,9.7942019815,-0.0007141294,0.0000847381,0.0501919669
559015.0300242150,-0.0021928321,0.0011133039,9.7936039627,-0.0004318570,0.0000955887,0.0509838412
559015.0400242150,-0.0017161614,-0.0034606973,9.7937505735,-0.0003232907,0.0000738874,0.0520143626
559015.0500242150,-0.0001995640,0.0006633656,9.7946548281,-0.0008444089,0.0000955887,0.0529797984
559015.0600242150,-0.0005042110,-0.0013203182,9.7937414002,-0.0000301617,0.0000738874,0.0533377690
559015.0700242150,-0.0032331530,-0.0052973425,9.7939149336,-0.0010941114,0.0000847381,0.0543791380
559015.0800242150,-0.0026514833,0.0029414038,9.7943711548,0.0001001178,0.0000521862,0.0554855925
559015.0900242151,-0.0008028514,-0.0042193024,9.7931325733,-0.0009964017,0.0000955887,0.0561147530
559015.1000242149,-0.0008235014,0.0029490460,9.7940509104,-0.0002255810,0.0000847381,0.0571778171
559015.1100242150,-0.0010928763,-0.0062038195,9.7940492625,-0.0005947064,0.0000738874,0.0580130819
559015.1200242150,-0.0018810175,0.0015716491,9.7946692028,-0.0007466993,0.0000738874,0.0588266514
559015.1300242150,-0.0001973277,-0.0014716640,9.7938913028,-0.0001495846,0.0000847381,0.0598354776
559015.1400242150,0.0004139731,-0.0020792011,9.7937334390,-0.0011266813,0.0000847381,0.0603995524
559015.1500242150,-0.0011208947,0.0003549768,9.7937472425,0.0000349781,0.0000847381,0.0612456647
559015.1600242150,-0.0021581836,-0.0062083354,9.7943631632,-0.0010506849,0.0000955887,0.0624822904
559015.1700242150,-0.0011393945,0.0044733424,9.7934441064,-0.0001821545,0.0000630368,0.0631006033
559015.1800242150,-0.0021696017,-0.0045302615,9.7937538915,-0.0008444089,0.0000955887,0.0640768867
559015.1900242150,-0.0015814167,0.0017257043,9.7940566960,-0.0005187100,0.0000738874,0.0649121514
559015.2000242160,-0.0015582723,-0.0048328142,9.7937486770,-0.0005512799,0.0000847381,0.0655413118
559015.2100242160,-0.0012703403,0.0008116545,9.7943587595,-0.0007792691,0.0000738874,0.0667020043
559015.2200242160,-0.0009611921,-0.0011697366,9.7938977859,-0.0003341473,0.0000630368,0.0676348974
559015.2300242160,-0.0003468307,-0.0016249551,9.7941975212,-0.0009746885,0.0001064393,0.0682640578
559015.2400242160,-0.0011197622,-0.0005600459,9.7934418044,-0.0001170148,0.0000738874,0.0692945792
559015.2500242160,-0.0015666298,-0.0030024218,9.7935970043,-0.0012026777,0.0000955887,0.0700864535
559015.2600242160,-0.0012762895,0.0023369237,9.7943594571,-0.0001061581,0.0000738874,0.0709325658
559015.2700242160,-0.0003338573,-0.0062004848,9.7935853895,-0.0010615415,0.0000955887,0.0720498680
559015.2800242160,-0.0017405243,0.0030978907,9.7939060828,-0.0004101437,0.0000738874,0.0726573332
559015.2900242161,-0.0021629716,-0.0052931044,9.7942110719,-0.0006707028,0.0000955887,0.0736227690
559015.3000242159,-0.0006673684,0.0023394942,9.7942018724,-0.0008335523,0.0000630368,0.0746099001
559015.3100242160,-0.0008050877,-0.0020842728,9.7938960987,-0.0003341473,0.0001064393,0.0751739749
559015.3200242160,-0.0009527773,-0.0023901602,9.7943547572,-0.0011592512,0.0000955887,0.0762044963
559015.3300242160,-0.0026497846,0.0015688699,9.7939129977,-0.0001495846,0.0000413356,0.0771265418
559015.3400242160,-0.0018626898,-0.0043766229,9.7940564432,-0.0012569608,0.0000847381,0.0778858733
559015.3500242160,-0.0008241250,0.0027965886,9.7938983309,-0.0001930112,0.0000847381,0.0790465658
559015.3600242160,0.0002733365,-0.0051303648,9.7937333126,-0.0010615415,0.0000847381,0.0797191166
559015.3700242160,-0.0015837390,0.0029457808,9.7943622736,-0.0004969968,0.0000847381,0.0802398011
559015.3800242160,-0.0027780140,-0.0056003122,9.7934534586,-0.0007358426,0.0000847381,0.0814655792
559015.3900242160,-0.0000578810,0.0018845534,9.7938915687,-0.0009204053,0.0000738874,0.0822032156
559015.4000242160,-0.0003523570,-0.0020821192,9.7932822534,-0.0004210004,0.0000521862,0.0830384803
559015.4100242160,-0.0009582175,-0.0019323711,9.7938974372,-0.0012135343,0.0001172899,0.0841883252
559015.4200242159,-0.0021892340,0.0005031267,9.7937561934,-0.0001821545,0.0000521862,0.0848283332
559015.4300242160,-0.0020122215,-0.0048348984,9.7942100125,-0.0013003873,0.0000847381,0.0858263118
559015.4400242160,-0.0002175549,0.0037142512,9.7938936745,-0.0002581509,0.0000955887,0.0867266621
559015.4500242160,-0.0007955404,-0.0042197191,9.7940476318,-0.0011483945,0.0001064393,0.0874317557
559015.4600242160,-0.0038669746,0.0020211707,9.7945333959,-0.0006707028,0.0000630368,0.0885599054
559015.4700242160,-0.0023287954,-0.0040730283,9.7931453304,-0.0007032727,0.0000738874,0.0894168653
559015.4800242160,0.0005595410,0.0015816535,9.7946489030,-0.0010615415,0.0001172899,0.0901761969
559015.4900242160,-0.0008074674,-0.0014741651,9.7938963777,-0.0003775739,0.0000738874,0.0911633279
559015.5000242160,-0.0012645919,-0.0028485055,9.7932895171,-0.0013112440,0.0000955887,0.0917490979
559015.5100242160,-0.0012720964,0.0015742196,9.7945116181,-0.0002472943,0.0000847381,0.0926494482
559015.5200242160,-0.0018633134,-0.0045290804,9.7939038637,-0.0013546705,0.0000738874,0.0937992931
559015.5300242160,0.0003950217,0.0037166134,9.7941936190,-0.0003992871,0.0000847381,0.0944393012
559015.5400242161,-0.0018585254,-0.0054443113,9.7940559550,-0.0011483945,0.0001064393,0.0953504990
559015.5500242159,-0.0011243495,0.0024900759,9.7943582581,-0.0007466993,0.0000630368,0.0964352584
559015.5600242160,-0.0011079212,-0.0042205530,9.7931351108,-0.0006489896,0.0000738874,0.0970318760
559015.5700242160,-0.0006657557,0.0000520071,9.7932857675,-0.0012678175,0.0001064393,0.0980190070
559015.5800242160,-0.0002015208,-0.0007089600,9.7937391418,-0.0003124341,0.0000738874,0.0989085097
559015.5900242160,-0.0012616746,-0.0042211088,9.7929838697,-0.0014740934,0.0001064393,0.0995485177
559015.6000242160,-0.0017398721,0.0035553326,9.7942113116,-0.0003558606,0.0000847381,0.1006983627
559015.6100242160,0.0004241440,-0.0040621899,9.7940375517,-0.0012678175,0.0000738874,0.1014468466
559015.6200242160,-0.0005178941,0.0021878009,9.7937430046,-0.0006815595,0.0000955887,0.1020760071
559015.6300242160,-0.0018566833,-0.0052919233,9.7943610442,-0.0008986921,0.0000738874,0.1033885659
559015.6400242160,-0.0021933697,0.0018757996,9.7939093310,-0.0011049680,0.0000738874,0.1040394215
559015.6500242160,-0.0017172652,-0.0022406902,9.7942086609,-0.0005512799,0.0000847381,0.1050699429
559015.6600242160,-0.0009563468,-0.0014749987,9.7943551757,-0.0013980970,0.0000955887,0.1060896167
559015.6700242159,-0.0015802842,0.0008106817,9.7937512580,-0.0004535703,0.0000847381,0.1065343680
559015.6800242160,-0.0015599997,-0.0037652647,9.7940541848,-0.0014740934,0.0000738874,0.1076299750
559015.6900242160,-0.0014361354,0.0023367150,9.7934456673,-0.0003992871,0.0000847381,0.1085411728
559015.7000242160,-0.0001933067,-0.0040642744,9.7931275681,-0.0013438139,0.0001064393,0.1091920285
559015.7100242160,-0.0006727800,0.0031022677,9.7938972017,-0.0007575559,0.0000738874,0.1100923787
559015.7200242160,0.0001213965,-0.0052835169,9.7937345116,-0.0009855451,0.0001064393,0.1109710338
559015.7300242160,-0.0008133592,0.0006610728,9.7942023738,-0.0011266813,0.0001064393,0.1117303654
559015.7400242160,-0.0015719840,-0.0016296795,9.7935976321,-0.0006272763,0.0000738874,0.1130320766
559015.7500242160,-0.0003558692,-0.0005569889,9.7935879705,-0.0014958067,0.0000847381,0.1136829322
559015.7600242160,-0.0012685556,0.0003540737,9.7943585503,-0.0004210004,0.0000738874,0.1144205686
559015.7700242160,-0.0007950315,-0.0052871992,9.7935896143,-0.0015175199,0.0001064393,0.1155487183
559015.7800242160,-0.0003719032,0.0038662222,9.7937425032,-0.0005078534,0.0000738874,0.1162755071
559015.7900242161,-0.0003380217,-0.0051327964,9.7935858778,-0.0013763838,0.0001064393,0.1172626381
559015.8000242159,-0.0006691818,0.0024920906,9.7940494324,-0.0008986921,0.0000738874,0.1180870552
559015.8100242160,-0.0004922840,-0.0040658722,9.7938926544,-0.0009204053,0.0000847381,0.1188138440
559015.8200242160,-0.0017357937,0.0015726910,9.7937528755,-0.0013112440,0.0000847381,0.1198769081
559015.8300242160,-0.0006566885,-0.0007109747,9.7940479675,-0.0006381330,0.0000738874,0.1207989536
559015.8400242160,-0.0001967328,-0.0016241909,9.7938912330,-0.0015718031,0.0000955887,0.1215040472
559015.8500242160,-0.0018883859,0.0009620969,9.7934488457,-0.0004861401,0.0000955887,0.1226105017
559015.8600242160,-0.0000347366,-0.0046739651,9.7935835496,-0.0016043730,0.0001064393,0.1233372905
559015.8700242160,0.0002400785,0.0040211114,9.7940425175,-0.0006055631,0.0000738874,0.1240640793
559015.8800242160,-0.0003446231,-0.0040649691,9.7932813466,-0.0013980970,0.0001064393,0.1251162959
559015.8900242160,-0.0003623559,0.0017307760,9.7938940364,-0.0009855451,0.0000955887,0.1258105418
559015.9000242160,-0.0020170381,-0.0042246518,9.7939052720,-0.0009638318,0.0000630368,0.1268085205
559015.9100242160,-0.0011273814,0.0026427417,9.7940533084,-0.0013763838,0.0000847381,0.1277739563
559015.9200242159,0.0004038021,-0.0000962123,9.7934293263,-0.0007032727,0.0000955887,0.1281536221
559015.9300242160,-0.0018729468,-0.0033085873,9.7932943828,-0.0016912260,0.0000847381,0.1292275338
559015.9400242160,-0.0009628908,0.0002027974,9.7943559430,-0.0004861401,0.0000955887,0.1303122932
559015.9500242160,-0.0006424105,-0.0043716207,9.7940462934,-0.0016369429,0.0001064393,0.1311584055
559015.9600242160,-0.0011429353,0.0056934883,9.7935971742,-0.0007575559,0.0000738874,0.1322648600
559015.9700242160,-0.0010958222,-0.0051362006,9.7942022605,-0.0013438139,0.0001064393,0.1329808012
559015.9800242160,-0.0008193944,0.0012713888,9.7937451236,-0.0011918211,0.0000955887,0.1334797905
559015.9900242160,-0.0011095626,-0.0022380503,9.7938985664,-0.0009204053,0.0000738874,0.1347815018
559016.0000242160,-0.0002014061,0.0005109776,9.7943497389,-0.0016260862,0.0001064393,0.1354649001
559016.0100242160,-0.0000549638,0.0005119501,9.7935859213,-0.0005947064,0.0000847381,0.1364303360
559016.0200242160,-0.0018591777,-0.0059017532,9.7937507262,-0.0017889357,0.0001172899,0.1373523814
559016.0300242160,-0.0009819855,0.0044736899,9.7940528767,-0.0006055631,0.0000738874,0.1380357798
559016.0400242161,0.0007309412,-0.0051284889,9.7937295064,-0.0015718031,0.0001064393,0.1390554536
559016.0500242159,-0.0006715901,0.0027972138,9.7938970621,-0.0010723981,0.0000847381,0.1398907183
559016.0600242160,-0.0007967015,-0.0036096808,9.7942004206,-0.0011158246,0.0000955887,0.1405090312
559016.0700242160,-0.0023405217,0.0008074164,9.7940626212,-0.0015718031,0.0001064393,0.1415937905
559016.0800242160,-0.0002032482,0.0003585896,9.7940446496,-0.0007141294,0.0000630368,0.1425375312
559016.0900242160,-0.0003390968,-0.0036078050,9.7941966144,-0.0017889357,0.0001281405,0.1433619483
559016.1000242160,-0.0005118015,0.0021874537,9.7945055534,-0.0006381330,0.0001064393,0.1444358601
559016.1100242160,-0.0004983192,-0.0034555562,9.7934354041,-0.0017129393,0.0001281405,0.1450975633
559016.1200242160,-0.0006727513,0.0034072521,9.7940498509,-0.0008986921,0.0000738874,0.1459328280
559016.1300242160,0.0001279979,-0.0063513442,9.7940390428,-0.0014632368,0.0001064393,0.1470067397
559016.1400242160,0.0000892710,0.0029529366,9.7937382785,-0.0012352476,0.0001064393,0.1475599670
559016.1500242160,-0.0015660062,-0.0028499643,9.7937495838,-0.0011266813,0.0000738874,0.1484928601
559016.1600242160,-0.0008218027,0.0015765121,9.7935927533,-0.0015609465,0.0000955887,0.1495776194
559016.1700242159,0.0008661949,-0.0010095674,9.7935776113,-0.0008226957,0.0001064393,0.1503261034
559016.1800242160,-0.0001907837,-0.0031494601,9.7938905354,-0.0017997923,0.0001064393,0.1513891676
559016.1900242160,-0.0005184316,0.0029502966,9.7940483729,-0.0007792691,0.0000738874,0.1522244323
559016.2000242160,-0.0004928502,-0.0036083608,9.7940453734,-0.0018323622,0.0001064393,0.1528752879
559016.2100242160,0.0007053885,0.0017351529,9.7938851552,-0.0008552655,0.0000847381,0.1539383520
559016.2200242160,-0.0003415912,-0.0042176349,9.7935862964,-0.0016043730,0.0000847381,0.1545675125
559016.2300242160,-0.0008258524,0.0038641381,9.7942038387,-0.0012026777,0.0001064393,0.1551641301
559016.2400242160,-0.0009493511,-0.0048302437,9.7935910923,-0.0012786741,0.0000738874,0.1565309269
559016.2500242160,-0.0005113787,0.0002050204,9.7935895880,-0.0016152296,0.0000955887,0.1572902585
559016.2600242160,-0.0005029351,-0.0007104189,9.7941992085,-0.0009312620,0.0001172899,0.1582231515
559016.2700242170,0.0001036063,-0.0000977406,9.7940419028,-0.0018540754,0.0001172899,0.1593079109
559016.2800242170,0.0010153610,0.0020411101,9.7946453060,-0.0008226957,0.0000847381,0.1598394430
559016.2900242170,0.0007364101,-0.0052812936,9.7943394757,-0.0018540754,0.0001281405,0.1607614884
559016.3000242170,-0.0008295080,0.0038643464,9.7937463094,-0.0009095487,0.0000847381,0.1617486194
559016.3100242170,-0.0007985436,-0.0037620689,9.7938953314,-0.0017346525,0.0000955887,0.1624103226
559016.3200242170,0.0000851066,0.0040206250,9.7937387667,-0.0013221006,0.0000847381,0.1635493200
559016.3300242170,0.0005778114,-0.0049765873,9.7937308449,-0.0012678175,0.0000847381,0.1642761087
559016.3400242170,0.0000994132,0.0006649634,9.7938897419,-0.0017563658,0.0001172899,0.1650245927
559016.3500242170,-0.0006602294,0.0005091712,9.7942010353,-0.0008226957,0.0001064393,0.1662503708
559016.3600242171,0.0002662548,-0.0026900730,9.7940394482,-0.0020277815,0.0000738874,0.1668469884
559016.3700242169,0.0005487178,0.0031072004,9.7940395615,-0.0008552655,0.0000955887,0.1676605580
559016.3800242170,-0.0003332050,-0.0057430430,9.7938906183,-0.0018215056,0.0001172899,0.1688104029
559016.3900242170,-0.0002229665,0.0044770246,9.7935890037,-0.0012678175,0.0000738874,0.1694070205
559016.4000242170,-0.0004910368,-0.0037609572,9.7941978134,-0.0014523802,0.0001064393,0.1704266943
559016.4100242170,0.0002484073,0.0018857346,9.7940415409,-0.0016803694,0.0001281405,0.1712185687
559016.4200242170,0.0002602770,-0.0014697882,9.7938874965,-0.0010289716,0.0000955887,0.1720104430
559016.4300242170,-0.0008050017,-0.0011693196,9.7943540465,-0.0019952116,0.0000847381,0.1731168975
559016.4400242170,0.0005529109,0.0023444964,9.7941917225,-0.0008878354,0.0000847381,0.1739955526
559016.4500242170,0.0005814956,-0.0046718112,9.7943410235,-0.0020169249,0.0001498418,0.1747114938
559016.4600242170,-0.0002235901,0.0043245672,9.7934364242,-0.0010506849,0.0000738874,0.1755684537
559016.4700242170,0.0007237735,-0.0036031503,9.7935776942,-0.0017672224,0.0000847381,0.1756769296
559016.4800242170,0.0009984739,0.0038719886,9.7934260651,-0.0014089536,0.0001064393,0.1752864163
559016.4900242171,0.0008776416,-0.0023826569,9.7943395323,-0.0013329572,0.0001064393,0.1747223414
559016.5000242169,0.0007036037,0.0021927337,9.7938853645,-0.0018215056,0.0000847381,0.1743643708
559016.5100242170,0.0008644961,0.0003629665,9.7940357684,-0.0009855451,0.0001064393,0.1741582665
559016.5200242170,0.0008674134,-0.0010096369,9.7937301211,-0.0020712080,0.0001498418,0.1741040285
559016.5300242170,0.0013101738,0.0031103963,9.7938807081,-0.0009529752,0.0000738874,0.1741148761
559016.5400242170,0.0010385054,-0.0045174085,9.7943372870,-0.0019409285,0.0001498418,0.1741799617
559016.5500242170,0.0003908287,0.0044793174,9.7940414581,-0.0010506849,0.0000738874,0.1742450473
559016.5600242170,0.0005635047,-0.0016209257,9.7935798698,-0.0017997923,0.0001064393,0.1742992852
559016.5700242170,0.0006922716,0.0047857607,9.7937340406,-0.0012786741,0.0000955887,0.1742884376
559016.5800242170,0.0013380489,-0.0049733220,9.7934194817,-0.0015609465,0.0001064393,0.1743318280
559016.5900242170,0.0008556011,0.0029558546,9.7941894640,-0.0015935163,0.0000847381,0.1743535232
559016.6000242170,0.0011719169,-0.0005508750,9.7938803027,-0.0012135343,0.0001064393,0.1743643708
559016.6100242171,0.0022318987,0.0011313674,9.7937196791,-0.0018757887,0.0001064393,0.1743535232
559016.6200242169,0.0013124962,0.0018903198,9.7935751305,-0.0010181150,0.0000847381,0.1743209804
559016.6300242170,-0.0001918875,-0.0019294531,9.7943486228,-0.0019300718,0.0001281405,0.1743318280
559016.6400242170,0.0008543539,0.0026509397,9.7938843050,-0.0009855451,0.0000955887,0.1743426756
559016.6500242170,0.0017843789,-0.0017684504,9.7935696501,-0.0019843550,0.0001281405,0.1742992852
559016.6600242170,0.0011564778,0.0037198092,9.7940347656,-0.0010723981,0.0000955887,0.1743535232
559016.6700242170,0.0013368877,-0.0043632838,9.7935722705,-0.0018323622,0.0001281405,0.1743426756
559016.6800242170,-0.0003688140,0.0043235252,9.7943527515,-0.0012678175,0.0000955887,0.1743643708
559016.6900242170,0.0004151629,-0.0023842550,9.7937332995,-0.0014740934,0.0000847381,0.1743535232
559016.7000242170,0.0023773520,0.0035722845,9.7940245459,-0.0016477995,0.0001064393,0.1743643708
559016.7100242170,0.0008668184,-0.0008571100,9.7937301909,-0.0011375379,0.0000847381,0.1743643708
559016.7200242170,0.0002476977,0.0008183239,9.7934310136,-0.0019843550,0.0000955887,0.1743426756
559016.7300242170,0.0007036037,0.0021927337,9.7938853645,-0.0009312620,0.0000847381,0.1743860660
559016.7400242171,0.0013303723,-0.0023805033,9.7937256871,-0.0020169249,0.0001064393,0.1744511515
559016.7500242169,0.0011528509,0.0040250019,9.7937298856,-0.0009529752,0.0000847381,0.1744836943
559016.7600242170,-0.0003415625,-0.0039126505,9.7937389456,-0.0018866453,0.0001281405,0.1744836943
559016.7700242170,0.0008423982,0.0050915092,9.7935804016,-0.0012026777,0.0000738874,0.1744619991
559016.7800242170,0.0017909516,-0.0031412621,9.7937215321,-0.0015500898,0.0001064393,0.1744619991
559016.7900242170,0.0013120446,0.0035677687,9.7943384466,-0.0016477995,0.0001389912,0.1744077612
559016.8000242170,0.0007124701,-0.0007051389,9.7935790196,-0.0011266813,0.0000847381,0.1744294564
559016.8100242170,0.0000963526,0.0005126448,9.7934321428,-0.0020169249,0.0001281405,0.1743969136
559016.8200242170,0.0011575816,0.0024998022,9.7935766783,-0.0008769788,0.0000955887,0.1744945419
559016.8300242170,0.0013285302,-0.0025328913,9.7934205978,-0.0020060683,0.0000955887,0.1744728467
559016.8400242170,0.0011529656,0.0052449395,9.7943404827,-0.0010506849,0.0000955887,0.1745053895
559016.8500242170,0.0007309699,-0.0048235045,9.7938821557,-0.0017889357,0.0001281405,0.1744511515
559016.8600242171,0.0003932370,0.0041741942,9.7941938283,-0.0013980970,0.0000738874,0.1744619991
559016.8700242169,0.0010229229,-0.0017716462,9.7937285036,-0.0013655271,0.0001064393,0.1745053895
559016.8800242170,0.0010074550,0.0021940537,9.7937303172,-0.0018106489,0.0001064393,0.1745053895
559016.8900242170,0.0008603030,0.0011256705,9.7938836074,-0.0010181150,0.0000738874,0.1744945419
559016.9000242170,-0.0003468307,-0.0016249551,9.7941975212,-0.0020060683,0.0001064393,0.1744619991
559016.9100242170,0.0011546070,0.0032624368,9.7935770270,-0.0009529752,0.0000847381,0.1744945419
559016.9200242170,0.0016385028,-0.0022269342,9.7941807486,-0.0019734984,0.0001281405,0.1744619991
559016.9300242170,0.0003951078,0.0046315666,9.7946515668,-0.0010723981,0.0000955887,0.1744619991
559016.9400242170,0.0010324989,-0.0036021081,9.7940326860,-0.0017455092,0.0001064393,0.1744945419
559016.9500242170,0.0014567883,0.0049412751,9.7940327862,-0.0013980970,0.0000847381,0.1744619991
559016.9600242170,0.0010210521,-0.0022290186,9.7932707650,-0.0013112440,0.0001064393,0.1745053895
559016.9700242170,-0.0000566625,0.0018844840,9.7940440784,-0.0017889357,0.0001281405,0.1744294564
559016.9800242170,0.0016259808,0.0006711467,9.7940295643,-0.0010289716,0.0000847381,0.1744511515
559016.9900242171,0.0020852843,-0.0006995114,9.7935676010,-0.0020712080,0.0001281405,0.1744619991
559017.0000242169,0.0010033480,0.0038717109,9.7940361041,-0.0009312620,0.0000847381,0.1745379323
559017.0100242170,0.0002698243,-0.0036052345,9.7940390297,-0.0019626417,0.0001389912,0.1748525125
559017.0200242170,0.0008472722,0.0050912315,9.7941904406,-0.0011375379,0.0000738874,0.1745921703
559017.0300242170,0.0019422680,-0.0031405673,9.7935677536,-0.0016369429,0.0000955887,0.1745487799
559017.0400242170,0.0017642091,0.0040274336,9.7938773204,-0.0015066633,0.0001281405,0.1745379323
559017.0500242170,0.0007160109,-0.0019252848,9.7934259518,-0.0012678175,0.0000847381,0.1744945419
559017.0600242170,0.0005491694,0.0014297516,9.7932762454,-0.0018757887,0.0001281405,0.1744728467
559017.0700242170,0.0019299182,0.0015874199,9.7943324648,-0.0009638318,0.0001064393,0.1744294564
559017.0800242170,0.0011706698,-0.0008557900,9.7935751436,-0.0020603514,0.0001281405,0.1744619991
559017.0900242170,0.0002388313,0.0037161964,9.7937373585,-0.0008986921,0.0000847381,0.1744728467
559017.1000242170,-0.0001867053,-0.0051321017,9.7934320993,-0.0019083586,0.0001281405,0.1744836943
559017.1100242171,-0.0003790136,0.0060015296,9.7938959895,-0.0012135343,0.0000847381,0.1744836943
559017.1200242169,0.0011724258,-0.0016183551,9.7934222851,-0.0015392332,0.0000955887,0.1745053895
559017.1300242170,0.0013107974,0.0032628538,9.7940332876,-0.0016260862,0.0001281405,0.1745270847
559017.1400242170,0.0007172008,-0.0022303386,9.7934258123,-0.0011483945,0.0000847381,0.1745813227
559017.1500242170,0.0002489162,0.0008182545,9.7935835234,-0.0019083586,0.0001281405,0.1745270847
559017.1600242170,0.0016170284,0.0026540661,9.7938779613,-0.0009312620,0.0000955887,0.1745379323
559017.1700242170,0.0019393508,-0.0017679640,9.7938734009,-0.0020603514,0.0001281405,0.1745162371
559017.1800242170,0.0000892997,0.0032579210,9.7938909277,-0.0009746885,0.0001064393,0.1745270847
559017.1900242170,0.0007262105,-0.0036032892,9.7938827137,-0.0018975020,0.0000955887,0.1744728467
559017.2000242170,0.0006886735,0.0053959378,9.7935818098,-0.0012135343,0.0000955887,0.1744945419
559017.2100242170,0.0017952308,-0.0029890129,9.7943316409,-0.0015392332,0.0001064393,0.1744945419
559017.2200242170,0.0003949931,0.0034116290,9.7940409698,-0.0016152296,0.0001064393,0.1744619991
559017.2300242170,0.0010157265,-0.0005512920,9.7934240421,-0.0011483945,0.0001064393,0.1744945419
559017.2400242171,0.0004050493,0.0002087026,9.7937344854,-0.0019192152,0.0001389912,0.1745487799
559017.2500242169,0.0008501608,0.0034136437,9.7937321440,-0.0009529752,0.0000847381,0.1745270847
559017.2600242170,0.0023993926,-0.0017662270,9.7941746142,-0.0020603514,0.0001281405,0.1744836943
559017.2700242170,0.0005462808,0.0031073393,9.7937345420,-0.0010072584,0.0000955887,0.1744836943
559017.2800242170,0.0017934173,-0.0028364165,9.7941792009,-0.0018215056,0.0001281405,0.1744945419
559017.2900242170,0.0013048769,0.0050931073,9.7941866344,-0.0011918211,0.0001172899,0.1745053895
559017.3000242170,0.0007207989,-0.0028405157,9.7935780430,-0.0015935163,0.0000847381,0.1744945419
559017.3100242170,0.0013090700,0.0043304033,9.7943387954,-0.0015283766,0.0001064393,0.1745270847
559017.3200242170,0.0011748628,-0.0016184940,9.7937273046,-0.0012461042,0.0001064393,0.1745487799
559017.3300242170,0.0005570753,0.0012768080,9.7941912342,-0.0019192152,0.0001389912,0.1745596275
559017.3400242170,0.0016206266,0.0020438890,9.7940301921,-0.0009204053,0.0000847381,0.1745379323
559017.3500242180,0.0001143435,-0.0025382408,9.7941932965,-0.0020603514,0.0001281405,0.1745053895
559017.3600242180,0.0022212762,0.0047918051,9.7941788825,-0.0009421186,0.0000955887,0.1745379323
559017.3700242180,0.0020989960,-0.0039026461,9.7937186458,-0.0018866453,0.0001064393,0.1745162371
559017.3800242180,-0.0000643677,0.0041723183,9.7941976345,-0.0012786741,0.0000955887,0.1745162371
559017.3900242180,0.0011801884,-0.0032962206,9.7935740275,-0.0015283766,0.0000955887,0.1744728467
559017.4000242180,0.0008484334,0.0044811933,9.7940376518,-0.0016260862,0.0001389912,0.1745053895
559017.4100242180,0.0010211668,-0.0010090810,9.7938813621,-0.0011918211,0.0001064393,0.1745270847
559017.4200242180,0.0016319874,-0.0002441537,9.7943341652,-0.0018757887,0.0001064393,0.1745379323
559017.4300242180,0.0010098634,0.0018889304,9.7938826875,-0.0009746885,0.0000847381,0.1745921703
559017.4400242181,0.0010144793,-0.0008562069,9.7931188831,-0.0020169249,0.0001389912,0.1745487799
559017.4500242179,0.0014585443,0.0041787100,9.7938799276,-0.0009855451,0.0000847381,0.1745921703
559017.4600242180,0.0010294383,-0.0037544267,9.7935750870,-0.0019300718,0.0001389912,0.1745487799
559017.4700242180,0.0016117028,0.0043317927,9.7940312384,-0.0011375379,0.0000955887,0.1744836943
559017.4800242180,0.0013315622,-0.0026855571,9.7937255476,-0.0016586561,0.0001064393,0.1745053895
559017.4900242180,0.0016056103,0.0043321399,9.7932686896,-0.0013980970,0.0000847381,0.1745379323
559017.5000242180,0.0020936705,-0.0022249194,9.7938719229,-0.0013655271,0.0001281405,0.1745270847
559017.5100242180,-0.0000566051,0.0024944528,9.7943493770,-0.0017455092,0.0001281405,0.1745270847
559017.5200242180,0.0011713507,-0.0000933637,9.7940330217,-0.0011049680,0.0000955887,0.1745162371
559017.5300242180,0.0005605875,-0.0002483223,9.7938855171,-0.0020494948,0.0001389912,0.1745053895
559017.5400242180,0.0011582052,0.0026522597,9.7937292578,-0.0008878354,0.0001064393,0.1745270847
559017.5500242180,0.0010306568,-0.0037544961,9.7937275968,-0.0019843550,0.0001281405,0.1745053895
559017.5600242181,0.0014550895,0.0063138091,9.7944909432,-0.0010289716,0.0001064393,0.1745162371
559017.5700242179,0.0002661401,-0.0039100105,9.7934288512,-0.0017563658,0.0001281405,0.1745487799
559017.5800242180,0.0007007725,0.0044802902,9.7946489596,-0.0014415235,0.0000955887,0.1745162371
559017.5900242180,0.0020912621,-0.0019197962,9.7937195527,-0.0013003873,0.0001172899,0.1745487799
559017.6000242180,0.0013173415,0.0015850577,9.7940325203,-0.0018975020,0.0001389912,0.1745487799
559017.6100242180,0.0000910271,0.0021903714,9.7935854199,-0.0009204053,0.0000847381,0.1745379323
559017.6200242180,0.0005695399,-0.0022312417,9.7940371200,-0.0020820647,0.0001389912,0.1745379323
559017.6300242180,0.0013041960,0.0043306810,9.7937287564,-0.0009204053,0.0000955887,0.1745053895
559017.6400242180,0.0023980880,-0.0026811108,9.7935641567,-0.0018866453,0.0001389912,0.1745704751
559017.6500242180,0.0000803186,0.0049358559,9.7935866755,-0.0012786741,0.0001064393,0.1745487799
559017.6600242180,0.0011844102,-0.0037539403,9.7938788378,-0.0015392332,0.0000955887,0.1745379323
559017.6700242180,0.0013083891,0.0035679770,9.7938809173,-0.0015826597,0.0001281405,0.1745487799
559017.6800242180,0.0020853990,0.0005204262,9.7941781980,-0.0011375379,0.0001172899,0.1745704751
559017.6900242181,0.0005564804,0.0014293349,9.7941913040,-0.0019300718,0.0001389912,0.1745487799
559017.7000242179,-0.0002062228,0.0011212241,9.7940449984,-0.0009638318,0.0000955887,0.1745596275
559017.7100242180,0.0011778374,-0.0023811286,9.7937269558,-0.0020169249,0.0001281405,0.1745162371
559017.7200242180,0.0017606682,0.0052475795,9.7940303882,-0.0009638318,0.0000847381,0.1745813227
559017.7300242180,0.0014798466,-0.0025321966,9.7932668193,-0.0019083586,0.0001389912,0.1746138654
559017.7400242180,0.0002401072,0.0043260958,9.7941951668,-0.0012135343,0.0001064393,0.1746030179
559017.7500242180,0.0013314475,-0.0039054947,9.7931149505,-0.0015609465,0.0000955887,0.1746030179
559017.7600242180,0.0006952749,0.0043281105,9.7938863411,-0.0015392332,0.0001064393,0.1745921703
559017.7700242180,0.0028485538,-0.0008489119,9.7935611875,-0.0012135343,0.0001172899,0.1745921703
559017.7800242180,0.0014662496,0.0018908756,9.7937263715,-0.0018975020,0.0001389912,0.1745596275
559017.7900242180,-0.0000531217,0.0006643381,9.7938910106,-0.0009746885,0.0001064393,0.1745162371
559017.8000242180,0.0010217330,-0.0014665924,9.7937286431,-0.0020603514,0.0000955887,0.1745487799
559017.8100242181,0.0017613492,0.0060100058,9.7944882663,-0.0009312620,0.0001064393,0.1745813227
559017.8200242179,0.0017909516,-0.0031412621,9.7937215321,-0.0019409285,0.0001389912,0.1746030179
559017.8300242180,0.0020656234,0.0040288925,9.7934172536,-0.0010941114,0.0000955887,0.1745921703
559017.8400242180,0.0007262105,-0.0036032892,9.7938827137,-0.0016695127,0.0001281405,0.1745596275
559017.8500242180,0.0009962376,0.0060070183,9.7941895904,-0.0015066633,0.0000738874,0.1745379323
559017.8600242180,0.0020930756,-0.0020723925,9.7938719927,-0.0012352476,0.0001172899,0.1745487799
559017.8700242180,0.0001018216,0.0003598401,9.7940421121,-0.0019192152,0.0001281405,0.1745162371
559017.8800242180,0.0010056416,0.0023466500,9.7935778772,-0.0008986921,0.0001064393,0.1745813227
559017.8900242180,0.0010175113,-0.0010088727,9.7934238328,-0.0020712080,0.0001064393,0.1745596275
559017.9000242180,0.0020650571,0.0044864038,9.7935699727,-0.0009529752,0.0000955887,0.1746138654
559017.9100242180,0.0016284680,-0.0052762226,9.7914341779,-0.0018866453,0.0001389912,0.1745704751
559017.9200242180,0.0000651876,0.0060041693,9.7922145760,-0.0012461042,0.0001064393,0.1745487799
559017.9300242180,-0.0006311859,-0.0016273861,9.7967927246,-0.0015609465,0.0000955887,0.1745487799
559017.9400242181,0.0022742096,0.0040263236,9.8004314338,-0.0017020826,0.0000955887,0.1745487799
559017.9500242179,0.0024219779,-0.0013100350,9.7972250187,-0.0010941114,0.0001172899,0.1745053895
559017.9600242180,0.0009750356,0.0008234640,9.7890018869,-0.0018975020,0.0001606924,0.1745596275
559017.9700242180,-0.0007319492,0.0023431744,9.7861188552,-0.0008878354,0.0000847381,0.1745813227
559017.9800242180,0.0026787304,-0.0032884402,9.7902061255,-0.0020169249,0.0001389912,0.1746030179
559017.9900242180,0.0025202248,0.0044884185,9.7932611469,-0.0010181150,0.0000955887,0.1746030179
559018.0000242180,0.0004535028,-0.0028439189,9.7983083830,-0.0018432188,0.0001389912,0.1746247130
559018.0100242180,-0.0000274971,0.0075250635,9.8004520692,-0.0013763838,0.0001064393,0.1748959029
559018.0200242180,0.0013559897,-0.0020769771,9.7970810413,-0.0014089536,0.0000955887,0.1746681034
559018.0300242180,0.0028267927,0.0009822443,9.7917319075,-0.0017346525,0.0001389912,0.1748091221
559018.0400242180,0.0027852201,-0.0005403168,9.7857833294,-0.0009638318,0.0001606924,0.1747440366
559018.0500242180,0.0000743908,0.0002089103,9.7905343179,-0.0020277815,0.0001389912,0.1745704751
559018.0600242181,0.0005470478,0.0047847188,9.7946503679,-0.0009638318,0.0000738874,0.1745379323
559018.0700242179,0.0025809996,-0.0035971746,9.7969176841,-0.0020060683,0.0001281405,0.1744728467
559018.0800242180,0.0016361877,0.0055503415,9.7976920306,-0.0011266813,0.0001064393,0.1744945419
559018.0900242180,0.0005945336,-0.0020801729,9.7972398947,-0.0016477995,0.0001064393,0.1745379323
559018.1000242180,0.0008357394,0.0055493677,9.7929705718,-0.0014198103,0.0001281405,0.1745270847
559018.1100242180,0.0028385476,-0.0035932160,9.7909672660,-0.0013546705,0.0001281405,0.1745487799
559018.1200242180,0.0025186909,0.0011336596,9.7914294952,-0.0017997923,0.0001389912,0.1745379323
559018.1300242180,-0.0006729807,0.0009673769,9.7928286568,-0.0009638318,0.0001172899,0.1745813227
559018.1400242180,-0.0002008399,0.0000534663,9.7941970198,-0.0020494948,0.0001389912,0.1746138654
559018.1500242180,0.0019259831,0.0050949835,9.7955541473,-0.0009421186,0.0000630368,0.1746138654
559018.1600242180,0.0030287989,-0.0042047121,9.7953885012,-0.0019626417,0.0001498418,0.1746030179
559018.1700242180,-0.0008305544,0.0056943222,9.7945096953,-0.0011592512,0.0001498418,0.1746030179
559018.1800242180,-0.0006502018,-0.0029987396,9.7937419016,-0.0015609465,0.0000955887,0.1746247130
559018.1900242181,0.0034359719,0.0037296744,9.7929481662,-0.0016369429,0.0001281405,0.1745487799
559018.2000242179,0.0031506490,-0.0000850268,9.7935589988,-0.0011483945,0.0001172899,0.1745162371
559018.2100242180,-0.0003697816,0.0005112550,9.7923683807,-0.0019300718,0.0001389912,0.1745053895
559018.2200242180,-0.0009724955,0.0017282749,9.7938991113,-0.0009204053,0.0000955887,0.1745379323
559018.2300242180,0.0008729397,-0.0005524728,9.7946453889,-0.0020494948,0.0001498418,0.1745379323
559018.2400242180,0.0029864165,0.0050997771,9.7946302076,-0.0009855451,0.0000847381,0.1745162371
559018.2500242180,0.0021062211,-0.0048180159,9.7941757566,-0.0018540754,0.0001498418,0.1745270847
559018.2600242180,-0.0003735733,0.0055437406,9.7943533096,-0.0012895307,0.0001172899,0.1745270847
559018.2700242180,0.0010246789,-0.0025342113,9.7935756450,-0.0014415235,0.0000847381,0.1745487799
559018.2800242180,0.0023706358,0.0034201742,9.7931094176,-0.0016803694,0.0001389912,0.1745379323
559018.2900242180,0.0026906359,0.0002182207,9.7934104348,-0.0010723981,0.0001172899,0.1745162371
559018.3000242180,-0.0000549924,0.0002069657,9.7934332721,-0.0019734984,0.0001389912,0.1745921703
559018.3100242181,-0.0006746221,0.0029498796,9.7935921124,-0.0009204053,0.0000738874,0.1746030179
559018.3200242179,0.0025561206,-0.0025283058,9.7943255065,-0.0020277815,0.0001389912,0.1746030179
559018.3300242180,0.0035989644,0.0047971549,9.7947775029,-0.0010398282,0.0000955887,0.1746030179
559018.3400242180,0.0013291825,-0.0020754495,9.7937258266,-0.0017889357,0.0001498418,0.1745596275
559018.3500242180,-0.0002205582,0.0041719014,9.7937413740,-0.0013221006,0.0001064393,0.1745704751
559018.3600242180,0.0013291538,-0.0023804339,9.7935731773,-0.0013329572,0.0001064393,0.1745704751
559018.3700242180,0.0023719117,0.0040300736,9.7935672259,-0.0017672224,0.0001606924,0.1744945419
559018.3800242180,0.0013172268,0.0003651201,9.7934219232,-0.0010615415,0.0000955887,0.1745596275
559018.3900242180,0.0004122457,-0.0010116516,9.7940389468,-0.0019843550,0.0001498418,0.1745596275
559018.4000242180,0.0016146201,0.0029591893,9.7937255911,-0.0009529752,0.0001064393,0.1745813227
559018.4100242180,0.0030046868,-0.0014584638,9.7937121495,-0.0019409285,0.0001281405,0.1745487799
559018.4200242190,0.0014561933,0.0050938020,9.7940328559,-0.0010181150,0.0001172899,0.1745596275
559018.4300242190,0.0010337174,-0.0036021775,9.7941851958,-0.0018215056,0.0001281405,0.1745270847
559018.4400242190,0.0013066330,0.0043305422,9.7940337759,-0.0012461042,0.0000955887,0.1745270847
559018.4500242190,0.0028599719,-0.0025269858,9.7941704592,-0.0014849500,0.0001064393,0.1745162371
559018.4600242190,0.0022261216,0.0044865430,9.7946362722,-0.0017020826,0.0001498418,0.1745379323
559018.4700242190,0.0008650337,-0.0003995292,9.7937304001,-0.0010723981,0.0000955887,0.1745596275
559018.4800242190,0.0002549227,-0.0000970459,9.7938881243,-0.0019843550,0.0001389912,0.1745379323
559018.4900242190,0.0031400265,0.0035754109,9.7940182022,-0.0008878354,0.0000955887,0.1745813227
559018.5000242190,0.0017891956,-0.0023786969,9.7938743906,-0.0020060683,0.0001606924,0.1745704751
559018.5100242191,0.0014628808,0.0049409279,9.7947953350,-0.0010398282,0.0001064393,0.1745596275
559018.5200242189,0.0005712386,-0.0036037756,9.7935789630,-0.0018323622,0.0001281405,0.1745487799
559018.5300242190,0.0006941424,0.0052431331,9.7941917791,-0.0013546705,0.0001064393,0.1745053895
559018.5400242190,0.0020893914,-0.0023771686,9.7932618141,-0.0013763838,0.0001389912,0.1745704751
559018.5500242190,0.0011582052,0.0026522597,9.7937292578,-0.0017672224,0.0001389912,0.1745813227
559018.5600242190,0.0004039168,0.0011237252,9.7940399234,-0.0010181150,0.0000847381,0.1745921703
559018.5700242190,0.0013232333,-0.0005501803,9.7937265242,-0.0020060683,0.0001281405,0.1745596275
559018.5800242190,0.0019130885,0.0040282672,9.7934185224,-0.0009204053,0.0000955887,0.1746247130
559018.5900242190,0.0027014018,-0.0019172951,9.7937144777,-0.0019952116,0.0001606924,0.1745921703
559018.6000242190,0.0016086996,0.0047894429,9.7938789379,-0.0010615415,0.0001064393,0.1745596275
559018.6100242190,0.0016402302,-0.0032944837,9.7938752408,-0.0017563658,0.0001281405,0.1744945419
559018.6200242190,0.0022219285,0.0052492470,9.7944841113,-0.0013112440,0.0001389912,0.1745162371
559018.6300242190,0.0016336574,-0.0019216720,9.7937233589,-0.0013980970,0.0001064393,0.1745270847
559018.6400242191,0.0017725953,0.0025020256,9.7941816423,-0.0017563658,0.0001498418,0.1745379323
559018.6500242190,0.0005588027,0.0002092585,9.7938857264,-0.0010506849,0.0001064393,0.1745379323
559018.6600242190,0.0023916013,-0.0003933459,9.7938702225,-0.0020169249,0.0001498418,0.1745487799
559018.6700242190,0.0026812893,0.0044885577,9.7943274465,-0.0008878354,0.0001064393,0.1745704751
559018.6800242190,0.0007231786,-0.0034506234,9.7935777640,-0.0020060683,0.0001389912,0.1745596275
559018.6900242190,0.0003848221,0.0053946178,9.7937368571,-0.0010289716,0.0000847381,0.1745162371
559018.7000242190,0.0027013444,-0.0025272639,9.7934091792,-0.0017020826,0.0001281405,0.1745813227
559018.7100242190,0.0028301974,0.0047943757,9.7940212978,-0.0014523802,0.0001281405,0.1746030179
559018.7200242190,0.0013279640,-0.0020753800,9.7935733168,-0.0013546705,0.0001172899,0.1746138654
559018.7300242190,-0.0000506273,0.0012741680,9.7945013287,-0.0018106489,0.0001498418,0.1746030179
559018.7400242190,0.0007059260,0.0009726572,9.7935797869,-0.0010072584,0.0000955887,0.1746030179
559018.7500242190,0.0025418139,0.0008273559,9.7941745313,-0.0019626417,0.0001389912,0.1745704751
559018.7600242191,0.0023761335,0.0035723540,9.7938720362,-0.0009746885,0.0001389912,0.1745270847
559018.7700242189,0.0005676978,-0.0023836297,9.7937320308,-0.0019952116,0.0001064393,0.1744728467
559018.7800242190,0.0009985599,0.0047869418,9.7938840129,-0.0010072584,0.0001064393,0.1745379323
559018.7900242190,0.0028538793,-0.0025266386,9.7934079104,-0.0017889357,0.0001498418,0.1745813227
559018.8000242190,0.0019132605,0.0058581736,9.7943344180,-0.0013655271,0.0001064393,0.1746030179
559018.8100242190,0.0011820305,-0.0031438326,9.7938791168,-0.0014089536,0.0001172899,0.1746355606
559018.8200242190,0.0008531927,0.0032609779,9.7940370938,-0.0016803694,0.0001389912,0.1746247130
559018.8300242190,0.0022342784,0.0005212598,9.7937194000,-0.0010941114,0.0000738874,0.1746138654
559018.8400242190,0.0028401962,0.0009814805,9.7934095148,-0.0020060683,0.0001498418,0.1745704751
559018.8500242190,0.0013150192,0.0028051341,9.7943380978,-0.0008769788,0.0001389912,0.1745813227
559018.8600242190,0.0014840684,-0.0029899163,9.7935716296,-0.0020603514,0.0001389912,0.1745162371
559018.8700242190,0.0020621972,0.0064689760,9.7941809185,-0.0010072584,0.0001064393,0.1745379323
559018.8800242190,0.0024034996,-0.0034438842,9.7938688274,-0.0017455092,0.0001281405,0.1745921703
559018.8900242191,0.0020711210,0.0041810722,9.7941798722,-0.0014740934,0.0001281405,0.1745813227
559018.9000242190,0.0013274264,-0.0013128843,9.7938786851,-0.0011918211,0.0001172899,0.1745704751
559018.9100242190,0.0010115908,0.0008213808,9.7935771797,-0.0019192152,0.0001281405,0.1745379323
559018.9200242190,0.0028366267,0.0018966420,9.7934099334,-0.0009421186,0.0000955887,0.1745379323
559018.9300242190,0.0023921389,-0.0011558416,9.7935648542,-0.0020494948,0.0001715430,0.1745162371
559018.9400242190,0.0002388313,0.0037161964,9.7937373585,-0.0009421186,0.0001172899,0.1745162371
559018.9500242190,0.0019441388,-0.0026831949,9.7940254921,-0.0019083586,0.0001281405,0.1745487799
559018.9600242190,0.0023702416,0.0057075919,9.7941780323,-0.0010941114,0.0000955887,0.1746138654
559018.9700242190,0.0033168956,-0.0032875362,9.7937087750,-0.0016586561,0.0001389912,0.1746138654
559018.9800242190,0.0008532787,0.0041759311,9.7944950416,-0.0014740934,0.0001389912,0.1746247130
559018.9900242190,0.0004067767,-0.0008588469,9.7934289776,-0.0013112440,0.0000955887,0.1746355606
559019.0000242190,0.0017779782,0.0014342677,9.7943336638,-0.0018323622,0.0001498418,0.1746030179
559019.0100242191,0.0026895034,0.0011332433,9.7937158728,-0.0010072584,0.0001172899,0.1748850553
559019.0200242189,0.0022378479,-0.0003939017,9.7937189815,-0.0019843550,0.0001498418,0.1745704751
559019.0300242190,0.0009996924,0.0038719192,9.7935785748,-0.0008986921,0.0001064393,0.1745379323
559019.0400242190,0.0017867872,-0.0020735736,9.7937220204,-0.0019843550,0.0001498418,0.1745704751
559019.0500242190,0.0025215007,0.0050983178,9.7937189552,-0.0010615415,0.0001064393,0.1745813227
559019.0600242190,0.0031686112,-0.0034408967,9.7941675032,-0.0017455092,0.0001498418,0.1745596275
559019.0700242190,-0.0000739151,0.0063077646,9.7940461013,-0.0013655271,0.0001064393,0.1745813227
559019.0800242190,0.0016220673,-0.0020735045,9.7921981915,-0.0013980970,0.0001389912,0.1745704751
559019.0900242190,0.0025340800,0.0028102058,9.7941754382,-0.0017563658,0.0001389912,0.1745921703
559019.1000242190,0.0027083186,0.0003697060,9.7956981509,-0.0010398282,0.0001064393,0.1745813227
559019.1100242190,0.0016284179,0.0006710078,9.7943345838,-0.0020060683,0.0001606924,0.1745487799
559019.1200242190,-0.0000630919,0.0047822177,9.7946554428,-0.0009204053,0.0000847381,0.1745813227
559019.1300242190,0.0022503411,-0.0035969670,9.7937175166,-0.0020277815,0.0001389912,0.1746138654
559019.1400242191,0.0040468498,0.0051045706,9.7937062679,-0.0009855451,0.0001389912,0.1746030179
559019.1500242190,0.0008594501,-0.0014666621,9.7925098338,-0.0017563658,0.0001281405,0.1745921703
559019.1600242190,0.0000821320,0.0047832596,9.7937391155,-0.0014415235,0.0001281405,0.1745704751
559019.1700242190,0.0024053991,-0.0026815274,9.7944792152,-0.0012786741,0.0001172899,0.1745379323
559019.1800242190,0.0036048563,0.0026619169,9.7944715068,-0.0018432188,0.0001389912,0.1744945419
559019.1900242190,0.0017720577,0.0032645213,9.7944870106,-0.0009638318,0.0000955887,0.1745053895
559019.2000242190,0.0002536469,-0.0007069453,9.7934303160,-0.0020820647,0.0001606924,0.1744728467
559019.2100242190,0.0019191236,0.0034179512,9.7938757726,-0.0008769788,0.0000955887,0.1745379323
559019.2200242190,0.0027018533,-0.0035947440,9.7929511616,-0.0018975020,0.0001389912,0.1745487799
559019.2300242190,0.0023606370,0.0072330694,9.7937212006,-0.0011809644,0.0001172899,0.1745704751
559019.2400242190,0.0008727103,-0.0029923479,9.7934241948,-0.0015826597,0.0001064393,0.1745921703
559019.2500242190,0.0017714054,0.0028070794,9.7941817819,-0.0015826597,0.0001064393,0.1746030179
559019.2600242191,0.0034587221,-0.0005414264,9.7937087618,-0.0011809644,0.0001389912,0.1746138654
559019.2700242189,0.0019221843,0.0035702698,9.7943333717,-0.0019083586,0.0001281405,0.1746247130
559019.2800242190,0.0019233167,0.0026552472,9.7940279336,-0.0009529752,0.0001172899,0.1745813227
559019.2900242190,0.0019447051,-0.0031407062,9.7938727731,-0.0020169249,0.0001606924,0.1745704751
559019.3000242190,0.0023743487,0.0040299347,9.7938722454,-0.0008986921,0.0000847381,0.1745921703
559019.3100242190,0.0025470534,-0.0017653240,9.7935633065,-0.0018975020,0.0001498418,0.1745379323
559019.3200242190,0.0017565038,0.0063152679,9.7940308765,-0.0012243909,0.0001389912,0.1745053895
559019.3300242190,0.0016444233,-0.0040571877,9.7940274018,-0.0016260862,0.0001389912,0.1744619991
559019.3400242190,0.0017672123,0.0035697834,9.7940296209,-0.0014740934,0.0001281405,0.1744945419
559019.3500242190,0.0031542185,-0.0010001883,9.7935585803,-0.0012243909,0.0001498418,0.1745270847
559019.3600242190,0.0022253833,0.0031141479,9.7938730956,-0.0018757887,0.0001389912,0.1744619991
559019.3700242190,0.0011611798,0.0018896251,9.7937289090,-0.0009638318,0.0001064393,0.1745596275
559019.3800242190,0.0008703019,-0.0026872247,9.7932718245,-0.0020603514,0.0001389912,0.1745921703
559019.3900242191,0.0028271941,0.0052520259,9.7938689973,-0.0008986921,0.0001064393,0.1746138654
559019.4000242190,0.0040717216,-0.0025214975,9.7930927410,-0.0018975020,0.0001498418,0.1746681034
559019.4100242190,0.0013031209,0.0058556725,9.7943394930,-0.0012243909,0.0001172899,0.1746138654
559019.4200242190,0.0010288720,-0.0032969154,9.7937278060,-0.0014958067,0.0001389912,0.1746030179
559019.4300242190,0.0011504713,0.0046351096,9.7937301646,-0.0015718031,0.0001281405,0.1746030179
559019.4400242190,0.0033008042,0.0005257062,9.7935580091,-0.0011592512,0.0001064393,0.1745704751
559019.4500242190,0.0028445040,0.0014387141,9.7941722729,-0.0019409285,0.0001606924,0.1745921703
559019.4600242190,0.0005546957,0.0018869157,9.7941915132,-0.0009529752,0.0001064393,0.1745704751
559019.4700242190,0.0013261792,-0.0016177993,9.7935735261,-0.0020169249,0.0001281405,0.1746030179
559019.4800242190,0.0029803239,0.0051001242,9.7938676588,-0.0009421186,0.0001389912,0.1745813227
559019.4900242190,0.0045299499,-0.0023671642,9.7932415143,-0.0019083586,0.0001498418,0.1745704751
559019.5000242200,0.0002377275,0.0049362035,9.7941954458,-0.0011049680,0.0000955887,0.1745921703
559019.5100242200,0.0010343696,-0.0031447356,9.7944904246,-0.0016803694,0.0001281405,0.1745813227
559019.5200242200,0.0034428027,0.0051017223,9.7944738916,-0.0014849500,0.0001064393,0.1745270847
559019.5300242200,0.0039169504,-0.0003870931,9.7938575351,-0.0013003873,0.0001498418,0.1745813227
559019.5400242200,0.0006987297,0.0021930114,9.7932753254,-0.0018215056,0.0001606924,0.1745596275
559019.5500242200,0.0013203448,0.0011274075,9.7941848208,-0.0009529752,0.0001064393,0.1745813227
559019.5600242200,0.0026900410,0.0003707476,9.7934105045,-0.0020277815,0.0001281405,0.1745704751
559019.5700242200,0.0040546697,0.0040366739,9.7941633089,-0.0008986921,0.0001064393,0.1745813227
559019.5800242200,0.0028628891,-0.0038995891,9.7938648119,-0.0019734984,0.0001606924,0.1745704751
559019.5900242199,0.0002335057,0.0053939231,9.7938906356,-0.0011049680,0.0001064393,0.1745270847
559019.6000242200,0.0016402875,-0.0026845149,9.7941805394,-0.0017129393,0.0001389912,0.1745162371
559019.6100242200,0.0032908627,0.0049485701,9.7944750906,-0.0014415235,0.0001281405,0.1745487799
559019.6200242200,0.0034652661,-0.0022192225,9.7937079945,-0.0012895307,0.0001172899,0.1745704751
559019.6300242200,0.0008530780,0.0020410403,9.7934264967,-0.0017997923,0.0001498418,0.1745379323
559019.6400242200,0.0019268576,0.0014351013,9.7938748658,-0.0010181150,0.0000955887,0.1745813227
559019.6500242200,0.0028462028,0.0000661801,9.7937141158,-0.0019952116,0.0001498418,0.1745704751
559019.6600242200,0.0028337095,0.0032692454,9.7937155807,-0.0009204053,0.0001389912,0.1746030179
559019.6700242200,0.0017873535,-0.0025310850,9.7935693014,-0.0019626417,0.0001606924,0.1746247130
559019.6800242200,0.0016082194,0.0061619074,9.7944896048,-0.0010398282,0.0001389912,0.1745704751
559019.6900242200,0.0025518128,-0.0029855393,9.7935627484,-0.0017129393,0.0001606924,0.1746247130
559019.7000242200,0.0019173962,0.0044855008,9.7941812804,-0.0014089536,0.0001389912,0.1745813227
559019.7100242201,0.0020925093,-0.0016148812,9.7940247117,-0.0012895307,0.0001064393,0.1745813227
559019.7200242199,0.0017738138,0.0025019561,9.7943341521,-0.0018540754,0.0001606924,0.1745487799
559019.7300242200,0.0020751134,0.0012834774,9.7932634883,-0.0009529752,0.0001172899,0.1745053895
559019.7400242200,0.0028545603,-0.0017642123,9.7938657885,-0.0020277815,0.0001606924,0.1745270847
559019.7500242200,0.0020657094,0.0049438457,9.7938752015,-0.0008986921,0.0001606924,0.1745596275
559019.7600242200,0.0019417305,-0.0023780716,9.7938731219,-0.0018975020,0.0001498418,0.1744836943
559019.7700242200,0.0026795619,0.0055561072,9.7946329543,-0.0011266813,0.0000847381,0.1745053895
559019.7800242200,0.0030124207,-0.0034413137,9.7937112427,-0.0016803694,0.0001389912,0.1744945419
559019.7900242200,0.0014586017,0.0047886788,9.7941852262,-0.0014740934,0.0001389912,0.1745487799
559019.8000242200,0.0020876353,-0.0016146035,9.7934146727,-0.0012786741,0.0001064393,0.1745487799
559019.8100242200,0.0022307662,0.0020463901,9.7940251171,-0.0017997923,0.0001498418,0.1745596275
559019.8200242200,0.0031477317,0.0012875766,9.7938646461,-0.0010289716,0.0001172899,0.1746247130
559019.8300242200,0.0026900410,0.0003707476,9.7934105045,-0.0019952116,0.0001064393,0.1746030179
559019.8400242199,0.0014591393,0.0040261831,9.7938798579,-0.0008769788,0.0001498418,0.1745813227
559019.8500242200,0.0022461767,-0.0025292786,9.7937180049,-0.0019843550,0.0001498418,0.1745921703
559019.8600242200,0.0019161777,0.0044855702,9.7940287707,-0.0010506849,0.0001172899,0.1746030179
559019.8700242200,0.0030106933,-0.0023737641,9.7940167505,-0.0017129393,0.0001389912,0.1745921703
559019.8800242200,0.0019186721,0.0050954001,9.7946390887,-0.0014089536,0.0001498418,0.1745813227
559019.8900242200,0.0019411069,-0.0025305291,9.7937205424,-0.0013003873,0.0000847381,0.1745813227
559019.9000242200,0.0020794785,0.0023506798,9.7943315449,-0.0017563658,0.0001498418,0.1745596275
559019.9100242200,0.0029922509,0.0023545703,9.7940189129,-0.0010723981,0.0001064393,0.1745596275
559019.9200242200,0.0034545290,0.0002212776,9.7935566009,-0.0019734984,0.0001498418,0.1745053895
559019.9300242200,0.0022271107,0.0020465984,9.7935675878,-0.0009421186,0.0001172899,0.1745379323
559019.9400242200,0.0017891095,-0.0032936501,9.7934164428,-0.0020060683,0.0001389912,0.1745487799
559019.9500242200,0.0019108808,0.0064682812,9.7943346970,-0.0009638318,0.0001064393,0.1745813227
559019.9600242201,0.0036268395,-0.0032865634,9.7943162765,-0.0018106489,0.0001606924,0.1745813227
559019.9700242199,0.0019167727,0.0043330433,9.7940287009,-0.0013003873,0.0001389912,0.1746247130
559019.9800242200,0.0028532271,-0.0029840805,9.7931026817,-0.0013763838,0.0001389912,0.1745921703
559019.9900242200,0.0016111079,0.0044843196,9.7940313082,-0.0017346525,0.0001389912,0.1745596275
559020.0000242200,0.0031507350,0.0008299264,9.7940169466,-0.0010941114,0.0001172899,0.1745053895
559020.0100242200,0.0031506490,-0.0000850268,9.7935589988,-0.0019300718,0.0001606924,0.1747982745
559020.0200242200,0.0014632463,0.0023485258,9.7935740710,-0.0009204053,0.0001064393,0.1744945419
559020.0300242200,0.0022371956,-0.0008513436,9.7934137527,-0.0019952116,0.0001498418,0.1745053895
559020.0400242200,0.0025227765,0.0057082172,9.7941767635,-0.0009855451,0.0000955887,0.1745270847
559020.0500242200,0.0028622942,-0.0037470622,9.7938648817,-0.0018323622,0.0001498418,0.1745379323
559020.0600242200,0.0023738685,0.0054023992,9.7944829123,-0.0012895307,0.0001172899,0.1745704751
559020.0700242200,0.0025494044,-0.0026804160,9.7934103782,-0.0014523802,0.0001389912,0.1746247130
559020.0800242200,0.0023731589,0.0043349885,9.7938723850,-0.0017020826,0.0001498418,0.1745921703
559020.0900242199,0.0037608746,0.0008324275,9.7940118717,-0.0010181150,0.0001064393,0.1746247130
559020.1000242200,0.0026972947,-0.0002396379,9.7940202646,-0.0020169249,0.0001606924,0.1745921703
559020.1100242200,0.0016152723,0.0034166312,9.7940308199,-0.0008661222,0.0001064393,0.1746138654
559020.1200242200,0.0027055375,-0.0032899679,9.7935613402,-0.0019952116,0.0001498418,0.1745704751
559020.1300242200,0.0023684856,0.0064701571,9.7943308908,-0.0010941114,0.0001389912,0.1745596275
559020.1400242200,0.0030118545,-0.0029838024,9.7938639617,-0.0016260862,0.0001498418,0.1745379323
559020.1500242200,0.0025221243,0.0052507753,9.7938715348,-0.0015066633,0.0001389912,0.1745379323
559020.1600242200,0.0013273404,-0.0022278375,9.7934207373,-0.0012026777,0.0001498418,0.1745487799
559020.1700242200,0.0025400291,0.0012849366,9.7941747406,-0.0018866453,0.0001389912,0.1745162371
559020.1800242200,0.0026859913,0.0026583736,9.7940215899,-0.0009312620,0.0001172899,0.1744945419
559020.1900242200,0.0030052817,-0.0016109907,9.7937120798,-0.0020494948,0.0001606924,0.1745596275
559020.2000242200,0.0022212476,0.0044868207,9.7940262332,-0.0009421186,0.0001064393,0.1745813227
559020.2100242201,0.0025518128,-0.0029855393,9.7935627484,-0.0018866453,0.0001606924,0.1746138654
559020.2200242199,0.0026722509,0.0055565239,9.7937178958,-0.0011375379,0.0001172899,0.1746138654
559020.2300242200,0.0039270640,-0.0029800507,9.7938563493,-0.0016586561,0.0001389912,0.1746030179
559020.2400242200,0.0022224947,0.0047917357,9.7943313922,-0.0014740934,0.0001389912,0.1746572558
559020.2500242200,0.0020876640,-0.0013096191,9.7935673219,-0.0012678175,0.0001172899,0.1746247130
559020.2600242200,0.0032979157,0.0022032939,9.7940163057,-0.0018215056,0.0001715430,0.1745921703
559020.2700242200,0.0025309620,0.0020479184,9.7934125406,-0.0010289716,0.0001064393,0.1745813227
559020.2800242200,0.0036166399,-0.0016085590,9.7938595146,-0.0019300718,0.0001715430,0.1745704751
559020.2900242200,0.0014585157,0.0038737256,9.7937272784,-0.0008878354,0.0001389912,0.1745379323
559020.3000242200,0.0022420410,-0.0011566057,9.7938711425,-0.0019843550,0.0001498418,0.1745270847
559020.3100242200,0.0035929292,0.0054074709,9.7943202526,-0.0010506849,0.0001064393,0.1745162371
559020.3200242200,0.0030135819,-0.0040513519,9.7935584539,-0.0017889357,0.0001823937,0.1745270847
559020.3300242200,0.0014580354,0.0052461901,9.7943379452,-0.0012786741,0.0001064393,0.1745162371
559020.3400242199,0.0022402275,-0.0010040094,9.7937187025,-0.0014632368,0.0001498418,0.1745379323
559020.3500242200,0.0028350427,0.0044891135,9.7944786875,-0.0016369429,0.0001498418,0.1745813227
559020.3600242200,0.0042231527,-0.0013008652,9.7935495596,-0.0011049680,0.0001172899,0.1745921703
559020.3700242200,0.0026900697,0.0006757320,9.7935631538,-0.0019083586,0.0001498418,0.1746138654
559020.3800242200,0.0020680604,0.0040287536,9.7937222732,-0.0008769788,0.0001389912,0.1746789510
559020.3900242200,0.0017850025,-0.0016159929,9.7937222297,-0.0020712080,0.0001389912,0.1746464082
559020.4000242200,0.0031365430,0.0054055256,9.7944765686,-0.0010072584,0.0001498418,0.1746247130
559020.4100242200,0.0034888693,-0.0038979907,9.7958423638,-0.0017129393,0.0001498418,0.1746138654
559020.4200242200,0.0023775240,0.0054021909,9.7949404416,-0.0014089536,0.0001281405,0.1745921703
559020.4300242200,0.0023465452,-0.0000857923,9.7883800107,-0.0012352476,0.0001498418,0.1746138654
559020.4400242200,0.0031293968,0.0006786494,9.7912717012,-0.0018757887,0.0001498418,0.1745487799
559020.4500242200,0.0026956820,0.0020478493,9.7949363694,-0.0009312620,0.0001064393,0.1745596275
559020.4600242201,0.0028528329,-0.0006966628,9.7941712963,-0.0020712080,0.0001715430,0.1745162371
559020.4700242199,0.0030022284,0.0047938900,9.7964601852,-0.0009204053,0.0001389912,0.1745379323
559020.4800242200,0.0017916613,-0.0020738514,9.7943320594,-0.0018866453,0.0001389912,0.1745487799
559020.4900242200,0.0029888248,0.0047946538,9.7947825778,-0.0012135343,0.0001172899,0.1745921703
559020.5000242200,0.0033066387,-0.0022195006,9.7929467145,-0.0015066633,0.0001389912,0.1745379323
559020.5100242200,0.0031327441,0.0038808119,9.7932557930,-0.0015500898,0.0001498418,0.1745813227
559020.5200242200,0.0016136811,-0.0005480965,9.7918938696,-0.0012243909,0.0001172899,0.1746355606
559020.5300242200,0.0025388393,0.0015899904,9.7941748801,-0.0018215056,0.0001498418,0.1745921703
559020.5400242200,0.0036083971,0.0014417710,9.7943184390,-0.0010398282,0.0001172899,0.1745704751
559020.5500242200,0.0028571406,-0.0002394292,9.7949340544,-0.0019192152,0.0001606924,0.1745379323
559020.5600242200,0.0014639846,0.0037209209,9.7943372476,-0.0009421186,0.0001172899,0.1745379323
559020.5700242210,0.0022522406,-0.0028346101,9.7943279044,-0.0019626417,0.0001281405,0.1745053895
559020.5800242210,0.0023708079,0.0052500806,9.7940253133,-0.0010506849,0.0001172899,0.1744403040
559020.5900242210,0.0040820072,-0.0032845487,9.7940074508,-0.0017346525,0.0001389912,0.1745053895
559020.6000242210,0.0016051301,0.0057046044,9.7938793565,-0.0013763838,0.0001606924,0.1746030179
559020.6100242210,0.0025566868,-0.0029858171,9.7941727874,-0.0013221006,0.0001389912,0.1745921703
559020.6200242210,0.0017646893,0.0026549691,9.7932666536,-0.0017889357,0.0001498418,0.1745921703
559020.6300242210,0.0032978870,0.0018983095,9.7938636564,-0.0009529752,0.0001172899,0.1745379323
559020.6400242210,0.0026966711,-0.0003920953,9.7938676850,-0.0020603514,0.0001498418,0.1745487799
559020.6500242210,0.0026794472,0.0043361697,9.7940223572,-0.0008769788,0.0001064393,0.1746030179
559020.6600242211,0.0028654121,-0.0029847748,9.7946277792,-0.0019300718,0.0001606924,0.1745596275
559020.6700242209,0.0031304792,0.0057108572,9.7938666691,-0.0011266813,0.0001172899,0.1745704751
559020.6800242210,0.0028549831,-0.0037466456,9.7929498231,-0.0016586561,0.0001281405,0.1745487799
559020.6900242210,0.0014592253,0.0049411362,9.7943378057,-0.0013655271,0.0001606924,0.1745704751
559020.7000242210,0.0025457776,-0.0023752233,9.7931054982,-0.0013655271,0.0001172899,0.1745921703
559020.7100242210,0.0034445014,0.0037291884,9.7940157345,-0.0017237959,0.0001606924,0.1745813227
559020.7200242210,0.0037620931,0.0008323581,9.7941643814,-0.0010506849,0.0001172899,0.1745596275
559020.7300242210,0.0033080292,-0.0003896637,9.7940151198,-0.0019952116,0.0001715430,0.1745921703
559020.7400242210,0.0031425495,0.0044902252,9.7947811696,-0.0008444089,0.0001172899,0.1745596275
559020.7500242210,0.0020936705,-0.0022249194,9.7938719229,-0.0019734984,0.0001606924,0.1745487799
559020.7600242210,0.0034325744,0.0064747423,9.7938644804,-0.0010289716,0.0001172899,0.1745270847
559020.7700242210,0.0030124207,-0.0034413137,9.7937112427,-0.0017889357,0.0001389912,0.1745921703
559020.7800242211,0.0020712070,0.0050960254,9.7946378200,-0.0013221006,0.0001498418,0.1746138654
559020.7900242209,0.0016300019,-0.0019214637,9.7932658296,-0.0013872404,0.0001064393,0.1746355606
559020.8000242210,0.0031399978,0.0032704265,9.7938655530,-0.0017237959,0.0001498418,0.1746138654
559020.8100242210,0.0037578140,0.0006801089,9.7935542727,-0.0010615415,0.0001389912,0.1745596275
559020.8200242210,0.0019352151,-0.0003952912,9.7940265385,-0.0019409285,0.0001715430,0.1745270847
559020.8300242210,0.0014626514,0.0025010528,9.7935741408,-0.0008769788,0.0001064393,0.1745596275
559020.8400242210,0.0034658611,-0.0023717494,9.7937079248,-0.0019952116,0.0001389912,0.1744728467
559020.8500242210,0.0026741790,0.0066238651,9.7944809329,-0.0009746885,0.0001172899,0.1744945419
559020.8600242210,0.0022461194,-0.0031392474,9.7934127064,-0.0018540754,0.0001606924,0.1745162371
559020.8700242210,0.0022217851,0.0037243250,9.7937208649,-0.0012352476,0.0001172899,0.1745704751
559020.8800242210,0.0033156771,-0.0032874668,9.7935562652,-0.0014632368,0.0001498418,0.1745487799
559020.8900242210,0.0019162638,0.0054005234,9.7944867185,-0.0015609465,0.0001498418,0.1745596275
559020.9000242210,0.0037614122,0.0000699318,9.7937065034,-0.0011918211,0.0001498418,0.1745270847
559020.9100242211,0.0019279900,0.0005200787,9.7935694277,-0.0018866453,0.0001389912,0.1745813227
559020.9200242209,0.0022366867,0.0002161365,9.7938717703,-0.0009421186,0.0001172899,0.1746247130
559020.9300242210,0.0036149698,0.0000689593,9.7944703209,-0.0020169249,0.0001715430,0.1746247130
559020.9400242210,0.0032872645,0.0055587472,9.7943228599,-0.0009204053,0.0001172899,0.1746789510
559020.9500242210,0.0039324469,-0.0040478086,9.7940083707,-0.0019409285,0.0001498418,0.1746138654
559020.9600242210,0.0017636428,0.0044849449,9.7940300394,-0.0010398282,0.0001498418,0.1745921703
559020.9700242210,0.0020936131,-0.0028348882,9.7935666244,-0.0016369429,0.0001606924,0.1745487799
559020.9800242210,0.0029816285,0.0060150080,9.7944781164,-0.0015066633,0.0001498418,0.1744945419
559020.9900242210,0.0034592883,-0.0009989377,9.7935560428,-0.0011809644,0.0001172899,0.1745270847
559021.0000242210,0.0025441362,-0.0003927206,9.7938689538,-0.0019192152,0.0001606924,0.1745379323
559021.0100242210,0.0017677499,0.0028072877,9.7937242526,-0.0008552655,0.0001172899,0.1748199697
559021.0200242210,0.0036136940,-0.0005409400,9.7940125126,-0.0020277815,0.0001606924,0.1745162371
559021.0300242211,0.0037472489,0.0049505154,9.7943187746,-0.0009312620,0.0001172899,0.1745379323
559021.0400242209,0.0025577906,-0.0042058241,9.7937147001,-0.0018323622,0.0001498418,0.1745487799
559021.0500242210,0.0020608927,0.0055540922,9.7935704610,-0.0012786741,0.0001172899,0.1745704751
559021.0600242210,0.0033078572,-0.0022195700,9.7930992242,-0.0014198103,0.0001498418,0.1745704751
559021.0700242210,0.0039045145,0.0034259409,9.7941642986,-0.0017020826,0.0001498418,0.1746138654
559021.0800242210,0.0022366580,-0.0000888479,9.7937191210,-0.0010181150,0.0001389912,0.1745270847
559021.0900242210,0.0020805536,0.0008256883,9.7937208083,-0.0019952116,0.0001606924,0.1745704751
559021.1000242210,0.0029820800,0.0043375591,9.7937148003,-0.0008444089,0.0001498418,0.1746030179
559021.1100242210,0.0034699968,-0.0037444222,9.7935547872,-0.0020169249,0.0001498418,0.1745270847
559021.1200242210,0.0029773493,0.0058627588,9.7938680076,-0.0010289716,0.0001389912,0.1745596275
559021.1300242210,0.0031577880,-0.0019153498,9.7935581617,-0.0016586561,0.0001606924,0.1745162371
559021.1400242210,0.0032908627,0.0049485701,9.7944750906,-0.0014632368,0.0001389912,0.1745487799
559021.1500242210,0.0039216524,-0.0022172772,9.7935516785,-0.0012243909,0.0001389912,0.1745487799
559021.1600242211,0.0026925927,0.0015905463,9.7943261211,-0.0018106489,0.0001606924,0.1745270847
559021.1700242209,0.0034481283,0.0034239957,9.7943206145,-0.0009421186,0.0001172899,0.1745704751
559021.1800242210,0.0026954239,-0.0006970103,9.7935625260,-0.0020603514,0.0001498418,0.1745921703
559021.1900242210,0.0029832125,0.0034225365,9.7934093622,-0.0009312620,0.0001172899,0.1745921703
559021.2000242210,0.0045414254,-0.0034352692,9.7941560846,-0.0018866453,0.0001715430,0.1746030179
559021.2100242210,0.0026693623,0.0072341117,9.7941761924,-0.0011158246,0.0001389912,0.1745704751
559021.2200242210,0.0028574488,-0.0034418001,9.7934074919,-0.0016369429,0.0001389912,0.1745813227
559021.2300242210,0.0029831551,0.0028125677,9.7931040637,-0.0014198103,0.0001498418,0.1745921703
559021.2400242210,0.0023939810,-0.0010034536,9.7938699435,-0.0012135343,0.0001498418,0.1745704751
559021.2500242210,0.0037567676,0.0025100847,9.7943176585,-0.0018975020,0.0001606924,0.1746030179
559021.2600242210,0.0029898139,0.0023547092,9.7937138934,-0.0009204053,0.0001389912,0.1745813227
559021.2700242210,0.0027019967,-0.0020698220,9.7937144080,-0.0020494948,0.0001064393,0.1745596275
559021.2800242211,0.0029809475,0.0052525817,9.7940202383,-0.0008769788,0.0001498418,0.1745813227
559021.2900242209,0.0039313144,-0.0031327859,9.7943138088,-0.0018540754,0.0001715430,0.1745487799
559021.3000242210,0.0025245326,0.0049456521,9.7940239050,-0.0012352476,0.0001172899,0.1745487799
559021.3100242210,0.0024011486,-0.0025287922,9.7940217557,-0.0014198103,0.0001389912,0.1745270847
559021.3200242210,0.0026734694,0.0055564544,9.7938704055,-0.0017237959,0.0001498418,0.1744728467
559021.3300242210,0.0039139471,0.0000705571,9.7937052347,-0.0010723981,0.0001172899,0.1745379323
559021.3400242210,0.0028528902,-0.0000866940,9.7944765948,-0.0019300718,0.0001823937,0.1745379323
559021.3500242210,0.0019257824,0.0029600927,9.7944856024,-0.0008661222,0.0001172899,0.1745379323
559021.3600242210,0.0025458349,-0.0017652545,9.7934107967,-0.0019952116,0.0001498418,0.1745704751
559021.3700242210,0.0037382678,0.0066284504,9.7940145224,-0.0009638318,0.0001498418,0.1746138654
559021.3800242210,0.0031685252,-0.0043558499,9.7937095554,-0.0018215056,0.0001606924,0.1745813227
559021.3900242210,0.0019168300,0.0049430121,9.7943339995,-0.0013003873,0.0001498418,0.1745921703
559021.4000242210,0.0034628291,-0.0022190836,9.7934029750,-0.0014089536,0.0001389912,0.1745813227
559021.4100242211,0.0035886215,0.0049502373,9.7935574946,-0.0016586561,0.0001498418,0.1746030179
559021.4200242209,0.0036040606,0.0006795531,9.7934030316,-0.0010506849,0.0001606924,0.1746138654
559021.4300242210,0.0025410756,-0.0005450392,9.7934113547,-0.0019409285,0.0001823937,0.1746030179
559021.4400242210,0.0037580434,0.0031199841,9.7947754668,-0.0008552655,0.0000955887,0.1745813227
559021.4500242210,0.0037643868,-0.0006927028,9.7937061546,-0.0020169249,0.0001715430,0.1745596275
559021.4600242210,0.0028259469,0.0049471109,9.7935638383,-0.0010072584,0.0001172899,0.1745704751
559021.4700242210,0.0030213732,-0.0054242330,9.7938628456,-0.0017237959,0.0001606924,0.1745487799
559021.4800242210,0.0026735841,0.0067763920,9.7944810026,-0.0013329572,0.0001606924,0.1745813227
559021.4900242210,0.0037662289,-0.0005403147,9.7940112439,-0.0013112440,0.0001281405,0.1745053895
559021.5000242210,0.0037567389,0.0022051003,9.7941650093,-0.0018757887,0.0001606924,0.1745487799
559021.5100242210,0.0030012320,0.0006766353,9.7943231651,-0.0008769788,0.0001606924,0.1745596275
559021.5200242210,0.0022474812,-0.0016143948,9.7943284625,-0.0021146345,0.0001498418,0.1745596275
559021.5300242211,0.0040439039,0.0061721896,9.7938592659,-0.0008661222,0.0001172899,0.1745704751
559021.5400242209,0.0045243663,-0.0034342971,9.7920209480,-0.0018323622,0.0001715430,0.1745596275
559021.5500242210,0.0029719091,0.0063205479,9.7934106876,-0.0012786741,0.0001172899,0.1745704751
559021.5600242210,0.0025603710,-0.0026810410,9.7947829660,-0.0013329572,0.0001606924,0.1745487799
559021.5700242210,0.0025352698,0.0025051519,9.7941752987,-0.0017889357,0.0001389912,0.1745162371
559021.5800242210,0.0034631159,0.0008307603,9.7949294677,-0.0010289716,0.0001064393,0.1745813227
559021.5900242210,0.0034577329,0.0018985182,9.7947774462,-0.0019734984,0.0001606924,0.1746030179
559021.6000242210,0.0020741242,0.0037234220,9.7943321727,-0.0009204053,0.0001389912,0.1745921703
559021.6100242210,0.0023986829,-0.0028336377,9.7935640869,-0.0019409285,0.0001498418,0.1745596275
559021.6200242210,0.0034384662,0.0043395044,9.7935584843,-0.0010072584,0.0001172899,0.1745921703
559021.6300242210,0.0048295508,-0.0022131090,9.7926290076,-0.0017997923,0.0001606924,0.1746030179
559021.6400242220,0.0026746879,0.0055563850,9.7940229153,-0.0012352476,0.0001498418,0.1746247130
559021.6500242220,0.0013326660,-0.0039055642,9.7932674602,-0.0014958067,0.0001281405,0.1745921703
559021.6600242220,0.0029857068,0.0040323664,9.7940196803,-0.0016152296,0.0001281405,0.1746030179
559021.6700242220,0.0054472022,-0.0000761337,9.7946075361,-0.0011049680,0.0001498418,0.1745921703
559021.6800242220,0.0037596848,0.0011374813,9.7940120112,-0.0019300718,0.0001715430,0.1745704751
559021.6900242220,0.0003925847,0.0037167523,9.7938885995,-0.0008552655,0.0001064393,0.1745813227
559021.7000242220,0.0025524937,-0.0022231131,9.7940206265,-0.0020060683,0.0001606924,0.1745270847
559021.7100242220,0.0054227246,0.0052625167,9.7941524483,-0.0009746885,0.0001172899,0.1745813227
559021.7200242220,0.0040752911,-0.0034366590,9.7930923225,-0.0017672224,0.0001498418,0.1745813227
559021.7300242221,0.0011505573,0.0055500628,9.7941881124,-0.0013329572,0.0001389912,0.1745162371
559021.7400242219,0.0030149151,-0.0028314838,9.7943215607,-0.0013655271,0.0001281405,0.1745379323
559021.7500242220,0.0043676168,0.0035799965,9.7949231109,-0.0016477995,0.0001606924,0.1745162371
559021.7600242220,0.0039128146,0.0009855797,9.7940106727,-0.0010723981,0.0001606924,0.1745162371
559021.7700242220,0.0029987090,-0.0002381790,9.7935601978,-0.0019192152,0.0001389912,0.1745921703
559021.7800242220,0.0028349280,0.0032691760,9.7938680905,-0.0009312620,0.0001389912,0.1745704751
559021.7900242220,0.0027006922,-0.0029847057,9.7931039504,-0.0020169249,0.0001715430,0.1745704751
559021.8000242220,0.0029797003,0.0049476668,9.7937150793,-0.0009421186,0.0001064393,0.1745704751
559021.8100242220,0.0045294697,-0.0009946997,9.7938521812,-0.0017455092,0.0001715430,0.1745162371
559021.8200242220,0.0029809762,0.0055575661,9.7941728876,-0.0013112440,0.0001606924,0.1745487799
559021.8300242220,0.0036285669,-0.0043541130,9.7940107687,-0.0013872404,0.0001064393,0.1745487799
559021.8400242220,0.0043669072,0.0025125858,9.7943125836,-0.0016803694,0.0001715430,0.1745379323
559021.8500242220,0.0040562824,0.0017491868,9.7932472040,-0.0010181150,0.0001389912,0.1745379323
559021.8600242221,0.0029885381,0.0017448098,9.7932560851,-0.0020712080,0.0001498418,0.1745596275
559021.8700242219,0.0033003240,0.0018981707,9.7941686759,-0.0008444089,0.0001498418,0.1745704751
559021.8800242220,0.0043870197,-0.0038932669,9.7936996148,-0.0019300718,0.0001606924,0.1745596275
559021.8900242220,0.0040403630,0.0073923355,9.7940123337,-0.0010398282,0.0001389912,0.1745596275
559021.9000242220,0.0028544742,-0.0026791655,9.7934078407,-0.0017237959,0.0001606924,0.1746030179
559021.9100242220,0.0025353271,0.0031151207,9.7944805972,-0.0014415235,0.0001498418,0.1746247130
559021.9200242220,0.0037721207,-0.0026755527,9.7937052478,-0.0012352476,0.0001172899,0.1746138654
559021.9300242220,0.0042108315,0.0037321064,9.7944669201,-0.0017889357,0.0002040949,0.1746030179
559021.9400242220,0.0025304244,0.0028104141,9.7937179089,-0.0010072584,0.0001172899,0.1745053895
559021.9500242220,0.0026965851,-0.0013070485,9.7934097372,-0.0019409285,0.0001606924,0.1745379323
559021.9600242220,0.0042107168,0.0025121689,9.7938563230,-0.0008986921,0.0001498418,0.1745379323
559021.9700242220,0.0034580124,-0.0016088371,9.7930982345,-0.0019409285,0.0001498418,0.1745162371
559021.9800242221,0.0032836377,0.0058639399,9.7940179799,-0.0010398282,0.0001498418,0.1745162371
559021.9900242219,0.0030185133,-0.0034416609,9.7944737915,-0.0017889357,0.0001606924,0.1745487799
559022.0000242220,0.0037453781,0.0044931430,9.7938610361,-0.0012895307,0.0001172899,0.1745487799
559022.0100242220,0.0036111709,-0.0014557543,9.7932495453,-0.0013980970,0.0001498418,0.1748525125
559022.0200242220,0.0034415268,0.0044918230,9.7940160833,-0.0016369429,0.0001606924,0.1745921703
559022.0300242220,0.0036142602,-0.0009984513,9.7938597936,-0.0011375379,0.0001172899,0.1745921703
559022.0400242220,0.0033038362,0.0003730404,9.7938629589,-0.0018540754,0.0001606924,0.1746138654
559022.0500242220,0.0033010336,0.0029655813,9.7947792033,-0.0009312620,0.0001172899,0.1746681034
559022.0600242220,0.0040706178,-0.0013014905,9.7935508283,-0.0020712080,0.0001606924,0.1746138654
559022.0700242220,0.0035976886,0.0041872555,9.7943196946,-0.0009204053,0.0001389912,0.1746030179
559022.0800242220,0.0030189362,-0.0054240942,9.7935578261,-0.0018215056,0.0001498418,0.1746030179
559022.0900242220,0.0035905496,0.0060175785,9.7943205317,-0.0012135343,0.0001389912,0.1746030179
559022.1000242220,0.0037637632,-0.0008451603,9.7935535751,-0.0014198103,0.0001606924,0.1745379323
559022.1100242221,0.0034475047,0.0032715382,9.7941680350,-0.0017346525,0.0001389912,0.1745487799
559022.1200242219,0.0028516144,-0.0006965933,9.7940187865,-0.0010289716,0.0001498418,0.1745596275
559022.1300242220,0.0030048589,0.0003714426,9.7946280451,-0.0019626417,0.0001715430,0.1745921703
559022.1400242220,0.0042036065,0.0046474763,9.7940098094,-0.0008878354,0.0001172899,0.1745921703
559022.1500242220,0.0042303490,-0.0025212194,9.7938540211,-0.0019734984,0.0001606924,0.1745487799
559022.1600242220,0.0037550402,0.0035776343,9.7946231663,-0.0009855451,0.0001389912,0.1745813227
559022.1700242220,0.0033150536,-0.0034399243,9.7934036857,-0.0017455092,0.0001498418,0.1745921703
559022.1800242220,0.0028254667,0.0063195754,9.7941745051,-0.0013003873,0.0001498418,0.1746138654
559022.1900242220,0.0042279120,-0.0025210805,9.7935490016,-0.0014632368,0.0001389912,0.1745921703
559022.2000242220,0.0040600240,0.0026639316,9.7941626810,-0.0016152296,0.0001715430,0.1745487799
559022.2100242220,0.0034520920,0.0002214165,9.7932515813,-0.0010506849,0.0001172899,0.1745596275
559022.2200242220,0.0028462888,0.0009811333,9.7941720636,-0.0019843550,0.0001715430,0.1745162371
559022.2300242221,0.0040600240,0.0026639316,9.7941626810,-0.0008118390,0.0001172899,0.1745053895
559022.2400242219,0.0042393301,-0.0041991544,9.7941582733,-0.0020277815,0.0001823937,0.1745596275
559022.2500242220,0.0028267139,0.0066244904,9.7944796641,-0.0010181150,0.0001389912,0.1745596275
559022.2600242220,0.0040771905,-0.0026743022,9.7937027103,-0.0017129393,0.0001606924,0.1745596275
559022.2700242220,0.0028301687,0.0044893913,9.7938686485,-0.0014089536,0.0001498418,0.1745813227
559022.2800242220,0.0037769661,-0.0029808149,9.7941626375,-0.0012678175,0.0001389912,0.1746030179
559022.2900242220,0.0032954787,0.0022034328,9.7937112862,-0.0017346525,0.0001606924,0.1745487799
559022.3000242220,0.0039086215,0.0017482837,9.7938585117,-0.0010181150,0.0001498418,0.1745813227
559022.3100242220,0.0026925067,0.0006755931,9.7938681733,-0.0019843550,0.0001606924,0.1745596275
559022.3200242220,0.0031472802,0.0029650255,9.7946279623,-0.0008986921,0.0001389912,0.1746138654
559022.3300242220,0.0040831397,-0.0041995713,9.7937020127,-0.0019843550,0.0001606924,0.1746464082
559022.3400242220,0.0038937200,0.0052564723,9.7937076064,-0.0009746885,0.0001498418,0.1746138654
559022.3500242220,0.0026989934,-0.0016121718,9.7935621075,-0.0017672224,0.0001498418,0.1746030179
559022.3600242221,0.0017624243,0.0044850144,9.7938775297,-0.0012786741,0.0001498418,0.1746138654
559022.3700242219,0.0046926844,-0.0040445433,9.7936970075,-0.0014089536,0.0001606924,0.1745921703
559022.3800242220,0.0035982262,0.0034247598,9.7940143263,-0.0016586561,0.0001498418,0.1745596275
559022.3900242220,0.0022289528,0.0021989864,9.7938726771,-0.0010723981,0.0001389912,0.1744836943
559022.4000242220,0.0033013705,0.0000681948,9.7934052901,-0.0020060683,0.0001715430,0.1745270847
559022.4100242220,0.0034540201,0.0012887577,9.7940146184,-0.0008118390,0.0001172899,0.1745596275
559022.4200242220,0.0056020020,-0.0019055537,9.7939953912,-0.0019409285,0.0001823937,0.1745379323
559022.4300242220,0.0009908547,0.0070747761,9.7940375690,-0.0010289716,0.0001498418,0.1745270847
559022.4400242220,0.0024069831,-0.0052739989,9.7934104610,-0.0017672224,0.0001498418,0.1745813227
559022.4500242220,0.0049608694,0.0054133761,9.7936987950,-0.0013329572,0.0001389912,0.1745379323
559022.4600242220,0.0049833902,-0.0012975999,9.7932381964,-0.0013546705,0.0001715430,0.1746030179
559022.4700242220,0.0028446474,0.0029636361,9.7949355192,-0.0017672224,0.0001498418,0.1745487799
559022.4800242221,0.0027113219,-0.0000879442,9.7958504514,-0.0010072584,0.0001389912,0.1745813227
559022.4900242219,0.0030072099,-0.0005436494,9.7944751168,-0.0019192152,0.0001606924,0.1745704751
559022.5000242220,0.0046502159,0.0043449926,9.7924807661,-0.0008878354,0.0001389912,0.1745921703
559022.5100242220,0.0040734490,-0.0035890470,9.7927872332,-0.0019952116,0.0001823937,0.1745487799
559022.5200242220,0.0019113897,0.0054008011,9.7938766795,-0.0009529752,0.0001389912,0.1745270847
559022.5300242220,0.0034591449,-0.0025238597,9.7927927965,-0.0017563658,0.0001389912,0.1745487799
559022.5400242220,0.0041975999,0.0055627766,9.7937052084,-0.0013655271,0.0001606924,0.1745270847
559022.5500242220,0.0051527835,-0.0034328376,9.7943035194,-0.0012895307,0.0001389912,0.1744945419
559022.5600242220,0.0029922509,0.0023545703,9.7940189129,-0.0017237959,0.0001606924,0.1745053895
559022.5700242220,0.0028349567,0.0035741604,9.7940207397,-0.0010289716,0.0001064393,0.1744511515
559022.5800242220,0.0042189883,-0.0002331768,9.7935500479,-0.0019843550,0.0001715430,0.1744619991
559022.5900242220,0.0043680684,0.0019025476,9.7941597948,-0.0009204053,0.0001389912,0.1746030179
559022.6000242220,0.0036225891,-0.0031338282,9.7938588170,-0.0019300718,0.0001932443,0.1747114938
559022.6100242221,0.0026692476,0.0060141741,9.7935655953,-0.0009855451,0.0001064393,0.1747440366
559022.6200242219,0.0031637658,-0.0031356346,9.7937101135,-0.0017672224,0.0001715430,0.1746464082
559022.6300242220,0.0054269177,0.0044998127,9.7943046092,-0.0012895307,0.0001498418,0.1745487799
559022.6400242220,0.0033187664,-0.0028301638,9.7941665135,-0.0013763838,0.0001715430,0.1745379323
559022.6500242220,0.0029863591,0.0044898083,9.7943249090,-0.0016477995,0.0001498418,0.1744945419
559022.6600242220,0.0026901270,0.0012857008,9.7938684524,-0.0011483945,0.0001172899,0.1745053895
559022.6700242220,0.0048218742,0.0003797098,9.7929352130,-0.0018432188,0.0001715430,0.1745379323
559022.6800242220,0.0049818062,0.0012948716,9.7943069506,-0.0008986921,0.0001498418,0.1745270847
559022.6900242220,0.0036172348,-0.0017610859,9.7938594448,-0.0019843550,0.0001715430,0.1744511515
559022.7000242220,0.0028290649,0.0057093983,9.7943267358,-0.0009421186,0.0001172899,0.1744728467
559022.7100242220,0.0043851489,-0.0043506394,9.7932418762,-0.0018540754,0.0001606924,0.1744728467
559022.7200242230,0.0055775818,0.0040430655,9.7938456020,-0.0012678175,0.0001498418,0.1745487799
559022.7300242230,0.0042291305,-0.0025211500,9.7937015113,-0.0013763838,0.0001606924,0.1745921703
559022.7400242230,0.0037501948,0.0038828964,9.7941657766,-0.0017020826,0.0001498418,0.1745596275
559022.7500242230,0.0029963580,0.0006769131,9.7937131261,-0.0010181150,0.0001389912,0.1746030179
559022.7600242230,0.0045264664,-0.0005370495,9.7936998807,-0.0019300718,0.0001715430,0.1745921703
559022.7700242230,0.0032932137,0.0040334781,9.7943221623,-0.0008444089,0.0001389912,0.1746030179
559022.7800242230,0.0030070665,-0.0020685714,9.7937118705,-0.0019843550,0.0001715430,0.1746030179
559022.7900242230,0.0034349541,0.0058646347,9.7938642014,-0.0010398282,0.0001389912,0.1745053895
559022.8000242230,0.0049958835,-0.0045006652,9.7932367315,-0.0017129393,0.0001498418,0.1744945419
559022.8100242231,0.0026715986,0.0050990820,9.7934126670,-0.0013329572,0.0001715430,0.1745053895
559022.8200242230,0.0031615295,-0.0010006049,9.7944736388,-0.0013221006,0.0001498418,0.1745162371
559022.8300242230,0.0031460617,0.0029650949,9.7944754525,-0.0017020826,0.0001498418,0.1745053895
559022.8400242230,0.0033020227,0.0005256367,9.7937105189,-0.0010506849,0.0001498418,0.1745704751
559022.8500242230,0.0042184507,0.0005293189,9.7938554162,-0.0019409285,0.0001606924,0.1745704751
559022.8600242230,0.0031405928,0.0031178996,9.7938654832,-0.0008769788,0.0001498418,0.1746030179
559022.8700242230,0.0039246556,-0.0026749274,9.7937039790,-0.0019734984,0.0001715430,0.1745487799
559022.8800242230,0.0031371953,0.0058629675,9.7947817974,-0.0009421186,0.0001389912,0.1745921703
559022.8900242230,0.0049971306,-0.0041957502,9.7935418906,-0.0017455092,0.0001606924,0.1745596275
559022.9000242230,0.0043549802,0.0052581398,9.7941613294,-0.0013329572,0.0001715430,0.1745921703
559022.9100242230,0.0020984872,-0.0028351660,9.7941766634,-0.0013112440,0.0001172899,0.1746355606
559022.9200242230,0.0022222940,0.0026568449,9.7932628473,-0.0018106489,0.0001606924,0.1746030179
559022.9300242231,0.0049769895,0.0019051181,9.7940022101,-0.0009529752,0.0001172899,0.1746030179
559022.9400242229,0.0042255323,-0.0019109729,9.7935492806,-0.0019626417,0.0001715430,0.1745596275
559022.9500242230,0.0037429411,0.0044932818,9.7935560166,-0.0008661222,0.0001498418,0.1745704751
559022.9600242230,0.0019416445,-0.0032930248,9.7934151741,-0.0019192152,0.0001606924,0.1745487799
559022.9700242230,0.0035959038,0.0046448363,9.7943199038,-0.0010941114,0.0001064393,0.1745704751
559022.9800242230,0.0054482200,-0.0022110939,9.7936915009,-0.0016803694,0.0001715430,0.1745813227
559022.9900242230,0.0043567936,0.0051055434,9.7943137694,-0.0013655271,0.0001498418,0.1746138654
559023.0000242230,0.0030112883,-0.0025262911,9.7940166807,-0.0013221006,0.0001498418,0.1746138654
559023.0100242230,0.0028318961,0.0034218418,9.7935631407,-0.0017020826,0.0001498418,0.1748742077
559023.0200242230,0.0045259002,-0.0000795382,9.7938525997,-0.0010181150,0.0001498418,0.1746464082
559023.0300242230,0.0049834762,-0.0003826467,9.7936961442,-0.0019626417,0.0001715430,0.1746355606
559023.0400242230,0.0028313585,0.0041843375,9.7938685090,-0.0008552655,0.0001389912,0.1746138654
559023.0500242230,0.0031637658,-0.0031356346,9.7937101135,-0.0019952116,0.0001498418,0.1745162371
559023.0600242231,0.0034386383,0.0061694107,9.7944743799,-0.0010398282,0.0001172899,0.1745379323
559023.0700242230,0.0040789753,-0.0031318829,9.7937025010,-0.0016586561,0.0001606924,0.1744945419
559023.0800242230,0.0038991602,0.0047986832,9.7941649264,-0.0013872404,0.0001498418,0.1744945419
559023.0900242230,0.0036177724,-0.0025235816,9.7935540765,-0.0012678175,0.0001498418,0.1745053895
559023.1000242230,0.0036023619,0.0020520870,9.7938611887,-0.0017346525,0.0001606924,0.1745053895
559023.1100242230,0.0036071499,0.0011368561,9.7940132799,-0.0009638318,0.0001389912,0.1745596275
559023.1200242230,0.0034599406,-0.0005414959,9.7938612716,-0.0020277815,0.0001823937,0.1745704751
559023.1300242230,0.0032913716,0.0038810900,9.7940170730,-0.0008335523,0.0001172899,0.1745704751
559023.1400242230,0.0030202407,-0.0045092104,9.7941682837,-0.0019409285,0.0001715430,0.1745704751
559023.1500242230,0.0040452371,0.0073920577,9.7946223728,-0.0010723981,0.0001606924,0.1746138654
559023.1600242230,0.0040759147,-0.0032842015,9.7932449020,-0.0015718031,0.0001389912,0.1746247130
559023.1700242230,0.0037525458,0.0029678043,9.7940128483,-0.0015283766,0.0001498418,0.1746355606
559023.1800242231,0.0039150796,-0.0008444656,9.7933997966,-0.0011375379,0.0001389912,0.1746030179
559023.1900242229,0.0040660592,0.0020536156,9.7946199313,-0.0019083586,0.0001498418,0.1745704751
559023.2000242230,0.0032943175,0.0028134710,9.7938640750,-0.0008661222,0.0001606924,0.1745270847
559023.2100242230,0.0040813549,-0.0037419906,9.7937022220,-0.0020277815,0.0001606924,0.1745162371
559023.2200242230,0.0040499964,0.0061718424,9.7946218147,-0.0008769788,0.0001498418,0.1745270847
559023.2300242230,0.0040783230,-0.0035893248,9.7933972722,-0.0018215056,0.0001606924,0.1745162371
559023.2400242230,0.0045049921,0.0043439507,9.7933970934,-0.0012461042,0.0001389912,0.1745053895
559023.2500242230,0.0040729401,-0.0025215669,9.7932452508,-0.0013980970,0.0001498418,0.1745704751
559023.2600242230,0.0048196379,0.0025147394,9.7936987383,-0.0017020826,0.0001715430,0.1746138654
559023.2700242230,0.0036028995,0.0012895913,9.7935558204,-0.0009855451,0.0001172899,0.1746247130
559023.2800242230,0.0036233560,-0.0014564487,9.7947746429,-0.0019843550,0.0001715430,0.1746138654
559023.2900242230,0.0032878021,0.0047962515,9.7940174916,-0.0008444089,0.0001389912,0.1745921703
559023.3000242230,0.0045371462,-0.0035875184,9.7935459758,-0.0019626417,0.0001606924,0.1746138654
559023.3100242231,0.0042011694,0.0046476151,9.7937047899,-0.0010506849,0.0001389912,0.1746030179
559023.3200242230,0.0042350797,-0.0040464191,9.7937008138,-0.0016152296,0.0001823937,0.1745921703
559023.3300242230,0.0035892451,0.0051026948,9.7937100741,-0.0014632368,0.0001606924,0.1745487799
559023.3400242230,0.0037649530,-0.0011502141,9.7935534356,-0.0012135343,0.0001389912,0.1745704751
559023.3500242230,0.0051325277,0.0014480932,9.7941532418,-0.0018106489,0.0001823937,0.1745487799
559023.3600242230,0.0046712961,0.0017514101,9.7938521680,-0.0008986921,0.0001389912,0.1745270847
559023.3700242230,0.0028527755,-0.0013066316,9.7938659978,-0.0020494948,0.0001823937,0.1745053895
559023.3800242230,0.0042078282,0.0041897566,9.7943146196,-0.0008661222,0.0001172899,0.1745162371
559023.3900242230,0.0043851776,-0.0040456550,9.7933945255,-0.0018866453,0.0001498418,0.1745487799
559023.4000242230,0.0041994707,0.0060201491,9.7941629469,-0.0012135343,0.0001715430,0.1745379323
559023.4100242230,0.0039161547,-0.0023694570,9.7927890600,-0.0013980970,0.0001389912,0.1745813227
559023.4200242230,0.0037604231,0.0025098764,9.7947751878,-0.0017455092,0.0001715430,0.1745596275
559023.4300242231,0.0042136340,0.0011395655,9.7935506757,-0.0009204053,0.0001172899,0.1746030179
559023.4400242229,0.0039168930,-0.0009970619,9.7935522366,-0.0020169249,0.0001823937,0.1746138654
559023.4500242230,0.0039027584,0.0041885061,9.7943171571,-0.0008661222,0.0001498418,0.1745921703
559023.4600242230,0.0043900229,-0.0043509171,9.7938519153,-0.0019409285,0.0001715430,0.1745704751
559023.4700242230,0.0043519769,0.0057157900,9.7940090289,-0.0010723981,0.0001389912,0.1745379323
559023.4800242230,0.0039192153,-0.0022171384,9.7932466590,-0.0015826597,0.0001606924,0.1745379323
559023.4900242230,0.0039063566,0.0035783290,9.7944693878,-0.0014198103,0.0001498418,0.1745704751
559023.5000242230,0.0039210861,-0.0017597659,9.7937043976,-0.0012243909,0.0001498418,0.1745487799
559023.5100242230,0.0036042040,0.0022044750,9.7941662780,-0.0018215056,0.0001606924,0.1745379323
559023.5200242230,0.0040605329,0.0015964515,9.7937046635,-0.0009421186,0.0001172899,0.1745379323
559023.5300242230,0.0051365774,-0.0008395328,9.7935421565,-0.0019952116,0.0001715430,0.1744511515
559023.5400242230,0.0043585497,0.0043429783,9.7941609109,-0.0008769788,0.0001498418,0.1745053895
559023.5500242230,0.0033198702,-0.0040501708,9.7937084262,-0.0018975020,0.0001606924,0.1745379323
559023.5600242231,0.0038937200,0.0052564723,9.7937076064,-0.0010615415,0.0001498418,0.1745596275
559023.5700242230,0.0045414254,-0.0034352692,9.7941560846,-0.0016369429,0.0001498418,0.1745813227
559023.5800242230,0.0046576417,0.0055645136,9.7940064217,-0.0014089536,0.0001823937,0.1746355606
559023.5900242230,0.0036182526,-0.0038960461,9.7929434097,-0.0012786741,0.0001389912,0.1746138654
559023.6000242230,0.0036066410,0.0022043362,9.7944712975,-0.0017563658,0.0001606924,0.1745921703
559023.6100242230,0.0045127833,0.0029710696,9.7937014851,-0.0009421186,0.0001498418,0.1745704751
559023.6200242230,0.0048302317,-0.0014506827,9.7930868856,-0.0019952116,0.0002149455,0.1746138654
559023.6300242230,0.0043632804,0.0028177785,9.7940077036,-0.0008444089,0.0001172899,0.1746247130
559023.6400242230,0.0037745004,-0.0032856604,9.7937049687,-0.0019192152,0.0001823937,0.1746030179
559023.6500242230,0.0035887648,0.0064751593,9.7943207409,-0.0010506849,0.0001389912,0.1745704751
559023.6600242230,0.0046944405,-0.0048071084,9.7935441490,-0.0016695127,0.0001715430,0.1744945419
559023.6700242230,0.0043590873,0.0035804826,9.7938555426,-0.0013763838,0.0001715430,0.1745162371
559023.6800242231,0.0052920869,-0.0016015421,9.7935405389,-0.0011918211,0.0001606924,0.1744945419
559023.6900242229,0.0037518649,0.0022053781,9.7935549702,-0.0018540754,0.0001281405,0.1744511515
559023.7000242230,0.0045181663,0.0019033118,9.7938535065,-0.0008444089,0.0001498418,0.1745270847
559023.7100242230,0.0048422161,-0.0035862678,9.7935434383,-0.0020603514,0.0001389912,0.1745704751
559023.7200242230,0.0034404230,0.0057118300,9.7944741706,-0.0008661222,0.0001498418,0.1746030179
559023.7300242230,0.0042393014,-0.0045041388,9.7940056240,-0.0018215056,0.0001606924,0.1745596275
559023.7400242230,0.0041964675,0.0064777993,9.7940106465,-0.0012895307,0.0001389912,0.1745921703
559023.7500242230,0.0057508528,-0.0022097045,9.7933839439,-0.0013329572,0.0001606924,0.1745921703
559023.7600242230,0.0039146567,0.0011379677,9.7943157620,-0.0016695127,0.0001715430,0.1745596275
559023.7700242230,0.0028438518,0.0009812722,9.7938670441,-0.0010181150,0.0001172899,0.1745379323
559023.7800242230,0.0049829387,0.0003798490,9.7940015125,-0.0019734984,0.0001823937,0.1745487799
559023.7900242240,0.0048196666,0.0028197238,9.7938513876,-0.0008769788,0.0001172899,0.1745379323
559023.8000242240,0.0046914372,-0.0043494583,9.7933918485,-0.0019409285,0.0001823937,0.1745596275
559023.8100242240,0.0035905496,0.0060175785,9.7943205317,-0.0009638318,0.0001389912,0.1745053895
559023.8200242240,0.0045323296,-0.0029772718,9.7932412353,-0.0017237959,0.0001498418,0.1745487799
559023.8300242240,0.0042108315,0.0037321064,9.7944669201,-0.0013763838,0.0001606924,0.1745487799
559023.8400242240,0.0039282538,-0.0032851045,9.7938562098,-0.0012786741,0.0001606924,0.1746030179
559023.8500242240,0.0032912569,0.0026611524,9.7934064759,-0.0017889357,0.0001498418,0.1745596275
559023.8600242240,0.0039068081,0.0019008801,9.7937060717,-0.0009529752,0.0001172899,0.1745813227
559023.8700242240,0.0051449922,-0.0020599564,9.7939991277,-0.0019952116,0.0001823937,0.1745921703
559023.8800242241,0.0048130651,0.0038875511,9.7935468564,-0.0008552655,0.0001389912,0.1746030179
559023.8900242239,0.0042296681,-0.0032836457,9.7933961430,-0.0018866453,0.0001715430,0.1745596275
559023.9000242240,0.0034416128,0.0054067762,9.7944740311,-0.0011049680,0.0001498418,0.1745596275
559023.9100242240,0.0051430354,-0.0034322821,9.7930834413,-0.0015935163,0.0001498418,0.1745379323
559023.9200242240,0.0057374277,0.0040432742,9.7947593918,-0.0014632368,0.0001715430,0.1744945419
559023.9300242240,0.0028515283,-0.0016115465,9.7935608387,-0.0012461042,0.0001498418,0.1744619991
559023.9400242240,0.0037548108,0.0011377591,9.7934019722,-0.0017563658,0.0001498418,0.1745270847
559023.9500242240,0.0042215400,0.0009866219,9.7944656645,-0.0008661222,0.0001389912,0.1745270847
559023.9600242240,0.0052914633,-0.0017539996,9.7933879594,-0.0020277815,0.0001715430,0.1745704751
559023.9700242240,0.0040535946,0.0055616653,9.7947740454,-0.0008444089,0.0001064393,0.1745921703
559023.9800242240,0.0036230406,-0.0048112771,9.7930955009,-0.0019083586,0.0001823937,0.1746030179
559023.9900242240,0.0038992749,0.0060186208,9.7947755235,-0.0011592512,0.0001498418,0.1746247130
559024.0000242240,0.0049936185,-0.0026706199,9.7938476076,-0.0014198103,0.0001498418,0.1746247130
559024.0100242239,0.0046671317,0.0028190985,9.7938526563,-0.0016586561,0.0001715430,0.1748959029
559024.0200242240,0.0043764259,0.0000721552,9.7943114675,-0.0009529752,0.0001172899,0.1746030179
559024.0300242240,0.0039109152,0.0002232229,9.7934002849,-0.0019952116,0.0001715430,0.1745596275
559024.0400242240,0.0039093025,0.0025107100,9.7943163898,-0.0008335523,0.0001389912,0.1745813227
559024.0500242240,0.0059087706,-0.0032768371,9.7935346967,-0.0019626417,0.0001498418,0.1745270847
559024.0600242240,0.0055698479,0.0060259155,9.7938465088,-0.0009855451,0.0001606924,0.1745053895
559024.0700242240,0.0037769087,-0.0035907837,9.7938573390,-0.0017129393,0.0001606924,0.1745053895
559024.0800242240,0.0031424348,0.0032702876,9.7941705725,-0.0013003873,0.0001498418,0.1745270847
559024.0900242240,0.0048398651,-0.0026711758,9.7936963666,-0.0012678175,0.0001172899,0.1745813227
559024.1000242240,0.0049740723,0.0032777215,9.7943078574,-0.0017997923,0.0001823937,0.1746138654
559024.1100242240,0.0045205746,0.0015981885,9.7940058768,-0.0008878354,0.0001172899,0.1746138654
559024.1200242240,0.0042351944,-0.0028264815,9.7943114108,-0.0020494948,0.0001715430,0.1746138654
559024.1300242241,0.0037514420,0.0041878114,9.7944709356,-0.0008444089,0.0001389912,0.1746030179
559024.1400242239,0.0059051151,-0.0032766287,9.7930771674,-0.0018757887,0.0001715430,0.1745921703
559024.1500242240,0.0043550662,0.0061730930,9.7946192772,-0.0011158246,0.0001498418,0.1746030179
559024.1600242240,0.0046835886,-0.0035865459,9.7927821583,-0.0015500898,0.0001498418,0.1745487799
559024.1700242240,0.0034504792,0.0025089036,9.7941676862,-0.0015392332,0.0001498418,0.1745813227
559024.1800242240,0.0054464926,-0.0011435444,9.7939970087,-0.0010723981,0.0001389912,0.1745270847
559024.1900242240,0.0051318467,0.0006856670,9.7936953638,-0.0019626417,0.0001606924,0.1744511515
559024.2000242240,0.0036018817,0.0034245515,9.7944718556,-0.0008444089,0.0001389912,0.1745704751
559024.2100242240,0.0031601103,-0.0031354263,9.7932525842,-0.0019952116,0.0001715430,0.1745270847
559024.2200242240,0.0045092999,0.0048011843,9.7941598514,-0.0009312620,0.0001172899,0.1746030179
559024.2300242240,0.0069741066,-0.0029673369,9.7933734453,-0.0017129393,0.0001606924,0.1745921703
559024.2400242240,0.0043520056,0.0060207744,9.7941616782,-0.0013112440,0.0001606924,0.1746030179
559024.2500242240,0.0025474763,-0.0037477573,9.7926473411,-0.0013329572,0.0001498418,0.1745921703
559024.2600242239,0.0040641597,0.0012912588,9.7940095435,-0.0017672224,0.0001715430,0.1746138654
559024.2700242240,0.0052766190,0.0023641578,9.7935423526,-0.0008986921,0.0001172899,0.1745704751
559024.2800242240,0.0045288748,-0.0008421728,9.7938522509,-0.0020060683,0.0001715430,0.1745704751
559024.2900242240,0.0040607049,0.0034263579,9.7946205591,-0.0008335523,0.0001498418,0.1746030179
559024.3000242240,0.0039300099,-0.0040476697,9.7937033512,-0.0018975020,0.0001606924,0.1746030179
559024.3100242240,0.0045050781,0.0052589039,9.7938550412,-0.0011049680,0.0001172899,0.1746138654
559024.3200242240,0.0059075521,-0.0032767676,9.7933821869,-0.0016586561,0.0001823937,0.1745813227
559024.3300242240,0.0054280788,0.0038897745,9.7941518205,-0.0013763838,0.0001498418,0.1745813227
559024.3400242240,0.0033072336,-0.0023720275,9.7929466447,-0.0012461042,0.0001606924,0.1745704751
559024.3500242240,0.0034528876,0.0022037803,9.7943200565,-0.0017672224,0.0001606924,0.1745379323
559024.3600242240,0.0051306282,0.0006857364,9.7935428540,-0.0008986921,0.0001389912,0.1745813227
559024.3700242240,0.0062036408,-0.0015975821,9.7930753972,-0.0020169249,0.0001606924,0.1745379323
559024.3800242241,0.0037490337,0.0044929346,9.7943185654,-0.0008769788,0.0001498418,0.1745704751
559024.3900242239,0.0033150536,-0.0034399243,9.7934036857,-0.0018975020,0.0001606924,0.1745270847
559024.4000242240,0.0055782914,0.0051104762,9.7944561293,-0.0010723981,0.0001606924,0.1745162371
559024.4100242240,0.0042290445,-0.0034361032,9.7932435635,-0.0015392332,0.0001389912,0.1745162371
559024.4200242240,0.0046641858,0.0038867175,9.7940056544,-0.0014740934,0.0001498418,0.1745379323
559024.4300242240,0.0048344535,-0.0019084023,9.7933916959,-0.0011592512,0.0001498418,0.1745379323
559024.4400242240,0.0034503646,0.0012889660,9.7935570892,-0.0018432188,0.0001606924,0.1745596275
559024.4500242240,0.0043680684,0.0019025476,9.7941597948,-0.0008661222,0.0001172899,0.1746247130
559024.4600242240,0.0051418743,-0.0028222438,9.7932362301,-0.0020494948,0.0001606924,0.1745921703
559024.4700242240,0.0051194395,0.0048036854,9.7941547765,-0.0008661222,0.0001389912,0.1746247130
559024.4800242240,0.0054487002,-0.0035835584,9.7930808341,-0.0018215056,0.0001823937,0.1746138654
559024.4900242240,0.0048150219,0.0052598767,9.7944625427,-0.0011809644,0.0001498418,0.1746030179
559024.5000242240,0.0040789179,-0.0037418517,9.7933972025,-0.0014632368,0.0001389912,0.1745813227
559024.5100242239,0.0051223854,0.0037360664,9.7940017784,-0.0015826597,0.0001498418,0.1745921703
559024.5200242240,0.0049871317,-0.0003828551,9.7941536735,-0.0010941114,0.0001498418,0.1745270847
559024.5300242240,0.0033056496,0.0002204440,9.7940153989,-0.0019409285,0.0001606924,0.1745270847
559024.5400242240,0.0042143150,0.0019019918,9.7940085538,-0.0008335523,0.0001172899,0.1745053895
559024.5500242240,0.0049875833,-0.0020603039,9.7933903574,-0.0019734984,0.0001823937,0.1745270847
559024.5600242240,0.0049639300,0.0055656947,9.7941563940,-0.0009529752,0.0001498418,0.1745596275
559024.5700242240,0.0040812976,-0.0043519594,9.7933969235,-0.0018106489,0.0001606924,0.1745596275
559024.5800242240,0.0035970650,0.0040347981,9.7941671151,-0.0011918211,0.0001498418,0.1745270847
559024.5900242240,0.0042248801,-0.0023684147,9.7932440518,-0.0014415235,0.0001389912,0.1745162371
559024.6000242240,0.0055751448,0.0040432044,9.7935405824,-0.0015609465,0.0001715430,0.1744945419
559024.6100242240,0.0051438024,-0.0017549026,9.7939992672,-0.0011375379,0.0001389912,0.1745053895
559024.6200242240,0.0034575896,0.0003735962,9.7940141999,-0.0017997923,0.0001606924,0.1745270847
559024.6300242241,0.0042101219,0.0026646958,9.7938563928,-0.0009421186,0.0001064393,0.1745704751
559024.6400242239,0.0055947197,-0.0016001527,9.7932329819,-0.0020060683,0.0001823937,0.1746897986
559024.6500242240,0.0051217331,0.0032786246,9.7936965496,-0.0008769788,0.0001389912,0.1747982745
559024.6600242240,0.0043827406,-0.0040455161,9.7930895060,-0.0019083586,0.0001498418,0.1747223414
559024.6700242240,0.0043544140,0.0057156511,9.7943140485,-0.0010072584,0.0001498418,0.1746030179
559024.6800242240,0.0049959695,-0.0035857120,9.7936946793,-0.0016260862,0.0001498418,0.1745270847
559024.6900242240,0.0058783438,0.0035870825,9.7930803064,-0.0014089536,0.0001498418,0.1745813227
559024.7000242240,0.0045403215,-0.0022152622,9.7946141719,-0.0012026777,0.0001823937,0.1745813227
559024.7100242240,0.0043692295,0.0012925094,9.7940070060,-0.0018215056,0.0001281405,0.1746138654
559024.7200242240,0.0042155621,0.0022069067,9.7943137128,-0.0009312620,0.0001498418,0.1745921703
559024.7300242240,0.0057502865,-0.0017521932,9.7935366630,-0.0019843550,0.0001606924,0.1745921703
559024.7400242240,0.0040480109,0.0044945324,9.7935534791,-0.0008552655,0.0001389912,0.1745704751
559024.7500242240,0.0039282251,-0.0035900889,9.7937035605,-0.0018757887,0.0001715430,0.1746138654
559024.7600242239,0.0046581792,0.0048020179,9.7937010534,-0.0010289716,0.0001498418,0.1745704751
559024.7700242240,0.0053003870,-0.0040419033,9.7933869131,-0.0016695127,0.0001281405,0.1745921703
559024.7800242240,0.0054256418,0.0038899133,9.7938468009,-0.0013655271,0.0001715430,0.1745704751
559024.7900242240,0.0046849792,-0.0017567090,9.7938505636,-0.0013003873,0.0001498418,0.1745704751
559024.8000242240,0.0036012294,0.0029671096,9.7941666268,-0.0017563658,0.0001498418,0.1745487799
559024.8100242240,0.0045320501,0.0005300834,9.7949204470,-0.0009312620,0.0001606924,0.1745921703
559024.8200242240,0.0049899630,-0.0026704116,9.7933900784,-0.0019734984,0.0001823937,0.1745379323
559024.8300242240,0.0035976312,0.0035772867,9.7940143960,-0.0008444089,0.0001064393,0.1745813227
559024.8400242240,0.0043864248,-0.0037407400,9.7936996845,-0.0019192152,0.0001715430,0.1745596275
559024.8500242240,0.0048174016,0.0046497691,9.7944622637,-0.0010506849,0.0001389912,0.1745813227
559024.8600242250,0.0043840451,-0.0031306324,9.7936999636,-0.0016369429,0.0001715430,0.1746030179
559024.8700242250,0.0040504766,0.0047993779,9.7940111479,-0.0014198103,0.0001606924,0.1746247130
559024.8800242250,0.0039234658,-0.0023698736,9.7937041186,-0.0011809644,0.0001498418,0.1746138654
559024.8900242250,0.0065125382,0.0002333665,9.7944462847,-0.0018432188,0.0001823937,0.1746138654
559024.9000242250,0.0055860540,0.0034326107,9.7946078717,-0.0008661222,0.0001606924,0.1745379323
559024.9100242250,0.0029961573,-0.0014579777,9.7926445812,-0.0020169249,0.0001606924,0.1744836943
559024.9200242250,0.0038977410,0.0026638619,9.7929438717,-0.0009204053,0.0001172899,0.1744728467
559024.9300242250,0.0060679069,-0.0043440391,9.7938379592,-0.0018323622,0.0001715430,0.1744945419
559024.9400242250,0.0066546513,0.0060293203,9.7959727642,-0.0010723981,0.0001606924,0.1745162371
559024.9500242251,0.0043768487,-0.0019102781,9.7933955021,-0.0015935163,0.0001823937,0.1745379323
559024.9600242249,0.0026900697,0.0006757320,9.7935631538,-0.0014632368,0.0001498418,0.1746030179
559024.9700242250,0.0045402642,-0.0028252310,9.7943088734,-0.0011592512,0.0001172899,0.1746681034
559024.9800242250,0.0064909205,0.0035894448,9.7933802510,-0.0018106489,0.0001932443,0.1746897986
559024.9900242250,0.0057347900,0.0019085223,9.7933858274,-0.0009529752,0.0001172899,0.1746464082
559025.0000242250,0.0025517267,-0.0039004925,9.7931048006,-0.0019843550,0.0001715430,0.1745704751
559025.0100242250,0.0040594864,0.0034264273,9.7944680493,-0.0008009824,0.0001172899,0.1748959029
559025.0200242250,0.0062114894,-0.0023604944,9.7936850875,-0.0018757887,0.0001606924,0.1745162371
559025.0300242250,0.0066388394,0.0063352073,9.7941427867,-0.0010941114,0.0001606924,0.1745379323
559025.0400242250,0.0034789205,-0.0060323260,9.7935537409,-0.0015609465,0.0001715430,0.1745053895
559025.0500242250,0.0025383304,0.0026574705,9.7946328977,-0.0015609465,0.0001281405,0.1745162371
559025.0600242250,0.0057413054,-0.0000742582,9.7932324108,-0.0010181150,0.0001606924,0.1745053895
559025.0700242250,0.0066626074,-0.0000708537,9.7939873471,-0.0020277815,0.0001823937,0.1745704751
559025.0800242251,0.0054401205,0.0023641581,9.7949136717,-0.0007684125,0.0001389912,0.1745921703
559025.0900242249,0.0027180881,-0.0058830643,9.7938651738,-0.0019626417,0.0001715430,0.1745596275
559025.1000242250,0.0042006892,0.0060200796,9.7943154567,-0.0010181150,0.0001172899,0.1745379323
559025.1100242250,0.0065237269,-0.0038845825,9.7938343622,-0.0015500898,0.0001498418,0.1745813227
559025.1200242250,0.0060393796,0.0032822373,9.7939939567,-0.0015609465,0.0001606924,0.1745921703
559025.1300242250,0.0036136080,-0.0014558932,9.7935545648,-0.0010398282,0.0001498418,0.1745704751
559025.1400242250,0.0042245146,0.0002239874,9.7944653157,-0.0019300718,0.0001498418,0.1745704751
559025.1500242250,0.0049710403,0.0034303873,9.7940029076,-0.0007792691,0.0001172899,0.1745270847
559025.1600242250,0.0060672833,-0.0044964966,9.7936853796,-0.0020169249,0.0001823937,0.1745162371
559025.1700242250,0.0048180252,0.0048022265,9.7946148432,-0.0009638318,0.0001389912,0.1745270847
559025.1800242250,0.0028543595,-0.0038991031,9.7927972436,-0.0017346525,0.0001606924,0.1745053895
559025.1900242250,0.0043561414,0.0046481015,9.7940085406,-0.0013112440,0.0001172899,0.1745704751
559025.2000242251,0.0068257648,-0.0037306662,9.7935268750,-0.0013003873,0.0001606924,0.1745487799
559025.2100242249,0.0065059654,0.0016061782,9.7942944027,-0.0017129393,0.0001606924,0.1745487799
559025.2200242250,0.0033032699,0.0008305517,9.7940156779,-0.0008878354,0.0001389912,0.1745704751
559025.2300242250,0.0040669909,-0.0009962978,9.7932459483,-0.0019626417,0.0001606924,0.1745596275
559025.2400242250,0.0054273979,0.0031273482,9.7936939424,-0.0008769788,0.0001498418,0.1745813227
559025.2500242250,0.0054565775,-0.0040414864,9.7938431736,-0.0018757887,0.0001606924,0.1745596275
559025.2600242250,0.0051231237,0.0051084615,9.7947649550,-0.0010398282,0.0001389912,0.1745270847
559025.2700242250,0.0037726870,-0.0031330640,9.7935525287,-0.0016369429,0.0001606924,0.1745596275
559025.2800242250,0.0052743254,0.0038892186,9.7940005794,-0.0013763838,0.0001606924,0.1745379323
559025.2900242250,0.0060570264,-0.0034284610,9.7929233191,-0.0012243909,0.0001172899,0.1745270847
559025.3000242250,0.0058982915,0.0019085226,9.7947571464,-0.0017563658,0.0001823937,0.1745596275
559025.3100242250,0.0046748656,0.0008362486,9.7938517495,-0.0009638318,0.0001389912,0.1745379323
559025.3200242250,0.0037709309,-0.0023704989,9.7937053873,-0.0019843550,0.0001715430,0.1745487799
559025.3300242251,0.0051253887,0.0032784162,9.7941540789,-0.0008552655,0.0001498418,0.1745270847
559025.3400242249,0.0056061091,-0.0035832109,9.7936896044,-0.0018975020,0.0001606924,0.1745270847
559025.3500242250,0.0039022495,0.0052559862,9.7947751747,-0.0010181150,0.0001498418,0.1745813227
559025.3600242250,0.0034741899,-0.0045071263,9.7937069482,-0.0016369429,0.0001715430,0.1745813227
559025.3700242250,0.0043633090,0.0031227629,9.7941603528,-0.0013980970,0.0001281405,0.1746030179
559025.3800242250,0.0062115468,-0.0017505257,9.7939903860,-0.0012678175,0.0001606924,0.1745704751
559025.3900242250,0.0049763659,0.0017526607,9.7938496306,-0.0017563658,0.0001823937,0.1745596275
559025.4000242250,0.0036124755,-0.0005408706,9.7938600029,-0.0009638318,0.0001389912,0.1745921703
559025.4100242250,0.0051455871,-0.0022124833,9.7939990579,-0.0019626417,0.0001715430,0.1746030179
559025.4200242250,0.0046636195,0.0043442288,9.7941583734,-0.0008009824,0.0001498418,0.1745921703
559025.4300242250,0.0052985449,-0.0041942914,9.7930818238,-0.0019300718,0.0001715430,0.1746247130
559025.4400242250,0.0043591733,0.0044954358,9.7943134904,-0.0010506849,0.0001389912,0.1745921703
559025.4500242251,0.0054577099,-0.0049565090,9.7935377356,-0.0015718031,0.0001389912,0.1745487799
559025.4600242249,0.0045110846,0.0043436035,9.7941596422,-0.0015066633,0.0001606924,0.1745596275
559025.4700242250,0.0042298115,-0.0017587237,9.7941593894,-0.0010941114,0.0001172899,0.1745704751
559025.4800242250,0.0043739315,-0.0005376748,9.7937011494,-0.0018540754,0.0001823937,0.1746138654
559025.4900242250,0.0049774984,0.0008376380,9.7935441925,-0.0008444089,0.0001064393,0.1745921703
559025.5000242250,0.0051413941,-0.0014497793,9.7938468969,-0.0020060683,0.0001715430,0.1745379323
559025.5100242250,0.0048192150,0.0044971727,9.7946147037,-0.0008986921,0.0001498418,0.1745704751
559025.5200242250,0.0045345372,-0.0054172859,9.7923250607,-0.0018432188,0.0001606924,0.1746138654
559025.5300242250,0.0052640398,0.0046522698,9.7930858697,-0.0011483945,0.0001498418,0.1746247130
559025.5400242250,0.0052956850,-0.0022117192,9.7936927697,-0.0014632368,0.0001606924,0.1746030179
559025.5500242250,0.0052797370,0.0031264452,9.7943052502,-0.0015283766,0.0001389912,0.1745813227
559025.5600242250,0.0048417072,-0.0025187877,9.7940014559,-0.0010723981,0.0001715430,0.1745379323
559025.5700242250,0.0031440762,0.0012877849,9.7934071169,-0.0018540754,0.0001498418,0.1745270847
559025.5800242251,0.0063631499,0.0013000130,9.7953631002,-0.0009312620,0.0001064393,0.1744728467
559025.5900242249,0.0071211726,-0.0028139069,9.7927622073,-0.0019626417,0.0001932443,0.1744836943
559025.6000242250,0.0036061321,0.0032718163,9.7949293151,-0.0008661222,0.0001498418,0.1745270847
559025.6100242250,0.0031631996,-0.0026781233,9.7938628325,-0.0018757887,0.0001606924,0.1745487799
559025.6200242250,0.0046556849,0.0041921880,9.7930907354,-0.0010289716,0.0001172899,0.1747657318
559025.6300242250,0.0069824354,-0.0051027137,9.7933724687,-0.0016152296,0.0001715430,0.1747548842
559025.6400242250,0.0052773860,0.0040415372,9.7944581785,-0.0013221006,0.0001498418,0.1746572558
559025.6500242250,0.0031614148,-0.0022205425,9.7938630418,-0.0013112440,0.0001498418,0.1745921703
559025.6600242250,0.0049776131,0.0020575756,9.7941547896,-0.0017346525,0.0001498418,0.1744619991
559025.6700242250,0.0056014645,-0.0011430580,9.7943007595,-0.0009421186,0.0001389912,0.1745162371
559025.6800242250,0.0056001886,-0.0017529573,9.7938429512,-0.0019300718,0.0001823937,0.1745487799
559025.6900242250,0.0039020775,0.0034260798,9.7938592790,-0.0007792691,0.0001498418,0.1745813227
559025.7000242251,0.0039245696,-0.0035898806,9.7932460312,-0.0019409285,0.0001606924,0.1745596275
559025.7100242249,0.0055740123,0.0049582270,9.7938460205,-0.0009855451,0.0001172899,0.1745379323
559025.7200242250,0.0065272391,-0.0054097128,9.7935286451,-0.0017020826,0.0001715430,0.1745596275
559025.7300242250,0.0052767911,0.0041940641,9.7944582482,-0.0013003873,0.0001606924,0.1745487799
559025.7400242250,0.0039204912,-0.0016072390,9.7937044673,-0.0012678175,0.0001389912,0.1745487799
559025.7500242250,0.0048269203,0.0022093384,9.7944611476,-0.0017237959,0.0001389912,0.1745596275
559025.7600242250,0.0052969896,-0.0012968354,9.7943032272,-0.0009746885,0.0001498418,0.1745813227
559025.7700242250,0.0060524104,-0.0006833236,9.7936871235,-0.0019083586,0.0001715430,0.1745270847
559025.7800242250,0.0042065810,0.0038848417,9.7940094606,-0.0008552655,0.0001498418,0.1745813227
559025.7900242250,0.0046848645,-0.0029766466,9.7932399666,-0.0019952116,0.0001606924,0.1745704751
559025.8000242250,0.0057355283,0.0032809173,9.7941490040,-0.0009312620,0.0001172899,0.1745813227
559025.8100242250,0.0066797740,-0.0054090875,9.7935273764,-0.0017129393,0.0001823937,0.1745596275
559025.8200242250,0.0046618348,0.0048018096,9.7941585827,-0.0012678175,0.0001606924,0.1745487799
559025.8300242251,0.0037654906,-0.0019127098,9.7932480673,-0.0013221006,0.0001389912,0.1746030179
559025.8400242249,0.0059000762,0.0014509419,9.7947569372,-0.0017129393,0.0001823937,0.1745270847
559025.8500242250,0.0054477684,-0.0005336450,9.7944548170,-0.0009421186,0.0001064393,0.1745596275
559025.8600242250,0.0052927105,-0.0014490846,9.7936931185,-0.0019843550,0.0001823937,0.1745053895
559025.8700242250,0.0051169738,0.0044988399,9.7936971077,-0.0007901258,0.0001172899,0.1745596275
559025.8800242250,0.0054516461,-0.0046511774,9.7929278360,-0.0018975020,0.0001715430,0.1745596275
559025.8900242250,0.0054178219,0.0049578101,9.7933897600,-0.0010615415,0.0001498418,0.1745162371
559025.9000242250,0.0046999094,-0.0049599131,9.7941541183,-0.0014849500,0.0001606924,0.1745162371
559025.9100242250,0.0052834212,0.0034312212,9.7949154287,-0.0015609465,0.0001498418,0.1745487799
559025.9200242250,0.0051360398,-0.0000770371,9.7938475248,-0.0010506849,0.0001606924,0.1745053895
559025.9300242250,0.0048345108,-0.0012984335,9.7936969944,-0.0019626417,0.0001606924,0.1745704751
559025.9400242260,0.0045199510,0.0014457310,9.7938532973,-0.0007792691,0.0001064393,0.1745813227
559025.9500242260,0.0048415925,-0.0037387253,9.7933908588,-0.0019626417,0.0001715430,0.1746030179
559025.9600242260,0.0049591133,0.0061759413,9.7938516535,-0.0009529752,0.0001498418,0.1745921703
559025.9700242260,0.0051538586,-0.0049578290,9.7936927828,-0.0016586561,0.0001498418,0.1746138654
559025.9800242260,0.0048239744,0.0032769574,9.7946141457,-0.0013655271,0.0001823937,0.1745813227
559025.9900242260,0.0048386752,-0.0023661219,9.7936965061,-0.0012786741,0.0001172899,0.1745813227
559026.0000242260,0.0052814644,0.0020588956,9.7939997424,-0.0017020826,0.0001606924,0.1745596275
559026.0100242260,0.0069652976,0.0005405045,9.7939850887,-0.0008986921,0.0001498418,0.1748416649
559026.0200242260,0.0051407418,-0.0019072212,9.7935416682,-0.0019192152,0.0001498418,0.1745487799
559026.0300242261,0.0045145968,0.0028184733,9.7938539251,-0.0008444089,0.0001389912,0.1745813227
559026.0400242259,0.0039227275,-0.0037422687,9.7929409420,-0.0019192152,0.0001715430,0.1745379323
559026.0500242260,0.0060298036,0.0051126992,9.7936897743,-0.0009746885,0.0000955887,0.1745704751
559026.0600242260,0.0059123114,-0.0044969830,9.7933816289,-0.0017020826,0.0001932443,0.1745921703
559026.0700242260,0.0046678986,0.0044964780,9.7947684822,-0.0012786741,0.0001498418,0.1745921703
559026.0800242260,0.0031624900,-0.0037455339,9.7932523052,-0.0012895307,0.0001389912,0.1745487799
559026.0900242260,0.0055882903,0.0012975810,9.7938443464,-0.0017129393,0.0001498418,0.1746138654
559026.1000242260,0.0065046609,0.0006912945,9.7936839451,-0.0009204053,0.0001498418,0.1745921703
559026.1100242260,0.0060583883,-0.0019036084,9.7938390753,-0.0019952116,0.0001715430,0.1745379323
559026.1200242260,0.0046684362,0.0037339823,9.7944631139,-0.0008335523,0.0001498418,0.1745053895
559026.1300242260,0.0033155911,-0.0042024200,9.7930983174,-0.0019300718,0.0001281405,0.1744728467
559026.1400242260,0.0058863645,0.0046540766,9.7946058923,-0.0010072584,0.0001498418,0.1744945419
559026.1500242261,0.0069782997,-0.0037300409,9.7935256062,-0.0015609465,0.0001606924,0.1744728467
559026.1600242259,0.0042101792,0.0032746646,9.7941616913,-0.0014523802,0.0001715430,0.1744728467
559026.1700242260,0.0028587534,-0.0025269163,9.7940179495,-0.0011158246,0.0001172899,0.1745162371
559026.1800242260,0.0062002147,0.0008425014,9.7938390621,-0.0018540754,0.0001498418,0.1745487799
559026.1900242260,0.0063468004,0.0023683958,9.7938384910,-0.0008444089,0.0001498418,0.1745813227
559026.2000242260,0.0049941847,-0.0031281312,9.7936948886,-0.0020277815,0.0001932443,0.1745596275
559026.2100242260,0.0037484101,0.0043404772,9.7941659858,-0.0008661222,0.0001172899,0.1745813227
559026.2200242260,0.0050018900,-0.0054159656,9.7935413325,-0.0017455092,0.0001498418,0.1746247130
559026.2300242260,0.0061859080,0.0041981630,9.7936880870,-0.0012461042,0.0001715430,0.1746355606
559026.2400242260,0.0043809845,-0.0032829510,9.7932423645,-0.0013221006,0.0001389912,0.1746138654
559026.2500242260,0.0055877240,0.0017550923,9.7939970654,-0.0017346525,0.0001606924,0.1746247130
559026.2600242260,0.0058987430,0.0002310737,9.7939938303,-0.0009421186,0.0001389912,0.1745704751
559026.2700242260,0.0051419603,-0.0019072906,9.7936941779,-0.0019734984,0.0001606924,0.1745921703
559026.2800242261,0.0057421871,0.0028230588,9.7947588337,-0.0008009824,0.0001498418,0.1745704751
559026.2900242259,0.0034729714,-0.0045070568,9.7935544384,-0.0018757887,0.0001715430,0.1746681034
559026.3000242260,0.0031347583,0.0058631064,9.7944767779,-0.0010615415,0.0001389912,0.1746789510
559026.3100242260,0.0059123401,-0.0041919986,9.7935342781,-0.0015826597,0.0001389912,0.1745921703
559026.3200242260,0.0069605382,0.0017607198,9.7939856467,-0.0014415235,0.0001715430,0.1744945419
559026.3300242260,0.0059033877,-0.0022090792,9.7933826752,-0.0011266813,0.0001498418,0.1745053895
559026.3400242260,0.0028450416,0.0006762184,9.7938669046,-0.0018757887,0.0001606924,0.1745379323
559026.3500242260,0.0051252453,0.0017534943,9.7933908326,-0.0008118390,0.0001389912,0.1746138654
559026.3600242260,0.0068257935,-0.0034256818,9.7936795242,-0.0019734984,0.0001606924,0.1746138654
559026.3700242260,0.0057300880,0.0037387064,9.7936916840,-0.0008661222,0.0001389912,0.1746138654
559026.3800242260,0.0037725723,-0.0043530016,9.7929419317,-0.0018106489,0.0001715430,0.1745813227
559026.3900242260,0.0029815711,0.0054050392,9.7941728178,-0.0011592512,0.0001172899,0.1745704751
559026.4000242261,0.0065213472,-0.0032744748,9.7938346412,-0.0014415235,0.0001498418,0.1745053895
559026.4100242259,0.0061930757,0.0026728244,9.7938398992,-0.0015609465,0.0001606924,0.1746030179
559026.4200242260,0.0048327261,-0.0008408528,9.7936972037,-0.0009638318,0.0001606924,0.1746247130
559026.4300242260,0.0043805616,-0.0013005177,9.7941583299,-0.0019626417,0.0001606924,0.1745270847
559026.4400242260,0.0048227559,0.0032770268,9.7944616359,-0.0008009824,0.0001064393,0.1745270847
559026.4500242260,0.0068287107,-0.0047982851,9.7933738769,-0.0019843550,0.0001715430,0.1744836943
559026.4600242260,0.0058856835,0.0038916503,9.7941480142,-0.0009312620,0.0001606924,0.1745162371
559026.4700242260,0.0042362408,-0.0046564574,9.7935480250,-0.0016586561,0.0001606924,0.1745487799
559026.4800242260,0.0054226672,0.0046525479,9.7938471497,-0.0013546705,0.0001606924,0.1745487799
559026.4900242260,0.0062144066,-0.0037330978,9.7933794402,-0.0012135343,0.0001064393,0.1746030179
559026.5000242260,0.0054417619,0.0003816554,9.7941502161,-0.0017346525,0.0001823937,0.1746030179
559026.5100242260,0.0037638779,0.0003747773,9.7941641722,-0.0009421186,0.0001498418,0.1745921703
559026.5200242260,0.0049876406,-0.0014503352,9.7936956559,-0.0019409285,0.0001498418,0.1745596275
559026.5300242261,0.0065005252,0.0020639673,9.7938370827,-0.0008444089,0.0001389912,0.1746138654
559026.5400242259,0.0065218561,-0.0043419549,9.7933766237,-0.0018975020,0.0001823937,0.1746138654
559026.5500242260,0.0034373624,0.0055595114,9.7940165716,-0.0009746885,0.0001389912,0.1746030179
559026.5600242260,0.0045406871,-0.0048076643,9.7933929080,-0.0016152296,0.0001498418,0.1745162371
559026.5700242260,0.0071143490,0.0023712445,9.7944421863,-0.0013872404,0.0001498418,0.1744836943
559026.5800242260,0.0062060491,-0.0019027054,9.7932277675,-0.0011809644,0.0001498418,0.1744619991
559026.5900242260,0.0049763372,0.0014476763,9.7936969813,-0.0018432188,0.0001823937,0.1745379323
559026.6000242260,0.0042244572,-0.0003859814,9.7941600172,-0.0008118390,0.0001064393,0.1745813227
559026.6100242260,0.0065206663,-0.0040369011,9.7933767632,-0.0019734984,0.0001606924,0.1745487799
559026.6200242260,0.0069456080,0.0049639240,9.7936820921,-0.0008444089,0.0001606924,0.1745704751
559026.6300242260,0.0056048619,-0.0038881258,9.7933844454,-0.0018432188,0.0001498418,0.1745596275
559026.6400242260,0.0037495712,0.0037304389,9.7940131971,-0.0011483945,0.0001715430,0.1745704751
559026.6500242261,0.0057664066,-0.0052604511,9.7938400781,-0.0014415235,0.0001389912,0.1745813227
559026.6600242259,0.0060436300,0.0031295021,9.7944514162,-0.0015609465,0.0001606924,0.1745813227
559026.6700242260,0.0052921729,-0.0006865889,9.7939984868,-0.0010181150,0.0001389912,0.1745813227
559026.6800242260,0.0042225291,-0.0014533227,9.7933969801,-0.0019192152,0.0001715430,0.1746030179
559026.6900242260,0.0049794265,0.0019049793,9.7943072296,-0.0007901258,0.0001389912,0.1746138654
559026.7000242260,0.0060630329,-0.0043437613,9.7932279201,-0.0019952116,0.0001606924,0.1745487799
559026.7100242260,0.0064904116,0.0046569249,9.7938382686,-0.0009421186,0.0001498418,0.1745596275
559026.7200242260,0.0043863961,-0.0040457244,9.7935470353,-0.0017346525,0.0001715430,0.1745162371
559026.7300242260,0.0043590873,0.0035804826,9.7938555426,-0.0012461042,0.0001064393,0.1745813227
559026.7400242260,0.0056156564,-0.0057186572,9.7938411376,-0.0013112440,0.0001606924,0.1745921703
559026.7500242260,0.0060446765,0.0012995263,9.7936880304,-0.0016152296,0.0001281405,0.1745379323
559026.7600242260,0.0054241939,0.0014501076,9.7924730970,-0.0009638318,0.0001498418,0.1745270847
559026.7700242260,0.0042578371,-0.0017603208,9.7976671138,-0.0019300718,0.0001715430,0.1745487799
559026.7800242261,0.0052717163,0.0020594511,9.7927796643,-0.0008335523,0.0001389912,0.1745921703
559026.7900242259,0.0057694672,-0.0051081325,9.7942976771,-0.0019409285,0.0001606924,0.1746138654
559026.8000242260,0.0046631106,0.0054117089,9.7946163910,-0.0009421186,0.0001172899,0.1745704751
559026.8100242260,0.0051355810,-0.0049567874,9.7914051364,-0.0017020826,0.0001606924,0.1745921703
559026.8200242260,0.0062016339,0.0029773227,9.7950601168,-0.0012352476,0.0001498418,0.1746247130
559026.8300242260,0.0054590431,-0.0037366408,9.7943008424,-0.0013655271,0.0001389912,0.1745813227
559026.8400242260,0.0051252166,0.0014485099,9.7932381833,-0.0016260862,0.0001715430,0.1745596275
559026.8500242260,0.0051396093,-0.0009921986,9.7938471062,-0.0010289716,0.0001064393,0.1745270847
559026.8600242260,0.0052976418,-0.0008393936,9.7946084560,-0.0018975020,0.0001715430,0.1745162371
559026.8700242260,0.0058884574,0.0009941249,9.7930791206,-0.0008335523,0.0001389912,0.1745813227
559026.8800242260,0.0050025422,-0.0049585237,9.7938465613,-0.0019409285,0.0001715430,0.1745487799
559026.8900242260,0.0051218192,0.0041935777,9.7941544974,-0.0008661222,0.0001172899,0.1745162371
559026.9000242261,0.0051478808,-0.0037375442,9.7935408311,-0.0017563658,0.0001606924,0.1745162371
559026.9100242259,0.0057361519,0.0034333748,9.7943015835,-0.0012243909,0.0001172899,0.1745162371
559026.9200242260,0.0052984589,-0.0051092445,9.7926238760,-0.0013872404,0.0001606924,0.1745053895
559026.9300242260,0.0055846634,0.0016027737,9.7935394663,-0.0015826597,0.0001715430,0.1745487799
559026.9400242260,0.0048436353,-0.0014514465,9.7947644930,-0.0010181150,0.0001064393,0.1746247130
559026.9500242260,0.0049828526,-0.0005351042,9.7935435647,-0.0018757887,0.0001715430,0.1746464082
559026.9600242260,0.0055901324,0.0014499691,9.7941494356,-0.0008444089,0.0001389912,0.1746464082
559026.9700242260,0.0049966217,-0.0031282701,9.7939999081,-0.0019409285,0.0001606924,0.1745487799
559026.9800242260,0.0051216758,0.0026686558,9.7933912511,-0.0009204053,0.0001064393,0.1745596275
559026.9900242260,0.0051489273,-0.0055675200,9.7927774452,-0.0017672224,0.0001498418,0.1745596275
559027.0000242260,0.0052677240,0.0049570459,9.7936960482,-0.0011809644,0.0001715430,0.1745379323
559027.0100242270,0.0049953172,-0.0040431539,9.7933894506,-0.0013546705,0.0001389912,0.1747982745
559027.0200242270,0.0063606842,0.0009951675,9.7949054315,-0.0016369429,0.0001498418,0.1745379323
559027.0300242270,0.0048351918,-0.0005360072,9.7941548725,-0.0009855451,0.0001498418,0.1745596275
559027.0400242270,0.0045301219,-0.0005372578,9.7941574100,-0.0019083586,0.0001606924,0.1747765794
559027.0500242270,0.0048244546,0.0019044929,9.7940034788,-0.0008444089,0.0001389912,0.1747765794
559027.0600242270,0.0059117165,-0.0043444560,9.7933816986,-0.0019626417,0.0001823937,0.1745921703
559027.0700242270,0.0052778949,0.0029740571,9.7940001609,-0.0009204053,0.0001172899,0.1746138654
559027.0800242270,0.0046908136,-0.0045019157,9.7932392690,-0.0017237959,0.0001498418,0.1745487799
559027.0900242270,0.0046721204,0.0040387584,9.7950732925,-0.0012135343,0.0001606924,0.1746030179
559027.1000242271,0.0060624380,-0.0041912344,9.7932279899,-0.0013546705,0.0001606924,0.1745704751
559027.1100242269,0.0052856288,0.0009912072,9.7939992541,-0.0016477995,0.0001281405,0.1745487799
559027.1200242270,0.0043739028,-0.0008426592,9.7935485001,-0.0010072584,0.0001498418,0.1745704751
559027.1300242270,0.0056044391,-0.0019056926,9.7943004107,-0.0018975020,0.0001715430,0.1745704751
559027.1400242270,0.0054315623,0.0020596598,9.7936934541,-0.0008335523,0.0000955887,0.1745704751
559027.1500242270,0.0046914659,-0.0040444739,9.7935444978,-0.0019192152,0.0001606924,0.1745487799
559027.1600242270,0.0048209138,0.0031246388,9.7941565466,-0.0009312620,0.0001606924,0.1745162371
559027.1700242270,0.0057573395,-0.0044974694,9.7930778781,-0.0017455092,0.0001498418,0.1745053895
559027.1800242270,0.0057319588,0.0041960788,9.7941494225,-0.0012026777,0.0001389912,0.1745270847
559027.1900242270,0.0046987483,-0.0043498749,9.7943069071,-0.0014198103,0.0001715430,0.1745704751
559027.2000242270,0.0051319901,0.0022105889,9.7944586101,-0.0015826597,0.0001606924,0.1745487799
559027.2100242270,0.0057478782,-0.0014470699,9.7933842927,-0.0009746885,0.0000847381,0.1745921703
559027.2200242270,0.0068162461,-0.0012902355,9.7935279911,-0.0018757887,0.0001823937,0.1745813227
559027.2300242271,0.0055883763,0.0022125342,9.7943022942,-0.0008661222,0.0001498418,0.1746138654
559027.2400242270,0.0036267821,-0.0038965322,9.7940109780,-0.0019409285,0.0001498418,0.1746030179
559027.2500242270,0.0046691171,0.0044964086,9.7949209920,-0.0009529752,0.0000847381,0.1745813227
559027.2600242270,0.0066919590,-0.0054097819,9.7950524740,-0.0017346525,0.0001498418,0.1745813227
559027.2700242270,0.0063450443,0.0031309610,9.7939913495,-0.0012135343,0.0001498418,0.1745487799
559027.2800242270,0.0045322149,-0.0041972094,9.7926306382,-0.0013221006,0.0001823937,0.1745487799
559027.2900242270,0.0039036902,0.0011385927,9.7929431742,-0.0016369429,0.0001823937,0.1745813227
559027.3000242270,0.0062030172,-0.0017500396,9.7929228177,-0.0010072584,0.0001498418,0.1745596275
559027.3100242270,0.0071206924,-0.0014414424,9.7933728741,-0.0019300718,0.0001498418,0.1746030179
559027.3200242270,0.0052900226,0.0023633939,9.7952199599,-0.0008335523,0.0000847381,0.1746030179
559027.3300242270,0.0039409191,-0.0046582634,9.7947706405,-0.0019192152,0.0001606924,0.1745921703
559027.3400242270,0.0049814120,0.0035822893,9.7953755652,-0.0009312620,0.0001172899,0.1745813227
559027.3500242271,0.0060703153,-0.0046491624,9.7939903294,-0.0016695127,0.0001823937,0.1746030179
559027.3600242269,0.0058868447,0.0032816121,9.7939952255,-0.0012243909,0.0002040949,0.1746030179
559027.3700242270,0.0043790850,-0.0040453078,9.7926319767,-0.0013546705,0.0001389912,0.1745704751
559027.3800242270,0.0048134307,0.0012951490,9.7923255925,-0.0016152296,0.0001498418,0.1745379323
559027.3900242270,0.0057436277,-0.0012943347,9.7929268332,-0.0010181150,0.0000955887,0.1746030179
559027.4000242270,0.0062073250,-0.0012928060,9.7936855758,-0.0018866453,0.0001823937,0.1746247130
559027.4100242270,0.0051411146,0.0020575760,9.7955261087,-0.0008335523,0.0001498418,0.1746030179
559027.4200242270,0.0037859758,-0.0043537654,9.7946195390,-0.0019409285,0.0001498418,0.1745704751
559027.4300242270,0.0055866489,0.0032800838,9.7946078020,-0.0009204053,0.0001064393,0.1745596275
559027.4400242270,0.0060617857,-0.0046486763,9.7929227611,-0.0017346525,0.0001498418,0.1745379323
559027.4500242270,0.0057319588,0.0041960788,9.7941494225,-0.0011809644,0.0001606924,0.1745379323
559027.4600242270,0.0049928228,-0.0046529838,9.7927791325,-0.0014415235,0.0001606924,0.1744945419
559027.4700242270,0.0051228656,0.0023636019,9.7933911116,-0.0014849500,0.0001389912,0.1744619991
559027.4800242271,0.0062072390,-0.0022077592,9.7932276280,-0.0010941114,0.0001064393,0.1745270847
559027.4900242270,0.0049829100,0.0000748646,9.7938488632,-0.0018106489,0.0001064393,0.1745379323
559027.5000242270,0.0056021741,-0.0000756473,9.7949112868,-0.0008878354,0.0001498418,0.1745379323
559027.5100242270,0.0049978402,-0.0031283396,9.7941524179,-0.0019409285,0.0001932443,0.1745379323
559027.5200242270,0.0058923710,0.0037387762,9.7949104933,-0.0008661222,0.0001498418,0.1745813227
559027.5300242270,0.0059135012,-0.0048020368,9.7933814893,-0.0018432188,0.0001389912,0.1745921703
559027.5400242270,0.0054262080,0.0034324020,9.7936940819,-0.0010615415,0.0001389912,0.1746138654
559027.5500242270,0.0042355599,-0.0054188836,9.7930901469,-0.0014849500,0.0001281405,0.1745921703
559027.5600242270,0.0046671317,0.0028190985,9.7938526563,-0.0014849500,0.0001606924,0.1746355606
559027.5700242270,0.0060583022,-0.0028185616,9.7933811274,-0.0011158246,0.0001389912,0.1746572558
559027.5800242270,0.0057564364,-0.0011425716,9.7946045103,-0.0018323622,0.0001715430,0.1746464082
559027.5900242270,0.0055943828,0.0012972338,9.7946068951,-0.0008444089,0.0001172899,0.1745596275
559027.6000242271,0.0045372609,-0.0023675808,9.7941565729,-0.0019626417,0.0001498418,0.1745270847
559027.6100242269,0.0052767051,0.0032791110,9.7940003004,-0.0008118390,0.0001389912,0.1745270847
559027.6200242270,0.0057650734,-0.0064803193,9.7930769713,-0.0018215056,0.0001606924,0.1745053895
559027.6300242270,0.0061883450,0.0041980241,9.7939931065,-0.0011049680,0.0001172899,0.1744836943
559027.6400242270,0.0045443713,-0.0045028882,9.7940030865,-0.0014415235,0.0001281405,0.1745270847
559027.6500242270,0.0046713534,0.0023613789,9.7941574666,-0.0015500898,0.0001606924,0.1745270847
559027.6600242270,0.0054488722,-0.0017536520,9.7939967297,-0.0010615415,0.0001498418,0.1745704751
559027.6700242270,0.0068181742,-0.0002228942,9.7942910282,-0.0018323622,0.0001823937,0.1745596275
559027.6800242270,0.0060537723,0.0008415289,9.7946028797,-0.0008009824,0.0001715430,0.1745162371
559027.6900242270,0.0045304014,-0.0040446131,9.7924781982,-0.0019409285,0.0001064393,0.1744728467
559027.7000242270,0.0051186725,0.0031263059,9.7932389506,-0.0009204053,0.0000630368,0.1744945419
559027.7100242270,0.0056077505,-0.0055657136,9.7929261488,-0.0017672224,0.0001498418,0.1744945419
559027.7200242270,0.0054341427,0.0035844429,9.7947617200,-0.0011918211,0.0002257962,0.1745813227
559027.7300242271,0.0053077267,-0.0037373355,9.7944546209,-0.0013763838,0.0001823937,0.1745379323
559027.7400242270,0.0049806450,0.0019049098,9.7944597394,-0.0015826597,0.0001389912,0.1745813227
559027.7500242270,0.0062048593,-0.0015976515,9.7932279070,-0.0009312620,0.0000955887,0.1745813227
559027.7600242270,0.0048337725,-0.0026708286,9.7929338178,-0.0019843550,0.0001498418,0.1745921703
559027.7700242270,0.0046707585,0.0025139058,9.7941575363,-0.0007249860,0.0001172899,0.1745813227
559027.7800242270,0.0060720427,-0.0057167119,9.7936848216,-0.0019409285,0.0001823937,0.1745487799
559027.7900242270,0.0068051434,0.0037426667,9.7945978613,-0.0009855451,0.0001606924,0.1745270847
559027.8000242270,0.0048470901,-0.0035865456,9.7941534774,-0.0015718031,0.0001606924,0.1745596275
559027.8100242270,0.0051283919,0.0028207660,9.7943063794,-0.0013872404,0.0001498418,0.1745813227
559027.8200242270,0.0049952312,-0.0049581071,9.7929315027,-0.0012026777,0.0000738874,0.1745487799
559027.8300242270,0.0057462081,0.0002304484,9.7939950991,-0.0016586561,0.0001064393,0.1745596275
559027.8400242270,0.0052862524,0.0011436647,9.7941518336,-0.0010072584,0.0001172899,0.1746138654
559027.8500242271,0.0048369192,-0.0016035568,9.7938493647,-0.0018866453,0.0001932443,0.1746138654
559027.8600242269,0.0052952335,-0.0005342703,9.7944560858,-0.0008335523,0.0001606924,0.1746138654
559027.8700242270,0.0060685879,-0.0035816128,9.7942958372,-0.0019083586,0.0001823937,0.1745379323
559027.8800242270,0.0063354397,0.0046564385,9.7935345178,-0.0008878354,0.0000847381,0.1745596275
559027.8900242270,0.0042282775,-0.0051134826,9.7923277376,-0.0017455092,0.0000847381,0.1745270847
559027.9000242270,0.0046743280,0.0015987443,9.7941571178,-0.0011809644,0.0000955887,0.1745704751
559027.9100242270,0.0066786415,-0.0044940649,9.7938328144,-0.0013221006,0.0001606924,0.1745921703
559027.9200242270,0.0075720111,0.0029830891,9.7947436786,-0.0016695127,0.0002257962,0.1745487799
559027.9300242270,0.0039241180,-0.0019124317,9.7940093473,-0.0009638318,0.0001606924,0.1745813227
559027.9400242270,0.0053004157,-0.0037369189,9.7935395624,-0.0019300718,0.0001064393,0.1746030179
559027.9500242270,0.0060357241,0.0032824457,9.7935364275,-0.0007792691,0.0000738874,0.1745596275
559027.9600242270,0.0065259632,-0.0060196121,9.7930708368,-0.0019083586,0.0001932443,0.1745487799
559027.9700242270,0.0040589202,0.0038839387,9.7946207684,-0.0010072584,0.0001823937,0.1745704751
559027.9800242271,0.0042368644,-0.0045039999,9.7937006045,-0.0016369429,0.0001715430,0.1746030179
559027.9900242270,0.0057385029,0.0025182828,9.7941486552,-0.0013872404,0.0001498418,0.1746247130
559028.0000242270,0.0059111503,-0.0038869447,9.7935344176,-0.0011809644,0.0000738874,0.1746138654
559028.0100242270,0.0057382448,-0.0002265768,9.7927748117,-0.0017237959,0.0001281405,0.1748091221
559028.0200242270,0.0046807861,-0.0009940050,9.7936984027,-0.0009204053,0.0001389912,0.1745162371
559028.0300242270,0.0048405747,-0.0016037651,9.7943068939,-0.0019192152,0.0001932443,0.1745053895
559028.0400242270,0.0065102732,0.0020634118,9.7950571608,-0.0008444089,0.0001715430,0.1745596275
559028.0500242270,0.0062275808,-0.0061737368,9.7938358533,-0.0018975020,0.0001606924,0.1745596275
559028.0600242270,0.0051180489,0.0029738485,9.7930863711,-0.0009638318,0.0000738874,0.1746464082
559028.0700242270,0.0045382501,-0.0048075254,9.7930878885,-0.0015935163,0.0001064393,0.1746138654
559028.0800242270,0.0052791707,0.0035839565,9.7944579692,-0.0013329572,0.0001823937,0.1746572558
559028.0900242280,0.0054602330,-0.0040416947,9.7943007029,-0.0012678175,0.0001932443,0.1746355606
559028.1000242280,0.0054489869,-0.0005337145,9.7946073268,-0.0016803694,0.0001606924,0.1745921703
559028.1100242280,0.0048211933,-0.0003827165,9.7924773349,-0.0009312620,0.0000738874,0.1745704751
559028.1200242280,0.0054470301,-0.0019060401,9.7936916404,-0.0019300718,0.0001606924,0.1745921703
559028.1300242280,0.0060568329,0.0009938475,9.7950604787,-0.0008009824,0.0001389912,0.1745379323
559028.1400242280,0.0059171281,-0.0051072295,9.7936863694,-0.0018975020,0.0001932443,0.1745270847
559028.1500242280,0.0045050207,0.0046489351,9.7935497426,-0.0009421186,0.0000738874,0.1745704751
559028.1600242280,0.0051549911,-0.0058728516,9.7933873447,-0.0016477995,0.0001606924,0.1745487799
559028.1700242280,0.0060471995,0.0022143406,9.7944509977,-0.0013329572,0.0001606924,0.1746138654
559028.1800242279,0.0066756095,-0.0043413991,9.7935278647,-0.0012243909,0.0001172899,0.1746138654
559028.1900242280,0.0052831344,0.0003813773,9.7933889360,-0.0017237959,0.0001281405,0.1745596275
559028.2000242280,0.0054484207,-0.0000762031,9.7947600458,-0.0009421186,0.0001715430,0.1745596275
559028.2100242280,0.0060601730,-0.0023611892,9.7938388660,-0.0019192152,0.0001064393,0.1745487799
559028.2200242280,0.0048340879,0.0006839998,9.7946129598,-0.0008118390,0.0001389912,0.1745921703
559028.2300242280,0.0056079512,-0.0034308228,9.7939946937,-0.0018757887,0.0001715430,0.1746138654
559028.2400242280,0.0055659056,0.0029762798,9.7918624868,-0.0009746885,0.0001064393,0.1746138654
559028.2500242280,0.0039266338,-0.0075548166,9.7915666102,-0.0017237959,0.0001389912,0.1745921703
559028.2600242280,0.0060387847,0.0034347643,9.7939940265,-0.0011809644,0.0001715430,0.1745704751
559028.2700242280,0.0057610810,-0.0035827245,9.7939933552,-0.0013329572,0.0001606924,0.1745921703
559028.2800242280,0.0048353065,0.0006839303,9.7947654696,-0.0016369429,0.0001281405,0.1745379323
559028.2900242280,0.0046940463,-0.0025196908,9.7946127637,-0.0009638318,0.0001389912,0.1745704751
559028.3000242281,0.0077357347,-0.0011342347,9.7941304874,-0.0018866453,0.0001715430,0.1745813227
559028.3100242279,0.0060477945,0.0020618137,9.7944509280,-0.0008335523,0.0001064393,0.1745704751
559028.3200242280,0.0042344561,-0.0041988766,9.7935482342,-0.0019300718,0.0001715430,0.1745487799
559028.3300242280,0.0048189570,0.0017523131,9.7932408603,-0.0009529752,0.0001064393,0.1745270847
559028.3400242280,0.0071367551,-0.0055596692,9.7933709907,-0.0016803694,0.0001498418,0.1745813227
559028.3500242280,0.0068117735,0.0029798238,9.7950550418,-0.0011483945,0.0001715430,0.1745487799
559028.3600242280,0.0037780412,-0.0045058063,9.7935519009,-0.0014415235,0.0001281405,0.1745921703
559028.3700242280,0.0058946073,0.0016037465,9.7941469679,-0.0015283766,0.0001389912,0.1744945419
559028.3800242280,0.0054536029,-0.0032788518,9.7938435224,-0.0011049680,0.0001172899,0.1745379323
559028.3900242280,0.0048279381,0.0000743782,9.7935451125,-0.0018432188,0.0001389912,0.1745270847
559028.4000242280,0.0068061899,0.0019126909,9.7938344755,-0.0007575559,0.0001172899,0.1745379323
559028.4100242280,0.0048469467,-0.0051114676,9.7933902310,-0.0019952116,0.0001389912,0.1745379323
559028.4200242280,0.0048202902,0.0029721813,9.7940039671,-0.0008552655,0.0001389912,0.1745596275
559028.4300242279,0.0057616473,-0.0040402358,9.7938406361,-0.0017129393,0.0001389912,0.1745487799
559028.4400242280,0.0060406555,0.0038921367,9.7944517650,-0.0012786741,0.0001498418,0.1745921703
559028.4500242280,0.0051550485,-0.0052628828,9.7936926433,-0.0013329572,0.0001389912,0.1745813227
559028.4600242280,0.0052880085,0.0003810995,9.7939989750,-0.0016260862,0.0001498418,0.1746138654
559028.4700242280,0.0054458116,-0.0019059706,9.7935391307,-0.0009638318,0.0001064393,0.1745921703
559028.4800242280,0.0068168410,-0.0014427624,9.7935279213,-0.0018866453,0.0001715430,0.1745596275
559028.4900242280,0.0052874996,0.0014485796,9.7944569926,-0.0007901258,0.0001064393,0.1745921703
559028.5000242280,0.0050012664,-0.0055684230,9.7933887530,-0.0019409285,0.0001606924,0.1745379323
559028.5100242280,0.0060418740,0.0038920673,9.7946042748,-0.0009204053,0.0001064393,0.1745053895
559028.5200242280,0.0060702292,-0.0055641155,9.7935323816,-0.0016586561,0.0001498418,0.1745379323
559028.5300242280,0.0046696547,0.0037339128,9.7946156237,-0.0013329572,0.0001389912,0.1744945419
559028.5400242280,0.0043894567,-0.0038934058,9.7940046343,-0.0011809644,0.0001389912,0.1745162371
559028.5500242281,0.0068193067,-0.0011379169,9.7939855901,-0.0017672224,0.0001281405,0.1745596275
559028.5600242279,0.0069640504,0.0002355895,9.7936799297,-0.0008118390,0.0001172899,0.1745813227
559028.5700242280,0.0056006688,-0.0031254218,9.7932322844,-0.0019952116,0.0001498418,0.1746030179
559028.5800242280,0.0045128120,0.0032760540,9.7938541343,-0.0008444089,0.0001064393,0.1745921703
559028.5900242280,0.0054648776,-0.0064818476,9.7936895478,-0.0017997923,0.0001389912,0.1745921703
559028.6000242280,0.0058911238,0.0034338612,9.7946053343,-0.0011158246,0.0001389912,0.1745813227
559028.6100242280,0.0068317713,-0.0046459665,9.7938314760,-0.0013980970,0.0001498418,0.1745270847
559028.6200242280,0.0046754892,0.0009887061,9.7940043290,-0.0015392332,0.0001715430,0.1745596275
559028.6300242280,0.0045360424,-0.0023675114,9.7940040631,-0.0010289716,0.0001064393,0.1745813227
559028.6400242280,0.0057545370,-0.0019049284,9.7939941225,-0.0018432188,0.0001389912,0.1745813227
559028.6500242280,0.0064998155,0.0009965566,9.7932265554,-0.0008444089,0.0001498418,0.1745813227
559028.6600242280,0.0042350223,-0.0046563879,9.7933955152,-0.0019409285,0.0001606924,0.1745704751
559028.6700242280,0.0048197526,0.0037346770,9.7943093354,-0.0008769788,0.0001172899,0.1745596275
559028.6800242279,0.0062257961,-0.0057161561,9.7938360626,-0.0017346525,0.0001498418,0.1745596275
559028.6900242280,0.0068032153,0.0026753255,9.7938348243,-0.0011809644,0.0001389912,0.1745162371
559028.7000242280,0.0051477948,-0.0046524974,9.7930828833,-0.0013655271,0.0001389912,0.1743318280
559028.7100242280,0.0052856575,0.0012961916,9.7941519033,-0.0016152296,0.0001389912,0.1744619991
559028.7200242280,0.0049943281,-0.0016032093,9.7944581350,-0.0010181150,0.0001064393,0.1745704751
559028.7300242280,0.0057568593,-0.0031250049,9.7936885449,-0.0018540754,0.0001498418,0.1746247130
559028.7400242280,0.0068128200,0.0011498480,9.7942916560,-0.0007901258,0.0001064393,0.1746681034
559028.7500242280,0.0054499187,-0.0035836279,9.7932333439,-0.0019300718,0.0001606924,0.1746355606
559028.7600242280,0.0045194995,0.0031231799,9.7946166134,-0.0008986921,0.0001389912,0.1746247130
559028.7700242280,0.0054648776,-0.0064818476,9.7936895478,-0.0017129393,0.0001064393,0.1745379323
559028.7800242280,0.0066536837,0.0022170500,9.7939883935,-0.0012678175,0.0001498418,0.1746030179
559028.7900242280,0.0062119696,-0.0037329589,9.7930744207,-0.0012678175,0.0001389912,0.1745921703
559028.8000242281,0.0043673874,0.0011401213,9.7937019167,-0.0017346525,0.0001606924,0.1745596275
559028.8100242279,0.0043770208,-0.0000803718,9.7943113977,-0.0008118390,0.0001064393,0.1745270847
559028.8200242280,0.0065278626,-0.0052572553,9.7936812246,-0.0019843550,0.0001606924,0.1745162371
559028.8300242280,0.0063468291,0.0026733802,9.7939911402,-0.0008009824,0.0001064393,0.1745270847
559028.8400242280,0.0045436903,-0.0052653145,9.7935452085,-0.0018106489,0.0001715430,0.1745379323
559028.8500242280,0.0048185054,0.0034297620,9.7940041764,-0.0011918211,0.0001172899,0.1744945419
559028.8600242280,0.0051537439,-0.0061777666,9.7930821857,-0.0013655271,0.0001498418,0.1745162371
559028.8700242280,0.0069671110,0.0003879081,9.7941375287,-0.0015935163,0.0001498418,0.1745596275
559028.8800242280,0.0051426126,-0.0014498488,9.7939994067,-0.0009312620,0.0001172899,0.1746138654
559028.8900242280,0.0056050053,-0.0023632039,9.7941476917,-0.0019083586,0.0001715430,0.1746355606
559028.9000242280,0.0054387873,0.0011442900,9.7941505648,-0.0008335523,0.0001172899,0.1746572558
559028.9100242280,0.0049982918,-0.0048057885,9.7933891018,-0.0019300718,0.0001389912,0.1746247130
559028.9200242280,0.0061919432,0.0035878470,9.7941453373,-0.0009529752,0.0001498418,0.1746138654
559028.9300242279,0.0062215743,-0.0052584364,9.7935312524,-0.0016369429,0.0001389912,0.1745053895
559028.9400242280,0.0039079980,0.0015958262,9.7937059322,-0.0012678175,0.0001389912,0.1745704751
559028.9500242280,0.0051496942,-0.0038901406,9.7936932711,-0.0013112440,0.0001389912,0.1745704751
559028.9600242280,0.0069665734,0.0011504038,9.7944428970,-0.0016586561,0.0001389912,0.1745162371
559028.9700242280,0.0065184013,-0.0022068558,9.7939876393,-0.0009312620,0.0001064393,0.1745379323
559028.9800242280,0.0048452767,-0.0034339492,9.7940010373,-0.0019409285,0.0001932443,0.1745270847
559028.9900242280,0.0042125875,0.0029695413,9.7943140616,-0.0007901258,0.0000847381,0.1745596275
559029.0000242280,0.0054624980,-0.0058717399,9.7936898268,-0.0018866453,0.0001498418,0.1745487799
559029.0100242280,0.0071113171,0.0025239103,9.7941372365,-0.0010289716,0.0001606924,0.1748633601
559029.0200242280,0.0057681914,-0.0057180319,9.7938398688,-0.0014740934,0.0001389912,0.1746138654
559029.0300242280,0.0051247651,0.0031259588,9.7940014994,-0.0014740934,0.0001498418,0.1745379323
559029.0400242280,0.0048386179,-0.0029760907,9.7933912076,-0.0011375379,0.0001172899,0.1746030179
559029.0500242281,0.0062138691,-0.0029706021,9.7936848085,-0.0018106489,0.0001389912,0.1746138654
559029.0600242279,0.0074264718,-0.0003727812,9.7939808639,-0.0008118390,0.0001389912,0.1746247130
559029.0700242280,0.0052980647,-0.0028218269,9.7936924906,-0.0019734984,0.0001715430,0.1746030179
559029.0800242280,0.0036048276,0.0023569325,9.7943188575,-0.0008335523,0.0001064393,0.1745704751
559029.0900242280,0.0056234764,-0.0067865539,9.7942981785,-0.0018106489,0.0001498418,0.1745813227
559029.1000242280,0.0075671084,0.0026783824,9.7939809903,-0.0010615415,0.0001172899,0.1746030179
559029.1100242280,0.0065242358,-0.0049520626,9.7933763446,-0.0015066633,0.0001498418,0.1745921703
559029.1200242280,0.0040635648,0.0014437857,9.7940096132,-0.0014632368,0.0001498418,0.1746138654
559029.1300242280,0.0051491280,-0.0034326292,9.7938459901,-0.0010723981,0.0000955887,0.1745596275
559029.1400242280,0.0069735977,-0.0018998567,9.7938314628,-0.0018540754,0.0001606924,0.1745813227
559029.1500242280,0.0061989388,0.0002326020,9.7933812538,-0.0007249860,0.0001064393,0.1746138654
559029.1600242290,0.0039299238,-0.0049626229,9.7932454034,-0.0019952116,0.0001498418,0.1746030179
559029.1700242290,0.0048226985,0.0026670580,9.7941563374,-0.0008878354,0.0001064393,0.1746247130
559029.1800242290,0.0060732038,-0.0063267501,9.7935320328,-0.0017020826,0.0001281405,0.1746355606
559029.1900242290,0.0063449583,0.0022160078,9.7935334017,-0.0013003873,0.0001172899,0.1745813227
559029.2000242290,0.0048446817,-0.0032814223,9.7940011071,-0.0012678175,0.0001498418,0.1745704751
559029.2100242290,0.0046826282,-0.0008416169,9.7940034919,-0.0016803694,0.0001498418,0.1745270847
559029.2200242290,0.0052914346,-0.0020589840,9.7932353102,-0.0008661222,0.0001064393,0.1744945419
559029.2300242290,0.0065177491,-0.0026642977,9.7936824105,-0.0019626417,0.0001389912,0.1745162371
559029.2400242290,0.0060436014,0.0028245177,9.7942987670,-0.0008009824,0.0001064393,0.1745270847
559029.2500242291,0.0056179501,-0.0072437180,9.7933829107,-0.0018866453,0.0001498418,0.1745379323
559029.2600242289,0.0049757997,0.0022101720,9.7940023496,-0.0009855451,0.0001389912,0.1745162371
559029.2700242290,0.0056054282,-0.0043456372,9.7932317263,-0.0015500898,0.0001064393,0.1744728467
559029.2800242290,0.0069575063,0.0019133856,9.7936806970,-0.0013546705,0.0001498418,0.1745813227
559029.2900242290,0.0054577099,-0.0049565090,9.7935377356,-0.0012026777,0.0001389912,0.1746030179
559029.3000242290,0.0048382237,-0.0006886730,9.7944598222,-0.0017129393,0.0001389912,0.1746030179
559029.3100242290,0.0060524104,-0.0006833236,9.7936871235,-0.0009312620,0.0001172899,0.1745704751
559029.3200242290,0.0062174386,-0.0038857636,9.7936843899,-0.0019626417,0.0001498418,0.1745704751
559029.3300242290,0.0049805590,0.0009899566,9.7940017915,-0.0007901258,0.0001064393,0.1746030179
559029.3400242290,0.0050006428,-0.0057208805,9.7932361735,-0.0018323622,0.0001606924,0.1746138654
559029.3500242290,0.0055860827,0.0037375951,9.7947605210,-0.0009638318,0.0001172899,0.1745379323
559029.3600242290,0.0051598365,-0.0061781137,9.7938447345,-0.0016152296,0.0001064393,0.1745487799
559029.3700242291,0.0048250782,0.0020569503,9.7941560583,-0.0013980970,0.0001498418,0.1745813227
559029.3800242289,0.0056066754,-0.0040407222,9.7935368854,-0.0011592512,0.0001389912,0.1745813227
559029.3900242290,0.0059040973,-0.0011416685,9.7939932025,-0.0018106489,0.0001389912,0.1746030179
559029.4000242290,0.0063605695,-0.0002247701,9.7942948344,-0.0007901258,0.0001389912,0.1745704751
559029.4100242290,0.0063705397,-0.0043426497,9.7935304022,-0.0019626417,0.0001498418,0.1745596275
559029.4200242290,0.0060392936,0.0023672841,9.7935360089,-0.0008444089,0.0001172899,0.1746138654
559029.4300242290,0.0050024562,-0.0058734769,9.7933886135,-0.0018106489,0.0001498418,0.1746030179
559029.4400242290,0.0054321859,0.0022121172,9.7938460336,-0.0010398282,0.0001172899,0.1746464082
559029.4500242290,0.0066779892,-0.0049515068,9.7935275857,-0.0015066633,0.0001281405,0.1745813227
559029.4600242290,0.0068074371,0.0022176059,9.7941396345,-0.0014632368,0.0001498418,0.1745921703
559029.4700242290,0.0046866492,-0.0034342273,9.7932397573,-0.0010506849,0.0001172899,0.1745813227
559029.4800242290,0.0051437737,-0.0020598870,9.7938466179,-0.0018323622,0.0001498418,0.1745270847
559029.4900242290,0.0057480215,0.0000778521,9.7941475391,-0.0007901258,0.0001064393,0.1745053895
559029.5000242291,0.0062227642,-0.0055634903,9.7935311129,-0.0019843550,0.0001606924,0.1744728467
559029.5100242289,0.0048173156,0.0037348159,9.7940043159,-0.0008661222,0.0001389912,0.1745162371
559029.5200242290,0.0063776787,-0.0061729727,9.7935295651,-0.0017237959,0.0001281405,0.1745162371
559029.5300242290,0.0069580725,0.0014558743,9.7935279780,-0.0012352476,0.0001498418,0.1745704751
559029.5400242290,0.0059159383,-0.0048021757,9.7936865089,-0.0012461042,0.0001498418,0.1745487799
559029.5500242290,0.0049823437,0.0005323759,9.7940015823,-0.0016369429,0.0001281405,0.1746030179
559029.5600242290,0.0042339759,-0.0028264121,9.7941589011,-0.0009855451,0.0001064393,0.1746138654
559029.5700242290,0.0057738897,-0.0034309614,9.7956710323,-0.0018540754,0.0001064393,0.1746030179
559029.5800242290,0.0081795990,0.0017657915,9.7938229871,-0.0008118390,0.0001172899,0.1745813227
559029.5900242290,0.0043880948,-0.0054182584,9.7930888782,-0.0019734984,0.0001715430,0.1745596275
559029.6000242290,0.0036017956,0.0025095983,9.7940139077,-0.0008444089,0.0000955887,0.1746464082
559029.6100242290,0.0057656683,-0.0066328462,9.7930769015,-0.0017020826,0.0001281405,0.1746355606
559029.6200242291,0.0077215140,0.0031363802,9.7944374601,-0.0012352476,0.0001389912,0.1745813227
559029.6300242289,0.0072905085,-0.0055591133,9.7935222317,-0.0012786741,0.0001389912,0.1745704751
559029.6400242290,0.0028503958,-0.0006965239,9.7938662768,-0.0017237959,0.0001498418,0.1745813227
559029.6500242290,0.0043818088,-0.0009956027,9.7944634889,-0.0008552655,0.0001064393,0.1745921703
559029.6600242290,0.0086623049,-0.0034185256,9.7944268482,-0.0019409285,0.0001389912,0.1745921703
559029.6700242290,0.0069671683,0.0009978769,9.7944428272,-0.0008009824,0.0001498418,0.1745053895
559029.6800242290,0.0030206062,-0.0071016125,9.7929470197,-0.0018540754,0.0001498418,0.1745162371
559029.6900242290,0.0040618947,0.0031213041,9.7946204196,-0.0009855451,0.0000847381,0.1745053895
559029.7000242290,0.0066749860,-0.0044938566,9.7933752852,-0.0015392332,0.0001389912,0.1744945419
559029.7100242290,0.0081867380,-0.0000645315,9.7938221500,-0.0014632368,0.0001389912,0.1745704751
559029.7200242290,0.0053113249,-0.0043475127,9.7946068516,-0.0010723981,0.0001498418,0.1745921703
559029.7300242290,0.0027025916,-0.0022223489,9.7937143382,-0.0018106489,0.0001064393,0.1746138654
559029.7400242290,0.0054357267,0.0009919713,9.7936929658,-0.0008009824,0.0000847381,0.1746030179
559029.7500242291,0.0080501798,-0.0050983368,9.7933635875,-0.0019409285,0.0001498418,0.1744186088
559029.7600242289,0.0062020568,0.0009948894,9.7941441514,-0.0008444089,0.0001389912,0.1744294564
559029.7700242290,0.0034795155,-0.0061848529,9.7935536711,-0.0017672224,0.0001498418,0.1745270847
559029.7800242290,0.0042065810,0.0038848417,9.7940094606,-0.0011592512,0.0001064393,0.1746247130
559029.7900242290,0.0071385112,-0.0063222343,9.7932181321,-0.0013872404,0.0001172899,0.1746572558
559029.8000242290,0.0081897126,-0.0008271661,9.7938218012,-0.0016152296,0.0001498418,0.1746681034
559029.8100242290,0.0046885773,-0.0023668861,9.7940027944,-0.0008878354,0.0001172899,0.1746572558
559029.8200242290,0.0033097566,-0.0014572132,9.7937096120,-0.0018975020,0.0001281405,0.1745704751
559029.8300242290,0.0049793692,0.0012950105,9.7940019311,-0.0008335523,0.0000847381,0.1745813227
559029.8400242290,0.0077553096,-0.0067775917,9.7938228869,-0.0019083586,0.0001606924,0.1745053895
559029.8500242290,0.0061990822,0.0017575240,9.7941445002,-0.0009312620,0.0001389912,0.1745379323
559029.8600242290,0.0043917790,-0.0051134823,9.7936990567,-0.0016695127,0.0001389912,0.1745162371
559029.8700242291,0.0045182236,0.0025132805,9.7941588051,-0.0012678175,0.0001172899,0.1745487799
559029.8800242289,0.0066821250,-0.0063241796,9.7933744481,-0.0013003873,0.0001172899,0.1745813227
559029.8900242290,0.0068157372,-0.0002227554,9.7939860086,-0.0015935163,0.0001498418,0.1746138654
559029.9000242290,0.0048369765,-0.0009935880,9.7941546632,-0.0009638318,0.0001389912,0.1745921703
559029.9100242290,0.0034646139,-0.0026766644,9.7934027657,-0.0018866453,0.0001064393,0.1745379323
559029.9200242290,0.0066626361,0.0002341307,9.7941399964,-0.0008552655,0.0000955887,0.1745270847
559029.9300242290,0.0077541771,-0.0058625691,9.7941283250,-0.0018540754,0.0001498418,0.1745379323
559029.9400242290,0.0054333757,0.0019070634,9.7938458941,-0.0008986921,0.0001064393,0.1745270847
559029.9500242290,0.0042446557,-0.0058768810,9.7940049962,-0.0017129393,0.0001389912,0.1745596275
559029.9600242290,0.0042160997,0.0014444110,9.7940083445,-0.0012026777,0.0000955887,0.1746030179
559029.9700242290,0.0068334987,-0.0057135161,9.7935259681,-0.0013003873,0.0001172899,0.1745921703
559029.9800242290,0.0063581612,0.0000803532,9.7941424641,-0.0016586561,0.0001606924,0.1745596275
559029.9900242290,0.0037643581,-0.0009976872,9.7935535053,-0.0009312620,0.0000955887,0.1745921703
559030.0000242291,0.0040837920,-0.0037421295,9.7940072415,-0.0019192152,0.0001281405,0.1745921703
559030.0100242289,0.0068157946,0.0003872134,9.7942913072,-0.0007358426,0.0001172899,0.1749284457
559030.0200242290,0.0066803402,-0.0058665988,9.7933746574,-0.0018540754,0.0001281405,0.1746138654
559030.0300242290,0.0060375662,0.0034348337,9.7938415167,-0.0010181150,0.0001389912,0.1746030179
559030.0400242290,0.0047027980,-0.0066375009,9.7936958217,-0.0015609465,0.0001389912,0.1745813227
559030.0500242290,0.0048297515,-0.0000782182,9.7936975525,-0.0014198103,0.0000955887,0.1745921703
559030.0600242290,0.0062162774,-0.0032757254,9.7938371787,-0.0010723981,0.0001498418,0.1745813227
559030.0700242290,0.0057443660,0.0000780604,9.7936900098,-0.0017563658,0.0001064393,0.1745379323
559030.0800242290,0.0052945526,-0.0012966966,9.7939982077,-0.0008986921,0.0000847381,0.1745704751
559030.0900242290,0.0050079252,-0.0060262815,9.7939985828,-0.0018975020,0.0001498418,0.1745921703
559030.1000242290,0.0060471135,0.0012993874,9.7939930499,-0.0008009824,0.0000955887,0.1745704751
559030.1100242290,0.0054529219,-0.0040412780,9.7933856443,-0.0018540754,0.0001389912,0.1745813227
559030.1200242291,0.0057403163,0.0023656864,9.7943010952,-0.0010398282,0.0001064393,0.1745921703
559030.1300242289,0.0045507720,-0.0077056063,9.7932390729,-0.0015283766,0.0001281405,0.1745813227
559030.1400242290,0.0071178898,0.0011510986,9.7942891185,-0.0013655271,0.0001389912,0.1745921703
559030.1500242290,0.0057557268,-0.0022099822,9.7939939830,-0.0010941114,0.0001389912,0.1745813227
559030.1600242290,0.0054447078,-0.0006859636,9.7939972180,-0.0018432188,0.0001498418,0.1745813227
559030.1700242290,0.0049967364,-0.0019083325,9.7946105052,-0.0008444089,0.0000955887,0.1745270847
559030.1800242290,0.0059146624,-0.0054120750,9.7932287006,-0.0019734984,0.0001389912,0.1744619991
559030.1900242290,0.0066537123,0.0025220344,9.7941410428,-0.0008335523,0.0001389912,0.1745596275
559030.2000242290,0.0040896551,-0.0061823518,9.7935485961,-0.0017889357,0.0001498418,0.1745813227
559030.2100242290,0.0055925694,0.0014498302,9.7944544551,-0.0010506849,0.0001064393,0.1745704751
559030.2200242290,0.0066779032,-0.0058664600,9.7930696379,-0.0014740934,0.0001281405,0.1745704751
559030.2300242300,0.0051313665,0.0020581315,9.7943060306,-0.0013980970,0.0001389912,0.1745921703
559030.2400242300,0.0043828553,-0.0028255785,9.7937001031,-0.0011809644,0.0000955887,0.1745270847
559030.2500242300,0.0057545083,-0.0022099128,9.7938414732,-0.0017563658,0.0001389912,0.1744728467
559030.2600242300,0.0062145213,-0.0025131602,9.7939900373,-0.0008552655,0.0001064393,0.1744945419
559030.2700242300,0.0068288541,-0.0032733632,9.7941371233,-0.0019192152,0.0001389912,0.1745270847
559030.2800242300,0.0052790847,0.0026690033,9.7940000214,-0.0008118390,0.0001064393,0.1746030179
559030.2900242300,0.0043977282,-0.0066387514,9.7936983592,-0.0018432188,0.0001281405,0.1746030179
559030.3000242300,0.0052856288,0.0009912072,9.7939992541,-0.0010072584,0.0000955887,0.1746572558
559030.3100242300,0.0068365306,-0.0058661819,9.7938309179,-0.0015500898,0.0001281405,0.1746355606
559030.3200242301,0.0068020255,0.0029803793,9.7938349638,-0.0014632368,0.0001389912,0.1746247130
559030.3300242299,0.0037756615,-0.0038956986,9.7935521800,-0.0010723981,0.0001389912,0.1746138654
559030.3400242300,0.0048410549,-0.0029762296,9.7936962271,-0.0018106489,0.0001281405,0.1745487799
559030.3500242300,0.0069671110,0.0003879081,9.7941375287,-0.0007792691,0.0000955887,0.1745704751
559030.3600242300,0.0066762045,-0.0044939260,9.7935277949,-0.0019409285,0.0001389912,0.1745921703
559030.3700242300,0.0043650078,0.0017502290,9.7937021958,-0.0008444089,0.0001389912,0.1746138654
559030.3800242300,0.0040920634,-0.0064874751,9.7937009664,-0.0017997923,0.0001389912,0.1745921703
559030.3900242300,0.0061979497,0.0026725466,9.7944499382,-0.0010941114,0.0000847381,0.1745813227
559030.4000242300,0.0063752991,-0.0055628650,9.7935298441,-0.0014523802,0.0001281405,0.1745379323
559030.4100242300,0.0058939837,0.0014512891,9.7939943884,-0.0014523802,0.0001281405,0.1745487799
559030.4200242300,0.0045365227,-0.0037399759,9.7933933963,-0.0010398282,0.0001172899,0.1745270847
559030.4300242300,0.0060656420,-0.0025139938,9.7944488353,-0.0018757887,0.0001281405,0.1745813227
559030.4400242300,0.0066637972,-0.0003759076,9.7939872076,-0.0007901258,0.0001064393,0.1745704751
559030.4500242301,0.0051544249,-0.0054153403,9.7935400638,-0.0019734984,0.0001389912,0.1746138654
559030.4600242299,0.0051325563,0.0017530776,9.7943058911,-0.0008444089,0.0000955887,0.1745921703
559030.4700242300,0.0040920921,-0.0061824907,9.7938536157,-0.0017346525,0.0001064393,0.1745487799
559030.4800242300,0.0063528643,0.0020630642,9.7944483905,-0.0011375379,0.0001389912,0.1745704751
559030.4900242300,0.0066815874,-0.0055616839,9.7936798164,-0.0014198103,0.0001281405,0.1745813227
559030.5000242300,0.0054429231,-0.0002283829,9.7939974273,-0.0014849500,0.0001389912,0.1745813227
559030.5100242300,0.0046939316,-0.0037396283,9.7940021666,-0.0010941114,0.0001389912,0.1746030179
559030.5200242300,0.0056038728,-0.0014481812,9.7944531298,-0.0017997923,0.0001281405,0.1745921703
559030.5300242300,0.0062062212,-0.0000727990,9.7941436631,-0.0008444089,0.0001172899,0.1745270847
559030.5400242300,0.0053069598,-0.0054147150,9.7935387950,-0.0019300718,0.0001498418,0.1745162371
559030.5500242300,0.0054339420,0.0014495521,9.7936931751,-0.0007901258,0.0000847381,0.1745162371
559030.5600242300,0.0062246636,-0.0048011334,9.7941415007,-0.0018106489,0.0001389912,0.1744945419
559030.5700242301,0.0055889426,0.0017550229,9.7941495751,-0.0010941114,0.0001172899,0.1745053895
559030.5800242299,0.0037832808,-0.0070984861,9.7929406761,-0.0014958067,0.0001064393,0.1744728467
559030.5900242300,0.0043763972,-0.0002328292,9.7941588182,-0.0014415235,0.0001281405,0.1745162371
559030.6000242300,0.0071339526,-0.0029671282,9.7942872351,-0.0010615415,0.0001064393,0.1745379323
559030.6100242300,0.0062103283,-0.0017504562,9.7938378763,-0.0018106489,0.0001606924,0.1745921703
559030.6200242300,0.0037678989,-0.0022178331,9.7934004375,-0.0008118390,0.0001172899,0.1746464082
559030.6300242300,0.0046962539,-0.0049597048,9.7936965890,-0.0019626417,0.0001064393,0.1746464082
559030.6400242300,0.0071161624,0.0022186481,9.7945946263,-0.0008444089,0.0001172899,0.1747114938
559030.6500242300,0.0062220545,-0.0066309009,9.7929205855,-0.0018323622,0.0001606924,0.1747114938
559030.6600242300,0.0045223880,0.0014455921,9.7941583168,-0.0011158246,0.0000955887,0.1745921703
559030.6700242300,0.0048468894,-0.0057214364,9.7930849325,-0.0013655271,0.0001064393,0.1745813227
559030.6800242300,0.0060451281,-0.0003779226,9.7929247143,-0.0015500898,0.0001064393,0.1745270847
559030.6900242300,0.0054591005,-0.0031266720,9.7946061409,-0.0009746885,0.0001064393,0.1745162371
559030.7000242301,0.0056080086,-0.0028208541,9.7942999922,-0.0018866453,0.0001606924,0.1744836943
559030.7100242299,0.0048358727,0.0002264190,9.7946127505,-0.0007792691,0.0000738874,0.1745053895
559030.7200242300,0.0051604314,-0.0063306407,9.7938446647,-0.0019300718,0.0001281405,0.1745487799
559030.7300242300,0.0063498037,0.0019107456,9.7939907914,-0.0009204053,0.0001172899,0.1745921703
559030.7400242300,0.0057651021,-0.0061753349,9.7932296205,-0.0015826597,0.0001064393,0.1745487799
559030.7500242300,0.0043734513,0.0008347897,9.7943118163,-0.0013329572,0.0001172899,0.1745487799
559030.7600242300,0.0054619604,-0.0051092442,9.7939951951,-0.0011483945,0.0001064393,0.1745704751
559030.7700242300,0.0062049453,-0.0006826984,9.7936858548,-0.0017672224,0.0000847381,0.1745921703
559030.7800242300,0.0059046635,-0.0015991799,9.7938404835,-0.0008661222,0.0001172899,0.1745379323
559030.7900242300,0.0056120009,-0.0057184489,9.7933836083,-0.0019626417,0.0001389912,0.1745704751
559030.8000242300,0.0049824011,0.0011423447,9.7943068808,-0.0007792691,0.0000847381,0.1745704751
559030.8100242300,0.0050035887,-0.0067884995,9.7930831754,-0.0017672224,0.0001281405,0.1745813227
559030.8200242301,0.0058916327,0.0023663811,9.7941473167,-0.0011375379,0.0001389912,0.1745270847
559030.8300242299,0.0051616212,-0.0066356945,9.7938445252,-0.0013329572,0.0001172899,0.1745704751
559030.8400242300,0.0052951475,-0.0014492235,9.7939981380,-0.0016152296,0.0001281405,0.1745487799
559030.8500242300,0.0057539134,-0.0020573859,9.7938415430,-0.0009421186,0.0001172899,0.1745704751
559030.8600242300,0.0056044104,-0.0022106769,9.7941477615,-0.0019300718,0.0001281405,0.1746030179
559030.8700242300,0.0055984325,-0.0009903922,9.7939958098,-0.0007466993,0.0001172899,0.1746138654
559030.8800242300,0.0059302736,-0.0078528529,9.7939901333,-0.0018975020,0.0001389912,0.1746138654
559030.8900242300,0.0057367755,0.0035858323,9.7944541630,-0.0009312620,0.0000955887,0.1746030179
559030.9000242300,0.0046956303,-0.0051121623,9.7935440095,-0.0015826597,0.0001389912,0.1745379323
559030.9100242300,0.0048303751,0.0000742393,9.7938501320,-0.0014523802,0.0001064393,0.1745921703
559030.9200242300,0.0056192546,-0.0063288343,9.7939933683,-0.0010723981,0.0001064393,0.1745596275
559030.9300242300,0.0075836513,-0.0028123088,9.7933684401,-0.0017997923,0.0001389912,0.1745162371
559030.9400242300,0.0052874709,0.0011435952,9.7943043433,-0.0007792691,0.0000847381,0.1745162371
559030.9500242301,0.0039347692,-0.0052678850,9.7937027932,-0.0019409285,0.0001498418,0.1745487799
559030.9600242299,0.0052891983,0.0000760457,9.7939988355,-0.0008552655,0.0000738874,0.1745921703
559030.9700242300,0.0069889795,-0.0067805098,9.7933717014,-0.0017237959,0.0001389912,0.1745921703
559030.9800242300,0.0054334331,0.0025170322,9.7941511927,-0.0011809644,0.0001064393,0.1745487799
559030.9900242300,0.0040824588,-0.0049619976,9.7932441347,-0.0013872404,0.0001064393,0.1746030179
559031.0000242300,0.0060560373,-0.0009885163,9.7939920036,-0.0015718031,0.0001389912,0.1746138654
559031.0100242300,0.0075860023,-0.0037274009,9.7932155118,-0.0008986921,0.0001172899,0.1748742077
559031.0200242300,0.0048440295,-0.0037388642,9.7936958783,-0.0019192152,0.0001498418,0.1746030179
559031.0300242300,0.0042106308,0.0015972157,9.7933983752,-0.0007792691,0.0000738874,0.1745921703
559031.0400242300,0.0053074974,-0.0061772107,9.7932334267,-0.0019192152,0.0001389912,0.1745596275
559031.0500242300,0.0066548161,0.0013020274,9.7936829554,-0.0009638318,0.0000955887,0.1746030179
559031.0600242300,0.0063824667,-0.0070882036,9.7936816563,-0.0015826597,0.0001498418,0.1745813227
559031.0700242301,0.0039110299,0.0014431605,9.7940108820,-0.0013003873,0.0000955887,0.1745487799
559031.0800242299,0.0046949494,-0.0058745886,9.7930861314,-0.0012026777,0.0000847381,0.1745162371
559031.0900242300,0.0062134175,-0.0012931532,9.7944481246,-0.0017020826,0.0001389912,0.1745270847
559031.1000242300,0.0059113223,-0.0020570384,9.7944503133,-0.0008878354,0.0001064393,0.1745704751
559031.1100242300,0.0060660362,-0.0048014115,9.7933802206,-0.0019626417,0.0001281405,0.1745379323
559031.1200242300,0.0055906986,0.0009924577,9.7939967166,-0.0008009824,0.0000955887,0.1745704751
559031.1300242300,0.0048577412,-0.0069419989,9.7938469232,-0.0018540754,0.0001389912,0.1746030179
559031.1400242300,0.0064963321,0.0028266713,9.7936849217,-0.0010072584,0.0000955887,0.1746138654
559031.1500242300,0.0065307799,-0.0066298587,9.7933755773,-0.0014632368,0.0001281405,0.1745813227
559031.1600242300,0.0043782106,-0.0003854256,9.7943112582,-0.0014958067,0.0001281405,0.1745487799
559031.1700242300,0.0046945265,-0.0038921553,9.7940020968,-0.0010289716,0.0000955887,0.1745921703
559031.1800242300,0.0065141796,-0.0017491362,9.7936828290,-0.0018540754,0.0001281405,0.1745813227
559031.1900242300,0.0062080346,-0.0002253954,9.7942961031,-0.0008335523,0.0000955887,0.1745813227
559031.2000242301,0.0048577126,-0.0072469833,9.7936942739,-0.0019083586,0.0001498418,0.1745487799
559031.2100242299,0.0039116248,0.0012906335,9.7940108122,-0.0008444089,0.0000738874,0.1745162371
559031.2200242300,0.0056138430,-0.0055660608,9.7936886976,-0.0016803694,0.0001064393,0.1745162371
559031.2300242300,0.0066524651,0.0022171195,9.7938358837,-0.0012243909,0.0001172899,0.1745487799
559031.2400242300,0.0047069911,-0.0074002049,9.7938479827,-0.0013221006,0.0001389912,0.1745270847
559031.2500242300,0.0040785524,-0.0011494496,9.7946184664,-0.0016152296,0.0001281405,0.1745813227
559031.2600242300,0.0045306595,-0.0012997535,9.7938520417,-0.0009204053,0.0001064393,0.1746030179
559031.2700242300,0.0062102709,-0.0023604250,9.7935325777,-0.0019083586,0.0001281405,0.1745921703
559031.2800242300,0.0062091958,-0.0008354336,9.7941433143,-0.0007901258,0.0001172899,0.1746138654
559031.2900242300,0.0047069624,-0.0077051893,9.7936953334,-0.0018757887,0.0001064393,0.1745921703
559031.3000242300,0.0043657174,0.0028176397,9.7943127231,-0.0009204053,0.0000847381,0.1745921703
559031.3100242310,0.0057669729,-0.0057179625,9.7936873591,-0.0016152296,0.0001064393,0.1745813227
559031.3200242310,0.0060519302,0.0006891409,9.7942977904,-0.0013546705,0.0001281405,0.1745379323
559031.3300242310,0.0059200740,-0.0061748485,9.7935333713,-0.0011375379,0.0001064393,0.1745379323
559031.3400242310,0.0049918911,-0.0016030704,9.7941531154,-0.0017455092,0.0001389912,0.1745379323
559031.3500242310,0.0049816915,0.0000749340,9.7936963535,-0.0008444089,0.0000738874,0.1746030179
559031.3600242310,0.0059153147,-0.0049546332,9.7935339294,-0.0019192152,0.0001389912,0.1746030179
559031.3700242310,0.0059004418,-0.0011414602,9.7935356733,-0.0008118390,0.0000847381,0.1746138654
559031.3800242310,0.0053159409,-0.0070926500,9.7938430472,-0.0018215056,0.0001281405,0.1745379323
559031.3900242310,0.0055859966,0.0028226419,9.7943025732,-0.0010181150,0.0001064393,0.1745596275
559031.4000242311,0.0045436043,-0.0061802677,9.7930872607,-0.0015500898,0.0001281405,0.1745379323
559031.4100242310,0.0046820333,-0.0006890900,9.7940035617,-0.0014089536,0.0000847381,0.1745704751
559031.4200242310,0.0072912181,-0.0044917027,9.7941327590,-0.0010723981,0.0001064393,0.1745921703
559031.4300242310,0.0069693759,-0.0014421371,9.7935266526,-0.0018323622,0.0001389912,0.1745813227
559031.4400242310,0.0030089946,-0.0010012302,9.7944749076,-0.0007901258,0.0000847381,0.1745813227
559031.4500242310,0.0048578273,-0.0060270457,9.7943048710,-0.0019843550,0.0001389912,0.1745596275
559031.4600242310,0.0069556642,0.0017609976,9.7933756077,-0.0008118390,0.0000955887,0.1745704751
559031.4700242310,0.0071457362,-0.0072376041,9.7936752429,-0.0017346525,0.0001281405,0.1745162371
559031.4800242310,0.0042136627,0.0014445499,9.7937033250,-0.0011918211,0.0001172899,0.1744619991
559031.4900242310,0.0045448515,-0.0058753527,9.7933924197,-0.0012678175,0.0000738874,0.1745162371
559031.5000242310,0.0065196772,-0.0015969565,9.7944454476,-0.0016803694,0.0001064393,0.1745379323
559031.5100242310,0.0060601443,-0.0026661736,9.7936862167,-0.0009421186,0.0001389912,0.1745270847
559031.5200242311,0.0049970733,-0.0048057190,9.7932365920,-0.0019083586,0.0001281405,0.1745379323
559031.5300242309,0.0043752074,0.0000722246,9.7941589577,-0.0007901258,0.0000955887,0.1746030179
559031.5400242310,0.0062245776,-0.0057160866,9.7936835529,-0.0018432188,0.0001389912,0.1746030179
559031.5500242310,0.0069623803,0.0019131079,9.7942907360,-0.0009312620,0.0000955887,0.1746138654
559031.5600242310,0.0047021457,-0.0070949428,9.7933905929,-0.0016260862,0.0001281405,0.1745487799
559031.5700242310,0.0026943775,0.0011329655,9.7943259119,-0.0012895307,0.0001064393,0.1745704751
559031.5800242310,0.0065272391,-0.0054097128,9.7935286451,-0.0012786741,0.0000955887,0.1745487799
559031.5900242310,0.0069676485,-0.0003745876,9.7938321604,-0.0017020826,0.0001281405,0.1745813227
559031.6000242310,0.0053059420,-0.0032797548,9.7944548302,-0.0008552655,0.0001389912,0.1745813227
559031.6100242310,0.0043911554,-0.0052659398,9.7935464772,-0.0019300718,0.0000955887,0.1745704751
559031.6200242310,0.0045180802,0.0009883586,9.7933955587,-0.0007684125,0.0000738874,0.1745704751
559031.6300242310,0.0054642540,-0.0066343051,9.7935369682,-0.0018757887,0.0001064393,0.1745813227
559031.6400242310,0.0068176653,0.0008445859,9.7947490457,-0.0010289716,0.0000955887,0.1745379323
559031.6500242311,0.0053098770,-0.0067873184,9.7932331477,-0.0014958067,0.0001281405,0.1745270847
559031.6600242310,0.0037669098,0.0002221115,9.7944691219,-0.0014632368,0.0000955887,0.1745704751
559031.6700242310,0.0063663180,-0.0038849300,9.7932255919,-0.0010072584,0.0001064393,0.1745704751
559031.6800242310,0.0056055142,-0.0034306840,9.7936896741,-0.0018540754,0.0001281405,0.1745813227
559031.6900242310,0.0052897646,-0.0003814656,9.7938461165,-0.0007575559,0.0001064393,0.1746030179
559031.7000242310,0.0042434085,-0.0061817960,9.7936998372,-0.0019409285,0.0001064393,0.1745921703
559031.7100242310,0.0069671970,0.0013028613,9.7945954765,-0.0009204053,0.0000847381,0.1746138654
559031.7200242310,0.0056125385,-0.0064809446,9.7930782400,-0.0016586561,0.0001606924,0.1745379323
559031.7300242310,0.0043758883,0.0008346509,9.7946168358,-0.0012461042,0.0000955887,0.1746030179
559031.7400242310,0.0056234764,-0.0067865539,9.7942981785,-0.0012678175,0.0000955887,0.1745813227
559031.7500242310,0.0068181456,-0.0005278786,9.7941383789,-0.0015718031,0.0001064393,0.1745596275
559031.7600242310,0.0051490993,-0.0037376136,9.7936933408,-0.0010506849,0.0001064393,0.1746030179
559031.7700242311,0.0043858012,-0.0038931975,9.7935471050,-0.0017563658,0.0001389912,0.1745596275
559031.7800242309,0.0049834189,-0.0009926155,9.7933908457,-0.0008769788,0.0000955887,0.1745596275
559031.7900242310,0.0060726949,-0.0052592700,9.7939900504,-0.0019083586,0.0001281405,0.1745704751
559031.8000242310,0.0068206113,-0.0002230331,9.7945960477,-0.0008552655,0.0000847381,0.1745704751
559031.8100242310,0.0050042410,-0.0063310576,9.7933884042,-0.0017997923,0.0001389912,0.1745813227
559031.8200242310,0.0040702809,0.0015958960,9.7949247415,-0.0010289716,0.0000847381,0.1745704751
559031.8300242310,0.0077619970,-0.0069304658,9.7945853660,-0.0015500898,0.0000955887,0.1745813227
559031.8400242310,0.0061989962,0.0008425708,9.7936865524,-0.0013763838,0.0001389912,0.1745813227
559031.8500242310,0.0024051697,-0.0051214026,9.7932580210,-0.0011375379,0.0000955887,0.1745487799
559031.8600242310,0.0059149205,-0.0026672155,9.7946025440,-0.0018106489,0.0000955887,0.1745487799
559031.8700242310,0.0078803350,-0.0012856502,9.7930615806,-0.0007575559,0.0000955887,0.1745596275
559031.8800242310,0.0054649063,-0.0061768632,9.7938421970,-0.0019626417,0.0001389912,0.1745596275
559031.8900242310,0.0037585236,0.0017475196,9.7941648000,-0.0008335523,0.0000847381,0.1745921703
559031.9000242311,0.0043952625,-0.0069435970,9.7932406904,-0.0017455092,0.0000955887,0.1745813227
559031.9100242310,0.0072758650,0.0006939348,9.7947451698,-0.0012243909,0.0000955887,0.1745704751
559031.9200242310,0.0051574568,-0.0055680061,9.7938450135,-0.0012895307,0.0001064393,0.1745487799
559031.9300242310,0.0042268655,-0.0006911047,9.7943123874,-0.0016369429,0.0001281405,0.1745379323
559031.9400242310,0.0051472859,-0.0035850173,9.7935409008,-0.0009204053,0.0000847381,0.1745704751
559031.9500242310,0.0054559252,-0.0044989282,9.7935379448,-0.0018757887,0.0001064393,0.1746247130
559031.9600242310,0.0062008096,0.0006899745,9.7938389924,-0.0007466993,0.0001064393,0.1745921703
559031.9700242310,0.0045478547,-0.0063330029,9.7935447202,-0.0019083586,0.0001064393,0.1746138654
559031.9800242310,0.0051264351,0.0014484404,9.7933906930,-0.0009638318,0.0001064393,0.1746464082
559031.9900242310,0.0063854987,-0.0072408694,9.7939866061,-0.0015826597,0.0000955887,0.1746247130
559032.0000242310,0.0060507404,0.0009941947,9.7942979299,-0.0013003873,0.0001064393,0.1746247130
559032.0100242310,0.0050025136,-0.0052635081,9.7936939120,-0.0012135343,0.0000955887,0.1748850553
559032.0200242311,0.0048381090,-0.0019086106,9.7938492252,-0.0016803694,0.0000847381,0.1746138654
559032.0300242309,0.0057569166,-0.0025150361,9.7939938435,-0.0008878354,0.0001064393,0.1745813227
559032.0400242310,0.0066780752,-0.0040365536,9.7939855335,-0.0019300718,0.0001281405,0.1745596275
559032.0500242310,0.0054369452,0.0009919019,9.7938454756,-0.0007901258,0.0000847381,0.1745270847
559032.0600242310,0.0042517660,-0.0080121884,9.7938515098,-0.0018757887,0.0001064393,0.1744836943
559032.0700242310,0.0051349073,0.0008379856,9.7941529628,-0.0009638318,0.0000738874,0.1745379323
559032.0800242310,0.0060817047,-0.0066322206,9.7944469518,-0.0015500898,0.0001064393,0.1745921703
559032.0900242310,0.0063552726,0.0017579410,9.7946007607,-0.0013221006,0.0001172899,0.1746030179
559032.1000242310,0.0042391581,-0.0060290607,9.7932423777,-0.0012026777,0.0000955887,0.1745704751
559032.1100242310,0.0049912101,-0.0023654967,9.7936952374,-0.0017346525,0.0000955887,0.1746030179
559032.1200242310,0.0068234998,-0.0019006209,9.7941377511,-0.0008552655,0.0001172899,0.1746138654
559032.1300242310,0.0068312051,-0.0041884552,9.7939841950,-0.0019409285,0.0001064393,0.1745704751
559032.1400242310,0.0037578427,0.0009850933,9.7937069219,-0.0007792691,0.0001172899,0.1745704751
559032.1500242311,0.0039405750,-0.0083180762,9.7929388493,-0.0017997923,0.0000847381,0.1746030179
559032.1600242310,0.0075762041,0.0022203851,9.7948958396,-0.0011049680,0.0000738874,0.1745813227
559032.1700242310,0.0083570057,-0.0058596513,9.7932081915,-0.0013872404,0.0001498418,0.1745921703
559032.1800242310,0.0034641910,-0.0006942311,9.7943187311,-0.0016152296,0.0001389912,0.1746030179
559032.1900242310,0.0031630562,-0.0042030452,9.7930995861,-0.0009204053,0.0000738874,0.1745921703
559032.2000242310,0.0057604574,-0.0037351820,9.7938407757,-0.0018975020,0.0001389912,0.1745596275
559032.2100242310,0.0075801965,-0.0006772097,9.7939794557,-0.0007684125,0.0000847381,0.1746030179
559032.2200242310,0.0045514816,-0.0066381956,9.7938496002,-0.0018757887,0.0001281405,0.1746030179
559032.2300242310,0.0028420383,0.0011338686,9.7937146041,-0.0009421186,0.0000955887,0.1746138654
559032.2400242310,0.0045538613,-0.0072483033,9.7938493212,-0.0016477995,0.0000738874,0.1746030179
559032.2500242310,0.0075821820,0.0010001003,9.7950477913,-0.0012461042,0.0000847381,0.1746138654
559032.2600242310,0.0062287993,-0.0061738062,9.7939883631,-0.0012352476,0.0001172899,0.1746247130
559032.2700242311,0.0040700802,-0.0005389948,9.7938561966,-0.0016695127,0.0001064393,0.1745813227
559032.2800242309,0.0031619524,-0.0029830382,9.7935576735,-0.0008661222,0.0000738874,0.1745704751
559032.2900242310,0.0065272964,-0.0047997440,9.7938339437,-0.0019300718,0.0001064393,0.1745379323
559032.3000242310,0.0072770261,0.0000838965,9.7945923810,-0.0008118390,0.0000847381,0.1745162371
559032.3100242310,0.0044031111,-0.0077065093,9.7938503806,-0.0018540754,0.0001281405,0.1746030179
559032.3200242310,0.0039128433,0.0012905641,9.7941633220,-0.0010181150,0.0001172899,0.1745596275
559032.3300242310,0.0056137570,-0.0064810140,9.7932307497,-0.0015283766,0.0000738874,0.1745379323
559032.3400242310,0.0063629492,-0.0008348777,9.7942945554,-0.0013763838,0.0001281405,0.1745487799
559032.3500242310,0.0050031371,-0.0051110506,9.7938464915,-0.0011049680,0.0001064393,0.1745921703
559032.3600242310,0.0033126739,-0.0028298166,9.7934039647,-0.0017563658,0.0000955887,0.1746030179
559032.3700242310,0.0052939003,-0.0017541384,9.7936929789,-0.0008661222,0.0000847381,0.1746138654
559032.3800242320,0.0065267015,-0.0046472171,9.7938340134,-0.0019192152,0.0001281405,0.1745487799
559032.3900242320,0.0062056263,0.0000797279,9.7941437329,-0.0008009824,0.0000847381,0.1745921703
559032.4000242320,0.0045514529,-0.0069431800,9.7936969509,-0.0018215056,0.0001281405,0.1745921703
559032.4100242320,0.0045230403,0.0019030340,9.7944635456,-0.0010072584,0.0000955887,0.1745813227
559032.4200242320,0.0051603454,-0.0072455939,9.7933867169,-0.0015392332,0.0001064393,0.1745921703
559032.4300242320,0.0060573418,-0.0000736326,9.7946024611,-0.0014198103,0.0000955887,0.1746138654
559032.4400242320,0.0060715051,-0.0049542162,9.7939901899,-0.0010723981,0.0001064393,0.1745596275
559032.4500242320,0.0046903908,-0.0025194824,9.7941552344,-0.0018432188,0.0000847381,0.1745379323
559032.4600242320,0.0055990275,-0.0011429191,9.7939957400,-0.0007684125,0.0000847381,0.1745270847
559032.4700242321,0.0037821196,-0.0064884479,9.7930934648,-0.0019626417,0.0001281405,0.1745596275
559032.4800242319,0.0051336888,0.0008380550,9.7940004531,-0.0008335523,0.0000738874,0.1745921703
559032.4900242320,0.0059254283,-0.0075475907,9.7935327435,-0.0016586561,0.0001281405,0.1746138654
559032.5000242320,0.0058981768,0.0006885850,9.7941465494,-0.0012786741,0.0001172899,0.1746138654
559032.5100242320,0.0045406584,-0.0051126487,9.7932402587,-0.0012135343,0.0000847381,0.1745921703
559032.5200242320,0.0042285643,-0.0020636386,9.7938542303,-0.0017455092,0.0001281405,0.1745813227
559032.5300242320,0.0065202148,-0.0023594522,9.7941400793,-0.0007901258,0.0000847381,0.1745921703
559032.5400242320,0.0057657830,-0.0054129086,9.7936874986,-0.0019734984,0.0001498418,0.1745487799
559032.5500242320,0.0054375688,0.0011443594,9.7939980551,-0.0007792691,0.0000738874,0.1745921703
559032.5600242320,0.0025714450,-0.0080189276,9.7935604464,-0.0017672224,0.0001064393,0.1745487799
559032.5700242320,0.0048256444,0.0015994390,9.7940033393,-0.0011592512,0.0000847381,0.1745813227
559032.5800242320,0.0065289951,-0.0061722779,9.7933757866,-0.0013546705,0.0000955887,0.1745487799
559032.5900242320,0.0062121704,-0.0015980682,9.7941429655,-0.0016369429,0.0001064393,0.1745487799
559032.6000242319,0.0040849818,-0.0040471833,9.7940071020,-0.0008878354,0.0000738874,0.1745596275
559032.6100242320,0.0039239173,-0.0040473225,9.7929408024,-0.0019300718,0.0001281405,0.1745596275
559032.6200242320,0.0048298375,0.0008367350,9.7941555003,-0.0007684125,0.0000738874,0.1745813227
559032.6300242320,0.0069985842,-0.0083059873,9.7938285331,-0.0019192152,0.0001064393,0.1746030179
559032.6400242320,0.0051391291,0.0003802659,9.7944577731,-0.0009529752,0.0000955887,0.1746030179
559032.6500242320,0.0050042410,-0.0063310576,9.7933884042,-0.0015718031,0.0000847381,0.1745487799
559032.6600242320,0.0039115961,0.0009856491,9.7938581629,-0.0013655271,0.0000738874,0.1745704751
559032.6700242320,0.0065296761,-0.0054098517,9.7938336646,-0.0011918211,0.0001389912,0.1746030179
559032.6800242320,0.0065243792,-0.0034271406,9.7941395910,-0.0016695127,0.0000955887,0.1745813227
559032.6900242320,0.0048410836,-0.0026712452,9.7938488764,-0.0008769788,0.0000847381,0.1745596275
559032.7000242320,0.0037733105,-0.0029806065,9.7937051083,-0.0018975020,0.0001064393,0.1745053895
559032.7100242320,0.0046771879,-0.0003838279,9.7935461719,-0.0008335523,0.0000738874,0.1745813227
559032.7200242321,0.0060822136,-0.0076997007,9.7939889343,-0.0018866453,0.0001281405,0.1745270847
559032.7300242319,0.0059024272,0.0005358498,9.7946040089,-0.0009529752,0.0001064393,0.1745270847
559032.7400242320,0.0030151946,-0.0063388390,9.7926423490,-0.0015718031,0.0000847381,0.1745379323
559032.7500242320,0.0040713847,0.0003758890,9.7944666542,-0.0012678175,0.0000738874,0.1745704751
559032.7600242320,0.0068316566,-0.0058659041,9.7932208789,-0.0012895307,0.0001172899,0.1745704751
559032.7700242320,0.0065172115,-0.0019018020,9.7939877788,-0.0016260862,0.0000955887,0.1746030179
559032.7800242320,0.0053130810,-0.0051100778,9.7944539931,-0.0009529752,0.0000847381,0.1746247130
559032.7900242320,0.0042284783,-0.0029785918,9.7933962825,-0.0018432188,0.0001281405,0.1745379323
559032.8000242320,0.0040797996,-0.0008445347,9.7949236254,-0.0008009824,0.0000738874,0.1746030179
559032.8100242320,0.0072994323,-0.0078470171,9.7935211853,-0.0018866453,0.0001064393,0.1746247130
559032.8200242320,0.0062007522,0.0000800057,9.7935336938,-0.0008769788,0.0000955887,0.1746030179
559032.8300242320,0.0042415951,-0.0060291996,9.7935473972,-0.0016695127,0.0000847381,0.1745921703
559032.8400242320,0.0036047416,0.0014419793,9.7938609097,-0.0012026777,0.0000955887,0.1745813227
559032.8500242319,0.0057753017,-0.0078533393,9.7936863825,-0.0013872404,0.0001064393,0.1745813227
559032.8600242320,0.0060578220,-0.0014460971,9.7939917943,-0.0014849500,0.0000955887,0.1745379323
559032.8700242320,0.0039342316,-0.0045053893,9.7940081615,-0.0010615415,0.0000738874,0.1745270847
559032.8800242320,0.0045311971,-0.0020622492,9.7935466734,-0.0017672224,0.0001389912,0.1745596275
559032.8900242320,0.0046916379,-0.0022145675,9.7944603934,-0.0008661222,0.0000738874,0.1745704751
559032.9000242320,0.0071391348,-0.0061697768,9.7933707116,-0.0019192152,0.0001281405,0.1745596275
559032.9100242320,0.0045283659,0.0002253073,9.7943102685,-0.0008118390,0.0000738874,0.1745596275
559032.9200242320,0.0050085201,-0.0061788085,9.7939985130,-0.0018323622,0.0001389912,0.1745053895
559032.9300242320,0.0048262107,0.0011419277,9.7938506203,-0.0009855451,0.0000847381,0.1743643708
559032.9400242320,0.0053225136,-0.0084654617,9.7939949292,-0.0015392332,0.0000847381,0.1744619991
559032.9500242320,0.0061995624,0.0003850595,9.7935338333,-0.0013221006,0.0001172899,0.1745270847
559032.9600242320,0.0050018613,-0.0057209500,9.7933886832,-0.0011483945,0.0000847381,0.1746247130
559032.9700242321,0.0039234945,-0.0020648892,9.7938567678,-0.0017889357,0.0001064393,0.1745921703
559032.9800242319,0.0048477424,-0.0031291037,9.7944587061,-0.0008009824,0.0000738874,0.1746138654
559032.9900242320,0.0062275522,-0.0064787212,9.7936832041,-0.0019626417,0.0001498418,0.1745921703
559033.0000242320,0.0055913509,0.0014498996,9.7943019454,-0.0008009824,0.0000738874,0.1746030179
559033.0100242320,0.0054683898,-0.0080069779,9.7933838307,-0.0017346525,0.0001064393,0.1748742077
559033.0200242320,0.0036131564,0.0002215557,9.7943178809,-0.0011483945,0.0000738874,0.1745813227
559033.0300242320,0.0057693238,-0.0066330545,9.7935344308,-0.0013329572,0.0000955887,0.1745704751
559033.0400242320,0.0055960242,-0.0006852689,9.7938434395,-0.0016152296,0.0000955887,0.1745487799
559033.0500242320,0.0057586440,-0.0035825856,9.7936883357,-0.0009529752,0.0000847381,0.1745162371
559033.0600242320,0.0043935924,-0.0052660786,9.7938514967,-0.0018540754,0.0000955887,0.1745487799
559033.0700242320,0.0040773339,-0.0011493802,9.7944659567,-0.0008009824,0.0000738874,0.1745813227
559033.0800242320,0.0060743937,-0.0066318040,9.7935318933,-0.0018757887,0.0000955887,0.1746030179
559033.0900242320,0.0054363216,0.0008394444,9.7936928961,-0.0008986921,0.0000847381,0.1746030179
559033.1000242319,0.0048569743,-0.0086193783,9.7929310973,-0.0016477995,0.0001281405,0.1745813227
559033.1100242320,0.0033002380,0.0009832175,9.7937107281,-0.0012895307,0.0000738874,0.1745921703
559033.1200242320,0.0054636878,-0.0061767938,9.7936896873,-0.0012135343,0.0001064393,0.1745921703
559033.1300242320,0.0054585056,-0.0029741451,9.7946062107,-0.0017346525,0.0001281405,0.1745379323
559033.1400242320,0.0048446531,-0.0035864067,9.7938484578,-0.0008009824,0.0000738874,0.1745813227
559033.1500242320,0.0036284522,-0.0055740505,9.7934001716,-0.0019300718,0.0001389912,0.1745921703
559033.1600242320,0.0055925121,0.0008398614,9.7941491566,-0.0007792691,0.0000738874,0.1745921703
559033.1700242320,0.0050107850,-0.0080088537,9.7933876369,-0.0018215056,0.0001064393,0.1745596275
559033.1800242320,0.0046760554,0.0005311948,9.7938516100,-0.0011266813,0.0000955887,0.1745704751
559033.1900242320,0.0047063675,-0.0075526624,9.7936954031,-0.0013980970,0.0000738874,0.1745921703
559033.2000242320,0.0057504012,-0.0005322556,9.7941472601,-0.0015066633,0.0001064393,0.1746247130
559033.2100242320,0.0056133341,-0.0044985807,9.7941467151,-0.0009638318,0.0000955887,0.1746138654
559033.2200242321,0.0037786935,-0.0040483644,9.7938571297,-0.0018432188,0.0000847381,0.1746355606
559033.2300242319,0.0048375427,-0.0014510993,9.7940019442,-0.0008118390,0.0000738874,0.1746247130
559033.2400242320,0.0057716748,-0.0075481466,9.7933815025,-0.0019192152,0.0001064393,0.1746138654
559033.2500242320,0.0052886607,0.0008385414,9.7943042038,-0.0008769788,0.0000738874,0.1746138654
559033.2600242320,0.0037838757,-0.0072510130,9.7929406063,-0.0017455092,0.0001281405,0.1745813227
559033.2700242320,0.0045307455,-0.0003848003,9.7943099895,-0.0010723981,0.0000630368,0.1745596275
559033.2800242320,0.0059224250,-0.0070899406,9.7933804430,-0.0013980970,0.0000738874,0.1746030179
559033.2900242320,0.0055978950,-0.0002278965,9.7943011781,-0.0015283766,0.0001281405,0.1745487799
559033.3000242320,0.0043960294,-0.0052662175,9.7941565162,-0.0010072584,0.0000847381,0.1745921703
559033.3100242320,0.0040807600,-0.0035894637,9.7937022918,-0.0018323622,0.0000955887,0.1745596275
559033.3200242320,0.0046850365,-0.0011467402,9.7941558622,-0.0008335523,0.0000630368,0.1745921703
559033.3300242320,0.0065356252,-0.0069351208,9.7938329671,-0.0018866453,0.0000955887,0.1745596275
559033.3400242320,0.0054471161,-0.0009910869,9.7941495883,-0.0008444089,0.0000847381,0.1746030179
559033.3500242319,0.0043983804,-0.0061813096,9.7940035879,-0.0017672224,0.0001064393,0.1745596275
559033.3600242320,0.0051319041,0.0012956358,9.7940006623,-0.0010506849,0.0000738874,0.1745379323
559033.3700242320,0.0063841941,-0.0081557531,9.7933761485,-0.0016260862,0.0001281405,0.1744945419
559033.3800242320,0.0057503439,-0.0011422244,9.7938419615,-0.0012352476,0.0001064393,0.1745704751
559033.3900242320,0.0048566088,-0.0060269763,9.7941523612,-0.0012786741,0.0000955887,0.1746030179
559033.4000242320,0.0034587794,0.0000685424,9.7940140604,-0.0016260862,0.0000955887,0.1745813227
559033.4100242320,0.0051460674,-0.0035849478,9.7933883911,-0.0009421186,0.0000738874,0.1745813227
559033.4200242320,0.0056192546,-0.0063288343,9.7939933683,-0.0019083586,0.0001064393,0.1745921703
559033.4300242320,0.0049846661,-0.0006877006,9.7936960047,-0.0007575559,0.0001064393,0.1746138654
559033.4400242320,0.0036380856,-0.0067945436,9.7940096526,-0.0018866453,0.0000955887,0.1745704751
559033.4500242330,0.0049806450,0.0019049098,9.7944597394,-0.0009855451,0.0000738874,0.1744836943
559033.4600242330,0.0054695796,-0.0083120317,9.7933836912,-0.0015392332,0.0000955887,0.1745596275
559033.4700242330,0.0049949230,-0.0017557362,9.7944580652,-0.0013329572,0.0000955887,0.1746030179
559033.4800242330,0.0043899369,-0.0052658703,9.7933939675,-0.0011592512,0.0000955887,0.1745813227
559033.4900242330,0.0046856601,-0.0009942827,9.7943084417,-0.0016803694,0.0000847381,0.1745921703
559033.5000242330,0.0059172141,-0.0041922763,9.7941443172,-0.0009638318,0.0000630368,0.1745813227
559033.5100242330,0.0047034503,-0.0061800590,9.7940010505,-0.0018540754,0.0001389912,0.1745596275
559033.5200242330,0.0051450496,-0.0014499876,9.7943044262,-0.0008335523,0.0000847381,0.1745813227
559033.5300242330,0.0045455324,-0.0051129264,9.7938502977,-0.0018757887,0.0000847381,0.1745379323
559033.5400242331,0.0048334070,-0.0000784265,9.7941550817,-0.0008878354,0.0000847381,0.1745270847
559033.5500242329,0.0050185763,-0.0093817348,9.7936920286,-0.0017020826,0.0000738874,0.1745379323
559033.5600242330,0.0065113197,0.0002334359,9.7942937749,-0.0011592512,0.0001064393,0.1746030179
559033.5700242330,0.0043917217,-0.0057234511,9.7933937582,-0.0013329572,0.0000847381,0.1745813227
559033.5800242330,0.0049961415,-0.0017558056,9.7946105750,-0.0016152296,0.0000955887,0.1744511515
559033.5900242330,0.0048506022,-0.0051116759,9.7938477603,-0.0009312620,0.0000630368,0.1743535232
559033.6000242330,0.0050013237,-0.0049584543,9.7936940515,-0.0018540754,0.0001281405,0.1745162371
559033.6100242330,0.0048322172,0.0002266273,9.7941552213,-0.0007684125,0.0000738874,0.1745596275
559033.6200242330,0.0047064535,-0.0066377092,9.7941533510,-0.0019192152,0.0000955887,0.1746138654
559033.6300242330,0.0057437138,-0.0003793815,9.7933847810,-0.0009529752,0.0000955887,0.1746030179
559033.6400242330,0.0048600636,-0.0081620753,9.7935413456,-0.0015609465,0.0000738874,0.1745596275
559033.6500242330,0.0036107767,0.0008316634,9.7943181599,-0.0013872404,0.0001064393,0.1745704751
559033.6600242330,0.0051489559,-0.0052625356,9.7929300945,-0.0011049680,0.0000847381,0.1745162371
559033.6700242331,0.0053034763,-0.0035846003,9.7939971614,-0.0018215056,0.0000847381,0.1745270847
559033.6800242329,0.0060644234,-0.0025139244,9.7942963255,-0.0007684125,0.0000847381,0.1745270847
559033.6900242330,0.0042385632,-0.0058765338,9.7932424474,-0.0019300718,0.0000955887,0.1745270847
559033.7000242330,0.0042191316,0.0012917452,9.7943132943,-0.0008335523,0.0001064393,0.1746030179
559033.7100242330,0.0044078418,-0.0092317090,9.7936971733,-0.0017997923,0.0001064393,0.1746355606
559033.7200242330,0.0057467457,-0.0005320473,9.7936897308,-0.0011158246,0.0000738874,0.1746464082
559033.7300242330,0.0056108398,-0.0051084106,9.7935363971,-0.0013763838,0.0000955887,0.1746355606
559033.7400242330,0.0033056496,0.0002204440,9.7940153989,-0.0015826597,0.0000847381,0.1746355606
559033.7500242330,0.0040920348,-0.0067924595,9.7935483171,-0.0009529752,0.0000847381,0.1746138654
559033.7600242330,0.0056108111,-0.0054133950,9.7933837478,-0.0018866453,0.0000847381,0.1745379323
559033.7700242330,0.0052868473,0.0009911378,9.7941517638,-0.0007575559,0.0000738874,0.1744403040
559033.7800242330,0.0039383387,-0.0061830465,9.7937023746,-0.0019409285,0.0000955887,0.1745053895
559033.7900242331,0.0037650391,-0.0002352609,9.7940113834,-0.0009529752,0.0000955887,0.1745162371
559033.8000242329,0.0054743389,-0.0095322471,9.7933831331,-0.0015718031,0.0000847381,0.1745270847
559033.8100242330,0.0049775557,0.0014476068,9.7938494911,-0.0012895307,0.0000738874,0.1745270847
559033.8200242330,0.0040879850,-0.0045048335,9.7941594025,-0.0011918211,0.0000955887,0.1745487799
559033.8300242330,0.0034736523,-0.0037446306,9.7940123165,-0.0017455092,0.0000955887,0.1745921703
559033.8400242330,0.0053064222,-0.0046522193,9.7938441633,-0.0008009824,0.0000738874,0.1745813227
559033.8500242330,0.0063747041,-0.0054103381,9.7935299139,-0.0019626417,0.0001064393,0.1745379323
559033.8600242330,0.0052886894,0.0011435258,9.7944568531,-0.0007684125,0.0000738874,0.1745379323
559033.8700242330,0.0028752676,-0.0083225920,9.7932527499,-0.0018215056,0.0000955887,0.1745487799
559033.8800242330,0.0042245146,0.0002239874,9.7944653157,-0.0011049680,0.0000847381,0.1745813227
559033.8900242330,0.0068370109,-0.0072386464,9.7932202511,-0.0013655271,0.0000738874,0.1746138654
559033.9000242330,0.0057521573,-0.0012948207,9.7939944015,-0.0015718031,0.0001064393,0.1745921703
559033.9100242330,0.0033174332,-0.0040500319,9.7934034067,-0.0010072584,0.0000738874,0.1746030179
559033.9200242331,0.0036267535,-0.0042015166,9.7938583287,-0.0018323622,0.0000847381,0.1746355606
559033.9300242329,0.0062121417,-0.0019030526,9.7939903163,-0.0008009824,0.0000738874,0.1745813227
559033.9400242330,0.0065308086,-0.0063248743,9.7935282266,-0.0018975020,0.0001281405,0.1745921703
559033.9500242330,0.0033044884,0.0008304822,9.7941681877,-0.0008444089,0.0000738874,0.1745813227
559033.9600242330,0.0024165018,-0.0077144296,9.7934093449,-0.0017346525,0.0000847381,0.1745921703
559033.9700242330,0.0051427559,0.0000750732,9.7947626531,-0.0011809644,0.0000738874,0.1745921703
559033.9800242330,0.0080579997,-0.0061662335,9.7938206285,-0.0013655271,0.0001064393,0.1745921703
559033.9900242330,0.0042274605,-0.0008436316,9.7943123177,-0.0015609465,0.0000847381,0.1745813227
559034.0000242330,0.0031720947,-0.0052710114,9.7937091369,-0.0009855451,0.0000738874,0.1745813227
559034.0100242330,0.0040831397,-0.0041995713,9.7937020127,-0.0018215056,0.0000847381,0.1748742077
559034.0200242330,0.0072763165,-0.0009835141,9.7939818537,-0.0008009824,0.0000738874,0.1745921703
559034.0300242330,0.0062329351,-0.0075464791,9.7938352255,-0.0019409285,0.0001281405,0.1745379323
559034.0400242331,0.0037686659,-0.0005404536,9.7943162634,-0.0008552655,0.0000630368,0.1745813227
559034.0500242329,0.0036398416,-0.0075571088,9.7938567941,-0.0016803694,0.0000847381,0.1745487799
559034.0600242330,0.0058994526,0.0012984844,9.7946043577,-0.0012461042,0.0000847381,0.1745921703
559034.0700242330,0.0059266754,-0.0072426758,9.7938379025,-0.0012678175,0.0000955887,0.1745487799
559034.0800242330,0.0040801938,-0.0031319523,9.7938550108,-0.0015935163,0.0001064393,0.1745053895
559034.0900242330,0.0033205798,-0.0029827601,9.7943189535,-0.0008986921,0.0000738874,0.1744836943
559034.1000242330,0.0046914372,-0.0043494583,9.7933918485,-0.0019300718,0.0000955887,0.1744836943
559034.1100242330,0.0051457018,-0.0009925458,9.7946096550,-0.0008335523,0.0000955887,0.1744945419
559034.1200242330,0.0054731491,-0.0092271932,9.7933832726,-0.0018757887,0.0001064393,0.1745379323
559034.1300242330,0.0045235205,0.0005305695,9.7938528787,-0.0009421186,0.0000738874,0.1745704751
559034.1400242330,0.0036314555,-0.0060317007,9.7935524721,-0.0015392332,0.0000955887,0.1746138654
559034.1500242330,0.0040695140,-0.0000814834,9.7940089157,-0.0013221006,0.0000847381,0.1746247130
559034.1600242330,0.0063866598,-0.0078509076,9.7938338173,-0.0012352476,0.0000738874,0.1746138654
559034.1700242331,0.0057544796,-0.0025148972,9.7936888239,-0.0016695127,0.0000955887,0.1746138654
559034.1800242329,0.0037727730,-0.0022181108,9.7940104766,-0.0008986921,0.0000738874,0.1746030179
559034.1900242330,0.0031678729,-0.0048132918,9.7934043266,-0.0019300718,0.0000738874,0.1745487799
559034.2000242330,0.0051486764,-0.0017551803,9.7946093062,-0.0007901258,0.0000738874,0.1744403040
559034.2100242330,0.0056220858,-0.0086163908,9.7932297732,-0.0018432188,0.0000847381,0.1744403040
559034.2200242330,0.0045211408,0.0011406772,9.7938531578,-0.0009529752,0.0000955887,0.1744945419
559034.2300242330,0.0034794868,-0.0064898373,9.7934010218,-0.0015935163,0.0000847381,0.1745487799
559034.2400242330,0.0040755491,-0.0006917994,9.7944661659,-0.0013763838,0.0000738874,0.1745704751
559034.2500242330,0.0056197635,-0.0073963144,9.7935353507,-0.0012243909,0.0001064393,0.1745921703
559034.2600242330,0.0055953146,-0.0017526796,9.7932329122,-0.0016152296,0.0000847381,0.1745596275
559034.2700242330,0.0042375740,-0.0034365892,9.7943111318,-0.0009638318,0.0000738874,0.1745596275
559034.2800242330,0.0028682720,-0.0049673470,9.7940168334,-0.0018106489,0.0000847381,0.1746138654
559034.2900242331,0.0057557555,-0.0019049978,9.7941466322,-0.0008335523,0.0000738874,0.1745704751
559034.3000242329,0.0057699761,-0.0061756126,9.7938396596,-0.0019083586,0.0000847381,0.1745487799
559034.3100242330,0.0040767103,-0.0013018377,9.7943133771,-0.0008769788,0.0000738874,0.1745270847
559034.3200242330,0.0036409454,-0.0087771158,9.7933987067,-0.0017563658,0.0000847381,0.1745596275
559034.3300242330,0.0040665967,0.0012911199,9.7943145630,-0.0011158246,0.0000630368,0.1746138654
559034.3400242330,0.0063849037,-0.0070883425,9.7939866758,-0.0014415235,0.0001064393,0.1746355606
559034.3500242330,0.0055971854,-0.0012953071,9.7936906507,-0.0013655271,0.0000955887,0.1745921703
559034.3600242330,0.0034837372,-0.0066425725,9.7938584813,-0.0011918211,0.0000738874,0.1746138654
559034.3700242330,0.0037739628,-0.0025231647,9.7940103370,-0.0017020826,0.0000847381,0.1746247130
559034.3800242330,0.0043870770,-0.0032832981,9.7940049133,-0.0009312620,0.0000738874,0.1746247130
559034.3900242330,0.0063795495,-0.0057156002,9.7939873036,-0.0018757887,0.0001064393,0.1746681034
559034.4000242330,0.0039234945,-0.0020648892,9.7938567678,-0.0007901258,0.0000738874,0.1746138654
559034.4100242330,0.0030284835,-0.0075595404,9.7937093593,-0.0018757887,0.0000738874,0.1745704751
559034.4200242331,0.0046809294,0.0005309170,9.7944616490,-0.0008769788,0.0000847381,0.1745379323
559034.4300242329,0.0062365619,-0.0078516718,9.7941401055,-0.0017020826,0.0001064393,0.1744945419
559034.4400242330,0.0048273145,-0.0000780793,9.7933925330,-0.0012135343,0.0000738874,0.1745162371
559034.4500242330,0.0028789518,-0.0080178159,9.7938629285,-0.0013329572,0.0001064393,0.1745053895
559034.4600242330,0.0037722354,-0.0014556151,9.7943158449,-0.0015609465,0.0000738874,0.1745813227
559034.4700242330,0.0063741666,-0.0046478424,9.7938352822,-0.0009529752,0.0000738874,0.1745813227
559034.4800242330,0.0046986622,-0.0052648281,9.7938489593,-0.0018866453,0.0001064393,0.1746030179
559034.4900242330,0.0039259315,-0.0020650281,9.7941617873,-0.0007684125,0.0000738874,0.1745596275
559034.5000242330,0.0043994556,-0.0077063010,9.7933928514,-0.0019192152,0.0000847381,0.1745379323
559034.5100242330,0.0052844390,0.0012962610,9.7939993936,-0.0009204053,0.0000847381,0.1745270847
559034.5200242330,0.0057758966,-0.0080058662,9.7936863127,-0.0016477995,0.0000847381,0.1745379323
559034.5300242340,0.0039181976,-0.0000821782,9.7941626942,-0.0012895307,0.0000738874,0.1745487799
559034.5400242340,0.0047009846,-0.0064849045,9.7935433817,-0.0011918211,0.0000847381,0.1745704751
559034.5500242340,0.0039247130,-0.0020649586,9.7940092776,-0.0017020826,0.0000738874,0.1745379323
559034.5600242340,0.0059124261,-0.0032770454,9.7939922259,-0.0008769788,0.0000955887,0.1745596275
559034.5700242340,0.0048499786,-0.0052641334,9.7936951808,-0.0019626417,0.0000847381,0.1745270847
559034.5800242340,0.0042232100,-0.0006908964,9.7938548582,-0.0008009824,0.0000413356,0.1745162371
559034.5900242340,0.0044060857,-0.0084691439,9.7938500318,-0.0018540754,0.0000847381,0.1745053895
559034.6000242340,0.0058987717,0.0005360581,9.7941464796,-0.0009855451,0.0000738874,0.1745813227
559034.6100242340,0.0042506335,-0.0070971658,9.7941569479,-0.0015392332,0.0000847381,0.1746030179
559034.6200242341,0.0045295270,-0.0003847309,9.7941574797,-0.0013763838,0.0000738874,0.1745921703
559034.6300242339,0.0050078391,-0.0069412347,9.7935406349,-0.0011049680,0.0000738874,0.1745813227
559034.6400242340,0.0043888618,-0.0037408789,9.7940047040,-0.0018215056,0.0000847381,0.1745813227
559034.6500242340,0.0052939290,-0.0014491540,9.7938456282,-0.0008118390,0.0000738874,0.1746138654
559034.6600242340,0.0043965097,-0.0066386820,9.7935458494,-0.0019626417,0.0000847381,0.1746138654
559034.6700242340,0.0040718649,-0.0009965755,9.7938559874,-0.0007901258,0.0000738874,0.1745596275
559034.6800242340,0.0048648802,-0.0087723219,9.7938460861,-0.0017346525,0.0000955887,0.1746247130
559034.6900242340,0.0045290468,0.0009877336,9.7947681465,-0.0011483945,0.0000738874,0.1745487799
559034.7000242340,0.0042475729,-0.0072494844,9.7936993489,-0.0013546705,0.0000955887,0.1745379323
559034.7100242340,0.0042310013,-0.0020637775,9.7941592499,-0.0015935163,0.0000738874,0.1745162371
559034.7200242340,0.0046980673,-0.0051123012,9.7938490290,-0.0009638318,0.0000738874,0.1745596275
559034.7300242340,0.0054637738,-0.0052618406,9.7941476351,-0.0018757887,0.0000847381,0.1745704751
559034.7400242341,0.0037637345,-0.0011501447,9.7934009258,-0.0007575559,0.0000738874,0.1745921703
559034.7500242339,0.0044007028,-0.0074013860,9.7936980104,-0.0019083586,0.0000955887,0.1745487799
559034.7600242340,0.0049822864,-0.0000775929,9.7936962837,-0.0009529752,0.0000738874,0.1745813227
559034.7700242340,0.0051657283,-0.0083133517,9.7935387384,-0.0016477995,0.0000738874,0.1745921703
559034.7800242340,0.0034629725,-0.0006941617,9.7941662214,-0.0012352476,0.0000847381,0.1745487799
559034.7900242340,0.0031768540,-0.0064912267,9.7937085788,-0.0013546705,0.0000738874,0.1745704751
559034.8000242340,0.0043811279,-0.0017580290,9.7940056109,-0.0014632368,0.0000738874,0.1745813227
559034.8100242340,0.0059164185,-0.0061746402,9.7930758420,-0.0011049680,0.0000738874,0.1746030179
559034.8200242340,0.0034712440,-0.0034395073,9.7938599462,-0.0017455092,0.0000738874,0.1746138654
559034.8300242340,0.0037757189,-0.0032857298,9.7938574785,-0.0008444089,0.0000738874,0.1745813227
559034.8400242340,0.0048535481,-0.0061792949,9.7936947622,-0.0019734984,0.0000847381,0.1745921703
559034.8500242340,0.0051402902,-0.0002297723,9.7943049843,-0.0008444089,0.0000630368,0.1745813227
559034.8600242340,0.0048619057,-0.0080096873,9.7938464349,-0.0018323622,0.0000738874,0.1746138654
559034.8700242341,0.0034611877,-0.0002365809,9.7941664306,-0.0010398282,0.0000738874,0.1746247130
559034.8800242339,0.0042547980,-0.0081648542,9.7941564596,-0.0014415235,0.0000847381,0.1746030179
559034.8900242340,0.0048321885,-0.0000783571,9.7940025720,-0.0014958067,0.0000847381,0.1745921703
559034.9000242340,0.0053039279,-0.0052620492,9.7932338453,-0.0010506849,0.0000738874,0.1745813227
559034.9100242340,0.0043905892,-0.0048084284,9.7936991962,-0.0018432188,0.0000847381,0.1745487799
559034.9200242340,0.0045396693,-0.0026727041,9.7943089431,-0.0008335523,0.0000738874,0.1746138654
559034.9300242340,0.0043941587,-0.0057235899,9.7936987777,-0.0019083586,0.0001281405,0.1745921703
559034.9400242340,0.0052867613,0.0000761846,9.7936938160,-0.0008335523,0.0000630368,0.1745813227
559034.9500242340,0.0048660414,-0.0093823601,9.7936932973,-0.0017889357,0.0000847381,0.1745813227
559034.9600242340,0.0043776157,-0.0002328987,9.7943113280,-0.0011049680,0.0000738874,0.1745596275
559034.9700242340,0.0040950667,-0.0069451253,9.7938532669,-0.0014089536,0.0000738874,0.1745813227
559034.9800242340,0.0052915780,-0.0005340620,9.7939985565,-0.0015718031,0.0000955887,0.1745487799
559034.9900242341,0.0040848671,-0.0052671209,9.7933965049,-0.0009746885,0.0000738874,0.1745270847
559035.0000242339,0.0040836486,-0.0052670514,9.7932439952,-0.0018323622,0.0000738874,0.1745921703
559035.0100242340,0.0040712414,-0.0011490330,9.7937034079,-0.0007575559,0.0000738874,0.1749067505
559035.0200242340,0.0048589597,-0.0069420683,9.7939994330,-0.0019300718,0.0000955887,0.1746030179
559035.0300242340,0.0052915780,-0.0005340620,9.7939985565,-0.0008769788,0.0000413356,0.1745921703
559035.0400242340,0.0044078704,-0.0089267246,9.7938498226,-0.0017020826,0.0001064393,0.1745921703
559035.0500242340,0.0034575896,0.0003735962,9.7940141999,-0.0012352476,0.0000738874,0.1746138654
559035.0600242340,0.0053111242,-0.0064824034,9.7935383067,-0.0012461042,0.0000630368,0.1745813227
559035.0700242340,0.0054554450,-0.0031264637,9.7941486117,-0.0016586561,0.0000847381,0.1746030179
559035.0800242340,0.0037822343,-0.0052685103,9.7937040619,-0.0008878354,0.0000738874,0.1746138654
559035.0900242340,0.0046962539,-0.0049597048,9.7936965890,-0.0019083586,0.0000847381,0.1745704751
559035.1000242340,0.0051451069,-0.0008400188,9.7946097248,-0.0008444089,0.0000738874,0.1746138654
559035.1100242340,0.0048703779,-0.0086201422,9.7946087047,-0.0018432188,0.0001064393,0.1745813227
559035.1200242341,0.0042238049,-0.0008434233,9.7938547884,-0.0009421186,0.0000738874,0.1745162371
559035.1300242339,0.0036296420,-0.0058791044,9.7934000321,-0.0017237959,0.0000738874,0.1745270847
559035.1400242340,0.0040731695,-0.0000816918,9.7944664449,-0.0011483945,0.0000847381,0.1745053895
559035.1500242340,0.0056359983,-0.0096846348,9.7944493629,-0.0014089536,0.0000738874,0.1744945419
559035.1600242340,0.0040754631,-0.0016067526,9.7940082181,-0.0014740934,0.0000738874,0.1745270847
559035.1700242340,0.0043918650,-0.0041985291,9.7941570045,-0.0010723981,0.0000738874,0.1745162371
559035.1800242340,0.0043840451,-0.0031306324,9.7936999636,-0.0018432188,0.0000738874,0.1745921703
559035.1900242340,0.0056120583,-0.0051084801,9.7936889068,-0.0008009824,0.0000738874,0.1745921703
559035.2000242340,0.0037953798,-0.0080141337,9.7940078258,-0.0019192152,0.0001064393,0.1745596275
559035.2100242340,0.0043668499,0.0019026170,9.7940072850,-0.0008118390,0.0000413356,0.1745704751
559035.2200242340,0.0040961992,-0.0078601479,9.7935478288,-0.0017563658,0.0000955887,0.1745921703
559035.2300242340,0.0043775584,-0.0008428675,9.7940060294,-0.0011483945,0.0000738874,0.1746138654
559035.2400242341,0.0045597817,-0.0090785568,9.7936959743,-0.0013763838,0.0000738874,0.1745921703
559035.2500242339,0.0031542472,-0.0006952039,9.7937112296,-0.0015392332,0.0000847381,0.1745596275
559035.2600242340,0.0033205225,-0.0035927289,9.7940136550,-0.0010289716,0.0000738874,0.1745921703
559035.2700242340,0.0039372062,-0.0052680239,9.7940078127,-0.0018215056,0.0000630368,0.1746030179
559035.2800242340,0.0048452480,-0.0037389336,9.7938483881,-0.0007792691,0.0000738874,0.1746030179
559035.2900242340,0.0048589311,-0.0072470527,9.7938467837,-0.0019300718,0.0001064393,0.1745596275
559035.3000242340,0.0037578714,0.0012900777,9.7938595712,-0.0008444089,0.0000630368,0.1745921703
559035.3100242340,0.0022742238,-0.0087830905,9.7941726742,-0.0017563658,0.0000738874,0.1745813227
559035.3200242340,0.0043829986,-0.0013006565,9.7944633494,-0.0012026777,0.0000738874,0.1746030179
559035.3300242340,0.0074544042,-0.0078465307,9.7938249361,-0.0012895307,0.0000847381,0.1745379323
559035.3400242340,0.0048333497,-0.0006883953,9.7938497832,-0.0015935163,0.0000847381,0.1745596275
559035.3500242340,0.0033234684,-0.0046603479,9.7938606569,-0.0009638318,0.0000521862,0.1745596275
559035.3600242340,0.0034771071,-0.0058797296,9.7934013009,-0.0018866453,0.0000738874,0.1745921703
559035.3700242341,0.0062127079,-0.0023605639,9.7938375973,-0.0007901258,0.0000738874,0.1745813227
559035.3800242339,0.0050084340,-0.0070937617,9.7935405652,-0.0019409285,0.0000847381,0.1745270847
559035.3900242340,0.0034587794,0.0000685424,9.7940140604,-0.0008878354,0.0000630368,0.1745162371
559035.4000242340,0.0031850968,-0.0095415568,9.7932496544,-0.0016586561,0.0000738874,0.1745053895
559035.4100242340,0.0046748082,0.0002262798,9.7935464510,-0.0012352476,0.0000630368,0.1745162371
559035.4200242340,0.0060756122,-0.0066318734,9.7936844031,-0.0012352476,0.0001064393,0.1744945419
559035.4300242340,0.0037775610,-0.0031333418,9.7941625678,-0.0017563658,0.0000738874,0.1745270847
559035.4400242340,0.0027151422,-0.0048154454,9.7940181719,-0.0008552655,0.0000304849,0.1745379323
559035.4500242340,0.0037803348,-0.0060308671,9.7930936741,-0.0019192152,0.0000847381,0.1745704751
559035.4600242340,0.0048357293,-0.0012985030,9.7938495042,-0.0007792691,0.0000738874,0.1745704751
559035.4700242340,0.0053194530,-0.0086177803,9.7935373301,-0.0018323622,0.0000738874,0.1745487799
559035.4800242340,0.0040677005,0.0000711129,9.7938564757,-0.0009204053,0.0000847381,0.1745704751
559035.4900242341,0.0030272937,-0.0072544866,9.7937094988,-0.0016152296,0.0000521862,0.1745813227
559035.5000242339,0.0037643868,-0.0006927028,9.7937061546,-0.0013329572,0.0000738874,0.1746030179
559035.5100242340,0.0069895458,-0.0072380211,9.7932189823,-0.0011918211,0.0000955887,0.1746030179
559035.5200242340,0.0036238076,-0.0031338976,9.7940113268,-0.0017563658,0.0000738874,0.1745921703
559035.5300242340,0.0033235544,-0.0037453947,9.7943186047,-0.0008444089,0.0000738874,0.1745921703
559035.5400242340,0.0027175219,-0.0054255530,9.7940178928,-0.0019083586,0.0000738874,0.1745704751
559035.5500242340,0.0052927391,-0.0011441002,9.7938457677,-0.0008335523,0.0000413356,0.1745596275
559035.5600242340,0.0059331622,-0.0095304407,9.7935318367,-0.0018540754,0.0000847381,0.1745487799
559035.5700242340,0.0023921675,-0.0008508572,9.7937175035,-0.0009746885,0.0000738874,0.1745704751
559035.5800242340,0.0028711606,-0.0066449348,9.7935585368,-0.0015826597,0.0000738874,0.1745053895
559035.5900242340,0.0042207730,-0.0006907575,9.7935498386,-0.0013003873,0.0000738874,0.1745921703
559035.6000242350,0.0057777387,-0.0078534782,9.7939914020,-0.0012243909,0.0000738874,0.1745921703
559035.6100242350,0.0040831684,-0.0038945869,9.7938546620,-0.0016477995,0.0000847381,0.1745379323
559035.6200242350,0.0042345134,-0.0035889078,9.7938535328,-0.0008878354,0.0000630368,0.1744836943
559035.6300242350,0.0034748135,-0.0043546688,9.7938595277,-0.0019300718,0.0000630368,0.1745162371
559035.6400242350,0.0056025683,-0.0023630650,9.7938426722,-0.0007901258,0.0000847381,0.1745596275
559035.6500242350,0.0042553642,-0.0086223655,9.7940037406,-0.0019083586,0.0000630368,0.1745379323
559035.6600242350,0.0031507063,0.0005249420,9.7938642974,-0.0009421186,0.0000738874,0.1745596275
559035.6700242350,0.0040974177,-0.0078602173,9.7937003386,-0.0015718031,0.0000847381,0.1746030179
559035.6800242350,0.0037619785,-0.0003875795,9.7935537844,-0.0013221006,0.0000738874,0.1746355606
559035.6900242351,0.0050126845,-0.0072464969,9.7939980247,-0.0012135343,0.0000630368,0.1745921703
559035.7000242349,0.0042405486,-0.0041992238,9.7943107830,-0.0017346525,0.0000955887,0.1745379323
559035.7100242350,0.0040879850,-0.0045048335,9.7941594025,-0.0008986921,0.0000630368,0.1745704751
559035.7200242350,0.0036345734,-0.0052694133,9.7943153697,-0.0019083586,0.0000738874,0.1745487799
559035.7300242350,0.0034623489,-0.0008466191,9.7940136418,-0.0008118390,0.0000738874,0.1745813227
559035.7400242350,0.0053188581,-0.0084652534,9.7935373999,-0.0018540754,0.0000738874,0.1745379323
559035.7500242350,0.0034635387,-0.0011516730,9.7940135023,-0.0008986921,0.0000630368,0.1745921703
559035.7600242350,0.0034848697,-0.0075575952,9.7935530433,-0.0016260862,0.0000955887,0.1746138654
559035.7700242350,0.0031520109,0.0014398258,9.7944747549,-0.0013221006,0.0000738874,0.1746572558
559035.7800242350,0.0053182919,-0.0080077420,9.7936901189,-0.0012678175,0.0000630368,0.1746247130
559035.7900242350,0.0048476850,-0.0037390725,9.7941534076,-0.0016695127,0.0000738874,0.1746247130
559035.8000242350,0.0037816394,-0.0051159834,9.7937041317,-0.0008986921,0.0000630368,0.1745704751
559035.8100242350,0.0024040372,-0.0042063799,9.7935634591,-0.0018432188,0.0000955887,0.1745379323
559035.8200242351,0.0040760580,-0.0017592795,9.7940081484,-0.0008335523,0.0000738874,0.1745053895
559035.8300242350,0.0062352574,-0.0087665555,9.7935296480,-0.0019300718,0.0000738874,0.1745162371
559035.8400242350,0.0051443973,-0.0019074295,9.7939991974,-0.0008878354,0.0000738874,0.1745270847
559035.8500242350,0.0018070144,-0.0072594888,9.7937196487,-0.0017020826,0.0000847381,0.1745379323
559035.8600242350,0.0026955386,0.0005229273,9.7941731231,-0.0012135343,0.0000738874,0.1746138654
559035.8700242350,0.0053224850,-0.0087704461,9.7938422799,-0.0013221006,0.0000738874,0.1746355606
559035.8800242350,0.0059112649,-0.0026670071,9.7941450147,-0.0015500898,0.0000738874,0.1746247130
559035.8900242350,0.0036279720,-0.0042015860,9.7940108385,-0.0009746885,0.0000738874,0.1745813227
559035.9000242350,0.0024052844,-0.0039014650,9.7938686181,-0.0018975020,0.0000738874,0.1745921703
559035.9100242350,0.0039179968,-0.0022170689,9.7930941493,-0.0008009824,0.0000413356,0.1746247130
559035.9200242350,0.0053242984,-0.0089230424,9.7939947199,-0.0019083586,0.0000847381,0.1746030179
559035.9300242350,0.0043715518,0.0000724329,9.7937014284,-0.0008769788,0.0000630368,0.1745921703
559035.9400242351,0.0024159355,-0.0072569183,9.7935620640,-0.0017020826,0.0000738874,0.1745487799
559035.9500242349,0.0031591212,-0.0006954816,9.7943212686,-0.0011918211,0.0000738874,0.1745921703
559035.9600242350,0.0053176683,-0.0081601995,9.7935375394,-0.0013546705,0.0000630368,0.1745813227
559035.9700242350,0.0042304064,-0.0019112506,9.7941593196,-0.0016152296,0.0000847381,0.1745487799
559035.9800242350,0.0031703673,-0.0042034619,9.7940146447,-0.0010289716,0.0000738874,0.1745053895
559035.9900242350,0.0028652401,-0.0048146812,9.7937118836,-0.0018323622,0.0000630368,0.1745813227
559036.0000242350,0.0049965357,-0.0040432233,9.7935419603,-0.0008009824,0.0000738874,0.1745704751
559036.0100242350,0.0053220334,-0.0070929972,9.7946055960,-0.0019192152,0.0001064393,0.1748633601
559036.0200242350,0.0031549281,0.0000672224,9.7941691076,-0.0008661222,0.0000630368,0.1746030179
559036.0300242350,0.0027299864,-0.0089336027,9.7938637787,-0.0017455092,0.0000630368,0.1745921703
559036.0400242350,0.0049901637,-0.0005355208,9.7944586233,-0.0011809644,0.0000738874,0.1745921703
559036.0500242350,0.0044018639,-0.0080114243,9.7935452216,-0.0013763838,0.0000738874,0.1746138654
559036.0600242350,0.0040755205,-0.0009967838,9.7943135167,-0.0015609465,0.0000847381,0.1746030179
559036.0700242351,0.0027175219,-0.0054255530,9.7940178928,-0.0009855451,0.0000521862,0.1745813227
559036.0800242350,0.0040915259,-0.0057249794,9.7940063347,-0.0018323622,0.0000738874,0.1745162371
559036.0900242350,0.0052980934,-0.0025168425,9.7938451399,-0.0008444089,0.0000738874,0.1745704751
559036.1000242350,0.0040956616,-0.0070976522,9.7938531971,-0.0019083586,0.0000847381,0.1745487799
559036.1100242350,0.0025441649,-0.0000877362,9.7940216030,-0.0008986921,0.0000521862,0.1745162371
559036.1200242350,0.0041021197,-0.0096904015,9.7933944820,-0.0017455092,0.0000847381,0.1745270847
559036.1300242350,0.0048364103,-0.0005360767,9.7943073822,-0.0011049680,0.0000738874,0.1745487799
559036.1400242350,0.0040956043,-0.0077076210,9.7935478986,-0.0013763838,0.0000847381,0.1746030179
559036.1500242350,0.0022426932,-0.0006991639,9.7941763713,-0.0015609465,0.0000630368,0.1745921703
559036.1600242350,0.0034789779,-0.0054223572,9.7938590394,-0.0010072584,0.0000630368,0.1745162371
559036.1700242350,0.0046986622,-0.0052648281,9.7938489593,-0.0018757887,0.0000738874,0.1745704751
559036.1800242350,0.0042310300,-0.0017587931,9.7943118991,-0.0008009824,0.0000413356,0.1746030179
559036.1900242351,0.0033293602,-0.0067955859,9.7935546608,-0.0019300718,0.0000847381,0.1746030179
559036.2000242349,0.0030052817,-0.0016109907,9.7937120798,-0.0008769788,0.0000413356,0.1746030179
559036.2100242350,0.0050156304,-0.0083141159,9.7938450267,-0.0017129393,0.0000738874,0.1746030179
559036.2200242350,0.0043782966,0.0005295276,9.7947692060,-0.0011483945,0.0000847381,0.1745813227
559036.2300242350,0.0028777907,-0.0074077777,9.7940157173,-0.0014523802,0.0000630368,0.1745487799
559036.2400242350,0.0037716118,-0.0016080726,9.7941632653,-0.0015066633,0.0000738874,0.1745162371
559036.2500242350,0.0047034503,-0.0061800590,9.7940010505,-0.0010506849,0.0000304849,0.1745379323
559036.2600242350,0.0037865421,-0.0048112767,9.7944668200,-0.0017672224,0.0000847381,0.1745596275
559036.2700242350,0.0036183386,-0.0029810929,9.7934013575,-0.0008118390,0.0000413356,0.1745704751
559036.2800242350,0.0033238913,-0.0066427812,9.7929446915,-0.0019300718,0.0000847381,0.1745487799
559036.2900242350,0.0040731121,-0.0006916605,9.7941611464,-0.0008552655,0.0000413356,0.1745596275
559036.3000242350,0.0037958887,-0.0090816138,9.7935498083,-0.0017672224,0.0000738874,0.1745813227
559036.3100242350,0.0048388186,-0.0008412000,9.7944597525,-0.0011375379,0.0000738874,0.1745921703
559036.3200242351,0.0043988893,-0.0072487897,9.7935455704,-0.0013329572,0.0000738874,0.1745813227
559036.3300242350,0.0034659471,-0.0014567962,9.7941658726,-0.0016477995,0.0000630368,0.1746030179
559036.3400242350,0.0037919537,-0.0055740502,9.7947714907,-0.0008878354,0.0000413356,0.1745813227
559036.3500242350,0.0043983518,-0.0064862940,9.7938509387,-0.0019409285,0.0000955887,0.1745379323
559036.3600242350,0.0037656626,-0.0000828034,9.7941639629,-0.0007575559,0.0000630368,0.1745270847
559036.3700242350,0.0033340909,-0.0083207856,9.7934014535,-0.0018975020,0.0000738874,0.1745270847
559036.3800242350,0.0025417279,-0.0000875973,9.7937165835,-0.0010506849,0.0000521862,0.1745379323
559036.3900242350,0.0042589624,-0.0092325426,9.7941559713,-0.0014958067,0.0000630368,0.1745487799
559036.4000242350,0.0036149412,-0.0002360251,9.7943176716,-0.0013546705,0.0000738874,0.1745379323
559036.4100242350,0.0031793197,-0.0061863812,9.7941662476,-0.0011918211,0.0000630368,0.1745813227
559036.4200242350,0.0034729714,-0.0045070568,9.7935544384,-0.0017237959,0.0000630368,0.1745596275
559036.4300242350,0.0046968775,-0.0048072473,9.7938491685,-0.0008878354,0.0000304849,0.1745813227
559036.4400242351,0.0040890889,-0.0057248405,9.7937013152,-0.0018975020,0.0000847381,0.1745921703
559036.4500242349,0.0039211148,-0.0014547815,9.7938570468,-0.0008335523,0.0000738874,0.1746464082
559036.4600242350,0.0042492717,-0.0086220183,9.7932411918,-0.0018432188,0.0000847381,0.1746030179
559036.4700242350,0.0033086242,-0.0005421906,9.7940150501,-0.0009529752,0.0000304849,0.1745813227
559036.4800242350,0.0033359330,-0.0081683976,9.7937065428,-0.0015609465,0.0000738874,0.1745813227
559036.4900242350,0.0033068394,-0.0000846098,9.7940152594,-0.0013546705,0.0000738874,0.1745813227
559036.5000242350,0.0048649376,-0.0081623531,9.7941513847,-0.0012352476,0.0000738874,0.1745704751
559036.5100242350,0.0042338898,-0.0037413653,9.7937009533,-0.0016695127,0.0000630368,0.1744728467
559036.5200242350,0.0037757189,-0.0032857298,9.7938574785,-0.0009204053,0.0000521862,0.1744836943
559036.5300242350,0.0043924026,-0.0049610248,9.7938516362,-0.0018540754,0.0000847381,0.1745379323
559036.5400242350,0.0046939889,-0.0031296596,9.7943074651,-0.0008661222,0.0000630368,0.1745813227
559036.5500242350,0.0034945604,-0.0081681195,9.7944678228,-0.0018323622,0.0000738874,0.1745813227
559036.5600242350,0.0036179444,-0.0006936753,9.7944699721,-0.0009204053,0.0000630368,0.1745596275
559036.5700242351,0.0031768253,-0.0067962111,9.7935559295,-0.0017455092,0.0000630368,0.1745813227
559036.5800242350,0.0033074057,-0.0005421211,9.7938625403,-0.0011592512,0.0000738874,0.1746030179
559036.5900242350,0.0041045567,-0.0096905403,9.7936995015,-0.0013872404,0.0000738874,0.1745487799
559036.6000242350,0.0033098140,-0.0008472444,9.7940149106,-0.0014849500,0.0000738874,0.1745487799
559036.6100242350,0.0036339498,-0.0054218708,9.7941627902,-0.0010289716,0.0000304849,0.1745596275
559036.6200242350,0.0037877032,-0.0054213150,9.7943140312,-0.0018866453,0.0000847381,0.1745596275
559036.6300242350,0.0052974124,-0.0032792687,9.7933872619,-0.0007792691,0.0000630368,0.1745704751
559036.6400242350,0.0042499239,-0.0081645765,9.7935464206,-0.0019409285,0.0000847381,0.1745053895
559036.6500242350,0.0016302313,0.0005184115,9.7944870238,-0.0009204053,0.0000413356,0.1745813227
559036.6600242350,0.0028777047,-0.0083227309,9.7935577695,-0.0017129393,0.0000304849,0.1745487799
559036.6700242360,0.0049912101,-0.0023654967,9.7936952374,-0.0011809644,0.0000738874,0.1747657318
559036.6800242360,0.0048606871,-0.0080096179,9.7936939251,-0.0013763838,0.0000738874,0.1747114938
559036.6900242360,0.0026900123,0.0000657632,9.7932578553,-0.0015066633,0.0000738874,0.1746247130
559036.7000242360,0.0037882408,-0.0061838107,9.7940086629,-0.0011049680,0.0000630368,0.1745270847
559036.7100242360,0.0030207783,-0.0052717061,9.7938629154,-0.0018323622,0.0000738874,0.1745162371
559036.7200242360,0.0046902761,-0.0037394200,9.7935446373,-0.0008118390,0.0000738874,0.1744836943
559036.7300242360,0.0034850131,-0.0060326732,9.7943162896,-0.0019192152,0.0000847381,0.1745270847
559036.7400242360,0.0013208250,-0.0002450570,9.7935741539,-0.0008661222,0.0000304849,0.1745596275
559036.7500242360,0.0034956642,-0.0093881265,9.7940097355,-0.0017672224,0.0000630368,0.1745487799
559036.7600242360,0.0046843556,-0.0019091665,9.7936979841,-0.0011158246,0.0000738874,0.1745813227
559036.7700242359,0.0036344014,-0.0070993197,9.7933994741,-0.0014198103,0.0000630368,0.1746030179
559036.7800242360,0.0036154787,-0.0009985208,9.7940123033,-0.0014958067,0.0000738874,0.1745487799
559036.7900242360,0.0040974177,-0.0078602173,9.7937003386,-0.0010615415,0.0000521862,0.1745704751
559036.8000242360,0.0043924599,-0.0043510560,9.7941569348,-0.0017455092,0.0000630368,0.1745487799
559036.8100242360,0.0040760007,-0.0023692483,9.7937028498,-0.0008661222,0.0000738874,0.1745704751
559036.8200242360,0.0042446557,-0.0058768810,9.7940049962,-0.0019192152,0.0000955887,0.1746247130
559036.8300242360,0.0034495976,-0.0003884134,9.7926412633,-0.0008552655,0.0000087837,0.1745813227
559036.8400242360,0.0039688802,-0.0118270285,9.7947673620,-0.0018540754,0.0000738874,0.1746138654
559036.8500242360,0.0053048382,-0.0020597478,9.7949129175,-0.0010289716,0.0000738874,0.1746138654
559036.8600242360,0.0022533444,-0.0040546172,9.7938698171,-0.0014415235,0.0000630368,0.1745704751
559036.8700242360,0.0016306828,-0.0011590374,9.7937237077,-0.0015392332,0.0000630368,0.1745162371
559036.8800242360,0.0038013863,-0.0089294341,9.7943124268,-0.0010398282,0.0000521862,0.1745053895
559036.8900242361,0.0045497255,-0.0058756305,9.7940024587,-0.0017672224,0.0000847381,0.1745921703
559036.9000242359,0.0046748082,0.0002262798,9.7935464510,-0.0008335523,0.0000738874,0.1745813227
559036.9100242360,0.0031793483,-0.0058813968,9.7943188969,-0.0019843550,0.0000738874,0.1745704751
559036.9200242360,0.0027103255,-0.0042051988,9.7937134314,-0.0008986921,0.0000304849,0.1745596275
559036.9300242360,0.0047170760,-0.0102981469,9.7936941475,-0.0017129393,0.0000738874,0.1745379323
559036.9400242360,0.0029892477,0.0028122205,9.7938666124,-0.0010941114,0.0000738874,0.1745704751
559036.9500242360,0.0033257334,-0.0064903932,9.7932497808,-0.0014632368,0.0000630368,0.1745921703
559036.9600242360,0.0037786935,-0.0040483644,9.7938571297,-0.0015283766,0.0000738874,0.1745921703
559036.9700242360,0.0044066806,-0.0086216708,9.7938499621,-0.0010289716,0.0000521862,0.1746247130
559036.9800242360,0.0034676745,-0.0025243458,9.7938603648,-0.0018540754,0.0000738874,0.1746247130
559036.9900242360,0.0023903828,-0.0003932764,9.7937177128,-0.0007901258,0.0000630368,0.1746030179
559037.0000242360,0.0038092349,-0.0096923464,9.7949221170,-0.0019843550,0.0000847381,0.1746030179
559037.0100242360,0.0043926893,-0.0019111808,9.7953781289,-0.0008226957,0.0000413356,0.1748633601
559037.0200242359,0.0021310714,-0.0061918692,9.7966152849,-0.0017346525,0.0000630368,0.1745921703
559037.0300242360,0.0025240165,-0.0005440671,9.7912762181,-0.0011918211,0.0000847381,0.1745704751
559037.0400242360,0.0045237928,-0.0095339850,9.7889679626,-0.0014089536,0.0000630368,0.1746030179
559037.0500242360,0.0045328958,-0.0034347832,9.7930885163,-0.0015392332,0.0000738874,0.1746030179
559037.0600242360,0.0045346519,-0.0041973483,9.7929356577,-0.0009529752,0.0000521862,0.1745379323
559037.0700242360,0.0030246632,-0.0028320393,9.7955416388,-0.0019083586,0.0000738874,0.1745379323
559037.0800242360,0.0022656441,-0.0028353740,9.7960055118,-0.0008118390,0.0000413356,0.1745596275
559037.0900242360,0.0048763844,-0.0095354425,9.7949133056,-0.0019300718,0.0000847381,0.1745487799
559037.1000242360,0.0037657200,0.0005271654,9.7944692614,-0.0008769788,0.0000413356,0.1745921703
559037.1100242360,0.0047039591,-0.0072475391,9.7935430329,-0.0017672224,0.0000738874,0.1745921703
559037.1200242360,0.0031486922,-0.0014573524,9.7926433125,-0.0011809644,0.0000630368,0.1746138654
559037.1300242360,0.0039446534,-0.0103007178,9.7924804132,-0.0013329572,0.0000738874,0.1745921703
559037.1400242361,0.0045317920,-0.0022147761,9.7935466036,-0.0014958067,0.0000738874,0.1745270847
559037.1500242359,0.0045517110,-0.0041983204,9.7950707943,-0.0010289716,0.0000630368,0.1745379323
559037.1600242360,0.0027207258,-0.0037483124,9.7952387382,-0.0019083586,0.0000630368,0.1745487799
559037.1700242360,0.0027291407,-0.0049687361,9.7956957094,-0.0008335523,0.0000413356,0.1745921703
559037.1800242360,0.0039430694,-0.0077082463,9.7935491673,-0.0019192152,0.0000738874,0.1745704751
559037.1900242360,0.0031379550,0.0009831477,9.7924919188,-0.0008009824,0.0000413356,0.1745596275
559037.2000242360,0.0030101485,-0.0081684677,9.7911164143,-0.0017997923,0.0000847381,0.1745379323
559037.2100242360,0.0016336574,-0.0019216720,9.7937233589,-0.0011049680,0.0000521862,0.1745487799
559037.2200242360,0.0047190041,-0.0092308057,9.7944571846,-0.0014089536,0.0000630368,0.1745162371
559037.2300242360,0.0043860306,-0.0014533223,9.7947682992,-0.0015392332,0.0000738874,0.1745813227
559037.2400242360,0.0040957763,-0.0058777146,9.7944637942,-0.0010941114,0.0000304849,0.1746138654
559037.2500242360,0.0018004703,-0.0055816927,9.7937204160,-0.0018215056,0.0000521862,0.1746247130
559037.2600242360,0.0025559772,-0.0040532277,9.7935622601,-0.0008335523,0.0000738874,0.1746897986
559037.2700242359,0.0039413993,-0.0060307279,9.7941599737,-0.0019083586,0.0000738874,0.1746030179
559037.2800242360,0.0036094149,-0.0006931892,9.7934024038,-0.0008444089,0.0000413356,0.1745596275
559037.2900242360,0.0031814126,-0.0098463329,9.7926394759,-0.0018432188,0.0000738874,0.1745162371
559037.3000242360,0.0023898165,0.0000642349,9.7938704318,-0.0010506849,0.0000521862,0.1745270847
559037.3100242360,0.0051675991,-0.0078559793,9.7939964769,-0.0014849500,0.0000738874,0.1745596275
559037.3200242360,0.0034635674,-0.0008466886,9.7941661516,-0.0014632368,0.0000738874,0.1745162371
559037.3300242360,0.0051645958,-0.0073983291,9.7938441765,-0.0011049680,0.0000304849,0.1745379323
559037.3400242360,0.0016413913,-0.0039045219,9.7937224520,-0.0017563658,0.0000738874,0.1745162371
559037.3500242360,0.0034724625,-0.0034395767,9.7940124560,-0.0008335523,0.0000413356,0.1745270847
559037.3600242360,0.0030219107,-0.0061867288,9.7935574773,-0.0020060683,0.0000738874,0.1745162371
559037.3700242360,0.0042279694,-0.0019111117,9.7938543001,-0.0008552655,0.0000413356,0.1745704751
559037.3800242360,0.0039586232,-0.0107589929,9.7940053015,-0.0018215056,0.0000630368,0.1745596275
559037.3900242361,0.0028450416,0.0006762184,9.7938669046,-0.0010289716,0.0000738874,0.1746247130
559037.4000242359,0.0034867692,-0.0067952383,9.7941634311,-0.0014740934,0.0000738874,0.1746030179
559037.4100242360,0.0040826881,-0.0025221224,9.7944653288,-0.0015283766,0.0000630368,0.1746030179
559037.4200242360,0.0037959747,-0.0081666606,9.7940077561,-0.0010289716,0.0000521862,0.1745596275
559037.4300242360,0.0024040659,-0.0039013955,9.7937161084,-0.0018323622,0.0000521862,0.1745921703
559037.4400242360,0.0022384428,-0.0005464286,9.7937189117,-0.0008009824,0.0000304849,0.1745921703
559037.4500242360,0.0034915285,-0.0080154537,9.7941628731,-0.0019952116,0.0000847381,0.1746030179
559037.4600242360,0.0036220228,-0.0026763169,9.7940115360,-0.0008335523,0.0000413356,0.1745921703
559037.4700242360,0.0027282017,-0.0084760219,9.7938639880,-0.0017346525,0.0000521862,0.1745379323
559037.4800242360,0.0019310507,0.0006723973,9.7940270268,-0.0011375379,0.0000630368,0.1745487799
559037.4900242360,0.0034933132,-0.0084730344,9.7941626638,-0.0014523802,0.0000630368,0.1745270847
559037.5000242360,0.0030118545,-0.0029838024,9.7938639617,-0.0014849500,0.0000521862,0.1745487799
559037.5100242360,0.0025667430,-0.0061887435,9.7938663030,-0.0010941114,0.0000738874,0.1746030179
559037.5200242359,0.0020893340,-0.0029871374,9.7929565156,-0.0018215056,0.0000630368,0.1746030179
559037.5300242360,0.0031703959,-0.0038984775,9.7941672939,-0.0008009824,0.0000304849,0.1746138654
559037.5400242360,0.0044072755,-0.0087741977,9.7938498923,-0.0019409285,0.0000738874,0.1745379323
559037.5500242360,0.0037644728,0.0002222504,9.7941641024,-0.0008444089,0.0000196343,0.1745813227
559037.5600242360,0.0027299291,-0.0095435715,9.7935584801,-0.0017672224,0.0000738874,0.1745596275
559037.5700242360,0.0030035830,-0.0002384567,9.7941702368,-0.0011918211,0.0000738874,0.1745487799
559037.5800242360,0.0042529559,-0.0083172423,9.7938513703,-0.0013872404,0.0000738874,0.1745704751
559037.5900242360,0.0020972973,-0.0025301122,9.7941768029,-0.0015718031,0.0000521862,0.1745596275
559037.6000242360,0.0028657490,-0.0058821613,9.7932538660,-0.0009855451,0.0000304849,0.1745596275
559037.6100242360,0.0033221925,-0.0052702473,9.7934028486,-0.0018432188,0.0000630368,0.1745487799
559037.6200242360,0.0045469516,-0.0029781051,9.7950713524,-0.0008335523,0.0000738874,0.1745053895
559037.6300242360,0.0027082827,-0.0064924776,9.7923397972,-0.0019192152,0.0000738874,0.1745270847
559037.6400242361,0.0031444704,-0.0009996328,9.7923385022,-0.0009312620,0.0000196343,0.1745270847
559037.6500242359,0.0031869102,-0.0096941531,9.7934020944,-0.0017455092,0.0000738874,0.1745596275
559037.6600242360,0.0028552985,-0.0003918172,9.7946289651,-0.0010941114,0.0000630368,0.1745596275
559037.6700242360,0.0025823256,-0.0089345057,9.7944750865,-0.0015066633,0.0000738874,0.1745487799
559037.6800242360,0.0014844412,0.0009748809,9.7955560701,-0.0013655271,0.0000521862,0.1745270847
559037.6900242360,0.0025835727,-0.0086295908,9.7947802455,-0.0012461042,0.0000196343,0.1745487799
559037.7000242360,0.0045352181,-0.0046548596,9.7927829387,-0.0017020826,0.0000738874,0.1745053895
559037.7100242360,0.0040709546,-0.0041988769,9.7921769152,-0.0008444089,0.0000630368,0.1745704751
559037.7200242360,0.0008714057,-0.0039072317,9.7928137372,-0.0019843550,0.0000847381,0.1746138654
559037.7300242360,0.0014835595,-0.0019224362,9.7940296471,-0.0008009824,0.0000087837,0.1746247130
559037.7400242360,0.0042685097,-0.0113679889,9.7943075045,-0.0018540754,0.0000521862,0.1746247130
559037.7500242370,0.0036156221,0.0005264012,9.7947755497,-0.0009638318,0.0000630368,0.1745813227
559037.7600242370,0.0024202433,-0.0067996847,9.7943248220,-0.0015609465,0.0000738874,0.1745813227
559037.7700242370,-0.0000483050,0.0000540916,9.7941957511,-0.0014958067,0.0000304849,0.1746030179
559037.7800242370,0.0033346858,-0.0084733125,9.7934013837,-0.0011266813,0.0000196343,0.1745270847
559037.7900242370,0.0056150902,-0.0052611459,9.7939938566,-0.0017672224,0.0000738874,0.1745596275
559037.8000242370,0.0031601676,-0.0025254575,9.7935578827,-0.0008335523,0.0000413356,0.1745704751
559037.8100242370,0.0014911214,-0.0057351925,9.7931128447,-0.0019626417,0.0000738874,0.1745596275
559037.8200242370,0.0020972686,-0.0028350965,9.7940241536,-0.0008769788,0.0000196343,0.1746030179
559037.8300242370,0.0050317792,-0.0115173894,9.7943010910,-0.0018106489,0.0000738874,0.1746355606
559037.8400242371,0.0040623463,0.0014438552,9.7938571035,-0.0010289716,0.0000738874,0.1746247130
559037.8500242369,0.0024172687,-0.0060370501,9.7943251708,-0.0015609465,0.0000738874,0.1745596275
559037.8600242370,0.0011808694,-0.0025337944,9.7940319056,-0.0014632368,0.0000196343,0.1745596275
559037.8700242370,0.0039496421,-0.0090810580,9.7937010493,-0.0010398282,0.0000196343,0.1745921703
559037.8800242370,0.0039276302,-0.0034375620,9.7937036303,-0.0018106489,0.0000738874,0.1745596275
559037.8900242370,0.0028509621,-0.0011540352,9.7937135578,-0.0008335523,0.0000630368,0.1745596275
559037.9000242370,0.0028800843,-0.0089328385,9.7935574904,-0.0020060683,0.0000738874,0.1745162371
559037.9100242370,0.0030106647,-0.0026787485,9.7938641012,-0.0008335523,0.0000304849,0.1745379323
559037.9200242370,0.0047081809,-0.0077052588,9.7938478432,-0.0017237959,0.0000521862,0.1745379323
559037.9300242370,0.0032972921,0.0020508365,9.7938637262,-0.0012352476,0.0000738874,0.1745921703
559037.9400242370,0.0039478287,-0.0089284616,9.7935486093,-0.0013329572,0.0000630368,0.1745379323
559037.9500242370,0.0024100437,-0.0051216803,9.7938680601,-0.0016477995,0.0000521862,0.1745053895
559037.9600242371,0.0031727469,-0.0048135695,9.7940143657,-0.0009421186,0.0000196343,0.1744945419
559037.9700242369,0.0030160476,-0.0037465064,9.7940161227,-0.0019300718,0.0000738874,0.1745053895
559037.9800242370,0.0036189909,-0.0025236511,9.7937065863,-0.0008118390,0.0000738874,0.1745162371
559037.9900242370,0.0031929167,-0.0106094535,9.7937066954,-0.0018866453,0.0000738874,0.1745162371
559038.0000242370,0.0019298035,0.0003674823,9.7937218677,-0.0009312620,0.0000196343,0.1745704751
559038.0100242370,0.0022658663,-0.0069526980,9.7940210015,-0.0016369429,0.0000521862,0.1748742077
559038.0200242370,0.0039187065,-0.0011496583,9.7937046766,-0.0013329572,0.0000630368,0.1746030179
559038.0300242370,0.0034944457,-0.0093880571,9.7938572257,-0.0012243909,0.0000521862,0.1745704751
559038.0400242370,0.0022504271,-0.0026820138,9.7941754644,-0.0017346525,0.0000738874,0.1745053895
559038.0500242370,0.0019435439,-0.0025306680,9.7940255619,-0.0008986921,0.0000196343,0.1745704751
559038.0600242370,0.0034837659,-0.0063375882,9.7940111306,-0.0019192152,0.0000738874,0.1746030179
559038.0700242370,0.0037816967,-0.0045060146,9.7940094302,-0.0008661222,0.0000738874,0.1746030179
559038.0800242370,0.0031815846,-0.0080164265,9.7935553715,-0.0018215056,0.0000738874,0.1746030179
559038.0900242371,0.0019274238,0.0009775900,9.7937221468,-0.0010072584,0.0000196343,0.1746247130
559038.1000242369,0.0022705396,-0.0090878666,9.7935624956,-0.0016152296,0.0000521862,0.1746138654
559038.1100242370,0.0040772765,-0.0017593490,9.7941606581,-0.0013763838,0.0000630368,0.1745921703
559038.1200242370,0.0037893159,-0.0077088021,9.7933979263,-0.0011266813,0.0000630368,0.1745162371
559038.1300242370,0.0013310246,-0.0019230614,9.7940309159,-0.0017997923,0.0000630368,0.1745379323
559038.1400242370,0.0020899863,-0.0025296955,9.7932617444,-0.0008009824,0.0000196343,0.1745704751
559038.1500242370,0.0036385945,-0.0078620237,9.7935516350,-0.0019843550,0.0000738874,0.1745921703
559038.1600242370,0.0031609059,-0.0011530624,9.7943210593,-0.0008335523,0.0000630368,0.1745813227
559038.1700242370,0.0030357085,-0.0084749103,9.7941664700,-0.0018215056,0.0000738874,0.1745813227
559038.1800242370,0.0029933547,0.0011345633,9.7935608256,-0.0011375379,0.0000521862,0.1745270847
559038.1900242370,0.0031857777,-0.0087791305,9.7937075325,-0.0014198103,0.0000304849,0.1745379323
559038.2000242370,0.0034677032,-0.0022193614,9.7940130140,-0.0014958067,0.0000738874,0.1745162371
559038.2100242371,0.0039371202,-0.0061829771,9.7935498649,-0.0010072584,0.0000630368,0.1745379323
559038.2200242369,0.0014960814,-0.0048205170,9.7941808315,-0.0019300718,0.0000738874,0.1745053895
559038.2300242370,0.0025537122,-0.0022231825,9.7941731362,-0.0007792691,0.0000196343,0.1745379323
559038.2400242370,0.0025792649,-0.0090868243,9.7940174874,-0.0019843550,0.0000738874,0.1745379323
559038.2500242370,0.0033044597,0.0005254978,9.7940155384,-0.0009421186,0.0000413356,0.1746030179
559038.2600242370,0.0039574620,-0.0101489547,9.7941580903,-0.0016152296,0.0000630368,0.1746138654
559038.2700242370,0.0037680423,-0.0006929111,9.7941636839,-0.0013655271,0.0000304849,0.1745921703
559038.2800242370,0.0021067873,-0.0052755272,9.7940230375,-0.0011266813,0.0000630368,0.1745704751
559038.2900242370,0.0019483319,-0.0034458989,9.7941776531,-0.0018323622,0.0000630368,0.1746355606
559038.3000242370,0.0039293863,-0.0042001272,9.7935507717,-0.0008661222,0.0000413356,0.1746138654
559038.3100242370,0.0037936237,-0.0072515685,9.7941606844,-0.0019626417,0.0000738874,0.1745921703
559038.3200242370,0.0017832751,-0.0005484433,9.7940277375,-0.0008335523,0.0000087837,0.1745704751
559038.3300242370,0.0021138690,-0.0077158190,9.7937169019,-0.0018106489,0.0000521862,0.1746138654
559038.3400242371,0.0022403136,-0.0000890562,9.7941766503,-0.0010941114,0.0000630368,0.1745921703
559038.3500242369,0.0045628137,-0.0092312226,9.7940009241,-0.0014415235,0.0000738874,0.1746030179
559038.3600242370,0.0031632569,-0.0020681545,9.7941681310,-0.0015500898,0.0000630368,0.1746030179
559038.3700242370,0.0011885459,-0.0051266131,9.7937257002,-0.0009855451,0.0000087837,0.1745270847
559038.3800242370,0.0030208356,-0.0046617373,9.7941682139,-0.0019409285,0.0000738874,0.1745704751
559038.3900242370,0.0042351370,-0.0034364503,9.7940061123,-0.0007684125,0.0000304849,0.1745596275
559038.4000242370,0.0037935377,-0.0081665217,9.7937027365,-0.0019083586,0.0000738874,0.1745379323
559038.4100242370,0.0016205692,0.0014339202,9.7937248935,-0.0009312620,0.0000196343,0.1745162371
559038.4200242370,0.0019630901,-0.0084790094,9.7935653121,-0.0017346525,0.0000630368,0.1745813227
559038.4300242370,0.0033230455,-0.0026779146,9.7947766223,-0.0012678175,0.0000738874,0.1746355606
559038.4400242370,0.0040997687,-0.0087753094,9.7935474103,-0.0013112440,0.0000738874,0.1745921703
559038.4500242370,0.0023976365,-0.0010036619,9.7943274728,-0.0016260862,0.0000630368,0.1745162371
559038.4600242371,0.0010282484,-0.0034493728,9.7935752265,-0.0010181150,0.0000196343,0.1745596275
559038.4700242369,0.0028712179,-0.0060349660,9.7938638353,-0.0018432188,0.0000738874,0.1746138654
559038.4800242370,0.0043924886,-0.0040460716,9.7943095841,-0.0008335523,0.0000738874,0.1745813227
559038.4900242370,0.0042506049,-0.0074021502,9.7940042986,-0.0019409285,0.0000738874,0.1745921703
559038.5000242370,0.0023849712,0.0003694970,9.7934130420,-0.0008769788,0.0000304849,0.1745704751
559038.5100242370,0.0019636850,-0.0086315364,9.7935652424,-0.0017997923,0.0000630368,0.1745596275
559038.5200242370,0.0031596874,-0.0011529930,9.7941685496,-0.0011592512,0.0000630368,0.1745813227
559038.5300242370,0.0034841028,-0.0092349746,9.7926372174,-0.0013980970,0.0000521862,0.1745162371
559038.5400242370,0.0025477630,-0.0006979133,9.7941738338,-0.0014849500,0.0000521862,0.1745487799
559038.5500242370,0.0011915205,-0.0058892477,9.7937253514,-0.0011266813,0.0000304849,0.1745704751
559038.5600242370,0.0022557240,-0.0046647248,9.7938695381,-0.0017563658,0.0000630368,0.1746138654
559038.5700242370,0.0046993432,-0.0045024018,9.7943068373,-0.0008986921,0.0000413356,0.1746030179
559038.5800242370,0.0036302656,-0.0057266469,9.7935526116,-0.0019843550,0.0000738874,0.1745487799
559038.5900242371,0.0008595934,0.0000582599,9.7932730801,-0.0008118390,0.0000304849,0.1745379323
559038.6000242369,0.0016658116,-0.0098531411,9.7938722413,-0.0018540754,0.0000630368,0.1745379323
559038.6100242370,0.0023880318,0.0005218156,9.7938706411,-0.0010072584,0.0000521862,0.1745379323
559038.6200242370,0.0030344900,-0.0084748408,9.7940139602,-0.0015500898,0.0000521862,0.1745596275
559038.6300242370,0.0028527182,-0.0019166003,9.7935606992,-0.0014740934,0.0000304849,0.1745596275
559038.6400242370,0.0024214045,-0.0074097229,9.7941720332,-0.0011158246,0.0000521862,0.1745813227
559038.6500242370,0.0019580226,-0.0040564232,9.7950924326,-0.0018106489,0.0000630368,0.1745813227
559038.6600242370,0.0017921702,-0.0031413315,9.7938740418,-0.0008335523,0.0000413356,0.1745596275
559038.6700242370,0.0040956329,-0.0074026366,9.7937005479,-0.0019626417,0.0000738874,0.1745270847
559038.6800242370,0.0028575635,-0.0022218625,9.7940180890,-0.0008444089,0.0000196343,0.1744836943
559038.6900242370,0.0027306100,-0.0087811452,9.7940163582,-0.0017672224,0.0000630368,0.1743426756
559038.7000242370,0.0033038075,0.0000680560,9.7937103096,-0.0011592512,0.0000738874,0.1744511515
559038.7100242371,0.0027173211,-0.0075604438,9.7929493479,-0.0014523802,0.0000304849,0.1745813227
559038.7200242369,0.0016390977,-0.0023794611,9.7941806789,-0.0015283766,0.0000304849,0.1746355606
559038.7300242370,0.0015044103,-0.0069558939,9.7941798549,-0.0010506849,0.0000304849,0.1746247130
559038.7400242370,0.0024101584,-0.0039017427,9.7944786571,-0.0017672224,0.0000738874,0.1746464082
559038.7500242370,0.0025531460,-0.0017656712,9.7943258552,-0.0008878354,0.0000196343,0.1746247130
559038.7600242370,0.0028705370,-0.0067973923,9.7934059573,-0.0019409285,0.0000738874,0.1746138654
559038.7700242370,0.0010240840,-0.0023816844,9.7935757148,-0.0008986921,-0.0000020669,0.1745596275
559038.7800242370,0.0033376891,-0.0089309627,9.7935536842,-0.0018323622,0.0000738874,0.1745921703
559038.7900242370,0.0023911211,0.0009791186,9.7944808894,-0.0010289716,0.0000738874,0.1745596275
559038.8000242370,0.0031912467,-0.0089319352,9.7943175017,-0.0015609465,0.0000304849,0.1745379323
559038.8100242370,0.0019393508,-0.0017679640,9.7938734009,-0.0014198103,0.0000304849,0.1745487799
559038.8200242380,0.0024201860,-0.0074096535,9.7940195235,-0.0010615415,0.0000304849,0.1745921703
559038.8300242380,0.0039319093,-0.0032853129,9.7943137390,-0.0019083586,0.0000630368,0.1745596275
559038.8400242380,0.0036172348,-0.0017610859,9.7938594448,-0.0008335523,0.0000630368,0.1745921703
559038.8500242380,0.0033340335,-0.0089307544,9.7930961549,-0.0019626417,0.0000738874,0.1745270847
559038.8600242380,0.0004122170,-0.0013166360,9.7938862976,-0.0008552655,0.0000087837,0.1745704751
559038.8700242380,0.0022596877,-0.0078673040,9.7928005049,-0.0017020826,0.0000521862,0.1745270847
559038.8800242380,0.0034611877,-0.0002365809,9.7941664306,-0.0012135343,0.0000521862,0.1745704751
559038.8900242380,0.0030344327,-0.0090848096,9.7937086617,-0.0014198103,0.0000738874,0.1745921703
559038.9000242380,0.0010265210,-0.0023818233,9.7938807343,-0.0015500898,0.0000196343,0.1745813227
559038.9100242381,0.0016498062,-0.0051249456,9.7941794233,-0.0010615415,0.0000196343,0.1746138654
559038.9200242379,0.0031745603,-0.0049661659,9.7941668057,-0.0018323622,0.0000847381,0.1745379323
559038.9300242380,0.0031631422,-0.0032880920,9.7935575339,-0.0008878354,0.0000304849,0.1744836943
559038.9400242380,0.0018063335,-0.0080219151,9.7932617706,-0.0018757887,0.0000738874,0.1745379323
559038.9500242380,0.0013340279,-0.0023807116,9.7941832164,-0.0009204053,0.0000304849,0.1745162371
559038.9600242380,0.0037943047,-0.0064891423,9.7946185624,-0.0018106489,0.0000521862,0.1745596275
559038.9700242380,0.0033110612,-0.0005423295,9.7943200696,-0.0010289716,0.0000630368,0.1745813227
559038.9800242380,0.0024261064,-0.0092399071,9.7938661766,-0.0017129393,0.0000738874,0.1745379323
559038.9900242380,0.0017777488,-0.0010056075,9.7931124696,-0.0012243909,0.0000087837,0.1745379323
559039.0000242380,0.0021127078,-0.0071057808,9.7938696907,-0.0013003873,0.0000304849,0.1745379323
559039.0100242380,0.0025566868,-0.0029858171,9.7941727874,-0.0016803694,0.0000847381,0.1748091221
559039.0200242380,0.0025607939,-0.0046634743,9.7938670006,-0.0009204053,0.0000304849,0.1745813227
559039.0300242380,0.0024227377,-0.0061898548,9.7949351401,-0.0019409285,0.0000630368,0.1745487799
559039.0400242381,0.0027020254,-0.0017648376,9.7938670572,-0.0008444089,0.0000413356,0.1745921703
559039.0500242379,0.0025762617,-0.0086291741,9.7938651869,-0.0019083586,0.0000521862,0.1745596275
559039.0600242380,0.0020906672,-0.0017672693,9.7937196224,-0.0009638318,0.0000521862,0.1745921703
559039.0700242380,0.0019618429,-0.0087839244,9.7932601531,-0.0016260862,0.0000738874,0.1745596275
559039.0800242380,0.0022354682,0.0002162059,9.7937192605,-0.0012786741,0.0000196343,0.1745921703
559039.0900242380,0.0021192806,-0.0084785925,9.7940215727,-0.0013221006,0.0000521862,0.1745704751
559039.1000242380,0.0027098453,-0.0028327343,9.7943240982,-0.0017020826,0.0000738874,0.1745487799
559039.1100242380,0.0016419289,-0.0046670176,9.7934170837,-0.0009312620,0.0000304849,0.1745379323
559039.1200242380,0.0028730314,-0.0061875623,9.7940162753,-0.0019734984,0.0000521862,0.1745487799
559039.1300242380,0.0022473379,-0.0031393168,9.7935652161,-0.0007792691,0.0000413356,0.1745921703
559039.1400242380,0.0028753823,-0.0071026544,9.7938633470,-0.0018866453,0.0000521862,0.1745921703
559039.1500242380,0.0025412190,0.0009798828,9.7941746011,-0.0009746885,0.0000738874,0.1746247130
559039.1600242381,0.0018153146,-0.0096998501,9.7935660228,-0.0017129393,0.0000630368,0.1745813227
559039.1700242379,0.0007245118,-0.0022307552,9.7943408708,-0.0013003873,0.0000196343,0.1745704751
559039.1800242380,0.0027246895,-0.0069508916,9.7941697050,-0.0012352476,0.0000304849,0.1745704751
559039.1900242380,0.0025489816,-0.0006979828,9.7943263435,-0.0017346525,0.0000738874,0.1745270847
559039.2000242380,0.0022598311,-0.0063423821,9.7935637512,-0.0008878354,0.0000630368,0.1745813227
559039.2100242380,0.0011980646,-0.0075670438,9.7937245841,-0.0019734984,0.0000521862,0.1745487799
559039.2200242380,0.0025380150,-0.0006973578,9.7929537557,-0.0007901258,0.0000087837,0.1745813227
559039.2300242380,0.0033360190,-0.0072534444,9.7941644906,-0.0019083586,0.0000738874,0.1745704751
559039.2400242380,0.0017820566,-0.0005483739,9.7938752277,-0.0010289716,0.0000521862,0.1745813227
559039.2500242380,0.0022813915,-0.0103084291,9.7943244864,-0.0016152296,0.0000521862,0.1746030179
559039.2600242380,0.0017760787,0.0006719109,9.7937232760,-0.0013112440,0.0000304849,0.1745813227
559039.2700242380,0.0037888931,-0.0057263688,9.7943138917,-0.0012678175,0.0000196343,0.1745379323
559039.2800242380,0.0025607939,-0.0046634743,9.7938670006,-0.0017237959,0.0000847381,0.1745487799
559039.2900242381,0.0011945524,-0.0060419135,9.7940303012,-0.0008986921,0.0000413356,0.1745270847
559039.3000242379,0.0007327833,-0.0049761009,9.7940345957,-0.0019843550,0.0000087837,0.1745270847
559039.3100242380,0.0040725172,-0.0005391336,9.7941612162,-0.0008444089,0.0000196343,0.1745596275
559039.3200242380,0.0025761757,-0.0095441273,9.7934072391,-0.0018757887,0.0000738874,0.1745487799
559039.3300242380,0.0013225237,-0.0016175910,9.7931159968,-0.0009746885,0.0000521862,0.1745921703
559039.3400242380,0.0008966216,-0.0078734870,9.7940320016,-0.0015066633,0.0000521862,0.1745270847
559039.3500242380,0.0039170077,0.0002228757,9.7941628337,-0.0014198103,0.0000196343,0.1744945419
559039.3600242380,0.0033383700,-0.0081685364,9.7940115623,-0.0012352476,0.0000304849,0.1745813227
559039.3700242380,0.0010421036,-0.0051275856,9.7944895177,-0.0017237959,0.0000738874,0.1745921703
559039.3800242380,0.0008817774,-0.0037553297,9.7941863948,-0.0009204053,0.0000413356,0.1746138654
559039.3900242380,0.0025601989,-0.0045109474,9.7938670704,-0.0019300718,0.0000304849,0.1745921703
559039.4000242380,0.0034634814,-0.0017616418,9.7937082038,-0.0008444089,0.0000304849,0.1745596275
559039.4100242381,0.0018171280,-0.0098524464,9.7937184628,-0.0018323622,0.0000738874,0.1745596275
559039.4200242379,0.0005588314,0.0005142429,9.7940383757,-0.0010506849,0.0000521862,0.1745921703
559039.4300242380,0.0022591502,-0.0071048083,9.7931058732,-0.0015609465,0.0000521862,0.1745162371
559039.4400242380,0.0036167259,-0.0006936058,9.7943174624,-0.0014958067,0.0000630368,0.1745487799
559039.4500242380,0.0039394712,-0.0070980692,9.7933969366,-0.0010615415,0.0000304849,0.1745704751
559039.4600242380,0.0008810964,-0.0045177560,9.7937285167,-0.0018323622,0.0000738874,0.1745596275
559039.4700242380,0.0001070611,-0.0022328397,9.7934308872,-0.0008009824,0.0000087837,0.1745596275
559039.4800242380,0.0028771384,-0.0078652196,9.7937104885,-0.0019734984,0.0000521862,0.1745596275
559039.4900242380,0.0033110038,-0.0011522982,9.7940147711,-0.0009204053,0.0000304849,0.1745379323
559039.5000242380,0.0010466908,-0.0081777073,9.7935730641,-0.0017455092,0.0000738874,0.1745487799
559039.5100242380,0.0011743540,-0.0005510139,9.7941853222,-0.0012461042,0.0000521862,0.1745487799
559039.5200242380,0.0025744769,-0.0081715934,9.7938653962,-0.0013655271,0.0000304849,0.1745921703
559039.5300242380,0.0042345995,-0.0026739546,9.7943114806,-0.0015935163,0.0000521862,0.1745921703
559039.5400242381,0.0018016888,-0.0055817622,9.7938729257,-0.0009529752,0.0000413356,0.1746030179
559039.5500242379,0.0011874134,-0.0042115905,9.7940311383,-0.0018866453,0.0000630368,0.1745596275
559039.5600242380,0.0014865341,-0.0026850707,9.7940292983,-0.0008769788,0.0000196343,0.1745596275
559039.5700242380,0.0033425631,-0.0089312405,9.7941637233,-0.0019192152,0.0000738874,0.1745596275
559039.5800242380,0.0026954239,-0.0006970103,9.7935625260,-0.0008878354,0.0000087837,0.1745704751
559039.5900242380,0.0021121129,-0.0069532539,9.7938697605,-0.0017563658,0.0000630368,0.1745487799
559039.6000242380,0.0022390951,-0.0000889868,9.7940241405,-0.0011918211,0.0000630368,0.1746247130
559039.6100242380,0.0024230172,-0.0096972101,9.7932559283,-0.0013980970,0.0000196343,0.1746030179
559039.6200242380,0.0028605668,-0.0026795127,9.7941703895,-0.0015500898,0.0000521862,0.1746138654
559039.6300242380,0.0030214018,-0.0051192486,9.7940154949,-0.0010723981,0.0000196343,0.1746030179
559039.6400242380,0.0010282198,-0.0037543572,9.7934225772,-0.0018757887,0.0000630368,0.1746138654
559039.6500242380,0.0016408538,-0.0031420262,9.7940278203,-0.0008552655,0.0000413356,0.1746247130
559039.6600242381,0.0034908189,-0.0090828643,9.7935523457,-0.0019300718,0.0000521862,0.1745704751
559039.6700242379,0.0031596588,-0.0014579774,9.7940159003,-0.0008661222,0.0000304849,0.1745379323
559039.6800242380,0.0013512518,-0.0071089766,9.7940285442,-0.0017672224,0.0000521862,0.1745921703
559039.6900242380,0.0005588314,0.0005142429,9.7940383757,-0.0011809644,0.0000196343,0.1745813227
559039.7000242380,0.0031857204,-0.0093890993,9.7934022339,-0.0014415235,0.0000196343,0.1745270847
559039.7100242380,0.0030124781,-0.0028313449,9.7940165412,-0.0015500898,0.0000304849,0.1745053895
559039.7200242380,0.0014966190,-0.0055830127,9.7938754632,-0.0010289716,0.0000304849,0.1745379323
559039.7300242380,0.0016456704,-0.0037522728,9.7943325608,-0.0018432188,0.0000738874,0.1745813227
559039.7400242380,0.0017945785,-0.0034464548,9.7940264121,-0.0008769788,0.0000087837,0.1745813227
559039.7500242380,0.0030320243,-0.0087796863,9.7935562915,-0.0019409285,0.0000630368,0.1745162371
559039.7600242380,0.0023885694,-0.0002406801,9.7935652728,-0.0008444089,0.0000304849,0.1745921703
559039.7700242380,0.0018015454,-0.0071066842,9.7931096794,-0.0018323622,0.0000738874,0.1745379323
559039.7800242380,0.0013287023,-0.0007029850,9.7943364934,-0.0011809644,0.0000304849,0.1745704751
559039.7900242381,0.0024309231,-0.0098501536,9.7941709171,-0.0014198103,0.0000521862,0.1745379323
559039.8000242379,0.0027014591,-0.0013073263,9.7940197763,-0.0015392332,0.0000304849,0.1745487799
559039.8100242380,0.0013393248,-0.0043634227,9.7938772900,-0.0010072584,0.0000196343,0.1745704751
559039.8200242380,0.0022593222,-0.0052749019,9.7940217688,-0.0019083586,0.0000738874,0.1745921703
559039.8300242380,0.0034742472,-0.0038971575,9.7940122467,-0.0008444089,0.0000413356,0.1745921703
559039.8400242380,0.0022675937,-0.0080202476,9.7937154937,-0.0019409285,0.0000521862,0.1745704751
559039.8500242380,0.0008614929,0.0008206167,9.7938834679,-0.0009204053,0.0000304849,0.1745704751
559039.8600242380,0.0021167862,-0.0090884224,9.7934112546,-0.0017020826,0.0000304849,0.1745379323
559039.8700242380,0.0023952281,-0.0006985386,9.7941751025,-0.0012461042,0.0000521862,0.1745813227
559039.8800242380,0.0027294775,-0.0078661226,9.7943217963,-0.0013003873,0.0000521862,0.1746138654
559039.8900242380,0.0017874108,-0.0019211162,9.7938745999,-0.0016803694,0.0000196343,0.1746030179
559039.9000242390,0.0007303750,-0.0046709776,9.7938822254,-0.0010072584,0.0000196343,0.1746138654
559039.9100242390,0.0025703699,-0.0064939362,9.7941711830,-0.0019409285,0.0000630368,0.1745704751
559039.9200242390,0.0025531460,-0.0017656712,9.7943258552,-0.0008335523,0.0000304849,0.1745813227
559039.9300242390,0.0018112362,-0.0077172085,9.7940244589,-0.0019083586,0.0000738874,0.1745270847
559039.9400242390,0.0013268602,-0.0008553730,9.7940314042,-0.0009312620,0.0000196343,0.1745379323
559039.9500242390,0.0024230745,-0.0090872413,9.7935612269,-0.0017237959,0.0000521862,0.1745596275
559039.9600242390,0.0022415607,0.0002158588,9.7944818093,-0.0012243909,0.0000630368,0.1745487799
559039.9700242390,0.0024298193,-0.0086301466,9.7946290045,-0.0013980970,0.0000521862,0.1745379323
559039.9800242390,0.0005737617,-0.0026889613,9.7943419303,-0.0016260862,0.0000630368,0.1745379323
559039.9900242391,0.0008895113,-0.0057381796,9.7941854879,-0.0009855451,0.0000521862,0.1745270847
559040.0000242390,0.0022514736,-0.0045119896,9.7934120786,-0.0019083586,0.0000521862,0.1745379323
559040.0100242390,0.0034718389,-0.0035920342,9.7938598765,-0.0008118390,0.0000630368,0.1748633601
559040.0200242390,0.0012046087,-0.0092448399,9.7937238168,-0.0019300718,0.0000738874,0.1745704751
559040.0300242390,0.0001005457,-0.0002500592,9.7935843038,-0.0009638318,0.0000087837,0.1745813227
559040.0400242390,0.0018094227,-0.0075646121,9.7938720189,-0.0017129393,0.0000630368,0.1746030179
559040.0500242390,0.0033146880,-0.0008475222,9.7946249496,-0.0012678175,0.0000521862,0.1745813227
559040.0600242390,0.0019612194,-0.0089363819,9.7931075736,-0.0013112440,0.0000304849,0.1745921703
559040.0700242390,0.0007208850,-0.0019255625,9.7940359908,-0.0016369429,0.0000521862,0.1745813227
559040.0800242390,0.0019518441,-0.0049710292,9.7938719360,-0.0009746885,0.0000087837,0.1745704751
559040.0900242390,0.0039396719,-0.0049631784,9.7944654815,-0.0019083586,0.0000630368,0.1745487799
559040.1000242390,0.0010367206,-0.0040598277,9.7943374963,-0.0008552655,0.0000738874,0.1745704751
559040.1100242391,0.0007451619,-0.0093991037,9.7934225337,-0.0019626417,0.0000304849,0.1745704751
559040.1200242389,0.0013083031,0.0026530238,9.7934229695,-0.0008769788,-0.0000020669,0.1746030179
559040.1300242390,0.0024249740,-0.0083248844,9.7941716147,-0.0017455092,0.0000630368,0.1746355606
559040.1400242390,0.0037763711,-0.0028282879,9.7941627073,-0.0012352476,0.0000738874,0.1746681034
559040.1500242390,0.0024177203,-0.0077144990,9.7935618547,-0.0013763838,0.0000630368,0.1746355606
559040.1600242390,0.0010206005,-0.0005515697,9.7940340811,-0.0016260862,0.0000304849,0.1746030179
559040.1700242390,0.0022544482,-0.0052746242,9.7934117298,-0.0010615415,0.0000087837,0.1745379323
559040.1800242390,0.0034868265,-0.0061852695,9.7944687296,-0.0018975020,0.0000738874,0.1745596275
559040.1900242390,0.0016383881,-0.0034468717,9.7935701516,-0.0008009824,0.0000413356,0.1745270847
559040.2000242390,0.0010431500,-0.0069575614,9.7937261319,-0.0019300718,0.0000630368,0.1745487799
559040.2100242390,0.0007113663,0.0005148681,9.7940371069,-0.0009421186,0.0000087837,0.1745270847
559040.2200242390,0.0018256575,-0.0098529325,9.7947860311,-0.0017672224,0.0000630368,0.1745379323
559040.2300242390,0.0022341637,-0.0006986778,9.7931088029,-0.0011592512,0.0000738874,0.1745379323
559040.2400242391,0.0013488148,-0.0071088377,9.7937235246,-0.0014089536,0.0000630368,0.1745487799
559040.2500242390,0.0014793664,-0.0011597321,9.7938774862,-0.0015718031,0.0000521862,0.1745162371
559040.2600242390,0.0010395232,-0.0066523687,9.7934212519,-0.0010723981,0.0000087837,0.1745813227
559040.2700242390,0.0018011512,-0.0048192665,9.7941782940,-0.0018106489,0.0000630368,0.1746247130
559040.2800242390,0.0030088512,-0.0025261522,9.7937116612,-0.0008444089,0.0000304849,0.1746464082
559040.2900242390,0.0021078911,-0.0064955342,9.7935649502,-0.0020060683,0.0000630368,0.1745921703
559040.3000242390,0.0016306541,-0.0014640218,9.7935710584,-0.0008878354,0.0000304849,0.1745921703
559040.3100242390,0.0019720425,-0.0104619288,9.7937169150,-0.0017563658,0.0000521862,0.1745921703
559040.3200242390,0.0023868706,0.0011318538,9.7940234298,-0.0012026777,0.0000304849,0.1746030179
559040.3300242390,0.0008912100,-0.0071107136,9.7937273308,-0.0013763838,0.0000196343,0.1745379323
559040.3400242390,0.0010301479,-0.0026870160,9.7941856143,-0.0016260862,0.0000304849,0.1745487799
559040.3500242390,0.0015001885,-0.0064981742,9.7938750447,-0.0010289716,0.0000087837,0.1746030179
559040.3600242391,0.0017999327,-0.0048191970,9.7940257843,-0.0018757887,0.0000738874,0.1745704751
559040.3700242389,0.0027044624,-0.0017649765,9.7941720767,-0.0008661222,0.0000630368,0.1745813227
559040.3800242390,0.0014995076,-0.0072606005,9.7934171666,-0.0019734984,0.0000304849,0.1745596275
559040.3900242390,0.0014841831,-0.0017699787,9.7941822266,-0.0009204053,0.0000304849,0.1745813227
559040.4000242390,0.0016677110,-0.0090907843,9.7944826291,-0.0017237959,0.0000630368,0.1745379323
559040.4100242390,0.0017790820,0.0002142607,9.7938755765,-0.0011266813,0.0000630368,0.1744836943
559040.4200242390,0.0024202720,-0.0064947003,9.7944774713,-0.0015392332,0.0000521862,0.1744619991
559040.4300242390,0.0022414174,-0.0013090632,9.7937185630,-0.0014849500,0.0000196343,0.1744619991
559040.4400242390,0.0013463491,-0.0074136833,9.7932658559,-0.0011266813,0.0000521862,0.1745053895
559040.4500242390,0.0014840111,-0.0035998851,9.7932663310,-0.0018106489,0.0000847381,0.1745379323
559040.4600242390,0.0017866725,-0.0032935112,9.7931114233,-0.0008444089,0.0000413356,0.1746138654
559040.4700242390,0.0021127078,-0.0071057808,9.7938696907,-0.0019626417,0.0000521862,0.1746572558
559040.4800242390,0.0014805849,-0.0011598016,9.7940299959,-0.0008769788,0.0000304849,0.1746138654
559040.4900242391,0.0013620750,-0.0086345235,9.7946378856,-0.0018106489,0.0000630368,0.1745921703
559040.5000242390,0.0016277369,-0.0000914184,9.7938767057,-0.0011266813,0.0000304849,0.1746138654
559040.5100242390,0.0021114606,-0.0074106957,9.7935645317,-0.0015392332,0.0000304849,0.1745596275
559040.5200242390,0.0013305157,-0.0008555813,9.7944889334,-0.0014632368,0.0000630368,0.1745704751
559040.5300242390,0.0016508526,-0.0069549214,9.7934160374,-0.0010615415,0.0000196343,0.1745379323
559040.5400242390,0.0005761126,-0.0036040533,9.7941890020,-0.0018866453,0.0000738874,0.1745379323
559040.5500242390,0.0014791944,-0.0029896385,9.7929615905,-0.0008009824,0.0000304849,0.1745813227
559040.5600242390,0.0028765722,-0.0074077082,9.7938632075,-0.0020060683,0.0000521862,0.1745921703
559040.5700242390,0.0014746644,0.0006704520,9.7941833427,-0.0009204053,0.0000196343,0.1745162371
559040.5800242390,0.0002906751,-0.0086386922,9.7941892375,-0.0017346525,0.0000521862,0.1745162371
559040.5900242390,0.0007185626,-0.0007054861,9.7943415684,-0.0012678175,0.0000521862,0.1744945419
559040.6000242390,0.0031827458,-0.0086264647,9.7934025827,-0.0013003873,0.0000196343,0.1745053895
559040.6100242391,0.0024018296,-0.0017663659,9.7944796337,-0.0016586561,0.0000521862,0.1745270847
559040.6200242389,0.0014918310,-0.0046677818,9.7937233720,-0.0010181150,0.0000196343,0.1745596275
559040.6300242390,0.0014971852,-0.0060405240,9.7937227442,-0.0018975020,0.0000630368,0.1745921703
559040.6400242390,0.0016377931,-0.0032943448,9.7935702213,-0.0008769788,0.0000304849,0.1745921703
559040.6500242390,0.0022610783,-0.0060374671,9.7938689103,-0.0019192152,0.0000521862,0.1745596275
559040.6600242390,0.0011683474,0.0003642865,9.7938807212,-0.0009312620,0.0000087837,0.1745596275
559040.6700242390,0.0002924885,-0.0087912885,9.7943416775,-0.0017563658,0.0000630368,0.1745379323
559040.6800242390,0.0011785184,-0.0016187023,9.7941848339,-0.0011266813,0.0000630368,0.1745487799
559040.6900242390,0.0027258220,-0.0078659143,9.7938642670,-0.0014849500,0.0000304849,0.1745270847
559040.7000242390,0.0022342497,0.0002162754,9.7935667508,-0.0014849500,0.0000304849,0.1744945419
559040.7100242390,0.0008859131,-0.0051280025,9.7940332572,-0.0011809644,0.0000196343,0.1745487799
559040.7200242390,0.0013387012,-0.0045158801,9.7937247105,-0.0018215056,0.0000630368,0.1745379323
559040.7300242390,0.0016455557,-0.0049722103,9.7937219638,-0.0008878354,0.0000196343,0.1745379323
559040.7400242391,0.0033281417,-0.0067955164,9.7934021510,-0.0019300718,0.0000630368,0.1745704751
559040.7500242390,0.0014698764,0.0015856829,9.7940312515,-0.0008552655,-0.0000020669,0.1745704751
559040.7600242390,0.0010520738,-0.0092454651,9.7937250855,-0.0018866453,0.0000738874,0.1745704751
559040.7700242390,0.0020931902,-0.0008524549,9.7944825897,-0.0011592512,0.0000521862,0.1745487799
559040.7800242390,0.0016568018,-0.0084801906,9.7934153398,-0.0013872404,0.0000521862,0.1745813227
559040.7900242390,0.0019370572,-0.0002429031,9.7943316278,-0.0016369429,0.0000304849,0.1745921703
559040.8000242390,-0.0000347366,-0.0046739651,9.7935835496,-0.0009855451,0.0000196343,0.1746030179
559040.8100242390,0.0016515336,-0.0061924951,9.7938739155,-0.0018975020,0.0000630368,0.1745704751
559040.8200242390,0.0019357240,-0.0014627713,9.7935685209,-0.0008444089,0.0000304849,0.1745921703
559040.8300242390,0.0013505708,-0.0078714029,9.7935706661,-0.0019626417,0.0000304849,0.1745596275
559040.8400242390,0.0017820852,-0.0002433895,9.7940278770,-0.0009746885,0.0000521862,0.1745704751
559040.8500242390,0.0008959980,-0.0080259445,9.7938794221,-0.0016695127,0.0000521862,0.1745813227
559040.8600242391,0.0023892503,0.0005217462,9.7940231508,-0.0013003873,0.0000304849,0.1745921703
559040.8700242389,0.0016592388,-0.0084803294,9.7937203594,-0.0013763838,0.0000304849,0.1745921703
559040.8800242390,0.0005701348,-0.0023837686,9.7940370503,-0.0015826597,0.0000304849,0.1745813227
559040.8900242390,0.0007333782,-0.0051286278,9.7940345259,-0.0010615415,-0.0000020669,0.1745379323
559040.9000242390,0.0016455844,-0.0046672259,9.7938746130,-0.0018540754,0.0000521862,0.1745704751
559040.9100242390,0.0020990821,-0.0029876929,9.7941765936,-0.0009529752,0.0000630368,0.1745921703
559040.9200242390,0.0013559537,-0.0089391607,9.7937226876,-0.0018975020,0.0000630368,0.1747548842
559040.9300242390,0.0008608119,0.0000581904,9.7934255899,-0.0008661222,-0.0000129176,0.1747440366
559040.9400242390,0.0016557267,-0.0069551991,9.7940260764,-0.0018540754,0.0000630368,0.1746355606
559040.9500242390,0.0023916013,-0.0003933459,9.7938702225,-0.0011266813,0.0000630368,0.1745704751
559040.9600242390,0.0016682773,-0.0095482956,9.7943299101,-0.0014740934,0.0000738874,0.1745379323
559040.9700242400,-0.0001996787,-0.0005565719,9.7940442310,-0.0015392332,0.0000304849,0.1745053895
559040.9800242400,0.0016539993,-0.0058876496,9.7943315842,-0.0011158246,0.0000304849,0.1745379323
559040.9900242400,0.0025638545,-0.0045111557,9.7943245996,-0.0018975020,0.0000521862,0.1745704751
559041.0000242400,0.0024052844,-0.0039014650,9.7938686181,-0.0008009824,0.0000413356,0.1745596275
559041.0100242400,-0.0000289021,-0.0074191719,9.7929722550,-0.0019626417,0.0000304849,0.1748633601
559041.0200242400,-0.0000555874,0.0003594926,9.7934333418,-0.0009204053,-0.0000129176,0.1745813227
559041.0300242400,0.0019660647,-0.0092416440,9.7935649633,-0.0017889357,0.0000630368,0.1745921703
559041.0400242400,0.0017820852,-0.0002433895,9.7940278770,-0.0012352476,0.0000738874,0.1745813227
559041.0500242400,0.0024225083,-0.0086297300,9.7937139459,-0.0014089536,0.0000196343,0.1746030179
559041.0600242401,0.0007160970,-0.0010103316,9.7938838996,-0.0015500898,0.0000304849,0.1745596275
559041.0700242399,0.0007333495,-0.0054336122,9.7938818767,-0.0010506849,0.0000521862,0.1745596275
559041.0800242400,0.0024106386,-0.0052742072,9.7938679903,-0.0018866453,0.0000521862,0.1746138654
559041.0900242400,0.0016395779,-0.0037519256,9.7935700120,-0.0008552655,0.0000304849,0.1746030179
559041.1000242400,0.0010455297,-0.0075676690,9.7937258528,-0.0019952116,0.0000630368,0.1745596275
559041.1100242400,0.0005636767,0.0002089807,9.7944957654,-0.0009204053,-0.0000129176,0.1745162371
559041.1200242400,0.0019704012,-0.0084794261,9.7944803707,-0.0017563658,0.0000521862,0.1745270847
559041.1300242400,0.0022432881,-0.0008516908,9.7941763015,-0.0011592512,0.0000630368,0.1745379323
559041.1400242400,0.0008929374,-0.0081782631,9.7934218230,-0.0014849500,0.0000196343,0.1745270847
559041.1500242400,0.0004092424,-0.0005540014,9.7938866463,-0.0015066633,0.0000630368,0.1745487799
559041.1600242400,0.0022640815,-0.0064951173,9.7940212108,-0.0011049680,0.0000304849,0.1745704751
559041.1700242400,0.0016432334,-0.0037521339,9.7940275413,-0.0018757887,0.0000630368,0.1745596275
559041.1800242400,0.0011820592,-0.0028388482,9.7940317661,-0.0008661222,0.0000304849,0.1745813227
559041.1900242399,0.0007405459,-0.0066539664,9.7941863381,-0.0019843550,0.0000521862,0.1745596275
559041.2000242400,0.0017783724,-0.0008531500,9.7932650492,-0.0008444089,0.0000087837,0.1745921703
559041.2100242400,0.0012052323,-0.0090923824,9.7938763963,-0.0018323622,0.0000304849,0.1745813227
559041.2200242400,0.0014722561,0.0009755753,9.7940309725,-0.0011592512,0.0000304849,0.1745704751
559041.2300242400,0.0018063621,-0.0077169307,9.7934144199,-0.0014523802,0.0000521862,0.1745270847
559041.2400242400,0.0007129790,-0.0017726190,9.7931210020,-0.0016369429,0.0000304849,0.1745596275
559041.2500242400,0.0024154553,-0.0058844538,9.7941727308,-0.0009746885,0.0000087837,0.1745162371
559041.2600242400,0.0019530339,-0.0052760831,9.7938717965,-0.0018975020,0.0000630368,0.1745596275
559041.2700242400,0.0014854303,-0.0014650637,9.7944873857,-0.0008552655,0.0000630368,0.1745921703
559041.2800242400,0.0008905864,-0.0072631710,9.7935747513,-0.0019843550,0.0000521862,0.1745704751
559041.2900242400,0.0008668471,-0.0005521256,9.7938828401,-0.0008986921,0.0000087837,0.1745813227
559041.3000242400,0.0012071030,-0.0086350099,9.7943341348,-0.0017563658,0.0000521862,0.1745487799
559041.3100242401,0.0022415607,0.0002158588,9.7944818093,-0.0012461042,0.0000630368,0.1745162371
559041.3200242399,0.0016556693,-0.0075651679,9.7937207779,-0.0013872404,0.0000521862,0.1745487799
559041.3300242400,0.0007213939,-0.0029930426,9.7935779732,-0.0016477995,0.0000087837,0.1745379323
559041.3400242400,0.0002811564,-0.0061982615,9.7941903536,-0.0009638318,0.0000521862,0.1745704751
559041.3500242400,0.0022539966,-0.0035971753,9.7941750459,-0.0019083586,0.0000738874,0.1745379323
559041.3600242400,0.0020924520,-0.0022248500,9.7937194132,-0.0008444089,0.0000304849,0.1745596275
559041.3700242400,0.0019600869,-0.0080213593,9.7934130116,-0.0019843550,0.0000521862,0.1745270847
559041.3800242400,0.0005575555,-0.0000956565,9.7935805674,-0.0009421186,0.0000087837,0.1745270847
559041.3900242400,0.0001302916,-0.0078764051,9.7935808160,-0.0017455092,0.0000304849,0.1745921703
559041.4000242400,0.0023982314,-0.0011561888,9.7943274030,-0.0012135343,0.0000521862,0.1745487799
559041.4100242400,0.0019668030,-0.0078692490,9.7943281399,-0.0013980970,0.0000196343,0.1745921703
559041.4200242400,0.0011731068,-0.0008559289,9.7938801631,-0.0015935163,0.0000630368,0.1745813227
559041.4300242400,-0.0000377972,-0.0048262837,9.7931259506,-0.0010723981,0.0000087837,0.1745704751
559041.4400242399,0.0022587273,-0.0051223750,9.7940218386,-0.0019083586,0.0000630368,0.1746247130
559041.4500242400,0.0020917710,-0.0029872763,9.7932615351,-0.0008444089,0.0000304849,0.1746030179
559041.4600242400,0.0018082616,-0.0069545739,9.7940248077,-0.0019626417,0.0000304849,0.1745704751
559041.4700242400,-0.0000519605,0.0000542999,9.7937382218,-0.0009312620,-0.0000020669,0.1745813227
559041.4800242400,-0.0006264051,-0.0090998163,9.7937391114,-0.0017563658,0.0000304849,0.1745379323
559041.4900242400,0.0025435700,0.0000647907,9.7940216728,-0.0012352476,0.0000521862,0.1745921703
559041.5000242400,0.0034842748,-0.0074050683,9.7935531130,-0.0013655271,0.0000521862,0.1746030179
559041.5100242400,0.0016366893,-0.0020743378,9.7940283086,-0.0016695127,0.0000630368,0.1745487799
559041.5200242400,-0.0007907524,-0.0051349500,9.7941997231,-0.0010181150,-0.0000020669,0.1745270847
559041.5300242400,0.0022629204,-0.0058850791,9.7941739995,-0.0018866453,0.0000521862,0.1745596275
559041.5400242400,0.0031626620,-0.0019156275,9.7941682008,-0.0008878354,0.0000738874,0.1745270847
559041.5500242400,0.0013476249,-0.0068037839,9.7937236641,-0.0019409285,0.0000521862,0.1745270847
559041.5600242401,-0.0009666324,-0.0007119475,9.7934404659,-0.0009421186,0.0000087837,0.1744836943
559041.5700242399,-0.0000144521,-0.0092499115,9.7938864764,-0.0018106489,0.0000196343,0.1745487799
559041.5800242400,0.0031531147,0.0002198187,9.7940166676,-0.0011809644,0.0000521862,0.1745379323
559041.5900242400,0.0018100176,-0.0077171390,9.7938719492,-0.0015283766,0.0000521862,0.1745921703
559041.6000242400,0.0002584922,-0.0010122074,9.7938877058,-0.0014523802,0.0000521862,0.1745379323
559041.6100242400,0.0001279406,-0.0069613130,9.7937337443,-0.0011483945,0.0000087837,0.1745487799
559041.6200242400,0.0019471707,-0.0028358607,9.7943304419,-0.0018106489,0.0000630368,0.1746030179
559041.6300242400,0.0030112596,-0.0028312754,9.7938640315,-0.0009529752,0.0000304849,0.1745813227
559041.6400242400,0.0010400894,-0.0071098800,9.7932685328,-0.0019626417,0.0000738874,0.1745270847
559041.6500242400,-0.0006603441,-0.0007107664,9.7935904382,-0.0008769788,-0.0000020669,0.1745270847
559041.6600242400,0.0007459288,-0.0077217243,9.7943383596,-0.0018432188,0.0000521862,0.1745704751
559041.6700242400,0.0022385001,0.0000635402,9.7940242103,-0.0010506849,0.0000304849,0.1745921703
559041.6800242400,0.0018178089,-0.0090900201,9.7941763409,-0.0015826597,0.0000630368,0.1746030179
559041.6900242399,-0.0005096226,-0.0005575447,9.7934367295,-0.0014415235,0.0000196343,0.1747657318
559041.7000242400,-0.0000257268,-0.0060469157,9.7940404511,-0.0012026777,0.0000087837,0.1747440366
559041.7100242400,0.0020984011,-0.0037501192,9.7937187156,-0.0018323622,0.0000630368,0.1746464082
559041.7200242400,0.0017962772,-0.0048189887,9.7935682550,-0.0008661222,0.0000196343,0.1745596275
559041.7300242400,0.0001249660,-0.0061986785,9.7937340931,-0.0019734984,0.0000630368,0.1745270847
559041.7400242400,-0.0000573721,0.0008170733,9.7934335511,-0.0008769788,-0.0000129176,0.1744945419
559041.7500242400,0.0024273823,-0.0086300077,9.7943239849,-0.0018432188,0.0000521862,0.1744728467
559041.7600242400,0.0014782053,-0.0005496939,9.7940302749,-0.0011158246,0.0000521862,0.1745053895
559041.7700242400,0.0010431213,-0.0072625458,9.7935734826,-0.0015500898,0.0000521862,0.1745379323
559041.7800242400,0.0017839560,0.0002139829,9.7944856155,-0.0014740934,0.0000521862,0.1745162371
559041.7900242400,0.0014977228,-0.0068030198,9.7934173759,-0.0012026777,0.0000196343,0.1745487799
559041.8000242400,-0.0003421287,-0.0034551392,9.7938916647,-0.0017672224,0.0000630368,0.1745487799
559041.8100242401,0.0017987716,-0.0042091588,9.7941785731,-0.0008878354,0.0000196343,0.1745813227
559041.8200242399,0.0027199015,-0.0060356607,9.7940176138,-0.0020060683,0.0000521862,0.1745596275
559041.8300242400,0.0001065809,-0.0008603752,9.7940415541,-0.0008661222,0.0000304849,0.1745270847
559041.8400242400,-0.0006287561,-0.0081847242,9.7938920397,-0.0019083586,0.0000521862,0.1745379323
559041.8500242400,0.0013184453,0.0003650506,9.7935744329,-0.0010506849,0.0000521862,0.1745270847
559041.8600242400,0.0024303569,-0.0093926423,9.7943236362,-0.0015935163,0.0000521862,0.1745487799
559041.8700242400,0.0005606161,0.0000566621,9.7940381664,-0.0013872404,0.0000304849,0.1745813227
559041.8800242400,-0.0007782304,-0.0080330309,9.7943509075,-0.0012461042,0.0000196343,0.1745162371
559041.8900242400,0.0008739288,-0.0029924174,9.7935767045,-0.0017346525,0.0000521862,0.1745813227
559041.9000242400,0.0022437397,-0.0025291397,9.7934129854,-0.0009746885,0.0000304849,0.1745813227
559041.9100242400,0.0018040398,-0.0064968542,9.7937199975,-0.0020169249,0.0000521862,0.1745596275
559041.9200242400,-0.0001961379,-0.0017767178,9.7938911632,-0.0008009824,0.0000196343,0.1745704751
559041.9300242400,0.0002822029,-0.0080282373,9.7934269677,-0.0019083586,0.0000304849,0.1745704751
559041.9400242399,0.0019226931,0.0025027897,9.7938753541,-0.0010723981,0.0000304849,0.1745704751
559041.9500242400,0.0027276068,-0.0083234950,9.7938640577,-0.0015500898,0.0000630368,0.1745487799
559041.9600242400,0.0010313664,-0.0026870854,9.7943381241,-0.0015609465,0.0000304849,0.1745270847
559041.9700242400,-0.0010982305,-0.0048310773,9.7940498903,-0.0010615415,0.0000087837,0.1745813227
559041.9800242400,0.0008781505,-0.0034501370,9.7938815148,-0.0019083586,0.0000738874,0.1745596275
559041.9900242400,0.0019447051,-0.0031407062,9.7938727731,-0.0008661222,0.0000304849,0.1746247130
559042.0000242400,0.0012046373,-0.0089398555,9.7938764661,-0.0019300718,0.0000521862,0.1746138654
559042.0100242400,-0.0005095366,0.0003574084,9.7938946773,-0.0008878354,0.0000087837,0.1748850553
559042.0200242400,0.0007410548,-0.0077214465,9.7937283206,-0.0017672224,0.0000521862,0.1746030179
559042.0300242400,0.0020829620,0.0005205651,9.7938731785,-0.0012895307,0.0000304849,0.1745704751
559042.0400242410,0.0013559824,-0.0086341763,9.7938753368,-0.0013546705,0.0000304849,0.1746030179
559042.0500242410,0.0005738477,-0.0017740081,9.7947998781,-0.0017020826,0.0000196343,0.1745596275
559042.0600242410,-0.0004964771,-0.0033031681,9.7937404934,-0.0009746885,0.0000196343,0.1745379323
559042.0700242410,0.0008876979,-0.0055855833,9.7940330479,-0.0019409285,0.0000738874,0.1745596275
559042.0800242410,0.0005682927,-0.0025361566,9.7937319610,-0.0008552655,0.0000196343,0.1745596275
559042.0900242410,0.0008947795,-0.0080258751,9.7937269123,-0.0019409285,0.0000304849,0.1745487799
559042.1000242410,0.0002495685,0.0012756963,9.7938887522,-0.0010181150,0.0000521862,0.1745813227
559042.1100242410,0.0012005016,-0.0075671826,9.7940296036,-0.0017346525,0.0000304849,0.1745487799
559042.1200242410,0.0022468863,-0.0014618679,9.7943285322,-0.0012786741,0.0000521862,0.1745813227
559042.1300242411,0.0010484469,-0.0089402724,9.7934202055,-0.0013546705,0.0000630368,0.1745813227
559042.1400242409,-0.0002039005,-0.0000988523,9.7937394208,-0.0016260862,0.0000521862,0.1745487799
559042.1500242410,0.0004265236,-0.0046722976,9.7940372727,-0.0010615415,-0.0000020669,0.1745813227
559042.1600242410,0.0013464638,-0.0061937457,9.7938764529,-0.0019626417,0.0000738874,0.1745596275
559042.1700242410,0.0017915466,-0.0032937890,9.7937214623,-0.0008118390,0.0000304849,0.1745270847
559042.1800242410,-0.0000258415,-0.0072668533,9.7934298540,-0.0019843550,0.0000521862,0.1745596275
559042.1900242410,0.0007054458,0.0023451217,9.7941904538,-0.0009529752,0.0000087837,0.1745379323
559042.2000242410,0.0018172140,-0.0089374932,9.7941764106,-0.0017129393,0.0000738874,0.1745596275
559042.2100242410,0.0016349619,-0.0010067883,9.7943338164,-0.0012678175,0.0000521862,0.1746030179
559042.2200242410,0.0008923999,-0.0074157674,9.7937271913,-0.0013872404,0.0000304849,0.1745270847
559042.2300242410,-0.0001948907,-0.0014718029,9.7941963223,-0.0016477995,0.0000521862,0.1745813227
559042.2400242410,0.0011849191,-0.0048214204,9.7934208202,-0.0010615415,0.0000087837,0.1745704751
559042.2500242410,0.0021000999,-0.0051226531,9.7932605585,-0.0018866453,0.0000738874,0.1746247130
559042.2600242411,0.0002668784,-0.0025376155,9.7941920278,-0.0008444089,0.0000413356,0.1745704751
559042.2700242409,0.0005795101,-0.0063491212,9.7932726878,-0.0019626417,0.0000196343,0.1745487799
559042.2800242410,0.0002562273,0.0008178378,9.7944985819,-0.0009312620,0.0000087837,0.1745162371
559042.2900242410,0.0007458141,-0.0089416619,9.7937277625,-0.0018323622,0.0000196343,0.1745379323
559042.3000242410,0.0005624296,-0.0000959342,9.7941906064,-0.0012026777,0.0000304849,0.1745270847
559042.3100242410,0.0013518180,-0.0075664879,9.7938758251,-0.0014849500,0.0000521862,0.1745487799
559042.3200242410,0.0002650937,-0.0020800347,9.7941922370,-0.0015826597,0.0000304849,0.1746030179
559042.3300242410,0.0010377671,-0.0058898035,9.7935741104,-0.0010181150,0.0000196343,0.1746030179
559042.3400242410,0.0013338558,-0.0042106180,9.7932673207,-0.0018975020,0.0000738874,0.1746030179
559042.3500242410,0.0001034916,-0.0013176782,9.7934313058,-0.0009204053,0.0000196343,0.1745704751
559042.3600242410,-0.0001693093,-0.0080304603,9.7941933227,-0.0019952116,0.0000304849,0.1746030179
559042.3700242410,0.0010145080,-0.0005512225,9.7932715324,-0.0009529752,0.0000087837,0.1745704751
559042.3800242411,0.0016592962,-0.0078703606,9.7940256579,-0.0017672224,0.0000738874,0.1745813227
559042.3900242409,0.0010134042,0.0006687845,9.7937296197,-0.0012352476,0.0000630368,0.1746138654
559042.4000242410,0.0002882667,-0.0083335689,9.7940368673,-0.0013763838,0.0000304849,0.1745921703
559042.4100242410,0.0007214225,-0.0026880582,9.7937306225,-0.0016369429,0.0000196343,0.1745596275
559042.4200242410,0.0011856287,-0.0037540097,9.7940313475,-0.0010181150,0.0000196343,0.1745813227
559042.4300242410,0.0010372869,-0.0045173390,9.7941847772,-0.0019300718,0.0000630368,0.1745596275
559042.4400242410,0.0005665080,-0.0020785759,9.7937321703,-0.0008878354,0.0000413356,0.1745921703
559042.4500242410,0.0007470326,-0.0089417313,9.7938802723,-0.0019409285,0.0000630368,0.1745379323
559042.4600242410,0.0008656573,-0.0002470717,9.7938829796,-0.0009312620,0.0000087837,0.1745379323
559042.4700242410,0.0008918623,-0.0066532717,9.7940325596,-0.0017563658,0.0000521862,0.1747765794
559042.4800242410,0.0016259522,0.0003661623,9.7938769150,-0.0012352476,0.0000738874,0.1747006462
559042.4900242410,0.0004437762,-0.0090955782,9.7940352497,-0.0014740934,0.0000087837,0.1745596275
559042.5000242410,0.0004116221,-0.0011641091,9.7938863673,-0.0015609465,0.0000196343,0.1745162371
559042.5100242411,0.0013405719,-0.0040585077,9.7941824490,-0.0011266813,0.0000521862,0.1745162371
559042.5200242409,0.0008835908,-0.0039079261,9.7943388348,-0.0018975020,0.0000738874,0.1745270847
559042.5300242410,-0.0003427237,-0.0033026123,9.7938917344,-0.0008335523,0.0000087837,0.1745270847
559042.5400242410,-0.0000228669,-0.0080294879,9.7934295052,-0.0020060683,0.0000630368,0.1744836943
559042.5500242410,0.0017730755,0.0011295611,9.7935709755,-0.0009312620,0.0000087837,0.1745379323
559042.5600242410,0.0016544508,-0.0075650985,9.7935682681,-0.0018106489,0.0000521862,0.1745921703
559042.5700242410,0.0001036063,-0.0000977406,9.7940419028,-0.0012786741,0.0000630368,0.1745704751
559042.5800242410,-0.0004768735,-0.0086415408,9.7935855422,-0.0013763838,0.0000196343,0.1745921703
559042.5900242410,0.0008703593,-0.0020772559,9.7935771230,-0.0016695127,0.0000196343,0.1746030179
559042.6000242410,0.0013315048,-0.0032955259,9.7934202490,-0.0009638318,0.0000196343,0.1746247130
559042.6100242410,0.0016497775,-0.0054299300,9.7940267740,-0.0019409285,0.0000738874,0.1746138654
559042.6200242410,0.0001107453,-0.0019280636,9.7940410658,-0.0008661222,0.0000304849,0.1745921703
559042.6300242411,0.0008906438,-0.0066532023,9.7938800499,-0.0019409285,0.0000304849,0.1745596275
559042.6400242409,0.0011665914,0.0011268516,9.7940335797,-0.0010506849,0.0000087837,0.1745704751
559042.6500242410,0.0013583621,-0.0092442840,9.7938750578,-0.0016369429,0.0000630368,0.1745921703
559042.6600242410,0.0008638439,-0.0000944754,9.7937305396,-0.0013546705,0.0000630368,0.1746030179
559042.6700242410,-0.0001831071,-0.0057422788,9.7935843301,-0.0012461042,0.0000196343,0.1745487799
559042.6800242410,0.0002620904,-0.0016223845,9.7940399365,-0.0018215056,0.0000304849,0.1745596275
559042.6900242410,0.0011843528,-0.0043639091,9.7935735392,-0.0009204053,0.0000087837,0.1745921703
559042.7000242410,0.0001334095,-0.0071141177,9.7943437136,-0.0020060683,0.0000738874,0.1745487799
559042.7100242410,0.0000993846,0.0003599790,9.7937370926,-0.0008444089,0.0000196343,0.1745270847
559042.7200242410,0.0011938142,-0.0074143085,9.7932671246,-0.0019300718,0.0000521862,0.1745379323
559042.7300242410,0.0017820566,-0.0005483739,9.7938752277,-0.0011049680,0.0000087837,0.1745704751
559042.7400242410,-0.0003242812,-0.0080309467,9.7938895720,-0.0015283766,0.0000521862,0.1746030179
559042.7500242410,0.0008686892,-0.0003997375,9.7941879294,-0.0014740934,0.0000630368,0.1745596275
559042.7600242411,0.0013398910,-0.0048209340,9.7937245710,-0.0012135343,0.0000087837,0.1745813227
559042.7700242409,-0.0000346506,-0.0037590119,9.7940414974,-0.0018757887,0.0000304849,0.1745704751
559042.7800242410,0.0010348212,-0.0048221845,9.7937271085,-0.0008769788,0.0000087837,0.1745379323
559042.7900242410,0.0013464924,-0.0058887613,9.7940291022,-0.0019952116,0.0000738874,0.1745704751
559042.8000242410,0.0014655686,0.0011284494,9.7932684935,-0.0008661222,0.0000196343,0.1746138654
559042.8100242410,-0.0000192401,-0.0083346806,9.7937343852,-0.0019083586,0.0000196343,0.1745921703
559042.8200242410,-0.0012704837,-0.0007132675,9.7935955132,-0.0011375379,-0.0000129176,0.1745813227
559042.8300242410,0.0007458715,-0.0083316931,9.7940330611,-0.0015392332,0.0000196343,0.1745813227
559042.8400242410,0.0011695659,0.0003642170,9.7940332309,-0.0015283766,0.0000738874,0.1745596275
559042.8500242410,0.0010341689,-0.0052796264,9.7934218797,-0.0011375379,0.0000304849,0.1745813227
559042.8600242410,-0.0001854294,-0.0045222024,9.7938899076,-0.0018540754,0.0000304849,0.1745270847
559042.8700242410,-0.0008081483,-0.0022365914,9.7934384996,-0.0008878354,-0.0000020669,0.1745813227
559042.8800242411,0.0011957996,-0.0057369985,9.7943354602,-0.0019734984,0.0000630368,0.1745921703
559042.8900242409,0.0017741793,-0.0000904460,9.7931128882,-0.0009312620,0.0000304849,0.1745270847
559042.9000242410,-0.0001693953,-0.0089454135,9.7937353749,-0.0019192152,0.0000630368,0.1745379323
559042.9100242410,-0.0017340089,0.0011151102,9.7937526662,-0.0010506849,-0.0000020669,0.1745270847
559042.9200242410,0.0015031057,-0.0078707776,9.7935693974,-0.0015500898,0.0000521862,0.1745487799
559042.9300242410,0.0025466019,-0.0000878751,9.7943266226,-0.0014523802,0.0000630368,0.1745813227
559042.9400242410,0.0008834188,-0.0057378324,9.7934229391,-0.0011483945,0.0000521862,0.1745487799
559042.9500242410,-0.0003408816,-0.0031502243,9.7941968237,-0.0019083586,0.0000304849,0.1745921703
559042.9600242410,-0.0015659775,-0.0025449799,9.7939022331,-0.0008769788,-0.0000129176,0.1745921703
559042.9700242410,0.0016574827,-0.0077177643,9.7938732179,-0.0020060683,0.0000738874,0.1746138654
559042.9800242410,0.0034485798,0.0017465468,9.7935572984,-0.0008986921,0.0000413356,0.1745813227
559042.9900242410,-0.0006281612,-0.0083372511,9.7938919699,-0.0018106489,0.0000304849,0.1746030179
559043.0000242410,-0.0011136697,-0.0005603930,9.7942043532,-0.0012135343,0.0000196343,0.1745704751
559043.0100242411,0.0007405172,-0.0069589508,9.7940336889,-0.0014089536,0.0000521862,0.1748525125
559043.0200242409,0.0016319587,-0.0005491381,9.7941815160,-0.0015826597,0.0000738874,0.1745379323
559043.0300242410,0.0017956823,-0.0046664618,9.7935683248,-0.0010941114,0.0000521862,0.1745053895
559043.0400242410,-0.0024680701,-0.0055993394,9.7940609601,-0.0019734984,0.0000304849,0.1744728467
559043.0500242410,-0.0014182019,-0.0013241393,9.7939015224,-0.0008009824,-0.0000020669,0.1745162371
559043.0600242410,0.0018148630,-0.0080224012,9.7943293389,-0.0019626417,0.0000738874,0.1745487799
559043.0700242410,0.0026936965,0.0003705393,9.7938680338,-0.0010181150,0.0000738874,0.1745379323
559043.0800242410,0.0004335766,-0.0074175738,9.7935784878,-0.0016586561,0.0000304849,0.1745487799
559043.0900242410,-0.0015797179,0.0003531704,9.7935985389,-0.0014415235,0.0000196343,0.1745704751
559043.1000242410,0.0013482198,-0.0069563108,9.7937235944,-0.0012461042,0.0000521862,0.1745921703
559043.1100242410,0.0022509647,-0.0034445095,9.7938700961,-0.0017563658,0.0000521862,0.1745813227
559043.1200242420,0.0019411069,-0.0025305291,9.7937205424,-0.0009421186,0.0000521862,0.1745053895
559043.1300242420,-0.0020104367,-0.0052924791,9.7942098032,-0.0019843550,0.0000196343,0.1745270847
559043.1400242420,-0.0006609103,-0.0002532551,9.7937431573,-0.0008444089,0.0000087837,0.1745704751
559043.1500242420,0.0018189987,-0.0093950740,9.7941762014,-0.0019192152,0.0000738874,0.1746030179
559043.1600242420,0.0017682875,0.0020447920,9.7934188843,-0.0011158246,0.0000304849,0.1745379323
559043.1700242420,0.0007326686,-0.0061960385,9.7934239986,-0.0015609465,0.0000196343,0.1745487799
559043.1800242420,-0.0011130748,-0.0007129200,9.7942042835,-0.0015392332,0.0000304849,0.1745379323
559043.1900242420,0.0005844702,-0.0054344458,9.7943406747,-0.0010615415,0.0000196343,0.1745487799
559043.2000242420,0.0017944638,-0.0046663924,9.7934158150,-0.0018757887,0.0000630368,0.1745379323
559043.2100242421,0.0016324962,-0.0013116338,9.7938761477,-0.0008986921,0.0000304849,0.1745921703
559043.2200242419,-0.0004797047,-0.0063539842,9.7943491373,-0.0019843550,0.0000304849,0.1745921703
559043.2300242420,-0.0009654139,-0.0007120169,9.7935929757,-0.0009312620,0.0000196343,0.1745704751
559043.2400242420,-0.0003200308,-0.0081836820,9.7943470315,-0.0018432188,0.0000630368,0.1745487799
559043.2500242420,0.0010115621,0.0005163964,9.7934245304,-0.0011158246,0.0000304849,0.1745921703
559043.2600242420,0.0001260985,-0.0071137011,9.7934286550,-0.0015392332,0.0000304849,0.1745596275
559043.2700242420,0.0002579260,-0.0005546961,9.7940404248,-0.0014849500,0.0000196343,0.1745813227
559043.2800242420,0.0007339445,-0.0055861391,9.7938818069,-0.0011375379,0.0000196343,0.1745162371
559043.2900242420,0.0024047468,-0.0031389693,9.7941739864,-0.0018432188,0.0000738874,0.1745487799
559043.3000242420,0.0004121310,-0.0022315892,9.7934283497,-0.0009312620,0.0000196343,0.1745813227
559043.3100242420,-0.0000299486,-0.0055891961,9.7937356408,-0.0020060683,0.0000521862,0.1745704751
559043.3200242420,-0.0009647616,-0.0002545751,9.7938982045,-0.0008552655,0.0000196343,0.1746030179
559043.3300242421,0.0004347951,-0.0074176432,9.7937309975,-0.0018323622,0.0000521862,0.1746138654
559043.3400242419,0.0019310220,0.0003674129,9.7938743775,-0.0011809644,0.0000521862,0.1745813227
559043.3500242420,0.0002840450,-0.0078758493,9.7937320570,-0.0014958067,0.0000304849,0.1745270847
559043.3600242420,-0.0000513943,-0.0004032114,9.7935855028,-0.0015392332,0.0000304849,0.1745053895
559043.3700242420,0.0013404859,-0.0049734609,9.7937245012,-0.0011918211,0.0000304849,0.1745379323
559043.3800242420,0.0013435752,-0.0045161579,9.7943347495,-0.0017997923,0.0000630368,0.1745379323
559043.3900242420,0.0004138584,-0.0032991387,9.7931228419,-0.0009421186,0.0000304849,0.1745921703
559043.4000242420,-0.0004936459,-0.0055907247,9.7929768983,-0.0019734984,0.0000521862,0.1745487799
559043.4100242420,-0.0006638849,0.0005093795,9.7937435060,-0.0008552655,0.0000087837,0.1745379323
559043.4200242420,0.0016610236,-0.0089379102,9.7937201501,-0.0019300718,0.0000738874,0.1745596275
559043.4300242420,0.0005569606,0.0000568704,9.7935806371,-0.0011158246,0.0000304849,0.1745921703
559043.4400242420,-0.0003284457,-0.0069632583,9.7938900603,-0.0015826597,0.0000304849,0.1745379323
559043.4500242420,-0.0002008399,0.0000534663,9.7941970198,-0.0014523802,0.0000304849,0.1745596275
559043.4600242421,0.0010426124,-0.0061950657,9.7940315002,-0.0011809644,0.0000304849,0.1745813227
559043.4700242419,0.0025518128,-0.0029855393,9.7935627484,-0.0017997923,0.0000630368,0.1746030179
559043.4800242420,-0.0006483597,-0.0028463515,9.7940469909,-0.0008986921,0.0000196343,0.1745921703
559043.4900242420,0.0005814382,-0.0052817800,9.7940357249,-0.0019734984,0.0000304849,0.1745921703
559043.5000242420,0.0010164074,0.0002111343,9.7938819202,-0.0009312620,0.0000413356,0.1746138654
559043.5100242420,0.0010449634,-0.0071101577,9.7938785719,-0.0019192152,0.0000738874,0.1745921703
559043.5200242420,0.0014721414,-0.0002443623,9.7934203754,-0.0010941114,0.0000521862,0.1745270847
559043.5300242420,-0.0012328606,-0.0087975413,9.7943543649,-0.0015609465,0.0000087837,0.1745487799
559043.5400242420,0.0001006031,0.0003599095,9.7938896024,-0.0014198103,0.0000196343,0.1745270847
559043.5500242420,0.0023997868,-0.0040536447,9.7931059996,-0.0012135343,0.0000304849,0.1745379323
559043.5600242420,0.0007262105,-0.0036032892,9.7938827137,-0.0018432188,0.0000738874,0.1745596275
559043.5700242420,-0.0018652415,-0.0055964216,9.7931408266,-0.0009421186,0.0000304849,0.1745813227
559043.5800242421,-0.0000311671,-0.0055891266,9.7935831311,-0.0019952116,0.0000087837,0.1745704751
559043.5900242419,0.0017736991,0.0012820185,9.7937235550,-0.0008118390,0.0000087837,0.1745813227
559043.6000242420,0.0022718441,-0.0081729828,9.7941729532,-0.0019083586,0.0000738874,0.1745487799
559043.6100242420,-0.0024930853,0.0005018068,9.7939112406,-0.0011266813,0.0000521862,0.1746030179
559043.6200242420,-0.0007848892,-0.0075751724,9.7937410777,-0.0015066633,0.0000087837,0.1745596275
559043.6300242420,0.0008705887,0.0003626193,9.7947983172,-0.0016152296,0.0000087837,0.1745596275
559043.6400242420,0.0013411382,-0.0045160190,9.7940297300,-0.0011158246,0.0000304849,0.1745704751
559043.6500242420,0.0010342549,-0.0043646732,9.7938798275,-0.0018866453,0.0000955887,0.1745704751
559043.6600242420,-0.0020265855,-0.0020892056,9.7937537388,-0.0008661222,0.0000087837,0.1746138654
559043.6700242420,-0.0000263791,-0.0065043576,9.7937352223,-0.0019734984,0.0000196343,0.1746030179
559043.6800242420,0.0020817435,0.0005206345,9.7937206688,-0.0009421186,0.0000196343,0.1745704751
559043.6900242420,0.0007524729,-0.0093995204,9.7943375923,-0.0018106489,0.0000738874,0.1745379323
559043.7000242420,-0.0018847017,0.0012668730,9.7940590242,-0.0012895307,0.0000304849,0.1745487799
559043.7100242421,-0.0007859930,-0.0063551653,9.7941991650,-0.0014415235,0.0000196343,0.1745379323
559043.7200242419,0.0010240840,-0.0023816844,9.7935757148,-0.0016369429,0.0000630368,0.1745270847
559043.7300242420,0.0027205825,-0.0052732344,9.7944754919,-0.0010072584,0.0000304849,0.1745704751
559043.7400242420,-0.0000340843,-0.0042165232,9.7938887784,-0.0019409285,0.0000738874,0.1745487799
559043.7500242420,-0.0008206702,0.0006614895,9.7932873153,-0.0008878354,0.0000087837,0.1745596275
559043.7600242420,-0.0000149897,-0.0084874158,9.7941918447,-0.0019952116,0.0000087837,0.1745162371
559043.7700242420,0.0014848354,-0.0013125368,9.7944874554,-0.0009746885,0.0000196343,0.1744945419
559043.7800242420,0.0005832803,-0.0051293920,9.7943408142,-0.0017563658,0.0000738874,0.1745813227
559043.7900242420,-0.0002128816,0.0015790826,9.7934351686,-0.0012243909,0.0000521862,0.1745704751
559043.8000242420,-0.0004733040,-0.0095567023,9.7935851236,-0.0014632368,0.0000304849,0.1745379323
559043.8100242420,-0.0001900454,-0.0017770650,9.7946537120,-0.0015500898,0.0000304849,0.1745162371
559043.8200242420,0.0008756848,-0.0037549825,9.7934238460,-0.0011158246,0.0000304849,0.1745813227
559043.8300242421,-0.0000406571,-0.0028437116,9.7937368964,-0.0019083586,0.0000738874,0.1745379323
559043.8400242419,-0.0004958822,-0.0034556951,9.7937404236,-0.0008986921,0.0000196343,0.1745921703
559043.8500242420,-0.0000204013,-0.0077246423,9.7938871740,-0.0020060683,0.0000521862,0.1745596275
559043.8600242420,-0.0000566912,0.0015794996,9.7938914291,-0.0008769788,0.0000087837,0.1746138654
559043.8700242420,0.0010461819,-0.0071102272,9.7940310816,-0.0018215056,0.0000738874,0.1745921703
559043.8800242420,0.0005581505,-0.0002481834,9.7935804976,-0.0012786741,0.0000521862,0.1745921703
559043.8900242420,0.0005897097,-0.0080271256,9.7937294498,-0.0013872404,0.0000087837,0.1745704751
559043.9000242420,-0.0003473396,-0.0005574750,9.7946555388,-0.0016803694,0.0000630368,0.1745487799
559043.9100242420,0.0001106593,-0.0028430168,9.7935831180,-0.0010941114,0.0000304849,0.1745813227
559043.9200242420,0.0001214252,-0.0049785326,9.7938871609,-0.0018757887,0.0000847381,0.1745596275
559043.9300242420,0.0004163527,-0.0026893088,9.7937331600,-0.0009204053,0.0000196343,0.1744945419
559043.9400242420,-0.0006377086,-0.0062018048,9.7937404368,-0.0019409285,0.0000196343,0.1745379323
559043.9500242420,0.0000970623,0.0015800554,9.7940426702,-0.0009529752,0.0000304849,0.1745596275
559043.9600242421,0.0001321623,-0.0074190327,9.7940385545,-0.0018432188,0.0000738874,0.1745813227
559043.9700242419,0.0005623435,-0.0010108874,9.7937326586,-0.0012135343,0.0000630368,0.1745813227
559043.9800242420,0.0001273743,-0.0065038017,9.7938864633,-0.0014849500,0.0000196343,0.1745596275
559043.9900242420,-0.0009677075,0.0008130439,9.7940512025,-0.0015718031,0.0000521862,0.1745921703
559044.0000242420,0.0005802484,-0.0049767262,9.7940358644,-0.0011266813,0.0000521862,0.1745813227
559044.0100242420,0.0013380776,-0.0046683376,9.7935721310,-0.0018757887,0.0000738874,0.1748633601
559044.0200242420,0.0007142262,-0.0014677040,9.7934261611,-0.0009312620,0.0000087837,0.1745379323
559044.0300242420,-0.0003349897,-0.0052854622,9.7938908276,-0.0020169249,0.0000087837,0.1745162371
559044.0400242420,-0.0005035587,-0.0008628763,9.7940466290,-0.0009204053,0.0000087837,0.1745704751
559044.0500242420,0.0007519353,-0.0086370246,9.7946429606,-0.0018757887,0.0000521862,0.1745704751
559044.0600242420,0.0014644362,0.0020434720,9.7935739315,-0.0011049680,0.0000304849,0.1745704751
559044.0700242420,-0.0003362943,-0.0062003460,9.7932803700,-0.0015718031,0.0000304849,0.1745270847
559044.0800242421,-0.0005060244,-0.0011677219,9.7935889602,-0.0015283766,0.0000521862,0.1745596275
559044.0900242419,0.0001273170,-0.0071137705,9.7935811648,-0.0011918211,0.0000630368,0.1745704751
559044.1000242420,0.0016342810,-0.0017692145,9.7938759384,-0.0018323622,0.0000738874,0.1745379323
559044.1100242420,-0.0006555561,-0.0016259973,9.7937425294,-0.0009421186,0.0000087837,0.1745270847
559044.1200242420,0.0004306881,-0.0057399860,9.7940367844,-0.0019952116,0.0000521862,0.1745487799
559044.1300242420,-0.0015725216,-0.0008671838,9.7939030004,-0.0008661222,-0.0000020669,0.1745921703
559044.1400242420,-0.0003218729,-0.0083360700,9.7940419422,-0.0018975020,0.0000738874,0.1745704751
559044.1500242420,0.0014590532,0.0031112299,9.7934219101,-0.0011266813,0.0000304849,0.1745813227
559044.1600242420,0.0005897097,-0.0080271256,9.7937294498,-0.0015500898,0.0000630368,0.1745596275
559044.1700242420,0.0002591158,-0.0008597500,9.7940402853,-0.0015935163,0.0000304849,0.1745921703
559044.1800242420,0.0008829099,-0.0046703523,9.7938809567,-0.0010506849,0.0000521862,0.1745813227
559044.1900242430,0.0001136626,-0.0033006670,9.7937354184,-0.0019843550,0.0000738874,0.1745596275
559044.2000242430,0.0005569606,0.0000568704,9.7935806371,-0.0008118390,0.0000304849,0.1745921703
559044.2100242430,0.0002816366,-0.0075707260,9.7935796868,-0.0019952116,0.0000304849,0.1745487799
559044.2200242430,-0.0011214896,0.0005075037,9.7937473122,-0.0009855451,0.0000087837,0.1745704751
559044.2300242430,0.0008942420,-0.0072633794,9.7940322806,-0.0017237959,0.0000630368,0.1745596275
559044.2400242430,0.0014740122,0.0002130101,9.7938781140,-0.0013655271,0.0000630368,0.1745704751
559044.2500242430,0.0001279692,-0.0066563286,9.7938863936,-0.0013221006,-0.0000020669,0.1745704751
559044.2600242430,0.0007149071,-0.0007052778,9.7938840391,-0.0016803694,0.0000304849,0.1745921703
559044.2700242430,-0.0007967876,-0.0045246340,9.7937424728,-0.0010398282,0.0000521862,0.1745596275
559044.2800242431,0.0004282797,-0.0054348627,9.7938844141,-0.0019626417,0.0000738874,0.1745704751
559044.2900242429,-0.0002008686,-0.0002515181,9.7940443706,-0.0008552655,-0.0000020669,0.1745596275
559044.3000242430,0.0002793143,-0.0063506495,9.7938852643,-0.0020169249,0.0000521862,0.1745596275
559044.3100242430,0.0014674681,0.0018908062,9.7938788813,-0.0009746885,0.0000521862,0.1745704751
559044.3200242430,-0.0010822538,-0.0098642572,9.7935900591,-0.0017889357,0.0000847381,0.1745596275
559044.3300242430,-0.0011209234,0.0000499924,9.7935945932,-0.0012678175,0.0000087837,0.1745379323
559044.3400242430,0.0008889164,-0.0055856527,9.7941855577,-0.0013655271,0.0000087837,0.1745162371
559044.3500242430,0.0005599639,-0.0004007798,9.7937329376,-0.0016803694,0.0000304849,0.1744728467
559044.3600242430,-0.0009451294,-0.0052879633,9.7938959025,-0.0011158246,0.0000738874,0.1745270847
559044.3700242430,-0.0004899330,-0.0049809642,9.7937397261,-0.0018757887,0.0000738874,0.1746247130
559044.3800242430,0.0004013651,-0.0000960735,9.7931243068,-0.0009421186,0.0000304849,0.1747765794
559044.3900242430,0.0008937617,-0.0058909149,9.7946429474,-0.0019734984,0.0000304849,0.1746789510
559044.4000242430,-0.0005041250,-0.0004053650,9.7941993480,-0.0009312620,0.0000196343,0.1745921703
559044.4100242431,-0.0021480414,-0.0084963086,9.7945146266,-0.0018215056,0.0000304849,0.1745487799
559044.4200242430,0.0000976572,0.0014275285,9.7940426004,-0.0011918211,0.0000630368,0.1745270847
559044.4300242430,0.0007362955,-0.0065012312,9.7937288786,-0.0015392332,0.0000087837,0.1744945419
559044.4400242430,-0.0012753864,-0.0010179741,9.7928328249,-0.0015500898,0.0000521862,0.1745487799
559044.4500242430,0.0001262705,-0.0052837947,9.7943445506,-0.0011049680,0.0000304849,0.1745921703
559044.4600242430,0.0001185653,-0.0029959604,9.7944981067,-0.0019083586,0.0000521862,0.1745596275
559044.4700242430,0.0004067767,-0.0008588469,9.7934289776,-0.0008769788,0.0000196343,0.1746138654
559044.4800242430,-0.0003241092,-0.0062010403,9.7948054676,-0.0020169249,0.0000630368,0.1745487799
559044.4900242430,-0.0009647043,0.0003553937,9.7942035030,-0.0009421186,0.0000087837,0.1746030179
559044.5000242430,-0.0001717463,-0.0080303214,9.7938883032,-0.0018432188,0.0000847381,0.1746138654
559044.5100242430,0.0010031186,0.0014318357,9.7928149099,-0.0012135343,0.0000521862,0.1745487799
559044.5200242430,0.0005788865,-0.0065015787,9.7931201083,-0.0014958067,0.0000087837,0.1745487799
559044.5300242431,-0.0009636005,-0.0008646133,9.7937454157,-0.0015826597,0.0000304849,0.1745487799
559044.5400242429,-0.0009474804,-0.0043728713,9.7940488308,-0.0010941114,0.0000630368,0.1745487799
559044.5500242430,0.0005761700,-0.0029940846,9.7944943005,-0.0019083586,0.0000630368,0.1745921703
559044.5600242430,-0.0000418182,-0.0022336733,9.7938896852,-0.0009529752,0.0000304849,0.1745704751
559044.5700242430,0.0001261845,-0.0061987479,9.7938866028,-0.0019843550,0.0000630368,0.1745487799
559044.5800242430,-0.0000519318,0.0003592843,9.7938908711,-0.0009529752,0.0000196343,0.1745596275
559044.5900242430,0.0004318779,-0.0060450399,9.7940366449,-0.0018757887,0.0000630368,0.1745379323
559044.6000242430,-0.0002002737,-0.0004040450,9.7940443008,-0.0010941114,0.0000630368,0.1745487799
559044.6100242430,0.0007410548,-0.0077214465,9.7937283206,-0.0016586561,0.0000196343,0.1745379323
559044.6200242430,0.0020800161,0.0015881840,9.7940261766,-0.0013763838,0.0000521862,0.1745162371
559044.6300242430,0.0001274317,-0.0058938329,9.7941917619,-0.0013221006,0.0000630368,0.1745704751
559044.6400242430,-0.0005006128,-0.0019304953,9.7938936310,-0.0017563658,0.0000304849,0.1745379323
559044.6500242430,-0.0009577373,-0.0033048357,9.7932867703,-0.0009746885,0.0000196343,0.1746030179
559044.6600242431,0.0008816627,-0.0049752673,9.7935757977,-0.0019300718,0.0000738874,0.1746138654
559044.6700242430,0.0010127233,-0.0000936418,9.7932717416,-0.0008986921,0.0000196343,0.1745704751
559044.6800242430,-0.0010874360,-0.0066616086,9.7945065825,-0.0019409285,0.0000738874,0.1746030179
559044.6900242430,-0.0002099070,0.0008164481,9.7934348198,-0.0009855451,0.0000196343,0.1746030179
559044.7000242430,0.0007375426,-0.0061963162,9.7940340376,-0.0018323622,0.0000521862,0.1745596275
559044.7100242430,0.0001000368,0.0008174209,9.7940423214,-0.0012026777,0.0000630368,0.1745487799
559044.7200242430,0.0001309725,-0.0071139788,9.7940386941,-0.0015066633,0.0000738874,0.1745379323
559044.7300242430,0.0002555750,0.0003603959,9.7941933531,-0.0015718031,0.0000304849,0.1745270847
559044.7400242430,0.0001213965,-0.0052835169,9.7937345116,-0.0010615415,0.0000196343,0.1745379323
559044.7500242430,-0.0004946636,-0.0034557645,9.7938929334,-0.0019734984,0.0000630368,0.1745162371
559044.7600242430,-0.0002027393,-0.0007088906,9.7935866320,-0.0008552655,0.0000413356,0.1745813227
559044.7700242430,-0.0007872689,-0.0069650647,9.7937413567,-0.0020494948,0.0000630368,0.1745921703
559044.7800242431,-0.0000536879,0.0011218494,9.7940437296,-0.0009421186,0.0000630368,0.1746138654
559044.7900242429,0.0002822315,-0.0077232529,9.7935796170,-0.0017563658,0.0000196343,0.1745596275
559044.8000242430,0.0002501634,0.0011231694,9.7938886824,-0.0013003873,0.0000196343,0.1745379323
559044.8100242430,-0.0009415599,-0.0062031248,9.7938954840,-0.0013329572,0.0000738874,0.1745487799
559044.8200242430,0.0002590872,-0.0011647343,9.7938876361,-0.0017889357,0.0000630368,0.1745379323
559044.8300242430,0.0008787168,-0.0039076483,9.7937287957,-0.0009638318,0.0000304849,0.1745162371
559044.8400242430,0.0005802197,-0.0052817106,9.7938832152,-0.0020494948,0.0000521862,0.1745270847
559044.8500242430,-0.0011244355,0.0015751227,9.7939003103,-0.0008118390,0.0000413356,0.1745921703
559044.8600242430,-0.0015475924,-0.0078832831,9.7935947721,-0.0019192152,0.0000521862,0.1745921703
559044.8700242430,0.0005474420,0.0024973011,9.7935817532,-0.0011375379,0.0000304849,0.1746247130
559044.8800242430,0.0008972165,-0.0080260139,9.7940319318,-0.0014958067,0.0000630368,0.1746138654
559044.8900242430,-0.0009623533,-0.0005596983,9.7940505747,-0.0016803694,0.0000521862,0.1745921703
559044.9000242430,-0.0015660062,-0.0028499643,9.7937495838,-0.0010181150,0.0000304849,0.1746138654
559044.9100242431,0.0002655452,-0.0037574836,9.7934289209,-0.0020929213,0.0000738874,0.1745704751
559044.9200242430,0.0005593690,-0.0002482529,9.7937330074,-0.0007792691,0.0000304849,0.1746464082
559044.9300242430,0.0004401494,-0.0087903855,9.7937303697,-0.0019626417,0.0000304849,0.1746030179
559044.9400242430,-0.0008265334,0.0031017118,9.7937459606,-0.0010941114,0.0000521862,0.1745921703
559044.9500242430,-0.0003266036,-0.0068108703,9.7941951495,-0.0015392332,0.0000521862,0.1745487799
559044.9600242430,0.0011737590,-0.0003984870,9.7941853919,-0.0016369429,0.0000630368,0.1745487799
559044.9700242430,0.0001238335,-0.0052836558,9.7940395311,-0.0010941114,0.0000196343,0.1745704751
559044.9800242430,-0.0011060505,-0.0037631806,9.7935928493,-0.0019409285,0.0000630368,0.1745379323
559044.9900242430,0.0004014511,0.0008188797,9.7935822546,-0.0008335523,0.0000196343,0.1745270847
559045.0000242430,0.0004372608,-0.0071127977,9.7941886663,-0.0020169249,0.0000738874,0.1745270847
559045.0100242430,0.0007084204,0.0015824871,9.7941901050,-0.0010181150,0.0000630368,0.1747982745
559045.0200242430,-0.0007813197,-0.0084903339,9.7937406592,-0.0017020826,0.0000521862,0.1745270847
559045.0300242431,0.0002489449,0.0011232388,9.7937361726,-0.0014523802,0.0000521862,0.1745379323
559045.0400242429,0.0002752072,-0.0046729923,9.7941910512,-0.0012895307,0.0000521862,0.1745921703
559045.0500242430,-0.0006490120,-0.0033037934,9.7937417621,-0.0017997923,0.0000304849,0.1745921703
559045.0600242430,-0.0009583896,-0.0037622775,9.7929815415,-0.0009529752,0.0000196343,0.1745921703
559045.0700242430,-0.0003361222,-0.0043704396,9.7941962656,-0.0019626417,0.0000521862,0.1745487799
559045.0800242430,-0.0000513369,0.0002067574,9.7938908013,-0.0009312620,0.0000304849,0.1745921703
559045.0900242430,-0.0004839838,-0.0065062334,9.7937390285,-0.0019734984,0.0000738874,0.1745379323
559045.1000242430,0.0007089293,0.0005150070,9.7937320874,-0.0010289716,0.0000304849,0.1746030179
559045.1100242430,-0.0004840698,-0.0074211866,9.7932810807,-0.0017455092,0.0000304849,0.1746138654
559045.1200242430,0.0000976572,0.0014275285,9.7940426004,-0.0013221006,0.0000630368,0.1746030179
559045.1300242430,-0.0001740113,-0.0062002762,9.7944991793,-0.0013112440,0.0000521862,0.1745921703
559045.1400242430,0.0005616913,-0.0014683293,9.7934274298,-0.0017672224,0.0000304849,0.1745813227
559045.1500242430,-0.0001986036,-0.0020815634,9.7934334945,-0.0010072584,0.0000087837,0.1745921703
559045.1600242431,-0.0001800178,-0.0052849758,9.7941945784,-0.0019843550,0.0000630368,0.1746138654
559045.1700242430,-0.0005024262,-0.0017778990,9.7937411910,-0.0009204053,0.0000304849,0.1745704751
559045.1800242430,0.0007363241,-0.0061962468,9.7938815279,-0.0019734984,0.0000738874,0.1746030179
559045.1900242430,0.0008574431,0.0031082427,9.7944945533,-0.0010072584,0.0000304849,0.1745596275
559045.2000242430,-0.0016940635,-0.0081892400,9.7942059404,-0.0017997923,0.0000304849,0.1745813227
559045.2100242430,-0.0003522136,-0.0005571972,9.7940454998,-0.0012678175,0.0000087837,0.1745921703
559045.2200242430,0.0011970468,-0.0054320836,9.7946406192,-0.0013980970,0.0000738874,0.1745487799
559045.2300242430,-0.0018768531,0.0005039607,9.7946687145,-0.0017455092,0.0000521862,0.1745813227
559045.2400242430,-0.0000407718,-0.0040636491,9.7931262994,-0.0010289716,-0.0000020669,0.1745921703
559045.2500242430,0.0027035234,-0.0052722623,9.7923403553,-0.0019734984,0.0000738874,0.1745379323
559045.2600242440,-0.0009622099,0.0009652236,9.7948138211,-0.0008444089,0.0000630368,0.1745813227
559045.2700242440,-0.0029106872,-0.0081944505,9.7946736195,-0.0019843550,0.0000521862,0.1745596275
559045.2800242440,0.0016140538,0.0034167007,9.7938783101,-0.0010723981,0.0000521862,0.1745379323
559045.2900242440,0.0011955989,-0.0078718893,9.7932669153,-0.0015935163,0.0000304849,0.1745379323
559045.3000242440,0.0007095242,0.0003624801,9.7937320176,-0.0015500898,0.0000630368,0.1745596275
559045.3100242440,-0.0015526599,-0.0034606969,9.7951218926,-0.0011375379,0.0000630368,0.1746030179
559045.3200242440,-0.0011065307,-0.0023907161,9.7942035162,-0.0019300718,0.0000630368,0.1745704751
559045.3300242440,-0.0004994230,-0.0022355492,9.7938934914,-0.0008769788,0.0000196343,0.1745379323
559045.3400242440,0.0010407990,-0.0060424693,9.7938790602,-0.0019734984,0.0000304849,0.1745487799
559045.3500242440,-0.0008277519,0.0031017813,9.7935934509,-0.0009638318,0.0000521862,0.1745813227
559045.3600242439,-0.0006329492,-0.0074220202,9.7937398787,-0.0018975020,0.0000738874,0.1745379323
559045.3700242440,0.0010120997,-0.0002460993,9.7931191621,-0.0011483945,0.0000196343,0.1745704751
559045.3800242440,0.0005856313,-0.0060444840,9.7941878859,-0.0015718031,0.0000304849,0.1745813227
559045.3900242440,-0.0009725242,0.0014232905,9.7937464620,-0.0014740934,0.0000630368,0.1746030179
559045.4000242440,-0.0009475664,-0.0052878244,9.7935908830,-0.0012243909,0.0000630368,0.1745813227
559045.4100242440,0.0011826541,-0.0029913751,9.7940316963,-0.0018323622,0.0000521862,0.1744836943
559045.4200242440,0.0011779235,-0.0014661754,9.7941849036,-0.0009746885,0.0000521862,0.1745379323
559045.4300242440,-0.0014014582,-0.0046799398,9.7943575170,-0.0020494948,0.0000738874,0.1745270847
559045.4400242440,-0.0015785281,0.0000481165,9.7935983994,-0.0009204053,0.0000196343,0.1745921703
559045.4500242440,0.0007392127,-0.0078738346,9.7934232313,-0.0019409285,0.0000738874,0.1746138654
559045.4600242440,0.0019178765,0.0031130363,9.7935706136,-0.0010941114,0.0000521862,0.1746030179
559045.4700242440,-0.0006353289,-0.0068119125,9.7937401577,-0.0016152296,0.0000196343,0.1745813227
559045.4800242441,-0.0017255941,-0.0001053134,9.7942096374,-0.0015066633,0.0000738874,0.1745487799
559045.4900242439,0.0004313403,-0.0052825441,9.7943420132,-0.0012026777,0.0000196343,0.1745487799
559045.5000242440,0.0019375374,-0.0016153676,9.7937209609,-0.0018540754,0.0000738874,0.1745921703
559045.5100242440,0.0004091850,-0.0011639702,9.7935813478,-0.0010181150,0.0000521862,0.1745704751
559045.5200242440,-0.0011012911,-0.0049833959,9.7935922913,-0.0019626417,0.0000630368,0.1745921703
559045.5300242440,-0.0015767433,-0.0004094642,9.7935981902,-0.0008986921,0.0000196343,0.1745813227
559045.5400242440,0.0005879823,-0.0069595761,9.7940349576,-0.0018866453,0.0000738874,0.1745596275
559045.5500242440,0.0026823931,0.0032685507,9.7938693592,-0.0011049680,0.0000304849,0.1745921703
559045.5600242440,-0.0012375912,-0.0072723416,9.7945075722,-0.0017237959,0.0000630368,0.1745921703
559045.5700242440,-0.0024882686,-0.0001084398,9.7942159811,-0.0014089536,0.0000304849,0.1745379323
559045.5800242440,0.0011933913,-0.0054318752,9.7941830900,-0.0012678175,0.0000521862,0.1746138654
559045.5900242440,0.0017838126,-0.0013109391,9.7937223692,-0.0018323622,0.0000738874,0.1745487799
559045.6000242440,0.0011682041,-0.0011606355,9.7931174748,-0.0009204053,0.0000630368,0.1745270847
559045.6100242439,-0.0018579878,-0.0062068071,9.7937505867,-0.0020603514,0.0000630368,0.1745162371
559045.6200242440,-0.0020372940,0.0006562789,9.7937549944,-0.0008878354,0.0000304849,0.1745270847
559045.6300242440,0.0016539419,-0.0064976184,9.7940262857,-0.0019083586,0.0000521862,0.1745379323
559045.6400242440,0.0016212215,0.0018913621,9.7940301223,-0.0012135343,0.0000630368,0.1745162371
559045.6500242440,-0.0018543897,-0.0068169842,9.7939028174,-0.0014958067,0.0000304849,0.1744945419
559045.6600242440,-0.0017267839,0.0001997404,9.7942097770,-0.0015500898,0.0000630368,0.1745596275
559045.6700242440,0.0002667924,-0.0034525687,9.7937340799,-0.0011375379,0.0000630368,0.1746138654
559045.6800242440,0.0024047468,-0.0031389693,9.7941739864,-0.0019409285,0.0000738874,0.1745921703
559045.6900242440,-0.0012632587,-0.0016286373,9.7940526239,-0.0008661222,0.0000087837,0.1745704751
559045.7000242440,-0.0015558639,-0.0051379375,9.7939010472,-0.0020494948,0.0000630368,0.1745704751
559045.7100242440,0.0006975972,0.0031080340,9.7935807635,-0.0009529752,0.0000196343,0.1745704751
559045.7200242440,0.0012034762,-0.0083298172,9.7940292548,-0.0017889357,0.0000738874,0.1745813227
559045.7300242441,0.0004056729,0.0003611601,9.7938870649,-0.0012895307,0.0000521862,0.1745053895
559045.7400242439,-0.0015611608,-0.0031552265,9.7942069736,-0.0013655271,0.0000304849,0.1745270847
559045.7500242440,-0.0002033629,-0.0008613480,9.7934340525,-0.0017455092,0.0000196343,0.1745162371
559045.7600242440,0.0027139524,-0.0045103915,9.7940183114,-0.0010289716,0.0000738874,0.1745379323
559045.7700242440,0.0002727702,-0.0046728534,9.7938860317,-0.0019952116,0.0000738874,0.1745921703
559045.7800242440,-0.0018925790,0.0017248010,9.7932966847,-0.0008986921,0.0000196343,0.1746030179
559045.7900242440,-0.0018555508,-0.0062069459,9.7940556062,-0.0019843550,0.0000196343,0.1745921703
559045.8000242440,0.0014776677,0.0002128018,9.7943356432,-0.0010181150,0.0000630368,0.1746138654
559045.8100242440,0.0004372321,-0.0074177821,9.7940360171,-0.0017237959,0.0000630368,0.1745813227
559045.8200242440,-0.0017399294,0.0029453638,9.7939060131,-0.0013329572,0.0000521862,0.1745379323
559045.8300242440,-0.0014051138,-0.0046797315,9.7938999878,-0.0014632368,0.0000087837,0.1745379323
559045.8400242440,0.0014842118,-0.0014649943,9.7943348759,-0.0017020826,0.0000521862,0.1745162371
559045.8500242440,0.0008864794,-0.0055855138,9.7938805382,-0.0010289716,0.0000630368,0.1745596275
559045.8600242439,-0.0012608790,-0.0022387450,9.7940523449,-0.0019083586,0.0000955887,0.1745921703
559045.8700242440,-0.0017412339,0.0020304801,9.7932955555,-0.0009421186,0.0000087837,0.1745813227
559045.8800242440,0.0010414226,-0.0058900118,9.7940316397,-0.0020277815,0.0000521862,0.1745704751
559045.8900242440,0.0007179104,-0.0011629280,9.7940363396,-0.0009746885,0.0000521862,0.1745596275
559045.9000242440,-0.0007908671,-0.0063548876,9.7935891260,-0.0018106489,0.0000738874,0.1745596275
559045.9100242440,-0.0002218053,0.0038669864,9.7934362149,-0.0013003873,0.0000630368,0.1745487799
559045.9200242440,-0.0004833889,-0.0066587603,9.7937389588,-0.0014849500,0.0000304849,0.1745487799
559045.9300242440,0.0005743566,-0.0028414882,9.7943418605,-0.0015935163,0.0000630368,0.1745379323
559045.9400242440,-0.0000352455,-0.0036064850,9.7940415672,-0.0010723981,0.0000738874,0.1745813227
559045.9500242440,-0.0018758353,-0.0016309995,9.7937526793,-0.0019626417,0.0000630368,0.1746030179
559045.9600242440,-0.0009666037,-0.0004069631,9.7935931152,-0.0009204053,0.0000087837,0.1745921703
559045.9700242440,0.0001297253,-0.0074188938,9.7937335350,-0.0020277815,0.0000413356,0.1745270847
559045.9800242441,0.0005595697,0.0018866379,9.7948015523,-0.0009312620,0.0000738874,0.1746030179
559045.9900242439,0.0001201206,-0.0058934163,9.7932767033,-0.0018215056,0.0000738874,0.1745379323
559046.0000242440,-0.0015868856,0.0018785090,9.7934467268,-0.0013003873,0.0000196343,0.1745813227
559046.0100242440,-0.0001782904,-0.0063525254,9.7938890705,-0.0013980970,0.0000521862,0.1748416649
559046.0200242440,-0.0000489286,-0.0000983659,9.7940431716,-0.0017129393,0.0000630368,0.1745270847
559046.0300242440,-0.0009576513,-0.0023898825,9.7937447181,-0.0010615415,0.0000304849,0.1745270847
559046.0400242440,-0.0003409389,-0.0037601930,9.7938915251,-0.0019409285,0.0000738874,0.1745487799
559046.0500242440,0.0007124701,-0.0007051389,9.7935790196,-0.0009421186,0.0000087837,0.1745270847
559046.0600242440,0.0001226150,-0.0052835864,9.7938870214,-0.0019409285,0.0000630368,0.1745704751
559046.0700242440,-0.0012758093,0.0009644592,9.7937487903,-0.0009746885,0.0000521862,0.1745813227
559046.0800242440,-0.0006365187,-0.0065068587,9.7937402972,-0.0018757887,0.0000630368,0.1746138654
559046.0900242440,-0.0005125398,0.0008150586,9.7937423768,-0.0012135343,0.0000087837,0.1746355606
559046.1000242440,0.0001273170,-0.0071137705,9.7935811648,-0.0015718031,0.0000521862,0.1746355606
559046.1100242439,-0.0003653878,0.0018834418,9.7935890866,-0.0014958067,0.0000630368,0.1745813227
559046.1200242440,-0.0011023949,-0.0037633889,9.7940503786,-0.0012678175,0.0000738874,0.1745813227
559046.1300242440,0.0004206605,-0.0022320752,9.7944959181,-0.0017889357,0.0000738874,0.1745813227
559046.1400242440,-0.0003487588,-0.0026922963,9.7934344842,-0.0010072584,0.0000196343,0.1745270847
559046.1500242440,-0.0007900141,-0.0037625549,9.7949628997,-0.0019734984,0.0000738874,0.1744836943
559046.1600242440,-0.0006650174,0.0014244021,9.7940489441,-0.0009204053,0.0000630368,0.1745379323
559046.1700242440,-0.0003278507,-0.0071157852,9.7938899905,-0.0019952116,0.0000738874,0.1745704751
559046.1800242440,0.0008584323,0.0006682981,9.7934258689,-0.0010289716,0.0000521862,0.1745813227
559046.1900242440,-0.0000312244,-0.0061990954,9.7932778325,-0.0016369429,0.0000630368,0.1745487799
559046.2000242440,-0.0015808504,0.0012681930,9.7939039770,-0.0014958067,0.0000521862,0.1745921703
559046.2100242440,-0.0000267733,-0.0042169399,9.7948038369,-0.0011918211,0.0000630368,0.1746247130
559046.2200242440,0.0004205171,-0.0037569972,9.7937326717,-0.0019083586,0.0000630368,0.1746247130
559046.2300242441,0.0005677551,-0.0017736609,9.7940373293,-0.0009312620,0.0000304849,0.1745704751
559046.2400242439,-0.0015605946,-0.0036127378,9.7940542546,-0.0020277815,0.0000630368,0.1746247130
559046.2500242440,-0.0005155431,0.0012727088,9.7935900763,-0.0009312620,0.0000087837,0.1746464082
559046.2600242440,0.0007423020,-0.0074165316,9.7940334796,-0.0019192152,0.0000630368,0.1746138654
559046.2700242440,0.0010055556,0.0014316968,9.7931199294,-0.0011158246,0.0000630368,0.1746030179
559046.2800242440,-0.0010965318,-0.0062036112,9.7935917332,-0.0016152296,0.0000304849,0.1745270847
559046.2900242440,-0.0008157102,0.0015761649,9.7943553021,-0.0015283766,0.0000630368,0.1745813227
559046.3000242440,0.0001220201,-0.0051310595,9.7938870911,-0.0012461042,0.0000630368,0.1745813227
559046.3100242440,-0.0000406284,-0.0025387272,9.7938895457,-0.0018757887,0.0000521862,0.1744836943
559046.3200242440,-0.0000447355,-0.0008610699,9.7941953326,-0.0009204053,0.0000304849,0.1745596275
559046.3300242440,-0.0011067027,-0.0042206224,9.7932876205,-0.0020060683,0.0000521862,0.1745270847
559046.3400242450,0.0003972580,0.0015815838,9.7934300937,-0.0009204053,0.0000413356,0.1745813227
559046.3500242450,0.0002876718,-0.0081810420,9.7940369370,-0.0019192152,0.0000738874,0.1745596275
559046.3600242450,-0.0002067891,0.0015787355,9.7941977174,-0.0012026777,0.0000304849,0.1745813227
559046.3700242450,-0.0007901574,-0.0052874769,9.7941996533,-0.0015609465,0.0000521862,0.1746138654
559046.3800242450,-0.0005131061,0.0012725699,9.7938950958,-0.0015718031,0.0000521862,0.1746138654
559046.3900242450,-0.0007907237,-0.0048299656,9.7943523723,-0.0011483945,0.0000630368,0.1746030179
559046.4000242450,0.0007262966,-0.0026883360,9.7943406616,-0.0018540754,0.0000738874,0.1746138654
559046.4100242450,-0.0018860636,-0.0002579795,9.7931432681,-0.0009746885,-0.0000020669,0.1745813227
559046.4200242450,-0.0023202945,-0.0043784988,9.7940602495,-0.0020060683,0.0000738874,0.1745704751
559046.4300242451,-0.0002044381,0.0006636434,9.7940447891,-0.0009421186,0.0000630368,0.1745596275
559046.4400242449,0.0008875832,-0.0068055209,9.7934224508,-0.0019083586,0.0000738874,0.1745487799
559046.4500242450,-0.0006710812,0.0017297337,9.7934390446,-0.0011375379,0.0000304849,0.1745379323
559046.4600242450,-0.0009433446,-0.0057455441,9.7938956933,-0.0015718031,0.0000630368,0.1745596275
559046.4700242450,0.0004026410,0.0005138259,9.7935821151,-0.0015283766,0.0000521862,0.1745379323
559046.4800242450,-0.0000268880,-0.0054368775,9.7941932399,-0.0012135343,0.0000630368,0.1745813227
559046.4900242450,-0.0000424132,-0.0020811464,9.7938897550,-0.0018757887,0.0000521862,0.1745704751
559046.5000242450,-0.0005120883,-0.0008623903,9.7929790607,-0.0009421186,0.0000304849,0.1745596275
559046.5100242450,-0.0007883440,-0.0054400733,9.7943520933,-0.0020494948,0.0000630368,0.1745270847
559046.5200242450,-0.0008187421,0.0017288307,9.7940503523,-0.0008769788,0.0000413356,0.1745270847
559046.5300242450,0.0004306307,-0.0063499548,9.7937314858,-0.0018757887,0.0000738874,0.1745596275
559046.5400242450,0.0008476951,0.0031087982,9.7932744752,-0.0012352476,0.0000304849,0.1745813227
559046.5500242451,-0.0004796760,-0.0060489998,9.7945017866,-0.0015066633,0.0000521862,0.1745596275
559046.5600242449,-0.0009562607,-0.0005600455,9.7948131235,-0.0016260862,0.0000521862,0.1745270847
559046.5700242450,-0.0000364067,-0.0029964468,9.7941943560,-0.0011375379,0.0000304849,0.1745813227
559046.5800242450,0.0007160396,-0.0016203004,9.7935786011,-0.0019083586,0.0000955887,0.1745704751
559046.5900242450,-0.0018824654,-0.0008681566,9.7932954989,-0.0009312620,-0.0000020669,0.1745596275
559046.6000242450,-0.0015529180,-0.0062055565,9.7937480492,-0.0019843550,0.0000738874,0.1745704751
559046.6100242450,0.0005486605,0.0024972317,9.7937342630,-0.0009529752,0.0000304849,0.1745162371
559046.6200242450,0.0010402041,-0.0058899424,9.7938791299,-0.0018757887,0.0000847381,0.1745704751
559046.6300242450,0.0000940877,0.0023426900,9.7940430189,-0.0012135343,0.0000521862,0.1745162371
559046.6400242450,-0.0015516995,-0.0062056259,9.7939005589,-0.0015066633,0.0000304849,0.1745921703
559046.6500242450,-0.0014199007,0.0000483946,9.7943596795,-0.0016260862,0.0000521862,0.1745813227
559046.6600242450,0.0004168903,-0.0034518045,9.7934277917,-0.0011049680,0.0000738874,0.1745813227
559046.6700242450,0.0011766189,-0.0023810591,9.7935744461,-0.0019843550,0.0000738874,0.1746030179
559046.6800242451,-0.0012771711,-0.0005603934,9.7928330341,-0.0008986921,0.0000196343,0.1745813227
559046.6900242449,-0.0012459487,-0.0054419491,9.7943558995,-0.0020169249,0.0000521862,0.1745596275
559046.7000242450,-0.0007876272,0.0021845366,9.7981683251,-0.0010398282,0.0000521862,0.1745379323
559046.7100242450,0.0016417855,-0.0061919396,9.7926538374,-0.0018215056,0.0000630368,0.1745487799
559046.7200242450,0.0012881834,0.0025016774,9.7908302339,-0.0012786741,0.0000738874,0.1744945419
559046.7300242450,-0.0027786376,-0.0057527696,9.7933008791,-0.0014198103,0.0000087837,0.1745379323
559046.7400242450,-0.0018841928,0.0001993929,9.7936010067,-0.0016260862,0.0000521862,0.1745813227
559046.7500242450,0.0023956510,-0.0026809719,9.7932591371,-0.0011483945,0.0000738874,0.1745704751
559046.7600242450,-0.0003409676,-0.0040651774,9.7937388759,-0.0019626417,0.0000738874,0.1745487799
559046.7700242450,-0.0005028778,-0.0001004501,9.7945045071,-0.0009312620,0.0000196343,0.1745270847
559046.7800242450,-0.0010963311,-0.0040687205,9.7946602781,-0.0019843550,0.0000521862,0.1745379323
559046.7900242450,0.0011599899,0.0021946789,9.7937290485,-0.0009746885,0.0000738874,0.1745596275
559046.8000242451,-0.0004828227,-0.0071162716,9.7935862397,-0.0018757887,0.0000738874,0.1745270847
559046.8100242449,-0.0018926077,0.0014198166,9.7931440354,-0.0012026777,0.0000196343,0.1745487799
559046.8200242450,0.0004277135,-0.0049773514,9.7940371332,-0.0015392332,0.0000521862,0.1745596275
559046.8300242450,0.0007022992,0.0012778499,9.7932749069,-0.0016260862,0.0000630368,0.1745921703
559046.8400242450,-0.0012574242,-0.0043738441,9.7934413293,-0.0011592512,0.0000630368,0.1746138654
559046.8500242450,-0.0006453278,-0.0029990173,9.7943519407,-0.0019192152,0.0000738874,0.1745487799
559046.8600242450,-0.0005143246,0.0012726394,9.7937425861,-0.0008878354,0.0000304849,0.1745053895
559046.8700242450,0.0001178557,-0.0040633710,9.7938875794,-0.0020060683,0.0000413356,0.1744728467
559046.8800242450,-0.0002080649,0.0009688361,9.7937399091,-0.0010072584,0.0000738874,0.1745270847
559046.8900242450,-0.0007848319,-0.0069652036,9.7940463762,-0.0018757887,0.0000738874,0.1745704751
559046.9000242450,-0.0012871987,0.0029475174,9.7932921678,-0.0011918211,0.0000196343,0.1745813227
559046.9100242450,-0.0000280491,-0.0048268392,9.7943460286,-0.0015609465,0.0000304849,0.1745487799
559046.9200242450,0.0008651197,0.0005154240,9.7941883479,-0.0015718031,0.0000738874,0.1746030179
559046.9300242451,-0.0011006675,-0.0048309384,9.7937448708,-0.0011266813,0.0000521862,0.1746030179
559046.9400242449,-0.0012656957,-0.0016284984,9.7937476044,-0.0018866453,0.0000738874,0.1746464082
559046.9500242450,-0.0003581628,0.0009680719,9.7940461973,-0.0009746885,0.0000304849,0.1746138654
559046.9600242450,0.0017963346,-0.0042090199,9.7938735536,-0.0019843550,0.0000738874,0.1745596275
559046.9700242450,-0.0001996787,-0.0005565719,9.7940442310,-0.0009638318,0.0000630368,0.1746464082
559046.9800242450,-0.0026175444,-0.0054476460,9.7945198279,-0.0019083586,0.0000847381,0.1746138654
559046.9900242450,0.0000868626,0.0032580598,9.7935859082,-0.0011158246,0.0000087837,0.1745813227
559047.0000242450,0.0010407990,-0.0060424693,9.7938790602,-0.0016369429,0.0000521862,0.1745921703
559047.0100242450,-0.0006584159,0.0003565748,9.7943534753,-0.0014632368,0.0000738874,0.1748525125
559047.0200242450,-0.0023246023,-0.0048357323,9.7932974914,-0.0012461042,0.0000630368,0.1745813227
559047.0300242450,-0.0003546507,-0.0005570583,9.7937404803,-0.0018975020,0.0000521862,0.1745596275
559047.0400242450,0.0004074003,-0.0007063894,9.7935815571,-0.0009638318,0.0000304849,0.1745704751
559047.0500242451,-0.0010958509,-0.0054411850,9.7940496113,-0.0020277815,0.0000630368,0.1745487799
559047.0600242449,-0.0006704576,0.0018821912,9.7935916241,-0.0008769788,0.0000630368,0.1745270847
559047.0700242450,-0.0007877778,-0.0058975846,9.7941993743,-0.0018866453,0.0000630368,0.1745596275
559047.0800242450,-0.0006722424,0.0023397720,9.7935918334,-0.0012352476,0.0000521862,0.1745813227
559047.0900242450,-0.0001776381,-0.0058950835,9.7941942993,-0.0015500898,0.0000630368,0.1745270847
559047.1000242450,0.0000988183,0.0008174903,9.7938898116,-0.0015826597,0.0000738874,0.1745596275
559047.1100242450,-0.0012549872,-0.0043739829,9.7937463488,-0.0011809644,0.0000630368,0.1746030179
559047.1200242450,0.0004151916,-0.0020792706,9.7938859488,-0.0019083586,0.0000630368,0.1745704751
559047.1300242450,0.0004049920,-0.0004012662,9.7934291868,-0.0008878354,0.0000304849,0.1745704751
559047.1400242450,0.0004313117,-0.0055875285,9.7941893639,-0.0020277815,0.0000738874,0.1745379323
559047.1500242450,-0.0009712484,0.0020331898,9.7942042703,-0.0009638318,0.0000304849,0.1745813227
559047.1600242450,-0.0007926518,-0.0058973068,9.7935893353,-0.0018432188,0.0000738874,0.1746247130
559047.1700242450,0.0004033506,0.0015812366,9.7941926424,-0.0013221006,0.0000521862,0.1745813227
559047.1800242451,-0.0003350184,-0.0055904466,9.7937381783,-0.0013980970,0.0000521862,0.1745813227
559047.1900242449,-0.0009641094,0.0002028668,9.7942034333,-0.0017346525,0.0000738874,0.1745596275
559047.2000242450,0.0002639038,-0.0017749809,9.7941923765,-0.0009855451,0.0000738874,0.1745813227
559047.2100242450,0.0004205171,-0.0037569972,9.7937326717,-0.0019952116,0.0000738874,0.1745704751
559047.2200242450,-0.0011299618,0.0011179585,9.7929850425,-0.0009204053,-0.0000020669,0.1745596275
559047.2300242450,-0.0009414738,-0.0052881716,9.7943534318,-0.0019843550,0.0000630368,0.1745921703
559047.2400242450,0.0010056129,0.0020416656,9.7934252280,-0.0010506849,0.0000630368,0.1745921703
559047.2500242450,-0.0001825122,-0.0058948057,9.7935842603,-0.0017020826,0.0000738874,0.1746247130
559047.2600242450,-0.0009718146,0.0024907011,9.7943569894,-0.0014089536,0.0000521862,0.1745813227
559047.2700242450,-0.0009438535,-0.0046780640,9.7943537108,-0.0013112440,0.0000304849,0.1745487799
559047.2800242450,0.0002615528,-0.0008598888,9.7943453048,-0.0018540754,0.0000630368,0.1745813227
559047.2900242450,0.0005641283,-0.0014684682,9.7937324493,-0.0009529752,0.0000847381,0.1745813227
559047.3000242451,-0.0004947497,-0.0043707177,9.7934349856,-0.0020712080,0.0000738874,0.1745487799
559047.3100242449,-0.0011274961,0.0014228041,9.7934427113,-0.0008878354,0.0000196343,0.1746030179
559047.3200242450,-0.0006346193,-0.0057445018,9.7943506851,-0.0019409285,0.0000738874,0.1745596275
559047.3300242450,0.0000910844,0.0028003402,9.7938907185,-0.0011375379,0.0000738874,0.1745921703
559047.3400242450,-0.0004827080,-0.0058963340,9.7941968368,-0.0015609465,0.0000630368,0.1745813227
559047.3500242450,-0.0020378316,0.0014187747,9.7940603627,-0.0016152296,0.0000521862,0.1745921703
559047.3600242450,-0.0003475403,-0.0026923657,9.7935869939,-0.0010941114,0.0000521862,0.1745813227
559047.3700242450,0.0016390403,-0.0029894299,9.7938753803,-0.0020603514,0.0000521862,0.1745487799
559047.3800242450,0.0000963526,0.0005126448,9.7934321428,-0.0008444089,0.0000847381,0.1745162371
559047.3900242450,-0.0000330379,-0.0060464991,9.7931253925,-0.0019843550,0.0000738874,0.1745487799
559047.4000242450,-0.0015904264,0.0030986549,9.7935997946,-0.0010723981,0.0000304849,0.1745379323
559047.4100242460,-0.0000287874,-0.0061992343,9.7935828521,-0.0016586561,0.0000304849,0.1745270847
559047.4200242460,0.0014783486,0.0009752281,9.7947935213,-0.0015066633,0.0001389912,0.1745596275
559047.4300242460,-0.0004862488,-0.0046761881,9.7943499046,-0.0012678175,0.0000630368,0.1745270847
559047.4400242460,-0.0017280598,-0.0004101589,9.7937519687,-0.0018757887,0.0000304849,0.1746138654
559047.4500242460,-0.0002087745,-0.0000985746,9.7931293818,-0.0009204053,0.0000196343,0.1745921703
559047.4600242460,0.0002745837,-0.0048254498,9.7940384717,-0.0020494948,0.0001281405,0.1745487799
559047.4700242460,-0.0005131347,0.0009675855,9.7937424466,-0.0009204053,0.0000413356,0.1746138654
559047.4800242460,-0.0009410510,-0.0072706049,9.7934374664,-0.0019083586,0.0000630368,0.1745487799
559047.4900242460,-0.0005268752,0.0038657358,9.7934387524,-0.0011809644,0.0000304849,0.1745704751
559047.5000242461,0.0004259287,-0.0045197707,9.7940373424,-0.0015500898,0.0000847381,0.1745487799
559047.5100242459,0.0002592018,0.0000552032,9.7944982331,-0.0016369429,0.0000738874,0.1745487799
559047.5200242460,-0.0000352455,-0.0036064850,9.7940415672,-0.0011049680,0.0000738874,0.1746030179
559047.5300242460,-0.0012705410,-0.0013232363,9.7932902146,-0.0018975020,0.0000630368,0.1745704751
559047.5400242460,-0.0012734009,0.0006593359,9.7939011605,-0.0009529752,0.0000738874,0.1745596275
559047.5500242460,0.0008847520,-0.0045179643,9.7941860460,-0.0019952116,0.0000630368,0.1745704751
559047.5600242460,-0.0000542828,0.0012743763,9.7940437994,-0.0009855451,0.0000521862,0.1746247130
559047.5700242460,-0.0013943479,-0.0068152472,9.7942040307,-0.0018540754,0.0000738874,0.1745813227
559047.5800242460,-0.0022011323,0.0035536651,9.7937575885,-0.0012026777,0.0000304849,0.1745704751
559047.5900242460,-0.0000274829,-0.0052843505,9.7941933096,-0.0014958067,0.0000304849,0.1746030179
559047.6000242460,0.0002549801,0.0005129229,9.7941934229,-0.0016369429,0.0000630368,0.1745487799
559047.6100242460,0.0007189568,-0.0029929038,9.7932729537,-0.0010723981,0.0000847381,0.1745921703
559047.6200242460,-0.0009564615,-0.0026949363,9.7937445786,-0.0020060683,0.0001064393,0.1745379323
559047.6300242461,-0.0017346038,0.0012676372,9.7937527360,-0.0008986921,0.0000413356,0.1745921703
559047.6400242459,-0.0003356420,-0.0057429041,9.7935855988,-0.0020169249,0.0000304849,0.1745921703
559047.6500242460,0.0003924700,0.0024968147,9.7932780024,-0.0009638318,0.0000087837,0.1745921703
559047.6600242460,0.0007357005,-0.0063487043,9.7937289484,-0.0018106489,0.0000847381,0.1745813227
559047.6700242460,-0.0009693776,0.0024905623,9.7946620089,-0.0012678175,0.0000087837,0.1746030179
559047.6800242460,-0.0006339383,-0.0049820756,9.7948085631,-0.0014523802,0.0001064393,0.1745704751
559047.6900242460,0.0002573024,-0.0007071536,9.7938878453,-0.0017020826,0.0001064393,0.1745596275
559047.7000242460,0.0001119065,-0.0025381019,9.7938882770,-0.0010941114,0.0000847381,0.1745053895
559047.7100242460,-0.0008051164,-0.0023892572,9.7937434494,-0.0019626417,0.0000304849,0.1745596275
559047.7200242460,-0.0012843388,0.0009649452,9.7926812219,-0.0008878354,0.0000087837,0.1745596275
559047.7300242460,-0.0006388697,-0.0055917666,9.7938932255,-0.0020060683,0.0000630368,0.1745704751
559047.7400242460,-0.0005124251,0.0020349962,9.7943529739,-0.0009746885,0.0000630368,0.1746030179
559047.7500242461,-0.0003283023,-0.0054383363,9.7946533066,-0.0018323622,0.0000738874,0.1745596275
559047.7600242459,-0.0003653018,0.0027983950,9.7940470344,-0.0013655271,0.0000955887,0.1745921703
559047.7700242460,-0.0001817739,-0.0045224107,9.7943474369,-0.0014089536,0.0000738874,0.1746138654
559047.7800242460,-0.0014277493,0.0008113070,9.7937499892,-0.0017563658,0.0000521862,0.1745487799
559047.7900242460,0.0001100357,-0.0029954743,9.7934305384,-0.0010072584,0.0000738874,0.1746030179
559047.8000242460,0.0008690547,-0.0029921396,9.7929666655,-0.0020169249,0.0000630368,0.1745596275
559047.8100242460,-0.0018895758,0.0012671508,9.7934489852,-0.0008878354,0.0000087837,0.1745704751
559047.8200242460,-0.0015504523,-0.0059007110,9.7942057180,-0.0019952116,0.0000738874,0.1745596275
559047.8300242460,0.0000911131,0.0031053246,9.7940433677,-0.0010941114,0.0000738874,0.1746030179
559047.8400242460,-0.0001848918,-0.0052846981,9.7935845393,-0.0017129393,0.0000738874,0.1745813227
559047.8500242460,0.0000940303,0.0017327212,9.7937377204,-0.0014523802,0.0000087837,0.1745704751
559047.8600242460,-0.0014087406,-0.0043745388,9.7935951078,-0.0012678175,0.0000521862,0.1745704751
559047.8700242460,0.0007143122,-0.0005527508,9.7938841089,-0.0018432188,0.0000847381,0.1745921703
559047.8800242461,0.0002579833,0.0000552727,9.7943457234,-0.0009855451,0.0001064393,0.1746247130
559047.8900242459,-0.0007930747,-0.0039148735,9.7945053006,-0.0020494948,0.0000738874,0.1745921703
559047.9000242460,-0.0006736616,0.0002049506,9.7923707787,-0.0009529752,0.0000196343,0.1745379323
559047.9100242460,-0.0020213459,-0.0046818854,9.7931425139,-0.0019300718,-0.0000020669,0.1745596275
559047.9200242460,-0.0002151752,0.0031041435,9.7938933954,-0.0010506849,-0.0000129176,0.1745704751
559047.9300242460,-0.0001837307,-0.0058947363,9.7934317505,-0.0017129393,0.0000955887,0.1745813227
559047.9400242460,0.0011709278,0.0018890696,9.7949489871,-0.0014089536,0.0001606924,0.1745379323
559047.9500242460,-0.0017077179,-0.0043761365,9.7943601940,-0.0013329572,0.0000847381,0.1745704751
559047.9600242460,-0.0006566312,-0.0001010059,9.7943532660,-0.0018432188,0.0000630368,0.1745487799
559047.9700242460,0.0010126086,-0.0013135794,9.7926611445,-0.0009746885,0.0000087837,0.1745704751
559047.9800242460,0.0002668211,-0.0031475843,9.7938867292,-0.0020494948,0.0000521862,0.1745704751
559047.9900242460,-0.0014344941,0.0003542123,9.7926822117,-0.0008986921,0.0000196343,0.1745921703
559048.0000242461,-0.0012477908,-0.0055943372,9.7940508102,-0.0019083586,0.0001281405,0.1746138654
559048.0100242459,0.0005506459,0.0041745417,9.7948025986,-0.0011375379,0.0001389912,0.1749175981
559048.0200242460,0.0004307167,-0.0054350016,9.7941894337,-0.0016803694,0.0000630368,0.1746030179
559048.0300242460,-0.0008230499,0.0012715971,9.7932875943,-0.0014849500,-0.0000020669,0.1745596275
559048.0400242460,-0.0011078639,-0.0036105842,9.7934404093,-0.0012895307,0.0000087837,0.1745270847
559048.0500242460,-0.0005016019,0.0005094493,9.7949623154,-0.0018215056,0.0000738874,0.1745921703
559048.0600242460,0.0001179130,-0.0034534023,9.7941928780,-0.0010072584,0.0001389912,0.1746138654
559048.0700242460,-0.0012634594,-0.0037635281,9.7929840790,-0.0019734984,0.0000955887,0.1746138654
559048.0800242460,-0.0002199919,0.0037143900,9.7935886549,-0.0009529752,0.0000196343,0.1746030179
559048.0900242460,-0.0004940974,-0.0039132758,9.7937402144,-0.0019952116,0.0000521862,0.1745921703
559048.1000242460,0.0006997761,0.0003630356,9.7925119396,-0.0010506849,0.0000196343,0.1745921703
559048.1100242460,-0.0000306009,-0.0060466379,9.7934304120,-0.0017455092,0.0000738874,0.1745487799
559048.1200242460,-0.0011265285,0.0052350743,9.7954270820,-0.0013329572,0.0000955887,0.1744945419
559048.1300242461,-0.0023166677,-0.0046836915,9.7943651295,-0.0013980970,0.0000738874,0.1745704751
559048.1400242459,0.0019405980,-0.0014630490,9.7941785599,-0.0017455092,0.0000630368,0.1745487799
559048.1500242460,-0.0008063636,-0.0026941721,9.7934382904,-0.0009855451,0.0000087837,0.1745813227
559048.1600242460,-0.0012675091,-0.0014759021,9.7935951644,-0.0020169249,0.0000630368,0.1745596275
559048.1700242460,-0.0000547630,0.0026468408,9.7946544662,-0.0009421186,0.0000521862,0.1745704751
559048.1800242460,0.0012048381,-0.0068049647,9.7949450110,-0.0020060683,0.0001498418,0.1745487799
559048.1900242460,-0.0000669194,0.0029525196,9.7932820179,-0.0010398282,0.0000738874,0.1745813227
559048.2000242460,-0.0020200988,-0.0043769704,9.7934476730,-0.0016369429,0.0000196343,0.1745596275
559048.2100242460,-0.0003744549,0.0026464235,9.7928268866,-0.0016260862,0.0000087837,0.1745921703
559048.2200242460,-0.0003354986,-0.0042179821,9.7943488451,-0.0011158246,0.0000196343,0.1745704751
559048.2300242460,0.0001209736,-0.0033010837,9.7946504770,-0.0020169249,0.0001498418,0.1745596275
559048.2400242460,0.0005439011,0.0037174470,9.7937348210,-0.0008878354,0.0001172899,0.1745596275
559048.2500242461,-0.0004958822,-0.0034556951,9.7937404236,-0.0019952116,0.0000630368,0.1745270847
559048.2600242459,-0.0015820976,0.0009632780,9.7935988180,-0.0010615415,-0.0000129176,0.1745704751
559048.2700242460,-0.0009379904,-0.0071182863,9.7938950655,-0.0017129393,0.0000196343,0.1746138654
559048.2800242460,0.0003878254,0.0049369676,9.7938891576,-0.0013546705,0.0001389912,0.1746030179
559048.2900242460,-0.0018656357,-0.0033090039,9.7942094413,-0.0014523802,0.0001064393,0.1746247130
559048.3000242460,-0.0017274935,-0.0008676702,9.7935992496,-0.0017237959,0.0000304849,0.1745921703
559048.3100242460,0.0008781505,-0.0034501370,9.7938815148,-0.0011049680,-0.0000020669,0.1745921703
559048.3200242460,-0.0000417896,-0.0019286889,9.7940423345,-0.0018866453,0.0000738874,0.1745704751
559048.3300242460,-0.0005178941,0.0021878009,9.7937430046,-0.0009529752,0.0000738874,0.1745704751
559048.3400242460,-0.0015575913,-0.0040703880,9.7942065550,-0.0020060683,0.0001281405,0.1745596275
559048.3500242460,-0.0008175810,0.0011187925,9.7938975636,-0.0009855451,0.0000521862,0.1745704751
559048.3600242460,0.0017981193,-0.0046666007,9.7938733443,-0.0018432188,0.0000630368,0.1745813227
559048.3700242460,-0.0011406130,0.0044734118,9.7932915966,-0.0012895307,0.0000304849,0.1746030179
559048.3800242461,-0.0011043231,-0.0048307301,9.7932873415,-0.0014523802,0.0000304849,0.1745813227
559048.3900242459,-0.0003539410,0.0005103523,9.7943510076,-0.0017129393,0.0001281405,0.1745053895
559048.4000242460,0.0005713820,-0.0020788536,9.7943422093,-0.0010398282,0.0000738874,0.1745704751
559048.4100242460,0.0013298061,-0.0019229920,9.7938784061,-0.0019952116,0.0000521862,0.1745487799
559048.4200242460,-0.0018980480,0.0018776056,9.7926867154,-0.0009529752,0.0000196343,0.1745379323
559048.4300242460,-0.0010977216,-0.0058985574,9.7935918727,-0.0019843550,0.0000521862,0.1745487799
559048.4400242460,0.0004034079,0.0021912054,9.7944979410,-0.0010398282,0.0001064393,0.1745053895
559048.4500242460,0.0005814669,-0.0049767956,9.7941883742,-0.0017889357,0.0000738874,0.1745596275
559048.4600242460,-0.0005215496,0.0021880092,9.7932854753,-0.0012895307,0.0000521862,0.1745704751
559048.4700242460,-0.0021684119,-0.0048353154,9.7937537519,-0.0014415235,0.0000304849,0.1745487799
559048.4800242460,-0.0011238980,0.0008126270,9.7935949420,-0.0017346525,0.0000521862,0.1745596275
559048.4900242470,0.0013364935,-0.0020758661,9.7946408851,-0.0010506849,0.0000955887,0.1745704751
559048.5000242470,0.0005737617,-0.0026889613,9.7943419303,-0.0020494948,0.0000738874,0.1745596275
559048.5100242470,-0.0012764042,0.0011169861,9.7937488600,-0.0008769788,0.0000196343,0.1745704751
559048.5200242470,-0.0014093929,-0.0048319807,9.7932898790,-0.0019734984,0.0000955887,0.1745379323
559048.5300242470,0.0011570153,0.0029573135,9.7937293973,-0.0010723981,0.0000630368,0.1745704751
559048.5400242470,0.0002757161,-0.0057404724,9.7937330336,-0.0017020826,0.0000738874,0.1745813227
559048.5500242470,-0.0014294480,0.0021838409,9.7942081463,-0.0014415235,0.0000738874,0.1746572558
559048.5600242470,-0.0006490120,-0.0033037934,9.7937417621,-0.0013872404,0.0000630368,0.1746030179
559048.5700242470,0.0013196638,0.0003649812,9.7937269427,-0.0017889357,0.0000630368,0.1746138654
559048.5800242471,-0.0000441979,-0.0016235657,9.7938899643,-0.0010615415,0.0000630368,0.1746247130
559048.5900242470,-0.0011047459,-0.0028482968,9.7942033069,-0.0019409285,0.0000847381,0.1746030179
559048.6000242470,-0.0003600623,0.0002057151,9.7934358095,-0.0008878354,0.0000413356,0.1745813227
559048.6100242470,-0.0003445657,-0.0034550003,9.7935866451,-0.0020277815,0.0000630368,0.1745270847
559048.6200242470,0.0005506459,0.0041745417,9.7948025986,-0.0010289716,0.0000738874,0.1745379323
559048.6300242470,-0.0003285317,-0.0078782115,9.7934321124,-0.0018215056,0.0000738874,0.1745379323
559048.6400242470,-0.0012739385,0.0014218316,9.7942065288,-0.0013221006,0.0000738874,0.1745379323
559048.6500242470,-0.0005001039,-0.0029979754,9.7934356134,-0.0013763838,0.0000738874,0.1746030179
559048.6600242470,0.0000892710,0.0029529366,9.7937382785,-0.0017237959,0.0000630368,0.1745813227
559048.6700242470,0.0001149097,-0.0029957521,9.7940405775,-0.0011049680,0.0000630368,0.1746138654
559048.6800242470,-0.0004856252,-0.0045237307,9.7945024841,-0.0019300718,0.0000955887,0.1745921703
559048.6900242470,-0.0012824107,0.0020322865,9.7934442590,-0.0008986921,0.0000413356,0.1745813227
559048.7000242471,0.0013322144,-0.0022281153,9.7940307764,-0.0020820647,0.0000738874,0.1745379323
559048.7100242469,0.0003979390,0.0023440100,9.7938879717,-0.0010398282,0.0000521862,0.1745813227
559048.7200242470,-0.0018538808,-0.0078844643,9.7934447998,-0.0017563658,0.0000738874,0.1745813227
559048.7300242470,-0.0014348022,0.0035565832,9.7942087741,-0.0013112440,0.0000630368,0.1744294564
559048.7400242470,0.0011820879,-0.0025338638,9.7941844153,-0.0013872404,0.0000738874,0.1744294564
559048.7500242470,-0.0002074987,0.0005113248,9.7935871901,-0.0018106489,0.0000738874,0.1745270847
559048.7600242470,-0.0003421287,-0.0034551392,9.7938916647,-0.0010723981,0.0000738874,0.1745704751
559048.7700242470,-0.0006489833,-0.0029988090,9.7938944114,-0.0019626417,0.0000847381,0.1746355606
559048.7800242470,0.0002381504,0.0029537702,9.7932794804,-0.0009312620,0.0000738874,0.1746138654
559048.7900242470,-0.0000413094,-0.0033011534,9.7934316677,-0.0020060683,0.0000847381,0.1746030179
559048.8000242470,-0.0009677362,0.0005080595,9.7938985533,-0.0010072584,0.0000521862,0.1745704751
559048.8100242470,-0.0004875246,-0.0052860875,9.7938920963,-0.0018106489,0.0000738874,0.1745813227
559048.8200242470,0.0006965507,0.0049380099,9.7943441494,-0.0013003873,0.0000738874,0.1745813227
559048.8300242471,0.0002697670,-0.0042152033,9.7937337312,-0.0015283766,0.0000630368,0.1745596275
559048.8400242470,-0.0009647329,0.0000504093,9.7940508538,-0.0016586561,0.0000738874,0.1745053895
559048.8500242470,-0.0017228202,-0.0030028388,9.7931407438,-0.0010615415,0.0000304849,0.1745813227
559048.8600242470,-0.0003460638,0.0000524244,9.7951133471,-0.0019734984,0.0000847381,0.1745596275
559048.8700242470,0.0002490022,0.0017332076,9.7940414712,-0.0008769788,0.0000630368,0.1745921703
559048.8800242470,0.0007295507,-0.0069583259,9.7926611010,-0.0020820647,0.0000738874,0.1745921703
559048.8900242470,-0.0009766026,0.0034059321,9.7942048982,-0.0010289716,0.0000521862,0.1745704751
559048.9000242470,-0.0001926544,-0.0036068325,9.7934327969,-0.0017020826,0.0000738874,0.1746030179
559048.9100242470,0.0005510401,0.0018871240,9.7937339839,-0.0015500898,0.0000738874,0.1746030179
559048.9200242470,0.0001214538,-0.0046735482,9.7940398102,-0.0011592512,0.0000630368,0.1745704751
559048.9300242470,-0.0011064733,-0.0017807473,9.7945088147,-0.0018866453,0.0000738874,0.1745487799
559048.9400242470,-0.0009828098,0.0021863417,9.7928317523,-0.0009638318,0.0000521862,0.1745596275
559048.9500242471,0.0004114500,-0.0029940154,9.7929704717,-0.0020277815,0.0000847381,0.1745487799
559048.9600242469,0.0011750349,0.0002114124,9.7946432002,-0.0010072584,0.0000847381,0.1745596275
559048.9700242470,-0.0013984837,-0.0054425744,9.7943571683,-0.0019192152,0.0000738874,0.1745270847
559048.9800242470,-0.0012894637,0.0047775627,9.7939030439,-0.0011049680,0.0000738874,0.1745813227
559048.9900242470,-0.0004977242,-0.0036080831,9.7934353344,-0.0016586561,0.0000738874,0.1745813227
559049.0000242470,0.0008602457,0.0005157017,9.7935783089,-0.0014415235,0.0000738874,0.1745921703
559049.0100242470,-0.0003447091,-0.0049799223,9.7928233988,-0.0013221006,0.0000847381,0.1747982745
559049.0200242470,-0.0015881041,0.0018785784,9.7932942170,-0.0018215056,0.0000738874,0.1745053895
559049.0300242470,-0.0006698627,0.0017296643,9.7935915543,-0.0010181150,0.0000087837,0.1745596275
559049.0400242470,-0.0001835873,-0.0043698143,9.7941949969,-0.0020494948,0.0000955887,0.1745704751
559049.0500242470,0.0016302026,0.0002134271,9.7943343745,-0.0008661222,0.0000955887,0.1746138654
559049.0600242470,-0.0018650982,-0.0040714996,9.7939040730,-0.0019300718,0.0000738874,0.1746030179
559049.0700242470,-0.0017506666,0.0053858639,9.7937546194,-0.0011483945,0.0000521862,0.1745704751
559049.0800242471,0.0004336913,-0.0061976362,9.7941890849,-0.0016586561,0.0000738874,0.1745813227
559049.0900242470,0.0011690284,0.0011267128,9.7943385992,-0.0015066633,0.0000738874,0.1745813227
559049.1000242470,-0.0009539671,-0.0020851064,9.7943548967,-0.0012352476,0.0000738874,0.1745162371
559049.1100242470,-0.0021958641,0.0012659696,9.7932990129,-0.0018975020,0.0000304849,0.1745162371
559049.1200242470,0.0005647519,-0.0013160107,9.7938850288,-0.0009638318,0.0000630368,0.1745921703
559049.1300242470,0.0013417331,-0.0046685459,9.7940296603,-0.0020169249,0.0001064393,0.1745921703
559049.1400242470,-0.0008276945,0.0037117501,9.7938987494,-0.0009204053,0.0000955887,0.1745921703
559049.1500242470,-0.0004965057,-0.0036081525,9.7935878441,-0.0019734984,0.0000738874,0.1746030179
559049.1600242470,-0.0002145516,0.0032566010,9.7940459750,-0.0012026777,0.0000521862,0.1745921703
559049.1700242470,0.0005837892,-0.0061968721,9.7938827966,-0.0015066633,0.0000847381,0.1745813227
559049.1800242470,-0.0005149195,0.0014251663,9.7937426558,-0.0016477995,0.0000738874,0.1744945419
559049.1900242470,-0.0002008972,-0.0005565025,9.7938917213,-0.0010615415,0.0000738874,0.1745053895
559049.2000242471,-0.0003456982,-0.0025399777,9.7938920832,-0.0020169249,0.0000738874,0.1745053895
559049.2100242469,-0.0006620428,0.0006617676,9.7940485953,-0.0008878354,0.0000413356,0.1745270847
559049.2200242470,-0.0001860243,-0.0043696754,9.7938899774,-0.0020060683,0.0000955887,0.1745053895
559049.2300242470,-0.0008312640,0.0046269116,9.7938991680,-0.0010615415,0.0000630368,0.1745053895
559049.2400242470,-0.0001842683,-0.0051322406,9.7937371188,-0.0018106489,0.0000738874,0.1745379323
559049.2500242470,0.0002454614,0.0029533535,9.7941945390,-0.0013221006,0.0000630368,0.1745379323
559049.2600242470,-0.0001866479,-0.0045221329,9.7937373979,-0.0013872404,0.0000738874,0.1745053895
559049.2700242470,-0.0012734009,0.0006593359,9.7939011605,-0.0017346525,0.0000738874,0.1745813227
559049.2800242470,0.0005654328,-0.0005535844,9.7943429069,-0.0010506849,0.0000738874,0.1745921703
559049.2900242470,-0.0000430654,-0.0025385883,9.7935845262,-0.0020712080,0.0000630368,0.1746030179
559049.3000242470,-0.0014294767,0.0018788565,9.7940554970,-0.0008769788,0.0000413356,0.1746030179
559049.3100242470,-0.0017070943,-0.0042236790,9.7945127735,-0.0019734984,0.0000738874,0.1746138654
559049.3200242470,0.0002297929,0.0047841626,9.7931278078,-0.0011158246,0.0000738874,0.1745921703
559049.3300242471,0.0011891408,-0.0052791400,9.7937256304,-0.0016369429,0.0000630368,0.1745813227
559049.3400242470,-0.0002110395,0.0017314707,9.7937402579,-0.0014849500,0.0000847381,0.1745487799
559049.3500242470,-0.0001949767,-0.0023867561,9.7937383745,-0.0012352476,0.0000738874,0.1745487799
559049.3600242470,-0.0015808217,0.0015731774,9.7940566263,-0.0019409285,0.0000738874,0.1745379323
559049.3700242470,0.0014734459,0.0006705214,9.7940308330,-0.0009312620,0.0000738874,0.1745596275
559049.3800242470,0.0005789439,-0.0058916099,9.7934254069,-0.0020712080,0.0000847381,0.1745487799
559049.3900242470,-0.0005238432,0.0037130701,9.7937437022,-0.0009204053,0.0000630368,0.1746030179
559049.4000242470,-0.0006466610,-0.0042188855,9.7935888338,-0.0018215056,0.0000847381,0.1745921703
559049.4100242470,-0.0003683337,0.0029510607,9.7937420847,-0.0013872404,0.0000630368,0.1746030179
559049.4200242470,0.0004228395,-0.0049770737,9.7934270941,-0.0014523802,0.0000738874,0.1745379323
559049.4300242470,-0.0000518745,0.0009692531,9.7941961696,-0.0017237959,0.0000738874,0.1745487799
559049.4400242470,-0.0002008972,-0.0005565025,9.7938917213,-0.0010941114,0.0000738874,0.1745704751
559049.4500242471,-0.0011204145,-0.0010174877,9.7931365757,-0.0019952116,0.0000738874,0.1745704751
559049.4600242469,0.0007070585,0.0000576346,9.7932743489,-0.0009529752,0.0000630368,0.1745704751
559049.4700242470,0.0007296940,-0.0054334039,9.7934243474,-0.0019734984,0.0000847381,0.1745596275
559049.4800242470,-0.0011375810,0.0043207461,9.7935965464,-0.0010289716,0.0000738874,0.1745596275
559049.4900242470,-0.0014098444,-0.0031545318,9.7940531951,-0.0018757887,0.0000738874,0.1745487799
559049.5000242470,0.0005516637,0.0020395815,9.7938865635,-0.0012786741,0.0000738874,0.1745487799
559049.5100242470,0.0008943280,-0.0063484262,9.7944902284,-0.0015609465,0.0000738874,0.1745813227
559049.5200242470,-0.0005201877,0.0037128617,9.7942012315,-0.0014740934,0.0000738874,0.1745379323
559049.5300242470,-0.0008165632,-0.0010161677,9.7929815284,-0.0012895307,0.0000521862,0.1745704751
559049.5400242470,-0.0003509951,-0.0005572667,9.7941980095,-0.0018432188,0.0000955887,0.1746030179
559049.5500242470,0.0001058426,-0.0022327703,9.7932783775,-0.0010181150,0.0000738874,0.1746138654
559049.5600242480,-0.0004993943,-0.0019305648,9.7940461407,-0.0020060683,0.0000738874,0.1745921703
559049.5700242480,-0.0006732889,0.0041697478,9.7943552192,-0.0009421186,0.0000738874,0.1746030179
559049.5800242480,-0.0006351855,-0.0052869905,9.7945034041,-0.0019843550,0.0000955887,0.1745379323
559049.5900242480,0.0000921882,0.0015803332,9.7934326311,-0.0010723981,0.0000630368,0.1745487799
559049.6000242480,0.0008859991,-0.0042130493,9.7944912050,-0.0016260862,0.0000847381,0.1745596275
559049.6100242480,0.0011564491,0.0034148248,9.7938821163,-0.0015609465,0.0000847381,0.1745596275
559049.6200242480,-0.0008044928,-0.0022367997,9.7938960289,-0.0012461042,0.0000630368,0.1745379323
559049.6300242480,-0.0023413460,-0.0014799318,9.7928414968,-0.0019300718,0.0000847381,0.1745596275
559049.6400242480,0.0002507296,0.0006656581,9.7937359634,-0.0009312620,0.0000738874,0.1745704751
559049.6500242481,0.0011807833,-0.0034487476,9.7935739578,-0.0020277815,0.0000738874,0.1745704751
559049.6600242479,-0.0000632352,0.0032572957,9.7938921965,-0.0009529752,0.0000738874,0.1745813227
559049.6700242480,-0.0013985410,-0.0060525432,9.7940518697,-0.0018540754,0.0000955887,0.1745379323
559049.6800242480,-0.0002145803,0.0029516166,9.7938933257,-0.0012243909,0.0000738874,0.1746138654
559049.6900242480,0.0007268628,-0.0031458473,9.7941879425,-0.0015500898,0.0000738874,0.1746030179
559049.7000242480,-0.0002163651,0.0034091973,9.7938935350,-0.0016477995,0.0000847381,0.1745813227
559049.7100242480,-0.0003371113,-0.0019304950,9.7952649500,-0.0011592512,0.0000630368,0.1745487799
559049.7200242480,0.0002650937,-0.0020800347,9.7941922370,-0.0019192152,0.0000847381,0.1745270847
559049.7300242480,0.0006969449,0.0026505922,9.7932755347,-0.0008986921,0.0000738874,0.1745704751
559049.7400242480,-0.0002011553,-0.0033013621,9.7925178779,-0.0020712080,0.0000738874,0.1745270847
559049.7500242480,-0.0011256254,0.0018801765,9.7939004498,-0.0010072584,0.0000630368,0.1745053895
559049.7600242480,-0.0001806988,-0.0060474021,9.7937367003,-0.0018323622,0.0000847381,0.1745596275
559049.7700242480,0.0002412683,0.0037160576,9.7940423780,-0.0013003873,0.0000630368,0.1745921703
559049.7800242479,-0.0004934165,-0.0031508495,9.7941980924,-0.0014849500,0.0000847381,0.1746030179
559049.7900242480,-0.0003654165,0.0015784574,9.7934364373,-0.0016803694,0.0000738874,0.1744077612
559049.8000242480,-0.0003439135,-0.0029975585,9.7938918739,-0.0011158246,0.0000630368,0.1744294564
559049.8100242480,-0.0000307943,-0.0016243295,9.7955675716,-0.0019300718,0.0000955887,0.1745053895
559049.8200242480,0.0008609840,0.0018880968,9.7943414855,-0.0009638318,0.0000738874,0.1746030179
559049.8300242480,-0.0003591305,-0.0028441983,9.7920618266,-0.0020820647,0.0000738874,0.1745921703
559049.8400242480,-0.0008344967,0.0026446866,9.7925256733,-0.0009312620,0.0000738874,0.1746247130
559049.8500242480,0.0004245382,-0.0063496076,9.7929689371,-0.0018757887,0.0000955887,0.1746138654
559049.8600242480,0.0012962900,0.0044836246,9.7928137676,-0.0012678175,0.0000847381,0.1746138654
559049.8700242480,0.0004236924,-0.0023847410,9.7948008678,-0.0014198103,0.0000847381,0.1746138654
559049.8800242480,-0.0000353816,0.0014257922,9.7964840253,-0.0018540754,0.0000738874,0.1745921703
559049.8900242480,-0.0006561510,-0.0014734704,9.7937425992,-0.0009855451,0.0000630368,0.1745921703
559049.9000242481,-0.0005049206,-0.0023877289,9.7931308729,-0.0020603514,0.0001281405,0.1746138654
559049.9100242479,0.0003755543,0.0040227088,9.7919061122,-0.0008986921,0.0000738874,0.1745596275
559049.9200242480,-0.0001940450,-0.0054366695,9.7923643915,-0.0019843550,0.0000738874,0.1745704751
559049.9300242480,-0.0008289704,0.0031018507,9.7934409411,-0.0011049680,0.0000738874,0.1745487799
559049.9400242480,0.0008841857,-0.0040604530,9.7943387650,-0.0016477995,0.0000847381,0.1745487799
559049.9500242480,-0.0006739411,0.0037123059,9.7940499904,-0.0014958067,0.0000738874,0.1745596275
559049.9600242480,-0.0012524355,-0.0031541842,9.7946619654,-0.0013003873,0.0000738874,0.1745487799
559049.9700242480,-0.0009604825,-0.0001023259,9.7945083133,-0.0018757887,0.0000738874,0.1745596275
559049.9800242480,0.0002597681,-0.0004023081,9.7943455141,-0.0009529752,0.0000738874,0.1745704751
559049.9900242480,-0.0000480255,-0.0034532637,9.7925165394,-0.0020277815,0.0000738874,0.1745379323
559050.0000242480,0.0002308967,0.0035641556,9.7926697204,-0.0008986921,0.0000738874,0.1745921703
559050.0100242480,-0.0006388124,-0.0049817978,9.7941985241,-0.0019626417,0.0000738874,0.1748850553
559050.0200242480,0.0014640420,0.0043308897,9.7946425462,-0.0012135343,0.0000738874,0.1745813227
559050.0300242479,0.0001245431,-0.0042162452,9.7946500585,-0.0015609465,0.0001064393,0.1745487799
559050.0400242480,-0.0011213462,0.0020324257,9.7945105586,-0.0016260862,0.0000955887,0.1745813227
559050.0500242480,-0.0009654426,-0.0010170013,9.7934403264,-0.0011266813,0.0000630368,0.1745379323
559050.0600242480,0.0001047675,-0.0007077789,9.7938891141,-0.0019300718,0.0000847381,0.1745487799
559050.0700242480,0.0008644675,0.0000579821,9.7938831192,-0.0009529752,0.0000413356,0.1745921703
559050.0800242480,-0.0006460374,-0.0040664280,9.7937414133,-0.0020494948,0.0000955887,0.1746030179
559050.0900242480,-0.0008331635,0.0038645547,9.7932887801,-0.0009746885,0.0000738874,0.1745596275
559050.1000242480,0.0008805015,-0.0043652291,9.7937285865,-0.0019083586,0.0000847381,0.1745704751
559050.1100242480,0.0005432202,0.0029550207,9.7932769430,-0.0012352476,0.0000738874,0.1745921703
559050.1200242480,-0.0003337139,-0.0046755629,9.7943486359,-0.0014632368,0.0000738874,0.1746355606
559050.1300242480,-0.0003568583,0.0018829557,9.7946566549,-0.0017129393,0.0000847381,0.1746355606
559050.1400242480,0.0010193534,-0.0008564847,9.7937289221,-0.0010723981,0.0000738874,0.1745813227
559050.1500242481,-0.0003474543,-0.0017774126,9.7940449417,-0.0020060683,0.0000847381,0.1745487799
559050.1600242479,-0.0008224263,0.0014240546,9.7934401738,-0.0009529752,0.0000738874,0.1746138654
559050.1700242480,-0.0004940974,-0.0039132758,9.7937402144,-0.0020169249,0.0001064393,0.1746138654
559050.1800242480,-0.0006793814,0.0041700950,9.7935926704,-0.0010072584,0.0000738874,0.1746247130
559050.1900242480,0.0007345967,-0.0051286972,9.7941870357,-0.0017889357,0.0000630368,0.1746030179
559050.2000242480,-0.0002126809,0.0037139734,9.7945037135,-0.0013655271,0.0000955887,0.1745813227
559050.2100242480,-0.0009553003,-0.0033049745,9.7935917898,-0.0013655271,0.0000738874,0.1745813227
559050.2200242480,-0.0000530643,0.0012743069,9.7941963091,-0.0018432188,0.0000847381,0.1745487799
559050.2300242480,0.0022402562,-0.0006990250,9.7938713517,-0.0009746885,0.0000738874,0.1745704751
559050.2400242480,0.0004206032,-0.0028420440,9.7941906195,-0.0020494948,0.0000847381,0.1745704751
559050.2500242480,-0.0015928061,0.0037087626,9.7936000736,-0.0009312620,0.0000738874,0.1745704751
559050.2600242480,-0.0000347079,-0.0043689807,9.7937361989,-0.0019409285,0.0000955887,0.1745704751
559050.2700242480,0.0013083604,0.0032629926,9.7937282681,-0.0011266813,0.0000738874,0.1745704751
559050.2800242479,0.0002715804,-0.0043677996,9.7938861712,-0.0016586561,0.0000847381,0.1745596275
559050.2900242480,-0.0018911311,0.0041646067,9.7946703886,-0.0014958067,0.0000738874,0.1745813227
559050.3000242480,-0.0011060505,-0.0037631806,9.7935928493,-0.0013655271,0.0000738874,0.1745704751
559050.3100242480,0.0019272804,-0.0005473320,9.7929589004,-0.0017563658,0.0000738874,0.1745596275
559050.3200242480,0.0014721701,0.0000606221,9.7935730247,-0.0010398282,0.0001064393,0.1745813227
559050.3300242480,-0.0012686416,-0.0005608794,9.7939006024,-0.0019843550,0.0000847381,0.1745596275
559050.3400242480,-0.0026527879,0.0020265201,9.7937606972,-0.0009529752,0.0000630368,0.1746138654
559050.3500242480,0.0011951760,-0.0058894560,9.7941828807,-0.0020277815,0.0000955887,0.1746030179
559050.3600242480,0.0011540408,0.0037199481,9.7937297461,-0.0010398282,0.0000738874,0.1745813227
559050.3700242480,-0.0001956864,-0.0034541667,9.7931278471,-0.0017672224,0.0001064393,0.1745813227
559050.3800242480,-0.0009783587,0.0041684972,9.7943577567,-0.0013980970,0.0000738874,0.1746247130
559050.3900242480,-0.0001848058,-0.0043697449,9.7940424871,-0.0013221006,0.0000738874,0.1746247130
559050.4000242481,0.0013214773,0.0002123848,9.7938793827,-0.0017672224,0.0000847381,0.1746355606
559050.4100242479,0.0017687964,0.0009773119,9.7929608667,-0.0010181150,0.0000738874,0.1745813227
559050.4200242480,-0.0009570564,-0.0025424094,9.7937446484,-0.0020712080,0.0000847381,0.1745921703
559050.4300242480,-0.0012762895,0.0023369237,9.7943594571,-0.0008986921,0.0000413356,0.1745921703
559050.4400242480,0.0007322171,-0.0045185896,9.7941873147,-0.0019843550,0.0000847381,0.1745921703
559050.4500242480,0.0025262887,0.0041830869,9.7938710465,-0.0011483945,0.0000847381,0.1745813227
559050.4600242480,0.0001160996,-0.0033008059,9.7940404380,-0.0015500898,0.0000847381,0.1742667425
559050.4700242480,-0.0020492210,0.0034018329,9.7936037403,-0.0015826597,0.0000738874,0.1733772398
559050.4800242480,0.0020889111,-0.0010047041,9.7938724810,-0.0011483945,0.0000738874,0.1723358708
559050.4900242480,0.0032990482,0.0012882713,9.7937108677,-0.0019517851,0.0000955887,0.1710233120
559050.5000242480,0.0003955306,0.0026491333,9.7937356015,-0.0009095487,0.0000738874,0.1696348200
559050.5100242480,-0.0012567719,-0.0039164022,9.7937465581,-0.0019843550,0.0001172899,0.1687127745
559050.5200242480,0.0014562220,0.0053987864,9.7941855052,-0.0009095487,0.0000630368,0.1677473387
559050.5300242479,0.0019428343,-0.0035980787,9.7934150346,-0.0017672224,0.0000955887,0.1668252932
559050.5400242480,0.0002309540,0.0041741244,9.7929750190,-0.0012786741,0.0000847381,0.1662829136
559050.5500242480,-0.0009534295,-0.0028476021,9.7940495284,-0.0013221006,0.0000738874,0.1653934109
559050.5600242480,-0.0018906796,0.0024871578,9.7939070725,-0.0017563658,0.0000847381,0.1644279751
559050.5700242480,0.0016236012,0.0012812544,9.7940298433,-0.0008986921,0.0000738874,0.1635276248
559050.5800242480,0.0010247650,-0.0016192582,9.7940335929,-0.0019409285,0.0000955887,0.1625513414
559050.5900242480,0.0005486891,0.0028022161,9.7938869122,-0.0008118390,0.0000847381,0.1619113333
559050.6000242480,-0.0000419043,-0.0031486265,9.7934317374,-0.0017889357,0.0000847381,0.1611194590
559050.6100242480,0.0011474967,0.0053977442,9.7937305134,-0.0010615415,0.0000630368,0.1600997852
559050.6200242480,0.0004174279,-0.0042143002,9.7931224234,-0.0015500898,0.0000847381,0.1593838440
559050.6300242490,0.0008501608,0.0034136437,9.7937321440,-0.0013763838,0.0000738874,0.1582339991
559050.6400242490,-0.0001955430,-0.0019292448,9.7938910935,-0.0011375379,0.0000738874,0.1572902585
559050.6500242490,-0.0002092547,0.0012738899,9.7937400486,-0.0017020826,0.0000955887,0.1569973734
559050.6600242490,0.0011653729,0.0011269211,9.7938810700,-0.0008118390,0.0000738874,0.1563031275
559050.6700242490,0.0010259261,-0.0022292964,9.7938808041,-0.0019083586,0.0000847381,0.1552834537
559050.6800242490,-0.0002199059,0.0046293432,9.7940466028,-0.0007684125,0.0000847381,0.1544156462
559050.6900242490,-0.0006507681,-0.0025412283,9.7938946207,-0.0017672224,0.0000955887,0.1530488494
559050.7000242490,0.0011528509,0.0040250019,9.7937298856,-0.0010506849,0.0000738874,0.1521376515
559050.7100242490,0.0019458089,-0.0043607132,9.7934146858,-0.0013329572,0.0000847381,0.1515518815
559050.7200242491,0.0002418919,0.0038685150,9.7941949575,-0.0013980970,0.0000847381,0.1505755980
559050.7300242489,-0.0009720153,0.0003558104,9.7932884445,-0.0009746885,0.0000738874,0.1498271141
559050.7400242490,0.0013232333,-0.0005501803,9.7937265242,-0.0017780790,0.0001064393,0.1490135446
559050.7500242490,0.0017863930,0.0002138440,9.7947906350,-0.0006924161,0.0000630368,0.1480264135
559050.7600242490,-0.0006531764,-0.0022361050,9.7937422504,-0.0018323622,0.0001064393,0.1472562344
559050.7700242490,0.0006936048,0.0060056288,9.7944971474,-0.0007466993,0.0000738874,0.1462257130
559050.7800242490,0.0008805589,-0.0037552603,9.7940338850,-0.0016586561,0.0000955887,0.1451626488
559050.7900242490,-0.0002182358,0.0029518249,9.7934357964,-0.0009746885,0.0000630368,0.1446419643
559050.8000242490,-0.0000334894,-0.0043690502,9.7938887086,-0.0012352476,0.0000955887,0.1437850044
559050.8100242490,-0.0000697507,0.0052400762,9.7940456130,-0.0013329572,0.0000955887,0.1427653306
559050.8200242490,0.0007112803,-0.0004000851,9.7935791591,-0.0009638318,0.0000847381,0.1419734563
559050.8300242490,0.0008686892,-0.0003997375,9.7941879294,-0.0016043730,0.0000847381,0.1409646301
559050.8400242490,-0.0002050330,0.0008161703,9.7940448589,-0.0007141294,0.0000847381,0.1402595365
559050.8500242491,-0.0008050017,-0.0011693196,9.7943540465,-0.0016803694,0.0000847381,0.1395110526
559050.8600242489,0.0014572972,0.0038737950,9.7935747686,-0.0006924161,0.0000630368,0.1384262932
559050.8700242490,0.0011802171,-0.0029912363,9.7937266768,-0.0016152296,0.0001172899,0.1375584857
559050.8800242490,0.0000838594,0.0037157100,9.7934336077,-0.0008444089,0.0000738874,0.1366038975
559050.8900242490,0.0001125014,-0.0026906288,9.7938882072,-0.0013546705,0.0000847381,0.1356601568
559050.9000242490,0.0002388600,0.0040211808,9.7938900078,-0.0012243909,0.0000738874,0.1352913387
559050.9100242490,0.0008757709,-0.0028400293,9.7938817938,-0.0009312620,0.0000738874,0.1342933600
559050.9200242490,0.0004092424,-0.0005540014,9.7938866463,-0.0015175199,0.0001064393,0.1332411435
559050.9300242490,-0.0005202451,0.0031028929,9.7938959329,-0.0005947064,0.0000630368,0.1322106221
559050.9400242490,0.0016294930,-0.0008539836,9.7937238472,-0.0017020826,0.0000847381,0.1309306060
559050.9500242490,0.0003937172,0.0028017297,9.7935831615,-0.0006055631,0.0000847381,0.1305075499
559050.9600242490,-0.0007932181,-0.0054397955,9.7937420543,-0.0015500898,0.0000955887,0.1300953413
559050.9700242491,-0.0014413750,0.0049293949,9.7940568922,-0.0008335523,0.0000630368,0.1291841435
559050.9800242489,0.0014841544,-0.0020749631,9.7940295774,-0.0011809644,0.0000847381,0.1284356595
559050.9900242490,0.0011588574,0.0031097016,9.7940344866,-0.0012243909,0.0000847381,0.1273725953
559051.0000242490,0.0004139157,-0.0026891699,9.7934281405,-0.0007249860,0.0000630368,0.1260817317
559051.0100242490,-0.0017286547,-0.0002576320,9.7937520384,-0.0015826597,0.0001172899,0.1256261328
559051.0200242490,0.0005445247,0.0038699045,9.7938874005,-0.0004752835,0.0000630368,0.1245630686
559051.0300242490,0.0017939549,-0.0035989123,9.7938738326,-0.0016912260,0.0000955887,0.1235650900
559051.0400242490,-0.0002138707,0.0040190273,9.7945038530,-0.0006164197,0.0000738874,0.1229467771
559051.0500242490,-0.0000339983,-0.0033015701,9.7943467262,-0.0012895307,0.0000738874,0.1219487985
559051.0600242490,-0.0000649626,0.0043248452,9.7941977043,-0.0009964017,0.0000521862,0.1210376007
559051.0700242490,0.0010204858,-0.0017715073,9.7934234841,-0.0008552655,0.0000955887,0.1202131835
559051.0800242490,0.0016224687,0.0021962770,9.7943352813,-0.0013872404,0.0001064393,0.1192152049
559051.0900242490,-0.0006687302,0.0008146417,9.7932861163,-0.0006055631,0.0000738874,0.1184341782
559051.1000242491,-0.0000436030,-0.0017760926,9.7938898945,-0.0015500898,0.0001064393,0.1177399322
559051.1100242489,0.0010002300,0.0031094235,9.7932732065,-0.0004535703,0.0000630368,0.1168178868
559051.1200242490,0.0008769607,-0.0031450832,9.7938816543,-0.0015066633,0.0000955887,0.1158849937
559051.1300242490,0.0000857875,0.0047830513,9.7941966448,-0.0005729932,0.0000738874,0.1148870151
559051.1400242490,0.0001130677,-0.0031481401,9.7937354882,-0.0012461042,0.0000738874,0.1138456461
559051.1500242490,0.0005427400,0.0043274852,9.7938876098,-0.0009204053,0.0000738874,0.1132381809
559051.1600242490,0.0004211981,-0.0029945710,9.7941905498,-0.0008226957,0.0000738874,0.1122944402
559051.1700242490,-0.0003660401,0.0014259999,9.7932838578,-0.0013655271,0.0000738874,0.1114266327
559051.1800242490,0.0001000368,0.0008174209,9.7940423214,-0.0003884305,0.0000630368,0.1108517103
559051.1900242490,0.0001053051,-0.0014702746,9.7935837458,-0.0015392332,0.0001172899,0.1097344081
559051.2000242490,-0.0002126522,0.0040189578,9.7946563628,-0.0004101437,0.0000738874,0.1089533814
559051.2100242490,-0.0004868724,-0.0048286456,9.7941973251,-0.0013546705,0.0000738874,0.1081723547
559051.2200242491,-0.0002210671,0.0052393815,9.7941993915,-0.0007141294,0.0000738874,0.1069899670
559051.2300242489,-0.0003456982,-0.0025399777,9.7938920832,-0.0009421186,0.0000847381,0.1063825017
559051.2400242490,0.0005499076,0.0028021466,9.7940394220,-0.0011809644,0.0000847381,0.1052543520
559051.2500242490,0.0004061818,-0.0007063200,9.7934290473,-0.0004318570,0.0000738874,0.1042997637
559051.2600242490,-0.0001955717,-0.0022342292,9.7937384442,-0.0014632368,0.0001064393,0.1038224696
559051.2700242490,0.0002364516,0.0043263041,9.7937376375,-0.0003232907,0.0000521862,0.1030414429
559051.2800242490,0.0007243398,-0.0040606616,9.7934249752,-0.0013763838,0.0001172899,0.1020977022
559051.2900242490,-0.0003724695,0.0043237336,9.7938952222,-0.0005512799,0.0000630368,0.1012298948
559051.3000242490,0.0002656599,-0.0025375460,9.7940395180,-0.0010072584,0.0000738874,0.0998630980
559051.3100242490,-0.0000601173,0.0040195831,9.7946550940,-0.0009638318,0.0000738874,0.0989519001
559051.3200242490,-0.0000423845,-0.0017761620,9.7940424043,-0.0005295667,0.0000738874,0.0983661300
559051.3300242490,0.0001047388,-0.0010127633,9.7937364648,-0.0012895307,0.0000955887,0.0974766274
559051.3400242490,-0.0006704003,0.0024921600,9.7938969226,-0.0003124341,0.0000847381,0.0968257718
559051.3500242491,0.0002590011,-0.0020796875,9.7934296882,-0.0014198103,0.0001064393,0.0960338974
559051.3600242489,0.0010033480,0.0038717109,9.7940361041,-0.0003232907,0.0000521862,0.0949274429
559051.3700242490,-0.0003379643,-0.0045228276,9.7938911764,-0.0012352476,0.0000847381,0.0941030258
559051.3800242490,-0.0005242948,0.0053905190,9.7945070183,-0.0006055631,0.0000738874,0.0930941996
559051.3900242490,0.0005773885,-0.0029941540,9.7946468103,-0.0008009824,0.0000738874,0.0921396113
559051.4000242490,0.0005540721,0.0017344582,9.7940389337,-0.0010072584,0.0000955887,0.0916080792
559051.4100242490,0.0007069725,-0.0008573186,9.7928164010,-0.0004101437,0.0000847381,0.0905884054
559051.4200242490,-0.0002044954,0.0000536746,9.7937394906,-0.0012678175,0.0001064393,0.0895470364
559051.4300242490,-0.0002194543,0.0029518943,9.7932832867,-0.0002798642,0.0000521862,0.0888527905
559051.4400242490,0.0004217356,-0.0037570667,9.7938851815,-0.0013329572,0.0001064393,0.0878548118
559051.4500242490,-0.0000571714,0.0029519641,9.7945020960,-0.0002581509,0.0000738874,0.0871388707
559051.4600242490,-0.0001829064,-0.0036073880,9.7946528750,-0.0011158246,0.0000630368,0.0863686915
559051.4700242491,-0.0002252888,0.0056971011,9.7938945813,-0.0006055631,0.0000847381,0.0852730846
559051.4800242489,-0.0009523544,-0.0043725935,9.7934387918,-0.0007684125,0.0000847381,0.0844378199
559051.4900242490,-0.0002074413,0.0011212936,9.7938924886,-0.0008878354,0.0000521862,0.0835374696
559051.5000242490,0.0005611824,-0.0004008492,9.7938854474,-0.0004535703,0.0000955887,0.0826262717
559051.5100242490,-0.0009689260,0.0008131134,9.7938986928,-0.0011049680,0.0000847381,0.0821706728
559051.5200242490,0.0008609266,0.0012781280,9.7940361870,-0.0002364377,0.0000738874,0.0811943894
559051.5300242490,0.0004206318,-0.0025370596,9.7943432688,-0.0012678175,0.0001064393,0.0801313252
559051.5400242490,0.0008531927,0.0032609779,9.7940370938,-0.0001604413,0.0000738874,0.0792852129
559051.5500242490,0.0001076847,-0.0020803823,9.7935834667,-0.0011375379,0.0000847381,0.0779401113
559051.5600242490,-0.0002218053,0.0038669864,9.7934362149,-0.0004101437,0.0000738874,0.0773001033
559051.5700242490,0.0004186750,-0.0039093853,9.7934275824,-0.0008118390,0.0000738874,0.0767577236
559051.5800242490,0.0000887621,0.0040204167,9.7941962960,-0.0006815595,0.0000738874,0.0758031354
559051.5900242490,-0.0003499200,-0.0020822581,9.7935872729,-0.0004644269,0.0000738874,0.0750546514
559051.6000242491,0.0002471028,0.0009708508,9.7934310834,-0.0010181150,0.0000955887,0.0741109108
559051.6100242489,0.0005546670,0.0015819313,9.7940388639,-0.0001387280,0.0000521862,0.0730369990
559051.6200242490,-0.0003421001,-0.0031501548,9.7940443139,-0.0012461042,0.0001064393,0.0722993626
559051.6300242490,-0.0000643964,0.0038673339,9.7940449852,-0.0000953015,0.0000738874,0.0713664696
559051.6400242490,-0.0006496356,-0.0034562509,9.7935891826,-0.0010832548,0.0000847381,0.0703467958
559051.6500242490,-0.0003737453,0.0037138342,9.7934374139,-0.0003341473,0.0000738874,0.0696850926
559051.6600242490,0.0010306281,-0.0040594805,9.7935749475,-0.0007249860,0.0000847381,0.0687196567
559051.6700242490,0.0006994680,0.0035654065,9.7940385020,-0.0006598462,0.0000847381,0.0678735444
559051.6800242490,-0.0008093095,-0.0016265532,9.7935912884,-0.0003884305,0.0000738874,0.0671467557
559051.6900242490,-0.0008169860,0.0009662656,9.7938974938,-0.0009638318,0.0000738874,0.0661379295
559051.7000242490,0.0000981947,0.0006650328,9.7937372321,-0.0001495846,0.0000738874,0.0653243599
559051.7100242500,-0.0000442266,-0.0019285500,9.7937373150,-0.0010941114,0.0000738874,0.0644240097
559051.7200242500,-0.0003700898,0.0037136259,9.7938949432,-0.0000301617,0.0000521862,0.0632958599
559051.7300242500,-0.0015617844,-0.0033076839,9.7940543941,-0.0010506849,0.0001064393,0.0625148332
559051.7400242500,0.0003943982,0.0035641559,9.7940410395,-0.0001712979,0.0000521862,0.0617771968
559051.7500242500,0.0011843528,-0.0043639091,9.7935735392,-0.0007901258,0.0001064393,0.0609202369
559051.7600242500,-0.0003682190,0.0041709983,9.7943526817,-0.0005187100,0.0000955887,0.0602476861
559051.7700242500,-0.0006519005,-0.0016262056,9.7942000587,-0.0003775739,0.0000413356,0.0591629268
559051.7800242500,-0.0008169574,0.0012712500,9.7940501431,-0.0008878354,0.0000847381,0.0581541006
559051.7900242500,0.0014746644,0.0006704520,9.7941833427,-0.0000301617,0.0000738874,0.0574273118
559051.8000242501,-0.0001973564,-0.0017766484,9.7937386535,-0.0010289716,0.0000847381,0.0564618760
559051.8100242499,-0.0009779071,0.0024910483,9.7935944406,-0.0000193051,0.0000521862,0.0557350872
559051.8200242500,0.0001148811,-0.0033007365,9.7938879282,-0.0009746885,0.0001064393,0.0549323653
559051.8300242500,0.0013005692,0.0046358738,9.7934238764,-0.0001278714,0.0000738874,0.0538909963
559051.8400242500,0.0004276848,-0.0052823358,9.7938844839,-0.0006707028,0.0000847381,0.0533052262
559051.8500242500,0.0006995540,0.0044803597,9.7944964499,-0.0004535703,0.0000738874,0.0522530097
559051.8600242500,0.0007214225,-0.0026880582,9.7937306225,-0.0003015774,0.0000630368,0.0513092690
559051.8700242500,0.0002477551,0.0014282927,9.7937363122,-0.0007684125,0.0000738874,0.0503980711
559051.8800242500,-0.0006590109,0.0005091018,9.7943535451,-0.0000844449,0.0000847381,0.0493892449
559051.8900242500,-0.0003481352,-0.0025398388,9.7935870637,-0.0009312620,0.0000738874,0.0484671995
559051.9000242500,-0.0002170460,0.0026467711,9.7934356569,0.0000458347,0.0000413356,0.0479248198
559051.9100242500,0.0002638752,-0.0020799653,9.7940397273,-0.0009529752,0.0000955887,0.0467315845
559051.9200242501,-0.0003701472,0.0031036571,9.7935896447,0.0000024082,0.0000738874,0.0460373385
559051.9300242499,-0.0001829924,-0.0045223412,9.7941949271,-0.0007141294,0.0000738874,0.0454949588
559051.9400242500,0.0005505599,0.0032595885,9.7943446508,-0.0003232907,0.0000738874,0.0444535899
559051.9500242500,0.0013321571,-0.0028380841,9.7937254778,-0.0003124341,0.0000738874,0.0435098492
559051.9600242500,-0.0003707134,0.0035611684,9.7937423637,-0.0007249860,0.0000738874,0.0426094989
559051.9700242500,-0.0006681640,0.0003571304,9.7931333972,-0.0000084485,0.0000738874,0.0415030444
559051.9800242500,0.0002595674,-0.0025371988,9.7932769692,-0.0008335523,0.0001064393,0.0408630364
559051.9900242500,-0.0000657009,0.0029524502,9.7934345277,0.0001544010,0.0000304849,0.0400169241
559052.0000242500,0.0008776416,-0.0023826569,9.7943395323,-0.0008986921,0.0001172899,0.0390514882
559052.0100242500,-0.0011327644,0.0037104995,9.7939012869,0.0000566913,0.0000630368,0.0384331754
559052.0200242500,-0.0003361509,-0.0046754240,9.7940436164,-0.0006598462,0.0000521862,0.0374677396
559052.0300242500,0.0003944842,0.0044791091,9.7944989873,-0.0002364377,0.0000955887,0.0364806086
559052.0400242500,-0.0008039839,-0.0033042798,9.7934380113,-0.0003124341,0.0000738874,0.0356561914
559052.0500242501,-0.0008223690,0.0020340234,9.7937454723,-0.0005512799,0.0000847381,0.0345822797
559052.0600242499,-0.0003509951,-0.0005572667,9.7941980095,0.0000675479,0.0000738874,0.0338121005
559052.0700242500,0.0004098086,-0.0010115127,9.7937339273,-0.0008661222,0.0001172899,0.0330093786
559052.0800242500,0.0005474133,0.0021923167,9.7934291039,0.0002303974,0.0000413356,0.0319246192
559052.0900242500,-0.0015635692,-0.0028501032,9.7940546033,-0.0008552655,0.0001172899,0.0311761353
559052.1000242500,-0.0009814193,0.0040161786,9.7939001577,0.0000892612,0.0000630368,0.0305144321
559052.1100242500,-0.0000346506,-0.0037590119,9.7940414974,-0.0004969968,0.0000738874,0.0295164535
559052.1200242500,-0.0005196215,0.0032553504,9.7940485124,-0.0003015774,0.0000955887,0.0289306834
559052.1300242500,0.0001083657,-0.0013179560,9.7940413448,0.0000024082,0.0000738874,0.0279001620
559052.1400242500,-0.0005089130,0.0005098659,9.7940472568,-0.0007792691,0.0000630368,0.0268154027
559052.1500242500,-0.0002152899,0.0018842059,9.7932827984,0.0003389637,0.0000738874,0.0259475952
559052.1600242500,0.0010337174,-0.0036021775,9.7941851958,-0.0008661222,0.0000955887,0.0245807984
559052.1700242501,-0.0017470971,0.0044707024,9.7937542009,0.0001761142,0.0000738874,0.0241035043
559052.1800242499,-0.0010995064,-0.0054409766,9.7935920820,-0.0005512799,0.0000955887,0.0237346861
559052.1900242500,-0.0002224003,0.0040195133,9.7934362847,-0.0000844449,0.0000738874,0.0228668786
559052.2000242500,-0.0003487015,-0.0020823275,9.7937397827,-0.0002038678,0.0000847381,0.0219990711
559052.2100242500,-0.0008283181,0.0035592926,9.7937461699,-0.0004644269,0.0000738874,0.0208492262
559052.2200242500,0.0007215086,-0.0017731051,9.7941885703,0.0001435444,0.0000738874,0.0195909053
559052.2300242500,-0.0003540844,-0.0010145697,9.7935877612,-0.0007249860,0.0000630368,0.0188966593
559052.2400242500,0.0003889292,0.0037169606,9.7934310702,0.0003281071,0.0000738874,0.0180613946
559052.2500242500,0.0001125301,-0.0023856444,9.7940408565,-0.0007466993,0.0000955887,0.0171501968
559052.2600242500,-0.0014342647,0.0027940875,9.7939034058,0.0002738239,0.0000521862,0.0165210363
559052.2700242500,-0.0000347366,-0.0046739651,9.7935835496,-0.0004861401,0.0000955887,0.0155230577
559052.2800242500,0.0008430505,0.0055489511,9.7938856304,-0.0000844449,0.0000630368,0.0146552502
559052.2900242500,-0.0005043544,-0.0028452402,9.7929781539,-0.0000518750,0.0000738874,0.0138742235
559052.3000242501,-0.0006602007,0.0008141556,9.7943536846,-0.0005838498,0.0000738874,0.0128437021
559052.3100242499,-0.0003570303,0.0000530493,9.7937407593,0.0003932468,0.0000738874,0.0120626754
559052.3200242500,0.0002632802,-0.0019274384,9.7940397970,-0.0007141294,0.0000955887,0.0112816486
559052.3300242500,0.0005409552,0.0047850660,9.7938878191,0.0003823902,0.0000630368,0.0103053652
559052.3400242500,-0.0015601144,-0.0049852023,9.7934435877,-0.0006055631,0.0000738874,0.0094701005
559052.3500242500,-0.0009850461,0.0043213713,9.7935952777,0.0001652576,0.0000738874,0.0085589026
559052.3600242500,-0.0000376252,-0.0029963773,9.7940418462,-0.0002581509,0.0000738874,0.0075934668
559052.3700242500,0.0006970883,0.0041755141,9.7940387811,-0.0002364377,0.0000738874,0.0068775256
559052.3800242500,-0.0000453877,-0.0013185118,9.7938901038,0.0002303974,0.0000738874,0.0058686994
559052.3900242500,-0.0020331296,-0.0004114095,9.7937545061,-0.0005729932,0.0000847381,0.0049358064
559052.4000242500,0.0004028417,0.0026487167,9.7946506600,0.0005018131,0.0000521862,0.0042198652
559052.4100242500,0.0002595387,-0.0028421832,9.7931243199,-0.0006707028,0.0000955887,0.0033086673
559052.4200242501,0.0002461137,0.0034107954,9.7944997678,0.0003715336,0.0000738874,0.0026035738
559052.4300242499,0.0005705864,-0.0040612175,9.7932737342,-0.0004101437,0.0000738874,0.0018767850
559052.4400242500,-0.0008379515,0.0047797857,9.7931366889,0.0001001178,0.0000413356,0.0007160925
559052.4500242500,0.0005736470,-0.0039088989,9.7937313332,-0.0000518750,0.0000738874,0.0000760844
559052.4600242500,-0.0005130774,0.0015775543,9.7940477451,-0.0002472943,0.0000847381,0.0000760844
559052.4700242500,-0.0006579357,-0.0010158897,9.7937428085,0.0003172504,0.0000738874,0.0000977796
559052.4800242500,-0.0000453877,-0.0013185118,9.7938901038,-0.0005621366,0.0000955887,0.0001086272
559052.4900242500,-0.0011293096,0.0015754004,9.7932902713,0.0004692432,0.0000413356,0.0002713411
559052.5000242500,-0.0003349611,-0.0049804778,9.7940434769,-0.0006164197,0.0000847381,0.0003147315
559052.5100242500,-0.0015927774,0.0040137469,9.7937527229,0.0003932468,0.0000738874,0.0002930363
559052.5200242500,0.0004271186,-0.0048248245,9.7940372029,-0.0003558606,0.0000847381,0.0002821887
559052.5300242500,-0.0015921825,0.0038612200,9.7937526531,0.0000241214,0.0000630368,0.0002604935
559052.5400242500,-0.0003397777,-0.0043702313,9.7937387364,0.0000675479,0.0000955887,0.0002062556
559052.5500242501,-0.0015784421,0.0009630697,9.7940563472,-0.0004210004,0.0000738874,0.0002062556
559052.5600242499,-0.0014326233,0.0008115847,9.7931399502,0.0003932468,0.0000413356,0.0002496459
559052.5700242500,-0.0006489833,-0.0029988090,9.7938944114,-0.0006164197,0.0000955887,0.0001954080
559052.5800242500,-0.0014403859,0.0024894502,9.7929882078,0.0005018131,0.0000521862,0.0001954080
559052.5900242500,-0.0015546454,-0.0051380070,9.7940535570,-0.0004969968,0.0000955887,0.0002279508
559052.6000242500,-0.0011369001,0.0050831723,9.7940544245,0.0002629673,0.0000738874,0.0002062556
559052.6100242500,-0.0003434046,-0.0040650386,9.7934338564,-0.0002038678,0.0000738874,0.0001737128
559052.6200242500,-0.0000541968,0.0021893295,9.7945017472,-0.0001387280,0.0000847381,0.0002279508
559052.6300242500,0.0008781792,-0.0031451526,9.7940341640,0.0001869709,0.0000847381,0.0001737128
559052.6400242500,-0.0009701159,0.0011181672,9.7938988323,-0.0004861401,0.0000630368,0.0001520176
559052.6500242500,-0.0006620715,0.0003567832,9.7938959460,0.0004583866,0.0000738874,0.0001845604
559052.6600242500,-0.0004917177,-0.0045233835,9.7937399353,-0.0006381330,0.0001064393,0.0001845604
559052.6700242501,-0.0014378628,0.0034042646,9.7937511751,0.0004800999,0.0000304849,0.0001845604
559052.6800242499,-0.0007931607,-0.0048298267,9.7940473528,-0.0004861401,0.0000847381,0.0001520176
559052.6900242500,-0.0003719032,0.0038662222,9.7937425032,0.0001218311,0.0000738874,0.0001954080
559052.7000242500,-0.0001860530,-0.0046746598,9.7937373281,-0.0000301617,0.0000847381,0.0001303224
559052.7100242500,-0.0011208087,0.0012699300,9.7942051903,-0.0003232907,0.0000738874,0.0001954080
559052.7200242500,-0.0017293069,-0.0007150739,9.7934468096,0.0003823902,0.0000413356,0.0001194748
559052.7300242500,-0.0006513343,-0.0020837169,9.7940473397,-0.0005838498,0.0000847381,0.0001845604
559052.7400242500,-0.0002128242,0.0021890514,9.7937404671,0.0004800999,0.0000413356,0.0001086272
559052.7500242500,-0.0023221366,-0.0045308868,9.7937551602,-0.0005838498,0.0000955887,0.0001737128
559052.7600242500,-0.0012871127,0.0038624706,9.7937501156,0.0003498203,0.0000738874,0.0001303224
559052.7700242500,-0.0012538260,-0.0049840212,9.7935935600,-0.0003558606,0.0000738874,0.0001194748
559052.7800242510,-0.0005238432,0.0037130701,9.7937437022,0.0000132648,0.0000738874,0.0002062556
559052.7900242510,-0.0000328085,-0.0036066239,9.7943465867,0.0000566913,0.0000738874,0.0000977796
559052.8000242510,-0.0014288818,0.0017263296,9.7940554273,-0.0003232907,0.0000738874,0.0001628652
559052.8100242510,-0.0012693225,-0.0013233057,9.7934427244,0.0003281071,0.0000738874,0.0000977796
559052.8200242510,-0.0009546480,-0.0028475327,9.7938970186,-0.0005729932,0.0000847381,0.0000652368
559052.8300242510,-0.0009760650,0.0026434364,9.7938995299,0.0004692432,0.0000521862,0.0001845604
559052.8400242510,-0.0009480466,-0.0039153599,9.7942015499,-0.0005838498,0.0001064393,0.0000977796
559052.8500242510,-0.0023507213,0.0024854208,9.7936058592,0.0003823902,0.0000521862,0.0001194748
559052.8600242510,-0.0010951986,-0.0049837431,9.7943548401,-0.0003558606,0.0000847381,0.0001737128
559052.8700242511,-0.0000643964,0.0038673339,9.7940449852,0.0000675479,0.0000738874,0.0000760844
559052.8800242509,-0.0020164432,-0.0043771788,9.7939052022,-0.0000193051,0.0000738874,0.0001086272
559052.8900242510,-0.0024924617,0.0006542642,9.7940638202,-0.0003232907,0.0000847381,0.0001628652
559052.9000242510,0.0004140877,-0.0008592635,9.7943440361,0.0003498203,0.0000521862,0.0000652368
559052.9100242510,-0.0012639109,-0.0020860792,9.7937473951,-0.0005512799,0.0000847381,0.0000652368
559052.9200242510,-0.0012787552,0.0020320781,9.7939017883,0.0004909565,0.0000738874,0.0001411700
559052.9300242510,-0.0011067314,-0.0045256068,9.7931349713,-0.0005621366,0.0000738874,0.0001737128
559052.9400242510,-0.0005226821,0.0031030318,9.7935909134,0.0003281071,0.0000738874,0.0000435417
559052.9500242510,0.0001177696,-0.0049783242,9.7934296316,-0.0002907208,0.0000847381,0.0000869320
559052.9600242510,-0.0005171271,0.0038651803,9.7946588305,-0.0000627316,0.0000738874,0.0001411700
559052.9700242510,-0.0012621835,-0.0031536287,9.7934418873,0.0001326877,0.0000304849,0.0001194748
559052.9800242510,-0.0003594673,0.0000531882,9.7934357398,-0.0004752835,0.0000955887,0.0000435417
559052.9900242510,0.0007095242,0.0003624801,9.7937320176,0.0004909565,0.0000738874,0.0000977796
559053.0000242511,-0.0011029612,-0.0033058776,9.7942030976,-0.0006272763,0.0000738874,0.0001086272
559053.0100242510,-0.0012840808,0.0037098048,9.7940550654,0.0004475300,0.0000738874,0.0001520176
559053.0200242510,-0.0001818599,-0.0054373639,9.7938894891,-0.0004861401,0.0000847381,0.0000218465
559053.0300242510,-0.0009820715,0.0035587367,9.7935949289,0.0001978275,0.0000413356,0.0000652368
559053.0400242510,0.0002703619,-0.0043677302,9.7937336614,-0.0001278714,0.0000955887,0.0000869320
559053.0500242510,-0.0003683624,0.0026460763,9.7935894354,-0.0001278714,0.0000738874,0.0001086272
559053.0600242510,-0.0014152847,-0.0026967427,9.7935958751,0.0001978275,0.0000630368,0.0000869320
559053.0700242510,0.0005629671,-0.0008584300,9.7938852381,-0.0004210004,0.0001064393,0.0000218465
559053.0800242510,-0.0018787239,0.0000465882,9.7942109759,0.0003498203,0.0000738874,0.0000435417
559053.0900242510,-0.0011138130,-0.0020853150,9.7934411069,-0.0005404233,0.0000847381,0.0000869320
559053.1000242510,-0.0015850722,0.0017259126,9.7935991668,0.0004475300,0.0000521862,0.0001411700
559053.1100242510,-0.0004892520,-0.0042185380,9.7941976041,-0.0005512799,0.0000847381,0.0001411700
559053.1200242511,-0.0003707134,0.0035611684,9.7937423637,0.0003932468,0.0000413356,0.0000326941
559053.1300242509,-0.0006345333,-0.0048295486,9.7948086329,-0.0003558606,0.0000738874,0.0000109989
559053.1400242510,-0.0011357676,0.0041681497,9.7937489864,0.0000458347,0.0000738874,0.0000543893
559053.1500242510,-0.0014057947,-0.0054421578,9.7934421097,0.0000241214,0.0000738874,0.0000869320
559053.1600242510,-0.0017321095,0.0018774671,9.7943630540,-0.0003775739,0.0000847381,0.0001086272
559053.1700242510,0.0000975425,0.0002075909,9.7934320033,0.0004149601,0.0000521862,0.0001194748
559053.1800242510,-0.0008014895,-0.0026944499,9.7940483294,-0.0006598462,0.0000847381,0.0000218465
559053.1900242510,-0.0008199319,0.0020338845,9.7940504919,0.0005452396,0.0000738874,0.0000652368
559053.2000242510,-0.0015588959,-0.0049852717,9.7935960975,-0.0005295667,0.0000847381,0.0000435417
559053.2100242510,-0.0018965140,0.0052323645,9.7945183672,0.0002303974,0.0000738874,0.0000218465
559053.2200242510,0.0005747508,-0.0051289059,9.7932732459,-0.0001604413,0.0000847381,0.0000543893
559053.2300242510,-0.0003599762,0.0011206683,9.7938937573,-0.0001930112,0.0000738874,0.0000543893
559053.2400242510,-0.0008081196,-0.0019316070,9.7935911489,0.0002846805,0.0000521862,0.0000869320
559053.2500242511,-0.0015737114,-0.0005621300,9.7939031399,-0.0005621366,0.0000847381,0.0001194748
559053.2600242510,0.0002477264,0.0011233083,9.7935836629,0.0005235264,0.0000738874,0.0000760844
559053.2700242510,-0.0015606519,-0.0042227066,9.7937489560,-0.0006272763,0.0000847381,0.0000001513
559053.2800242510,-0.0006752170,0.0031024065,9.7935921821,0.0004149601,0.0000521862,0.0000869320
559053.2900242510,-0.0003404587,-0.0051326575,9.7932808583,-0.0004101437,0.0000847381,0.0000001513
559053.3000242510,-0.0003706274,0.0044761216,9.7942003115,0.0000892612,0.0000738874,0.0000218465
559053.3100242510,0.0001227010,-0.0043686332,9.7943449692,-0.0000301617,0.0000738874,0.0000869320
559053.3200242510,-0.0023387083,0.0006548201,9.7942150612,-0.0002690076,0.0000738874,0.0000543893
559053.3300242510,0.0002590585,-0.0014697187,9.7937349868,0.0003606769,0.0000738874,0.0000760844
559053.3400242510,-0.0003600909,-0.0000992693,9.7932831603,-0.0005729932,0.0000955887,0.0000652368
559053.3500242510,-0.0011250878,0.0011176808,9.7935950815,0.0004583866,0.0000738874,0.0000977796
559053.3600242510,-0.0011000726,-0.0049834653,9.7937448010,-0.0005838498,0.0000738874,0.0000869320
559053.3700242511,-0.0014359921,0.0038616370,9.7942089136,0.0004041035,0.0000521862,0.0000109989
559053.3800242509,-0.0004874960,-0.0049811031,9.7940447456,-0.0003775739,0.0000738874,0.0001194748
559053.3900242510,-0.0008264760,0.0037116806,9.7940512592,0.0000675479,0.0000630368,0.0000001513
559053.4000242510,-0.0006400022,-0.0046767440,9.7941986636,0.0000132648,0.0000738874,0.0000326941
559053.4100242510,-0.0008187421,0.0017288307,9.7940503523,-0.0002798642,0.0000738874,0.0000869320
559053.4200242510,-0.0003516761,-0.0013196929,9.7937401315,0.0002955372,0.0000847381,0.0000435417
559053.4300242510,-0.0008099044,-0.0014740262,9.7935913582,-0.0005404233,0.0000738874,0.0000218465
559053.4400242510,-0.0026479712,0.0014162735,9.7940654377,0.0004149601,0.0000521862,0.0000326941
559053.4500242510,-0.0001859670,-0.0037597066,9.7941952759,-0.0005404233,0.0000847381,0.0000435417
559053.4600242510,-0.0009723808,0.0029482124,9.7945097084,0.0004149601,0.0000738874,0.0000435417
559053.4700242510,-0.0003451607,-0.0033024734,9.7935867149,-0.0004752835,0.0000847381,0.0000326941
559053.4800242510,-0.0012805113,0.0027946433,9.7940546468,0.0002195408,0.0000738874,0.0000435417
559053.4900242510,-0.0006382748,-0.0057442935,9.7938931558,-0.0002255810,0.0000738874,0.0000543893
559053.5000242511,-0.0003766912,0.0047814532,9.7935904120,-0.0000735882,0.0000738874,0.0000543893
559053.5100242510,-0.0008003571,-0.0036094725,9.7937428914,0.0001218311,0.0000738874,0.0000760844
559053.5200242510,-0.0018787239,0.0000465882,9.7942109759,-0.0003884305,0.0000738874,0.0000652368
559053.5300242510,-0.0006645372,0.0000519376,9.7934382773,0.0004692432,0.0000521862,0.0000001513
559053.5400242510,-0.0020204930,-0.0020895528,9.7945162876,-0.0006489896,0.0000955887,0.0000652368
559053.5500242510,-0.0009766313,0.0031009477,9.7940522489,0.0004909565,0.0000413356,0.0000109989
559053.5600242510,-0.0007908671,-0.0063548876,9.7935891260,-0.0005295667,0.0000738874,0.0000435417
559053.5700242510,-0.0003694089,0.0044760522,9.7943528213,0.0002195408,0.0000738874,0.0000326941
559053.5800242510,-0.0012592376,-0.0042212477,9.7932888893,-0.0001495846,0.0000738874,0.0000001513
559053.5900242510,-0.0014330462,0.0027940180,9.7940559156,-0.0001604413,0.0000738874,0.0000869320
559053.6000242510,-0.0008003571,-0.0036094725,9.7937428914,0.0002412540,0.0000847381,0.0000109989
559053.6100242510,-0.0005059384,-0.0002527687,9.7940469080,-0.0005404233,0.0000738874,0.0000109989
559053.6200242511,-0.0008205555,0.0018814271,9.7938979123,0.0004909565,0.0000738874,0.0000543893
559053.6300242509,-0.0015618991,-0.0045276215,9.7934437970,-0.0006381330,0.0000847381,0.0000326941
559053.6400242510,-0.0009796059,0.0038635823,9.7940525977,0.0004149601,0.0000413356,0.0000326941
559053.6500242510,-0.0006442526,-0.0045240087,9.7937412041,-0.0003884305,0.0000847381,0.0000326941
559053.6600242510,-0.0011296751,0.0041678025,9.7945115352,0.0001109745,0.0000738874,0.0000326941
559053.6700242510,-0.0011024810,-0.0046783421,9.7935924308,-0.0000193051,0.0000738874,0.0000218465
559053.6800242510,-0.0011250018,0.0020326340,9.7940530293,-0.0003232907,0.0000847381,0.0000326941
559053.6900242510,-0.0002033343,-0.0005563636,9.7935867018,0.0003281071,0.0000738874,0.0000435417
559053.7000242510,-0.0006525241,-0.0017786631,9.7940474792,-0.0005729932,0.0000738874,0.0000435417
559053.7100242510,-0.0009749325,0.0017284137,9.7935940918,0.0004909565,0.0000521862,0.0000543893
559053.7200242510,-0.0004910368,-0.0037609572,9.7941978134,-0.0005729932,0.0000955887,0.0000218465
559053.7300242510,-0.0015921538,0.0041662044,9.7939053024,0.0004041035,0.0000738874,0.0000326941
559053.7400242510,-0.0009420974,-0.0054406291,9.7942008523,-0.0003884305,0.0000738874,0.0000218465
559053.7500242511,-0.0011291375,0.0034053068,9.7942061669,0.0000241214,0.0000738874,0.0000326941
559053.7600242510,-0.0014099018,-0.0037645005,9.7937478965,0.0000566913,0.0000738874,0.0000435417
559053.7700242510,-0.0012781889,0.0015745668,9.7937490693,-0.0003992871,0.0000738874,0.0000326941
559053.7800242510,-0.0008141262,-0.0010163066,9.7932865479,0.0004041035,0.0000738874,0.0000326941
559053.7900242510,-0.0009527773,-0.0023901602,9.7943547572,-0.0005947064,0.0000738874,0.0000326941
559053.8000242510,-0.0009778211,0.0034060015,9.7940523884,0.0005018131,0.0000413356,0.0000218465
559053.8100242510,-0.0012513890,-0.0049841600,9.7938985795,-0.0005729932,0.0000955887,0.0000326941
559053.8200242510,-0.0015879607,0.0034035004,9.7940574633,0.0003172504,0.0000738874,0.0000435417
559053.8300242510,0.0001238335,-0.0052836558,9.7940395311,-0.0002798642,0.0000413356,0.0000435417
559053.8400242510,-0.0008276659,0.0040167345,9.7940513987,-0.0000953015,0.0000847381,0.0000543893
559053.8500242520,0.0001094408,-0.0028429474,9.7934306082,0.0002086841,0.0000738874,0.0000326941
559053.8600242520,-0.0012650148,-0.0008660722,9.7942054825,-0.0004969968,0.0000847381,0.0000435417
559053.8700242520,-0.0003581915,0.0006630876,9.7938935481,0.0004800999,0.0000521862,0.0000543893
559053.8800242520,-0.0009552430,-0.0026950057,9.7938970884,-0.0006381330,0.0000847381,0.0000435417
559053.8900242520,-0.0017351127,0.0023351173,9.7942107535,0.0003932468,0.0000304849,0.0000869320
559053.9000242520,-0.0010982592,-0.0051360617,9.7938972410,-0.0004752835,0.0000738874,0.0000435417
559053.9100242520,-0.0008258811,0.0035591537,9.7940511894,0.0002629673,0.0000630368,0.0000001513
559053.9200242520,-0.0009456096,-0.0039154988,9.7945065694,-0.0002255810,0.0000738874,0.0001086272
559053.9300242520,-0.0006721564,0.0032547251,9.7940497812,-0.0000193051,0.0000955887,-0.0000540867
559053.9400242520,-0.0010994204,-0.0045260235,9.7940500298,0.0000458347,0.0000738874,0.0001194748
559053.9500242519,-0.0008145204,0.0012711111,9.7943551626,-0.0003232907,0.0000847381,-0.0000215439
559053.9600242520,-0.0011118563,-0.0007129894,9.7943567932,0.0002412540,0.0000738874,0.0000760844
559053.9700242520,-0.0008068725,-0.0016266920,9.7938963079,-0.0005078534,0.0000738874,0.0000218465
559053.9800242520,-0.0018841928,0.0001993929,9.7936010067,0.0004692432,0.0000521862,0.0000109989
559053.9900242520,-0.0020199554,-0.0028520485,9.7942109193,-0.0005621366,0.0000738874,0.0000869320
