t(s),acc_x,acc_y,acc_z,gyro_x,gyro_y,gyro_z
558958.0000241620,-0.0008254009,0.0021866892,9.7934405226,-0.0001061581,0.0000738874,0.0000218465
558958.0100241620,-0.0024817819,-0.0023962047,9.7939099153,0.0001869709,0.0000738874,0.0000326941
558958.0200241620,-0.0026450540,0.0000436702,9.7937597904,-0.0004535703,0.0000738874,0.0000218465
558958.0300241620,0.0010151316,-0.0003987651,9.7934241119,0.0004149601,0.0000521862,0.0000326941
558958.0400241620,0.0002668211,-0.0031475843,9.7938867292,-0.0006164197,0.0001064393,0.0000326941
558958.0500241620,-0.0024996580,0.0018746184,9.7937593587,0.0004583866,0.0000413356,0.0000543893
558958.0600241621,-0.0017114308,-0.0049858970,9.7935973662,-0.0005404233,0.0000738874,0.0000218465
558958.0700241619,0.0006958411,0.0038705992,9.7937336220,0.0003172504,0.0000738874,0.0000326941
558958.0800241620,0.0008840710,-0.0052803906,9.7937281679,-0.0002472943,0.0000738874,0.0000218465
558958.0900241620,-0.0026538630,0.0035515115,9.7943714338,-0.0000301617,0.0000847381,0.0000326941
558958.1000241620,-0.0020187942,-0.0034620867,9.7940581305,0.0001001178,0.0000738874,0.0000326941
558958.1100241620,-0.0000567485,0.0009695308,9.7935861306,-0.0004535703,0.0000738874,0.0000326941
558958.1200241620,0.0002506436,-0.0002492951,9.7932780156,0.0004366733,0.0000847381,0.0000326941
558958.1300241620,-0.0023317413,-0.0030054093,9.7932983285,-0.0005947064,0.0000847381,0.0000326941
558958.1400241620,-0.0017447748,0.0032506260,9.7934486233,0.0005343830,0.0000304849,0.0000326941
558958.1500241620,0.0007315648,-0.0049760314,9.7938820859,-0.0005512799,0.0000847381,0.0000326941
558958.1600241620,0.0005493987,0.0038696267,9.7944974396,0.0002738239,0.0000738874,0.0000435417
558958.1700241620,-0.0015558926,-0.0054429219,9.7937483980,-0.0002038678,0.0000955887,0.0000326941
558958.1800241621,-0.0020413437,0.0029439049,9.7943660798,-0.0001604413,0.0000738874,0.0000001513
558958.1900241619,0.0004085041,-0.0019263965,9.7931234697,0.0002412540,0.0000630368,-0.0003469717
558958.2000241620,0.0019322118,0.0000623590,9.7938742380,-0.0004861401,0.0000847381,-0.0015510546
558958.2100241620,0.0007012527,0.0031078257,9.7940382928,0.0005126697,0.0000738874,-0.0034819263
558958.2200241620,-0.0015677909,-0.0023923836,9.7937497931,-0.0005512799,0.0000738874,-0.0049029610
558958.2300241620,0.0008466200,0.0046337896,9.7938852118,0.0005018131,0.0000738874,-0.0062155198
558958.2400241620,0.0016408251,-0.0034470106,9.7938751711,-0.0004101437,0.0000847381,-0.0073219744
558958.2500241620,-0.0002103012,0.0031038657,9.7945034345,0.0002303974,0.0000630368,-0.0079077444
558958.2600241620,-0.0012543063,-0.0036115567,9.7942042268,-0.0000193051,0.0001064393,-0.0087538567
558958.2700241620,-0.0002169887,0.0032567399,9.7937409554,-0.0001061581,0.0000738874,-0.0095782739
558958.2800241620,0.0007191576,-0.0008580130,9.7943414986,0.0003715336,0.0000521862,-0.0101965867
558958.2900241630,0.0004074003,-0.0007063894,9.7935815571,-0.0004427136,0.0000847381,-0.0111186322
558958.3000241630,-0.0005137296,0.0011201125,9.7937425163,0.0005560963,0.0000847381,-0.0118128781
558958.3100241630,0.0001047101,-0.0013177477,9.7935838155,-0.0005295667,0.0000847381,-0.0127349236
558958.3200241630,-0.0005250331,0.0040181239,9.7937438417,0.0005343830,0.0000630368,-0.0138739209
558958.3300241630,0.0008888590,-0.0061956215,9.7938802591,-0.0003124341,0.0000738874,-0.0146657953
558958.3400241630,0.0003902624,0.0049368287,9.7941941771,0.0002629673,0.0000847381,-0.0156203835
558958.3500241630,-0.0014122241,-0.0025444241,9.7940534741,0.0000458347,0.0000521862,-0.0166292097
558958.3600241630,-0.0017387682,0.0023353256,9.7937532243,-0.0000953015,0.0000738874,-0.0172909129
558958.3700241630,0.0005695399,-0.0022312417,9.7940371200,0.0004366733,0.0000738874,-0.0183214343
558958.3800241631,0.0007107427,0.0003624107,9.7938845274,-0.0003667172,0.0001064393,-0.0191892418
558958.3900241629,-0.0005232770,0.0032555587,9.7935909832,0.0006212360,0.0000521862,-0.0199268782
558958.4000241630,-0.0006483024,-0.0022363827,9.7943522895,-0.0004318570,0.0000738874,-0.0210984183
558958.4100241630,-0.0008277232,0.0034067657,9.7937461001,0.0006320927,0.0000413356,-0.0218252070
558958.4200241630,0.0008823436,-0.0042128410,9.7940336757,-0.0002798642,0.0000955887,-0.0225303006
558958.4300241630,0.0012988418,0.0057034233,9.7937293842,0.0003932468,0.0000955887,-0.0236150600
558958.4400241630,-0.0017107498,-0.0042234707,9.7940552443,0.0000349781,0.0000738874,-0.0242116776
558958.4500241630,-0.0002127382,0.0031040046,9.7941984150,0.0000024082,0.0000738874,-0.0252096562
558958.4600241630,0.0004116221,-0.0011641091,9.7938863673,0.0004692432,0.0000521862,-0.0263378060
558958.4700241630,0.0000988183,0.0008174903,9.7938898116,-0.0003124341,0.0000738874,-0.0268910332
558958.4800241630,-0.0005166469,0.0024927158,9.7940481636,0.0007515156,0.0000521862,-0.0281927445
558958.4900241630,-0.0012573669,-0.0037638753,9.7937466278,-0.0003992871,0.0000738874,-0.0289303808
558958.5000241630,-0.0002174689,0.0046292044,9.7943516223,0.0006646626,0.0000630368,-0.0294510653
558958.5100241631,0.0014906985,-0.0037527592,9.7940288101,-0.0001495846,0.0000955887,-0.0304056536
558958.5200241629,-0.0012846757,0.0038623317,9.7940551351,0.0002738239,0.0000738874,-0.0312734611
558958.5300241630,-0.0018722945,-0.0028511454,9.7935996115,0.0003606769,0.0000630368,-0.0320002498
558958.5400241630,-0.0008181185,0.0018812882,9.7942029319,-0.0001278714,0.0000847381,-0.0332151803
558958.5500241630,0.0016174800,0.0009766172,9.7931146452,0.0007080891,0.0000304849,-0.0339094263
558958.5600241630,-0.0001949767,-0.0023867561,9.7937383745,-0.0003232907,0.0000955887,-0.0347880814
558958.5700241630,-0.0003695236,0.0032561146,9.7937422242,0.0007840855,0.0000738874,-0.0359704691
558958.5800241630,-0.0007967302,-0.0039146652,9.7940477714,-0.0002472943,0.0000630368,-0.0366213247
558958.5900241630,0.0008460537,0.0050913009,9.7940379309,0.0005669529,0.0000630368,-0.0375976081
558958.6000241630,0.0007255009,-0.0046706999,9.7932721864,0.0001544010,0.0000847381,-0.0383786349
558958.6100241630,-0.0002091114,0.0027988119,9.7945032950,0.0001435444,0.0000738874,-0.0390294905
558958.6200241630,-0.0000477961,-0.0010133885,9.7937377335,0.0005995228,0.0000630368,-0.0401467926
558958.6300241631,0.0001024165,0.0002073132,9.7940420424,-0.0002038678,0.0000955887,-0.0410037525
558958.6400241629,0.0008609553,0.0015831124,9.7941888362,0.0008492253,0.0000521862,-0.0417196937
558958.6500241630,-0.0007990525,-0.0026945888,9.7943533489,-0.0003341473,0.0000955887,-0.0428369958
558958.6600241630,-0.0017482869,0.0047757563,9.7937543404,0.0007840855,0.0000413356,-0.0434770039
558958.6700241630,0.0004271186,-0.0048248245,9.7940372029,-0.0000518750,0.0000955887,-0.0442905734
558958.6800241630,0.0002364230,0.0040213197,9.7935849883,0.0005235264,0.0000738874,-0.0454512659
558958.6900241630,0.0007225837,-0.0032980965,9.7935778337,0.0003389637,0.0000738874,-0.0460261884
558958.7000241630,-0.0008264187,0.0043216494,9.7943565577,0.0000349781,0.0000847381,-0.0470024718
558958.7100241630,0.0001089893,-0.0011654985,9.7941939243,0.0007080891,0.0000304849,-0.0480112980
558958.7200241630,-0.0001997934,-0.0017765095,9.7934336340,-0.0001495846,0.0000955887,-0.0484994397
558958.7300241630,0.0013107688,0.0029578694,9.7938806383,0.0009360783,0.0000521862,-0.0495299611
558958.7400241630,-0.0009552716,-0.0029999901,9.7937444391,-0.0001821545,0.0000847381,-0.0505821777
558958.7500241630,-0.0006799763,0.0043226219,9.7935927402,0.0008057987,0.0000521862,-0.0513740520
558958.7600241631,0.0005790299,-0.0049766567,9.7938833547,0.0000458347,0.0000955887,-0.0522744023
558958.7700241629,0.0008453441,0.0040238903,9.7934274035,0.0005343830,0.0000630368,-0.0529903434
558958.7800241630,-0.0008106427,-0.0028464213,9.7928281816,0.0003932468,0.0000413356,-0.0536628942
558958.7900241630,-0.0002103012,0.0031038657,9.7945034345,0.0001435444,0.0001064393,-0.0550188434
558958.8000241630,-0.0003505149,-0.0019297312,9.7935873427,0.0007623722,0.0000304849,-0.0557239370
558958.8100241630,0.0007089006,0.0002100226,9.7935794381,-0.0000518750,0.0000847381,-0.0565700493
558958.8200241630,0.0019251588,0.0028076352,9.7943330229,0.0009795048,0.0000955887,-0.0576222659
558958.8300241630,-0.0004983192,-0.0034555562,9.7934354041,-0.0001604413,0.0000630368,-0.0582622739
558958.8400241630,-0.0002145516,0.0032566010,9.7940459750,0.0009143650,0.0000630368,-0.0592602525
558958.8500241630,-0.0011054269,-0.0036107231,9.7937454288,0.0000349781,0.0000738874,-0.0601172124
558958.8600241630,-0.0009807957,0.0041686361,9.7940527372,0.0006103794,0.0000630368,-0.0606595921
558958.8700241630,-0.0001919735,-0.0028444063,9.7938906749,0.0004475300,0.0000738874,-0.0618745226
558958.8800241631,-0.0009706534,0.0018806629,9.7942042006,0.0002629673,0.0000738874,-0.0627423301
558958.8900241629,0.0025477344,-0.0010028977,9.7940211845,0.0008275120,0.0000630368,-0.0634908140
558958.9000241630,0.0005618060,-0.0002483917,9.7940380269,-0.0000084485,0.0000738874,-0.0645213354
558958.9100241630,0.0002429097,0.0017335548,9.7932789224,0.0010120747,0.0000630368,-0.0651288007
558958.9200241630,-0.0003451893,-0.0036074578,9.7934340656,-0.0000844449,0.0000847381,-0.0660399985
558958.9300241630,0.0003932370,0.0041741942,9.7941938283,0.0009795048,0.0000630368,-0.0672006911
558958.9400241630,0.0004259574,-0.0042147863,9.7941899917,0.0001652576,0.0000847381,-0.0677973087
558958.9500241630,-0.0005219438,0.0044754269,9.7943540900,0.0006755192,0.0000521862,-0.0687085066
558958.9600241630,-0.0001877517,-0.0033021259,9.7941954852,0.0005343830,0.0000521862,-0.0696088568
558958.9700241630,-0.0017351127,0.0023351173,9.7942107535,0.0002629673,0.0000630368,-0.0703790360
558958.9800241630,0.0007149931,0.0002096754,9.7943419869,0.0009143650,0.0000413356,-0.0714204050
558958.9900241630,0.0002603057,-0.0011648038,9.7940401458,-0.0000301617,0.0000847381,-0.0722990600
558959.0000241630,-0.0003689860,0.0024936189,9.7934368559,0.0011314976,0.0000630368,-0.0729607633
558959.0100241631,-0.0003481639,-0.0028448232,9.7934344144,0.0000458347,0.0000847381,-0.0742516269
558959.0200241629,-0.0015952144,0.0040138858,9.7934477033,0.0009360783,0.0000521862,-0.0747397686
558959.0300241630,0.0008744377,-0.0040598975,9.7931186869,0.0003063938,0.0000521862,-0.0755099478
558959.0400241630,0.0014609240,0.0035686023,9.7938796486,0.0006646626,0.0001064393,-0.0766597927
558959.0500241630,0.0008817487,-0.0040603141,9.7940337455,0.0005886662,0.0000304849,-0.0773757339
558959.0600241630,-0.0005262802,0.0037132089,9.7934386827,0.0004149601,0.0000521862,-0.0784171028
558959.0700241630,0.0002639612,-0.0011650121,9.7944976751,0.0008600819,0.0000521862,-0.0794042339
558959.0800241630,0.0001077994,-0.0008604447,9.7941940638,0.0001869709,0.0000738874,-0.0799249183
558959.0900241630,-0.0017333567,0.0015725521,9.7940578950,0.0011423543,0.0000521862,-0.0806950975
558959.1000241630,-0.0000454451,-0.0019284806,9.7935848052,0.0000024082,0.0000738874,-0.0818123996
558959.1100241630,-0.0008301029,0.0040168733,9.7937463792,0.0011423543,0.0000630368,-0.0824741028
558959.1200241630,-0.0000328945,-0.0045215771,9.7938886389,0.0001652576,0.0000738874,-0.0836239478
558959.1300241631,0.0012987557,0.0047884701,9.7932714364,0.0009252217,0.0000521862,-0.0845026028
558959.1400241629,-0.0004940687,-0.0036082914,9.7938928636,0.0005886662,0.0000738874,-0.0853161724
558959.1500241630,-0.0014420273,0.0044719530,9.7937516634,0.0005235264,0.0000738874,-0.0862599130
558959.1600241630,0.0008788028,-0.0029926951,9.7941867435,0.0009469349,0.0000738874,-0.0870083970
558959.1700241630,0.0005618920,0.0006665615,9.7944959747,0.0001869709,0.0000738874,-0.0878870520
558959.1800241630,0.0005479795,0.0017348054,9.7932763849,0.0012074940,0.0000521862,-0.0890368970
558959.1900241630,-0.0023279998,-0.0020906644,9.7942138056,0.0000892612,0.0000630368,-0.0896660574
558959.2000241630,-0.0009790396,0.0034060710,9.7938998786,0.0012074940,0.0000196343,-0.0907182740
558959.2100241630,0.0008798779,-0.0045176865,9.7935760069,0.0002738239,0.0000955887,-0.0914016724
558959.2200241630,-0.0002218053,0.0038669864,9.7934362149,0.0010229313,0.0000304849,-0.0920091376
558959.2300241630,-0.0007966155,-0.0026947276,9.7946583684,0.0005343830,0.0000847381,-0.0931589825
558959.2400241630,-0.0002061368,0.0020361773,9.7945029462,0.0006212360,0.0000847381,-0.0940376376
558959.2500241630,0.0010240267,-0.0029916532,9.7932704163,0.0009686482,0.0000304849,-0.0947318836
558959.2600241631,0.0007138607,0.0011246981,9.7946474250,0.0002629673,0.0000955887,-0.0958491858
558959.2700241629,-0.0012787552,0.0020320781,9.7939017883,0.0012943471,0.0000304849,-0.0966410601
558959.2800241630,-0.0008014609,-0.0023894655,9.7942009787,0.0001652576,0.0000521862,-0.0974003916
558959.2900241630,0.0003962403,0.0037165440,9.7943461288,0.0012834904,0.0000738874,-0.0984634558
558959.3000241630,-0.0007991959,-0.0042195108,9.7935901026,0.0003063938,0.0000630368,-0.0991034638
558959.3100241630,-0.0005250044,0.0043231083,9.7938964910,0.0010120747,0.0000521862,-0.1000363569
558959.3200241630,-0.0001968475,-0.0028441285,9.7932806359,0.0005886662,0.0000521862,-0.1011536590
558959.3300241630,0.0007012527,0.0031078257,9.7940382928,0.0007623722,0.0000738874,-0.1016092580
558959.3400241630,-0.0005060531,-0.0014727063,9.7934363110,0.0010337880,0.0000521862,-0.1027048649
558959.3500241630,-0.0009695496,0.0006606559,9.7937461133,0.0002846805,0.0000738874,-0.1036811483
558959.3600241630,0.0007078542,0.0020399984,9.7943428240,0.0013920567,0.0000630368,-0.1043320039
558959.3700241640,0.0004157578,-0.0025367819,9.7937332297,0.0001978275,0.0000738874,-0.1056120200
558959.3800241640,-0.0002236474,0.0037145984,9.7931311257,0.0012617772,0.0000630368,-0.1063062660
558959.3900241640,0.0001203213,-0.0037585255,9.7943452482,0.0004800999,0.0000630368,-0.1069137312
558959.4000241640,0.0000802612,0.0043258871,9.7932813770,0.0009903614,0.0000738874,-0.1081937473
558959.4100241640,-0.0009504836,-0.0039152211,9.7938965303,0.0008383686,0.0000521862,-0.1087903649
558959.4200241640,-0.0000638015,0.0037148070,9.7940449155,0.0006429493,0.0000738874,-0.1095605441
558959.4300241640,0.0016355282,-0.0014642996,9.7941810974,0.0011857808,0.0000521862,-0.1105693703
558959.4400241640,-0.0012667708,-0.0001035070,9.7943583410,0.0003606769,0.0000521862,-0.1112310735
558959.4500241640,0.0003979390,0.0023440100,9.7938879717,0.0014137700,0.0000521862,-0.1123483756
558959.4600241639,-0.0001876944,-0.0026921571,9.7945007837,0.0002521106,0.0000847381,-0.1134114398
558959.4700241640,-0.0003803754,0.0044766771,9.7929802334,0.0013594868,0.0000196343,-0.1138887339
558959.4800241640,-0.0007913186,-0.0046774387,9.7943524421,0.0005126697,0.0000738874,-0.1149843409
558959.4900241640,0.0005493414,0.0032596579,9.7941921410,0.0010772145,0.0000738874,-0.1158196056
558959.5000241640,0.0022425785,-0.0019191015,9.7935657742,0.0008817951,0.0000521862,-0.1165680895
558959.5100241640,0.0008514080,0.0037185587,9.7940373031,0.0006755192,0.0000738874,-0.1175769157
558959.5200241640,0.0004151916,-0.0020792706,9.7938859488,0.0012509205,0.0000304849,-0.1182386189
558959.5300241640,0.0005587454,-0.0004007103,9.7935804278,0.0004149601,0.0000738874,-0.1191932072
558959.5400241640,0.0010069748,0.0035665182,9.7943409841,0.0015006230,0.0000630368,-0.1202779665
558959.5500241640,0.0004133208,-0.0025366430,9.7934282102,0.0003606769,0.0000630368,-0.1210047553
558959.5600241640,0.0000911704,0.0037152934,9.7943486663,0.0014029134,0.0000630368,-0.1219593435
558959.5700241640,-0.0003368605,-0.0057428347,9.7934330890,0.0006320927,0.0000630368,-0.1230007125
558959.5800241641,-0.0005243521,0.0047805502,9.7942017198,0.0010555012,0.0000413356,-0.1236081778
558959.5900241639,0.0004146540,-0.0013167749,9.7941913171,0.0010229313,0.0000738874,-0.1246170040
558959.6000241640,0.0002507296,0.0006656581,9.7937359634,0.0006429493,0.0000630368,-0.1254631163
558959.6100241640,0.0004128979,-0.0005542097,9.7943441756,0.0014137700,0.0000521862,-0.1261899050
558959.6200241640,-0.0000549638,0.0005119501,9.7935859213,0.0004909565,0.0000738874,-0.1273939879
558959.6300241640,-0.0003658967,0.0029509219,9.7940471042,0.0014789098,0.0000413356,-0.1280123008
558959.6400241640,0.0017921415,-0.0034463159,9.7937213926,0.0004800999,0.0000738874,-0.1284678997
558959.6500241640,0.0014633610,0.0035684634,9.7941846681,0.0014571965,0.0000413356,-0.1298130013
558959.6600241640,-0.0006489833,-0.0029988090,9.7938944114,0.0006646626,0.0000521862,-0.1306374184
558959.6700241640,0.0006887021,0.0057009222,9.7937344591,0.0011423543,0.0000521862,-0.1316462446
558959.6800241640,-0.0001895938,-0.0034545139,9.7938903959,0.0011532109,0.0000738874,-0.1326008329
558959.6900241640,0.0000885327,0.0015805415,9.7929751019,0.0006972324,0.0000521862,-0.1330130414
558959.7000241640,0.0003948784,0.0021916914,9.7934303727,0.0015440495,0.0000630368,-0.1340544104
558959.7100241639,0.0008697357,-0.0022297133,9.7934245435,0.0004149601,0.0000738874,-0.1350415414
558959.7200241640,0.0011571300,0.0041772511,9.7943399944,0.0016091893,0.0000304849,-0.1357032446
558959.7300241640,0.0005754317,-0.0043664796,9.7937311239,0.0006212360,0.0000630368,-0.1367012232
558959.7400241640,-0.0002247226,0.0052395898,9.7937418623,0.0013269169,0.0000304849,-0.1375798783
558959.7500241640,0.0004181661,-0.0028419052,9.7938856000,0.0010337880,0.0000413356,-0.1384585334
558959.7600241640,-0.0003629221,0.0021882873,9.7940467554,0.0008383686,0.0000738874,-0.1393697313
558959.7700241640,0.0004128119,-0.0014691629,9.7938862278,0.0015440495,0.0000413356,-0.1400748249
558959.7800241640,0.0010164361,0.0005161187,9.7940345694,0.0004583866,0.0000630368,-0.1409534799
558959.7900241640,-0.0000583612,0.0032570179,9.7945022355,0.0016634725,0.0000196343,-0.1421358676
558959.8000241640,0.0001196117,-0.0048259362,9.7937347209,0.0006103794,0.0000738874,-0.1428735040
558959.8100241640,0.0009967465,0.0049395382,9.7937315729,0.0015006230,0.0000413356,-0.1438931778
558959.8200241640,-0.0000400335,-0.0026912541,9.7938894760,0.0009469349,0.0000738874,-0.1448152233
558959.8300241641,-0.0002181785,0.0035617937,9.7937410950,0.0010663578,0.0000413356,-0.1454118409
558959.8400241639,0.0008722014,-0.0019248678,9.7938822123,0.0013594868,0.0000521862,-0.1464423623
558959.8500241640,-0.0005071569,-0.0002526992,9.7938943983,0.0006755192,0.0000738874,-0.1471799987
558959.8600241640,-0.0002152326,0.0024941747,9.7935880969,0.0016960423,0.0000304849,-0.1478742447
558959.8700241640,0.0014805276,-0.0017697704,9.7937246974,0.0005886662,0.0000521862,-0.1489373088
558959.8800241640,-0.0003647069,0.0026458680,9.7940469647,0.0016309026,0.0000304849,-0.1498051163
558959.8900241640,0.0005784636,-0.0045191454,9.7940360737,0.0007732289,0.0000521862,-0.1505644479
558959.9000241640,0.0000840314,0.0055456164,9.7943495033,0.0014680531,0.0000304849,-0.1517576832
558959.9100241640,0.0016348472,-0.0022267258,9.7937232194,0.0010120747,0.0000738874,-0.1524410816
558959.9200241640,0.0005492841,0.0026496891,9.7938868425,0.0011314976,0.0000304849,-0.1533522794
558959.9300241640,0.0001093835,-0.0034529162,9.7931253097,0.0013920567,0.0000521862,-0.1543285628
558959.9400241640,0.0000976285,0.0011225441,9.7938899511,0.0008600819,0.0000630368,-0.1547516190
558959.9500241640,0.0026842065,0.0031159543,9.7940217992,0.0017394689,0.0000630368,-0.1558038356
558959.9600241639,0.0001100644,-0.0026904899,9.7935831877,0.0005886662,0.0000413356,-0.1569645281
558959.9700241640,-0.0000608269,0.0029521724,9.7940445667,0.0017828954,0.0000087837,-0.1575936885
558959.9800241640,0.0008805302,-0.0040602447,9.7938812357,0.0008492253,0.0000630368,-0.1588086190
558959.9900241640,0.0006827243,0.0069212070,9.7935825074,0.0013703435,0.0000413356,-0.1595245602
558960.0000241640,-0.0001931920,-0.0028443368,9.7937381652,0.0013486302,0.0000521862,-0.1601754158
558960.0100241640,0.0011695946,0.0006692014,9.7941858802,0.0009252217,0.0000630368,-0.1615530602
558960.0200241640,0.0008705313,-0.0002473495,9.7944930187,0.0018154653,0.0000304849,-0.1619327260
558960.0300241640,0.0014710663,0.0012806291,9.7940311120,0.0006863758,0.0000847381,-0.1628330762
558960.0400241640,0.0003877394,0.0040220144,9.7934312098,0.0018263219,0.0000304849,-0.1638852928
558960.0500241640,0.0004288173,-0.0061973585,9.7935790458,0.0007515156,0.0000413356,-0.1644276725
558960.0600241640,0.0000821607,0.0050882440,9.7938917648,0.0017177556,0.0000196343,-0.1654039559
558960.0700241640,0.0004145106,-0.0028416968,9.7934280707,0.0010663578,0.0000521862,-0.1663043062
558960.0800241641,0.0008526551,0.0040234736,9.7943424621,0.0012726338,0.0000521862,-0.1669334666
558960.0900241639,0.0004139157,-0.0026891699,9.7934281405,0.0015440495,0.0000521862,-0.1681700923
558960.1000241640,0.0016253572,0.0005186892,9.7938769847,0.0009035084,0.0000738874,-0.1690704425
558960.1100241640,0.0008513219,0.0028036055,9.7935793553,0.0018697484,0.0000304849,-0.1698406217
558960.1200241640,0.0004176286,-0.0020794094,9.7941909683,0.0006646626,0.0000630368,-0.1708602955
558960.1300241640,0.0016158959,0.0035690887,9.7941833994,0.0018697484,0.0000304849,-0.1715545415
558960.1400241640,-0.0000322422,-0.0040641352,9.7941938677,0.0010229313,0.0000304849,-0.1724982821
558960.1500241640,0.0002347529,0.0056988380,9.7941957946,0.0015440495,0.0000413356,-0.1736155843
558960.1600241640,0.0002596247,-0.0019272301,9.7935822678,0.0013812001,0.0000196343,-0.1741471163
558960.1700241640,0.0008639872,0.0014304466,9.7944937860,0.0011314976,0.0000738874,-0.1750691618
558960.1800241640,0.0007179104,-0.0011629280,9.7940363396,0.0017828954,0.0000304849,-0.1756874746
558960.1900241640,-0.0014205529,-0.0004090472,9.7940544507,0.0008383686,0.0000630368,-0.1754271324
558960.2000241640,0.0000952775,0.0020376362,9.7940428794,0.0019240316,0.0000521862,-0.1749281431
558960.2100241639,-0.0007913760,-0.0052874075,9.7940471435,0.0008057987,0.0000521862,-0.1744400014
558960.2200241640,-0.0003616750,0.0024932022,9.7943519144,0.0018806050,0.0000413356,-0.1741796591
558960.2300241640,-0.0006478221,-0.0036088472,9.7937416226,0.0010012181,0.0000521862,-0.1740820308
558960.2400241640,0.0000857588,0.0044780669,9.7940439955,0.0014897664,0.0000521862,-0.1740711832
558960.2500241640,0.0001190168,-0.0046734093,9.7937347906,0.0014029134,0.0000413356,-0.1741579639
558960.2600241640,0.0002573597,-0.0000971848,9.7941931439,0.0010555012,0.0000521862,-0.1742555923
558960.2700241640,0.0000951915,0.0011226830,9.7935849316,0.0018806050,0.0000087837,-0.1742881351
558960.2800241640,0.0001053624,-0.0008603058,9.7938890443,0.0007623722,0.0000521862,-0.1742772875
558960.2900241640,0.0000928692,0.0023427595,9.7938905092,0.0019240316,0.0000521862,-0.1742013543
558960.3000241640,-0.0001819459,-0.0063523170,9.7934315413,0.0008926518,0.0000738874,-0.1742122019
558960.3100241640,-0.0008349769,0.0040171511,9.7931363401,0.0016743291,0.0000304849,-0.1742447447
558960.3200241640,-0.0001943818,-0.0025392830,9.7937383047,0.0011749241,0.0000413356,-0.1742447447
558960.3300241641,0.0010099207,0.0024988992,9.7941879860,0.0013052037,0.0000413356,-0.1742230495
558960.3400241639,0.0013375113,-0.0042108263,9.7937248500,0.0016417592,0.0000521862,-0.1742447447
558960.3500241640,-0.0006656983,0.0006619759,9.7935910660,0.0009686482,0.0000521862,-0.1742881351
558960.3600241640,-0.0006704003,0.0024921600,9.7938969226,0.0018263219,0.0000304849,-0.1742881351
558960.3700241640,-0.0003420714,-0.0028451704,9.7941969632,0.0008057987,0.0000304849,-0.1742881351
558960.3800241640,0.0008633063,0.0006680203,9.7940359079,0.0018806050,0.0000413356,-0.1743315254
558960.3900241640,0.0002637605,-0.0032999029,9.7934291302,0.0008709385,0.0000413356,-0.1743532206
558960.4000241640,-0.0006829509,0.0050852565,9.7935930890,0.0018263219,0.0000196343,-0.1743098303
558960.4100241640,0.0005760553,-0.0042140221,9.7938837035,0.0010555012,0.0000738874,-0.1743098303
558960.4200241640,0.0007047362,0.0012777110,9.7935799264,0.0014897664,0.0000413356,-0.1743206778
558960.4300241640,0.0010349359,-0.0036022470,9.7943377055,0.0014897664,0.0000413356,-0.1743315254
558960.4400241650,-0.0006703716,0.0027971444,9.7940495719,0.0010012181,0.0000521862,-0.1743423730
558960.4500241650,-0.0006711386,0.0011197649,9.7931337460,0.0018371785,0.0000087837,-0.1743315254
558960.4600241650,-0.0006436004,-0.0040665669,9.7940464329,0.0007840855,0.0000521862,-0.1742989827
558960.4700241650,0.0002495972,0.0015806807,9.7940414014,0.0019023183,0.0000196343,-0.1743206778
558960.4800241650,-0.0000406858,-0.0031486959,9.7935842472,0.0009252217,0.0000738874,-0.1743098303
558960.4900241650,-0.0009862073,0.0049314096,9.7937480664,0.0016743291,0.0000304849,-0.1743423730
558960.5000241650,0.0001231812,-0.0057410977,9.7937343023,0.0011423543,0.0000413356,-0.1743966110
558960.5100241650,-0.0005154857,0.0018826776,9.7938953749,0.0013812001,0.0000413356,-0.1743857634
558960.5200241650,0.0005671316,-0.0019261184,9.7938847498,0.0015006230,0.0000413356,-0.1743857634
558960.5300241651,0.0002483500,0.0012757658,9.7937362424,0.0010229313,0.0000738874,-0.1743640682
558960.5400241649,-0.0006561223,-0.0011684860,9.7938952485,0.0018263219,0.0000413356,-0.1743857634
558960.5500241650,-0.0000358117,-0.0031489737,9.7941942862,0.0008383686,0.0000304849,-0.1743857634
558960.5600241650,-0.0000650487,0.0034098921,9.7937397565,0.0019240316,0.0000304849,-0.1743640682
558960.5700241650,-0.0006465750,-0.0033039323,9.7940467816,0.0008275120,0.0000738874,-0.1743640682
558960.5800241650,-0.0005208973,0.0026454511,9.7935907041,0.0017503255,0.0000413356,-0.1743315254
558960.5900241650,-0.0004851450,-0.0058961952,9.7938918173,0.0011097844,0.0000304849,-0.1743532206
558960.6000241650,0.0006940277,0.0040231955,9.7935811820,0.0013812001,0.0000413356,-0.1743532206
558960.6100241650,0.0004181948,-0.0025369208,9.7940382493,0.0015874761,0.0000304849,-0.1742989827
558960.6200241650,-0.0011215183,0.0002025193,9.7935946630,0.0009469349,0.0000413356,-0.1743857634
558960.6300241650,-0.0014235848,-0.0002563815,9.7937495009,0.0018914617,0.0000304849,-0.1743966110
558960.6400241650,-0.0012554674,-0.0030015184,9.7943570156,0.0007732289,0.0000413356,-0.1744508490
558960.6500241651,0.0002400498,0.0037161270,9.7938898683,0.0018806050,0.0000196343,-0.1744508490
558960.6600241649,0.0008791683,-0.0055850972,9.7929654796,0.0009252217,0.0000521862,-0.1744291538
558960.6700241650,-0.0006734036,0.0029498102,9.7937446221,0.0016634725,0.0000304849,-0.1744074586
558960.6800241650,-0.0004862201,-0.0043712037,9.7945025539,0.0012834904,0.0000413356,-0.1743749158
558960.6900241650,-0.0002151466,0.0034091279,9.7940460447,0.0012834904,0.0000413356,-0.1743640682
558960.7000241650,0.0004176286,-0.0020794094,9.7941909683,0.0016634725,0.0000413356,-0.1743966110
558960.7100241650,-0.0008056540,-0.0016267615,9.7940488177,0.0008057987,0.0000413356,-0.1744183062
558960.7200241650,-0.0003575966,0.0005105606,9.7938934783,0.0019674581,0.0000196343,-0.1743532206
558960.7300241650,-0.0007973251,-0.0037621383,9.7940478411,0.0008057987,0.0000196343,-0.1744400014
558960.7400241650,-0.0000661525,0.0046298991,9.7941978438,0.0018480352,0.0000304849,-0.1744074586
558960.7500241650,0.0004246816,-0.0048246856,9.7937321834,0.0010012181,0.0000521862,-0.1744616966
558960.7600241650,-0.0014318277,0.0027939486,9.7942084253,0.0015440495,0.0000304849,-0.1744183062
558960.7700241650,-0.0001835873,-0.0043698143,9.7941949969,0.0013812001,0.0000304849,-0.1743966110
558960.7800241651,0.0010123291,0.0021937759,9.7943403563,0.0011749241,0.0000521862,-0.1744400014
558960.7900241649,-0.0001997934,-0.0017765095,9.7934336340,0.0016417592,0.0000521862,-0.1744074586
558960.8000241650,-0.0006500871,-0.0017788020,9.7943524987,0.0009577916,0.0000521862,-0.1744400014
558960.8100241650,-0.0009707681,0.0006607253,9.7935936035,0.0018480352,-0.0000020669,-0.1744616966
558960.8200241650,-0.0000430368,-0.0022336039,9.7937371755,0.0008600819,0.0000521862,-0.1744616966
558960.8300241650,0.0003979390,0.0023440100,9.7938879717,0.0018697484,0.0000304849,-0.1744291538
558960.8400241650,-0.0004923127,-0.0043708566,9.7937400051,0.0009143650,0.0000521862,-0.1742555923
558960.8500241650,0.0002399351,0.0024961894,9.7932792712,0.0017068990,0.0000304849,-0.1742555923
558960.8600241650,-0.0004947210,-0.0040657333,9.7935876349,0.0011423543,0.0000521862,-0.1743966110
558960.8700241650,0.0000935788,0.0034101701,9.7945010365,0.0014029134,0.0000196343,-0.1744400014
558960.8800241650,0.0001226437,-0.0049786020,9.7940396706,0.0015223363,0.0000413356,-0.1744183062
558960.8900241650,0.0005570180,0.0006668392,9.7938859357,0.0011097844,0.0000521862,-0.1744074586
558960.9000241651,0.0000975711,0.0005125753,9.7935846526,0.0017286122,0.0000196343,-0.1744291538
558960.9100241649,0.0004152489,-0.0014693018,9.7941912473,0.0008383686,0.0000413356,-0.1744508490
558960.9200241650,-0.0002110968,0.0011215019,9.7934349593,0.0019131749,0.0000304849,-0.1744508490
558960.9300241650,0.0010311943,-0.0045169918,9.7934222285,0.0008492253,0.0000413356,-0.1744074586
558960.9400241650,0.0016062626,0.0047895818,9.7935739184,0.0018154653,0.0000304849,-0.1744508490
558960.9500241650,-0.0009451294,-0.0052879633,9.7938959025,0.0011097844,0.0000413356,-0.1744833917
558960.9600241650,-0.0002031622,0.0012735427,9.7945025974,0.0013594868,0.0000413356,-0.1744942393
558960.9700241650,0.0008757709,-0.0028400293,9.7938817938,0.0016417592,0.0000413356,-0.1744725442
558960.9800241650,0.0008584609,0.0009732825,9.7935785182,0.0008600819,0.0000738874,-0.1744833917
558960.9900241650,-0.0017346038,0.0012676372,9.7937527360,0.0018914617,0.0000087837,-0.1744616966
558961.0000241650,-0.0006424679,-0.0049815895,9.7937409948,0.0008383686,0.0000521862,-0.1744400014
558961.0100241650,0.0002465366,0.0014283621,9.7935838024,0.0019023183,0.0000304849,-0.1746786484
558961.0200241650,0.0005724858,-0.0032988606,9.7938841220,0.0009686482,0.0000413356,-0.1743749158
558961.0300241651,0.0002352905,0.0049363423,9.7938904263,0.0016091893,0.0000304849,-0.1744183062
558961.0400241649,-0.0009384993,-0.0060508062,9.7943530830,0.0012292073,0.0000521862,-0.1744508490
558961.0500241650,0.0001012840,0.0011223358,9.7943474804,0.0013269169,0.0000304849,-0.1744508490
558961.0600241650,-0.0005036161,-0.0014728451,9.7937413305,0.0016309026,0.0000196343,-0.1744725442
558961.0700241650,-0.0001995640,0.0006633656,9.7946548281,0.0009143650,0.0000413356,-0.1744725442
558961.0800241650,-0.0005066193,-0.0010151949,9.7935890300,0.0019240316,0.0000304849,-0.1745050869
558961.0900241650,-0.0004911228,-0.0046759104,9.7937398656,0.0007840855,0.0000738874,-0.1745484773
558961.1000241650,0.0000815084,0.0046308021,9.7935865360,0.0019131749,0.0000413356,-0.1745050869
558961.1100241650,0.0011885459,-0.0051266131,9.7937257002,0.0009252217,0.0000413356,-0.1744616966
558961.1200241650,-0.0006685295,0.0029495324,9.7943546612,0.0015331929,0.0000196343,-0.1744616966
558961.1300241650,-0.0021599970,-0.0060557390,9.7942107232,0.0014137700,0.0000196343,-0.1744400014
558961.1400241650,-0.0006680206,0.0018820523,9.7938966436,0.0011423543,0.0000196343,-0.1744291538
558961.1500241651,0.0008639012,0.0005154934,9.7940358382,0.0017611821,0.0000413356,-0.1743749158
558961.1600241649,0.0005676978,-0.0023836297,9.7937320308,0.0008383686,0.0000521862,-0.1743966110
558961.1700241650,-0.0006669168,0.0006620453,9.7934385563,0.0019240316,0.0000196343,-0.1744074586
558961.1800241650,0.0004229541,-0.0037571361,9.7940376912,0.0008057987,0.0000738874,-0.1744616966
558961.1900241650,-0.0000709405,0.0055451300,9.7940457526,0.0017828954,0.0000087837,-0.1744616966
558961.2000241650,-0.0003295495,-0.0057432513,9.7943481476,0.0010446446,0.0000521862,-0.1744833917
558961.2100241650,-0.0002116344,0.0018839976,9.7937403276,0.0014680531,0.0000304849,-0.1744942393
558961.2200241650,-0.0003421861,-0.0040651080,9.7935863661,0.0015549062,0.0000196343,-0.1745267821
558961.2300241650,-0.0009676502,0.0014230127,9.7943565011,0.0010012181,0.0000521862,-0.1745159345
558961.2400241650,-0.0006632326,0.0009668214,9.7940487348,0.0018697484,0.0000304849,-0.1744942393
558961.2500241650,0.0001153326,-0.0049781854,9.7931246121,0.0007080891,0.0000738874,-0.1745376297
558961.2600241650,0.0008525118,0.0024985516,9.7935792157,0.0019566015,0.0000087837,-0.1745050869
558961.2700241650,-0.0003392402,-0.0051327270,9.7934333681,0.0009577916,0.0000413356,-0.1744400014
558961.2800241651,-0.0006787291,0.0046275368,9.7938978992,0.0015766194,0.0000304849,-0.1744725442
558961.2900241649,-0.0009439395,-0.0055930172,9.7938957630,0.0013269169,0.0000521862,-0.1744508490
558961.3000241650,-0.0005053435,-0.0004052956,9.7940468383,0.0012074940,0.0000196343,-0.1744400014
558961.3100241650,0.0005598779,-0.0013157330,9.7932749898,0.0016960423,0.0000087837,-0.1744725442
558961.3200241650,-0.0008115458,0.0005084765,9.7943548138,0.0008709385,0.0000738874,-0.1745050869
558961.3300241650,0.0001024165,0.0002073132,9.7940420424,0.0018806050,-0.0000020669,-0.1745376297
558961.3400241650,-0.0003325814,-0.0055905855,9.7940431978,0.0008383686,0.0000738874,-0.1745376297
558961.3500241650,0.0003925561,0.0034117679,9.7937359502,0.0019023183,0.0000087837,-0.1744942393
558961.3600241650,-0.0004959395,-0.0040656638,9.7934351251,0.0009469349,0.0000413356,-0.1744833917
558961.3700241650,-0.0006715901,0.0027972138,9.7938970621,0.0015657628,0.0000413356,-0.1744616966
558961.3800241650,0.0002781245,-0.0060455957,9.7938854038,0.0013052037,0.0000304849,-0.1744725442
558961.3900241650,-0.0000638875,0.0027998538,9.7935869677,0.0012292073,0.0000196343,-0.1745159345
558961.4000241651,-0.0017292496,-0.0001051051,9.7937521082,0.0016960423,0.0000304849,-0.1744725442
558961.4100241649,0.0004188471,-0.0020794789,9.7943434781,0.0008709385,0.0000413356,-0.1744291538
558961.4200241650,-0.0008128790,-0.0007113917,9.7935917070,0.0019348882,0.0000196343,-0.1743966110
558961.4300241650,-0.0004916891,-0.0042183991,9.7938925846,0.0008275120,0.0000413356,-0.1743640682
558961.4400241650,0.0000821320,0.0047832596,9.7937391155,0.0018263219,0.0000196343,-0.1744508490
558961.4500241650,-0.0006400596,-0.0052867128,9.7938933651,0.0009577916,0.0000304849,-0.1744400014
558961.4600241650,-0.0011280337,0.0021852998,9.7937480796,0.0015006230,0.0000304849,-0.1744074586
558961.4700241650,-0.0004916891,-0.0042183991,9.7938925846,0.0015657628,0.0000196343,-0.1744616966
558961.4800241650,0.0002447518,0.0018859429,9.7935840117,0.0009795048,0.0000521862,-0.1744942393
558961.4900241650,0.0013239430,0.0005172304,9.7943370515,0.0019023183,0.0000087837,-0.1745376297
558961.5000241650,-0.0009482186,-0.0057452663,9.7932856542,0.0007406590,0.0000521862,-0.1745701725
558961.5100241660,-0.0008296513,0.0023394244,9.7929830631,0.0019240316,0.0000304849,-0.1745376297
558961.5200241660,0.0005736756,-0.0036039145,9.7938839825,0.0009577916,0.0000304849,-0.1745810201
558961.5300241660,0.0000820173,0.0035633220,9.7931285184,0.0015549062,0.0000196343,-0.1745484773
558961.5400241660,-0.0017132729,-0.0051382850,9.7932922769,0.0013594868,0.0000413356,-0.1745050869
558961.5500241660,-0.0006613905,0.0011192094,9.7943538241,0.0012074940,0.0000304849,-0.1744725442
558961.5600241660,0.0005605588,-0.0005533067,9.7937328678,0.0017286122,0.0000196343,-0.1744725442
558961.5700241660,0.0001053051,-0.0014702746,9.7935837458,0.0008275120,0.0000304849,-0.1744400014
558961.5800241660,-0.0011166156,0.0005072259,9.7943573513,0.0019674581,-0.0000237682,-0.1744616966
558961.5900241660,-0.0007913473,-0.0049824231,9.7941997928,0.0007732289,0.0000738874,-0.1744291538
558961.6000241661,0.0002383511,0.0050886609,9.7943480253,0.0018480352,0.0000304849,-0.1744942393
558961.6100241659,-0.0004935885,-0.0049807559,9.7932821968,0.0010555012,0.0000196343,-0.1744942393
558961.6200241660,0.0000976285,0.0011225441,9.7938899511,0.0014137700,0.0000196343,-0.1744942393
558961.6300241660,0.0002685485,-0.0042151338,9.7935812214,0.0015874761,0.0000087837,-0.1745267821
558961.6400241660,0.0002520055,0.0012755575,9.7941937717,0.0009577916,0.0000521862,-0.1745159345
558961.6500241660,-0.0011244642,0.0012701383,9.7937476610,0.0018697484,0.0000196343,-0.1745159345
558961.6600241660,-0.0017138391,-0.0046807737,9.7934449960,0.0007515156,0.0000196343,-0.1745376297
558961.6700241660,0.0008627687,0.0014305160,9.7943412762,0.0019348882,0.0000196343,-0.1744942393
558961.6800241660,-0.0006448762,-0.0046764662,9.7935886246,0.0009577916,0.0000304849,-0.1744942393
558961.6900241660,-0.0005267891,0.0047806890,9.7938967002,0.0016309026,0.0000196343,-0.1744508490
558961.7000241660,-0.0003337999,-0.0055905161,9.7938906881,0.0013052037,0.0000304849,-0.1744616966
558961.7100241660,-0.0006638562,0.0008143639,9.7938961553,0.0011749241,0.0000196343,-0.1744616966
558961.7200241660,0.0005701348,-0.0023837686,9.7940370503,0.0017286122,-0.0000020669,-0.1744508490
558961.7300241661,-0.0003552169,-0.0000995470,9.7938931993,0.0008709385,0.0000738874,-0.1744616966
558961.7400241659,-0.0002134765,0.0017316096,9.7934352384,0.0019674581,0.0000196343,-0.1744942393
558961.7500241660,-0.0012508515,-0.0057466558,9.7935932112,0.0008057987,0.0000196343,-0.1745050869
558961.7600241660,-0.0003707421,0.0032561840,9.7935897144,0.0018263219,0.0000196343,-0.1745701725
558961.7700241660,0.0008865080,-0.0052805294,9.7940331874,0.0010337880,0.0000304849,-0.1745701725
558961.7800241660,-0.0005184030,0.0032552810,9.7942010222,0.0014463399,0.0000304849,-0.1745376297
558961.7900241660,-0.0009499461,-0.0046777168,9.7935911620,0.0015006230,0.0000304849,-0.1744942393
558961.8000241660,-0.0005095652,0.0000524240,9.7937420280,0.0010012181,0.0000304849,-0.1745267821
558961.8100241660,-0.0000501471,-0.0000982965,9.7938906618,0.0019566015,0.0000087837,-0.1745050869
558961.8200241660,-0.0009528633,-0.0033051134,9.7938968094,0.0007189457,0.0000738874,-0.1745050869
558961.8300241660,-0.0006709665,0.0029496713,9.7940496417,0.0019023183,0.0000087837,-0.1744183062
558961.8400241660,-0.0006359238,-0.0066593856,9.7937402275,0.0009577916,0.0000196343,-0.1744942393
558961.8500241661,0.0008477811,0.0040237514,9.7937324231,0.0015549062,0.0000196343,-0.1745050869
558961.8600241659,0.0010330651,-0.0040596194,9.7938799670,0.0014137700,0.0000304849,-0.1744616966
558961.8700241660,-0.0009641094,0.0002028668,9.7942034333,0.0011314976,0.0000304849,-0.1744942393
558961.8800241660,-0.0008050304,-0.0014743040,9.7942013972,0.0018046086,0.0000196343,-0.1744942393
558961.8900241660,0.0001137486,-0.0023857138,9.7941933663,0.0008492253,0.0000196343,-0.1745050869
558961.9000241660,-0.0002146950,0.0017316790,9.7932827286,0.0019131749,0.0000196343,-0.1742989827
558961.9100241660,-0.0006352142,-0.0055919749,9.7943507548,0.0008383686,0.0000521862,-0.1743857634
558961.9200241660,-0.0009808817,0.0032536829,9.7935947894,0.0017828954,-0.0000020669,-0.1745050869
558961.9300241660,-0.0000335181,-0.0046740346,9.7937360594,0.0011206410,0.0000196343,-0.1745593249
558961.9400241660,0.0003949070,0.0024966758,9.7935830220,0.0014789098,0.0000196343,-0.1745701725
558961.9500241660,0.0001190742,-0.0040634405,9.7940400892,0.0014789098,0.0000304849,-0.1745701725
558961.9600241660,-0.0011178341,0.0005072954,9.7942048415,0.0010663578,0.0000413356,-0.1745484773
558961.9700241660,-0.0009648476,-0.0011695282,9.7934402567,0.0017828954,0.0000087837,-0.1744942393
558961.9800241661,0.0007232360,-0.0028406546,9.7938830625,0.0007949421,0.0000304849,-0.1744833917
558961.9900241659,-0.0002050330,0.0008161703,9.7940448589,0.0019674581,0.0000087837,-0.1744183062
558962.0000241660,-0.0017048007,-0.0057487399,9.7940545467,0.0008383686,0.0000521862,-0.1744508490
558962.0100241660,-0.0006811375,0.0049326601,9.7937455290,0.0018046086,-0.0000020669,-0.1747328864
558962.0200241660,0.0001214252,-0.0049785326,9.7938871609,0.0011314976,0.0000413356,-0.1744833917
558962.0300241660,-0.0008175810,0.0011187925,9.7938975636,0.0013594868,0.0000196343,-0.1745050869
558962.0400241660,-0.0011042084,-0.0036107925,9.7938979386,0.0015549062,0.0000087837,-0.1745050869
558962.0500241660,-0.0000543115,0.0009693919,9.7938911501,0.0010120747,0.0000521862,-0.1745159345
558962.0600241660,0.0002537042,-0.0000969765,9.7937356146,0.0017937520,0.0000196343,-0.1745159345
558962.0700241660,-0.0003385306,-0.0040653163,9.7940438954,0.0008600819,0.0000196343,-0.1745159345
558962.0800241660,-0.0006686729,0.0014246105,9.7935914148,0.0019783147,-0.0000020669,-0.1745701725
558962.0900241660,-0.0014118012,-0.0045268574,9.7931375087,0.0008383686,0.0000521862,-0.1745159345
558962.1000241661,0.0006963787,0.0031081035,9.7934282537,0.0017503255,0.0000413356,-0.1745376297
558962.1100241659,-0.0004882056,-0.0060485138,9.7934342183,0.0011314976,0.0000196343,-0.1745376297
558962.1200241660,-0.0017339516,0.0017250790,9.7940579648,0.0013703435,0.0000196343,-0.1745267821
558962.1300241660,-0.0012591229,-0.0030013101,9.7938994863,0.0015766194,0.0000196343,-0.1744616966
558962.1400241660,-0.0006621001,0.0000517988,9.7937432968,0.0009795048,0.0000304849,-0.1744291538
558962.1500241660,0.0002566215,-0.0014695799,9.7934299673,0.0018806050,0.0000413356,-0.1744183062
558962.1600241660,-0.0000328945,-0.0045215771,9.7938886389,0.0007732289,0.0000196343,-0.1744725442
558962.1700241660,-0.0008271283,0.0032542387,9.7937460304,0.0019240316,-0.0000020669,-0.1744508490
558962.1800241660,0.0001219627,-0.0057410283,9.7935817926,0.0009143650,0.0000413356,-0.1745159345
558962.1900241660,0.0005450623,0.0031074088,9.7935820322,0.0016200459,0.0000196343,-0.1744833917
558962.2000241660,-0.0006370563,-0.0057443630,9.7940456655,0.0013269169,0.0000196343,-0.1744942393
558962.2100241660,-0.0015808217,0.0015731774,9.7940566263,0.0012183507,0.0000196343,-0.1744508490
558962.2200241660,0.0001095555,-0.0016230098,9.7940412053,0.0017286122,0.0000087837,-0.1745050869
558962.2300241661,0.0010235751,-0.0013142043,9.7940337324,0.0008600819,0.0000738874,-0.1744725442
558962.2400241659,-0.0005108124,-0.0002524909,9.7934368690,0.0019023183,0.0000196343,-0.1744833917
558962.2500241660,-0.0004899330,-0.0049809642,9.7937397261,0.0007840855,0.0000304849,-0.1744616966
558962.2600241660,-0.0000607982,0.0032571568,9.7941972160,0.0018480352,0.0000087837,-0.1745050869
558962.2700241660,0.0004294409,-0.0060449010,9.7937316254,0.0010229313,0.0000304849,-0.1744725442
558962.2800241660,-0.0005148908,0.0017301507,9.7938953051,0.0015549062,0.0000304849,-0.1744942393
558962.2900241660,-0.0020182567,-0.0042245824,9.7937527622,0.0013594868,0.0000087837,-0.1745267821
558962.3000241660,-0.0020432718,0.0018765637,9.7936030427,0.0012074940,0.0000196343,-0.1744942393
558962.3100241660,0.0002614381,-0.0020798264,9.7937347078,0.0016634725,-0.0000020669,-0.1744833917
558962.3200241660,0.0002608146,-0.0022322839,9.7935821282,0.0008600819,0.0000521862,-0.1745050869
558962.3300241660,-0.0003575966,0.0005105606,9.7938934783,0.0019674581,0.0000087837,-0.1744833917
558962.3400241660,-0.0017053669,-0.0052912286,9.7942072657,0.0008057987,0.0000304849,-0.1745376297
558962.3500241661,0.0000880812,0.0032579904,9.7937384180,0.0018480352,0.0000196343,-0.1745484773
558962.3600241659,0.0024130183,-0.0058843149,9.7938677113,0.0010120747,0.0000413356,-0.1745484773
558962.3700241660,-0.0006727513,0.0034072521,9.7940498509,0.0015331929,0.0000196343,-0.1745050869
558962.3800241660,-0.0020086520,-0.0057500599,9.7942095939,0.0014029134,0.0000087837,-0.1745484773
558962.3900241660,-0.0012715875,0.0005067395,9.7940536005,0.0010989277,0.0000304849,-0.1745159345
558962.4000241660,0.0011821165,-0.0022288794,9.7943370646,0.0018154653,0.0000196343,-0.1744291538
558962.4100241660,0.0005682927,-0.0025361566,9.7937319610,0.0008600819,0.0000521862,-0.1743857634
558962.4200241660,-0.0024966835,0.0011119839,9.7937590099,0.0019240316,0.0000196343,-0.1744616966
558962.4300241660,-0.0014015156,-0.0052899086,9.7940522185,0.0008275120,0.0000304849,-0.1744616966
558962.4400241660,0.0011563918,0.0028048560,9.7935768178,0.0018046086,0.0000087837,-0.1744942393
558962.4500241660,0.0008852895,-0.0052804600,9.7938806777,0.0010337880,0.0000413356,-0.1745159345
558962.4600241660,-0.0015886130,0.0029460585,9.7937522346,0.0015331929,0.0000087837,-0.1745593249
558962.4700241660,-0.0006364327,-0.0055919055,9.7941982451,0.0013812001,0.0000087837,-0.1745267821
558962.4800241661,0.0008603030,0.0011256705,9.7938836074,0.0011857808,0.0000413356,-0.1744942393
558962.4900241659,0.0004139157,-0.0026891699,9.7934281405,0.0017503255,0.0000196343,-0.1744291538
558962.5000241660,-0.0008033316,-0.0028468379,9.7937432401,0.0008600819,0.0000521862,-0.1745376297
558962.5100241660,-0.0006674831,0.0011195566,9.7935912753,0.0019566015,0.0000087837,-0.1745159345
558962.5200241660,0.0004289320,-0.0049774209,9.7941896429,0.0007949421,0.0000413356,-0.1745484773
558962.5300241660,0.0007078542,0.0020399984,9.7943428240,0.0018154653,-0.0000020669,-0.1745050869
558962.5400241660,-0.0007872115,-0.0063550959,9.7940466553,0.0010880711,0.0000738874,-0.1744725442
558962.5500241660,-0.0005172418,0.0026452428,9.7940482334,0.0015223363,0.0000087837,-0.1744833917
558962.5600241660,-0.0004916604,-0.0039134147,9.7940452339,0.0013920567,0.0000196343,-0.1745267821
558962.5700241660,-0.0003551596,0.0005104218,9.7941984978,0.0011423543,0.0000304849,-0.1745267821
558962.5800241660,-0.0003432899,-0.0028451010,9.7940444534,0.0017394689,0.0000196343,-0.1744942393
558962.5900241670,-0.0020295887,-0.0016315554,9.7936014383,0.0008817951,0.0000304849,-0.1745484773
558962.6000241670,-0.0009677649,0.0002030751,9.7937459040,0.0019131749,0.0000087837,-0.1745050869
558962.6100241670,-0.0003301731,-0.0058957088,9.7941955681,0.0008275120,0.0000196343,-0.1745267821
558962.6200241670,0.0010020721,0.0032618115,9.7935782958,0.0019023183,0.0000413356,-0.1745159345
558962.6300241670,-0.0003307966,-0.0060481662,9.7940429886,0.0009577916,0.0000413356,-0.1745701725
558962.6400241670,-0.0011285713,0.0029477955,9.7940534479,0.0015223363,-0.0000020669,-0.1745593249
558962.6500241670,0.0008847233,-0.0048229487,9.7940333967,0.0013920567,0.0000087837,-0.1745593249
558962.6600241670,-0.0002044381,0.0006636434,9.7940447891,0.0011749241,0.0000413356,-0.1744833917
558962.6700241670,-0.0006555561,-0.0016259973,9.7937425294,0.0017394689,-0.0000129176,-0.1744725442
558962.6800241671,-0.0017179748,-0.0033081009,9.7935981335,0.0009143650,0.0000521862,-0.1744616966
558962.6900241670,-0.0002074987,0.0005113248,9.7935871901,0.0019348882,0.0000087837,-0.1744508490
558962.7000241670,-0.0000347366,-0.0046739651,9.7935835496,0.0007623722,0.0000304849,-0.1744616966
558962.7100241670,0.0000916793,0.0026478133,9.7938906487,0.0018480352,0.0000196343,-0.1744616966
558962.7200241670,-0.0007866166,-0.0065076228,9.7940465855,0.0010120747,0.0000413356,-0.1744833917
558962.7300241670,0.0000874289,0.0028005485,9.7934331892,0.0015331929,0.0000196343,-0.1744942393
558962.7400241670,-0.0001908984,-0.0043693977,9.7932799383,0.0014680531,-0.0000020669,-0.1744833917
558962.7500241670,0.0007149931,0.0002096754,9.7943419869,0.0010446446,0.0000196343,-0.1745484773
558962.7600241670,-0.0003450746,-0.0023875202,9.7940446627,0.0018480352,0.0000196343,-0.1745376297
558962.7700241670,-0.0011048606,-0.0040682344,9.7935927098,0.0007840855,0.0000413356,-0.1744833917
558962.7800241670,0.0000934067,0.0015802638,9.7935851409,0.0019240316,-0.0000020669,-0.1744942393
558962.7900241670,-0.0003392115,-0.0048277426,9.7935860173,0.0008709385,0.0000304849,-0.1745376297
558962.8000241671,-0.0008186848,0.0023387995,9.7943556509,0.0017611821,-0.0000020669,-0.1745159345
558962.8100241669,-0.0010977503,-0.0062035418,9.7934392235,0.0011206410,0.0000413356,-0.1745159345
558962.8200241670,0.0002471888,0.0018858040,9.7938890312,0.0014789098,0.0000413356,-0.1744400014
558962.8300241670,0.0004204311,-0.0046719504,9.7932747239,0.0014029134,-0.0000020669,-0.1745267821
558962.8400241670,-0.0006651034,0.0005094490,9.7935909963,0.0011314976,0.0000521862,-0.1745159345
558962.8500241670,-0.0008039552,-0.0029992954,9.7935906606,0.0017394689,0.0000087837,-0.1744616966
558962.8600241670,-0.0000466636,-0.0019284112,9.7934322955,0.0008600819,0.0000196343,-0.1744616966
558962.8700241670,0.0002477551,0.0014282927,9.7937363122,0.0019674581,-0.0000020669,-0.1744616966
558962.8800241670,0.0001244284,-0.0054361827,9.7940394614,0.0008383686,0.0000304849,-0.1745159345
558962.8900241670,-0.0014324226,0.0029464755,9.7942084951,0.0017937520,-0.0000020669,-0.1744942393
558962.9000241670,-0.0003295495,-0.0057432513,9.7943481476,0.0010663578,0.0000521862,-0.1744616966
558962.9100241670,-0.0000603180,0.0018846923,9.7935865491,0.0014463399,0.0000196343,-0.1744833917
558962.9200241670,0.0008792543,-0.0046701440,9.7934234274,0.0014463399,0.0000087837,-0.1744942393
558962.9300241671,-0.0005082894,0.0006623234,9.7941998363,0.0011206410,0.0000413356,-0.1745159345
558962.9400241670,-0.0005023689,-0.0011679302,9.7940464895,0.0017611821,0.0000087837,-0.1744725442
558962.9500241670,-0.0009463192,-0.0049829095,9.7938960420,0.0009252217,0.0000304849,-0.1744400014
558962.9600241670,0.0013190116,-0.0000924607,9.7934217139,0.0018480352,0.0000087837,-0.1744725442
558962.9700241670,-0.0003379070,-0.0039128588,9.7941964749,0.0008600819,-0.0000020669,-0.1745267821
558962.9800241670,-0.0011267865,0.0024902147,9.7940532386,0.0018371785,0.0000087837,-0.1744616966
558962.9900241670,-0.0009422121,-0.0066605667,9.7935902552,0.0009686482,0.0000304849,-0.1744725442
558963.0000241670,0.0005546383,0.0012769469,9.7938862147,0.0016526158,0.0000087837,-0.1744833917
558963.0100241670,0.0007219028,-0.0040605228,9.7931199557,0.0013052037,0.0000087837,-0.1748196671
558963.0200241670,-0.0008187708,0.0014238463,9.7938977031,0.0012943471,0.0000304849,-0.1745050869
558963.0300241670,-0.0009522970,-0.0037626247,9.7937440903,0.0016309026,0.0000087837,-0.1744833917
558963.0400241670,0.0010319613,-0.0028396124,9.7943380543,0.0009360783,0.0000521862,-0.1744833917
558963.0500241671,0.0002488589,0.0002082857,9.7932782248,0.0018371785,-0.0000129176,-0.1744833917
558963.0600241669,-0.0011089964,-0.0026955616,9.7937458474,0.0008600819,0.0000304849,-0.1745267821
558963.0700241670,-0.0017339802,0.0014200946,9.7939053155,0.0018914617,0.0000087837,-0.1745376297
558963.0800241670,-0.0003307966,-0.0060481662,9.7940429886,0.0008926518,0.0000196343,-0.1744616966
558963.0900241670,0.0002472175,0.0021907884,9.7940416804,0.0017503255,0.0000304849,-0.1744725442
558963.1000241670,0.0004264376,-0.0055872508,9.7935793249,0.0011749241,0.0000413356,-0.1744833917
558963.1100241670,-0.0009730331,0.0024907706,9.7942044796,0.0012943471,-0.0000020669,-0.1744725442
558963.1200241670,-0.0003349324,-0.0046754934,9.7941961261,0.0016200459,0.0000304849,-0.1744942393
558963.1300241670,-0.0003529233,-0.0016246079,9.7934349725,0.0009577916,0.0000196343,-0.1744725442
558963.1400241670,0.0000975425,0.0002075909,9.7934320033,0.0019240316,-0.0000020669,-0.1744616966
558963.1500241670,-0.0000383348,-0.0040637880,9.7934313189,0.0007949421,0.0000304849,-0.1744833917
558963.1600241670,-0.0003545360,0.0006628792,9.7943510774,0.0019131749,0.0000087837,-0.1744725442
558963.1700241670,-0.0003338573,-0.0062004848,9.7935853895,0.0009252217,0.0000413356,-0.1744833917
558963.1800241671,0.0006958124,0.0035656148,9.7935809728,0.0016743291,0.0000304849,-0.1744833917
558963.1900241670,-0.0021660036,-0.0051404386,9.7939061222,0.0012292073,0.0000087837,-0.1744942393
558963.2000241670,0.0004069487,0.0009710595,9.7943448732,0.0013160603,0.0000087837,-0.1745376297
558963.2100241670,0.0008823723,-0.0039078566,9.7941863250,0.0016526158,0.0000196343,-0.1745376297
558963.2200241670,0.0005647232,-0.0016209951,9.7937323796,0.0009469349,0.0000521862,-0.1744725442
558963.2300241670,-0.0008122554,-0.0005589342,9.7937442865,0.0018914617,0.0000087837,-0.1745050869
558963.2400241670,-0.0006436291,-0.0043715513,9.7938937836,0.0007732289,0.0000087837,-0.1744508490
558963.2500241670,0.0005527962,0.0011245588,9.7935811254,0.0019131749,-0.0000020669,-0.1744291538
558963.2600241670,0.0005850077,-0.0061969415,9.7940353064,0.0009360783,0.0000738874,-0.1744074586
558963.2700241670,-0.0011334166,0.0032530576,9.7935960581,0.0016960423,-0.0000129176,-0.1744183062
558963.2800241670,-0.0010951986,-0.0049837431,9.7943548401,0.0012400639,-0.0000020669,-0.1744725442
558963.2900241670,0.0007113663,0.0005148681,9.7940371069,0.0013052037,0.0000196343,-0.1745376297
558963.3000241671,-0.0000328945,-0.0045215771,9.7938886389,0.0016091893,0.0000087837,-0.1744942393
558963.3100241669,0.0001065522,-0.0011653596,9.7938889048,0.0009795048,0.0000521862,-0.1745159345
558963.3200241670,-0.0006639709,-0.0004055737,9.7932855582,0.0018480352,0.0000087837,-0.1744942393
558963.3300241670,-0.0006400022,-0.0046767440,9.7941986636,0.0008383686,-0.0000129176,-0.1745484773
558963.3400241670,0.0023760188,0.0023524164,9.7932614391,0.0019348882,0.0000087837,-0.1745484773
558963.3500241670,-0.0010904679,-0.0065089428,9.7942016327,0.0009252217,0.0000738874,-0.1745376297
558963.3600241670,-0.0024990058,0.0023320603,9.7940645875,0.0016526158,0.0000087837,-0.1745376297
558963.3700241670,-0.0006377086,-0.0062018048,9.7937404368,0.0012726338,-0.0000129176,-0.1745376297
558963.3800241670,0.0010043657,0.0017367507,9.7931200689,0.0012074940,0.0000196343,-0.1744942393
558963.3900241670,0.0005700775,-0.0029937374,9.7937317517,0.0017068990,0.0000087837,-0.1744616966
558963.4000241670,-0.0015611895,-0.0034602109,9.7940543243,0.0009252217,0.0000413356,-0.1744400014
558963.4100241670,-0.0027976175,-0.0002619395,9.7936084098,0.0019131749,-0.0000454694,-0.1744291538
558963.4200241670,0.0005699914,-0.0039086905,9.7932738039,0.0008275120,0.0000087837,-0.1744725442
558963.4300241671,0.0010056703,0.0026516344,9.7937305265,0.0019023183,0.0000196343,-0.1744942393
558963.4400241670,-0.0013925632,-0.0072728280,9.7942038214,0.0009360783,0.0000413356,-0.1744942393
558963.4500241670,-0.0015825491,0.0026407269,9.7943621341,0.0015874761,0.0000087837,-0.1744942393
558963.4600241670,-0.0001836447,-0.0049797831,9.7938896984,0.0013920567,-0.0000129176,-0.1745267821
558963.4700241670,0.0004019887,0.0000563840,9.7932768863,0.0011749241,0.0000087837,-0.1745267821
558963.4800241670,0.0002674447,-0.0029951268,9.7940393087,0.0017611821,0.0000521862,-0.1744942393
558963.4900241670,-0.0023280858,-0.0030056176,9.7937558578,0.0008492253,0.0000304849,-0.1745376297
558963.5000241670,-0.0014326233,0.0008115847,9.7931399502,0.0019240316,-0.0000129176,-0.1745376297
558963.5100241670,0.0010414800,-0.0052800430,9.7943369382,0.0008275120,0.0000413356,-0.1745267821
558963.5200241670,0.0003997524,0.0021914137,9.7940404117,0.0018480352,0.0000304849,-0.1744725442
558963.5300241670,-0.0006347053,-0.0066594550,9.7938927372,0.0010337880,0.0000304849,-0.1744508490
558963.5400241670,-0.0011286286,0.0023378267,9.7937481493,0.0015874761,0.0000087837,-0.1744616966
558963.5500241671,0.0005814382,-0.0052817800,9.7940357249,0.0013703435,-0.0000129176,-0.1744616966
558963.5600241669,0.0002532240,0.0012754880,9.7943462814,0.0012617772,0.0000304849,-0.1744616966
558963.5700241670,-0.0015594047,-0.0039177916,9.7940541150,0.0016091893,-0.0000020669,-0.1744725442
558963.5800241670,-0.0012669429,-0.0019334134,9.7934424454,0.0009577916,0.0000413356,-0.1744942393
558963.5900241670,0.0011688563,-0.0007031936,9.7934227036,0.0019023183,-0.0000129176,-0.1745376297
558963.6000241670,0.0004283084,-0.0051298784,9.7940370634,0.0007949421,0.0000304849,-0.1745376297
558963.6100241670,-0.0012805973,0.0018796901,9.7935966990,0.0019240316,-0.0000129176,-0.1745050869
558963.6200241670,-0.0017061052,-0.0066636236,9.7934440891,0.0009577916,0.0000413356,-0.1745376297
558963.6300241670,0.0005450049,0.0024974400,9.7932767337,0.0015874761,0.0000196343,-0.1745267821
558963.6400241670,0.0014971852,-0.0060405240,9.7937227442,0.0013269169,0.0000087837,-0.1744942393
558963.6500241670,-0.0005120022,0.0000525629,9.7934370085,0.0011749241,0.0000304849,-0.1745267821
558963.6600241680,-0.0011066167,-0.0033056692,9.7937455683,0.0017611821,-0.0000020669,-0.1744725442
558963.6700241680,-0.0004958248,-0.0028457263,9.7940457222,0.0008709385,0.0000196343,-0.1745050869
558963.6800241680,0.0002519195,0.0003606043,9.7937358239,0.0019566015,0.0000087837,-0.1744833917
558963.6900241680,-0.0001770146,-0.0057426260,9.7943468788,0.0007949421,0.0000087837,-0.1745050869
558963.7000241680,-0.0005167042,0.0018827470,9.7937428651,0.0018697484,0.0000304849,-0.1745050869
558963.7100241680,-0.0003277360,-0.0058958476,9.7945005876,0.0009795048,0.0000304849,-0.1745376297
558963.7200241680,-0.0000566912,0.0015794996,9.7938914291,0.0015657628,-0.0000020669,-0.1744833917
558963.7300241680,0.0004312830,-0.0058925129,9.7940367146,0.0013269169,-0.0000020669,-0.1745593249
558963.7400241680,-0.0011281197,0.0012703466,9.7932901318,0.0012943471,0.0000304849,-0.1745376297
558963.7500241681,-0.0018675065,-0.0037663764,9.7937517028,0.0016743291,-0.0000129176,-0.1745159345
558963.7600241679,0.0014841258,-0.0023799475,9.7938769281,0.0009469349,0.0000738874,-0.1744616966
558963.7700241680,0.0005605301,-0.0008582911,9.7935802186,0.0019240316,0.0000196343,-0.1744616966
558963.7800241680,-0.0007967876,-0.0045246340,9.7937424728,0.0007840855,0.0000087837,-0.1744508490
558963.7900241680,-0.0015832588,0.0015733163,9.7937516068,0.0019131749,-0.0000020669,-0.1744616966
558963.8000241680,-0.0000209388,-0.0069621466,9.7941925423,0.0010012181,0.0000196343,-0.1744074586
558963.8100241680,0.0000970623,0.0015800554,9.7940426702,0.0016309026,-0.0000020669,-0.1744616966
558963.8200241680,-0.0004899903,-0.0055909330,9.7934344275,0.0013269169,0.0000087837,-0.1744616966
558963.8300241680,-0.0012655810,-0.0004085608,9.7943582015,0.0012292073,0.0000087837,-0.1744508490
558963.8400241680,-0.0008028227,-0.0039143180,9.7932852226,0.0017177556,-0.0000129176,-0.1744508490
558963.8500241680,0.0010277109,-0.0026868771,9.7938805948,0.0008926518,0.0000196343,-0.1744833917
558963.8600241680,0.0002543278,0.0000554810,9.7938881941,0.0019023183,0.0000196343,-0.1745050869
558963.8700241680,-0.0001829924,-0.0045223412,9.7941949271,0.0008817951,0.0000087837,-0.1745267821
558963.8800241679,-0.0008139828,0.0005086154,9.7940497943,0.0018697484,-0.0000020669,-0.1744725442
558963.8900241680,0.0007339445,-0.0055861391,9.7938818069,0.0009360783,0.0000413356,-0.1745593249
558963.9000241680,0.0002424008,0.0028010349,9.7937369400,0.0017394689,0.0000196343,-0.1745376297
558963.9100241680,-0.0004851737,-0.0062011796,9.7937391680,0.0011314976,-0.0000020669,-0.1745484773
558963.9200241680,-0.0009743376,0.0015758868,9.7935940220,0.0013812001,0.0000087837,-0.1745267821
558963.9300241680,-0.0009451867,-0.0058979321,9.7935906040,0.0015440495,-0.0000020669,-0.1744725442
558963.9400241680,0.0004098373,-0.0007065283,9.7938865766,0.0010880711,0.0000413356,-0.1744616966
558963.9500241680,-0.0001925111,-0.0020819106,9.7941960432,0.0018480352,-0.0000020669,-0.1744616966
558963.9600241680,-0.0009498887,-0.0040677480,9.7938964606,0.0007840855,0.0000413356,-0.1744291538
558963.9700241680,-0.0003563494,0.0008154756,9.7941986373,0.0019674581,-0.0000563201,-0.1744725442
558963.9800241680,-0.0000293823,-0.0060467074,9.7935829218,0.0008600819,0.0000413356,-0.1745050869
558963.9900241680,0.0002436193,0.0028009655,9.7938894497,0.0017286122,0.0000087837,-0.1744942393
558964.0000241681,-0.0003332623,-0.0063530118,9.7935853198,0.0012183507,-0.0000020669,-0.1745484773
558964.0100241679,-0.0003581341,0.0012730563,9.7941988466,0.0013486302,0.0000196343,-0.1748088196
558964.0200241680,-0.0003379356,-0.0042178432,9.7940438256,0.0016960423,0.0000087837,-0.1745050869
558964.0300241680,-0.0001954570,-0.0010142916,9.7943490413,0.0008709385,0.0000304849,-0.1745267821
558964.0400241680,-0.0012698028,0.0000491588,9.7940533912,0.0019240316,-0.0000020669,-0.1745159345
558964.0500241680,-0.0015511619,-0.0069681216,9.7935951906,0.0007623722,0.0000087837,-0.1745267821
558964.0600241680,0.0002478698,0.0026482303,9.7943469092,0.0019023183,-0.0000020669,-0.1744833917
558964.0700241680,0.0005850077,-0.0061969415,9.7940353064,0.0010337880,0.0000304849,-0.1745159345
558964.0800241680,-0.0002110682,0.0014264863,9.7935876086,0.0015549062,0.0000196343,-0.1744833917
558964.0900241680,-0.0004845214,-0.0057437377,9.7940443968,0.0013920567,-0.0000020669,-0.1744942393
558964.1000241680,-0.0006536279,-0.0005586561,9.7945055665,0.0011532109,0.0000196343,-0.1744725442
558964.1100241680,0.0001130963,-0.0028431557,9.7938881375,0.0017286122,-0.0000020669,-0.1744183062
558964.1200241680,-0.0000448789,-0.0023859919,9.7934320862,0.0008600819,0.0000304849,-0.1744508490
558964.1300241679,-0.0006578784,-0.0004059209,9.7940481070,0.0019674581,-0.0000020669,-0.1744508490
558964.1400241680,-0.0012412468,-0.0072721332,9.7940500429,0.0008057987,0.0000304849,-0.1744833917
558964.1500241680,0.0003871158,0.0038695569,9.7932786302,0.0019023183,-0.0000129176,-0.1745159345
558964.1600241680,0.0002866254,-0.0063510662,9.7948003229,0.0010337880,0.0000521862,-0.1745376297
558964.1700241680,-0.0005113787,0.0002050204,9.7935895880,0.0014680531,-0.0000129176,-0.1745376297
558964.1800241680,-0.0004947783,-0.0046757021,9.7932823363,0.0014789098,-0.0000020669,-0.1745593249
558964.1900241680,0.0001000082,0.0005124365,9.7938896721,0.0011206410,0.0000304849,-0.1745484773
558964.2000241680,-0.0011126232,-0.0023903689,9.7934409674,0.0017828954,-0.0000129176,-0.1745050869
558964.2100241680,-0.0001830784,-0.0054372944,9.7937369793,0.0008817951,0.0000413356,-0.1745050869
558964.2200241680,-0.0002057713,-0.0005562248,9.7932816823,0.0019566015,0.0000087837,-0.1744725442
558964.2300241680,-0.0000304862,-0.0048267003,9.7940410091,0.0008383686,0.0000087837,-0.1745267821
558964.2400241680,-0.0000584186,0.0026470492,9.7941969370,0.0018154653,-0.0000020669,-0.1745376297
558964.2500241681,-0.0015408763,-0.0077311729,9.7945099004,0.0010229313,0.0000196343,-0.1745159345
558964.2600241679,0.0003996664,0.0012764605,9.7935824639,0.0015657628,0.0000087837,-0.1744942393
558964.2700241680,-0.0003422434,-0.0046750768,9.7932810676,0.0014137700,0.0000196343,-0.1745376297
558964.2800241680,-0.0008157962,0.0006612117,9.7938973543,0.0011749241,0.0000196343,-0.1744942393
558964.2900241680,-0.0003428097,-0.0042175655,9.7934337866,0.0017503255,0.0000087837,-0.1744942393
558964.3000241680,-0.0000376825,-0.0036063461,9.7937365477,0.0008926518,0.0000196343,-0.1744508490
558964.3100241680,0.0007022992,0.0012778499,9.7932749069,0.0019023183,0.0000087837,-0.1745050869
558964.3200241680,-0.0004850876,-0.0052862264,9.7941971158,0.0008057987,0.0000304849,-0.1745267821
558964.3300241680,-0.0008187708,0.0014238463,9.7938977031,0.0018914617,-0.0000129176,-0.1744833917
558964.3400241680,-0.0013955664,-0.0068151778,9.7940515209,0.0010337880,0.0000196343,-0.1744833917
558964.3500241680,0.0002496258,0.0018856651,9.7941940507,0.0015874761,0.0000087837,-0.1744833917
558964.3600241680,-0.0004869584,-0.0057435988,9.7937393773,0.0013160603,0.0000087837,-0.1744725442
558964.3700241680,-0.0006560363,-0.0002535328,9.7943531963,0.0012617772,-0.0000020669,-0.1744616966
558964.3800241679,-0.0015582436,-0.0045278298,9.7939013263,0.0016417592,0.0000087837,-0.1744508490
558964.3900241680,0.0002603343,-0.0008598194,9.7941927951,0.0010229313,0.0000304849,-0.1745376297
558964.4000241680,0.0002590872,-0.0011647343,9.7938876361,0.0018263219,-0.0000020669,-0.1745701725
558964.4100241680,-0.0006430628,-0.0048290626,9.7937410646,0.0008926518,0.0000304849,-0.1745918677
558964.4200241680,-0.0002008972,-0.0005565025,9.7938917213,0.0019131749,-0.0000020669,-0.1745593249
558964.4300241680,-0.0007925945,-0.0052873380,9.7938946338,0.0008709385,0.0000196343,-0.1745484773
558964.4400241680,0.0008574145,0.0028032583,9.7943419040,0.0017503255,0.0000196343,-0.1745159345
558964.4500241680,-0.0003261233,-0.0081833348,9.7935844827,0.0011532109,0.0000087837,-0.1745159345
558964.4600241680,-0.0008145777,0.0006611423,9.7940498640,0.0013812001,-0.0000020669,-0.1744725442
558964.4700241680,-0.0001944392,-0.0031492518,9.7934330062,0.0016417592,-0.0000346188,-0.1745267821
558964.4800241680,0.0005634474,-0.0022308945,9.7932745713,0.0009577916,0.0000304849,-0.1744725442
558964.4900241680,0.0005761126,-0.0036040533,9.7941890020,0.0018914617,-0.0000020669,-0.1744725442
558964.5000241681,-0.0012538547,-0.0052890056,9.7934409107,0.0008275120,0.0000087837,-0.1744725442
558964.5100241679,-0.0017356790,0.0027926286,9.7943634726,0.0019240316,-0.0000346188,-0.1744616966
558964.5200241680,0.0002774722,-0.0065030376,9.7935801751,0.0008926518,0.0000196343,-0.1744833917
558964.5300241680,0.0000982234,0.0009700172,9.7938898814,0.0016743291,0.0000087837,-0.1744616966
558964.5400241680,-0.0004791385,-0.0068114955,9.7941964183,0.0013052037,0.0000087837,-0.1744616966
558964.5500241680,-0.0012721251,0.0012692352,9.7943589688,0.0013160603,-0.0000129176,-0.1745267821
558964.5600241680,-0.0000352455,-0.0036064850,9.7940415672,0.0016417592,0.0000196343,-0.1744833917
558964.5700241680,0.0007256443,-0.0031457779,9.7940354328,0.0009469349,0.0000304849,-0.1745376297
558964.5800241680,-0.0006538287,-0.0026935469,9.7934370216,0.0018480352,-0.0000020669,-0.1744942393
558964.5900241680,-0.0011036421,-0.0040683038,9.7937452196,0.0008492253,0.0000196343,-0.1745593249
558964.6000241680,0.0011563631,0.0024998716,9.7934241685,0.0019023183,-0.0000020669,-0.1745050869
558964.6100241680,-0.0003260373,-0.0072683816,9.7940424305,0.0008926518,0.0000304849,-0.1745159345
558964.6200241680,-0.0006578497,-0.0001009365,9.7942007563,0.0017394689,0.0000196343,-0.1744508490
558964.6300241679,-0.0001788853,-0.0061999984,9.7938891403,0.0012074940,-0.0000129176,-0.1744833917
558964.6400241680,0.0000947399,0.0028001319,9.7943482477,0.0013269169,0.0000087837,-0.1744725442
558964.6500241680,-0.0001776668,-0.0062000679,9.7940416501,0.0015766194,0.0000087837,-0.1744616966
558964.6600241680,-0.0015671960,-0.0025449105,9.7937497233,0.0010120747,0.0000196343,-0.1744400014
558964.6700241680,-0.0014242371,-0.0007138233,9.7934442722,0.0019674581,-0.0000346188,-0.1744508490
558964.6800241680,0.0013429229,-0.0049735998,9.7940295207,0.0007732289,0.0000196343,-0.1745267821
558964.6900241680,0.0006998908,0.0015829732,9.7931225367,0.0019566015,-0.0000346188,-0.1745050869
558964.7000241680,-0.0003194932,-0.0089461777,9.7940416632,0.0009795048,0.0000304849,-0.1744725442
558964.7100241680,-0.0011303847,0.0031003918,9.7939010079,0.0015549062,0.0000087837,-0.1745050869
558964.7200241680,-0.0015595194,-0.0051377292,9.7934435180,0.0014680531,-0.0000129176,-0.1745267821
558964.7300241690,0.0008741295,-0.0008575266,9.7946452494,0.0010337880,0.0000196343,-0.1745376297
558964.7400241690,-0.0000400622,-0.0029962385,9.7937368267,0.0019240316,0.0000087837,-0.1745159345
558964.7500241690,-0.0010982305,-0.0048310773,9.7940498903,0.0008275120,0.0000304849,-0.1744833917
558964.7600241690,-0.0011251165,0.0008126964,9.7934424322,0.0019674581,0.0000087837,-0.1744942393
558964.7700241690,0.0005819471,-0.0063492601,9.7935777073,0.0008600819,-0.0000020669,-0.1744616966
558964.7800241690,0.0002537902,0.0008179767,9.7941935624,0.0017068990,-0.0000020669,-0.1744183062
558964.7900241690,-0.0007824235,-0.0072703268,9.7941987465,0.0012617772,0.0000196343,-0.1744508490
558964.8000241690,-0.0006777400,0.0021875922,9.7928292148,0.0013812001,0.0000087837,-0.1744725442
558964.8100241690,0.0008854042,-0.0040605224,9.7944912748,0.0015331929,-0.0000346188,-0.1744942393
558964.8200241691,-0.0000291530,-0.0036068322,9.7948041160,0.0010337880,0.0000304849,-0.1744942393
558964.8300241689,-0.0003409102,-0.0034552086,9.7940441744,0.0018914617,-0.0000129176,-0.1744942393
558964.8400241690,0.0002614095,-0.0023848108,9.7935820585,0.0008275120,0.0000304849,-0.1745159345
558964.8500241690,0.0003966918,0.0020390951,9.7935828127,0.0019023183,0.0000196343,-0.1745050869
558964.8600241690,0.0007445669,-0.0092465768,9.7934226035,0.0008709385,-0.0000020669,-0.1745159345
558964.8700241690,-0.0000561536,0.0008170039,9.7935860608,0.0018263219,-0.0000020669,-0.1745484773
558964.8800241690,-0.0021587499,-0.0057508240,9.7945158822,0.0012074940,0.0000413356,-0.1745267821
558964.8900241690,-0.0006655263,0.0024918822,9.7945069617,0.0013160603,0.0000087837,-0.1745050869
558964.9000241690,0.0007351056,-0.0061961773,9.7937290181,0.0016200459,-0.0000129176,-0.1744833917
558964.9100241690,-0.0003366311,-0.0033029595,9.7946542832,0.0009469349,0.0000087837,-0.1744616966
558964.9200241690,-0.0009630055,-0.0010171402,9.7937453459,0.0019783147,-0.0000237682,-0.1744183062
558964.9300241690,0.0002703332,-0.0046727146,9.7935810121,0.0007732289,0.0000304849,-0.1744400014
558964.9400241690,-0.0000537166,0.0008168650,9.7938910804,0.0019348882,0.0000196343,-0.1744833917
558964.9500241691,-0.0000223007,-0.0084869992,9.7932767862,0.0009686482,0.0000087837,-0.1744833917
558964.9600241689,0.0000946539,0.0018851787,9.7938902999,0.0016417592,-0.0000129176,-0.1744833917
558964.9700241690,-0.0000280778,-0.0051318236,9.7941933794,0.0013160603,0.0000196343,-0.1745050869
558964.9800241690,0.0002519482,0.0006655887,9.7938884731,0.0012183507,0.0000087837,-0.1744942393
558964.9900241690,-0.0007932754,-0.0060497643,9.7934367557,0.0017177556,-0.0000129176,-0.1745159345
558965.0000241690,-0.0004904132,-0.0036084997,9.7943503929,0.0009360783,-0.0000020669,-0.1745267821
558965.0100241690,-0.0005100741,0.0011199041,9.7942000456,0.0020000280,-0.0000020669,-0.1747762768
558965.0200241690,0.0004282224,-0.0060448315,9.7935791156,0.0007732289,0.0000304849,-0.1745159345
558965.0300241690,-0.0005131921,0.0003576168,9.7934371480,0.0018806050,-0.0000346188,-0.1744616966
558965.0400241690,-0.0007776642,-0.0084905422,9.7941981884,0.0010555012,0.0000196343,-0.1744400014
558965.0500241690,0.0000922742,0.0024952864,9.7938905789,0.0014897664,-0.0000020669,-0.1744725442
558965.0600241690,-0.0001854581,-0.0048271868,9.7937372584,0.0015440495,0.0000196343,-0.1744725442
558965.0700241691,-0.0005000179,-0.0020830222,9.7938935612,0.0010120747,0.0000087837,-0.1744725442
558965.0800241689,-0.0012603414,-0.0030012407,9.7937469766,0.0019348882,-0.0000129176,-0.1744725442
558965.0900241690,-0.0003355560,-0.0048279509,9.7940435466,0.0008275120,0.0000087837,-0.1745267821
558965.1000241690,0.0002484360,0.0021907190,9.7941941902,0.0019240316,0.0000196343,-0.1744942393
558965.1100241690,-0.0004750027,-0.0081841684,9.7940432807,0.0009143650,0.0000087837,-0.1745267821
558965.1200241690,0.0000939730,0.0011227524,9.7934324219,0.0017177556,0.0000087837,-0.1744833917
558965.1300241690,0.0007405459,-0.0066539664,9.7941863381,0.0012617772,0.0000087837,-0.1745376297
558965.1400241690,-0.0003593526,0.0012731258,9.7940463369,0.0013812001,0.0000196343,-0.1745484773
558965.1500241690,-0.0000250746,-0.0055894738,9.7943456799,0.0016091893,0.0000087837,-0.1745376297
558965.1600241690,-0.0001956290,-0.0028441980,9.7934331457,0.0009795048,0.0000196343,-0.1745376297
558965.1700241690,-0.0012669142,-0.0016284290,9.7935950946,0.0019131749,-0.0000454694,-0.1745484773
558965.1800241690,-0.0001842683,-0.0051322406,9.7937371188,0.0007840855,0.0000304849,-0.1745159345
558965.1900241690,-0.0002062802,0.0005112553,9.7937396998,0.0019566015,-0.0000020669,-0.1744833917
558965.2000241691,-0.0004792245,-0.0077264487,9.7937384705,0.0009469349,0.0000196343,-0.1744291538
558965.2100241689,0.0002405874,0.0029536313,9.7935845000,0.0017068990,-0.0000020669,-0.1744183062
558965.2200241690,0.0007368904,-0.0066537581,9.7937288089,0.0012943471,-0.0000020669,-0.1744616966
558965.2300241690,0.0001035203,-0.0010126938,9.7935839550,0.0012617772,0.0000196343,-0.1744616966
558965.2400241690,-0.0001836160,-0.0046747987,9.7940423476,0.0017068990,-0.0000129176,-0.1744616966
558965.2500241690,-0.0000460400,-0.0017759537,9.7935848750,0.0009252217,0.0000087837,-0.1744833917
558965.2600241690,0.0007142549,-0.0011627196,9.7935788103,0.0019674581,-0.0000129176,-0.1745050869
558965.2700241690,0.0010407417,-0.0066524381,9.7935737616,0.0007732289,0.0000196343,-0.1745484773
558965.2800241690,-0.0008163625,0.0011187230,9.7940500733,0.0019566015,-0.0000020669,-0.1744833917
558965.2900241690,-0.0006371136,-0.0063543318,9.7937403670,0.0010229313,0.0000413356,-0.1745267821
558965.3000241690,-0.0003641693,0.0018833723,9.7937415964,0.0015657628,-0.0000020669,-0.1745376297
558965.3100241690,0.0004288173,-0.0061973585,9.7935790458,0.0012943471,-0.0000129176,-0.1745050869
558965.3200241691,0.0002561126,-0.0004020998,9.7938879848,0.0013052037,0.0000196343,-0.1744942393
558965.3300241689,-0.0004893381,-0.0051334911,9.7937396563,0.0016743291,-0.0000129176,-0.1744616966
558965.3400241690,-0.0000459827,-0.0011659849,9.7938901735,0.0009795048,0.0000413356,-0.1744291538
558965.3500241690,0.0004109698,-0.0016215509,9.7935811385,0.0018480352,-0.0000346188,-0.1744291538
558965.3600241690,0.0001231526,-0.0060460821,9.7935816531,0.0008709385,0.0000196343,-0.1743966110
558965.3700241690,0.0010236038,-0.0010092199,9.7941863816,0.0019566015,-0.0000020669,-0.1744833917
558965.3800241690,-0.0006449336,-0.0052864350,9.7932833260,0.0008492253,0.0000196343,-0.1745267821
558965.3900241690,0.0000964387,0.0014275980,9.7938900906,0.0017394689,-0.0000020669,-0.1745376297
558965.4000241690,-0.0006269140,-0.0080323362,9.7941971290,0.0012074940,0.0000087837,-0.1745267821
558965.4100241690,-0.0003564067,0.0002055068,9.7938933388,0.0014029134,-0.0000020669,-0.1745376297
558965.4200241690,-0.0004898470,-0.0040660110,9.7941976739,0.0016526158,0.0000196343,-0.1744942393
558965.4300241690,0.0004152202,-0.0017742862,9.7940385980,0.0009360783,0.0000304849,-0.1745159345
558965.4400241690,0.0005671029,-0.0022311028,9.7937321005,0.0019023183,0.0000087837,-0.1744942393
558965.4500241691,-0.0006340530,-0.0062020131,9.7941979660,0.0007949421,0.0000087837,-0.1745267821
558965.4600241689,-0.0000536879,0.0011218494,9.7940437296,0.0019783147,-0.0000020669,-0.1745050869
558965.4700241690,0.0005867351,-0.0072644910,9.7937297986,0.0009577916,0.0000196343,-0.1744725442
558965.4800241690,0.0007036037,0.0021927337,9.7938853645,0.0016417592,0.0000304849,-0.1745050869
558965.4900241690,-0.0000257842,-0.0066568845,9.7937351525,0.0013269169,-0.0000020669,-0.1745050869
558965.5000241690,-0.0003570016,0.0003580337,9.7938934086,0.0011857808,-0.0000020669,-0.1744833917
558965.5100241690,-0.0000364927,-0.0039114000,9.7937364082,0.0017937520,-0.0000020669,-0.1744725442
558965.5200241690,-0.0000334607,-0.0040640658,9.7940413579,0.0008383686,0.0000196343,-0.1744508490
558965.5300241690,0.0004074576,-0.0000964207,9.7938868556,0.0020000280,-0.0000346188,-0.1744942393
558965.5400241690,-0.0003283883,-0.0063532895,9.7941953588,0.0008492253,0.0000087837,-0.1745159345
558965.5500241690,-0.0002116057,0.0021889820,9.7938929769,0.0018480352,-0.0000020669,-0.1745050869
558965.5600241690,-0.0000137425,-0.0081825008,9.7944970038,0.0011314976,0.0000087837,-0.1745267821
558965.5700241691,0.0007089866,0.0011249758,9.7940373859,0.0014354832,0.0000087837,-0.1745267821
558965.5800241689,-0.0007877778,-0.0058975846,9.7941993743,0.0015657628,-0.0000346188,-0.1745267821
558965.5900241690,-0.0015683285,-0.0016298879,9.7940551614,0.0010120747,-0.0000020669,-0.1745267821
558965.6000241690,-0.0000418469,-0.0025386577,9.7937370360,0.0019566015,-0.0000020669,-0.1744942393
558965.6100241690,0.0011921154,-0.0060417746,9.7937252817,0.0008275120,0.0000304849,-0.1744291538
558965.6200241690,0.0010037708,0.0018892776,9.7931201387,0.0019348882,-0.0000020669,-0.1744183062
558965.6300241690,-0.0001753158,-0.0071151599,9.7938887218,0.0009143650,-0.0000020669,-0.1744400014
558965.6400241690,-0.0008097323,0.0003558801,9.7945072538,0.0016417592,-0.0000129176,-0.1744074586
558965.6500241690,-0.0001722552,-0.0069628413,9.7943463208,0.0013812001,0.0000196343,-0.1744508490
558965.6600241690,-0.0000567485,0.0009695308,9.7935861306,0.0011749241,0.0000087837,-0.1744942393
558965.6700241690,-0.0003354700,-0.0039129977,9.7945014944,0.0018371785,-0.0000346188,-0.1744833917
558965.6800241690,0.0004282797,-0.0054348627,9.7938844141,0.0008600819,0.0000196343,-0.1745159345
558965.6900241690,-0.0003460924,-0.0002525600,9.7949606978,0.0019891713,-0.0000020669,-0.1744508490
558965.7000241691,0.0002762824,-0.0061979837,9.7935803146,0.0008383686,0.0000304849,-0.1745159345
558965.7100241689,0.0000916220,0.0020378445,9.7935853502,0.0018154653,-0.0000020669,-0.1745484773
558965.7200241690,-0.0001772153,-0.0078775168,9.7932783340,0.0010989277,-0.0000020669,-0.1745484773
558965.7300241690,0.0005571040,0.0015817924,9.7943438835,0.0014897664,0.0000087837,-0.1745701725
558965.7400241690,0.0002824036,-0.0058933465,9.7944955126,0.0015766194,0.0000087837,-0.1745484773
558965.7500241690,0.0001076561,-0.0023853666,9.7934308175,0.0010337880,-0.0000020669,-0.1744942393
558965.7600241690,0.0004194420,-0.0022320058,9.7943434083,0.0018697484,-0.0000346188,-0.1744725442
558965.7700241690,-0.0001866766,-0.0048271173,9.7935847486,0.0008383686,-0.0000020669,-0.1744616966
558965.7800241690,-0.0009707681,0.0006607253,9.7935936035,0.0019348882,0.0000087837,-0.1744616966
558965.7900241690,0.0004390169,-0.0078753629,9.7940358078,0.0009143650,0.0000304849,-0.1744833917
558965.8000241690,0.0019237683,0.0009777983,9.7932646175,0.0017503255,-0.0000129176,-0.1744942393
558965.8100241700,-0.0001709794,-0.0063529420,9.7948041291,0.0012292073,-0.0000020669,-0.1744725442
558965.8200241700,-0.0006626090,0.0011192789,9.7942013143,0.0013920567,0.0000196343,-0.1744833917
558965.8300241700,-0.0007872115,-0.0063550959,9.7940466553,0.0015874761,0.0000087837,-0.1744508490
558965.8400241700,0.0011808120,-0.0031437632,9.7937266070,0.0009795048,0.0000304849,-0.1744508490
558965.8500241700,0.0010181348,-0.0008564153,9.7935764124,0.0019240316,-0.0000346188,-0.1744616966
558965.8600241700,-0.0003362082,-0.0052853928,9.7937383178,0.0007840855,0.0000196343,-0.1745484773
558965.8700241700,-0.0005167329,0.0015777627,9.7935902158,0.0019566015,-0.0000020669,-0.1745593249
558965.8800241700,-0.0004708670,-0.0095568412,9.7938901431,0.0010012181,0.0000196343,-0.1745267821
558965.8900241700,0.0013089267,0.0028054813,9.7935755490,0.0016417592,-0.0000129176,-0.1744833917
558965.9000241701,-0.0003205397,-0.0071162019,9.7948050491,0.0013269169,0.0000196343,-0.1744508490
558965.9100241699,-0.0011136697,-0.0005603930,9.7942043532,0.0012183507,-0.0000020669,-0.1744291538
558965.9200241700,-0.0003362369,-0.0055903772,9.7935856686,0.0017503255,-0.0000020669,-0.1744508490
558965.9300241700,0.0022503985,-0.0029869982,9.7940228152,0.0009577916,0.0000087837,-0.1744291538
558965.9400241700,0.0002548941,-0.0004020303,9.7937354751,0.0019566015,-0.0000129176,-0.1744833917
558965.9500241700,-0.0010977216,-0.0058985574,9.7935918727,0.0008492253,0.0000087837,-0.1745376297
558965.9600241700,-0.0000459540,-0.0008610005,9.7940428228,0.0019131749,0.0000087837,-0.1745050869
558965.9700241700,0.0016562356,-0.0080226792,9.7935680589,0.0009360783,0.0000196343,-0.1745267821
558965.9800241700,0.0007011954,0.0024978569,9.7937329942,0.0016309026,0.0000087837,-0.1745376297
558965.9900241700,-0.0026146845,-0.0074302182,9.7939088820,0.0013160603,-0.0000454694,-0.1745376297
558966.0000241700,-0.0015725789,-0.0014771526,9.7935977019,0.0013052037,-0.0000020669,-0.1745050869
558966.0100241700,0.0010379105,-0.0043648815,9.7943373568,0.0017177556,0.0000196343,-0.1747437340
558966.0200241701,0.0013303723,-0.0023805033,9.7937256871,0.0009795048,0.0000196343,-0.1744508490
558966.0300241699,-0.0005018026,-0.0016254415,9.7938937705,0.0018154653,-0.0000346188,-0.1743857634
558966.0400241700,-0.0020026741,-0.0069703447,9.7943615456,0.0008709385,0.0000087837,-0.1744074586
558966.0500241700,0.0007070298,-0.0002473498,9.7931216996,0.0019131749,-0.0000237682,-0.1744074586
558966.0600241700,0.0021025082,-0.0054277764,9.7934129288,0.0009469349,0.0000413356,-0.1744291538
558966.0700241700,0.0008644675,0.0000579821,9.7938831192,0.0018046086,-0.0000020669,-0.1744725442
558966.0800241700,-0.0013925632,-0.0072728280,9.7942038214,0.0011097844,-0.0000020669,-0.1744942393
558966.0900241700,-0.0002103872,0.0021889126,9.7940454867,0.0015331929,-0.0000129176,-0.1745050869
558966.1000241700,0.0027205538,-0.0055782188,9.7943228426,0.0014680531,0.0000196343,-0.1745050869
558966.1100241700,0.0008709829,-0.0019247984,9.7937297026,0.0010663578,0.0000196343,-0.1744833917
558966.1200241700,-0.0012519266,-0.0042216643,9.7942039478,0.0018263219,-0.0000129176,-0.1745484773
558966.1300241700,-0.0018656931,-0.0039189727,9.7939041428,0.0009252217,-0.0000346188,-0.1745593249
558966.1400241700,0.0010181922,-0.0002464465,9.7938817109,0.0019566015,0.0000087837,-0.1745376297
558966.1500241701,0.0022713066,-0.0074104871,9.7944783215,0.0008600819,0.0000196343,-0.1745376297
558966.1600241699,-0.0011233891,-0.0002548531,9.7931369244,0.0018263219,-0.0000020669,-0.1744942393
558966.1700241700,-0.0029197257,-0.0071264844,9.7940640688,0.0010880711,-0.0000020669,-0.1744942393
558966.1800241700,0.0000976572,0.0014275285,9.7940426004,0.0015006230,-0.0000020669,-0.1744508490
558966.1900241700,0.0022670561,-0.0072577519,9.7940208620,0.0014571965,0.0000087837,-0.1744183062
558966.2000241700,0.0007196378,-0.0022304775,9.7937308318,0.0011749241,0.0000521862,-0.1744725442
558966.2100241700,-0.0029388490,-0.0031605762,9.7936083532,0.0017828954,-0.0000671707,-0.1744508490
558966.2200241700,0.0001215685,-0.0034536106,9.7946504072,0.0008817951,0.0000087837,-0.1744833917
558966.2300241700,0.0014853443,-0.0023800169,9.7940294379,0.0019674581,-0.0000020669,-0.1744833917
558966.2400241700,0.0005837032,-0.0071118252,9.7934248488,0.0008383686,0.0000413356,-0.1745159345
558966.2500241700,-0.0008235588,0.0023390772,9.7937456118,0.0018914617,-0.0000346188,-0.1746244105
558966.2600241700,-0.0012430889,-0.0074245213,9.7937449537,0.0010663578,-0.0000020669,-0.1747003436
558966.2700241701,-0.0006608243,0.0006616981,9.7942011051,0.0015549062,-0.0000346188,-0.1745267821
558966.2800241699,0.0007374566,-0.0071112694,9.7935760898,0.0014789098,0.0000196343,-0.1744616966
558966.2900241700,0.0011688277,-0.0010081780,9.7932700544,0.0011314976,0.0000304849,-0.1744074586
558966.3000241700,-0.0017124772,-0.0031559212,9.7943607521,0.0018154653,-0.0000454694,-0.1744291538
558966.3100241700,0.0002799666,-0.0058932077,9.7941904931,0.0008492253,0.0000087837,-0.1744291538
558966.3200241700,0.0008662235,-0.0007045830,9.7937302606,0.0019783147,-0.0000020669,-0.1744291538
558966.3300241700,0.0005783203,-0.0060440674,9.7932728273,0.0008926518,0.0000087837,-0.1744942393
558966.3400241700,-0.0008218314,0.0012715277,9.7934401040,0.0018154653,-0.0000129176,-0.1744616966
558966.3500241700,-0.0007770980,-0.0089480535,9.7940454694,0.0011314976,-0.0000020669,-0.1744616966
558966.3600241700,0.0010079639,0.0011265735,9.7932722997,0.0015223363,-0.0000020669,-0.1745050869
558966.3700241700,0.0024094488,-0.0049691534,9.7938681298,0.0014897664,0.0000087837,-0.1744833917
558966.3800241700,0.0007215372,-0.0014681207,9.7943412196,0.0010663578,0.0000304849,-0.1744833917
558966.3900241700,-0.0003379643,-0.0045228276,9.7938911764,0.0018480352,-0.0000020669,-0.1744942393
558966.4000241701,-0.0004869584,-0.0057435988,9.7937393773,0.0008492253,0.0000196343,-0.1745376297
558966.4100241699,-0.0009694923,0.0012706247,9.7940514118,0.0020651677,-0.0000346188,-0.1745159345
558966.4200241700,0.0004335480,-0.0077225582,9.7934258385,0.0008492253,0.0000196343,-0.1745701725
558966.4300241700,-0.0008217740,0.0018814965,9.7937454026,0.0017286122,-0.0000346188,-0.1745050869
558966.4400241700,-0.0007807248,-0.0086428608,9.7937405894,0.0013269169,-0.0000346188,-0.1745050869
558966.4500241700,0.0004111418,0.0002083554,9.7944970342,0.0012292073,0.0000196343,-0.1744725442
558966.4600241700,0.0010354734,-0.0043647427,9.7940323372,0.0017611821,-0.0000020669,-0.1744291538
558966.4700241700,0.0005814956,-0.0046718112,9.7943410235,0.0008817951,0.0000196343,-0.1744725442
558966.4800241700,-0.0009599449,-0.0008648216,9.7942029450,0.0020434545,-0.0000237682,-0.1745159345
558966.4900241700,0.0007374853,-0.0068062850,9.7937287391,0.0008057987,-0.0000129176,-0.1745376297
558966.5000241700,0.0004014798,0.0011238641,9.7937349039,0.0018371785,0.0000087837,-0.1745050869
558966.5100241700,0.0007440007,-0.0087890655,9.7935753225,0.0011314976,0.0000087837,-0.1744725442
558966.5200241701,0.0000987897,0.0005125059,9.7937371624,0.0014571965,-0.0000129176,-0.1745050869
558966.5300241699,0.0002708995,-0.0051302259,9.7934282931,0.0015223363,-0.0000346188,-0.1745267821
558966.5400241700,0.0005672176,-0.0010111652,9.7943426976,0.0011097844,0.0000304849,-0.1745159345
558966.5500241700,-0.0000340843,-0.0042165232,9.7938887784,0.0018480352,0.0000087837,-0.1744833917
558966.5600241700,0.0005777827,-0.0052815717,9.7935781956,0.0008492253,0.0000304849,-0.1745267821
558966.5700241700,0.0010145367,-0.0002462381,9.7934241816,0.0019783147,-0.0000129176,-0.1745159345
558966.5800241700,-0.0003266609,-0.0074208391,9.7938898510,0.0008492253,-0.0000129176,-0.1745050869
558966.5900241700,0.0002616962,0.0006650332,9.7951085512,0.0018697484,-0.0000020669,-0.1744183062
558966.6000241700,-0.0000209675,-0.0072671310,9.7940398930,0.0011314976,0.0000413356,-0.1744616966
558966.6100241700,0.0002556037,0.0006653803,9.7943460024,0.0014463399,-0.0000346188,-0.1744725442
558966.6200241700,-0.0009403414,-0.0062031943,9.7940479937,0.0016091893,-0.0000129176,-0.1744942393
558966.6300241700,-0.0001925397,-0.0023868950,9.7940433940,0.0010012181,-0.0000129176,-0.1744833917
558966.6400241700,0.0007159536,-0.0025352536,9.7931206532,0.0019240316,0.0000196343,-0.1744833917
558966.6500241701,-0.0000323856,-0.0055890572,9.7934306213,0.0007840855,0.0000304849,-0.1745376297
558966.6600241699,-0.0000483337,-0.0002508928,9.7940431018,0.0020000280,-0.0000020669,-0.1745159345
558966.6700241700,-0.0004767875,-0.0077265876,9.7940434900,0.0009469349,-0.0000346188,-0.1744833917
558966.6800241700,0.0003936025,0.0015817921,9.7929725644,0.0017177556,0.0000196343,-0.1744942393
558966.6900241700,-0.0006213877,-0.0075751720,9.7951123968,0.0013052037,0.0000087837,-0.1745484773
558966.7000241700,-0.0009648190,-0.0008645439,9.7935929059,0.0012183507,-0.0000129176,-0.1745376297
558966.7100241700,0.0019409922,-0.0037504667,9.7931099453,0.0018046086,-0.0000129176,-0.1745376297
558966.7200241700,0.0013381636,-0.0037533844,9.7940300788,0.0008275120,0.0000304849,-0.1744833917
558966.7300241700,0.0002614381,-0.0020798264,9.7937347078,0.0020108846,-0.0000020669,-0.1744291538
558966.7400241700,-0.0001728501,-0.0068103144,9.7943463906,0.0008709385,0.0000304849,-0.1744616966
558966.7500241700,-0.0006758979,0.0023399803,9.7931343041,0.0018046086,-0.0000563201,-0.1744183062
558966.7600241700,-0.0000089831,-0.0094027162,9.7944964457,0.0011749241,0.0000087837,-0.1745159345
558966.7700241701,0.0007100904,-0.0000950312,9.7935792986,0.0014137700,-0.0000020669,-0.1745376297
558966.7800241699,-0.0007920282,-0.0057448494,9.7937419148,0.0015766194,0.0000087837,-0.1745376297
558966.7900241700,0.0001173754,-0.0026909065,9.7944982463,0.0010229313,-0.0000020669,-0.1745593249
558966.8000241700,0.0004140017,-0.0017742167,9.7938860883,0.0019240316,-0.0000346188,-0.1745484773
558966.8100241700,0.0005819184,-0.0066542445,9.7934250581,0.0008492253,0.0000087837,-0.1745267821
558966.8200241700,-0.0003516761,-0.0013196929,9.7937401315,0.0019566015,0.0000304849,-0.1744833917
558966.8300241700,0.0013530939,-0.0069565886,9.7943336334,0.0009360783,-0.0000020669,-0.1744616966
558966.8400241700,0.0000927258,0.0008178375,9.7931272628,0.0017394689,-0.0000129176,-0.1744833917
558966.8500241700,0.0013548786,-0.0074141693,9.7943334242,0.0012074940,-0.0000454694,-0.1744833917
558966.8600241700,0.0004146827,-0.0010117905,9.7943439663,0.0014463399,0.0000196343,-0.1744400014
558966.8700241700,-0.0010916578,-0.0062038890,9.7942017722,0.0015874761,-0.0000129176,-0.1744074586
558966.8800241710,0.0014817174,-0.0020748242,9.7937245579,0.0010880711,-0.0000129176,-0.1744074586
558966.8900241710,-0.0008009233,-0.0031519612,9.7938956104,0.0018480352,-0.0000563201,-0.1744291538
558966.9000241710,0.0005868498,-0.0060445535,9.7943403956,0.0008709385,0.0000413356,-0.1744616966
558966.9100241710,0.0007094955,0.0000574957,9.7935793684,0.0019674581,-0.0000346188,-0.1744508490
558966.9200241710,-0.0001765343,-0.0071150905,9.7937362120,0.0008817951,0.0000304849,-0.1744942393
558966.9300241710,-0.0003600049,0.0008156839,9.7937411081,0.0017828954,-0.0000346188,-0.1744942393
558966.9400241710,0.0004317632,-0.0072649774,9.7934260478,0.0011857808,-0.0000129176,-0.1744942393
558966.9500241710,0.0010225000,0.0002107871,9.7946444690,0.0014789098,0.0000196343,-0.1744942393
558966.9600241710,0.0001309725,-0.0071139788,9.7940386941,0.0015549062,0.0000087837,-0.1745050869
558966.9700241711,-0.0001937296,-0.0020818411,9.7940435335,0.0010880711,-0.0000129176,-0.1745593249
558966.9800241709,-0.0006519866,-0.0025411588,9.7937421109,0.0018371785,-0.0000129176,-0.1745593249
558966.9900241710,0.0001201780,-0.0052834475,9.7935820019,0.0008926518,0.0000087837,-0.1745159345
558967.0000241710,0.0005652608,-0.0023834908,9.7934270113,0.0019674581,-0.0000020669,-0.1745050869
558967.0100241710,0.0015014070,-0.0064982437,9.7940275544,0.0009143650,0.0000087837,-0.1747437340
558967.0200241710,-0.0000602893,0.0021896767,9.7937391984,0.0018806050,-0.0000129176,-0.1744183062
558967.0300241710,0.0001327572,-0.0075715596,9.7940384848,0.0010663578,-0.0000020669,-0.1744616966
558967.0400241710,0.0019370572,-0.0002429031,9.7943316278,0.0015440495,0.0000196343,-0.1744833917
558967.0500241710,0.0028837972,-0.0083230781,9.7943203182,0.0014137700,-0.0000129176,-0.1745050869
558967.0600241710,-0.0005078092,-0.0007101411,9.7935891695,0.0012074940,0.0000196343,-0.1745267821
558967.0700241710,0.0008775843,-0.0029926257,9.7940342338,0.0017937520,-0.0000129176,-0.1745376297
558967.0800241710,-0.0009475377,-0.0049828401,9.7937435323,0.0009360783,0.0000196343,-0.1744616966
558967.0900241710,0.0017898192,-0.0022262394,9.7940269701,0.0019240316,-0.0000020669,-0.1744508490
558967.1000241711,0.0013506282,-0.0072614341,9.7938759646,0.0008600819,0.0000413356,-0.1744833917
558967.1100241710,-0.0014325659,0.0014215535,9.7934452487,0.0018914617,-0.0000563201,-0.1745159345
558967.1200241710,-0.0006377946,-0.0071167580,9.7932824889,0.0010555012,-0.0000454694,-0.1745701725
558967.1300241710,-0.0002062802,0.0005112553,9.7937396998,0.0015657628,0.0000087837,-0.1745050869
558967.1400241710,0.0007470326,-0.0089417313,9.7938802723,0.0014789098,-0.0000020669,-0.1744833917
558967.1500241710,0.0014770154,-0.0002446401,9.7940304144,0.0011532109,0.0000087837,-0.1744616966
558967.1600241710,-0.0012681614,-0.0019333440,9.7932899356,0.0018154653,-0.0000346188,-0.1744725442
558967.1700241710,-0.0003254137,-0.0071159241,9.7941950100,0.0008057987,-0.0000129176,-0.1744291538
558967.1800241710,0.0005634474,-0.0022308945,9.7932745713,0.0019891713,-0.0000237682,-0.1744833917
558967.1900241710,0.0012017775,-0.0069572833,9.7944874119,0.0009469349,0.0000196343,-0.1744942393
558967.2000241710,-0.0009791256,0.0024911178,9.7934419308,0.0017611821,-0.0000129176,-0.1745159345
558967.2100241710,-0.0009350158,-0.0078809209,9.7938947167,0.0012074940,-0.0000346188,-0.1745267821
558967.2200241711,0.0005665080,-0.0020785759,9.7937321703,0.0014463399,0.0000087837,-0.1744942393
558967.2300241709,0.0014941820,-0.0055828739,9.7935704437,0.0015874761,0.0000196343,-0.1744725442
558967.2400241710,0.0014756822,-0.0014645082,9.7932673076,0.0010229313,0.0000087837,-0.1744942393
558967.2500241710,0.0001124727,-0.0029956132,9.7937355580,0.0018263219,-0.0000454694,-0.1744616966
558967.2600241710,0.0001267794,-0.0063512748,9.7938865331,0.0009360783,0.0000196343,-0.1745484773
558967.2700241710,0.0004121883,-0.0016216204,9.7937336483,0.0019566015,-0.0000346188,-0.1745159345
558967.2800241710,-0.0000257555,-0.0063519001,9.7938878018,0.0009143650,0.0000304849,-0.1744725442
558967.2900241710,-0.0002074700,0.0008163092,9.7937398393,0.0018046086,-0.0000020669,-0.1744508490
558967.3000241710,-0.0004822851,-0.0078787673,9.7932808714,0.0010989277,-0.0000346188,-0.1744400014
558967.3100241710,0.0008674994,-0.0000946837,9.7941880689,0.0015549062,-0.0000020669,-0.1744508490
558967.3200241710,0.0016551317,-0.0068026722,9.7940261462,0.0014354832,0.0000196343,-0.1745484773
558967.3300241710,-0.0000441119,-0.0007086125,9.7943479121,0.0012183507,-0.0000020669,-0.1744942393
558967.3400241710,-0.0001866766,-0.0048271173,9.7935847486,0.0018046086,-0.0000346188,-0.1744833917
558967.3500241711,0.0007297800,-0.0045184507,9.7938822952,0.0009252217,-0.0000020669,-0.1744833917
558967.3600241710,0.0014780619,-0.0020746159,9.7932670286,0.0019348882,0.0000087837,-0.1744833917
558967.3700241710,0.0013470300,-0.0066512570,9.7937237339,0.0007949421,0.0000196343,-0.1745159345
558967.3800241710,-0.0011257401,0.0006602389,9.7932898527,0.0019240316,-0.0000129176,-0.1744942393
558967.3900241710,-0.0004714619,-0.0094043143,9.7938902129,0.0010337880,-0.0000129176,-0.1744942393
558967.4000241710,0.0010116481,0.0014313496,9.7938824782,0.0016309026,0.0000196343,-0.1744942393
558967.4100241710,0.0018082616,-0.0069545739,9.7940248077,0.0014463399,-0.0000020669,-0.1744725442
558967.4200241710,-0.0003437988,-0.0017776209,9.7945024710,0.0011749241,0.0000087837,-0.1744833917
558967.4300241710,0.0005772738,-0.0042140916,9.7940362132,0.0018480352,-0.0000129176,-0.1744833917
558967.4400241710,-0.0006424105,-0.0043716207,9.7940462934,0.0008383686,-0.0000020669,-0.1744833917
558967.4500241710,0.0005568459,-0.0011630672,9.7929700400,0.0019891713,0.0000087837,-0.1744400014
558967.4600241710,0.0008935323,-0.0083307900,9.7934217533,0.0008926518,0.0000304849,-0.1744725442
558967.4700241711,0.0007083630,0.0009725183,9.7938848064,0.0018480352,-0.0000454694,-0.1744725442
558967.4800241709,0.0019601442,-0.0074113905,9.7937183102,0.0011857808,0.0000087837,-0.1745159345
558967.4900241710,0.0014716325,0.0008231178,9.7938783930,0.0014680531,0.0000196343,-0.1744616966
558967.5000241710,0.0001309438,-0.0074189632,9.7938860448,0.0014680531,-0.0000020669,-0.1744833917
558967.5100241710,-0.0006476214,-0.0014739565,9.7948101675,0.0011857808,-0.0000020669,-0.1745159345
558967.5200241710,-0.0003397491,-0.0040652469,9.7938913856,0.0017937520,-0.0000563201,-0.1745159345
558967.5300241710,0.0007213365,-0.0036030114,9.7932726747,0.0009252217,0.0000196343,-0.1745376297
558967.5400241710,-0.0000454451,-0.0019284806,9.7935848052,0.0020108846,0.0000196343,-0.1745050869
558967.5500241710,0.0012016341,-0.0084822053,9.7937241656,0.0008492253,0.0000087837,-0.1744725442
558967.5600241710,0.0011647206,0.0006694792,9.7935758412,0.0018371785,-0.0000346188,-0.1744942393
558967.5700241710,0.0005909282,-0.0080271951,9.7938819595,0.0011314976,-0.0000129176,-0.1744291538
558967.5800241710,0.0004153636,-0.0002493642,9.7948018444,0.0014789098,0.0000087837,-0.1744183062
558967.5900241710,0.0001236615,-0.0071135622,9.7931236355,0.0015331929,-0.0000020669,-0.1744508490
558967.6000241711,0.0004128119,-0.0014691629,9.7938862278,0.0011532109,-0.0000129176,-0.1744074586
558967.6100241710,0.0010330364,-0.0043646038,9.7937273177,0.0018263219,-0.0000129176,-0.1744616966
558967.6200241710,-0.0003289832,-0.0062007626,9.7941954286,0.0009143650,0.0000087837,-0.1744833917
558967.6300241710,0.0005604728,-0.0014682599,9.7932749200,0.0020000280,-0.0000020669,-0.1744942393
558967.6400241710,0.0011939862,-0.0055844022,9.7941830202,0.0008383686,0.0000087837,-0.1745267821
558967.6500241710,0.0019310220,0.0003674129,9.7938743775,0.0018806050,-0.0000346188,-0.1745050869
558967.6600241710,-0.0010864756,-0.0094065376,9.7932852488,0.0011206410,-0.0000020669,-0.1745376297
558967.6700241710,-0.0002032196,0.0006635740,9.7941972989,0.0014680531,0.0000087837,-0.1745593249
558967.6800241710,0.0010396665,-0.0051274467,9.7941844982,0.0016200459,0.0000087837,-0.1745593249
558967.6900241710,0.0017946358,-0.0028364860,9.7943317106,0.0009686482,0.0000087837,-0.1745484773
558967.7000241710,0.0002649503,-0.0036049567,9.7934289907,0.0019674581,-0.0000129176,-0.1745159345
558967.7100241710,-0.0004833889,-0.0066587603,9.7937389588,0.0008383686,0.0000087837,-0.1744725442
558967.7200241711,-0.0005143819,0.0006626706,9.7934372875,0.0019566015,-0.0000020669,-0.1744291538
558967.7300241709,0.0013547352,-0.0089390913,9.7935701778,0.0009795048,-0.0000129176,-0.1744074586
558967.7400241710,0.0022384141,-0.0008514130,9.7935662625,0.0017177556,-0.0000020669,-0.1744508490
558967.7500241710,-0.0009373955,-0.0072708132,9.7938949957,0.0013594868,-0.0000346188,-0.1744942393
558967.7600241710,-0.0009629482,-0.0004071714,9.7940506445,0.0013160603,-0.0000020669,-0.1745376297
558967.7700241710,0.0016527521,-0.0061925646,9.7940264252,0.0016200459,-0.0000020669,-0.1745267821
558967.7800241710,0.0031667117,-0.0042032536,9.7935571154,0.0010337880,0.0000196343,-0.1745376297
558967.7900241710,-0.0001956290,-0.0028441980,9.7934331457,0.0019240316,-0.0000020669,-0.1745376297
558967.8000241710,-0.0015540792,-0.0055955183,9.7939008380,0.0008709385,-0.0000020669,-0.1745267821
558967.8100241710,0.0007179677,-0.0005529592,9.7943416381,0.0019674581,-0.0000346188,-0.1744725442
558967.8200241710,0.0024249453,-0.0086298688,9.7940189654,0.0009252217,0.0000304849,-0.1744942393
558967.8300241710,0.0013130337,0.0011278241,9.7932697622,0.0017828954,-0.0000346188,-0.1744833917
558967.8400241710,-0.0010875507,-0.0078815462,9.7938959854,0.0012183507,0.0000087837,-0.1744508490
558967.8500241711,-0.0000471438,-0.0005559467,9.7940429623,0.0014137700,-0.0000020669,-0.1744833917
558967.8600241710,0.0016520998,-0.0066500064,9.7937211964,0.0016526158,-0.0000129176,-0.1744833917
558967.8700241710,0.0025572817,-0.0031383440,9.7941727177,0.0010337880,0.0000304849,-0.1744833917
558967.8800241710,-0.0003481926,-0.0031498076,9.7932817651,0.0019674581,-0.0000346188,-0.1745050869
558967.8900241710,-0.0006377086,-0.0062018048,9.7937404368,0.0008492253,0.0000087837,-0.1744833917
558967.9000241710,0.0014697617,0.0003657454,9.7934206544,0.0019783147,-0.0000020669,-0.1745376297
558967.9100241710,0.0024201286,-0.0080196223,9.7937142249,0.0009469349,0.0000087837,-0.1744725442
558967.9200241710,0.0005552045,0.0008194356,9.7937334957,0.0017394689,-0.0000129176,-0.1745159345
558967.9300241710,-0.0013914594,-0.0084928350,9.7937457341,0.0012400639,-0.0000129176,-0.1744833917
558967.9400241710,0.0008722874,-0.0010099146,9.7943401601,0.0014789098,0.0000087837,-0.1745267821
558967.9500241710,0.0024190248,-0.0067996153,9.7941723123,0.0015331929,-0.0000020669,-0.1744942393
558967.9600241720,0.0025422941,-0.0005451086,9.7935638645,0.0011314976,0.0000304849,-0.1745376297
558967.9700241720,-0.0009397178,-0.0060507368,9.7942005733,0.0017937520,-0.0000454694,-0.1745050869
558967.9800241720,-0.0003404013,-0.0045226888,9.7935861568,0.0008926518,-0.0000129176,-0.1744074586
558967.9900241720,0.0017826515,-0.0007009008,9.7938751579,0.0020000280,0.0000196343,-0.1744400014
558968.0000241720,0.0016539419,-0.0064976184,9.7940262857,0.0008600819,0.0000304849,-0.1744616966
558968.0100241720,-0.0009666324,-0.0007119475,9.7934404659,0.0018806050,-0.0000346188,-0.1747545816
558968.0200241720,-0.0007747470,-0.0098631456,9.7938925411,0.0011206410,-0.0000020669,-0.1745159345
558968.0300241720,0.0017755125,0.0011294222,9.7938759950,0.0015657628,-0.0000020669,-0.1745050869
558968.0400241720,0.0016533757,-0.0060401071,9.7941790047,0.0013920567,0.0000196343,-0.1745267821
558968.0500241719,0.0001094982,-0.0022329786,9.7937359067,0.0012400639,-0.0000020669,-0.1745267821
558968.0600241720,-0.0006347340,-0.0069644394,9.7937400880,0.0017394689,-0.0000454694,-0.1745484773
558968.0700241720,0.0017916039,-0.0026838202,9.7940267609,0.0010229313,0.0000087837,-0.1745159345
558968.0800241720,0.0011748915,-0.0013135096,9.7938799539,0.0019674581,0.0000087837,-0.1745050869
558968.0900241720,0.0007386178,-0.0077213076,9.7934233010,0.0007840855,0.0000304849,-0.1745050869
558968.1000241720,-0.0000484484,-0.0014708304,9.7934325047,0.0019348882,-0.0000129176,-0.1745159345
558968.1100241720,0.0009008721,-0.0080262223,9.7944894611,0.0009795048,-0.0000346188,-0.1744508490
558968.1200241720,0.0011708705,0.0012791008,9.7946436885,0.0017068990,0.0000196343,-0.1744183062
558968.1300241720,0.0004414252,-0.0081804861,9.7941881780,0.0013703435,0.0000196343,-0.1744400014
558968.1400241720,-0.0001973564,-0.0017766484,9.7937386535,0.0012726338,-0.0000020669,-0.1744183062
558968.1500241720,0.0002720893,-0.0054352797,9.7934281536,0.0018154653,-0.0000563201,-0.1744291538
558968.1600241720,0.0030124207,-0.0034413137,9.7937112427,0.0008817951,0.0000087837,-0.1746027153
558968.1700241721,0.0005622862,-0.0016208562,9.7934273600,0.0020000280,-0.0000020669,-0.1746461057
558968.1800241719,0.0018142394,-0.0081748586,9.7941767594,0.0008492253,0.0000413356,-0.1745376297
558968.1900241720,-0.0008115744,0.0002034921,9.7942021645,0.0019240316,-0.0000563201,-0.1744942393
558968.2000241720,0.0015103881,-0.0081761786,9.7943318066,0.0010989277,0.0000087837,-0.1744508490
558968.2100241720,0.0016260095,0.0009761311,9.7941822135,0.0015549062,0.0000087837,-0.1744508490
558968.2200241720,0.0008930234,-0.0072633099,9.7938797709,0.0015440495,0.0000087837,-0.1744074586
558968.2300241720,-0.0001938156,-0.0029967943,9.7935855857,0.0010989277,0.0000087837,-0.1744942393
558968.2400241720,0.0007201467,-0.0032979576,9.7932728142,0.0018806050,-0.0000563201,-0.1744833917
558968.2500241720,0.0017950300,-0.0051239037,9.7932630960,0.0008600819,0.0000087837,-0.1745159345
558968.2600241720,0.0022468003,-0.0023768211,9.7938705844,0.0020000280,0.0000196343,-0.1744833917
558968.2700241720,-0.0004767588,-0.0074216032,9.7941961392,0.0009360783,0.0000087837,-0.1745267821
558968.2800241720,0.0000946252,0.0015801943,9.7937376506,0.0018154653,-0.0000346188,-0.1745050869
558968.2900241720,0.0006000527,-0.0081802080,9.7949494581,0.0011206410,-0.0000020669,-0.1745159345
558968.3000241719,0.0016403735,-0.0017695617,9.7946384872,0.0015549062,0.0000087837,-0.1744616966
558968.3100241720,0.0010389283,-0.0064998417,9.7934213216,0.0014680531,0.0000196343,-0.1744942393
558968.3200241720,-0.0000484197,-0.0011658460,9.7935851540,0.0011749241,0.0000196343,-0.1744725442
558968.3300241720,-0.0004899330,-0.0049809642,9.7937397261,0.0018154653,-0.0000563201,-0.1745484773
558968.3400241720,0.0022598885,-0.0057324133,9.7938690498,0.0009143650,0.0000196343,-0.1744833917
558968.3500241720,0.0007148785,-0.0010102622,9.7937313898,0.0020217412,0.0000196343,-0.1744616966
558968.3600241720,-0.0006281325,-0.0080322667,9.7940446192,0.0008492253,0.0000196343,-0.1744616966
558968.3700241720,-0.0006621001,0.0000517988,9.7937432968,0.0018697484,-0.0000563201,-0.1744942393
558968.3800241720,0.0005879823,-0.0069595761,9.7940349576,0.0011206410,-0.0000129176,-0.1744725442
558968.3900241720,0.0004153063,-0.0008593330,9.7944965459,0.0015440495,0.0000087837,-0.1744400014
558968.4000241720,0.0016569452,-0.0069552686,9.7941785862,0.0015549062,0.0000087837,-0.1744183062
558968.4100241720,0.0008601023,-0.0010092203,9.7928150626,0.0011423543,-0.0000020669,-0.1744725442
558968.4200241721,0.0002727416,-0.0049778378,9.7937333824,0.0017611821,-0.0000346188,-0.1745050869
558968.4300241719,0.0015014070,-0.0064982437,9.7940275544,0.0009795048,0.0000196343,-0.1745376297
558968.4400241720,0.0020864168,-0.0016145340,9.7932621629,0.0019566015,-0.0000129176,-0.1744942393
558968.4500241720,0.0013471447,-0.0054313194,9.7943343310,0.0008492253,-0.0000020669,-0.1744833917
558968.4600241720,0.0005635047,-0.0016209257,9.7935798698,0.0019131749,-0.0000346188,-0.1745050869
558968.4700241720,0.0013564913,-0.0097016565,9.7934173193,0.0010446446,0.0000087837,-0.1745376297
558968.4800241720,0.0019353871,0.0014346152,9.7949424341,0.0017068990,-0.0000020669,-0.1744833917
558968.4900241720,0.0005872440,-0.0083319711,9.7932717810,0.0013160603,0.0000196343,-0.1744725442
558968.5000241720,-0.0000454451,-0.0019284806,9.7935848052,0.0012943471,-0.0000020669,-0.1745267821
558968.5100241720,0.0010371722,-0.0057372766,9.7935741802,0.0017286122,-0.0000454694,-0.1745159345
558968.5200241720,0.0010307428,-0.0028395429,9.7941855446,0.0010012181,0.0000196343,-0.1745159345
558968.5300241720,0.0011789699,-0.0032961512,9.7934215178,0.0019783147,-0.0000237682,-0.1744616966
558968.5400241720,0.0012010678,-0.0080246940,9.7938768846,0.0008383686,0.0000304849,-0.1744508490
558968.5500241719,0.0017784584,0.0000618032,9.7937229970,0.0019891713,-0.0000346188,-0.1744616966
558968.5600241720,-0.0001669583,-0.0089455524,9.7940403944,0.0009795048,-0.0000129176,-0.1744291538
558968.5700241720,0.0007101765,0.0008199220,9.7940372464,0.0016526158,0.0000087837,-0.1744616966
558968.5800241720,0.0012003582,-0.0090921046,9.7932663573,0.0013812001,-0.0000020669,-0.1745050869
558968.5900241720,0.0016282171,-0.0014638829,9.7932660389,0.0012183507,-0.0000020669,-0.1745376297
558968.6000241720,0.0014954865,-0.0046679901,9.7941809013,0.0018697484,-0.0000020669,-0.1745484773
558968.6100241720,0.0013465785,-0.0049738081,9.7944870500,0.0008709385,-0.0000020669,-0.1745050869
558968.6200241720,0.0016306541,-0.0014640218,9.7935710584,0.0020108846,-0.0000020669,-0.1745050869
558968.6300241720,0.0019721859,-0.0089370068,9.7944801614,0.0008492253,0.0000087837,-0.1745376297
558968.6400241720,0.0014745784,-0.0002445012,9.7937253949,0.0018697484,-0.0000129176,-0.1745376297
558968.6500241720,-0.0001729648,-0.0080302520,9.7937357935,0.0011423543,-0.0000020669,-0.1745267821
558968.6600241720,0.0004093284,0.0003609518,9.7943445942,0.0015331929,0.0000196343,-0.1744942393
558968.6700241721,0.0012028526,-0.0084822747,9.7938766753,0.0015331929,-0.0000020669,-0.1744833917
558968.6800241719,0.0026989934,-0.0016121718,9.7935621075,0.0011966374,0.0000087837,-0.1744942393
558968.6900241720,0.0001154186,-0.0040632322,9.7935825599,0.0017937520,-0.0000346188,-0.1744725442
558968.7000241720,-0.0021672507,-0.0054453536,9.7936009632,0.0009252217,0.0000087837,-0.1744508490
558968.7100241720,0.0010312804,-0.0036020386,9.7938801763,0.0019783147,-0.0000237682,-0.1744291538
558968.7200241720,0.0036308319,-0.0061841582,9.7933998926,0.0009143650,0.0000304849,-0.1744291538
558968.7300241720,0.0011659391,0.0006694098,9.7937283509,0.0019131749,-0.0000346188,-0.1744616966
558968.7400241720,-0.0007789401,-0.0091004415,9.7937403801,0.0010880711,0.0000087837,-0.1744833917
558968.7500241720,-0.0003528372,-0.0007096547,9.7938929203,0.0016417592,-0.0000020669,-0.1745267821
558968.7600241720,0.0031773916,-0.0072537225,9.7934032105,0.0014680531,0.0000196343,-0.1745050869
558968.7700241720,0.0020882589,-0.0014621460,9.7935672522,0.0010663578,0.0000087837,-0.1745484773
558968.7800241720,-0.0010994777,-0.0051359922,9.7937447313,0.0019131749,-0.0000346188,-0.1744942393
558968.7900241720,-0.0018514151,-0.0075796187,9.7939024686,0.0008492253,-0.0000020669,-0.1744833917
558968.8000241719,0.0017796482,-0.0002432506,9.7937228575,0.0020434545,-0.0000346188,-0.1744183062
558968.8100241720,0.0030302682,-0.0080171212,9.7937091500,0.0009469349,0.0000304849,-0.1744508490
558968.8200241720,-0.0009689834,0.0002031446,9.7935933942,0.0017503255,0.0000087837,-0.1744833917
558968.8300241720,-0.0016947731,-0.0092566507,9.7935954130,0.0013052037,-0.0000346188,-0.1744508490
558968.8400241720,0.0007131511,0.0000572874,9.7940368976,0.0013703435,0.0000087837,-0.1743966110
558968.8500241720,0.0033342916,-0.0061858948,9.7944699984,0.0016417592,0.0000087837,-0.1744291538
558968.8600241720,0.0024034996,-0.0034438842,9.7938688274,0.0010555012,0.0000087837,-0.1744508490
558968.8700241720,-0.0012573669,-0.0037638753,9.7937466278,0.0018914617,-0.0000346188,-0.1744725442
558968.8800241720,-0.0004833602,-0.0063537759,9.7938916080,0.0009469349,0.0000196343,-0.1744616966
558968.8900241720,0.0020913195,-0.0013098274,9.7940248512,0.0019240316,-0.0000129176,-0.1744833917
558968.9000241720,0.0042445410,-0.0070968186,9.7933943991,0.0009143650,0.0000413356,-0.1744942393
558968.9100241720,-0.0011209520,-0.0002549920,9.7934419440,0.0018371785,-0.0000129176,-0.1744942393
558968.9200241721,-0.0006239968,-0.0094049395,9.7938914816,0.0011097844,-0.0000020669,-0.1745159345
558968.9300241719,0.0019334590,0.0003672740,9.7941793970,0.0016309026,-0.0000129176,-0.1745376297
558968.9400241720,0.0025745630,-0.0072566402,9.7943233440,0.0014680531,-0.0000020669,-0.1747003436
558968.9500241720,0.0014822837,-0.0025323355,9.7935718388,0.0012074940,0.0000304849,-0.1746569532
558968.9600241720,-0.0012544783,-0.0054414630,9.7932883312,0.0018154653,-0.0000129176,-0.1745376297
558968.9700241720,0.0016431761,-0.0043621027,9.7937222428,0.0009252217,-0.0000129176,-0.1744833917
558968.9800241720,0.0023938663,-0.0022233911,9.7932593464,0.0020000280,-0.0000020669,-0.1744183062
558968.9900241720,0.0024219420,-0.0081722187,9.7938666649,0.0008926518,0.0000304849,-0.1743966110
558969.0000241720,-0.0000555874,0.0003594926,9.7934333418,0.0019023183,-0.0000454694,-0.1744291538
558969.0100241720,0.0005921754,-0.0077222801,9.7941871186,0.0011097844,-0.0000020669,-0.1747545816
558969.0200241720,0.0025490102,-0.0003929984,9.7944789928,0.0015657628,0.0000087837,-0.1744942393
558969.0300241730,0.0016629230,-0.0081755534,9.7943305379,0.0014789098,-0.0000020669,-0.1745376297
558969.0400241730,0.0004134355,-0.0013167054,9.7940388073,0.0011423543,0.0000196343,-0.1745484773
558969.0500241730,0.0002709568,-0.0045202571,9.7937335917,0.0018371785,-0.0000454694,-0.1745376297
558969.0600241730,0.0011939862,-0.0055844022,9.7941830202,0.0009143650,0.0000196343,-0.1744616966
558969.0700241730,0.0020930182,-0.0026823613,9.7935666941,0.0020108846,-0.0000020669,-0.1744616966
558969.0800241730,0.0010388709,-0.0071098105,9.7931160231,0.0009143650,0.0000304849,-0.1744508490
558969.0900241730,-0.0005113787,0.0002050204,9.7935895880,0.0018914617,-0.0000346188,-0.1744508490
558969.1000241730,0.0015084313,-0.0095485043,9.7934161203,0.0010663578,0.0000087837,-0.1744508490
558969.1100241730,0.0026942914,0.0002180123,9.7938679641,0.0016091893,0.0000087837,-0.1744725442
558969.1200241731,0.0010473144,-0.0080252498,9.7937256436,0.0014571965,-0.0000020669,-0.1744725442
558969.1300241729,0.0004212554,-0.0023846022,9.7944958483,0.0012074940,-0.0000346188,-0.1744616966
558969.1400241730,0.0021007521,-0.0046652112,9.7935657873,0.0018697484,-0.0000346188,-0.1744183062
558969.1500241730,0.0027109778,-0.0037477569,9.7940186602,0.0009252217,0.0000196343,-0.1744833917
558969.1600241730,-0.0001974138,-0.0023866172,9.7934333549,0.0019783147,0.0000087837,-0.1744942393
558969.1700241730,0.0002845539,-0.0089433294,9.7932740394,0.0008600819,-0.0000020669,-0.1745593249
558969.1800241730,0.0025352124,0.0018951831,9.7938700001,0.0018697484,-0.0000020669,-0.1745593249
558969.1900241730,0.0033347718,-0.0075583593,9.7938593315,0.0012400639,0.0000196343,-0.1745484773
558969.2000241730,0.0002590872,-0.0011647343,9.7938876361,0.0013703435,0.0000196343,-0.1745376297
558969.2100241730,-0.0007812050,-0.0072703963,9.7943512562,0.0017177556,-0.0000129176,-0.1744942393
558969.2200241730,0.0030179184,-0.0032891340,9.7944738612,0.0009686482,-0.0000129176,-0.1744942393
558969.2300241730,0.0017861636,-0.0022260311,9.7935694409,0.0019891713,-0.0000346188,-0.1744942393
558969.2400241731,0.0022627770,-0.0074100010,9.7934107532,0.0008275120,0.0000196343,-0.1745050869
558969.2500241729,0.0004092137,-0.0008589858,9.7937339971,0.0019674581,-0.0000454694,-0.1744616966
558969.2600241730,0.0005932505,-0.0092472715,9.7935763820,0.0010555012,0.0000196343,-0.1744833917
558969.2700241730,0.0022343070,0.0008262442,9.7938720493,0.0016634725,-0.0000346188,-0.1744725442
558969.2800241730,0.0021108370,-0.0075631532,9.7934119522,0.0014354832,0.0000087837,-0.1744725442
558969.2900241730,0.0002626567,-0.0020798958,9.7938872175,0.0012726338,0.0000087837,-0.1744725442
558969.3000241730,0.0001353090,-0.0063517609,9.7949541014,0.0017177556,-0.0000129176,-0.1744074586
558969.3100241730,0.0013369451,-0.0037533150,9.7938775690,0.0010120747,-0.0000020669,-0.1744833917
558969.3200241730,0.0014792517,-0.0023796697,9.7932668891,0.0019023183,-0.0000129176,-0.1745484773
558969.3300241730,0.0004373182,-0.0065028289,9.7944939649,0.0008926518,0.0000087837,-0.1745267821
558969.3400241730,0.0005761126,-0.0036040533,9.7941890020,0.0020108846,-0.0000020669,-0.1745159345
558969.3500241730,0.0022634866,-0.0063425904,9.7940212805,0.0009469349,-0.0000020669,-0.1745267821
558969.3600241730,0.0019268289,0.0011301169,9.7937222165,0.0017828954,-0.0000020669,-0.1745376297
558969.3700241731,0.0004455323,-0.0098581433,9.7938823912,0.0012183507,-0.0000346188,-0.1744942393
558969.3800241729,0.0002650363,-0.0026900035,9.7938869385,0.0014463399,-0.0000129176,-0.1744183062
558969.3900241730,0.0021061064,-0.0060379535,9.7935651595,0.0016526158,0.0000087837,-0.1744616966
558969.4000241730,0.0013328667,-0.0017706734,9.7943360051,0.0010663578,0.0000087837,-0.1744291538
558969.4100241730,0.0005790586,-0.0046716723,9.7940360039,0.0019023183,-0.0000129176,-0.1744508490
558969.4200241730,0.0018106126,-0.0078696659,9.7938718794,0.0009143650,-0.0000020669,-0.1744833917
558969.4300241730,0.0028491773,-0.0006964544,9.7937137670,0.0020108846,-0.0000020669,-0.1744725442
558969.4400241730,0.0008936184,-0.0074158368,9.7938797011,0.0008817951,0.0000196343,-0.1745701725
558969.4500241730,-0.0002027393,-0.0007088906,9.7935866320,0.0018263219,-0.0000129176,-0.1745701725
558969.4600241730,0.0001417097,-0.0095544789,9.7941900877,0.0012183507,-0.0000020669,-0.1744833917
558969.4700241730,0.0020835282,0.0000630538,9.7937204595,0.0015223363,-0.0000020669,-0.1745050869
558969.4800241730,0.0013464351,-0.0064987301,9.7937238037,0.0015223363,0.0000196343,-0.1744942393
558969.4900241731,0.0025518414,-0.0026805549,9.7937153977,0.0011314976,-0.0000129176,-0.1745159345
558969.5000241729,0.0005831943,-0.0060443451,9.7938828664,0.0018154653,-0.0000129176,-0.1745050869
558969.5100241730,0.0007333782,-0.0051286278,9.7940345259,0.0009469349,0.0000087837,-0.1744942393
558969.5200241730,0.0017808094,-0.0008532889,9.7935700687,0.0019783147,-0.0000020669,-0.1744833917
558969.5300241730,0.0024280059,-0.0084775502,9.7944765645,0.0008709385,0.0000196343,-0.1744400014
558969.5400241730,0.0025501140,-0.0016130054,9.7940209055,0.0019348882,-0.0000237682,-0.1744074586
558969.5500241730,0.0024237268,-0.0086297994,9.7938664557,0.0011314976,-0.0000129176,-0.1744725442
558969.5600241730,0.0007072019,0.0015825566,9.7940375952,0.0015549062,-0.0000020669,-0.1745050869
558969.5700241730,-0.0001765343,-0.0071150905,9.7937362120,0.0015331929,0.0000087837,-0.1745050869
558969.5800241730,0.0007255296,-0.0043657155,9.7934248357,0.0010989277,0.0000087837,-0.1745376297
558969.5900241730,0.0013369164,-0.0040582994,9.7937249198,0.0019348882,-0.0000454694,-0.1745593249
558969.6000241730,0.0017956823,-0.0046664618,9.7935683248,0.0008817951,0.0000304849,-0.1745484773
558969.6100241730,0.0005617486,-0.0008583605,9.7937327283,0.0019891713,-0.0000020669,-0.1745484773
558969.6200241731,0.0004406870,-0.0095528812,9.7934250014,0.0009143650,0.0000196343,-0.1744725442
558969.6300241729,0.0010205432,-0.0011615385,9.7937287826,0.0018371785,-0.0000020669,-0.1745050869
558969.6400241730,0.0022598024,-0.0066473664,9.7934111020,0.0011423543,-0.0000020669,-0.1745159345
558969.6500241730,0.0011725979,0.0002115513,9.7943381807,0.0015331929,-0.0000020669,-0.1744833917
558969.6600241730,0.0021204704,-0.0087836463,9.7940214331,0.0014897664,0.0000087837,-0.1744942393
558969.6700241730,0.0007281100,-0.0028409324,9.7944931016,0.0012292073,0.0000087837,-0.1744725442
558969.6800241730,0.0004252765,-0.0049772126,9.7937321136,0.0017937520,-0.0000129176,-0.1745050869
558969.6900241730,0.0011897931,-0.0048216981,9.7940308592,0.0009252217,-0.0000020669,-0.1744616966
558969.7000241730,0.0010264924,-0.0026868077,9.7937280850,0.0020108846,-0.0000020669,-0.1744725442
558969.7100241730,0.0019649609,-0.0080216370,9.7940230507,0.0008709385,0.0000196343,-0.1747003436
558969.7200241730,0.0008608693,0.0006681592,9.7937308884,0.0018914617,-0.0000346188,-0.1746461057
558969.7300241730,0.0007458141,-0.0089416619,9.7937277625,0.0011423543,0.0000087837,-0.1745484773
558969.7400241731,0.0025428603,-0.0010026200,9.7934111455,0.0015874761,0.0000196343,-0.1745267821
558969.7500241729,0.0018069284,-0.0081744420,9.7932617009,0.0015331929,-0.0000020669,-0.1744833917
558969.7600241730,0.0011845822,-0.0019240339,9.7947947334,0.0010989277,0.0000196343,-0.1744725442
558969.7700241730,-0.0004899330,-0.0049809642,9.7937397261,0.0018697484,-0.0000454694,-0.1745050869
558969.7800241730,0.0005789152,-0.0061965943,9.7932727576,0.0008926518,0.0000087837,-0.1744942393
558969.7900241730,0.0016330625,-0.0017691451,9.7937234286,0.0020108846,-0.0000020669,-0.1745050869
558969.8000241730,0.0027186543,-0.0063405757,9.7937124548,0.0009469349,0.0000087837,-0.1744942393
558969.8100241730,0.0016307115,-0.0008540530,9.7938763569,0.0018697484,-0.0000346188,-0.1744725442
558969.8200241730,0.0005950640,-0.0093998679,9.7937288220,0.0011097844,0.0000087837,-0.1744616966
558969.8300241730,0.0020852843,-0.0006995114,9.7935676010,0.0016417592,-0.0000020669,-0.1744725442
558969.8400241730,0.0016532897,-0.0069550603,9.7937210569,0.0013703435,0.0000196343,-0.1744833917
558969.8500241730,0.0004146540,-0.0013167749,9.7941913171,0.0012834904,0.0000087837,-0.1744942393
558969.8600241730,-0.0000263504,-0.0061993732,9.7938878716,0.0017937520,-0.0000454694,-0.1744833917
558969.8700241731,0.0010324128,-0.0045170613,9.7935747382,0.0009577916,0.0000087837,-0.1745159345
558969.8800241729,0.0027032725,-0.0014599226,9.7941722163,0.0020217412,-0.0000020669,-0.1744833917
558969.8900241730,0.0022657516,-0.0081726356,9.7934104044,0.0008275120,0.0000304849,-0.1744833917
558969.9000241730,0.0011761100,-0.0013135790,9.7940324636,0.0019240316,-0.0000129176,-0.1745159345
558969.9100241730,0.0024189388,-0.0077145685,9.7937143645,0.0010989277,0.0000087837,-0.1745267821
558969.9200241730,0.0005575842,0.0002093279,9.7937332166,0.0015766194,-0.0000020669,-0.1745267821
558969.9300241730,0.0008977541,-0.0087885097,9.7937265635,0.0014789098,-0.0000020669,-0.1744942393
558969.9400241730,0.0019435726,-0.0022256836,9.7941782112,0.0012292073,-0.0000020669,-0.1744508490
558969.9500241730,0.0004289033,-0.0052824053,9.7940369937,0.0018480352,-0.0000346188,-0.1744074586
558969.9600241730,0.0028695192,-0.0046624320,9.7943219924,0.0008817951,0.0000413356,-0.1744291538
558969.9700241730,0.0010234604,-0.0025341419,9.7934231353,0.0020217412,-0.0000346188,-0.1744291538
558969.9800241730,0.0022723817,-0.0089354785,9.7938675849,0.0008709385,0.0000196343,-0.1744616966
558969.9900241731,0.0016271993,0.0006710773,9.7941820740,0.0018806050,-0.0000129176,-0.1744833917
558970.0000241729,0.0021162200,-0.0086309111,9.7935639736,0.0012183507,-0.0000020669,-0.1745159345
558970.0100241730,0.0008728536,-0.0014674259,9.7941874411,0.0014897664,0.0000196343,-0.1747437340
558970.0200241730,0.0013487574,-0.0077188065,9.7934182261,0.0016417592,-0.0000020669,-0.1745159345
558970.0300241730,0.0027044050,-0.0023749453,9.7938667782,0.0010446446,-0.0000020669,-0.1745159345
558970.0400241730,0.0007250207,-0.0032982354,9.7938828533,0.0019023183,-0.0000020669,-0.1744616966
558970.0500241730,-0.0000264364,-0.0071143264,9.7934299238,0.0008709385,0.0000087837,-0.1744508490
558970.0600241730,0.0010210808,-0.0019240342,9.7934234143,0.0020434545,-0.0000020669,-0.1744074586
558970.0700241730,0.0034915285,-0.0080154537,9.7941628731,0.0009686482,0.0000413356,-0.1744833917
558970.0800241730,0.0022307375,0.0017414057,9.7938724678,0.0017937520,-0.0000020669,-0.1744942393
558970.0900241730,-0.0001603569,-0.0100133797,9.7943449257,0.0012292073,-0.0000346188,-0.1744942393
558970.1000241740,0.0005743566,-0.0028414882,9.7943418605,0.0014680531,-0.0000020669,-0.1745050869
558970.1100241740,0.0030182552,-0.0061865204,9.7930999480,0.0016309026,-0.0000020669,-0.1744833917
558970.1200241740,0.0034550952,-0.0002362337,9.7934038818,0.0010663578,0.0000304849,-0.1744400014
558970.1300241740,0.0013465498,-0.0052787925,9.7943344007,0.0019131749,-0.0000129176,-0.1744942393
558970.1400241740,-0.0009356394,-0.0080333784,9.7937421372,0.0009360783,0.0000087837,-0.1745159345
558970.1500241740,0.0016349046,-0.0016167570,9.7940285179,0.0020000280,-0.0000129176,-0.1745484773
558970.1600241740,0.0028658063,-0.0052721925,9.7935591646,0.0008817951,0.0000196343,-0.1746027153
558970.1700241740,0.0019357813,-0.0008528025,9.7938738195,0.0018480352,-0.0000020669,-0.1745810201
558970.1800241740,0.0006075859,-0.0122979487,9.7938800064,0.0011423543,0.0000087837,-0.1746027153
558970.1900241741,0.0005563657,0.0002093973,9.7935807069,0.0015874761,-0.0000129176,-0.1744725442
558970.2000241739,0.0024076354,-0.0048165570,9.7937156898,0.0015766194,0.0000304849,-0.1743749158
558970.2100241740,0.0025530599,-0.0026806244,9.7938679074,0.0010663578,-0.0000020669,-0.1743857634
558970.2200241740,0.0004337200,-0.0058926518,9.7943417341,0.0019240316,-0.0000346188,-0.1743749158
558970.2300241740,0.0016545368,-0.0066501453,9.7940262159,0.0008709385,0.0000087837,-0.1744291538
558970.2400241740,0.0020853703,0.0002154418,9.7940255488,0.0019783147,-0.0000020669,-0.1744183062
558970.2500241740,0.0031852115,-0.0083216192,9.7938602515,0.0009360783,0.0000196343,-0.1744833917
558970.2600241740,0.0013292112,-0.0017704651,9.7938784759,0.0018263219,0.0000196343,-0.1745376297
558970.2700241740,0.0008941559,-0.0081783326,9.7935743328,0.0012617772,-0.0000346188,-0.1745484773
558970.2800241740,0.0004081099,0.0003610212,9.7941920844,0.0015549062,-0.0000020669,-0.1745267821
558970.2900241740,0.0030297020,-0.0075596099,9.7938618690,0.0014680531,-0.0000020669,-0.1745484773
558970.3000241740,0.0037751240,-0.0031332029,9.7938575483,0.0011966374,0.0000196343,-0.1745159345
558970.3100241740,0.0014911214,-0.0057351925,9.7931128447,0.0018480352,-0.0000346188,-0.1744942393
558970.3200241741,0.0004253338,-0.0043672438,9.7940374122,0.0009252217,0.0000304849,-0.1745267821
558970.3300241739,0.0028514423,-0.0025264997,9.7931028909,0.0020000280,-0.0000346188,-0.1745810201
558970.3400241740,0.0025786987,-0.0086293130,9.7941702064,0.0008817951,0.0000304849,-0.1745484773
558970.3500241740,0.0016324962,-0.0013116338,9.7938761477,0.0019131749,-0.0000129176,-0.1745376297
558970.3600241740,0.0012023437,-0.0074147946,9.7943346929,0.0010989277,-0.0000346188,-0.1745267821
558970.3700241740,0.0020878360,0.0005202873,9.7944832176,0.0015766194,0.0000196343,-0.1744942393
558970.3800241740,0.0018178376,-0.0087850357,9.7943289901,0.0015440495,0.0000087837,-0.1744400014
558970.3900241740,0.0022515023,-0.0042070052,9.7935647278,0.0011314976,0.0000087837,-0.1744616966
558970.4000241740,0.0005646659,-0.0022309639,9.7934270810,0.0019566015,-0.0000346188,-0.1744508490
558970.4100241740,0.0013476249,-0.0068037839,9.7937236641,0.0008817951,0.0000196343,-0.1744508490
558970.4200241740,0.0017915752,-0.0029888046,9.7938741116,0.0019566015,-0.0000020669,-0.1744616966
558970.4300241740,0.0022711919,-0.0086304247,9.7938677244,0.0010012181,0.0000087837,-0.1745376297
558970.4400241741,0.0020775790,0.0015883229,9.7937211571,0.0018154653,-0.0000020669,-0.1744833917
558970.4500241739,0.0016629517,-0.0078705690,9.7944831872,0.0011206410,0.0000087837,-0.1745267821
558970.4600241740,0.0010343696,-0.0031447356,9.7944904246,0.0015874761,0.0000087837,-0.1745050869
558970.4700241740,0.0030331568,-0.0096947090,9.7932508534,0.0015223363,-0.0000020669,-0.1745050869
558970.4800241740,0.0026948864,0.0000654854,9.7938678943,0.0012183507,0.0000196343,-0.1745267821
558970.4900241740,0.0010318466,-0.0040595499,9.7937274572,0.0018046086,-0.0000129176,-0.1745376297
558970.5000241740,0.0019637997,-0.0074115988,9.7941758394,0.0008817951,0.0000304849,-0.1745159345
558970.5100241740,0.0022467429,-0.0029867899,9.7935652859,0.0020434545,-0.0000237682,-0.1744942393
558970.5200241740,0.0015061950,-0.0074134746,9.7941796457,0.0009252217,0.0000196343,-0.1744616966
558970.5300241740,0.0005533911,0.0009720319,9.7935810556,0.0018806050,-0.0000563201,-0.1745050869
558970.5400241740,0.0027372401,-0.0095439881,9.7944735387,0.0012074940,0.0000196343,-0.1744616966
558970.5500241740,0.0019423541,-0.0022256142,9.7940257014,0.0015006230,0.0000087837,-0.1744508490
558970.5600241740,0.0021102995,-0.0068006575,9.7937173205,0.0015874761,0.0000304849,-0.1744833917
558970.5700241741,0.0016330338,-0.0020741295,9.7935707794,0.0010989277,-0.0000020669,-0.1745267821
558970.5800241739,0.0008816914,-0.0046702829,9.7937284469,0.0018806050,-0.0000346188,-0.1745376297
558970.5900241740,0.0022689269,-0.0068003794,9.7944786005,0.0009252217,-0.0000020669,-0.1745593249
558970.6000241740,0.0020972686,-0.0028350965,9.7940241536,0.0020543111,0.0000087837,-0.1744833917
558970.6100241740,0.0021145212,-0.0072583771,9.7940221307,0.0009143650,0.0000196343,-0.1745376297
558970.6200241740,0.0013202874,0.0005174387,9.7938795222,0.0018154653,-0.0000454694,-0.1744942393
558970.6300241740,0.0016712518,-0.0103109302,9.7943295613,0.0011966374,0.0000087837,-0.1744725442
558970.6400241740,0.0022402562,-0.0006990250,9.7938713517,0.0015331929,0.0000196343,-0.1744183062
558970.6500241740,0.0034862029,-0.0063377270,9.7943161501,0.0015006230,0.0000413356,-0.1744074586
558970.6600241740,0.0016384454,-0.0028369029,9.7938754501,0.0011966374,0.0000087837,-0.1744616966
558970.6700241740,0.0008888590,-0.0061956215,9.7938802591,0.0018480352,-0.0000563201,-0.1744833917
558970.6800241740,0.0030249713,-0.0060344101,9.7940150763,0.0009795048,0.0000196343,-0.1744400014
558970.6900241741,0.0013286736,-0.0010079694,9.7941838442,0.0020108846,0.0000087837,-0.1744616966
558970.7000241739,0.0011932479,-0.0069567972,9.7934198436,0.0008926518,0.0000196343,-0.1744942393
558970.7100241740,0.0007226984,-0.0020781589,9.7941884308,0.0018480352,-0.0000346188,-0.1744833917
558970.7200241740,0.0021155964,-0.0087833686,9.7934113941,0.0011749241,0.0000196343,-0.1745159345
558970.7300241740,0.0025399718,0.0006749678,9.7938694421,0.0016309026,-0.0000020669,-0.1745050869
558970.7400241740,0.0012004443,-0.0081771514,9.7937243051,0.0013920567,0.0000304849,-0.1745050869
558970.7500241740,0.0017904141,-0.0023787664,9.7940269004,0.0013486302,-0.0000129176,-0.1745267821
558970.7600241740,0.0024153119,-0.0074093758,9.7934094844,0.0016960423,-0.0000346188,-0.1745050869
558970.7700241740,0.0031674500,-0.0028308585,9.7943202920,0.0010120747,0.0000196343,-0.1745159345
558970.7800241740,0.0010245642,-0.0037541489,9.7929650480,0.0019674581,0.0000087837,-0.1744616966
558970.7900241740,0.0011991971,-0.0084820664,9.7934191461,0.0008600819,0.0000087837,-0.1744508490
558970.8000241740,0.0020919144,-0.0014623543,9.7940247815,0.0020217412,-0.0000020669,-0.1744833917
558970.8100241740,0.0024255402,-0.0087823958,9.7940188957,0.0010337880,-0.0000129176,-0.1744833917
558970.8200241741,0.0014704427,0.0011281716,9.7938785325,0.0017177556,0.0000304849,-0.1744616966
558970.8300241739,0.0015145238,-0.0095488514,9.7941786691,0.0014137700,0.0000196343,-0.1744725442
558970.8400241740,0.0022491513,-0.0032919131,9.7937176561,0.0012183507,0.0000087837,-0.1744725442
558970.8500241740,0.0030190222,-0.0045091410,9.7940157739,0.0019023183,-0.0000454694,-0.1745050869
558970.8600241740,0.0028683007,-0.0046623626,9.7941694826,0.0009143650,0.0000521862,-0.1745159345
558970.8700241740,0.0014798753,-0.0022272122,9.7934194686,0.0020108846,-0.0000237682,-0.1744942393
558970.8800241740,0.0012052036,-0.0093973668,9.7937237470,0.0009252217,0.0000304849,-0.1744833917
558970.8900241740,0.0022336261,0.0000638179,9.7934141712,0.0018697484,-0.0000129176,-0.1745159345
558970.9000241740,0.0019673692,-0.0083267603,9.7941754209,0.0011749241,-0.0000020669,-0.1745267821
558970.9100241740,0.0008722300,-0.0016198834,9.7940348616,0.0015006230,0.0000087837,-0.1744725442
558970.9200241740,0.0030278886,-0.0074070135,9.7937094290,0.0015766194,0.0000196343,-0.1743966110
558970.9300241740,0.0033079146,-0.0016096012,9.7934045228,0.0011749241,0.0000196343,-0.1744400014
558970.9400241741,0.0017974957,-0.0048190581,9.7937207648,0.0018480352,-0.0000346188,-0.1744616966
558970.9500241739,0.0016496915,-0.0063448832,9.7935688262,0.0009469349,0.0000196343,-0.1744508490
558970.9600241740,0.0022492373,-0.0023769600,9.7941756039,0.0020108846,-0.0000020669,-0.1744616966
558970.9700241740,0.0019625812,-0.0074115293,9.7940233297,0.0009143650,0.0000304849,-0.1745159345
558970.9800241740,0.0025453834,-0.0000878056,9.7941741128,0.0018697484,0.0000087837,-0.1745159345
558970.9900241740,0.0015061090,-0.0083284278,9.7937216978,0.0011314976,-0.0000129176,-0.1745484773
558971.0000241740,0.0013304870,-0.0011605657,9.7943362842,0.0016634725,-0.0000020669,-0.1745484773
558971.0100241740,0.0025756954,-0.0081716628,9.7940179060,0.0014354832,0.0000413356,-0.1748196671
558971.0200241740,0.0023927911,-0.0006983997,9.7938700830,0.0012943471,0.0000087837,-0.1745050869
558971.0300241740,0.0010371148,-0.0063472454,9.7932688816,0.0017177556,-0.0000346188,-0.1745810201
558971.0400241740,0.0011951474,-0.0061944404,9.7940302314,0.0010120747,0.0000087837,-0.1745593249
558971.0500241740,0.0014967624,-0.0040580907,9.7946387096,0.0019891713,-0.0000237682,-0.1744725442
558971.0600241740,0.0030262185,-0.0057294952,9.7943202354,0.0008709385,0.0000413356,-0.1744616966
558971.0700241741,0.0013202014,-0.0003975145,9.7934215744,0.0019783147,-0.0000346188,-0.1744616966
558971.0800241739,0.0016663491,-0.0106156368,9.7935668730,0.0010337880,0.0000087837,-0.1744616966
558971.0900241740,0.0020822810,-0.0002418612,9.7934153005,0.0017177556,0.0000087837,-0.1744725442
558971.1000241740,0.0039478860,-0.0083184928,9.7938539078,0.0014029134,0.0000304849,-0.1744508490
558971.1100241740,0.0031578453,-0.0013053810,9.7938634603,0.0012183507,0.0000087837,-0.1745159345
558971.1200241740,0.0013428082,-0.0061935374,9.7934189237,0.0018263219,-0.0000129176,-0.1745159345
558971.1300241740,0.0021049739,-0.0051229309,9.7938705975,0.0009577916,0.0000087837,-0.1745267821
558971.1400241740,0.0025513325,-0.0016130748,9.7941734152,0.0020434545,0.0000087837,-0.1744833917
558971.1500241740,0.0025732584,-0.0081715239,9.7937128864,0.0008709385,0.0000196343,-0.1745159345
558971.1600241740,0.0022377619,-0.0013088549,9.7932610337,0.0018914617,-0.0000020669,-0.1745376297
558971.1700241740,0.0004430953,-0.0098580045,9.7935773717,0.0011314976,-0.0000129176,-0.1745159345
558971.1800241750,0.0020895921,-0.0002422778,9.7943303590,0.0015766194,0.0000087837,-0.1744508490
558971.1900241750,0.0021162773,-0.0080209423,9.7938692722,0.0015331929,0.0000087837,-0.1744616966
558971.2000241750,0.0016402588,-0.0029894993,9.7940278901,0.0012074940,0.0000087837,-0.1744725442
558971.2100241750,0.0013398623,-0.0051259184,9.7935719217,0.0018806050,-0.0000020669,-0.1744508490
558971.2200241750,0.0021055688,-0.0052754578,9.7938705278,0.0009252217,0.0000087837,-0.1744291538
558971.2300241750,0.0039234945,-0.0020648892,9.7938567678,0.0020108846,0.0000196343,-0.1744400014
558971.2400241750,0.0030302396,-0.0083221056,9.7935565007,0.0008926518,0.0000413356,-0.1744725442
558971.2500241750,0.0008662522,-0.0003995987,9.7938829099,0.0018806050,-0.0000129176,-0.1744833917
558971.2600241750,0.0031833694,-0.0084740072,9.7935551622,0.0011532109,0.0000196343,-0.1745267821
558971.2700241751,0.0028462028,0.0000661801,9.7937141158,0.0015657628,0.0000087837,-0.1744616966
558971.2800241750,0.0024206949,-0.0084771336,9.7935615059,0.0015006230,0.0000196343,-0.1744942393
558971.2900241750,0.0024017149,-0.0029863035,9.7938690367,0.0011423543,-0.0000020669,-0.1745159345
558971.3000241750,0.0022551291,-0.0045121979,9.7938696078,0.0019023183,-0.0000454694,-0.1744833917
558971.3100241750,0.0018010652,-0.0057342197,9.7937203462,0.0009143650,-0.0000129176,-0.1744942393
558971.3200241750,0.0019380750,-0.0023778633,9.7934155926,0.0019891713,0.0000196343,-0.1744508490
558971.3300241750,0.0022651567,-0.0080201087,9.7934104742,0.0009795048,0.0000304849,-0.1744942393
558971.3400241750,0.0026966711,-0.0003920953,9.7938676850,0.0018806050,-0.0000129176,-0.1744833917
558971.3500241750,0.0016599198,-0.0077179032,9.7941782374,0.0011532109,0.0000087837,-0.1744074586
558971.3600241750,0.0025459209,-0.0008503014,9.7938687445,0.0016091893,0.0000087837,-0.1744508490
558971.3700241750,0.0021235023,-0.0089363121,9.7943263829,0.0014137700,-0.0000020669,-0.1744616966
558971.3800241750,0.0027025916,-0.0022223489,9.7937143382,0.0013052037,0.0000304849,-0.1745267821
558971.3900241751,0.0027145186,-0.0049679028,9.7938655923,0.0017394689,-0.0000454694,-0.1745484773
558971.4000241749,0.0011849764,-0.0042114516,9.7937261187,0.0010555012,0.0000196343,-0.1745159345
558971.4100241750,0.0020965017,-0.0045124760,9.7931083278,0.0019566015,-0.0000020669,-0.1745050869
558971.4200241750,0.0024154266,-0.0061894382,9.7940200815,0.0009143650,0.0000413356,-0.1744833917
558971.4300241750,0.0026990508,-0.0010022030,9.7938674060,0.0019566015,-0.0000129176,-0.1744833917
558971.4400241750,0.0025822682,-0.0095444745,9.7941697879,0.0009577916,0.0000196343,-0.1745376297
558971.4500241750,0.0016289267,-0.0003964723,9.7938765662,0.0018371785,-0.0000020669,-0.1745050869
558971.4600241750,0.0021211227,-0.0083262044,9.7943266619,0.0012183507,0.0000304849,-0.1744942393
558971.4700241750,0.0019345628,-0.0008527330,9.7937213097,0.0015549062,-0.0000020669,-0.1745050869
558971.4800241750,0.0016592962,-0.0078703606,9.7940256579,0.0015440495,0.0000087837,-0.1744725442
558971.4900241750,0.0028592909,-0.0032894120,9.7937125812,0.0011532109,0.0000196343,-0.1744833917
558971.5000241750,0.0022586986,-0.0054273594,9.7938691893,0.0018263219,-0.0000129176,-0.1744833917
558971.5100241750,0.0027193640,-0.0052731650,9.7943229821,0.0009686482,0.0000304849,-0.1744291538
558971.5200241751,0.0020882015,-0.0020721148,9.7932619536,0.0020217412,-0.0000237682,-0.1744942393
558971.5300241750,0.0019529192,-0.0064960206,9.7932611994,0.0008709385,-0.0000020669,-0.1745376297
558971.5400241750,0.0017820279,-0.0008533583,9.7937225784,0.0019783147,0.0000087837,-0.1745159345
558971.5500241750,0.0030404965,-0.0093901412,9.7943185612,0.0010880711,0.0000304849,-0.1744833917
558971.5600241750,0.0030006084,0.0005241779,9.7941705856,0.0016200459,-0.0000020669,-0.1745050869
558971.5700241750,0.0013505995,-0.0075664185,9.7937233154,0.0014571965,-0.0000020669,-0.1745267821
558971.5800241750,0.0027080605,-0.0023751536,9.7943243075,0.0012617772,0.0000196343,-0.1745159345
558971.5900241750,0.0028759773,-0.0072551813,9.7938632773,0.0018154653,0.0000087837,-0.1744942393
558971.6000241750,0.0024094775,-0.0046641690,9.7940207791,0.0010012181,0.0000413356,-0.1745267821
558971.6100241750,0.0021027663,-0.0026829168,9.7947867722,0.0020108846,-0.0000346188,-0.1745050869
558971.6200241750,0.0016544508,-0.0075650985,9.7935682681,0.0008709385,0.0000087837,-0.1744833917
558971.6300241750,0.0020840371,-0.0010044264,9.7932624419,0.0019891713,0.0000196343,-0.1744291538
558971.6400241751,0.0024291671,-0.0090875885,9.7943237757,0.0010337880,0.0000087837,-0.1744508490
558971.6500241749,0.0028479588,-0.0006963850,9.7935612573,0.0016960423,0.0000087837,-0.1744508490
558971.6600241750,0.0025690367,-0.0077138043,9.7934080762,0.0014354832,-0.0000020669,-0.1744508490
558971.6700241750,0.0016354995,-0.0017692840,9.7940284481,0.0013160603,0.0000087837,-0.1744074586
558971.6800241750,0.0018058532,-0.0066494506,9.7938724375,0.0017828954,-0.0000020669,-0.1744833917
558971.6900241750,0.0036249400,-0.0040489202,9.7937058887,0.0009795048,0.0000413356,-0.1745159345
558971.7000241750,0.0024028760,-0.0035963417,9.7937162479,0.0020434545,-0.0000020669,-0.1744833917
558971.7100241750,0.0019625239,-0.0080214981,9.7937180312,0.0008275120,0.0000196343,-0.1745050869
558971.7200241750,0.0020871837,0.0000628454,9.7941779888,0.0020000280,0.0000087837,-0.1745376297
558971.7300241750,0.0025815586,-0.0106118852,9.7935592606,0.0010880711,0.0000087837,-0.1745484773
558971.7400241750,0.0026943201,0.0005229967,9.7940206133,0.0016526158,-0.0000020669,-0.1745159345
558971.7500241750,0.0022675650,-0.0083252320,9.7935628444,0.0014680531,0.0000087837,-0.1745050869
558971.7600241750,0.0011778661,-0.0020761442,9.7938796051,0.0012074940,0.0000196343,-0.1745267821
558971.7700241751,0.0024130183,-0.0058843149,9.7938677113,0.0018697484,-0.0000129176,-0.1744725442
558971.7800241750,0.0037877032,-0.0054213150,9.7943140312,0.0008926518,0.0000413356,-0.1744508490
558971.7900241750,0.0034646999,-0.0017617112,9.7938607135,0.0020760244,-0.0000020669,-0.1744725442
558971.8000241750,0.0013554162,-0.0081766650,9.7940280559,0.0009143650,0.0000196343,-0.1744833917
558971.8100241750,0.0020907819,-0.0005473317,9.7943302195,0.0019023183,-0.0000020669,-0.1744942393
558971.8200241750,0.0034937935,-0.0098454989,9.7935519969,0.0011532109,0.0000196343,-0.1745159345
558971.8300241750,0.0034575896,0.0003735962,9.7940141999,0.0015440495,-0.0000020669,-0.1744725442
558971.8400241750,0.0027240659,-0.0071033491,9.7940171255,0.0015440495,-0.0000020669,-0.1745267821
558971.8500241750,0.0014882615,-0.0037526203,9.7937237905,0.0011532109,0.0000087837,-0.1745159345
558971.8600241750,0.0037810158,-0.0052684409,9.7935515522,0.0019348882,-0.0000129176,-0.1745050869
558971.8700241750,0.0042410862,-0.0049617195,9.7940054147,0.0009143650,0.0000413356,-0.1745593249
558971.8800241750,0.0016379078,-0.0020744072,9.7941808184,0.0020217412,0.0000087837,-0.1745593249
558971.8900241751,0.0010557866,-0.0086357047,9.7944879133,0.0009143650,-0.0000129176,-0.1745593249
558971.9000241749,0.0028539940,-0.0013067010,9.7940185075,0.0019023183,-0.0000020669,-0.1745050869
558971.9100241750,0.0040925437,-0.0078599396,9.7930902996,0.0011749241,0.0000413356,-0.1744725442
558971.9200241750,0.0020865601,-0.0000896120,9.7940254093,0.0015549062,0.0000196343,-0.1745376297
558971.9300241750,0.0016616472,-0.0087854527,9.7938727296,0.0015549062,-0.0000020669,-0.1744942393
558971.9400241750,0.0024029621,-0.0026813885,9.7941741957,0.0011857808,0.0000196343,-0.1743098303
558971.9500241750,0.0033241780,-0.0035929372,9.7944711842,0.0018914617,0.0000087837,-0.1742881351
558971.9600241750,0.0040909883,-0.0049624837,9.7943117030,0.0008600819,0.0000413356,-0.1744400014
558971.9700241750,0.0014864767,-0.0032950395,9.7937239998,0.0020434545,-0.0000346188,-0.1744833917
558971.9800241750,0.0018116590,-0.0096996417,9.7931084935,0.0008926518,-0.0000020669,-0.1745267821
558971.9900241750,0.0026840058,0.0009810636,9.7929532543,0.0019240316,-0.0000020669,-0.1744942393
558972.0000241750,0.0033364705,-0.0089308933,9.7934011745,0.0012292073,0.0000413356,-0.1745376297
558972.0100241750,0.0017856261,-0.0014635354,9.7938748092,0.0014571965,-0.0000020669,-0.1748196671
558972.0200241751,0.0018129922,-0.0084797736,9.7938716004,0.0016743291,0.0000087837,-0.1745376297
558972.0300241750,0.0024017722,-0.0023763347,9.7941743352,0.0010446446,0.0000196343,-0.1744725442
558972.0400241750,0.0033168670,-0.0035925206,9.7935561257,0.0019674581,0.0000196343,-0.1744508490
558972.0500241750,0.0030302682,-0.0080171212,9.7937091500,0.0008709385,0.0000196343,-0.1744400014
558972.0600241750,0.0031541611,-0.0016101571,9.7932532817,0.0020217412,-0.0000020669,-0.1744291538
558972.0700241750,0.0018087705,-0.0080220540,9.7935667901,0.0010120747,-0.0000020669,-0.1744942393
558972.0800241750,0.0028443893,0.0002187765,9.7935616758,0.0018046086,-0.0000020669,-0.1744942393
558972.0900241750,0.0025774229,-0.0092392124,9.7937123982,0.0013160603,0.0000196343,-0.1744942393
558972.1000241750,0.0031601963,-0.0022204731,9.7937105320,0.0013486302,0.0000304849,-0.1745376297
558972.1100241750,0.0022568565,-0.0055797475,9.7935641000,0.0017828954,-0.0000020669,-0.1745593249
558972.1200241750,0.0019519301,-0.0040560760,9.7943298838,0.0009686482,0.0000196343,-0.1745484773
558972.1300241750,0.0022521545,-0.0037495633,9.7938699566,0.0020543111,-0.0000020669,-0.1745050869
558972.1400241751,0.0036464431,-0.0086249361,9.7941613253,0.0009143650,0.0000196343,-0.1744942393
558972.1500241749,0.0028498296,-0.0002390126,9.7940189958,0.0019891713,-0.0000237682,-0.1744942393
558972.1600241750,0.0013457255,-0.0075661407,9.7931132763,0.0010446446,0.0000196343,-0.1744833917
558972.1700241750,0.0016337434,-0.0010067188,9.7941813067,0.0016526158,0.0000087837,-0.1744291538
558972.1800241750,0.0030355365,-0.0103048166,9.7932505744,0.0014463399,0.0000087837,-0.1744942393
558972.1900241750,0.0034719249,-0.0026770810,9.7943178243,0.0013269169,0.0000304849,-0.1744833917
558972.2000241750,0.0030129296,-0.0045087938,9.7932532251,0.0018154653,-0.0000129176,-0.1744833917
558972.2100241750,0.0016438570,-0.0035996764,9.7941801208,0.0010012181,0.0000196343,-0.1744616966
558972.2200241750,0.0022485564,-0.0031393862,9.7937177259,0.0019783147,-0.0000020669,-0.1744616966
558972.2300241750,0.0037911294,-0.0078613985,9.7935503663,0.0008926518,0.0000304849,-0.1744508490
558972.2400241750,0.0039133809,0.0005280684,9.7938579537,0.0019783147,-0.0000020669,-0.1744833917
558972.2500241760,0.0031748685,-0.0081685368,9.7926402432,0.0010663578,0.0000196343,-0.1744942393
558972.2600241760,0.0019400031,-0.0013105221,9.7941786297,0.0016634725,0.0000304849,-0.1745159345
558972.2700241760,0.0025846765,-0.0098495978,9.7943221582,0.0014789098,0.0000087837,-0.1745267821
558972.2800241760,0.0031439042,-0.0005421215,9.7924912212,0.0012726338,0.0000196343,-0.1745484773
558972.2900241760,0.0031793483,-0.0058813968,9.7943188969,0.0017937520,-0.0000020669,-0.1745593249
558972.3000241760,0.0019614774,-0.0061915223,9.7944814170,0.0009577916,0.0000196343,-0.1745267821
558972.3100241760,0.0025565434,-0.0045107391,9.7934095411,0.0020543111,-0.0000020669,-0.1745050869
558972.3200241760,0.0030242904,-0.0067968364,9.7935571983,0.0009143650,0.0000304849,-0.1745376297
558972.3300241760,0.0026894748,0.0008282589,9.7935632236,0.0019348882,-0.0000129176,-0.1744833917
558972.3400241761,0.0048744276,-0.0109077682,9.7939976193,0.0011423543,0.0000304849,-0.1745267821
558972.3500241759,0.0020884022,0.0000627760,9.7943304985,0.0016526158,0.0000304849,-0.1745050869
558972.3600241760,0.0024165591,-0.0071044608,9.7937146435,0.0014897664,0.0000196343,-0.1744942393
558972.3700241760,0.0030052531,-0.0019159751,9.7935594305,0.0011749241,-0.0000020669,-0.1745376297
558972.3800241760,0.0034837659,-0.0063375882,9.7940111306,0.0018371785,-0.0000020669,-0.1745050869
558972.3900241760,0.0027151422,-0.0048154454,9.7940181719,0.0010120747,0.0000087837,-0.1745159345
558972.4000241760,0.0022468290,-0.0020718367,9.7940232337,0.0020434545,0.0000196343,-0.1744725442
558972.4100241760,0.0031852115,-0.0083216192,9.7938602515,0.0008926518,0.0000413356,-0.1744725442
558972.4200241760,0.0034622629,-0.0017615723,9.7935556940,0.0019348882,-0.0000020669,-0.1744725442
558972.4300241760,0.0018147483,-0.0092423387,9.7937187418,0.0011097844,-0.0000020669,-0.1744508490
558972.4400241760,0.0013197499,0.0012799344,9.7941848905,0.0016309026,0.0000087837,-0.1744183062
558972.4500241760,0.0030290784,-0.0077120674,9.7937092895,0.0014897664,0.0000196343,-0.1744400014
558972.4600241760,0.0036238076,-0.0031338976,9.7940113268,0.0012074940,0.0000087837,-0.1744616966
558972.4700241759,0.0027235570,-0.0060358690,9.7944751431,0.0019131749,-0.0000020669,-0.1744616966
558972.4800241760,0.0030196458,-0.0043566835,9.7941683534,0.0009252217,0.0000413356,-0.1744942393
558972.4900241760,0.0026983698,-0.0017646293,9.7934095280,0.0020108846,0.0000087837,-0.1744400014
558972.5000241760,0.0040961992,-0.0078601479,9.7935478288,0.0009252217,0.0000413356,-0.1744725442
558972.5100241760,0.0014811512,-0.0016173129,9.7938772769,0.0018914617,-0.0000129176,-0.1744942393
558972.5200241760,0.0015103594,-0.0084811630,9.7941791574,0.0011314976,0.0000087837,-0.1745376297
558972.5300241760,0.0034552099,0.0009837039,9.7940144789,0.0016417592,0.0000196343,-0.1745376297
558972.5400241760,0.0031858351,-0.0081691617,9.7940128310,0.0014571965,0.0000304849,-0.1745593249
558972.5500241760,0.0027031292,-0.0029848446,9.7934089699,0.0012617772,0.0000087837,-0.1745376297
558972.5600241760,0.0030219394,-0.0058817444,9.7937101266,0.0018371785,-0.0000020669,-0.1745376297
558972.5700241760,0.0024088825,-0.0045116421,9.7940208488,0.0009795048,0.0000087837,-0.1744942393
558972.5800241760,0.0039264690,-0.0028275238,9.7938564190,0.0019891713,-0.0000020669,-0.1744833917
558972.5900241761,0.0039496995,-0.0084710892,9.7940063478,0.0009252217,0.0000738874,-0.1745159345
558972.6000241759,0.0036118232,-0.0009983125,9.7935547741,0.0019891713,-0.0000020669,-0.1744291538
558972.6100241760,0.0030327626,-0.0074072913,9.7943194680,0.0010880711,-0.0000020669,-0.1744616966
558972.6200241760,0.0025465159,-0.0010028283,9.7938686747,0.0017286122,0.0000196343,-0.1744725442
558972.6300241760,0.0047129116,-0.0092304585,9.7936946358,0.0013812001,0.0000304849,-0.1744508490
558972.6400241760,0.0030107507,-0.0017637953,9.7943220490,0.0013160603,0.0000087837,-0.1744942393
558972.6500241760,0.0014972139,-0.0057355396,9.7938753935,0.0017503255,0.0000087837,-0.1744616966
558972.6600241760,0.0036304090,-0.0042017249,9.7943158580,0.0009686482,-0.0000020669,-0.1744833917
558972.6700241760,0.0034779028,-0.0038973658,9.7944697760,0.0020868810,-0.0000020669,-0.1744833917
558972.6800241760,0.0028801417,-0.0083228697,9.7938627890,0.0008709385,0.0000521862,-0.1744616966
558972.6900241760,0.0020835569,0.0003680381,9.7938731088,0.0019566015,-0.0000346188,-0.1744725442
558972.7000241760,0.0033432153,-0.0084737986,9.7944689520,0.0010337880,0.0000196343,-0.1744942393
558972.7100241760,0.0026991081,-0.0003922342,9.7941727046,0.0016526158,0.0000196343,-0.1744725442
558972.7200241759,0.0041003349,-0.0092328207,9.7933946913,0.0014897664,0.0000196343,-0.1744725442
558972.7300241760,0.0036233273,-0.0017614331,9.7946219936,0.0012617772,0.0000087837,-0.1744183062
558972.7400241760,0.0030202120,-0.0048141948,9.7940156344,0.0018914617,-0.0000129176,-0.1744508490
558972.7500241760,0.0028694332,-0.0055773852,9.7938640446,0.0008817951,0.0000304849,-0.1744508490
558972.7600241760,0.0030106647,-0.0026787485,9.7938641012,0.0020760244,0.0000087837,-0.1744833917
558972.7700241760,0.0027257647,-0.0084758831,9.7935589684,0.0009360783,0.0000196343,-0.1745159345
558972.7800241760,0.0034527442,0.0006788584,9.7935568101,0.0018371785,0.0000196343,-0.1745159345
558972.7900241760,0.0036446296,-0.0084723397,9.7940088853,0.0012292073,0.0000196343,-0.1745376297
558972.8000241760,0.0030076901,-0.0019161139,9.7938644500,0.0015331929,0.0000087837,-0.1745484773
558972.8100241760,0.0028814175,-0.0077129704,9.7943205973,0.0016526158,0.0000304849,-0.1745376297
558972.8200241760,0.0027056235,-0.0023750147,9.7940192880,0.0011097844,0.0000087837,-0.1746027153
558972.8300241760,0.0039318233,-0.0042002660,9.7938557912,0.0018914617,-0.0000020669,-0.1745484773
558972.8400241761,0.0037869936,-0.0064887256,9.7937035039,0.0009469349,0.0000413356,-0.1744833917
558972.8500241759,0.0025494331,-0.0023754317,9.7935630274,0.0020217412,0.0000087837,-0.1744833917
558972.8600241760,0.0024267587,-0.0087824652,9.7941714054,0.0009577916,0.0000413356,-0.1745159345
558972.8700241760,0.0043721468,-0.0000800940,9.7937013587,0.0018914617,-0.0000129176,-0.1744942393
558972.8800241760,0.0030296733,-0.0078645943,9.7937092197,0.0011423543,0.0000087837,-0.1744616966
558972.8900241760,0.0027026489,-0.0016123801,9.7940196367,0.0016091893,0.0000087837,-0.1744400014
558972.9000241760,0.0022693785,-0.0084778283,9.7937152844,0.0015440495,0.0000196343,-0.1745376297
558972.9100241760,0.0040766243,-0.0022167908,9.7938554293,0.0011749241,0.0000304849,-0.1745267821
558972.9200241760,0.0039329844,-0.0048103043,9.7937030024,0.0019131749,-0.0000020669,-0.1745376297
558972.9300241760,0.0031811331,-0.0063389776,9.7943186876,0.0009360783,0.0000521862,-0.1745376297
558972.9400241760,0.0028599432,-0.0028319702,9.7940178100,0.0020977376,0.0000196343,-0.1745159345
558972.9500241760,0.0033335246,-0.0078632743,9.7935541725,0.0009143650,0.0000087837,-0.1744833917
558972.9600241760,0.0043727704,0.0000723635,9.7938539382,0.0018914617,-0.0000020669,-0.1744725442
558972.9700241759,0.0027299004,-0.0098485559,9.7934058309,0.0011857808,0.0000196343,-0.1744291538
558972.9800241760,0.0023970416,-0.0008511349,9.7943275425,0.0015440495,0.0000304849,-0.1744725442
558972.9900241760,0.0021120555,-0.0075632227,9.7935644619,0.0016309026,0.0000087837,-0.1744616966
558973.0000241760,0.0034646426,-0.0023716800,9.7935554150,0.0011206410,0.0000196343,-0.1745159345
558973.0100241760,0.0033216550,-0.0045077515,9.7937082169,0.0019674581,-0.0000020669,-0.1747437340
558973.0200241760,0.0028784143,-0.0072553202,9.7941682968,0.0008817951,0.0000413356,-0.1744616966
558973.0300241760,0.0023969842,-0.0014611037,9.7940222440,0.0020217412,0.0000304849,-0.1744400014
558973.0400241760,0.0033365852,-0.0077109557,9.7940117715,0.0009577916,0.0000413356,-0.1744400014
558973.0500241760,0.0040682955,-0.0000814140,9.7938564059,0.0018697484,-0.0000020669,-0.1744942393
558973.0600241760,0.0031858064,-0.0084741461,9.7938601817,0.0012292073,0.0000196343,-0.1745267821
558973.0700241760,0.0022511368,-0.0016146031,9.7947859917,0.0015223363,0.0000413356,-0.1744508490
558973.0800241760,0.0036393041,-0.0067946131,9.7941621624,0.0016200459,0.0000087837,-0.1745267821
558973.0900241761,0.0045353328,-0.0034349220,9.7933935358,0.0010989277,0.0000196343,-0.1744833917
558973.1000241759,0.0025541351,-0.0042056158,9.7932571708,0.0019348882,0.0000196343,-0.1745376297
558973.1100241760,0.0024159929,-0.0066469495,9.7938673625,0.0009143650,0.0000304849,-0.1745267821
558973.1200241760,0.0030107220,-0.0020687797,9.7941693998,0.0020217412,0.0000196343,-0.1744942393
558973.1300241760,0.0028753250,-0.0077126232,9.7935580485,0.0010012181,0.0000413356,-0.1744942393
558973.1400241760,0.0030065576,-0.0010010913,9.7941698881,0.0018697484,-0.0000020669,-0.1745484773
558973.1500241760,0.0030290211,-0.0083220362,9.7934039910,0.0012074940,-0.0000020669,-0.1744725442
558973.1600241760,0.0030065863,-0.0006961069,9.7943225373,0.0015549062,0.0000304849,-0.1744400014
558973.1700241760,0.0031797999,-0.0075588457,9.7935555808,0.0015549062,0.0000196343,-0.1744508490
558973.1800241760,0.0028544742,-0.0026791655,9.7934078407,0.0011749241,0.0000413356,-0.1744616966
558973.1900241760,0.0039360451,-0.0046579857,9.7941606015,0.0018806050,-0.0000346188,-0.1745050869
558973.2000241760,0.0030261612,-0.0063394640,9.7940149368,0.0009795048,0.0000521862,-0.1745376297
558973.2100241760,0.0030052817,-0.0016109907,9.7937120798,0.0020000280,0.0000196343,-0.1745159345
558973.2200241759,0.0031840503,-0.0077115810,9.7940130403,0.0009252217,0.0000413356,-0.1744942393
558973.2300241760,0.0030077474,-0.0013061452,9.7941697485,0.0018914617,-0.0000020669,-0.1744833917
558973.2400241760,0.0028788945,-0.0086277847,9.7935576299,0.0011423543,-0.0000020669,-0.1745159345
558973.2500241760,0.0028486111,-0.0002389431,9.7938664861,0.0016634725,0.0000196343,-0.1745050869
558973.2600241760,0.0034884966,-0.0078627879,9.7938579233,0.0014463399,0.0000413356,-0.1744942393
558973.2700241760,0.0039247130,-0.0020649586,9.7940092776,0.0013160603,0.0000087837,-0.1744942393
558973.2800241760,0.0030291644,-0.0067971142,9.7941672373,0.0017937520,-0.0000346188,-0.1744942393
558973.2900241760,0.0030159329,-0.0049664440,9.7934055256,0.0009795048,0.0000304849,-0.1744616966
558973.3000241760,0.0019423541,-0.0022256142,9.7940257014,0.0020760244,-0.0000020669,-0.1743532206
558973.3100241760,0.0037923765,-0.0075564835,9.7938555253,0.0008600819,0.0000521862,-0.1743206778
558973.3200241770,0.0045289034,-0.0005371884,9.7940049002,0.0019348882,0.0000196343,-0.1744183062
558973.3300241770,0.0044102501,-0.0095368323,9.7938495435,0.0012183507,0.0000196343,-0.1745159345
558973.3400241770,0.0027002406,-0.0013072568,9.7938672665,0.0015440495,0.0000196343,-0.1745050869
558973.3500241770,0.0031804808,-0.0067964195,9.7940134588,0.0016417592,0.0000196343,-0.1745267821
558973.3600241770,0.0034640476,-0.0022191531,9.7935554848,0.0010555012,0.0000196343,-0.1745701725
558973.3700241770,0.0034718389,-0.0035920342,9.7938598765,0.0019566015,-0.0000454694,-0.1745701725
558973.3800241770,0.0025745916,-0.0069516558,9.7944759933,0.0009143650,0.0000521862,-0.1745701725
558973.3900241770,0.0027099313,-0.0019177811,9.7947820460,0.0020434545,0.0000087837,-0.1745050869
558973.4000241770,0.0042505475,-0.0080121190,9.7936990001,0.0009686482,0.0000413356,-0.1744942393
558973.4100241771,0.0036076875,0.0003743604,9.7937079116,0.0018697484,0.0000196343,-0.1744833917
558973.4200241769,0.0031863440,-0.0092366418,9.7935548134,0.0012074940,0.0000087837,-0.1744616966
558973.4300241770,0.0011730781,-0.0011609132,9.7937275139,0.0014897664,0.0000196343,-0.1744400014
558973.4400241770,0.0037947562,-0.0081665912,9.7938552463,0.0016417592,0.0000196343,-0.1744616966
558973.4500241770,0.0048435206,-0.0026713841,9.7941538959,0.0010989277,0.0000304849,-0.1744508490
558973.4600241770,0.0033211461,-0.0034402714,9.7941662345,0.0019566015,-0.0000020669,-0.1744616966
558973.4700241770,0.0018052583,-0.0064969237,9.7938725072,0.0009143650,0.0000413356,-0.1744725442
558973.4800241770,0.0030113169,-0.0022213067,9.7941693300,0.0020434545,0.0000196343,-0.1744833917
558973.4900241770,0.0040961992,-0.0078601479,9.7935478288,0.0009577916,0.0000304849,-0.1744942393
558973.5000241770,0.0042226725,0.0000715993,9.7941602265,0.0018480352,0.0000196343,-0.1745376297
558973.5100241770,0.0028849584,-0.0089331163,9.7941675295,0.0012292073,0.0000304849,-0.1745376297
558973.5200241770,0.0022463201,-0.0010043566,9.7944812513,0.0014680531,0.0000304849,-0.1745050869
558973.5300241770,0.0042500099,-0.0072496233,9.7940043684,0.0017503255,-0.0000020669,-0.1745050869
558973.5400241771,0.0045353615,-0.0031299376,9.7935461851,0.0010229313,0.0000304849,-0.1744942393
558973.5500241769,0.0028563163,-0.0025267775,9.7937129300,0.0019783147,0.0000304849,-0.1744291538
558973.5600241770,0.0024153119,-0.0074093758,9.7934094844,0.0008926518,0.0000196343,-0.1744725442
558973.5700241770,0.0039216810,-0.0019122928,9.7937043278,0.0020217412,0.0000196343,-0.1744400014
558973.5800241770,0.0050137883,-0.0084665039,9.7935399374,0.0009686482,0.0000413356,-0.1744725442
558973.5900241770,0.0040659445,0.0008336781,9.7940093342,0.0018263219,0.0000196343,-0.1744942393
558973.6000241770,0.0021180334,-0.0087835074,9.7937164136,0.0012726338,0.0000087837,-0.1745159345
558973.6100241770,0.0019448484,-0.0016157842,9.7946360195,0.0015223363,0.0000196343,-0.1744942393
558973.6200241770,0.0048620204,-0.0067897497,9.7944570320,0.0015874761,0.0000087837,-0.1745050869
558973.6300241770,0.0045300072,-0.0017571954,9.7935468129,0.0011423543,0.0000196343,-0.1745267821
558973.6400241770,0.0030195884,-0.0049666523,9.7938630549,0.0018697484,0.0000087837,-0.1744942393
558973.6500241770,0.0021115466,-0.0064957426,9.7940224795,0.0009795048,0.0000413356,-0.1745593249
558973.6600241771,0.0043841024,-0.0025206636,9.7940052621,0.0020434545,0.0000196343,-0.1745484773
558973.6700241769,0.0040914398,-0.0066399326,9.7935483869,0.0009686482,-0.0000129176,-0.1745376297
558973.6800241770,0.0042257044,-0.0000810665,9.7944651762,0.0019023183,0.0000304849,-0.1745484773
558973.6900241770,0.0019619290,-0.0078689712,9.7937181009,0.0010663578,0.0000087837,-0.1745376297
558973.7000241770,0.0022463201,-0.0010043566,9.7944812513,0.0017177556,-0.0000020669,-0.1744725442
558973.7100241770,0.0048600922,-0.0078570910,9.7936939949,0.0013594868,0.0000304849,-0.1744400014
558973.7200241770,0.0039138898,-0.0005394117,9.7933999361,0.0014029134,0.0000413356,-0.1744074586
558973.7300241770,0.0033281991,-0.0061855476,9.7937074496,0.0017286122,-0.0000129176,-0.1744508490
558973.7400241770,0.0022551578,-0.0042072135,9.7940222571,0.0010880711,0.0000196343,-0.1744291538
558973.7500241770,0.0040801938,-0.0031319523,9.7938550108,0.0020217412,0.0000196343,-0.1744400014
558973.7600241770,0.0043935064,-0.0061810318,9.7933935489,0.0008383686,0.0000521862,-0.1745050869
558973.7700241770,0.0023976365,-0.0010036619,9.7943274728,0.0020108846,-0.0000237682,-0.1745376297
558973.7800241770,0.0033406923,-0.0093886129,9.7937059847,0.0010555012,0.0000413356,-0.1745267821
558973.7900241771,0.0031494878,0.0005250114,9.7937117876,0.0017503255,0.0000087837,-0.1745376297
558973.8000241769,0.0041016681,-0.0080129526,9.7941577981,0.0013812001,0.0000304849,-0.1744616966
558973.8100241770,0.0045366373,-0.0025200383,9.7940039934,0.0013269169,0.0000196343,-0.1745050869
558973.8200241770,0.0031720660,-0.0055759958,9.7935564876,0.0017937520,0.0000196343,-0.1744833917
558973.8300241770,0.0031679302,-0.0042033230,9.7937096252,0.0009795048,0.0000521862,-0.1744833917
558973.8400241770,0.0033193040,-0.0035926595,9.7938611452,0.0020108846,-0.0000020669,-0.1744616966
558973.8500241770,0.0054738874,-0.0078547982,9.7941464492,0.0008817951,0.0000196343,-0.1744942393
558973.8600241770,0.0026863855,0.0003709559,9.7929529753,0.0019891713,0.0000087837,-0.1744833917
558973.8700241770,0.0031925225,-0.0083220358,9.7947753100,0.0010663578,0.0000738874,-0.1744833917
558973.8800241770,0.0040803658,-0.0013020460,9.7947709064,0.0016960423,0.0000413356,-0.1744183062
558973.8900241770,0.0053164784,-0.0078551457,9.7935376789,0.0014680531,0.0000196343,-0.1744616966
558973.9000241770,0.0031511866,-0.0008475225,9.7932536305,0.0012726338,-0.0000129176,-0.1744833917
558973.9100241771,0.0017944064,-0.0052763611,9.7931105165,0.0017937520,-0.0000671707,-0.1744942393
558973.9200241769,0.0045496682,-0.0064855993,9.7936971602,0.0010446446,0.0000521862,-0.1744942393
558973.9300241770,0.0043944454,-0.0026737460,9.7952252704,0.0020651677,0.0000738874,-0.1745050869
558973.9400241770,0.0044020360,-0.0061815179,9.7944611172,0.0009143650,0.0000847381,-0.1744942393
558973.9500241770,0.0039151656,0.0000704876,9.7938577444,0.0019348882,-0.0000346188,-0.1744942393
558973.9600241770,0.0033345711,-0.0096932501,9.7927907866,0.0011423543,-0.0000129176,-0.1746461057
558973.9700241770,0.0034556901,-0.0003887606,9.7934038121,0.0016309026,-0.0000346188,-0.1746569532
558973.9800241770,0.0039473771,-0.0072510127,9.7943119254,0.0014897664,0.0000955887,-0.1745593249
558973.9900241770,0.0031693208,-0.0023734860,9.7947780305,0.0012292073,0.0001172899,-0.1744508490
558974.0000241770,0.0030195311,-0.0055766211,9.7935577563,0.0018806050,-0.0000563201,-0.1744183062
558974.0100241770,0.0039346832,-0.0061828382,9.7932448454,0.0009795048,-0.0000129176,-0.1746678008
558974.0200241770,0.0039229569,-0.0013023935,9.7941621361,0.0020543111,-0.0000237682,-0.1743966110
558974.0300241770,0.0050175298,-0.0075517590,9.7944554145,0.0008709385,0.0000738874,-0.1744508490
558974.0400241771,0.0037704507,-0.0009980344,9.7943160541,0.0019023183,0.0000630368,-0.1744942393
558974.0500241769,0.0037977021,-0.0092342101,9.7937022483,0.0012074940,-0.0000020669,-0.1744725442
558974.0600241770,0.0040646686,0.0002237787,9.7935515259,0.0015657628,-0.0000129176,-0.1745376297
558974.0700241770,0.0042415091,-0.0069441528,9.7930894494,0.0015766194,0.0000196343,-0.1745484773
558974.0800241770,0.0036280293,-0.0035916172,9.7943161370,0.0011206410,0.0000413356,-0.1745267821
558974.0900241770,0.0031787534,-0.0057288699,9.7943189666,0.0019566015,0.0000521862,-0.1745050869
558974.1000241770,0.0036309179,-0.0052692050,9.7938578404,0.0009252217,0.0000521862,-0.1744942393
558974.1100241770,0.0028467403,-0.0006963156,9.7934087475,0.0020108846,-0.0000020669,-0.1744725442
558974.1200241770,0.0044029964,-0.0089264469,9.7932397835,0.0009469349,-0.0000020669,-0.1744400014
558974.1300241770,0.0042225578,-0.0011483383,9.7935496294,0.0019348882,-0.0000346188,-0.1743966110
558974.1400241770,0.0033371515,-0.0081684670,9.7938590525,0.0012183507,0.0000738874,-0.1744400014
558974.1500241770,0.0034630872,0.0005257759,9.7947768184,0.0015223363,0.0000955887,-0.1744074586
558974.1600241771,0.0034854933,-0.0074051377,9.7937056228,0.0016200459,0.0000413356,-0.1744725442
558974.1700241769,0.0042338898,-0.0037413653,9.7937009533,0.0010880711,0.0000087837,-0.1745484773
558974.1800241770,0.0030202694,-0.0042042260,9.7943209329,0.0020434545,-0.0000346188,-0.1745701725
558974.1900241770,0.0024093054,-0.0064940754,9.7931048835,0.0008817951,-0.0000020669,-0.1746027153
558974.2000241770,0.0043738742,-0.0011476436,9.7933958509,0.0020434545,0.0000630368,-0.1745484773
558974.2100241770,0.0045671215,-0.0087739891,9.7947636821,0.0010446446,0.0001172899,-0.1745159345
558974.2200241770,0.0045271474,0.0002253768,9.7941577587,0.0017394689,0.0000087837,-0.1744833917
558974.2300241770,0.0040888595,-0.0081647157,9.7924801210,0.0013812001,-0.0000020669,-0.1745050869
558974.2400241770,0.0033013131,-0.0005417739,9.7930999915,0.0013920567,-0.0000129176,-0.1745376297
558974.2500241770,0.0030357085,-0.0084749103,9.7941664700,0.0017068990,0.0000304849,-0.1744616966
558974.2600241770,0.0050062551,-0.0043487632,9.7946093891,0.0011423543,0.0001172899,-0.1744833917
558974.2700241770,0.0040850105,-0.0037421989,9.7941597513,0.0019348882,0.0000521862,-0.1744616966
558974.2800241770,0.0033228161,-0.0051177898,9.7935554281,0.0009577916,-0.0000129176,-0.1744291538
558974.2900241771,0.0027079172,-0.0039000755,9.7935610611,0.0019783147,-0.0000237682,-0.1744074586
558974.3000241769,0.0042462971,-0.0078593837,9.7932415406,0.0009795048,0.0000196343,-0.1744400014
558974.3100241770,0.0052886034,0.0002285726,9.7939989053,0.0019240316,0.0000847381,-0.1745376297
558974.3200241770,0.0036440634,-0.0080148284,9.7941616043,0.0010989277,0.0000413356,-0.1745376297
558974.3300241770,0.0031590925,-0.0010004660,9.7941686193,0.0017286122,-0.0000129176,-0.1745376297
558974.3400241770,0.0030296160,-0.0084745631,9.7934039212,0.0014680531,-0.0000020669,-0.1745376297
558974.3500241770,0.0042280554,-0.0009961585,9.7943122479,0.0013052037,0.0000304849,-0.1744942393
558974.3600241770,0.0039354215,-0.0048104431,9.7940080220,0.0018263219,0.0000738874,-0.1745484773
558974.3700241770,0.0028652114,-0.0051196656,9.7935592343,0.0009252217,0.0000521862,-0.1745159345
558974.3800241770,0.0040802225,-0.0028269679,9.7940076601,0.0020868810,-0.0000020669,-0.1744833917
558974.3900241770,0.0051657283,-0.0083133517,9.7935387384,0.0009143650,-0.0000020669,-0.1745376297
558974.4000241780,0.0026864715,0.0012859091,9.7934109231,0.0019348882,0.0000087837,-0.1744942393
558974.4100241780,0.0033364705,-0.0089308933,9.7934011745,0.0012183507,0.0000738874,-0.1744942393
558974.4200241780,0.0036232700,-0.0023714019,9.7943166951,0.0014680531,0.0000521862,-0.1744508490
558974.4300241780,0.0051604314,-0.0063306407,9.7938446647,0.0016634725,0.0000196343,-0.1744725442
558974.4400241780,0.0039270926,-0.0026750663,9.7940089986,0.0010555012,0.0000087837,-0.1744833917
558974.4500241780,0.0031667404,-0.0038982692,9.7937097647,0.0019566015,0.0000196343,-0.1745159345
558974.4600241780,0.0033287653,-0.0066430589,9.7935547306,0.0009577916,0.0000413356,-0.1745159345
558974.4700241780,0.0046820046,-0.0009940744,9.7938509124,0.0020434545,0.0000196343,-0.1745267821
558974.4800241780,0.0044012977,-0.0075539129,9.7936979406,0.0009577916,0.0000413356,-0.1745376297
558974.4900241781,0.0039151370,-0.0002344968,9.7937050951,0.0018154653,0.0000413356,-0.1745159345
558974.5000241779,0.0031918129,-0.0093894465,9.7941647827,0.0012292073,0.0000196343,-0.1745376297
558974.5100241780,0.0040676719,-0.0002338715,9.7937038264,0.0015657628,0.0000304849,-0.1745376297
558974.5200241780,0.0040920634,-0.0064874751,9.7937009664,0.0015766194,0.0000521862,-0.1745484773
558974.5300241780,0.0037745290,-0.0029806760,9.7938576180,0.0012183507,0.0000196343,-0.1745159345
558974.5400241780,0.0034795155,-0.0061848529,9.7935536711,0.0018914617,0.0000087837,-0.1744183062
558974.5500241780,0.0046980960,-0.0048073168,9.7940016783,0.0009577916,0.0000521862,-0.1744508490
558974.5600241780,0.0036190769,-0.0016086979,9.7941645341,0.0020108846,0.0000196343,-0.1744183062
558974.5700241780,0.0033353954,-0.0074059018,9.7940119111,0.0009252217,0.0000304849,-0.1744508490
558974.5800241780,0.0040724885,-0.0008441180,9.7940085669,0.0019131749,0.0000087837,-0.1745050869
558974.5900241780,0.0045525281,-0.0084681714,9.7930862143,0.0011314976,0.0000413356,-0.1745701725
558974.6000241780,0.0039163555,-0.0002345662,9.7938576049,0.0017503255,0.0000304849,-0.1745376297
558974.6100241781,0.0031912754,-0.0086269508,9.7944701510,0.0013920567,0.0000413356,-0.1745484773
558974.6200241779,0.0039241467,-0.0016074473,9.7941619966,0.0013812001,0.0000196343,-0.1745050869
558974.6300241780,0.0040903074,-0.0057249099,9.7938538249,0.0017828954,0.0000196343,-0.1745376297
558974.6400241780,0.0040813836,-0.0034370062,9.7938548713,0.0009577916,0.0000413356,-0.1745267821
558974.6500241780,0.0034676458,-0.0028293302,9.7937077155,0.0020868810,0.0000196343,-0.1744833917
558974.6600241780,0.0037916956,-0.0083189098,9.7933976473,0.0008926518,0.0000413356,-0.1745159345
558974.6700241780,0.0034612164,0.0000684035,9.7943190799,0.0019891713,0.0000196343,-0.1745050869
558974.6800241780,0.0043994842,-0.0074013166,9.7935455006,0.0010989277,0.0000304849,-0.1744833917
558974.6900241780,0.0033068107,-0.0003895942,9.7938626101,0.0016743291,0.0000304849,-0.1744616966
558974.7000241780,0.0033340909,-0.0083207856,9.7934014535,0.0014137700,0.0000521862,-0.1744400014
558974.7100241780,0.0046813810,-0.0011465319,9.7936983329,0.0013594868,0.0000413356,-0.1744725442
558974.7200241780,0.0045504065,-0.0051132042,9.7944603368,0.0018046086,0.0000196343,-0.1744833917
558974.7300241780,0.0030148578,-0.0034414526,9.7940162622,0.0010012181,0.0000413356,-0.1745376297
558974.7400241781,0.0034712727,-0.0031345229,9.7940125955,0.0020760244,0.0000087837,-0.1745159345
558974.7500241779,0.0031803948,-0.0077113726,9.7935555110,0.0008709385,0.0000413356,-0.1745918677
558974.7600241780,0.0048243686,0.0009895397,9.7935455310,0.0019674581,0.0000304849,-0.1745701725
558974.7700241780,0.0045604053,-0.0089260994,9.7938485538,0.0010989277,0.0000087837,-0.1745484773
558974.7800241780,0.0027014304,-0.0016123107,9.7938671270,0.0016526158,0.0000413356,-0.1744725442
558974.7900241780,0.0037874452,-0.0081661745,9.7929401878,0.0015440495,0.0000304849,-0.1745267821
558974.8000241780,0.0046820046,-0.0009940744,9.7938509124,0.0012183507,0.0000413356,-0.1744942393
558974.8100241780,0.0034754371,-0.0042022113,9.7940121072,0.0019131749,0.0000087837,-0.1745050869
558974.8200241780,0.0033294176,-0.0061856171,9.7938599593,0.0009143650,0.0000521862,-0.1744616966
558974.8300241780,0.0034694592,-0.0029819265,9.7938601555,0.0020434545,-0.0000020669,-0.1744400014
558974.8400241780,0.0050126271,-0.0078564657,9.7936927262,0.0009469349,0.0000521862,-0.1744725442
558974.8500241780,0.0042100645,0.0020547270,9.7935510943,0.0019131749,0.0000196343,-0.1744942393
558974.8600241781,0.0031852115,-0.0083216192,9.7938602515,0.0012074940,0.0000304849,-0.1744725442
558974.8700241779,0.0033164154,-0.0019150717,9.7943194418,0.0015874761,0.0000304849,-0.1745267821
558974.8800241780,0.0050114660,-0.0072464274,9.7938455149,0.0015440495,0.0000521862,-0.1745267821
558974.8900241780,0.0045355049,-0.0016050157,9.7943094314,0.0012400639,0.0000304849,-0.1745267821
558974.9000241780,0.0033240346,-0.0051178592,9.7937079379,0.0017611821,0.0000304849,-0.1745050869
558974.9100241780,0.0036201520,-0.0031336893,9.7935537975,0.0010446446,0.0000304849,-0.1745159345
558974.9200241780,0.0048464665,-0.0037390031,9.7940008978,0.0019891713,0.0000087837,-0.1744833917
558974.9300241780,0.0050108711,-0.0070939005,9.7938455847,0.0009686482,0.0000413356,-0.1745159345
558974.9400241780,0.0034575036,-0.0005413570,9.7935562521,0.0020108846,0.0000304849,-0.1744942393
558974.9500241780,0.0037905631,-0.0074038871,9.7937030853,0.0010012181,0.0000521862,-0.1745484773
558974.9600241780,0.0039217384,-0.0013023241,9.7940096264,0.0018371785,0.0000413356,-0.1745050869
558974.9700241780,0.0057788425,-0.0090734852,9.7935333147,0.0012400639,0.0000521862,-0.1744833917
558974.9800241780,0.0039133809,0.0005280684,9.7938579537,0.0015549062,0.0000304849,-0.1744942393
558974.9900241781,0.0025685565,-0.0063413398,9.7940187430,0.0015766194,0.0000196343,-0.1744508490
558975.0000241779,0.0036195571,-0.0029811624,9.7935538672,0.0011749241,0.0000304849,-0.1744074586
558975.0100241780,0.0051617072,-0.0057207413,9.7943024730,0.0019674581,0.0000521862,-0.1746678008
558975.0200241780,0.0040842435,-0.0054195783,9.7932439254,0.0009143650,0.0000738874,-0.1744508490
558975.0300241780,0.0033055922,-0.0003895248,9.7937101003,0.0020217412,0.0000087837,-0.1744942393
558975.0400241780,0.0042511998,-0.0075546771,9.7940042289,0.0009143650,0.0000413356,-0.1745159345
558975.0500241780,0.0052963660,-0.0014492929,9.7941506477,0.0019131749,0.0000196343,-0.1744725442
558975.0600241780,0.0057776527,-0.0087684314,9.7935334542,0.0012292073,0.0000521862,-0.1745376297
558975.0700241780,0.0036071212,0.0008318717,9.7938606307,0.0015874761,0.0000413356,-0.1745484773
558975.0800241780,0.0030273223,-0.0069495022,9.7938621480,0.0015440495,0.0000087837,-0.1745593249
558975.0900241780,0.0039349986,-0.0028280099,9.7949239873,0.0012292073,0.0000304849,-0.1745484773
558975.1000241780,0.0051641443,-0.0057208802,9.7946074926,0.0018697484,0.0000413356,-0.1744508490
558975.1100241781,0.0045480268,-0.0045030965,9.7944606158,0.0009686482,0.0000521862,-0.1744508490
558975.1200241779,0.0022419549,-0.0020715589,9.7934131947,0.0020108846,-0.0000020669,-0.1744074586
558975.1300241780,0.0036391894,-0.0080145506,9.7935515653,0.0009795048,0.0000413356,-0.1744616966
558975.1400241780,0.0052861090,-0.0003812573,9.7933885872,0.0019891713,0.0000413356,-0.1744725442
558975.1500241780,0.0051584746,-0.0077029663,9.7929289784,0.0010880711,0.0000413356,-0.1745159345
558975.1600241780,0.0031524624,-0.0002376231,9.7937114388,0.0016634725,0.0000413356,-0.1745159345
558975.1700241780,0.0031833694,-0.0084740072,9.7935551622,0.0014029134,0.0000087837,-0.1745050869
558975.1800241780,0.0040821506,-0.0017596267,9.7947706971,0.0013594868,0.0000304849,-0.1745050869
558975.1900241780,0.0060696630,-0.0051066042,9.7936851006,0.0018154653,0.0000304849,-0.1744616966
558975.2000241780,0.0054602043,-0.0043466791,9.7941480536,0.0010337880,0.0000738874,-0.1744291538
558975.2100241780,0.0033193327,-0.0032876751,9.7940137945,0.0019891713,-0.0000020669,-0.1744942393
558975.2200241780,0.0031762017,-0.0069486686,9.7934033500,0.0009360783,0.0000304849,-0.1744833917
558975.2300241780,0.0051421037,-0.0003823687,9.7944574243,0.0019891713,0.0000521862,-0.1744833917
558975.2400241781,0.0057741405,-0.0072433011,9.7938391713,0.0010120747,0.0000738874,-0.1744725442
558975.2500241779,0.0031554657,-0.0006952733,9.7938637393,0.0018371785,0.0000087837,-0.1744508490
558975.2600241780,0.0030410914,-0.0095426681,9.7943184915,0.0012834904,0.0000196343,-0.1743966110
558975.2700241780,0.0048303751,0.0000742393,9.7938501320,0.0015766194,0.0000196343,-0.1744183062
558975.2800241780,0.0060743937,-0.0066318040,9.7935318933,0.0015657628,0.0000304849,-0.1744074586
558975.2900241780,0.0045366373,-0.0025200383,9.7940039934,0.0011966374,0.0000847381,-0.1744942393
558975.3000241780,0.0025644207,-0.0049686670,9.7941718806,0.0018914617,0.0000087837,-0.1745376297
558975.3100241780,0.0040837059,-0.0046570826,9.7935492937,0.0009577916,-0.0000020669,-0.1745593249
558975.3200241780,0.0046880398,-0.0016043904,9.7943081627,0.0020651677,0.0000413356,-0.1745484773
558975.3300241780,0.0050090003,-0.0075512730,9.7933878462,0.0009360783,0.0000738874,-0.1745159345
558975.3400241780,0.0031548707,-0.0005427464,9.7938638091,0.0019566015,-0.0000020669,-0.1745376297
558975.3500241780,0.0044090603,-0.0092317785,9.7938496831,0.0011532109,0.0000304849,-0.1745484773
558975.3600241781,0.0042281414,-0.0000812054,9.7947701957,0.0015874761,0.0000413356,-0.1745050869
558975.3700241779,0.0045550798,-0.0072483727,9.7940018309,0.0015549062,0.0000196343,-0.1745050869
558975.3800241780,0.0037722354,-0.0014556151,9.7943158449,0.0011749241,0.0000521862,-0.1745484773
558975.3900241780,0.0033239773,-0.0057278280,9.7934026393,0.0019131749,0.0000521862,-0.1745159345
558975.4000241780,0.0039359017,-0.0061829077,9.7933973551,0.0009686482,0.0000196343,-0.1744725442
558975.4100241780,0.0043817514,-0.0016055715,9.7941581904,0.0020543111,0.0000196343,-0.1744725442
558975.4200241780,0.0036344874,-0.0061843665,9.7938574219,0.0009469349,0.0000847381,-0.1744508490
558975.4300241780,0.0043673301,0.0005301525,9.7933966182,0.0019131749,0.0000087837,-0.1744942393
558975.4400241780,0.0036396983,-0.0090820308,9.7930935477,0.0011532109,0.0000413356,-0.1744942393
558975.4500241780,0.0034623776,-0.0005416347,9.7941662911,0.0016200459,0.0000521862,-0.1745267821
558975.4600241780,0.0056186597,-0.0061763074,9.7939934380,0.0015874761,0.0000196343,-0.1745267821
558975.4700241790,0.0045300072,-0.0017571954,9.7935468129,0.0011966374,0.0000521862,-0.1745267821
558975.4800241790,0.0036291618,-0.0045066399,9.7940106990,0.0018914617,0.0000521862,-0.1744725442
558975.4900241790,0.0033287940,-0.0063380746,9.7937073798,0.0009469349,0.0000413356,-0.1744833917
558975.5000241790,0.0040706464,-0.0009965061,9.7937034776,0.0020434545,0.0000196343,-0.1744833917
558975.5100241790,0.0037863700,-0.0066411831,9.7935509244,0.0009252217,0.0000738874,-0.1744725442
558975.5200241790,0.0036095869,0.0011367172,9.7943182995,0.0019240316,0.0000196343,-0.1744183062
558975.5300241790,0.0034919514,-0.0099978870,9.7932469077,0.0011966374,0.0000304849,-0.1744616966
558975.5400241790,0.0046814670,-0.0002315787,9.7941562807,0.0016200459,0.0000630368,-0.1744508490
558975.5500241790,0.0037864561,-0.0057262299,9.7940088722,0.0015440495,0.0000413356,-0.1744833917
558975.5600241791,0.0042213393,-0.0011482688,9.7933971196,0.0011857808,0.0000304849,-0.1745267821
558975.5700241789,0.0040867092,-0.0051147328,9.7937015942,0.0018480352,0.0000413356,-0.1745593249
558975.5800241790,0.0047028840,-0.0057225477,9.7941537695,0.0010012181,0.0000521862,-0.1745484773
558975.5900241790,0.0042237476,-0.0014533921,9.7935494899,0.0020760244,0.0000087837,-0.1745701725
558975.6000241790,0.0037870223,-0.0061837412,9.7938561531,0.0009360783,0.0000847381,-0.1745159345
558975.6100241790,0.0048382237,-0.0006886730,9.7944598222,0.0019348882,0.0000087837,-0.1745484773
558975.6200241790,0.0040978692,-0.0095376662,9.7929370225,0.0011423543,0.0000413356,-0.1745701725
558975.6300241790,0.0028481022,0.0008285370,9.7943245036,0.0016526158,0.0000196343,-0.1745376297
558975.6400241790,0.0040944431,-0.0070975828,9.7937006874,0.0014789098,0.0000413356,-0.1745376297
558975.6500241790,0.0057532324,-0.0028198122,9.7933836649,0.0012726338,0.0000521862,-0.1745267821
558975.6600241790,0.0051556147,-0.0057203941,9.7935399243,0.0018697484,0.0000304849,-0.1744833917
558975.6700241790,0.0030183986,-0.0046615985,9.7938631944,0.0010229313,0.0000521862,-0.1744508490
558975.6800241790,0.0027008929,-0.0008498150,9.7941724953,0.0020651677,0.0000196343,-0.1743857634
558975.6900241791,0.0054726689,-0.0078547287,9.7939939395,0.0008709385,0.0000521862,-0.1744400014
558975.7000241790,0.0057437711,0.0002305873,9.7936900796,0.0019348882,0.0000304849,-0.1744942393
558975.7100241790,0.0034836225,-0.0078625101,9.7932478843,0.0011966374,0.0000413356,-0.1745159345
558975.7200241790,0.0034575896,0.0003735962,9.7940141999,0.0015657628,0.0000304849,-0.1745050869
558975.7300241790,0.0048662421,-0.0072474694,9.7947618422,0.0016200459,0.0000521862,-0.1745376297
558975.7400241790,0.0065201861,-0.0026644366,9.7939874300,0.0011749241,0.0000521862,-0.1745593249
558975.7500241790,0.0043900803,-0.0037409483,9.7941572138,0.0019131749,0.0000304849,-0.1745484773
558975.7600241790,0.0028627744,-0.0051195267,9.7932542148,0.0009360783,0.0000521862,-0.1744833917
558975.7700241790,0.0043786908,-0.0017578901,9.7937005914,0.0020434545,0.0000087837,-0.1745050869
558975.7800241790,0.0060834321,-0.0076997701,9.7941414440,0.0009577916,0.0000521862,-0.1745484773
558975.7900241790,0.0052928538,0.0000758374,9.7944563648,0.0019240316,0.0000413356,-0.1745376297
558975.8000241790,0.0030327053,-0.0080172601,9.7940141695,0.0012074940,0.0000413356,-0.1745376297
558975.8100241791,0.0034635961,-0.0005417042,9.7943188009,0.0015657628,0.0000413356,-0.1744942393
558975.8200241789,0.0045568932,-0.0074009691,9.7941542709,0.0016309026,0.0000630368,-0.1744725442
558975.8300241790,0.0059028788,-0.0011415991,9.7938406928,0.0010989277,0.0000521862,-0.1744833917
558975.8400241790,0.0040771619,-0.0029792866,9.7935500610,0.0019674581,0.0000196343,-0.1744183062
558975.8500241790,0.0031768540,-0.0064912267,9.7937085788,0.0009252217,0.0000304849,-0.1744942393
558975.8600241790,0.0043756876,-0.0013002399,9.7935482909,0.0020651677,0.0000196343,-0.1744942393
558975.8700241790,0.0056222579,-0.0067864845,9.7941456688,0.0010012181,0.0000738874,-0.1744942393
558975.8800241790,0.0037656913,0.0002221810,9.7943166122,0.0018263219,0.0000413356,-0.1745376297
558975.8900241790,0.0039424744,-0.0075557193,9.7935492371,0.0012400639,0.0000413356,-0.1745267821
558975.9000241790,0.0039236378,-0.0005399672,9.7946200142,0.0014789098,0.0000413356,-0.1744833917
558975.9100241790,0.0063806246,-0.0072405916,9.7933765670,0.0016526158,0.0000304849,-0.1745050869
558975.9200241790,0.0036159876,-0.0020660009,9.7935542858,0.0011314976,0.0000521862,-0.1744508490
558975.9300241790,0.0039342890,-0.0038954205,9.7943134600,0.0019674581,0.0000304849,-0.1744616966
558975.9400241791,0.0048469467,-0.0051114676,9.7933902310,0.0009577916,0.0000521862,-0.1744508490
558975.9500241790,0.0051449636,-0.0023649408,9.7938464784,0.0020108846,0.0000521862,-0.1744291538
558975.9600241790,0.0039449115,-0.0075558582,9.7938542566,0.0009577916,0.0000738874,-0.1744616966
558975.9700241790,0.0033044884,0.0008304822,9.7941681877,0.0019023183,0.0000087837,-0.1744833917
558975.9800241790,0.0045531803,-0.0080107295,9.7933914431,0.0011423543,0.0000521862,-0.1744942393
558975.9900241790,0.0052970182,-0.0009918510,9.7944558765,0.0016634725,0.0000304849,-0.1745050869
558976.0000241790,0.0037911580,-0.0075564141,9.7937030156,0.0015223363,0.0000413356,-0.1744725442
558976.0100241790,0.0037662576,-0.0002353303,9.7941638931,0.0013052037,0.0000738874,-0.1748413623
558976.0200241790,0.0046980960,-0.0048073168,9.7940016783,0.0018154653,0.0000196343,-0.1744725442
558976.0300241790,0.0053100204,-0.0052623964,9.7939963941,0.0010012181,0.0000413356,-0.1744833917
558976.0400241790,0.0049924287,-0.0023655661,9.7938477471,0.0020108846,0.0000630368,-0.1745050869
558976.0500241790,0.0031804808,-0.0067964195,9.7940134588,0.0009469349,0.0000738874,-0.1745267821
558976.0600241791,0.0045289608,0.0000727804,9.7943101987,0.0019783147,0.0000304849,-0.1744942393
558976.0700241789,0.0045550224,-0.0078583415,9.7936965324,0.0011314976,0.0000413356,-0.1744725442
558976.0800241790,0.0062098480,-0.0003779917,9.7944485431,0.0016634725,0.0000413356,-0.1744183062
558976.0900241790,0.0047063675,-0.0075526624,9.7936954031,0.0015006230,0.0000521862,-0.1743966110
558976.1000241790,0.0034635101,-0.0014566574,9.7938608531,0.0012617772,0.0000847381,-0.1743532206
558976.1100241790,0.0048554189,-0.0057219224,9.7941525008,0.0018480352,0.0000087837,-0.1744291538
558976.1200241790,0.0057634034,-0.0048028009,9.7936877776,0.0009795048,0.0000738874,-0.1744833917
558976.1300241790,0.0043793144,-0.0016054326,9.7938531709,0.0021085943,0.0000304849,-0.1744942393
558976.1400241790,0.0033323348,-0.0075582205,9.7935543120,0.0008926518,0.0000738874,-0.1745159345
558976.1500241790,0.0049847808,0.0005322370,9.7943066018,0.0019023183,0.0000304849,-0.1744942393
558976.1600241790,0.0053218900,-0.0086179191,9.7938423497,0.0012074940,0.0000738874,-0.1745376297
558976.1700241790,0.0055984612,-0.0006854078,9.7941484590,0.0015006230,0.0000413356,-0.1745050869
558976.1800241790,0.0040859996,-0.0061821435,9.7930910669,0.0016960423,0.0000413356,-0.1744616966
558976.1900241791,0.0043810418,-0.0026729822,9.7935476631,0.0010880711,0.0000738874,-0.1744725442
558976.2000241790,0.0046927991,-0.0028246057,9.7943076046,0.0020000280,0.0000196343,-0.1744725442
558976.2100241790,0.0062252012,-0.0055636291,9.7938361324,0.0009360783,0.0000521862,-0.1744725442
558976.2200241790,0.0039126713,-0.0005393423,9.7932474264,0.0020108846,0.0000630368,-0.1744725442
558976.2300241790,0.0030302396,-0.0083221056,9.7935565007,0.0010229313,0.0000413356,-0.1744725442
558976.2400241790,0.0040695140,-0.0000814834,9.7940089157,0.0018371785,0.0000087837,-0.1744942393
558976.2500241790,0.0057717322,-0.0069381778,9.7936868010,0.0012834904,0.0000521862,-0.1745267821
558976.2600241790,0.0040683528,0.0005285548,9.7941617045,0.0015549062,0.0000521862,-0.1745376297
558976.2700241790,0.0036355912,-0.0074043735,9.7933993346,0.0015657628,0.0000304849,-0.1745267821
558976.2800241790,0.0048387039,-0.0020611375,9.7938491554,0.0012617772,0.0000521862,-0.1745267821
558976.2900241790,0.0054596381,-0.0038891678,9.7943007726,0.0018806050,0.0000196343,-0.1745376297
558976.3000241790,0.0059141822,-0.0040396105,9.7938393674,0.0009252217,0.0000521862,-0.1745484773
558976.3100241791,0.0040718649,-0.0009965755,9.7938559874,0.0020868810,0.0000304849,-0.1745484773
558976.3200241789,0.0042481392,-0.0077069957,9.7935466298,0.0009360783,0.0000521862,-0.1745159345
558976.3300241790,0.0051373157,0.0005328623,9.7943053331,0.0018914617,0.0000304849,-0.1744616966
558976.3400241790,0.0048594973,-0.0077045640,9.7936940647,0.0012943471,0.0000521862,-0.1744725442
558976.3500241790,0.0046833665,0.0005307781,9.7947666685,0.0014897664,0.0000413356,-0.1744725442
558976.3600241790,0.0047027980,-0.0066375009,9.7936958217,0.0016091893,0.0000304849,-0.1744616966
558976.3700241790,0.0049965931,-0.0034332545,9.7938472589,0.0011749241,0.0000521862,-0.1744616966
558976.3800241790,0.0051461534,-0.0026699947,9.7938463389,0.0019131749,0.0000413356,-0.1744616966
558976.3900241790,0.0050001626,-0.0043484160,9.7938468403,0.0009795048,0.0000413356,-0.1744508490
558976.4000241790,0.0043793431,-0.0013004482,9.7940058201,0.0020543111,0.0000521862,-0.1744400014
558976.4100241790,0.0045591868,-0.0089260299,9.7936960441,0.0009469349,0.0000738874,-0.1744291538
558976.4200241790,0.0049842145,0.0009897483,9.7944593208,0.0019023183,0.0000304849,-0.1744291538
558976.4300241790,0.0047057726,-0.0074001355,9.7936954729,0.0012183507,0.0000521862,-0.1743532206
558976.4400241791,0.0040700802,-0.0005389948,9.7938561966,0.0015223363,0.0000521862,-0.1744183062
558976.4500241790,0.0059297074,-0.0073953416,9.7941428523,0.0016309026,0.0000413356,-0.1745050869
558976.4600241790,0.0051413080,-0.0023647325,9.7933889491,0.0012292073,0.0000738874,-0.1746027153
558976.4700241790,0.0053005017,-0.0028219657,9.7939975102,0.0018914617,0.0000413356,-0.1745918677
558976.4800241790,0.0036315128,-0.0054217319,9.7938577707,0.0009577916,0.0000521862,-0.1746135629
558976.4900241790,0.0045365800,-0.0031300071,9.7936986948,0.0020543111,0.0000521862,-0.1745593249
558976.5000241790,0.0062354294,-0.0069366491,9.7944455436,0.0009360783,0.0000521862,-0.1744725442
558976.5100241790,0.0052862524,0.0011436647,9.7941518336,0.0019566015,0.0000413356,-0.1744725442
558976.5200241790,0.0034776447,-0.0066422254,9.7930959326,0.0011206410,0.0000521862,-0.1744291538
558976.5300241790,0.0036172922,-0.0011511171,9.7941647433,0.0016526158,0.0000196343,-0.1744074586
558976.5400241790,0.0059302449,-0.0081578373,9.7938374840,0.0015440495,0.0000521862,-0.1743749158
558976.5500241800,0.0068151423,-0.0000702285,9.7939860784,0.0012617772,0.0000521862,-0.1743966110
558976.5600241800,0.0046927131,-0.0037395589,9.7938496568,0.0018263219,0.0000521862,-0.1744291538
558976.5700241800,0.0022599458,-0.0051224445,9.7941743483,0.0009795048,0.0000304849,-0.1744942393
558976.5800241800,0.0053005017,-0.0028219657,9.7939975102,0.0020434545,0.0000087837,-0.1744725442
558976.5900241800,0.0068353121,-0.0058661124,9.7936784081,0.0009469349,0.0000738874,-0.1745159345
558976.6000241800,0.0058927652,0.0014513585,9.7938418786,0.0019891713,0.0000630368,-0.1745484773
558976.6100241800,0.0028800557,-0.0092378229,9.7934048412,0.0011206410,0.0000413356,-0.1745376297
558976.6200241800,0.0031554657,-0.0006952733,9.7938637393,0.0016200459,0.0000413356,-0.1745050869
558976.6300241800,0.0060665737,-0.0055639072,9.7930748523,0.0015549062,0.0000521862,-0.1744942393
558976.6400241799,0.0057485591,-0.0006846436,9.7938421708,0.0011314976,0.0000738874,-0.1744725442
558976.6500241800,0.0039420516,-0.0055732860,9.7944652025,0.0019783147,0.0000304849,-0.1744616966
558976.6600241800,0.0037833668,-0.0061835329,9.7933986239,0.0009469349,0.0000738874,-0.1744616966
558976.6700241800,0.0060452714,0.0011469994,9.7936879606,0.0020868810,0.0000196343,-0.1744616966
558976.6800241800,0.0066826912,-0.0067816909,9.7932217291,0.0009577916,0.0000955887,-0.1745159345
558976.6900241800,0.0040712987,-0.0005390642,9.7940087064,0.0018371785,0.0000413356,-0.1745484773
558976.7000241800,0.0027258220,-0.0078659143,9.7938642670,0.0012400639,0.0000413356,-0.1745810201
558976.7100241800,0.0060483034,0.0009943336,9.7939929104,0.0015440495,0.0000413356,-0.1745376297
558976.7200241800,0.0060696343,-0.0054115886,9.7935324513,0.0016526158,0.0000630368,-0.1745593249
558976.7300241800,0.0048416498,-0.0031287565,9.7936961573,0.0011206410,0.0000738874,-0.1745376297
558976.7400241800,0.0040807887,-0.0032844793,9.7938549410,0.0020000280,0.0000304849,-0.1745376297
558976.7500241800,0.0050007001,-0.0051109117,9.7935414720,0.0009143650,0.0000413356,-0.1744833917
558976.7600241801,0.0063587274,-0.0003771581,9.7939897451,0.0020434545,0.0000521862,-0.1745267821
558976.7700241799,0.0056209534,-0.0077013682,9.7935352112,0.0009686482,0.0000738874,-0.1744725442
558976.7800241800,0.0043788342,-0.0002329681,9.7944638377,0.0018697484,0.0000304849,-0.1744291538
558976.7900241800,0.0037947849,-0.0078616068,9.7940078956,0.0013160603,0.0000304849,-0.1744508490
558976.8000241800,0.0055961102,0.0002296843,9.7943013873,0.0014463399,0.0000738874,-0.1743966110
558976.8100241800,0.0056114347,-0.0052609375,9.7935363273,0.0018046086,0.0000521862,-0.1744616966
558976.8200241800,0.0036232126,-0.0029813707,9.7940113965,0.0010012181,0.0000847381,-0.1745159345
558976.8300241800,0.0045402642,-0.0028252310,9.7943088734,0.0020434545,0.0000304849,-0.1744942393
558976.8400241800,0.0057687289,-0.0064805276,9.7935345005,0.0008926518,0.0000738874,-0.1745593249
558976.8500241800,0.0049792545,0.0000750729,9.7933913340,0.0019783147,0.0000521862,-0.1744725442
558976.8600241800,0.0051634346,-0.0067882909,9.7939969652,0.0010989277,0.0000738874,-0.1744616966
558976.8700241800,0.0037650964,0.0003747079,9.7943166819,0.0017937520,0.0000521862,-0.1744508490
558976.8800241800,0.0047105032,-0.0089253352,9.7935422656,0.0012943471,0.0000521862,-0.1744725442
558976.8900241799,0.0057474553,0.0005353634,9.7943002581,0.0015440495,0.0000413356,-0.1744942393
558976.9000241800,0.0046920321,-0.0045019852,9.7933917788,0.0015766194,0.0000630368,-0.1745267821
558976.9100241800,0.0037691175,-0.0022179025,9.7935529473,0.0011857808,0.0000413356,-0.1744942393
558976.9200241800,0.0031714711,-0.0054234689,9.7935565574,0.0019023183,0.0000304849,-0.1745701725
558976.9300241800,0.0059188842,-0.0058697947,9.7935335108,0.0009686482,0.0000521862,-0.1745484773
558976.9400241800,0.0057432335,0.0009930830,9.7939954479,0.0020977376,0.0000413356,-0.1745484773
558976.9500241800,0.0034795155,-0.0061848529,9.7935536711,0.0009252217,0.0000738874,-0.1745267821
558976.9600241800,0.0037674187,-0.0008453686,9.7940111044,0.0018371785,0.0000413356,-0.1744833917
558976.9700241800,0.0059252849,-0.0090725127,9.7927694971,0.0013269169,0.0000413356,-0.1745050869
558976.9800241800,0.0063552439,0.0014529566,9.7944481115,0.0014571965,0.0000847381,-0.1744942393
558976.9900241800,0.0045431528,-0.0045028188,9.7938505768,0.0016960423,0.0000413356,-0.1744183062
558977.0000241800,0.0033265003,-0.0048130137,9.7941656067,0.0010989277,0.0000521862,-0.1744616966
558977.0100241801,0.0053046661,-0.0038896542,9.7939970219,0.0019783147,0.0000413356,-0.1747762768
558977.0200241799,0.0069795469,-0.0034251259,9.7938307653,0.0009469349,0.0000738874,-0.1745267821
558977.0300241800,0.0051426699,-0.0008398800,9.7943047052,0.0019566015,0.0000521862,-0.1744942393
558977.0400241800,0.0027246035,-0.0078658448,9.7937117572,0.0009795048,0.0000847381,-0.1744508490
558977.0500241800,0.0046863124,-0.0005368408,9.7946136705,0.0019348882,0.0000304849,-0.1743206778
558977.0600241800,0.0062239253,-0.0061735285,9.7933783241,0.0011532109,0.0000413356,-0.1743857634
558977.0700241800,0.0061971827,0.0009951672,9.7935341124,0.0016526158,0.0000630368,-0.1744725442
558977.0800241800,0.0027294489,-0.0081711070,9.7941691470,0.0014897664,0.0000521862,-0.1744833917
558977.0900241800,0.0036202667,-0.0019137517,9.7941643946,0.0012617772,0.0000304849,-0.1744725442
558977.1000241800,0.0072798574,-0.0022036600,9.7938287858,0.0018371785,0.0000413356,-0.1745159345
558977.1100241800,0.0059105553,-0.0037344178,9.7935344874,0.0009686482,0.0000847381,-0.1745159345
558977.1200241800,0.0036213992,-0.0028287743,9.7938589565,0.0020868810,0.0000413356,-0.1745050869
558977.1300241800,0.0050077531,-0.0078561879,9.7930826871,0.0009360783,0.0000521862,-0.1745376297
558977.1400241799,0.0057379080,0.0026708097,9.7941487249,0.0019566015,0.0000413356,-0.1745050869
558977.1500241800,0.0068449168,-0.0073915899,9.7941352399,0.0011749241,0.0000738874,-0.1745267821
558977.1600241800,0.0045294983,-0.0006897153,9.7940048304,0.0015440495,0.0000521862,-0.1745484773
558977.1700241800,0.0034848984,-0.0072526108,9.7937056926,0.0016200459,0.0000413356,-0.1745050869
558977.1800241800,0.0048321025,-0.0009933102,9.7935446242,0.0011314976,0.0000521862,-0.1745376297
558977.1900241800,0.0065170968,-0.0031217396,9.7933771817,0.0019674581,0.0000413356,-0.1744833917
558977.2000241800,0.0047021744,-0.0067899584,9.7935432422,0.0008926518,0.0000847381,-0.1744725442
558977.2100241800,0.0042231814,-0.0009958808,9.7937022089,0.0020868810,0.0000304849,-0.1744725442
558977.2200241800,0.0047027980,-0.0066375009,9.7936958217,0.0009686482,0.0000738874,-0.1744833917
558977.2300241800,0.0058963920,0.0011461658,9.7941467586,0.0018154653,0.0000413356,-0.1744725442
558977.2400241800,0.0059320010,-0.0089204024,9.7936846254,0.0012834904,0.0000738874,-0.1745267821
558977.2500241800,0.0028504532,-0.0000865551,9.7941715753,0.0015223363,0.0000196343,-0.1744725442
558977.2600241801,0.0051538586,-0.0049578290,9.7936927828,0.0016309026,0.0000521862,-0.1745050869
558977.2700241799,0.0051401756,-0.0014497099,9.7936943872,0.0012292073,0.0000738874,-0.1745267821
558977.2800241800,0.0056115207,-0.0043459844,9.7939942751,0.0018046086,0.0000630368,-0.1745159345
558977.2900241800,0.0036297854,-0.0043541824,9.7941632785,0.0010446446,0.0000738874,-0.1744942393
558977.3000241800,0.0040730548,-0.0013016293,9.7938558479,0.0019891713,0.0000413356,-0.1744725442
558977.3100241800,0.0057699188,-0.0067855814,9.7935343610,0.0008817951,0.0000413356,-0.1744616966
558977.3200241800,0.0071159904,0.0003887417,9.7936787307,0.0020217412,0.0000630368,-0.1745267821
558977.3300241800,0.0042462971,-0.0078593837,9.7932415406,0.0011097844,0.0000738874,-0.1744942393
558977.3400241800,0.0039176887,0.0009853019,9.7946207117,0.0016634725,0.0000413356,-0.1745159345
558977.3500241800,0.0056227668,-0.0078539646,9.7936876512,0.0015331929,0.0000521862,-0.1744508490
558977.3600241800,0.0060614489,-0.0017512898,9.7942966743,0.0011423543,0.0000738874,-0.1744833917
558977.3700241800,0.0043828553,-0.0028255785,9.7937001031,0.0019566015,0.0000413356,-0.1745050869
558977.3800241800,0.0039408044,-0.0058782010,9.7941600434,0.0008926518,0.0000738874,-0.1745267821
558977.3900241799,0.0055984899,-0.0003804234,9.7943011083,0.0020651677,0.0000413356,-0.1745484773
558977.4000241800,0.0048594973,-0.0077045640,9.7936940647,0.0010120747,0.0000738874,-0.1745484773
558977.4100241800,0.0042190743,0.0006817764,9.7940079957,0.0018371785,0.0000304849,-0.1745050869
558977.4200241800,0.0056100441,-0.0070907745,9.7924679219,0.0013269169,0.0000738874,-0.1745810201
558977.4300241800,0.0052802172,0.0017539807,9.7936945833,0.0013920567,0.0000738874,-0.1745810201
558977.4400241800,0.0048625006,-0.0081622142,9.7938463651,0.0016960423,0.0000630368,-0.1745376297
558977.4500241800,0.0040957476,-0.0061826990,9.7943111449,0.0011206410,0.0000521862,-0.1744942393
558977.4600241800,0.0054447651,-0.0000759948,9.7943025166,0.0020108846,0.0000304849,-0.1744942393
558977.4700241800,0.0059100178,-0.0029719221,9.7938398557,0.0008926518,0.0000847381,-0.1744942393
558977.4800241800,0.0034689503,-0.0019144464,9.7943181731,0.0019783147,0.0000521862,-0.1744725442
558977.4900241800,0.0041068790,-0.0109106168,9.7933939239,0.0010229313,0.0000738874,-0.1744291538
558977.5000241800,0.0065011201,0.0019114404,9.7938370130,0.0018914617,0.0000521862,-0.1744833917
558977.5100241801,0.0048416211,-0.0034337409,9.7935435081,0.0012617772,0.0000738874,-0.1745267821
558977.5200241799,0.0046832804,-0.0003841750,9.7943087207,0.0014680531,0.0000738874,-0.1745050869
558977.5300241800,0.0036433251,-0.0093872235,9.7933984277,0.0017068990,0.0000196343,-0.1745376297
558977.5400241800,0.0052939576,-0.0011441696,9.7939982775,0.0010989277,0.0000738874,-0.1744942393
558977.5500241800,0.0066590092,0.0005393234,9.7938351164,0.0020217412,0.0000521862,-0.1745050869
558977.5600241800,0.0048547380,-0.0064843487,9.7936946227,0.0007949421,0.0000738874,-0.1745159345
558977.5700241800,0.0033140071,-0.0016099484,9.7941670716,0.0020217412,0.0000413356,-0.1744291538
558977.5800241800,0.0059307825,-0.0089203330,9.7935321157,0.0011097844,0.0000738874,-0.1744616966
558977.5900241800,0.0068051148,0.0034376823,9.7944452121,0.0017503255,0.0000630368,-0.1744942393
558977.6000241800,0.0053111529,-0.0061774190,9.7936909560,0.0014463399,0.0000738874,-0.1744833917
558977.6100241800,0.0030106073,-0.0032887173,9.7935588027,0.0012726338,0.0000521862,-0.1745050869
558977.6200241810,0.0053032756,-0.0057194911,9.7929286165,0.0018480352,0.0000413356,-0.1744725442
558977.6300241810,0.0065208383,-0.0022069947,9.7942926588,0.0010012181,0.0000955887,-0.1744833917
558977.6400241810,0.0054478258,0.0000763238,9.7947601156,0.0019891713,0.0000521862,-0.1744725442
558977.6500241810,0.0033311450,-0.0072531666,9.7935544515,0.0009252217,0.0000521862,-0.1744725442
558977.6600241810,0.0040712700,-0.0008440486,9.7938560571,0.0020217412,0.0000413356,-0.1744725442
558977.6700241810,0.0063806820,-0.0066306228,9.7936818656,0.0011097844,0.0000847381,-0.1744833917
558977.6800241810,0.0055866202,0.0029750994,9.7944551527,0.0016743291,0.0000413356,-0.1745159345
558977.6900241810,0.0039437216,-0.0072508044,9.7938543961,0.0014463399,0.0000738874,-0.1745050869
558977.7000241810,0.0037770234,-0.0023708461,9.7944679361,0.0012943471,0.0000847381,-0.1744074586
558977.7100241811,0.0051466623,-0.0037374748,9.7933883213,0.0018480352,0.0000413356,-0.1743315254
558977.7200241809,0.0066721547,-0.0022063000,9.7941388803,0.0009577916,0.0000847381,-0.1744400014
558977.7300241810,0.0040803658,-0.0013020460,9.7947709064,0.0020651677,0.0000630368,-0.1744400014
558977.7400241810,0.0037886637,-0.0081662440,9.7930926975,0.0009252217,0.0000738874,-0.1745267821
558977.7500241810,0.0045194134,0.0022082267,9.7941586656,0.0019674581,0.0000413356,-0.1745484773
558977.7600241810,0.0072952965,-0.0064743443,9.7936743229,0.0011423543,0.0000955887,-0.1745267821
558977.7700241810,0.0045295270,-0.0003847309,9.7941574797,0.0015549062,0.0000521862,-0.1744616966
558977.7800241810,0.0034825187,-0.0066425031,9.7937059716,0.0016309026,0.0000413356,-0.1744725442
558977.7900241810,0.0051426699,-0.0008398800,9.7943047052,0.0012292073,0.0000738874,-0.1744833917
558977.8000241810,0.0069789806,-0.0029676146,9.7939834843,0.0018806050,0.0000413356,-0.1744725442
558977.8100241810,0.0054607705,-0.0048041904,9.7939953346,0.0010120747,0.0000955887,-0.1744942393
558977.8200241810,0.0043828839,-0.0025205941,9.7938527523,0.0020000280,0.0000521862,-0.1745810201
558977.8300241811,0.0040872468,-0.0058772285,9.7933962259,0.0009360783,0.0000521862,-0.1745701725
558977.8400241809,0.0058976966,0.0020610495,9.7947572162,0.0019674581,0.0000521862,-0.1745701725
558977.8500241810,0.0063871974,-0.0086134033,9.7935284490,0.0010989277,0.0000738874,-0.1745593249
558977.8600241810,0.0031543045,-0.0000852351,9.7940165281,0.0016526158,0.0000521862,-0.1745159345
558977.8700241810,0.0040854333,-0.0057246322,9.7932437859,0.0016091893,0.0000521862,-0.1744942393
558977.8800241810,0.0066638259,-0.0000709232,9.7941398569,0.0010989277,0.0000738874,-0.1745159345
558977.8900241810,0.0060679929,-0.0034290859,9.7942959070,0.0019674581,0.0000413356,-0.1744291538
558977.9000241810,0.0043976708,-0.0072487202,9.7933930606,0.0008817951,0.0000738874,-0.1744508490
558977.9100241810,0.0040623176,0.0011388708,9.7937044542,0.0020868810,0.0000413356,-0.1744291538
558977.9200241810,0.0057663493,-0.0058704199,9.7935347796,0.0010337880,0.0000738874,-0.1744725442
558977.9300241810,0.0077280294,0.0011535997,9.7942840435,0.0017177556,0.0000738874,-0.1744833917
558977.9400241810,0.0056214622,-0.0087688483,9.7930771936,0.0015440495,0.0000847381,-0.1744942393
558977.9500241810,0.0031531433,0.0005248031,9.7941693169,0.0011423543,0.0000521862,-0.1745159345
558977.9600241811,0.0063688983,-0.0023601469,9.7942938578,0.0019891713,0.0000413356,-0.1745159345
558977.9700241809,0.0057578771,-0.0052599651,9.7927725098,0.0008492253,0.0000738874,-0.1745267821
558977.9800241810,0.0043746124,0.0002247515,9.7941590275,0.0020543111,0.0000630368,-0.1745050869
558977.9900241810,0.0048636617,-0.0087722525,9.7936935764,0.0010446446,0.0000738874,-0.1745593249
558978.0000241810,0.0054304011,0.0026696980,9.7938462429,0.0017937520,0.0000413356,-0.1745159345
558978.0100241810,0.0065332169,-0.0066299976,9.7936805968,0.0013703435,0.0000847381,-0.1748196671
558978.0200241810,0.0045355909,-0.0006900625,9.7947673792,0.0013812001,0.0000521862,-0.1745267821
558978.0300241810,0.0037828292,-0.0054210372,9.7937039922,0.0017503255,0.0000630368,-0.1744725442
558978.0400241810,0.0052993406,-0.0022119275,9.7941502989,0.0010337880,0.0000738874,-0.1744942393
558978.0500241810,0.0068193067,-0.0011379169,9.7939855901,0.0020651677,0.0000413356,-0.1744400014
558978.0600241810,0.0045466649,-0.0060279491,9.7935448597,0.0008817951,0.0000847381,-0.1744400014
558978.0700241810,0.0045187325,0.0014458004,9.7937007875,0.0020543111,0.0000521862,-0.1744291538
558978.0800241811,0.0041033955,-0.0090805021,9.7938522903,0.0010663578,0.0000738874,-0.1745267821
558978.0900241809,0.0069629752,0.0017605810,9.7942906663,0.0016309026,0.0000521862,-0.1745376297
558978.1000241810,0.0057652168,-0.0049553973,9.7938402176,0.0015657628,0.0000738874,-0.1745484773
558978.1100241810,0.0036202954,-0.0016087673,9.7943170438,0.0011206410,0.0000847381,-0.1745267821
558978.1200241810,0.0049984065,-0.0035858509,9.7939996989,0.0019674581,0.0000521862,-0.1745484773
558978.1300241810,0.0056121156,-0.0044985113,9.7939942054,0.0009252217,0.0000738874,-0.1745376297
558978.1400241810,0.0062026230,0.0005373781,9.7939914324,0.0020760244,0.0000521862,-0.1745050869
558978.1500241810,0.0043982371,-0.0077062316,9.7932403416,0.0009577916,0.0000738874,-0.1745159345
558978.1600241810,0.0049793978,0.0015999949,9.7941545803,0.0018154653,0.0000738874,-0.1744833917
558978.1700241810,0.0059248047,-0.0077000482,9.7933801640,0.0013594868,0.0000521862,-0.1744725442
558978.1800241810,0.0071274945,-0.0003743789,9.7947459502,0.0013594868,0.0000738874,-0.1744616966
558978.1900241810,0.0051562670,-0.0052629522,9.7938451530,0.0018371785,0.0000630368,-0.1744074586
558978.2000241810,0.0039283685,-0.0020651670,9.7944668069,0.0010012181,0.0000738874,-0.1744291538
558978.2100241811,0.0054459550,-0.0003810487,9.7943023770,0.0020000280,0.0000630368,-0.1745050869
558978.2200241809,0.0059176083,-0.0064796940,9.7930757025,0.0009143650,0.0000738874,-0.1745484773
558978.2300241810,0.0048304038,0.0003792237,9.7940027813,0.0019674581,0.0000413356,-0.1744942393
558978.2400241810,0.0042506909,-0.0064871970,9.7944622464,0.0011423543,0.0000738874,-0.1745376297
558978.2500241810,0.0048177671,0.0020573670,9.7932409998,0.0016526158,0.0000738874,-0.1745593249
558978.2600241810,0.0045417335,-0.0066376401,9.7926295221,0.0015331929,0.0000413356,-0.1745484773
558978.2700241810,0.0063719016,-0.0028177971,9.7944461583,0.0012617772,0.0000738874,-0.1745484773
558978.2800241810,0.0063608490,-0.0037321254,9.7926156226,0.0018806050,0.0000630368,-0.1745159345
558978.2900241810,0.0046909857,-0.0026720094,9.7941551646,0.0010012181,0.0000738874,-0.1745159345
558978.3000241810,0.0048418792,-0.0006888814,9.7949173515,0.0019674581,0.0000521862,-0.1744833917
558978.3100241810,0.0057723558,-0.0067857203,9.7938393805,0.0009469349,0.0000738874,-0.1744291538
558978.3200241810,0.0063569427,0.0000804226,9.7939899544,0.0019891713,0.0000521862,-0.1744291538
558978.3300241811,0.0062221119,-0.0060209321,9.7932258841,0.0011206410,0.0000847381,-0.1744291538
558978.3400241809,0.0049757997,0.0022101720,9.7940023496,0.0017394689,0.0000738874,-0.1744508490
558978.3500241810,0.0043976995,-0.0069437358,9.7935457099,0.0013703435,0.0000521862,-0.1744616966
558978.3600241810,0.0054458976,-0.0009910175,9.7939970785,0.0013486302,0.0000738874,-0.1744833917
558978.3700241810,0.0062180622,-0.0037333061,9.7938369694,0.0017611821,0.0000738874,-0.1745159345
558978.3800241810,0.0052981507,-0.0019068737,9.7941504385,0.0010337880,0.0000738874,-0.1745484773
558978.3900241810,0.0033091331,-0.0016096707,9.7935570325,0.0020108846,0.0000413356,-0.1745159345
558978.4000241810,0.0060743937,-0.0066318040,9.7935318933,0.0009252217,0.0000738874,-0.1745267821
558978.4100241810,0.0057395780,0.0009932913,9.7935379186,0.0020434545,0.0000304849,-0.1745484773
558978.4200241810,0.0056246662,-0.0070916077,9.7942980390,0.0010229313,0.0000738874,-0.1745376297
558978.4300241810,0.0039159039,0.0014428827,9.7946209210,0.0017177556,0.0000738874,-0.1745159345
558978.4400241810,0.0045562696,-0.0075534265,9.7940016914,0.0014571965,0.0000738874,-0.1744942393
558978.4500241810,0.0063611931,-0.0000723126,9.7944474139,0.0013269169,0.0000738874,-0.1745267821
558978.4600241811,0.0053004157,-0.0037369189,9.7935395624,0.0018371785,0.0000630368,-0.1744616966
558978.4700241809,0.0039221899,-0.0029797730,9.7932463103,0.0010120747,0.0000738874,-0.1744400014
558978.4800241810,0.0051486478,-0.0020601647,9.7944566570,0.0020217412,0.0000630368,-0.1744616966
558978.4900241810,0.0082141615,-0.0064708009,9.7941242398,0.0009469349,0.0000847381,-0.1745159345
558978.5000241810,0.0063557815,0.0006904609,9.7941427432,0.0019674581,0.0000738874,-0.1745050869
558978.5100241810,0.0027132427,-0.0055778022,9.7934077840,0.0010663578,0.0000738874,-0.1745267821
558978.5200241810,0.0055937306,0.0008397920,9.7943016664,0.0016960423,0.0000630368,-0.1745159345
558978.5300241810,0.0063787539,-0.0076979641,9.7929188285,0.0015223363,0.0000521862,-0.1745267821
558978.5400241810,0.0052921729,-0.0006865889,9.7939984868,0.0012617772,0.0001064393,-0.1745484773
558978.5500241810,0.0049905866,-0.0025179541,9.7935426579,0.0018697484,0.0000413356,-0.1744942393
558978.5600241810,0.0046968775,-0.0048072473,9.7938491685,0.0009252217,0.0000955887,-0.1745159345
558978.5700241810,0.0065142943,-0.0005291986,9.7942934261,0.0020760244,0.0000521862,-0.1744616966
558978.5800241811,0.0056198782,-0.0061763768,9.7941459478,0.0009360783,0.0001064393,-0.1744400014
558978.5900241809,0.0039117395,0.0025105711,9.7946214093,0.0018914617,0.0000521862,-0.1744291538
558978.6000241810,0.0045562983,-0.0072484422,9.7941543407,0.0012943471,0.0000738874,-0.1743966110
558978.6100241810,0.0062110379,-0.0006830455,9.7944484036,0.0014680531,0.0000738874,-0.1744400014
558978.6200241810,0.0063729767,-0.0043427885,9.7938354217,0.0016634725,0.0000738874,-0.1744508490
558978.6300241810,0.0040724312,-0.0014540868,9.7937032684,0.0011097844,0.0000847381,-0.1744725442
558978.6400241810,0.0048410549,-0.0029762296,9.7936962271,0.0018806050,0.0000630368,-0.1745484773
558978.6500241810,0.0059208123,-0.0048024534,9.7942965479,0.0010555012,0.0000738874,-0.1745593249
558978.6600241810,0.0068168984,-0.0008327936,9.7938332199,0.0019783147,0.0000738874,-0.1745484773
558978.6700241810,0.0040867952,-0.0041997796,9.7941595420,0.0010012181,0.0000955887,-0.1745593249
558978.6800241810,0.0028492634,0.0002184987,9.7941717148,0.0019131749,0.0000413356,-0.1745918677
558978.6900241820,0.0060737701,-0.0067842614,9.7933793138,0.0010555012,0.0000738874,-0.1745376297
558978.7000241820,0.0072698011,0.0009992664,9.7941352702,0.0017937520,0.0000955887,-0.1744725442
558978.7100241820,0.0060756408,-0.0063268890,9.7938370523,0.0013160603,0.0000738874,-0.1744400014
558978.7200241820,0.0039092451,0.0019007412,9.7940110912,0.0014897664,0.0000738874,-0.1745484773
558978.7300241820,0.0048524157,-0.0052642722,9.7940002003,0.0016309026,0.0000630368,-0.1745050869
558978.7400241820,0.0062144640,-0.0031231290,9.7936847387,0.0011857808,0.0000738874,-0.1744942393
558978.7500241820,0.0060607966,-0.0022087317,9.7939914455,0.0019566015,0.0000630368,-0.1744616966
558978.7600241820,0.0046944692,-0.0045021241,9.7936967983,0.0008817951,0.0000847381,-0.1744291538
558978.7700241820,0.0048335217,0.0011415111,9.7947656788,0.0020434545,0.0000413356,-0.1744291538
558978.7800241821,0.0056246375,-0.0073965921,9.7941453898,0.0009795048,0.0000738874,-0.1744833917
558978.7900241819,0.0065053132,0.0011487363,9.7939891739,0.0018371785,0.0000955887,-0.1744291538
558978.8000241820,0.0050054021,-0.0069410959,9.7932356154,0.0014029134,0.0000738874,-0.1745267821
558978.8100241820,0.0037615556,0.0015948538,9.7944697497,0.0013812001,0.0000738874,-0.1745484773
558978.8200241820,0.0054528646,-0.0046512468,9.7930803458,0.0017828954,0.0000521862,-0.1745484773
558978.8300241820,0.0066810785,-0.0044942038,9.7941378340,0.0009469349,0.0000738874,-0.1744942393
558978.8400241820,0.0060560659,-0.0006835319,9.7941446528,0.0020868810,0.0000630368,-0.1744725442
558978.8500241820,0.0034734803,-0.0055745369,9.7930964208,0.0009252217,0.0000738874,-0.1745159345
558978.8600241820,0.0037592333,0.0028149302,9.7947753273,0.0019348882,0.0000413356,-0.1744942393
558978.8700241820,0.0066898875,-0.0080020451,9.7935261905,0.0012292073,0.0000738874,-0.1744400014
558978.8800241820,0.0075850992,-0.0003725031,9.7947421440,0.0015331929,0.0000955887,-0.1744183062
558978.8900241820,0.0048505449,-0.0057216447,9.7935424617,0.0016634725,0.0000738874,-0.1744616966
558978.9000241820,0.0036083111,0.0005268178,9.7938604912,0.0010663578,0.0000847381,-0.1744833917
558978.9100241821,0.0049960842,-0.0023657744,9.7943052764,0.0019891713,0.0000196343,-0.1744725442
558978.9200241819,0.0080651674,-0.0076915721,9.7939724407,0.0008709385,0.0001064393,-0.1745267821
558978.9300241820,0.0060478518,0.0026717825,9.7947562265,0.0021085943,0.0000847381,-0.1744942393
558978.9400241820,0.0027161887,-0.0066454212,9.7932547860,0.0010446446,0.0000847381,-0.1745484773
558978.9500241820,0.0029988810,0.0015917274,9.7944760934,0.0016200459,0.0000413356,-0.1745593249
558978.9600241820,0.0079114140,-0.0076921279,9.7938211997,0.0015006230,0.0000738874,-0.1745050869
558978.9700241820,0.0063550146,-0.0009869186,9.7932269173,0.0012617772,0.0000738874,-0.1745050869
558978.9800241820,0.0040741873,-0.0022166520,9.7935504098,0.0018914617,0.0000738874,-0.1744833917
558978.9900241820,0.0039312284,-0.0040477391,9.7938558610,0.0009252217,0.0000521862,-0.1744833917
558979.0000241820,0.0066655820,-0.0008334883,9.7939869984,0.0020868810,0.0000630368,-0.1744725442
558979.0100241820,0.0072988373,-0.0076944902,9.7935212551,0.0009360783,0.0000955887,-0.1747220388
558979.0200241820,0.0042113117,0.0023596419,9.7938562533,0.0019566015,0.0000738874,-0.1744291538
558979.0300241821,0.0036290758,-0.0054215931,9.7935527511,0.0012074940,0.0000738874,-0.1744508490
558979.0400241819,0.0063551292,0.0002330190,9.7938375144,0.0014897664,0.0000738874,-0.1744942393
558979.0500241820,0.0079066260,-0.0067768970,9.7936691084,0.0016743291,0.0000738874,-0.1744725442
558979.0600241820,0.0049894827,-0.0012979471,9.7940007452,0.0011423543,0.0000955887,-0.1745267821
558979.0700241820,0.0023915439,-0.0010033147,9.7935649240,0.0019240316,0.0000521862,-0.1745159345
558979.0800241820,0.0042404626,-0.0051141770,9.7938528352,0.0009360783,0.0000738874,-0.1745376297
558979.0900241820,0.0085002227,-0.0012837046,9.7942765838,0.0020108846,0.0000521862,-0.1745701725
558979.1000241820,0.0065284002,-0.0060197510,9.7933758564,0.0009795048,0.0001064393,-0.1745484773
558979.1100241820,0.0028415008,0.0018963643,9.7940199724,0.0019131749,0.0000630368,-0.1745484773
558979.1200241820,0.0034849271,-0.0069476264,9.7938583418,0.0011749241,0.0000521862,-0.1745159345
558979.1300241820,0.0071159617,0.0000837573,9.7935260814,0.0016526158,0.0000738874,-0.1744508490
558979.1400241820,0.0066839671,-0.0061717915,9.7936795374,0.0015006230,0.0001064393,-0.1744508490
558979.1500241820,0.0039133809,0.0005280684,9.7938579537,0.0012943471,0.0000738874,-0.1744400014
558979.1600241821,0.0042338612,-0.0040463497,9.7935483040,0.0017503255,0.0000413356,-0.1743966110
558979.1700241819,0.0059136733,-0.0029721304,9.7942973850,0.0010337880,0.0000847381,-0.1743749158
558979.1800241820,0.0074294464,-0.0011354158,9.7939805152,0.0020434545,0.0000521862,-0.1744291538
558979.1900241820,0.0053039565,-0.0049570648,9.7933864945,0.0008709385,0.0000847381,-0.1744725442
558979.2000241820,0.0045194134,0.0022082267,9.7941586656,0.0020543111,0.0000738874,-0.1744833917
558979.2100241820,0.0056209534,-0.0077013682,9.7935352112,0.0010663578,0.0000738874,-0.1745159345
558979.2200241820,0.0071136967,0.0019138026,9.7941369575,0.0016417592,0.0000630368,-0.1745593249
558979.2300241820,0.0050012664,-0.0055684230,9.7933887530,0.0015331929,0.0000955887,-0.1745593249
558979.2400241820,0.0030023358,-0.0005433717,9.7938650778,0.0011857808,0.0000738874,-0.1745376297
558979.2500241820,0.0054517608,-0.0034312398,9.7935384331,0.0019674581,0.0000521862,-0.1745050869
558979.2600241820,0.0066762331,-0.0041889416,9.7936804442,0.0009577916,0.0001064393,-0.1744833917
558979.2700241820,0.0063539681,0.0008430572,9.7939903032,0.0020217412,0.0000738874,-0.1744725442
558979.2800241821,0.0031750692,-0.0060336460,9.7937087881,0.0009360783,0.0000847381,-0.1744725442
558979.2900241819,0.0043734226,0.0005298053,9.7941591670,0.0019131749,0.0000413356,-0.1743966110
558979.3000241820,0.0075930553,-0.0064726771,9.7927567269,0.0011423543,0.0000847381,-0.1744508490
558979.3100241820,0.0055908420,0.0025173797,9.7947599629,0.0016200459,0.0000847381,-0.1744508490
558979.3200241820,0.0034807340,-0.0061849224,9.7937061809,0.0015766194,0.0000738874,-0.1744942393
558979.3300241820,0.0043757449,-0.0006902711,9.7938535894,0.0011749241,0.0000738874,-0.1745267821
558979.3400241820,0.0074312024,-0.0018979809,9.7938276566,0.0020000280,0.0000630368,-0.1745593249
558979.3500241820,0.0069818979,-0.0043402180,9.7936778370,0.0008492253,0.0000955887,-0.1745593249
558979.3600241820,0.0045229543,0.0009880808,9.7940055978,0.0020543111,0.0000738874,-0.1745701725
558979.3700241820,0.0036325593,-0.0072517077,9.7930943848,0.0009686482,0.0000521862,-0.1745267821
558979.3800241820,0.0058988864,0.0017559957,9.7947570767,0.0018263219,0.0000630368,-0.1745484773
558979.3900241820,0.0088170188,-0.0061628988,9.7933567555,0.0013703435,0.0000847381,-0.1745267821
558979.4000241820,0.0052831631,0.0006863617,9.7935415853,0.0013920567,0.0000847381,-0.1745267821
558979.4100241821,0.0031715284,-0.0048135001,9.7938618559,0.0017394689,0.0000630368,-0.1744942393
558979.4200241819,0.0048417358,-0.0022138033,9.7941541052,0.0010446446,0.0000738874,-0.1744616966
558979.4300241820,0.0085002227,-0.0012837046,9.7942765838,0.0019891713,0.0000630368,-0.1744183062
558979.4400241820,0.0056108684,-0.0048034262,9.7936890463,0.0009143650,0.0000847381,-0.1744508490
558979.4500241820,0.0025357787,0.0014376718,9.7937172811,0.0020217412,0.0000630368,-0.1744400014
558979.4600241820,0.0046978953,-0.0069422075,9.7929331334,0.0010229313,0.0000738874,-0.1745267821
558979.4700241820,0.0072662316,0.0019144279,9.7941356888,0.0018154653,0.0000630368,-0.1745159345
558979.4800241820,0.0066875366,-0.0070869530,9.7936791188,0.0013269169,0.0001064393,-0.1745376297
558979.4900241820,0.0045241441,0.0006830270,9.7940054582,0.0013594868,0.0000847381,-0.1745267821
558979.5000241820,0.0039306335,-0.0038952122,9.7938559307,0.0017937520,0.0000521862,-0.1745484773
558979.5100241820,0.0066715025,-0.0026637419,9.7938336515,0.0009686482,0.0000847381,-0.1745376297
558979.5200241820,0.0066686426,-0.0006811697,9.7944445974,0.0020760244,0.0000630368,-0.1745267821
558979.5300241821,0.0037839617,-0.0063360598,9.7933985541,0.0009360783,0.0000847381,-0.1744833917
558979.5400241819,0.0042167806,0.0022068373,9.7944662226,0.0019674581,0.0000630368,-0.1744833917
558979.5500241820,0.0063776787,-0.0061729727,9.7935295651,0.0010989277,0.0000738874,-0.1744942393
558979.5600241820,0.0071179472,0.0017610674,9.7945944170,0.0016200459,0.0000847381,-0.1744833917
558979.5700241820,0.0053123714,-0.0061774885,9.7938434658,0.0015440495,0.0000738874,-0.1744725442
558979.5800241820,0.0036124755,-0.0005408706,9.7938600029,0.0011966374,0.0000738874,-0.1744616966
558979.5900241820,0.0046850078,-0.0014517246,9.7940032129,0.0019240316,0.0000738874,-0.1744833917
558979.6000241820,0.0071369271,-0.0037297628,9.7942868863,0.0009252217,0.0000847381,-0.1745159345
558979.6100241820,0.0062061925,-0.0003777834,9.7939910138,0.0020434545,0.0000847381,-0.1745050869
558979.6200241820,0.0045478547,-0.0063330029,9.7935447202,0.0009469349,0.0000847381,-0.1745159345
558979.6300241820,0.0045109699,0.0031236660,9.7935490451,0.0018914617,0.0000630368,-0.1745593249
558979.6400241820,0.0060707668,-0.0063266113,9.7932270133,0.0011749241,0.0000738874,-0.1745593249
558979.6500241820,0.0069629179,0.0011506122,9.7939853677,0.0016200459,0.0000847381,-0.1746135629
558979.6600241821,0.0040896838,-0.0058773674,9.7937012454,0.0015549062,0.0000738874,-0.1745593249
558979.6700241819,0.0040677005,0.0000711129,9.7938564757,0.0012292073,0.0000521862,-0.1745484773
558979.6800241820,0.0068300152,-0.0038834014,9.7939843345,0.0018806050,0.0000738874,-0.1745050869
558979.6900241820,0.0066701979,-0.0035786256,9.7932231940,0.0009252217,0.0000955887,-0.1744508490
558979.7000241820,0.0045271187,-0.0000796076,9.7940051095,0.0020108846,0.0000630368,-0.1743966110
558979.7100241820,0.0051579944,-0.0063305018,9.7935396452,0.0009577916,0.0000847381,-0.1744400014
558979.7200241820,0.0058910091,0.0022139236,9.7939947372,0.0019348882,0.0000630368,-0.1744508490
558979.7300241820,0.0057638549,-0.0064802498,9.7929244615,0.0011857808,0.0000955887,-0.1744400014
558979.7400241820,0.0058933601,0.0012988316,9.7938418089,0.0016200459,0.0000630368,-0.1745484773
558979.7500241820,0.0053093681,-0.0057198383,9.7936911653,0.0015549062,0.0000738874,-0.1745701725
558979.7600241820,0.0057510248,-0.0003797981,9.7942998396,0.0011749241,0.0000738874,-0.1746244105
558979.7700241830,0.0049954032,-0.0031282007,9.7938473984,0.0019131749,0.0000630368,-0.1745810201
558979.7800241830,0.0056090550,-0.0046508299,9.7935366063,0.0009252217,0.0000847381,-0.1744833917
558979.7900241830,0.0045199510,0.0014457310,9.7938532973,0.0020977376,0.0000630368,-0.1744725442
558979.8000241830,0.0050073016,-0.0061787390,9.7938460032,0.0009577916,0.0000955887,-0.1745267821
558979.8100241830,0.0055853157,0.0020602156,9.7938446951,0.0018154653,0.0000738874,-0.1744725442
558979.8200241830,0.0051652481,-0.0069408872,9.7941494052,0.0013812001,0.0001064393,-0.1744616966
558979.8300241830,0.0054351318,0.0011444983,9.7936930356,0.0012617772,0.0000955887,-0.1744616966
558979.8400241830,0.0051455585,-0.0025174677,9.7938464087,0.0018914617,0.0000630368,-0.1744833917
558979.8500241830,0.0065230746,-0.0043420244,9.7935291334,0.0008926518,0.0000847381,-0.1744833917
558979.8600241831,0.0066645068,0.0006915031,9.7945977350,0.0021303075,0.0000847381,-0.1744400014
558979.8700241830,0.0059200740,-0.0061748485,9.7935333713,0.0009577916,0.0000738874,-0.1744725442
558979.8800241830,0.0052737018,0.0037367611,9.7938479999,0.0018046086,0.0000738874,-0.1744833917
558979.8900241830,0.0057687003,-0.0067855120,9.7933818513,0.0013703435,0.0000738874,-0.1744616966
558979.9000241830,0.0059036171,0.0002307960,9.7946038694,0.0013052037,0.0000738874,-0.1744942393
558979.9100241830,0.0054530080,-0.0031263249,9.7938435922,0.0018697484,0.0000630368,-0.1745050869
558979.9200241830,0.0051498376,-0.0023652186,9.7944565174,0.0009360783,0.0001064393,-0.1745267821
558979.9300241830,0.0057468317,0.0003829059,9.7941476786,0.0020977376,0.0000630368,-0.1745159345
558979.9400241830,0.0048516774,-0.0066366673,9.7932370237,0.0009143650,0.0001172899,-0.1744725442
558979.9500241830,0.0060368852,0.0026724074,9.7933836387,0.0019023183,0.0000630368,-0.1744833917
558979.9600241830,0.0063794922,-0.0063255690,9.7936820051,0.0011966374,0.0000738874,-0.1744291538
558979.9700241830,0.0058927939,0.0017563429,9.7939945279,0.0015006230,0.0000738874,-0.1744400014
558979.9800241831,0.0051526401,-0.0049577595,9.7935402730,0.0016309026,0.0000630368,-0.1744616966
558979.9900241829,0.0052987743,-0.0017544162,9.7943030180,0.0011532109,0.0000738874,-0.1744942393
558980.0000241830,0.0065148032,-0.0015966787,9.7938354086,0.0019348882,0.0000630368,-0.1745810201
558980.0100241830,0.0063669989,-0.0031225038,9.7936834700,0.0009469349,0.0001064393,-0.1748847527
558980.0200241830,0.0048340306,0.0000740310,9.7943076613,0.0020000280,0.0000521862,-0.1746027153
558980.0300241830,0.0059188555,-0.0061747790,9.7933808615,0.0009686482,0.0000847381,-0.1745701725
558980.0400241830,0.0060460097,0.0025193944,9.7944511372,0.0019023183,0.0000955887,-0.1745050869
558980.0500241830,0.0059225110,-0.0061749874,9.7938383908,0.0011423543,0.0000847381,-0.1744942393
558980.0600241830,0.0045259862,0.0008354150,9.7943105475,0.0016417592,0.0000630368,-0.1744616966
558980.0700241830,0.0053099630,-0.0058723652,9.7936910955,0.0015549062,0.0000847381,-0.1744725442
558980.0800241830,0.0062032179,0.0003848512,9.7939913626,0.0012292073,0.0000847381,-0.1744400014
558980.0900241830,0.0060625527,-0.0029712968,9.7938385870,0.0018154653,0.0000738874,-0.1743857634
558980.1000241830,0.0054500047,-0.0026686747,9.7936912917,0.0009577916,0.0001172899,-0.1743966110
558980.1100241831,0.0043775870,-0.0005378831,9.7941586787,0.0020760244,0.0000630368,-0.1744400014
558980.1200241830,0.0054618744,-0.0060241974,9.7935372473,0.0009143650,0.0000847381,-0.1744508490
558980.1300241830,0.0077208618,0.0026789383,9.7941322314,0.0019891713,0.0000847381,-0.1744616966
558980.1400241830,0.0054624693,-0.0061767243,9.7935371775,0.0011097844,0.0000955887,-0.1744942393
558980.1500241830,0.0043644702,0.0025127247,9.7940075641,0.0016091893,0.0000955887,-0.1744942393
558980.1600241830,0.0054661248,-0.0061769326,9.7939947068,0.0015766194,0.0000630368,-0.1745376297
558980.1700241830,0.0066662056,-0.0006810308,9.7941395779,0.0011097844,0.0000847381,-0.1745701725
558980.1800241830,0.0065117425,-0.0017489973,9.7933778095,0.0020217412,0.0000630368,-0.1745159345
558980.1900241830,0.0046914659,-0.0040444739,9.7935444978,0.0008926518,0.0000847381,-0.1745484773
558980.2000241830,0.0058988290,0.0011460269,9.7944517782,0.0020434545,0.0000630368,-0.1744833917
558980.2100241830,0.0065307799,-0.0066298587,9.7933755773,0.0010120747,0.0000955887,-0.1745376297
558980.2200241830,0.0055853731,0.0026701844,9.7941499937,0.0017503255,0.0000738874,-0.1744833917
558980.2300241831,0.0043958574,-0.0070961239,9.7932406206,0.0013594868,0.0000955887,-0.1744942393
558980.2400241829,0.0071136680,0.0016088182,9.7939843082,0.0013594868,0.0000847381,-0.1744833917
558980.2500241830,0.0056061665,-0.0029732421,9.7939949029,0.0018480352,0.0000630368,-0.1744725442
558980.2600241830,0.0056037294,-0.0029731032,9.7936898834,0.0009469349,0.0001064393,-0.1745159345
558980.2700241830,0.0058969296,0.0003836701,9.7938413903,0.0020977376,0.0000738874,-0.1744616966
558980.2800241830,0.0056136710,-0.0073959672,9.7927728019,0.0008709385,0.0000955887,-0.1744616966
558980.2900241830,0.0054376835,0.0023642970,9.7946086522,0.0019023183,0.0000955887,-0.1744833917
558980.3000241830,0.0054625266,-0.0055667555,9.7938424761,0.0012292073,0.0000738874,-0.1745159345
558980.3100241830,0.0063522120,0.0016056224,9.7941431617,0.0014897664,0.0000738874,-0.1745376297
558980.3200241830,0.0057597192,-0.0051075770,9.7930775991,0.0016743291,0.0000738874,-0.1745593249
558980.3300241830,0.0056008122,-0.0016004998,9.7939955307,0.0011097844,0.0000955887,-0.1745593249
558980.3400241830,0.0049853470,0.0000747257,9.7941538828,0.0020000280,0.0000521862,-0.1745918677
558980.3500241830,0.0051454151,-0.0040423897,9.7930831623,0.0008709385,0.0001064393,-0.1746244105
558980.3600241831,0.0046779549,0.0012935516,9.7944619978,0.0019891713,0.0000738874,-0.1744942393
558980.3700241830,0.0056198209,-0.0067863456,9.7938406493,0.0010229313,0.0001064393,-0.1744725442
558980.3800241830,0.0060430351,0.0032820290,9.7944514860,0.0017611821,0.0000955887,-0.1744508490
558980.3900241830,0.0045400348,-0.0052651062,9.7930876792,0.0014354832,0.0000847381,-0.1744616966
558980.4000241830,0.0052922016,-0.0003816045,9.7941511360,0.0012617772,0.0000738874,-0.1743966110
558980.4100241830,0.0066702266,-0.0032736412,9.7933758432,0.0018697484,0.0000630368,-0.1744183062
558980.4200241830,0.0052981507,-0.0019068737,9.7941504385,0.0009360783,0.0001281405,-0.1744400014
558980.4300241830,0.0036113430,0.0003741520,9.7941654409,0.0020543111,0.0000413356,-0.1744725442
558980.4400241830,0.0048534908,-0.0067892637,9.7933894637,0.0008817951,0.0000847381,-0.1744616966
558980.4500241830,0.0074145448,0.0023727728,9.7938296098,0.0019674581,0.0000955887,-0.1744833917
558980.4600241830,0.0057723558,-0.0067857203,9.7938393805,0.0011857808,0.0000847381,-0.1744725442
558980.4700241830,0.0040642744,0.0025111964,9.7946201406,0.0015766194,0.0000847381,-0.1745376297
558980.4800241831,0.0048523583,-0.0058742410,9.7936949017,0.0015766194,0.0000955887,-0.1745376297
558980.4900241829,0.0066637686,-0.0006808920,9.7938345584,0.0010989277,0.0000738874,-0.1745267821
558980.5000241830,0.0065142943,-0.0005291986,9.7942934261,0.0019891713,0.0000738874,-0.1745376297
558980.5100241830,0.0054594947,-0.0054140897,9.7935375263,0.0008709385,0.0001172899,-0.1745593249
558980.5200241830,0.0054406868,0.0019066468,9.7947609527,0.0020651677,0.0000630368,-0.1745050869
558980.5300241830,0.0057711659,-0.0064806665,9.7938395200,0.0010337880,0.0001064393,-0.1745484773
558980.5400241830,0.0058838414,0.0037392622,9.7938429250,0.0017503255,0.0000955887,-0.1745050869
558980.5500241830,0.0046980100,-0.0057222700,9.7935437305,0.0013920567,0.0000738874,-0.1744833917
558980.5600241830,0.0063587274,-0.0003771581,9.7939897451,0.0012943471,0.0000955887,-0.1744508490
558980.5700241830,0.0059094515,-0.0025144108,9.7939925747,0.0018806050,0.0001064393,-0.1744074586
558980.5800241830,0.0051462107,-0.0020600259,9.7941516374,0.0009143650,0.0000847381,-0.1744508490
558980.5900241830,0.0049823724,0.0008373603,9.7941542315,0.0020543111,0.0000630368,-0.1744942393
558980.6000241830,0.0060785868,-0.0073945080,9.7936840543,0.0009360783,0.0000955887,-0.1745376297
558980.6100241831,0.0069582159,0.0029807963,9.7942912243,0.0019348882,0.0000738874,-0.1745701725
558980.6200241830,0.0057646219,-0.0048028704,9.7938402874,0.0011532109,0.0000955887,-0.1745701725
558980.6300241830,0.0036042040,0.0022044750,9.7941662780,0.0015657628,0.0000847381,-0.1745810201
558980.6400241830,0.0045466649,-0.0060279491,9.7935448597,0.0015331929,0.0000738874,-0.1745484773
558980.6500241830,0.0075766270,0.0002379518,9.7939798742,0.0012726338,0.0000955887,-0.1745267821
558980.6600241830,0.0057515337,-0.0014472782,9.7938418220,0.0018480352,0.0001064393,-0.1744833917
558980.6700241830,0.0027067847,-0.0029850529,9.7938664992,0.0010120747,0.0000955887,-0.1744833917
558980.6800241830,0.0049900777,-0.0014504740,9.7940006754,0.0020108846,0.0000521862,-0.1743966110
558980.6900241830,0.0071386545,-0.0047973123,9.7939813785,0.0009252217,0.0001172899,-0.1744291538
558980.7000241830,0.0063475100,0.0034358065,9.7944490183,0.0019240316,0.0000738874,-0.1744725442
558980.7100241830,0.0031756642,-0.0061861729,9.7937087183,0.0010880711,0.0000955887,-0.1744942393
558980.7200241830,0.0048279667,0.0003793626,9.7936977617,0.0017068990,0.0000630368,-0.1744942393
558980.7300241831,0.0079012431,-0.0057091391,9.7935170870,0.0014571965,0.0000738874,-0.1745376297
558980.7400241829,0.0078745865,0.0023745097,9.7941308231,0.0013703435,0.0001064393,-0.1745593249
558980.7500241830,0.0039360737,-0.0043530013,9.7943132508,0.0017394689,0.0000738874,-0.1745484773
558980.7600241830,0.0033138924,-0.0028298860,9.7935564745,0.0010012181,0.0000955887,-0.1745159345
558980.7700241830,0.0062037842,-0.0000726601,9.7938386436,0.0020434545,0.0000413356,-0.1745484773
558980.7800241830,0.0080466676,-0.0035732065,9.7936693046,0.0008817951,0.0001064393,-0.1744833917
558980.7900241830,0.0054364076,0.0017543976,9.7941508439,0.0019783147,0.0000955887,-0.1744400014
558980.8000241830,0.0024146597,-0.0078668176,9.7931042557,0.0011314976,0.0000738874,-0.1744616966
558980.8100241830,0.0057390978,0.0023657558,9.7941485854,0.0016743291,0.0000738874,-0.1744725442
558980.8200241830,0.0077446298,-0.0037271228,9.7939767918,0.0014680531,0.0000847381,-0.1744616966
558980.8300241830,0.0066620412,0.0003866576,9.7941400662,0.0012074940,0.0001064393,-0.1744833917
558980.8400241840,0.0034718102,-0.0038970186,9.7937072272,0.0018806050,0.0000738874,-0.1744725442
558980.8500241840,0.0045419916,-0.0038927805,9.7940033656,0.0009577916,0.0000955887,-0.1745376297
558980.8600241840,0.0074193901,0.0020675106,9.7942869996,0.0020434545,0.0000738874,-0.1745484773
558980.8700241840,0.0074479461,-0.0052537814,9.7942836513,0.0009360783,0.0001172899,-0.1744942393
558980.8800241840,0.0039176313,0.0003753332,9.7943154132,0.0019131749,0.0000955887,-0.1743315254
558980.8900241840,0.0033173185,-0.0052699695,9.7927928096,0.0011206410,0.0000738874,-0.1744074586
558980.9000241840,0.0068033300,0.0038952631,9.7944454213,0.0016309026,0.0000738874,-0.1744725442
558980.9100241840,0.0082069938,-0.0049454623,9.7939724276,0.0014463399,0.0000955887,-0.1745484773
558980.9200241840,0.0042286216,-0.0014536699,9.7941595289,0.0013269169,0.0000955887,-0.1745267821
558980.9300241841,0.0043882955,-0.0032833676,9.7941574231,0.0018697484,0.0000521862,-0.1745484773
558980.9400241839,0.0063568853,-0.0005295462,9.7936846558,0.0009577916,0.0000955887,-0.1744616966
558980.9500241840,0.0074193041,0.0011525574,9.7938290517,0.0020000280,0.0000847381,-0.1744074586
558980.9600241840,0.0060749886,-0.0067843309,9.7935318235,0.0008926518,0.0001064393,-0.1744074586
558980.9700241840,0.0054430091,0.0006865703,9.7944553751,0.0019240316,0.0000630368,-0.1743966110
558980.9800241840,0.0051526975,-0.0043477907,9.7938455716,0.0011423543,0.0000847381,-0.1744074586
558980.9900241840,0.0060417879,0.0029771141,9.7941463270,0.0016526158,0.0000847381,-0.1744291538
558981.0000241840,0.0062238966,-0.0064785129,9.7932256748,0.0014897664,0.0001064393,-0.1744833917
558981.0100241840,0.0048352204,-0.0002310228,9.7943075217,0.0012617772,0.0000847381,-0.1748739051
558981.0200241840,0.0054500907,-0.0017537215,9.7941492395,0.0018263219,0.0000521862,-0.1745050869
558981.0300241840,0.0069699135,-0.0022046328,9.7932212843,0.0009360783,0.0001064393,-0.1745593249
558981.0400241840,0.0057504299,-0.0002272712,9.7942999093,0.0020108846,0.0000955887,-0.1745159345
558981.0500241840,0.0048487315,-0.0055690483,9.7933900217,0.0009469349,0.0001064393,-0.1745376297
558981.0600241839,0.0052779522,0.0035840259,9.7943054594,0.0019566015,0.0000738874,-0.1744942393
558981.0700241840,0.0068323662,-0.0047984934,9.7938314062,0.0011314976,0.0001064393,-0.1745267821
558981.0800241840,0.0058934748,0.0025187692,9.7944524060,0.0015657628,0.0000847381,-0.1744833917
558981.0900241840,0.0043977568,-0.0063337671,9.7938510084,0.0015766194,0.0000955887,-0.1744616966
558981.1000241840,0.0049871317,-0.0003828551,9.7941536735,0.0011206410,0.0000847381,-0.1744291538
558981.1100241840,0.0068181456,-0.0005278786,9.7941383789,0.0019348882,0.0000630368,-0.1744725442
558981.1200241840,0.0046879251,-0.0028243280,9.7936975656,0.0009143650,0.0001172899,-0.1744508490
558981.1300241840,0.0057455845,0.0000779910,9.7938425196,0.0020543111,0.0000738874,-0.1744400014
558981.1400241840,0.0054673433,-0.0061770021,9.7941472165,0.0009469349,0.0000955887,-0.1745159345
558981.1500241840,0.0069504820,0.0049636462,9.7942921311,0.0019023183,0.0000955887,-0.1744833917
558981.1600241840,0.0048517634,-0.0057217141,9.7936949715,0.0011532109,0.0000847381,-0.1744725442
558981.1700241840,0.0051343411,0.0012954969,9.7943056818,0.0015440495,0.0000847381,-0.1745267821
558981.1800241841,0.0059153147,-0.0049546332,9.7935339294,0.0015874761,0.0000847381,-0.1745050869
558981.1900241839,0.0061966165,0.0014526785,9.7936868314,0.0011857808,0.0000847381,-0.1745267821
558981.2000241840,0.0057521573,-0.0012948207,9.7939944015,0.0018697484,0.0000738874,-0.1745159345
558981.2100241840,0.0060654986,-0.0040389158,9.7936855889,0.0010229313,0.0001172899,-0.1745159345
558981.2200241840,0.0057425813,0.0005356412,9.7936902191,0.0019783147,0.0000738874,-0.1744942393
558981.2300241840,0.0060709962,-0.0038867361,9.7944482075,0.0009360783,0.0001172899,-0.1744942393
558981.2400241840,0.0045200944,0.0029706530,9.7946165436,0.0019566015,0.0000847381,-0.1744616966
558981.2500241840,0.0045568645,-0.0077059535,9.7940016216,0.0011314976,0.0000738874,-0.1744400014
558981.2600241840,0.0052802746,0.0023639494,9.7939998819,0.0016091893,0.0001172899,-0.1744183062
558981.2700241840,0.0060588398,-0.0035810573,9.7930757591,0.0016417592,0.0000955887,-0.1744508490
558981.2800241840,0.0060494932,0.0006892797,9.7939927709,0.0010663578,0.0001064393,-0.1744942393
558981.2900241840,0.0049871031,-0.0006878394,9.7940010242,0.0019566015,0.0000738874,-0.1745484773
558981.3000241840,0.0054595520,-0.0048041209,9.7938428248,0.0008817951,0.0001064393,-0.1745484773
558981.3100241839,0.0058892817,0.0032814732,9.7943002450,0.0020543111,0.0000521862,-0.1745484773
558981.3200241840,0.0057639696,-0.0052603123,9.7935350586,0.0010229313,0.0001172899,-0.1745701725
558981.3300241840,0.0045188185,0.0023607536,9.7941587353,0.0017611821,0.0000630368,-0.1745376297
558981.3400241840,0.0053111815,-0.0058724346,9.7938436053,0.0014137700,0.0000847381,-0.1745050869
558981.3500241840,0.0061990822,0.0017575240,9.7941445002,0.0013052037,0.0000955887,-0.1744833917
558981.3600241840,0.0065165592,-0.0023592439,9.7936825500,0.0017611821,0.0000847381,-0.1744183062
558981.3700241840,0.0052962800,-0.0023642461,9.7936926999,0.0010120747,0.0001064393,-0.1744400014
558981.3800241840,0.0042226151,-0.0005383695,9.7938549279,0.0020108846,0.0000738874,-0.1744291538
558981.3900241840,0.0054474817,-0.0035834890,9.7929283243,0.0009143650,0.0000955887,-0.1744291538
558981.4000241840,0.0060400032,0.0034346948,9.7941465362,0.0020108846,0.0001064393,-0.1743857634
558981.4100241840,0.0051640869,-0.0063308490,9.7943021940,0.0009686482,0.0001172899,-0.1744074586
558981.4200241840,0.0051272021,0.0031258199,9.7943065189,0.0017828954,0.0000847381,-0.1744291538
558981.4300241841,0.0057627798,-0.0049552584,9.7935351981,0.0013594868,0.0000847381,-0.1744833917
558981.4400241839,0.0069612192,0.0025231461,9.7944435248,0.0012943471,0.0000955887,-0.1744833917
558981.4500241840,0.0059063909,-0.0026667294,9.7935349757,0.0018806050,0.0000847381,-0.1745159345
558981.4600241840,0.0042321338,-0.0029788002,9.7938538118,0.0009252217,0.0001172899,-0.1745593249
558981.4700241840,0.0045278570,0.0012927875,9.7947682861,0.0020868810,0.0000521862,-0.1745159345
558981.4800241840,0.0069830590,-0.0049502562,9.7935250482,0.0008709385,0.0000955887,-0.1745267821
558981.4900241840,0.0069594918,0.0035906956,9.7947490326,0.0018806050,0.0000955887,-0.1744833917
558981.5000241840,0.0054666624,-0.0069394283,9.7936893385,0.0012617772,0.0000955887,-0.1745159345
558981.5100241840,0.0046719197,0.0019038676,9.7940047476,0.0013920567,0.0001064393,-0.1745050869
558981.5200241840,0.0060607966,-0.0022087317,9.7939914455,0.0018046086,0.0000847381,-0.1744616966
558981.5300241840,0.0060500308,-0.0000732160,9.7936874026,0.0010012181,0.0000847381,-0.1744616966
558981.5400241840,0.0051420750,-0.0006873530,9.7943047750,0.0020000280,0.0000847381,-0.1744400014
558981.5500241840,0.0057639696,-0.0052603123,9.7935350586,0.0009252217,0.0001172899,-0.1744942393
558981.5600241839,0.0043602771,0.0032754287,9.7938554031,0.0019674581,0.0000630368,-0.1745159345
558981.5700241840,0.0060630042,-0.0046487457,9.7930752709,0.0010337880,0.0001064393,-0.1745484773
558981.5800241840,0.0058922276,0.0022138542,9.7941472469,0.0017503255,0.0000847381,-0.1745159345
558981.5900241840,0.0053111815,-0.0058724346,9.7938436053,0.0013703435,0.0000847381,-0.1745918677
558981.6000241840,0.0045194421,0.0025132111,9.7943113148,0.0014463399,0.0000955887,-0.1745810201
558981.6100241840,0.0051437737,-0.0020598870,9.7938466179,0.0016417592,0.0000630368,-0.1745484773
558981.6200241840,0.0059010367,-0.0012939871,9.7935356035,0.0010663578,0.0001064393,-0.1745376297
558981.6300241840,0.0065136133,-0.0012916249,9.7938355481,0.0019674581,0.0000847381,-0.1744725442
558981.6400241840,0.0049954319,-0.0028232163,9.7940000476,0.0008926518,0.0001064393,-0.1744725442
558981.6500241840,0.0045128120,0.0032760540,9.7938541343,0.0020108846,0.0000630368,-0.1744616966
558981.6600241840,0.0054606559,-0.0060241280,9.7933847375,0.0009795048,0.0001172899,-0.1743749158
558981.6700241840,0.0063510222,0.0019106762,9.7941433012,0.0018480352,0.0000847381,-0.1743423730
558981.6800241841,0.0053076120,-0.0049572731,9.7938440238,0.0012617772,0.0001064393,-0.1743640682
558981.6900241839,0.0051254173,0.0035834006,9.7943067282,0.0014680531,0.0000847381,-0.1744616966
558981.7000241840,0.0056054855,-0.0037356684,9.7935370249,0.0016091893,0.0000955887,-0.1745050869
558981.7100241840,0.0062067301,-0.0011402791,9.7936856455,0.0010880711,0.0000955887,-0.1745376297
558981.7200241840,0.0052891410,-0.0005339231,9.7936935370,0.0020434545,0.0000630368,-0.1745484773
558981.7300241840,0.0048458716,-0.0035864761,9.7940009676,0.0008817951,0.0001172899,-0.1746027153
558981.7400241840,0.0055884050,0.0025175186,9.7944549434,0.0019783147,0.0000847381,-0.1745050869
558981.7500241840,0.0057687576,-0.0061755432,9.7936871498,0.0010120747,0.0001064393,-0.1745593249
558981.7600241840,0.0062003580,0.0023674234,9.7946023085,0.0017828954,0.0000955887,-0.1745159345
558981.7700241840,0.0052997348,-0.0044993452,9.7930816843,0.0013269169,0.0000847381,-0.1744833917
558981.7800241840,0.0058910091,0.0022139236,9.7939947372,0.0013920567,0.0001064393,-0.1744942393
558981.7900241840,0.0057622709,-0.0038877783,9.7939932157,0.0017177556,0.0000847381,-0.1744508490
558981.8000241840,0.0056026543,-0.0014481118,9.7943006200,0.0010555012,0.0001064393,-0.1744400014
558981.8100241839,0.0045302366,0.0006826798,9.7947680070,0.0020434545,0.0000847381,-0.1744183062
558981.8200241840,0.0054553303,-0.0043464013,9.7935380146,0.0008275120,0.0001064393,-0.1744074586
558981.8300241840,0.0068038962,0.0034377518,9.7942927023,0.0020108846,0.0000630368,-0.1744942393
558981.8400241840,0.0072934257,-0.0069317167,9.7932165844,0.0010880711,0.0001172899,-0.1745484773
558981.8500241840,0.0051248224,0.0037359275,9.7943067979,0.0016309026,0.0000955887,-0.1745593249
558981.8600241840,0.0042368931,-0.0041990155,9.7938532538,0.0015440495,0.0000847381,-0.1745484773
558981.8700241840,0.0063539681,0.0008430572,9.7939903032,0.0011857808,0.0000955887,-0.1745484773
558981.8800241840,0.0072793485,-0.0011361799,9.7942868034,0.0019023183,0.0000738874,-0.1745159345
558981.8900241840,0.0056025683,-0.0023630650,9.7938426722,0.0008817951,0.0001281405,-0.1745267821
558981.9000241840,0.0045242301,0.0015979802,9.7944634061,0.0020217412,0.0000738874,-0.1744400014
558981.9100241850,0.0063740806,-0.0055627956,9.7933773344,0.0009686482,0.0000955887,-0.1745159345
558981.9200241850,0.0066495766,0.0038947072,9.7942941803,0.0018697484,0.0000847381,-0.1745050869
558981.9300241850,0.0059188555,-0.0061747790,9.7933808615,0.0012400639,0.0001064393,-0.1742881351
558981.9400241850,0.0037537356,0.0026627505,9.7940127088,0.0015006230,0.0001172899,-0.1742989827
558981.9500241850,0.0051515363,-0.0037377525,9.7939983604,0.0016091893,0.0000738874,-0.1743966110
558981.9600241850,0.0068181742,-0.0002228942,9.7942910282,0.0010989277,0.0001064393,-0.1744833917
558981.9700241850,0.0063610784,-0.0012922502,9.7938368168,0.0019131749,0.0000847381,-0.1745376297
558981.9800241850,0.0046873302,-0.0026718010,9.7936976354,0.0009469349,0.0001064393,-0.1745267821
558981.9900241850,0.0045199797,0.0017507154,9.7940059465,0.0020651677,0.0000847381,-0.1745159345
558982.0000241851,0.0060678209,-0.0052589923,9.7933800113,0.0009469349,0.0001064393,-0.1745376297
558982.0100241849,0.0060424689,0.0037395403,9.7946042050,0.0018263219,0.0000847381,-0.1748413623
558982.0200241850,0.0053069311,-0.0057196994,9.7933861458,0.0012943471,0.0000955887,-0.1745267821
558982.0300241850,0.0040605902,0.0022064203,9.7940099620,0.0013812001,0.0000847381,-0.1745267821
558982.0400241850,0.0069832024,-0.0034253342,9.7942882945,0.0017828954,0.0000738874,-0.1745159345
558982.0500241850,0.0066680477,-0.0005286428,9.7944446671,0.0010012181,0.0001064393,-0.1744942393
558982.0600241850,0.0057443660,0.0000780604,9.7936900098,0.0020434545,0.0000847381,-0.1744725442
558982.0700241850,0.0046901900,-0.0046543732,9.7930866895,0.0008709385,0.0001172899,-0.1744616966
558982.0800241850,0.0051302627,0.0032781385,9.7947641179,0.0019783147,0.0000847381,-0.1743966110
558982.0900241850,0.0056168463,-0.0060237110,9.7938409980,0.0010555012,0.0001064393,-0.1744725442
558982.1000241850,0.0058898480,0.0028239619,9.7941475260,0.0016417592,0.0000847381,-0.1744725442
558982.1100241850,0.0054516748,-0.0043461930,9.7930804853,0.0014789098,0.0000955887,-0.1744725442
558982.1200241850,0.0051355883,0.0016004118,9.7946108409,0.0012400639,0.0001064393,-0.1744942393
558982.1300241851,0.0056037868,-0.0023631344,9.7939951820,0.0018914617,0.0000847381,-0.1745050869
558982.1400241849,0.0045365800,-0.0031300071,9.7936986948,0.0008709385,0.0001064393,-0.1745159345
558982.1500241850,0.0055865916,0.0026701150,9.7943025034,0.0020868810,0.0000738874,-0.1745159345
558982.1600241850,0.0057615326,-0.0052601734,9.7932300391,0.0009143650,0.0000955887,-0.1745267821
558982.1700241850,0.0048215087,0.0029721118,9.7941564769,0.0018263219,0.0001064393,-0.1745593249
558982.1800241850,0.0045472885,-0.0058754916,9.7936974392,0.0012943471,0.0000847381,-0.1745593249
558982.1900241850,0.0068110639,0.0019124132,9.7944445145,0.0014571965,0.0000847381,-0.1745376297
558982.2000241850,0.0068295063,-0.0028159213,9.7944423521,0.0016634725,0.0001172899,-0.1745050869
558982.2100241850,0.0045253053,0.0000729887,9.7938526695,0.0010989277,0.0001064393,-0.1744833917
558982.2200241850,0.0042206870,-0.0016057107,9.7930918908,0.0019566015,0.0000738874,-0.1744400014
558982.2300241850,0.0066707355,-0.0043411213,9.7929178257,0.0008709385,0.0001281405,-0.1744400014
558982.2400241850,0.0061919719,0.0038928314,9.7942979865,0.0020108846,0.0000955887,-0.1743966110
558982.2500241851,0.0050171070,-0.0055693257,9.7953713798,0.0009686482,0.0001064393,-0.1744725442
558982.2600241849,0.0049850388,0.0032770966,9.7956804452,0.0018263219,0.0000955887,-0.1745376297
558982.2700241850,0.0053087732,-0.0055673114,9.7936912350,0.0012943471,0.0000847381,-0.1745267821
558982.2800241850,0.0057323817,0.0022136456,9.7932334571,0.0014137700,0.0001064393,-0.1745267821
558982.2900241850,0.0055891360,-0.0026672856,9.7920124156,0.0016960423,0.0001064393,-0.1745376297
558982.3000241850,0.0058870669,-0.0008357120,9.7920107152,0.0010446446,0.0001064393,-0.1745484773
558982.3100241850,0.0048284756,-0.0006881175,9.7932397442,0.0019348882,0.0000738874,-0.1745484773
558982.3200241850,0.0063870039,-0.0041910949,9.7956656085,0.0009252217,0.0001172899,-0.1745376297
558982.3300241850,0.0063596377,0.0028251433,9.7956688173,0.0020217412,0.0000847381,-0.1744725442
558982.3400241850,0.0037901689,-0.0051164694,9.7947717000,0.0009686482,0.0001172899,-0.1744833917
558982.3500241850,0.0042126162,0.0032745257,9.7944667108,0.0017503255,0.0000847381,-0.1744725442
558982.3600241850,0.0063686116,-0.0054099909,9.7927673651,0.0013812001,0.0000955887,-0.1744400014
558982.3700241850,0.0066523791,0.0013021663,9.7933779359,0.0012943471,0.0001064393,-0.1744725442
558982.3800241851,0.0040639016,-0.0014536008,9.7926357000,0.0018371785,0.0000955887,-0.1744725442
558982.3900241849,0.0040724599,-0.0011491024,9.7938559176,0.0009577916,0.0000955887,-0.1745267821
558982.4000241850,0.0052899079,0.0011434564,9.7946093629,0.0020434545,0.0000738874,-0.1745050869
558982.4100241850,0.0060708815,-0.0051066737,9.7938376104,0.0008817951,0.0001172899,-0.1744833917
558982.4200241850,0.0058869307,0.0041965652,9.7944531733,0.0019131749,0.0001064393,-0.1745484773
558982.4300241850,0.0043869337,-0.0048082201,9.7932416670,0.0010663578,0.0000847381,-0.1745484773
558982.4400241850,0.0051301767,0.0023631853,9.7943061701,0.0016743291,0.0001064393,-0.1745701725
558982.4500241850,0.0060671686,-0.0057164341,9.7930747826,0.0014789098,0.0001064393,-0.1745267821
558982.4600241850,0.0064956511,0.0020642450,9.7932270437,0.0012726338,0.0000955887,-0.1745050869
558982.4700241850,0.0040675858,-0.0011488247,9.7932458786,0.0018263219,0.0001172899,-0.1744725442
558982.4800241850,0.0042358180,-0.0026740241,9.7944639904,0.0009143650,0.0000955887,-0.1744616966
558982.4900241850,0.0068115728,0.0008449330,9.7939864969,0.0020434545,0.0000847381,-0.1744616966
558982.5000241851,0.0066786702,-0.0041890805,9.7939854637,0.0008926518,0.0001281405,-0.1744942393
558982.5100241849,0.0049723162,0.0040402867,9.7944607159,0.0019566015,0.0000847381,-0.1744725442
558982.5200241850,0.0034765122,-0.0057272027,9.7934013706,0.0011097844,0.0000847381,-0.1745159345
558982.5300241850,0.0058934748,0.0025187692,9.7944524060,0.0016960423,0.0000955887,-0.1745376297
558982.5400241850,0.0068287394,-0.0044933007,9.7935265262,0.0014137700,0.0001172899,-0.1745267821
558982.5500241850,0.0046713534,0.0023613789,9.7941574666,0.0012943471,0.0001064393,-0.1745267821
558982.5600241850,0.0033139497,-0.0022199172,9.7938617730,0.0017068990,0.0000738874,-0.1745376297
558982.5700241850,0.0057497203,-0.0012946819,9.7936893820,0.0010555012,0.0001172899,-0.1745267821
558982.5800241850,0.0065132191,0.0009957928,9.7949041627,0.0019891713,0.0000738874,-0.1745593249
558982.5900241850,0.0062145213,-0.0025131602,9.7939900373,0.0008926518,0.0001281405,-0.1745484773
558982.6000241850,0.0040594864,0.0034264273,9.7944680493,0.0019891713,0.0001064393,-0.1744833917
558982.6100241850,0.0057602854,-0.0055650883,9.7929248800,0.0010120747,0.0000847381,-0.1744508490
558982.6200241850,0.0071125356,0.0025238408,9.7942897463,0.0017611821,0.0001064393,-0.1744183062
558982.6300241851,0.0049952885,-0.0043481383,9.7932368013,0.0013160603,0.0001172899,-0.1743857634
558982.6400241849,0.0029965874,0.0031167883,9.7949343203,0.0014029134,0.0000955887,-0.1744400014
558982.6500241850,0.0040801938,-0.0031319523,9.7938550108,0.0017177556,0.0000738874,-0.1744616966
558982.6600241850,0.0065093916,-0.0008339053,9.7935307378,0.0010446446,0.0001064393,-0.1744942393
558982.6700241850,0.0069635415,0.0013030696,9.7941379472,0.0019783147,0.0000955887,-0.1745484773
558982.6800241850,0.0043828839,-0.0025205941,9.7938527523,0.0008600819,0.0001498418,-0.1745484773
558982.6900241850,0.0043650651,0.0023601978,9.7940074943,0.0019783147,0.0000738874,-0.1745050869
558982.7000241850,0.0057717895,-0.0063282090,9.7939920996,0.0010012181,0.0000955887,-0.1745267821
558982.7100241850,0.0074080580,0.0046605376,9.7941356757,0.0017937520,0.0000955887,-0.1745159345
558982.7200241850,0.0049959408,-0.0038906964,9.7935420301,0.0013052037,0.0000955887,-0.1745593249
558982.7300241850,0.0040593717,0.0022064898,9.7938574523,0.0013812001,0.0000955887,-0.1745267821
558982.7400241850,0.0048476563,-0.0040440569,9.7940007583,0.0017286122,0.0000847381,-0.1744508490
558982.7500241851,0.0069695193,0.0000827849,9.7942898989,0.0009577916,0.0001172899,-0.1744400014
558982.7600241849,0.0061984873,0.0019100509,9.7941445699,0.0020217412,0.0001064393,-0.1744616966
558982.7700241850,0.0039348265,-0.0046579162,9.7940080917,0.0008383686,0.0001172899,-0.1744725442
558982.7800241850,0.0055896522,0.0028224336,9.7947601025,0.0019783147,0.0000847381,-0.1744616966
558982.7900241850,0.0074327865,-0.0044904524,9.7927589025,0.0010989277,0.0000955887,-0.1744833917
558982.8000241850,0.0048185914,0.0043447152,9.7944621242,0.0016526158,0.0001064393,-0.1744725442
558982.8100241850,0.0043948109,-0.0052661481,9.7940040065,0.0014137700,0.0001064393,-0.1744725442
558982.8200241850,0.0048298375,0.0008367350,9.7941555003,0.0012834904,0.0000955887,-0.1745376297
558982.8300241850,0.0072744458,-0.0014408866,9.7935241151,0.0017828954,0.0000847381,-0.1745484773
558982.8400241850,0.0052915780,-0.0005340620,9.7939985565,0.0010012181,0.0001172899,-0.1745159345
558982.8500241850,0.0033038935,0.0009830092,9.7941682574,0.0020000280,0.0000738874,-0.1745159345
558982.8600241850,0.0048464378,-0.0040439875,9.7938482486,0.0008926518,0.0000955887,-0.1745484773
558982.8700241850,0.0077106335,0.0040519583,9.7935228201,0.0019783147,0.0000955887,-0.1744942393
558982.8800241851,0.0069800844,-0.0041876216,9.7935253970,0.0010337880,0.0001281405,-0.1744725442
558982.8900241849,0.0043620619,0.0028178480,9.7938551938,0.0016960423,0.0000847381,-0.1744183062
558982.9000241850,0.0042398964,-0.0046566657,9.7940055542,0.0013594868,0.0000955887,-0.1744725442
558982.9100241850,0.0069466544,0.0031339481,9.7929187062,0.0013812001,0.0001172899,-0.1744725442
558982.9200241850,0.0059208983,-0.0038875002,9.7947544957,0.0016743291,0.0000955887,-0.1744833917
558982.9300241850,0.0043775297,-0.0011478519,9.7938533801,0.0011097844,0.0001172899,-0.1744508490
558982.9400241850,0.0048159537,0.0022099633,9.7930885598,0.0019891713,0.0000955887,-0.1743966110
558982.9500241850,0.0060614202,-0.0020562742,9.7941440250,0.0008275120,0.0000955887,-0.1744508490
558982.9600241850,0.0063389231,0.0028263238,9.7930761514,0.0020000280,0.0000847381,-0.1744942393
558982.9700241850,0.0045471738,-0.0070954292,9.7930868421,0.0010446446,0.0001172899,-0.1744833917
558982.9800241850,0.0048168927,0.0057172492,9.7949202813,0.0017068990,0.0000955887,-0.1744616966
558982.9900241860,0.0048428397,-0.0034338104,9.7936960178,0.0014571965,0.0000955887,-0.1744942393
558983.0000241860,0.0055937019,0.0005348076,9.7941490171,0.0011857808,0.0001172899,-0.1744833917
558983.0100241860,0.0049918337,-0.0022130392,9.7938478169,0.0019023183,0.0000955887,-0.1747654292
558983.0200241860,0.0045318493,-0.0016048073,9.7938519021,0.0009252217,0.0001064393,-0.1744508490
558983.0300241860,0.0052737592,0.0043467299,9.7941532985,0.0019566015,0.0000955887,-0.1744183062
558983.0400241860,0.0063759513,-0.0051054231,9.7938350729,0.0009360783,0.0000955887,-0.1744291538
558983.0500241860,0.0069635128,0.0009980852,9.7939852980,0.0019240316,0.0001064393,-0.1744074586
558983.0600241860,0.0053022291,-0.0038895153,9.7936920024,0.0011749241,0.0001172899,-0.1744508490
558983.0700241860,0.0034420931,0.0040343117,9.7938633643,0.0015766194,0.0000955887,-0.1744725442
558983.0800241861,0.0057664066,-0.0052604511,9.7938400781,0.0014571965,0.0000955887,-0.1745918677
558983.0900241859,0.0069598860,0.0013032780,9.7936804180,0.0013160603,0.0001064393,-0.1745918677
558983.1000241860,0.0054453027,-0.0008384905,9.7939971483,0.0017286122,0.0001064393,-0.1745918677
558983.1100241860,0.0036088486,-0.0002356779,9.7935551229,0.0010663578,0.0001064393,-0.1745810201
558983.1200241860,0.0054404860,-0.0002282440,9.7936924078,0.0019240316,0.0000955887,-0.1745593249
558983.1300241860,0.0063718729,-0.0031227815,9.7942935090,0.0009360783,0.0001172899,-0.1745484773
558983.1400241860,0.0065005825,0.0026739361,9.7941423813,0.0019783147,0.0000955887,-0.1745376297
558983.1500241860,0.0042350510,-0.0043514035,9.7935481645,0.0009469349,0.0001172899,-0.1744508490
558983.1600241860,0.0046678126,0.0035815248,9.7943105344,0.0018480352,0.0000955887,-0.1744291538
558983.1700241860,0.0054637451,-0.0055668250,9.7939949858,0.0011857808,0.0000955887,-0.1744400014
558983.1800241860,0.0063438545,0.0034360148,9.7939914890,0.0015223363,0.0001281405,-0.1744400014
558983.1900241860,0.0053029101,-0.0031270890,9.7941498804,0.0016417592,0.0000738874,-0.1744291538
558983.2000241861,0.0052909544,-0.0006865195,9.7938459770,0.0010337880,0.0001172899,-0.1744508490
558983.2100241859,0.0058969583,0.0006886545,9.7939940396,0.0020108846,0.0001064393,-0.1744400014
558983.2200241860,0.0058971804,-0.0034286696,9.7920095293,0.0008492253,0.0001281405,-0.1745159345
558983.2300241860,0.0040576443,0.0032740393,9.7941629601,0.0019783147,0.0000847381,-0.1745376297
558983.2400241860,0.0054522983,-0.0041937355,9.7932330648,0.0010555012,0.0001172899,-0.1745593249
558983.2500241860,0.0054310821,0.0034321243,9.7943041210,0.0016634725,0.0000847381,-0.1745484773
558983.2600241860,0.0053191735,-0.0051104250,9.7952165419,0.0014463399,0.0001064393,-0.1745593249
558983.2700241860,0.0055824271,0.0037378034,9.7943029917,0.0012834904,0.0001281405,-0.1745593249
558983.2800241860,0.0046813236,-0.0017565007,9.7933930344,0.0017503255,0.0000955887,-0.1745376297
558983.2900241860,0.0049917764,-0.0028230080,9.7935425184,0.0010229313,0.0001064393,-0.1744942393
558983.3000241860,0.0061995911,0.0006900439,9.7936864826,0.0019674581,0.0000955887,-0.1745050869
558983.3100241860,0.0056044104,-0.0022106769,9.7941477615,0.0008709385,0.0000955887,-0.1744508490
558983.3200241860,0.0060369999,0.0038923450,9.7939942358,0.0019891713,0.0001064393,-0.1744942393
558983.3300241861,0.0051537439,-0.0061777666,9.7930821857,0.0010229313,0.0001172899,-0.1744725442
558983.3400241859,0.0054334617,0.0028220166,9.7943038419,0.0017394689,0.0000955887,-0.1744833917
558983.3500241860,0.0052998495,-0.0032794076,9.7936922814,0.0014029134,0.0001281405,-0.1744833917
558983.3600241860,0.0054279928,0.0029748213,9.7936938726,0.0012943471,0.0001064393,-0.1745050869
558983.3700241860,0.0053016342,-0.0037369884,9.7936920721,0.0017177556,0.0000738874,-0.1744942393
558983.3800241860,0.0055990275,-0.0011429191,9.7939957400,0.0010446446,0.0001281405,-0.1744725442
558983.3900241860,0.0046700776,0.0017514795,9.7936996583,0.0020108846,0.0000955887,-0.1744833917
558983.4000241860,0.0054499474,-0.0032786435,9.7933859931,0.0008709385,0.0001064393,-0.1745484773
558983.4100241860,0.0055842119,0.0032802226,9.7943027825,0.0019348882,0.0000955887,-0.1745810201
558983.4200241860,0.0048511685,-0.0055691872,9.7936950412,0.0010446446,0.0000955887,-0.1745376297
558983.4300241860,0.0058790534,0.0046544932,9.7936908338,0.0017068990,0.0001064393,-0.1745376297
558983.4400241860,0.0054565775,-0.0040414864,9.7938431736,0.0014137700,0.0001172899,-0.1744942393
558983.4500241861,0.0057379080,0.0026708097,9.7941487249,0.0012292073,0.0001172899,-0.1744400014
558983.4600241859,0.0045293550,-0.0022146373,9.7932415841,0.0018806050,0.0000847381,-0.1743857634
558983.4700241860,0.0052969036,-0.0022117886,9.7938452794,0.0009252217,0.0001281405,-0.1743532206
558983.4800241860,0.0052827116,0.0023638106,9.7943049014,0.0020108846,0.0000955887,-0.1743857634
558983.4900241860,0.0054523557,-0.0035837667,9.7935383634,0.0008926518,0.0001172899,-0.1744291538
558983.5000241860,0.0049716639,0.0035828448,9.7941554872,0.0018806050,0.0000847381,-0.1744942393
558983.5100241860,0.0051483610,-0.0051100087,9.7929301642,0.0011097844,0.0001281405,-0.1745376297
558983.5200241860,0.0052791994,0.0038889409,9.7946106185,0.0016743291,0.0000955887,-0.1745376297
558983.5300241860,0.0049953459,-0.0037381695,9.7935420998,0.0014137700,0.0000955887,-0.1745484773
558983.5400241860,0.0058953169,0.0026711572,9.7947574952,0.0013269169,0.0001172899,-0.1745593249
558983.5500241860,0.0048392988,-0.0022136645,9.7938490856,0.0016743291,0.0000738874,-0.1745376297
558983.5600241860,0.0055966478,-0.0005328114,9.7939960190,0.0010555012,0.0001064393,-0.1745376297
558983.5700241860,0.0051331226,0.0012955663,9.7941531721,0.0019783147,0.0000955887,-0.1745159345
558983.5800241861,0.0037768227,-0.0045057368,9.7933993912,0.0008383686,0.0001064393,-0.1745267821
558983.5900241859,0.0064988551,0.0037414856,9.7944478891,0.0020217412,0.0000738874,-0.1746569532
558983.6000241860,0.0066773943,-0.0047989798,9.7935276554,0.0010229313,0.0001498418,-0.1746135629
558983.6100241860,0.0051170312,0.0051088087,9.7940024062,0.0016634725,0.0001064393,-0.1744942393
558983.6200241860,0.0045473172,-0.0055705072,9.7938500885,0.0014029134,0.0000847381,-0.1744074586
558983.6300241860,0.0049811826,0.0011424141,9.7941543711,0.0012074940,0.0001172899,-0.1743532206
558983.6400241860,0.0065118286,-0.0008340442,9.7938357573,0.0019240316,0.0000847381,-0.1744074586
558983.6500241860,0.0052872989,-0.0006863111,9.7933884477,0.0008600819,0.0001172899,-0.1744725442
558983.6600241860,0.0037537643,0.0029677349,9.7941653580,0.0020651677,0.0000955887,-0.1744725442
558983.6700241860,0.0045430094,-0.0060277407,9.7930873304,0.0009252217,0.0000955887,-0.1745267821
558983.6800241860,0.0066496913,0.0051146448,9.7949047774,0.0018480352,0.0000738874,-0.1745376297
558983.6900241860,0.0065273824,-0.0038847908,9.7942918915,0.0012617772,0.0001281405,-0.1745484773
558983.7000241861,0.0042131251,0.0022070456,9.7940086933,0.0013703435,0.0001064393,-0.1745810201
558983.7100241859,0.0034664273,-0.0028292607,9.7935552057,0.0017611821,0.0000847381,-0.1744942393
558983.7200241860,0.0062110092,-0.0009880299,9.7942957543,0.0009577916,0.0001064393,-0.1744833917
558983.7300241860,0.0068062759,0.0028276441,9.7942924233,0.0020434545,0.0000955887,-0.1744291538
558983.7400241860,0.0042320478,-0.0038937533,9.7933958640,0.0008383686,0.0001172899,-0.1743857634
558983.7500241860,0.0029904949,0.0031171354,9.7941717715,0.0019348882,0.0001064393,-0.1743966110
558983.7600241860,0.0063717009,-0.0049526879,9.7933776134,0.0010989277,0.0001172899,-0.1744508490
558983.7700241860,0.0067997605,0.0048104246,9.7944458399,0.0015657628,0.0000955887,-0.1744400014
558983.7800241860,0.0051485044,-0.0035850867,9.7936934106,0.0015549062,0.0001172899,-0.1744616966
558983.7900241860,0.0040682955,-0.0000814140,9.7938564059,0.0011097844,0.0001172899,-0.1744508490
558983.8000241860,0.0049829100,0.0000748646,9.7938488632,0.0019566015,0.0000847381,-0.1744942393
558983.8100241860,0.0069663440,-0.0012894713,9.7932217028,0.0008709385,0.0001281405,-0.1745267821
558983.8200241860,0.0046641858,0.0038867175,9.7940056544,0.0019891713,0.0000955887,-0.1745376297
558983.8300241861,0.0039365253,-0.0060304502,9.7935499346,0.0009577916,0.0001064393,-0.1746027153
558983.8400241859,0.0042120500,0.0037320370,9.7946194299,0.0017828954,0.0000955887,-0.1745701725
558983.8500241860,0.0057592103,-0.0040400969,9.7935356166,0.0013703435,0.0001172899,-0.1745376297
558983.8600241860,0.0060357528,0.0035874300,9.7936890767,0.0012834904,0.0000955887,-0.1744833917
558983.8700241860,0.0051413654,-0.0017547637,9.7936942477,0.0017828954,0.0001064393,-0.1744074586
558983.8800241860,0.0049894827,-0.0012979471,9.7940007452,0.0010012181,0.0001281405,-0.1744400014
558983.8900241860,0.0045253626,0.0006829575,9.7941579680,0.0019240316,0.0000847381,-0.1744183062
558983.9000241860,0.0060632336,-0.0022088706,9.7942964650,0.0008926518,0.0001498418,-0.1744291538
558983.9100241860,0.0055824271,0.0037378034,9.7943029917,0.0019891713,0.0000955887,-0.1744400014
558983.9200241860,0.0034771931,-0.0049647765,9.7938592487,0.0009577916,0.0001172899,-0.1744725442
558983.9300241860,0.0049716639,0.0035828448,9.7941554872,0.0018263219,0.0000738874,-0.1745050869
558983.9400241860,0.0053046088,-0.0044996229,9.7936917233,0.0012617772,0.0001064393,-0.1745267821
558983.9500241861,0.0051242275,0.0038884545,9.7943068677,0.0014354832,0.0001172899,-0.1744942393
558983.9600241859,0.0040800791,-0.0043518899,9.7932444137,0.0016309026,0.0001064393,-0.1745484773
558983.9700241860,0.0055895661,0.0019074804,9.7943021546,0.0010880711,0.0001064393,-0.1745593249
558983.9800241860,0.0051336888,0.0008380550,9.7940004531,0.0019023183,0.0000847381,-0.1745593249
558983.9900241860,0.0054451307,-0.0026683969,9.7930812526,0.0009143650,0.0001172899,-0.1745267821
558984.0000241860,0.0048209424,0.0034296232,9.7943091959,0.0020108846,0.0000847381,-0.1744833917
558984.0100241860,0.0056024536,-0.0035830026,9.7932320751,0.0009252217,0.0001281405,-0.1747220388
558984.0200241860,0.0057320161,0.0048060476,9.7944547210,0.0017937520,0.0001064393,-0.1744725442
558984.0300241860,0.0049964210,-0.0052631609,9.7929313632,0.0012074940,0.0000847381,-0.1744616966
558984.0400241860,0.0055823411,0.0028228502,9.7938450439,0.0015223363,0.0001172899,-0.1744400014
558984.0500241860,0.0055983465,-0.0019053454,9.7935378620,0.0016200459,0.0000847381,-0.1743640682
558984.0600241870,0.0057354709,0.0026709486,9.7938437054,0.0010446446,0.0001389912,-0.1743966110
558984.0700241870,0.0051426412,-0.0011448644,9.7941520560,0.0019131749,0.0000847381,-0.1744183062
558984.0800241870,0.0043894567,-0.0038934058,9.7940046343,0.0008926518,0.0001064393,-0.1745267821
558984.0900241870,0.0057301740,0.0046536596,9.7941496318,0.0020108846,0.0000955887,-0.1745267821
558984.1000241870,0.0051442539,-0.0034323515,9.7932359511,0.0009469349,0.0001281405,-0.1745593249
558984.1100241870,0.0049704454,0.0035829142,9.7940029774,0.0017937520,0.0001064393,-0.1745484773
558984.1200241870,0.0053075547,-0.0055672419,9.7935387253,0.0012617772,0.0000955887,-0.1745593249
558984.1300241870,0.0048155882,0.0048023654,9.7943098237,0.0014897664,0.0000955887,-0.1744508490
558984.1400241870,0.0055959382,-0.0016002221,9.7933854917,0.0015657628,0.0000955887,-0.1744616966
558984.1500241871,0.0049805303,0.0006849722,9.7938491423,0.0010446446,0.0001172899,-0.1744833917
558984.1600241869,0.0046838180,-0.0011466708,9.7940033524,0.0019348882,0.0001172899,-0.1745050869
558984.1700241870,0.0051412794,-0.0026697169,9.7932362999,0.0008817951,0.0001172899,-0.1744508490
558984.1800241870,0.0055782914,0.0051104762,9.7944561293,0.0020000280,0.0000955887,-0.1743966110
558984.1900241870,0.0045353041,-0.0037399064,9.7932408865,0.0009469349,0.0001172899,-0.1744291538
558984.2000241870,0.0060514787,0.0023665898,9.7950611065,0.0018263219,0.0001281405,-0.1744616966
558984.2100241870,0.0056091410,-0.0037358767,9.7939945542,0.0012183507,0.0000955887,-0.1744725442
558984.2200241870,0.0042024166,0.0049525301,9.7940099489,0.0014789098,0.0001064393,-0.1745593249
558984.2300241870,0.0039281678,-0.0042000577,9.7933982620,0.0015331929,0.0000955887,-0.1745593249
558984.2400241870,0.0058902422,0.0005365442,9.7930789113,0.0011966374,0.0001172899,-0.1745376297
558984.2500241870,0.0051348500,0.0002280168,9.7938476643,0.0018914617,0.0000847381,-0.1745159345
558984.2600241870,0.0062044078,0.0000797974,9.7939912231,0.0008817951,0.0001498418,-0.1745376297
558984.2700241870,0.0051271734,0.0028208355,9.7941538696,0.0020108846,0.0000738874,-0.1744616966
558984.2800241871,0.0037899969,-0.0069463758,9.7938558044,0.0008817951,0.0001172899,-0.1744942393
558984.2900241870,0.0042048536,0.0049523912,9.7943149684,0.0018480352,0.0000847381,-0.1744616966
558984.3000241870,0.0060565462,-0.0020559964,9.7935339860,0.0012183507,0.0000955887,-0.1744833917
558984.3100241870,0.0061967312,0.0026726161,9.7942974285,0.0013920567,0.0001064393,-0.1744616966
558984.3200241870,0.0037828866,-0.0048110684,9.7940092907,0.0016743291,0.0001172899,-0.1744508490
558984.3300241870,0.0040701662,0.0003759584,9.7943141445,0.0010337880,0.0000955887,-0.1744833917
558984.3400241870,0.0066562067,0.0031318643,9.7947513608,0.0020108846,0.0000955887,-0.1746569532
558984.3500241870,0.0060594634,-0.0034285998,9.7932283387,0.0007732289,0.0001172899,-0.1746135629
558984.3600241870,0.0032973207,0.0023558208,9.7940163755,0.0019674581,0.0001064393,-0.1745050869
558984.3700241870,0.0033228735,-0.0045078210,9.7938607267,0.0010446446,0.0001172899,-0.1744400014
558984.3800241870,0.0057284180,0.0054162247,9.7943024903,0.0017068990,0.0000955887,-0.1744616966
558984.3900241870,0.0065200140,-0.0044943430,9.7930715344,0.0013812001,0.0001172899,-0.1745267821
558984.4000241871,0.0042131251,0.0022070456,9.7940086933,0.0013160603,0.0001064393,-0.1745701725
558984.4100241869,0.0042262706,-0.0005385778,9.7943124572,0.0017937520,0.0000847381,-0.1745484773
558984.4200241870,0.0046760554,0.0005311948,9.7938516100,0.0009143650,0.0001172899,-0.1745376297
558984.4300241870,0.0060477945,0.0020618137,9.7944509280,0.0019674581,0.0000955887,-0.1745159345
558984.4400241870,0.0057585006,-0.0051075076,9.7929250893,0.0009252217,0.0001281405,-0.1744942393
558984.4500241870,0.0042005745,0.0048001421,9.7937048596,0.0019566015,0.0000955887,-0.1743966110
558984.4600241870,0.0043864534,-0.0034357556,9.7938523338,0.0010446446,0.0000955887,-0.1744291538
558984.4700241870,0.0074128174,0.0034403223,9.7941351176,0.0016309026,0.0001064393,-0.1744508490
558984.4800241870,0.0059190275,-0.0043448727,9.7942967572,0.0014463399,0.0001172899,-0.1744616966
558984.4900241870,0.0034486945,0.0029664844,9.7941678955,0.0012074940,0.0001172899,-0.1744616966
558984.5000241870,0.0040640737,0.0003763056,9.7935515957,0.0018263219,0.0000738874,-0.1744291538
558984.5100241870,0.0071195312,-0.0008314042,9.7935256629,0.0009252217,0.0001498418,-0.1744291538
558984.5200241870,0.0055906700,0.0006874734,9.7938440673,0.0019674581,0.0000955887,-0.1744291538
558984.5300241871,0.0043888904,-0.0034358945,9.7941573533,0.0009469349,0.0001281405,-0.1744508490
558984.5400241870,0.0038948811,0.0046464340,9.7935548176,0.0019131749,0.0000955887,-0.1745159345
558984.5500241870,0.0054516748,-0.0043461930,9.7930804853,0.0010337880,0.0001064393,-0.1745267821
558984.5600241870,0.0058911812,0.0040438300,9.7949106328,0.0016743291,0.0000955887,-0.1745484773
558984.5700241870,0.0053015769,-0.0043469572,9.7933867736,0.0013703435,0.0001172899,-0.1745484773
558984.5800241870,0.0051265785,0.0029733624,9.7941539394,0.0013160603,0.0000955887,-0.1745267821
558984.5900241870,0.0048279094,-0.0002306062,9.7933924632,0.0017611821,0.0000955887,-0.1744833917
558984.6000241870,0.0052927391,-0.0011441002,9.7938457677,0.0009577916,0.0001498418,-0.1744833917
558984.6100241870,0.0060454148,0.0026719214,9.7944512070,0.0020108846,0.0000955887,-0.1744291538
558984.6200241870,0.0043906752,-0.0038934753,9.7941571440,0.0008492253,0.0001281405,-0.1744725442
558984.6300241870,0.0034421217,0.0043392960,9.7940160136,0.0019240316,0.0000847381,-0.1744942393
558984.6400241870,0.0056078365,-0.0046507604,9.7933840966,0.0011097844,0.0001172899,-0.1745159345
558984.6500241871,0.0067936393,0.0045057874,9.7935306418,0.0015766194,0.0001172899,-0.1745593249
558984.6600241869,0.0042314528,-0.0037412264,9.7933959338,0.0015766194,0.0001064393,-0.1745918677
558984.6700241870,0.0040653782,0.0012911894,9.7941620532,0.0010555012,0.0001064393,-0.1745701725
558984.6800241870,0.0048304324,0.0006842081,9.7941554305,0.0019566015,0.0000847381,-0.1745484773
558984.6900241870,0.0063641103,-0.0014449160,9.7941417666,0.0008275120,0.0001172899,-0.1745050869
558984.7000241870,0.0046702496,0.0035813859,9.7946155539,0.0020000280,0.0001064393,-0.1744616966
558984.7100241870,0.0039287627,-0.0043525846,9.7933981922,0.0009686482,0.0001064393,-0.1744725442
558984.7200241870,0.0046600213,0.0049544059,9.7940061427,0.0017611821,0.0000955887,-0.1744725442
558984.7300241870,0.0056084888,-0.0041933186,9.7936893254,0.0013486302,0.0000955887,-0.1743966110
558984.7400241870,0.0055781767,0.0038905386,9.7938455322,0.0013486302,0.0001281405,-0.1743966110
558984.7500241870,0.0040742446,-0.0016066832,9.7938557084,0.0017177556,0.0000847381,-0.1744616966
558984.7600241870,0.0046783777,-0.0006888817,9.7935460324,0.0009469349,0.0001281405,-0.1744942393
558984.7700241870,0.0052862524,0.0011436647,9.7941518336,0.0020000280,0.0000955887,-0.1744725442
558984.7800241871,0.0056025970,-0.0020580806,9.7939953215,0.0008600819,0.0001281405,-0.1744942393
558984.7900241870,0.0043573312,0.0043430477,9.7940084011,0.0019240316,0.0000955887,-0.1745484773
558984.8000241870,0.0042428423,-0.0057242847,9.7938525562,0.0010446446,0.0001064393,-0.1745159345
558984.8100241870,0.0051194395,0.0048036854,9.7941547765,0.0016960423,0.0001064393,-0.1745050869
558984.8200241870,0.0054505709,-0.0031261860,9.7935385726,0.0013594868,0.0001064393,-0.1745267821
558984.8300241870,0.0040594577,0.0031214429,9.7943154001,0.0012834904,0.0001064393,-0.1744942393
558984.8400241870,0.0037673614,-0.0014553374,9.7937058058,0.0017828954,0.0000955887,-0.1744833917
558984.8500241870,0.0059017176,-0.0005315609,9.7939934816,0.0009686482,0.0001172899,-0.1744508490
558984.8600241870,0.0061912622,0.0028254207,9.7936874592,0.0020000280,0.0000847381,-0.1744833917
558984.8700241870,0.0054542551,-0.0028214099,9.7941487512,0.0008492253,0.0001281405,-0.1744508490
558984.8800241870,0.0026873245,0.0038782417,9.7947846968,0.0019566015,0.0000847381,-0.1744508490
558984.8900241870,0.0054546780,-0.0048038432,9.7932327858,0.0010229313,0.0000955887,-0.1744725442
558984.9000241871,0.0058797917,0.0060268883,9.7944540104,0.0016200459,0.0001172899,-0.1744833917
558984.9100241869,0.0059087132,-0.0038868059,9.7932293981,0.0014463399,0.0000955887,-0.1745050869
558984.9200241870,0.0036083684,0.0011367866,9.7941657897,0.0012183507,0.0001064393,-0.1745376297
558984.9300241870,0.0042220202,-0.0003858426,9.7938549977,0.0018914617,0.0000955887,-0.1745376297
558984.9400241870,0.0061989388,0.0002326020,9.7933812538,0.0008492253,0.0001281405,-0.1745484773
558984.9500241870,0.0054334904,0.0031270010,9.7944564912,0.0020000280,0.0000955887,-0.1745484773
558984.9600241870,0.0040872468,-0.0058772285,9.7933962259,0.0008926518,0.0001281405,-0.1745267821
558984.9700241870,0.0038992176,0.0054086520,9.7944702249,0.0018480352,0.0000955887,-0.1744508490
558984.9800241870,0.0045330105,-0.0022148456,9.7936991134,0.0011857808,0.0001172899,-0.1744725442
558984.9900241870,0.0060375949,0.0037398181,9.7939941660,0.0014354832,0.0001172899,-0.1744508490
558985.0000241870,0.0042265501,-0.0040459331,9.7926332455,0.0016743291,0.0000955887,-0.1744725442
558985.0100241870,0.0034509881,0.0014414235,9.7937096687,0.0010229313,0.0001498418,-0.1749498383
558985.0200241870,0.0043644989,0.0028177091,9.7941602133,0.0019674581,0.0000847381,-0.1746027153
558985.0300241871,0.0063688123,-0.0032751001,9.7938359100,0.0008057987,0.0001172899,-0.1744725442
558985.0400241870,0.0048226985,0.0026670580,9.7941563374,0.0019674581,0.0001064393,-0.1744400014
558985.0500241870,0.0036231266,-0.0038963239,9.7935534487,0.0010446446,0.0001172899,-0.1744291538
558985.0600241870,0.0042007466,0.0066300484,9.7946207552,0.0016743291,0.0000955887,-0.1744074586
558985.0700241870,0.0062168723,-0.0034282523,9.7938371090,0.0013486302,0.0000955887,-0.1744833917
558985.0800241870,0.0060422395,0.0012996652,9.7933830109,0.0012834904,0.0001281405,-0.1745376297
558985.0900241870,0.0036130417,-0.0009983819,9.7937072838,0.0017828954,0.0000955887,-0.1745701725
558985.1000241870,0.0039038049,0.0023585303,9.7935537712,0.0009795048,0.0001498418,-0.1746135629
558985.1100241870,0.0051329792,-0.0002293557,9.7933899257,0.0019131749,0.0000738874,-0.1745159345
558985.1200241870,0.0068168124,-0.0017477468,9.7933752721,0.0009252217,0.0001281405,-0.1745484773
558985.1300241870,0.0061918858,0.0029778782,9.7938400387,0.0019566015,0.0001281405,-0.1745050869
558985.1400241880,0.0031655219,-0.0038981997,9.7935572549,0.0009577916,0.0001172899,-0.1744725442
558985.1500241880,0.0040619808,0.0040362573,9.7950783674,0.0017286122,0.0000955887,-0.1744616966
558985.1600241880,0.0059184039,-0.0044973302,9.7941441777,0.0012617772,0.0001172899,-0.1744616966
558985.1700241880,0.0054322719,0.0031270704,9.7943039814,0.0014680531,0.0001172899,-0.1744400014
558985.1800241880,0.0036166112,-0.0019135434,9.7937068653,0.0015549062,0.0000955887,-0.1744616966
558985.1900241880,0.0037584663,0.0011375508,9.7938595014,0.0011857808,0.0001281405,-0.1744616966
558985.2000241880,0.0051438884,-0.0008399494,9.7944572150,0.0017828954,0.0000955887,-0.1745484773
558985.2100241880,0.0063545343,0.0003855459,9.7938375841,0.0010229313,0.0001064393,-0.1745593249
558985.2200241880,0.0042094409,0.0019022695,9.7933985147,0.0018914617,0.0001281405,-0.1745701725
558985.2300241879,0.0037769661,-0.0029808149,9.7941626375,0.0008817951,0.0001281405,-0.1745593249
558985.2400241880,0.0054341713,0.0038894273,9.7949143693,0.0019674581,0.0000847381,-0.1745484773
558985.2500241880,0.0063675938,-0.0032750307,9.7936834002,0.0009795048,0.0001281405,-0.1745267821
558985.2600241880,0.0045116509,0.0038860922,9.7940069231,0.0017394689,0.0001172899,-0.1744725442
558985.2700241880,0.0028634267,-0.0046620849,9.7935594436,0.0013052037,0.0000955887,-0.1744183062
558985.2800241880,0.0045081387,0.0054112225,9.7943126402,0.0014137700,0.0001172899,-0.1744508490
558985.2900241880,0.0060535716,-0.0012933619,9.7935343348,0.0015440495,0.0001064393,-0.1744616966
558985.3000241880,0.0048268343,0.0012943852,9.7940031998,0.0011206410,0.0001172899,-0.1744291538
558985.3100241880,0.0040790900,-0.0019119453,9.7943130981,0.0018480352,0.0000955887,-0.1744074586
558985.3200241880,0.0043740175,0.0003772784,9.7941590972,0.0009577916,0.0001172899,-0.1744616966
558985.3300241880,0.0060358675,0.0048073676,9.7942996738,0.0019783147,0.0000738874,-0.1745159345
558985.3400241880,0.0051515076,-0.0040427369,9.7938457111,0.0008600819,0.0001606924,-0.1745484773
558985.3500241881,0.0043656600,0.0022076709,9.7940074245,0.0018914617,0.0000847381,-0.1744942393
558985.3600241879,0.0034706491,-0.0032869804,9.7938600160,0.0010663578,0.0001064393,-0.1744833917
558985.3700241880,0.0055704715,0.0061783729,9.7939990883,0.0015874761,0.0000955887,-0.1744942393
558985.3800241880,0.0053016629,-0.0034320040,9.7938447214,0.0014571965,0.0000955887,-0.1745376297
558985.3900241880,0.0049769608,0.0016001337,9.7938495608,0.0012074940,0.0001064393,-0.1745376297
558985.4000241880,0.0037662289,-0.0005403147,9.7940112439,0.0018154653,0.0001064393,-0.1744725442
558985.4100241880,0.0054393249,0.0003817942,9.7938451965,0.0009686482,0.0001281405,-0.1744508490
558985.4200241880,0.0051277683,0.0026683086,9.7941537999,0.0019348882,0.0000955887,-0.1744183062
558985.4300241880,0.0048415925,-0.0037387253,9.7933908588,0.0008600819,0.0001281405,-0.1744291538
558985.4400241880,0.0028283266,0.0043370033,9.7935635592,0.0019348882,0.0000847381,-0.1744074586
558985.4500241880,0.0048385605,-0.0035860595,9.7930859090,0.0010555012,0.0001172899,-0.1744833917
558985.4600241880,0.0066430325,0.0055725033,9.7942949476,0.0016417592,0.0001172899,-0.1744616966
558985.4700241880,0.0057640556,-0.0043453591,9.7939930064,0.0014463399,0.0001172899,-0.1744725442
558985.4800241879,0.0036030428,0.0028145133,9.7943190668,0.0011423543,0.0001281405,-0.1744616966
558985.4900241880,0.0029993326,-0.0000857215,9.7937127773,0.0018806050,0.0000847381,-0.1744725442
558985.5000241880,0.0072714999,-0.0003732676,9.7936771132,0.0008383686,0.0001498418,-0.1745376297
558985.5100241880,0.0048221609,0.0034295537,9.7944617057,0.0020543111,0.0000955887,-0.1745484773
558985.5200241880,0.0040837346,-0.0043520982,9.7937019430,0.0009143650,0.0001172899,-0.1745484773
558985.5300241880,0.0037406188,0.0057133583,9.7938615941,0.0018154653,0.0000738874,-0.1745484773
558985.5400241880,0.0056012064,-0.0038879175,9.7929269161,0.0012726338,0.0001281405,-0.1745267821
558985.5500241880,0.0054286451,0.0034322631,9.7939991014,0.0013594868,0.0001281405,-0.1745050869
558985.5600241880,0.0048290419,-0.0011456288,9.7930870251,0.0017068990,0.0000955887,-0.1745159345
558985.5700241880,0.0026900983,0.0009807164,9.7937158031,0.0009469349,0.0001064393,-0.1744616966
558985.5800241880,0.0046712674,0.0014464257,9.7936995188,0.0019891713,0.0000847381,-0.1743749158
558985.5900241880,0.0071284836,-0.0028143235,9.7936772658,0.0008926518,0.0001498418,-0.1743857634
558985.6000241881,0.0052780669,0.0048039635,9.7949160565,0.0019566015,0.0001064393,-0.1743966110
558985.6100241879,0.0030171801,-0.0046615290,9.7937106846,0.0009577916,0.0001281405,-0.1745267821
558985.6200241880,0.0043537043,0.0046482404,9.7937035211,0.0017286122,0.0000955887,-0.1745810201
558985.6300241880,0.0057525802,-0.0032772540,9.7930784361,0.0012943471,0.0001172899,-0.1745701725
558985.6400241880,0.0057367181,0.0029758635,9.7941488644,0.0013703435,0.0001281405,-0.1745918677
558985.6500241880,0.0031596874,-0.0011529930,9.7941685496,0.0017068990,0.0000955887,-0.1745810201
558985.6600241880,0.0034503932,0.0015939504,9.7937097384,0.0010120747,0.0001172899,-0.1745810201
558985.6700241880,0.0046797396,0.0008359709,9.7944617885,0.0019240316,0.0000738874,-0.1745593249
558985.6800241880,0.0066709076,-0.0025112150,9.7938337213,0.0008492253,0.0001606924,-0.1744616966
558985.6900241880,0.0048167493,0.0041923272,9.7941570349,0.0019783147,0.0000847381,-0.1744725442
558985.7000241880,0.0046902474,-0.0040444044,9.7933919880,0.0009686482,0.0001172899,-0.1744400014
558985.7100241880,0.0048144270,0.0054124036,9.7944626125,0.0016634725,0.0001064393,-0.1743749158
558985.7200241880,0.0050002773,-0.0031284784,9.7944574374,0.0014463399,0.0000847381,-0.1743749158
558985.7300241879,0.0049831394,0.0025147397,9.7950700574,0.0012292073,0.0001281405,-0.1743857634
558985.7400241880,0.0046723425,-0.0000785657,9.7930887822,0.0018154653,0.0000955887,-0.1745050869
558985.7500241880,0.0037608460,0.0005274431,9.7938592224,0.0008926518,0.0001064393,-0.1745918677
558985.7600241880,0.0045146541,0.0034284420,9.7941592236,0.0019783147,0.0001064393,-0.1745593249
558985.7700241880,0.0046872728,-0.0032817698,9.7933923368,0.0008709385,0.0000955887,-0.1746027153
558985.7800241880,0.0052713508,0.0046518532,9.7940009282,0.0019240316,0.0001172899,-0.1746027153
558985.7900241880,0.0051466336,-0.0040424592,9.7932356721,0.0010663578,0.0001064393,-0.1745484773
558985.8000241880,0.0031304505,0.0054058728,9.7937140198,0.0015766194,0.0001172899,-0.1745267821
558985.8100241880,0.0045419629,-0.0041977649,9.7938507163,0.0014463399,0.0001064393,-0.1744725442
558985.8200241880,0.0066603998,0.0023691603,9.7949035218,0.0011966374,0.0001281405,-0.1744508490
558985.8300241880,0.0049822864,-0.0000775929,9.7936962837,0.0018154653,0.0000955887,-0.1744508490
558985.8400241880,0.0030023645,-0.0002383873,9.7940177271,0.0009252217,0.0001281405,-0.1743966110
558985.8500241881,0.0037555777,0.0028151386,9.7943177980,0.0019891713,0.0001064393,-0.1744291538
558985.8600241879,0.0048403740,-0.0037386559,9.7932383490,0.0008817951,0.0001064393,-0.1744725442
558985.8700241880,0.0051291876,0.0048031299,9.7953748545,0.0018480352,0.0001064393,-0.1744942393
558985.8800241880,0.0043870483,-0.0035882825,9.7938522640,0.0011206410,0.0001281405,-0.1745376297
558985.8900241880,0.0034397134,0.0046444193,9.7938636433,0.0015223363,0.0000955887,-0.1745376297
558985.9000241880,0.0046854307,-0.0034341579,9.7930872475,0.0014897664,0.0000955887,-0.1745593249
558985.9100241880,0.0055780907,0.0029755854,9.7933875844,0.0012400639,0.0001172899,-0.1745376297
558985.9200241880,0.0043752074,0.0000722246,9.7941589577,0.0017286122,0.0001064393,-0.1745376297
558985.9300241880,0.0039121337,0.0002231534,9.7935527946,0.0010012181,0.0001172899,-0.1745593249
558985.9400241880,0.0034557761,0.0005261926,9.7938617599,0.0019566015,0.0000955887,-0.1745593249
558985.9500241880,0.0056026543,-0.0014481118,9.7943006200,0.0008709385,0.0001172899,-0.1744833917
558985.9600241880,0.0049658294,0.0063280515,9.7947667818,0.0018806050,0.0000955887,-0.1744833917
558985.9700241880,0.0054535455,-0.0038888206,9.7935382239,0.0009686482,0.0001498418,-0.1744725442
558985.9800241879,0.0033003527,0.0022031551,9.7943213252,0.0018046086,0.0000955887,-0.1745810201
558985.9900241880,0.0040764522,-0.0040466972,9.7929395337,0.0012726338,0.0001064393,-0.1746244105
558986.0000241880,0.0052732503,0.0054142100,9.7946113160,0.0014354832,0.0001281405,-0.1745267821
558986.0100241880,0.0055965331,-0.0017527490,9.7933854220,0.0015766194,0.0000955887,-0.1747654292
558986.0200241880,0.0039170077,0.0002228757,9.7941628337,0.0010120747,0.0001172899,-0.1744400014
558986.0300241880,0.0036065263,0.0009843986,9.7938607004,0.0019783147,0.0000738874,-0.1744400014
558986.0400241880,0.0055942968,0.0003822806,9.7941489473,0.0008383686,0.0001281405,-0.1744291538
558986.0500241880,0.0048125276,0.0046500468,9.7938522247,0.0019891713,0.0000955887,-0.1744616966
558986.0600241880,0.0050084627,-0.0067887773,9.7936932145,0.0009795048,0.0001172899,-0.1744833917
558986.0700241880,0.0042030402,0.0051049876,9.7941625284,0.0017286122,0.0001064393,-0.1744833917
558986.0800241880,0.0037697697,-0.0017604606,9.7938581761,0.0013269169,0.0000955887,-0.1744508490
558986.0900241880,0.0054328955,0.0032795279,9.7944565610,0.0012400639,0.0001172899,-0.1744616966
558986.1000241881,0.0048428397,-0.0034338104,9.7936960178,0.0017068990,0.0001064393,-0.1744074586
558986.1100241879,0.0049774410,0.0002276692,9.7932388940,0.0010012181,0.0000955887,-0.1744508490
558986.1200241880,0.0042035491,0.0040375075,9.7937045108,0.0019891713,0.0000955887,-0.1744074586
558986.1300241880,0.0036196145,-0.0023711936,9.7938591658,0.0008600819,0.0001498418,-0.1744400014
558986.1400241880,0.0048244259,0.0015995085,9.7938508295,0.0019348882,0.0000955887,-0.1744616966
558986.1500241880,0.0040825161,-0.0043520288,9.7935494332,0.0010229313,0.0001172899,-0.1745159345
558986.1600241880,0.0031258345,0.0081510101,9.7944778242,0.0016743291,0.0001172899,-0.1745376297
558986.1700241880,0.0049917477,-0.0031279924,9.7933898691,0.0013486302,0.0001064393,-0.1745593249
558986.1800241880,0.0049853757,0.0003797101,9.7943065320,0.0012617772,0.0001281405,-0.1745376297
558986.1900241880,0.0045264377,-0.0008420339,9.7935472314,0.0018697484,0.0000955887,-0.1745918677
558986.2000241880,0.0043638466,0.0023602672,9.7938549845,0.0008817951,0.0001498418,-0.1745593249
558986.2100241890,0.0039051381,0.0035783984,9.7943168781,0.0019783147,0.0000955887,-0.1745159345
558986.2200241890,0.0040896838,-0.0058773674,9.7937012454,0.0008383686,0.0001172899,-0.1744725442
558986.2300241890,0.0048167780,0.0044973116,9.7943096842,0.0019023183,0.0001172899,-0.1744291538
558986.2400241890,0.0040693706,-0.0016064054,9.7932456693,0.0011314976,0.0001064393,-0.1744074586
558986.2500241890,0.0043544140,0.0057156511,9.7943140485,0.0015331929,0.0000955887,-0.1743857634
558986.2600241890,0.0039342030,-0.0048103737,9.7938555122,0.0014897664,0.0001172899,-0.1743315254
558986.2700241890,0.0040605902,0.0022064203,9.7940099620,0.0011749241,0.0001172899,-0.1743966110
558986.2800241890,0.0043697958,0.0008349981,9.7938542870,0.0018263219,0.0000955887,-0.1744508490
558986.2900241890,0.0048231214,0.0006846247,9.7932403720,0.0008275120,0.0001281405,-0.1745050869
558986.3000241891,0.0042131825,0.0028170144,9.7943139918,0.0020217412,0.0000847381,-0.1745159345
558986.3100241889,0.0048458142,-0.0041964449,9.7936956691,0.0008926518,0.0001172899,-0.1745484773
558986.3200241890,0.0037382965,0.0069334348,9.7941671717,0.0018480352,0.0001064393,-0.1745376297
558986.3300241890,0.0049887445,-0.0026703422,9.7932375686,0.0011749241,0.0001064393,-0.1745701725
558986.3400241890,0.0045110846,0.0043436035,9.7941596422,0.0014029134,0.0001172899,-0.1745376297
558986.3500241890,0.0034706204,-0.0035919648,9.7937073667,0.0016417592,0.0000955887,-0.1745376297
558986.3600241890,0.0034558908,0.0017461301,9.7944723570,0.0009795048,0.0001172899,-0.1745593249
558986.3700241890,0.0045140305,0.0032759846,9.7940066441,0.0019891713,0.0000847381,-0.1745050869
558986.3800241890,0.0052950041,-0.0029741455,9.7932348916,0.0007840855,0.0001281405,-0.1744725442
558986.3900241890,0.0051290442,0.0032782079,9.7946116082,0.0019674581,0.0001064393,-0.1744400014
558986.4000241890,0.0027097306,-0.0040526719,9.7937135011,0.0010229313,0.0001172899,-0.1744616966
558986.4100241890,0.0035862991,0.0061703138,9.7938630721,0.0016417592,0.0000955887,-0.1744725442
558986.4200241891,0.0049893107,-0.0031278535,9.7930848496,0.0013486302,0.0001064393,-0.1744183062
558986.4300241889,0.0052863097,0.0017536335,9.7944571321,0.0012617772,0.0001281405,-0.1744942393
558986.4400241890,0.0031541898,-0.0013051727,9.7934059310,0.0018046086,0.0000955887,-0.1744833917
558986.4500241890,0.0031501974,0.0015924221,9.7943223149,0.0009577916,0.0001064393,-0.1744725442
558986.4600241890,0.0052778662,0.0026690727,9.7938475116,0.0019783147,0.0001064393,-0.1745050869
558986.4700241890,0.0057587014,-0.0029726168,9.7939936342,0.0008492253,0.0001281405,-0.1745267821
558986.4800241890,0.0037471916,0.0043405466,9.7940134761,0.0019348882,0.0000955887,-0.1745050869
558986.4900241890,0.0033187664,-0.0028301638,9.7941665135,0.0010337880,0.0001064393,-0.1745159345
558986.5000241890,0.0040463982,0.0067820195,9.7944695840,0.0015766194,0.0001064393,-0.1745267821
558986.5100241890,0.0062203845,-0.0049533826,9.7935313919,0.0014029134,0.0001172899,-0.1745376297
558986.5200241890,0.0035987350,0.0023572797,9.7935563087,0.0012617772,0.0001172899,-0.1744616966
558986.5300241890,0.0032978010,0.0009833563,9.7934057086,0.0017828954,0.0000955887,-0.1744833917
558986.5400241890,0.0048279667,0.0003793626,9.7936977617,0.0009252217,0.0001281405,-0.1745159345
558986.5500241891,0.0052892270,0.0003810301,9.7941514848,0.0019348882,0.0000955887,-0.1744725442
558986.5600241889,0.0037636198,-0.0023700822,9.7927903287,0.0008600819,0.0001281405,-0.1744400014
558986.5700241890,0.0031311314,0.0061682991,9.7941718979,0.0019348882,0.0000955887,-0.1743857634
558986.5800241890,0.0045353328,-0.0034349220,9.7933935358,0.0009686482,0.0001064393,-0.1743966110
558986.5900241890,0.0049728251,0.0029728066,9.7940026984,0.0016960423,0.0001172899,-0.1744833917
558986.6000241890,0.0042399824,-0.0037417125,9.7944635021,0.0014029134,0.0001172899,-0.1744833917
558986.6100241890,0.0040463696,0.0064770351,9.7943169347,0.0012292073,0.0001172899,-0.1745701725
558986.6200241890,0.0026966138,-0.0010020641,9.7935623865,0.0017177556,0.0000847381,-0.1745593249
558986.6300241890,0.0052897359,-0.0006864500,9.7936934672,0.0009252217,0.0001064393,-0.1745484773
558986.6400241890,0.0048172869,0.0034298315,9.7938516666,0.0019783147,0.0001064393,-0.1745159345
558986.6500241890,0.0037620071,-0.0000825951,9.7937064336,0.0008709385,0.0001172899,-0.1745267821
558986.6600241890,0.0032931563,0.0034235093,9.7940168638,0.0019023183,0.0000955887,-0.1744616966
558986.6700241891,0.0037810445,-0.0049634565,9.7937042014,0.0010120747,0.0001172899,-0.1744508490
558986.6800241889,0.0052732216,0.0051092256,9.7944586668,0.0017394689,0.0000955887,-0.1744725442
558986.6900241890,0.0045269753,-0.0016045296,9.7932418631,0.0011857808,0.0001064393,-0.1744616966
558986.7000241890,0.0043597395,0.0040379244,9.7941607714,0.0014463399,0.0001172899,-0.1744616966
558986.7100241890,0.0040801938,-0.0031319523,9.7938550108,0.0015657628,0.0000847381,-0.1744074586
558986.7200241890,0.0042107168,0.0025121689,9.7938563230,0.0011423543,0.0001281405,-0.1744291538
558986.7300241890,0.0048244546,0.0019044929,9.7940034788,0.0018154653,0.0000955887,-0.1744291538
558986.7400241890,0.0040628839,0.0006813595,9.7935517352,0.0009252217,0.0001064393,-0.1744400014
558986.7500241890,0.0037512700,0.0023579050,9.7935550400,0.0019240316,0.0000847381,-0.1744942393
558986.7600241890,0.0051490993,-0.0037376136,9.7936933408,0.0008709385,0.0001172899,-0.1745484773
558986.7700241890,0.0040469071,0.0057145394,9.7940115664,0.0018806050,0.0000847381,-0.1745701725
558986.7800241890,0.0049893680,-0.0025178847,9.7933901481,0.0010555012,0.0001281405,-0.1745376297
558986.7900241890,0.0035976312,0.0035772867,9.7940143960,0.0016200459,0.0001064393,-0.1744942393
558986.8000241891,0.0042398677,-0.0049616501,9.7938529050,0.0014029134,0.0001064393,-0.1744725442
558986.8100241889,0.0048101766,0.0055651389,9.7940051530,0.0012726338,0.0001281405,-0.1744725442
558986.8200241890,0.0036076014,-0.0005405928,9.7932499638,0.0016960423,0.0001064393,-0.1744291538
558986.8300241890,0.0033007756,0.0002207218,9.7934053598,0.0009143650,0.0000955887,-0.1744725442
558986.8400241890,0.0048231787,0.0012945935,9.7935456705,0.0020217412,0.0000955887,-0.1744616966
558986.8500241890,0.0055995364,-0.0022103992,9.7935377224,0.0008383686,0.0001281405,-0.1744833917
558986.8600241890,0.0046601360,0.0061743435,9.7946167398,0.0019023183,0.0000955887,-0.1744616966
558986.8700241890,0.0040771619,-0.0029792866,9.7935500610,0.0010555012,0.0001281405,-0.1744942393
558986.8800241890,0.0045104323,0.0038861617,9.7938544134,0.0015223363,0.0001064393,-0.1745376297
558986.8900241890,0.0048398364,-0.0029761602,9.7935437173,0.0015331929,0.0001064393,-0.1744942393
558986.9000241890,0.0051265785,0.0029733624,9.7941539394,0.0010989277,0.0001281405,-0.1744616966
558986.9100241890,0.0039103776,0.0009857186,9.7937056532,0.0018480352,0.0000738874,-0.1745159345
558986.9200241891,0.0037691748,-0.0016079337,9.7938582458,0.0008600819,0.0001281405,-0.1745159345
558986.9300241889,0.0042094983,0.0025122383,9.7937038133,0.0020108846,0.0000955887,-0.1744833917
558986.9400241890,0.0039252505,-0.0028274543,9.7937039093,0.0008926518,0.0001172899,-0.1744508490
558986.9500241890,0.0054204309,0.0067875776,9.7946106751,0.0017828954,0.0001172899,-0.1743966110
558986.9600241890,0.0036273484,-0.0043540435,9.7938582590,0.0011857808,0.0001064393,-0.1744074586
558986.9700241890,0.0037471916,0.0043405466,9.7940134761,0.0013920567,0.0000955887,-0.1744183062
558986.9800241890,0.0045258715,-0.0003845226,9.7936999504,0.0016960423,0.0000955887,-0.1743966110
558986.9900241890,0.0051283346,0.0022107973,9.7940010809,0.0009577916,0.0001172899,-0.1745267821
558987.0000241890,0.0046707298,0.0022089214,9.7940048871,0.0019674581,0.0000955887,-0.1745701725
558987.0100241890,0.0024046608,-0.0040539225,9.7937160386,0.0008166554,0.0001064393,-0.1748305147
558987.0200241890,0.0046582079,0.0051070023,9.7938537027,0.0019240316,0.0000955887,-0.1745593249
558987.0300241890,0.0049887158,-0.0029753266,9.7930849193,0.0010229313,0.0001064393,-0.1745593249
558987.0400241890,0.0045074864,0.0049537807,9.7940074114,0.0016309026,0.0001172899,-0.1745484773
558987.0500241891,0.0034694019,-0.0035918953,9.7935548570,0.0014354832,0.0000847381,-0.1745376297
558987.0600241889,0.0026806944,0.0046410846,9.7943275163,0.0012292073,0.0001172899,-0.1745159345
558987.0700241890,0.0042171748,-0.0000805804,9.7933976079,0.0017503255,0.0001064393,-0.1744942393
558987.0800241890,0.0045313691,-0.0002323428,9.7944625690,0.0009143650,0.0001172899,-0.1744074586
558987.0900241890,0.0037567389,0.0022051003,9.7941650093,0.0019674581,0.0001064393,-0.1744400014
558987.1000241890,0.0034586647,-0.0011513952,9.7934034633,0.0008709385,0.0001172899,-0.1744616966
558987.1100241890,0.0042006032,0.0051051265,9.7938575089,0.0018914617,0.0000847381,-0.1743966110
558987.1200241890,0.0043838444,-0.0052655231,9.7926314187,0.0010120747,0.0001281405,-0.1744400014
558987.1300241890,0.0045104897,0.0044961305,9.7941597119,0.0017068990,0.0000847381,-0.1744725442
558987.1400241890,0.0034623489,-0.0008466191,9.7940136418,0.0012943471,0.0001389912,-0.1745267821
558987.1500241890,0.0035922196,0.0043400602,9.7937097253,0.0012726338,0.0000955887,-0.1745484773
558987.1600241890,0.0036298714,-0.0034392292,9.7946212263,0.0016309026,0.0001064393,-0.1744833917
558987.1700241891,0.0055853157,0.0020602156,9.7938446951,0.0010989277,0.0001172899,-0.1745593249
558987.1800241889,0.0037561153,0.0020526428,9.7940124297,0.0018046086,0.0001064393,-0.1745593249
558987.1900241890,0.0048280241,0.0009893314,9.7940030603,0.0009469349,0.0001606924,-0.1745376297
558987.2000241890,0.0031513012,0.0003724151,9.7938642276,0.0019131749,0.0000955887,-0.1745159345
558987.2100241890,0.0046867352,-0.0025192741,9.7936977051,0.0009143650,0.0001281405,-0.1745267821
558987.2200241890,0.0051177694,0.0064812037,9.7947655828,0.0018914617,0.0000955887,-0.1744942393
558987.2300241890,0.0045311971,-0.0020622492,9.7935466734,0.0009795048,0.0001498418,-0.1744725442
558987.2400241890,0.0026842639,0.0037259231,9.7943270977,0.0016526158,0.0001064393,-0.1744183062
558987.2500241890,0.0033198129,-0.0046601396,9.7934031276,0.0013594868,0.0000955887,-0.1744074586
558987.2600241890,0.0055674682,0.0066360231,9.7938467878,0.0013703435,0.0001172899,-0.1744508490
558987.2700241890,0.0043684912,-0.0000798857,9.7932438294,0.0016309026,0.0000955887,-0.1744725442
558987.2800241900,0.0030017409,-0.0003908448,9.7938651476,0.0009360783,0.0001064393,-0.1745159345
558987.2900241900,0.0029970103,0.0011343550,9.7940183549,0.0019891713,0.0000847381,-0.1744942393
558987.3000241900,0.0045258428,-0.0006895070,9.7935473012,0.0008057987,0.0001172899,-0.1745376297
558987.3100241900,0.0054306305,0.0051095732,9.7950674371,0.0019240316,0.0001064393,-0.1745376297
558987.3200241900,0.0043893707,-0.0048083590,9.7935466865,0.0010012181,0.0001281405,-0.1745159345
558987.3300241900,0.0022212189,0.0041818364,9.7938735839,0.0017177556,0.0000847381,-0.1745593249
558987.3400241900,0.0042249088,-0.0020634303,9.7933967011,0.0013052037,0.0001064393,-0.1745484773
558987.3500241900,0.0046654043,0.0038866481,9.7941581641,0.0012834904,0.0001172899,-0.1745050869
558987.3600241900,0.0046850078,-0.0014517246,9.7940032129,0.0016417592,0.0001064393,-0.1745159345
558987.3700241901,0.0031530860,-0.0000851657,9.7938640183,0.0010337880,0.0001172899,-0.1744833917
558987.3800241899,0.0036017670,0.0022046139,9.7938612585,0.0019566015,0.0000738874,-0.1744833917
558987.3900241900,0.0051323843,-0.0000768287,9.7933899955,0.0008275120,0.0001281405,-0.1744616966
558987.4000241900,0.0043573599,0.0046480321,9.7941610504,0.0019674581,0.0001064393,-0.1744291538
558987.4100241900,0.0034741039,-0.0054220795,9.7932490004,0.0009577916,0.0001281405,-0.1744942393
558987.4200241900,0.0037472489,0.0049505154,9.7943187746,0.0017286122,0.0001172899,-0.1744942393
558987.4300241900,0.0045252192,-0.0008419644,9.7933947216,0.0012726338,0.0001064393,-0.1744833917
558987.4400241900,0.0051235752,0.0034310126,9.7940016389,0.0013160603,0.0001172899,-0.1744942393
558987.4500241900,0.0031662315,-0.0028307890,9.7941677822,0.0017068990,0.0000955887,-0.1745484773
558987.4600241900,0.0037555491,0.0025101542,9.7941651488,0.0010012181,0.0001064393,-0.1745593249
558987.4700241900,0.0029838361,0.0035749939,9.7935619417,0.0019348882,0.0000847381,-0.1745593249
558987.4800241900,0.0049923426,-0.0032805193,9.7933897993,0.0007840855,0.0001172899,-0.1744833917
558987.4900241900,0.0042102079,0.0035796490,9.7943143406,0.0019891713,0.0001064393,-0.1745050869
558987.5000241901,0.0033114554,-0.0028297471,9.7932514550,0.0010012181,0.0001172899,-0.1745267821
558987.5100241899,0.0035857903,0.0072377939,9.7943210897,0.0016526158,0.0001172899,-0.1744833917
558987.5200241900,0.0045341430,-0.0031298682,9.7933936753,0.0013594868,0.0000955887,-0.1744616966
558987.5300241900,0.0034541348,0.0025086953,9.7946252155,0.0012617772,0.0001172899,-0.1744400014
558987.5400241900,0.0034582418,0.0008310381,9.7943194287,0.0017611821,0.0001064393,-0.1744291538
558987.5500241900,0.0039032099,0.0025110572,9.7935538410,0.0008709385,0.0001172899,-0.1744616966
558987.5600241900,0.0028451276,0.0015911716,9.7943248524,0.0019348882,0.0001064393,-0.1743966110
558987.5700241900,0.0036219655,-0.0032862857,9.7937062375,0.0008709385,0.0001064393,-0.1744616966
558987.5800241900,0.0038950818,0.0067813248,9.7946233625,0.0019240316,0.0000738874,-0.1744942393
558987.5900241900,0.0037733392,-0.0026756221,9.7938577575,0.0010337880,0.0001498418,-0.1745376297
558987.6000241900,0.0039032960,0.0034260104,9.7940117888,0.0015331929,0.0001064393,-0.1745484773
558987.6100241900,0.0037690888,-0.0025228869,9.7934002980,0.0015223363,0.0000955887,-0.1745593249
558987.6200241901,0.0051176261,0.0049562818,9.7940023365,0.0011206410,0.0001606924,-0.1745484773
558987.6300241899,0.0034635961,-0.0005417042,9.7943188009,0.0017503255,0.0001064393,-0.1745050869
558987.6400241900,0.0028545889,-0.0014592279,9.7940184378,0.0009469349,0.0001064393,-0.1744725442
558987.6500241900,0.0040581819,0.0025115436,9.7938575918,0.0019891713,0.0000955887,-0.1744942393
558987.6600241900,0.0043690862,-0.0002324126,9.7932437597,0.0008383686,0.0001172899,-0.1745050869
558987.6700241900,0.0032830428,0.0060164669,9.7940180496,0.0018697484,0.0000955887,-0.1744725442
558987.6800241900,0.0034710719,-0.0052694137,9.7929440506,0.0010012181,0.0001498418,-0.1744942393
558987.6900241900,0.0041988758,0.0061726760,9.7941630167,0.0016634725,0.0001064393,-0.1744942393
558987.7000241900,0.0049888305,-0.0017553890,9.7936955164,0.0013160603,0.0001064393,-0.1745484773
558987.7100241900,0.0032944322,0.0040334086,9.7944746721,0.0012943471,0.0001389912,-0.1745484773
558987.7200241900,0.0036202667,-0.0019137517,9.7941643946,0.0017068990,0.0000955887,-0.1745376297
558987.7300241900,0.0033020514,0.0008306211,9.7938631681,0.0010012181,0.0001064393,-0.1745267821
558987.7400241900,0.0043566216,0.0032756370,9.7933978738,0.0018914617,0.0000955887,-0.1745918677
558987.7500241901,0.0045318493,-0.0016048073,9.7938519021,0.0008275120,0.0001172899,-0.1745484773
558987.7600241899,0.0028301400,0.0041844069,9.7937159992,0.0019240316,0.0000955887,-0.1744942393
558987.7700241900,0.0033180855,-0.0035925900,9.7937086354,0.0009686482,0.0000955887,-0.1744833917
558987.7800241900,0.0046534486,0.0063272176,9.7938542607,0.0017177556,0.0001064393,-0.1744725442
558987.7900241900,0.0045366660,-0.0022150539,9.7941566426,0.0013160603,0.0001064393,-0.1744616966
558987.8000241900,0.0037538503,0.0038826881,9.7946233058,0.0012726338,0.0001064393,-0.1744508490
558987.8100241900,0.0020949463,-0.0016150201,9.7943297312,0.0017177556,0.0000847381,-0.1744074586
558987.8200241900,0.0042142289,0.0009870386,9.7935506060,0.0009252217,0.0001172899,-0.1744291538
558987.8300241900,0.0048161258,0.0040398697,9.7940044554,0.0019023183,0.0000847381,-0.1744074586
558987.8400241900,0.0051419316,-0.0022122750,9.7935415287,0.0008492253,0.0001498418,-0.1744616966
558987.8500241900,0.0017659938,0.0035698529,9.7938771111,0.0019348882,0.0000955887,-0.1744508490
558987.8600241900,0.0024010913,-0.0031387610,9.7937164571,0.0009795048,0.0000955887,-0.1745376297
558987.8700241901,0.0058750037,0.0069421192,9.7943019191,0.0016634725,0.0000955887,-0.1745376297
558987.8800241899,0.0045311111,-0.0029772024,9.7930887255,0.0013052037,0.0001064393,-0.1745267821
558987.8900241900,0.0019233741,0.0032652160,9.7943332321,0.0012400639,0.0001172899,-0.1744725442
558987.9000241900,0.0017869019,-0.0008536361,9.7943326175,0.0017611821,0.0000955887,-0.1744616966
558987.9100241900,0.0043698244,0.0011399825,9.7940069362,0.0008817951,0.0000955887,-0.1744400014
558987.9200241900,0.0054237997,0.0037375253,9.7935417117,0.0019891713,0.0001064393,-0.1744725442
558987.9300241900,0.0036207756,-0.0029812318,9.7937063770,0.0008383686,0.0001172899,-0.1744725442
558987.9400241900,0.0023702130,0.0054026075,9.7940253830,0.0018480352,0.0000955887,-0.1743749158
558987.9500241900,0.0024016575,-0.0035962723,9.7935637381,0.0010229313,0.0001064393,-0.1743423730
558987.9600241900,0.0046606449,0.0051068634,9.7941587222,0.0015657628,0.0001064393,-0.1743966110
558987.9700241900,0.0045293263,-0.0025196217,9.7930889348,0.0014680531,0.0000847381,-0.1744183062
558987.9800241900,0.0023785418,0.0032672307,9.7940244064,0.0011532109,0.0001281405,-0.1744833917
558987.9900241900,0.0030036117,0.0000665277,9.7943228861,0.0018046086,0.0000847381,-0.1745701725
558988.0000241901,0.0051330366,0.0003806131,9.7936952243,0.0008926518,0.0001064393,-0.1745484773
558988.0100241899,0.0043584637,0.0034280251,9.7937029631,0.0019023183,0.0000847381,-0.1748522099
558988.0200241900,0.0031613575,-0.0028305113,9.7935577432,0.0008709385,0.0001498418,-0.1746027153
558988.0300241900,0.0029839794,0.0050999159,9.7943251881,0.0018697484,0.0000630368,-0.1746352581
558988.0400241900,0.0036236929,-0.0043538352,9.7934007297,0.0010663578,0.0001172899,-0.1746135629
558988.0500241900,0.0041999796,0.0049526690,9.7937049294,0.0015874761,0.0000738874,-0.1744833917
558988.0600241900,0.0046801338,-0.0014514468,9.7933931739,0.0014463399,0.0001172899,-0.1743532206
558988.0700241900,0.0025317290,0.0037252978,9.7943283665,0.0011749241,0.0001172899,-0.1743206778
558988.0800241900,0.0031560606,-0.0008478003,9.7938636696,0.0017394689,0.0001064393,-0.1743640682
558988.0900241900,0.0028553559,0.0002181515,9.7949342636,0.0009360783,0.0001064393,-0.1744291538
558988.1000241900,0.0043626854,0.0029703055,9.7940077733,0.0019240316,0.0000955887,-0.1744291538
558988.1100241900,0.0040688043,-0.0011488941,9.7933983883,0.0008492253,0.0001064393,-0.1745159345
558988.1200241901,0.0032956507,0.0040333392,9.7946271818,0.0019240316,0.0000955887,-0.1744833917
558988.1300241899,0.0034705630,-0.0042019336,9.7934020682,0.0010120747,0.0001064393,-0.1745484773
558988.1400241900,0.0037442743,0.0057131500,9.7943191234,0.0016200459,0.0000955887,-0.1745267821
558988.1500241900,0.0037727730,-0.0022181108,9.7940104766,0.0013052037,0.0001172899,-0.1745484773
558988.1600241900,0.0036036951,0.0032719552,9.7946242956,0.0012617772,0.0001064393,-0.1745376297
558988.1700241900,0.0034586074,-0.0017613640,9.7930981648,0.0017286122,0.0000955887,-0.1745484773
558988.1800241900,0.0037561153,0.0020526428,9.7940124297,0.0009143650,0.0001281405,-0.1745267821
558988.1900241900,0.0029820513,0.0040325747,9.7935621510,0.0020108846,0.0000738874,-0.1744400014
558988.2000241900,0.0037829726,-0.0038961152,9.7944672385,0.0007840855,0.0001172899,-0.1744616966
558988.2100241900,0.0046594551,0.0054119172,9.7941588617,0.0018806050,0.0000955887,-0.1744725442
558988.2200241900,0.0030124207,-0.0034413137,9.7937112427,0.0010663578,0.0000955887,-0.1743966110
558988.2300241900,0.0034356350,0.0066270609,9.7943220794,0.0014789098,0.0001064393,-0.1743966110
558988.2400241900,0.0039209427,-0.0032846879,9.7929411512,0.0015440495,0.0000955887,-0.1744183062
558988.2500241901,0.0048287050,0.0017517576,9.7944609383,0.0010446446,0.0001281405,-0.1744833917
558988.2600241899,0.0036042613,0.0028144438,9.7944715765,0.0019674581,0.0001064393,-0.1745376297
558988.2700241900,0.0025447024,-0.0008502319,9.7937162347,0.0007623722,0.0001281405,-0.1745918677
558988.2800241900,0.0028338242,0.0044891830,9.7943261778,0.0019348882,0.0000847381,-0.1745376297
558988.2900241900,0.0045425005,-0.0049602606,9.7935453480,0.0009686482,0.0001064393,-0.1745701725
558988.3000241900,0.0048107715,0.0054126120,9.7940050832,0.0016417592,0.0001172899,-0.1745593249
558988.3100241900,0.0030052817,-0.0016109907,9.7937120798,0.0013594868,0.0000955887,-0.1745918677
558988.3200241900,0.0031382704,0.0043379761,9.7941710608,0.0012183507,0.0001281405,-0.1745593249
558988.3300241900,0.0025470534,-0.0017653240,9.7935633065,0.0017611821,0.0000738874,-0.1744942393
558988.3400241900,0.0046791447,0.0009884978,9.7944618583,0.0009143650,0.0001281405,-0.1745267821
558988.3500241900,0.0042060148,0.0043423530,9.7941621796,0.0019566015,0.0000847381,-0.1744833917
558988.3600241910,0.0036147404,-0.0023709158,9.7932491268,0.0007840855,0.0001172899,-0.1744833917
558988.3700241910,0.0025287257,0.0041829480,9.7941760660,0.0019131749,0.0000955887,-0.1744291538
558988.3800241910,0.0037816967,-0.0045060146,9.7940094302,0.0011097844,0.0000955887,-0.1744400014
558988.3900241910,0.0045027845,0.0067839648,9.7943132680,0.0015006230,0.0000955887,-0.1744616966
558988.4000241910,0.0040771905,-0.0026743022,9.7937027103,0.0014571965,0.0001172899,-0.1745050869
558988.4100241910,0.0025346462,0.0023526945,9.7940227191,0.0011314976,0.0001064393,-0.1745267821
558988.4200241910,0.0036119379,0.0002216251,9.7941653712,0.0017937520,0.0001064393,-0.1744833917
558988.4300241910,0.0046670170,0.0015991609,9.7932420593,0.0008817951,0.0001064393,-0.1745159345
558988.4400241910,0.0037518935,0.0025103625,9.7937076195,0.0019348882,0.0000847381,-0.1745050869
558988.4500241911,0.0030142628,-0.0032889256,9.7940163320,0.0008817951,0.0001281405,-0.1744942393
558988.4600241910,0.0026783721,0.0058611611,9.7946330938,0.0018914617,0.0000847381,-0.1745159345
558988.4700241910,0.0030058767,-0.0017635176,9.7937120100,0.0010337880,0.0000955887,-0.1744725442
558988.4800241910,0.0035995594,0.0046446280,9.7947774331,0.0015657628,0.0001064393,-0.1744942393
558988.4900241910,0.0040752911,-0.0034366590,9.7930923225,0.0013594868,0.0001064393,-0.1745050869
558988.5000241910,0.0029820800,0.0043375591,9.7937148003,0.0012834904,0.0000955887,-0.1744942393
558988.5100241910,0.0025375348,0.0006751067,9.7935644226,0.0016634725,0.0001064393,-0.1744291538
558988.5200241910,0.0039104063,0.0012907030,9.7938583025,0.0009795048,0.0001281405,-0.1744725442
558988.5300241910,0.0043728564,0.0009873167,9.7943118860,0.0019131749,0.0000738874,-0.1744725442
558988.5400241910,0.0034629151,-0.0013041304,9.7938609228,0.0008383686,0.0001498418,-0.1745267821
558988.5500241910,0.0017618581,0.0049425257,9.7940302487,0.0019131749,0.0000738874,-0.1744833917
558988.5600241910,0.0031607626,-0.0026779844,9.7935578130,0.0009143650,0.0001064393,-0.1745267821
558988.5700241911,0.0042030115,0.0048000032,9.7940098791,0.0017286122,0.0001064393,-0.1745376297
558988.5800241909,0.0033120503,-0.0029822741,9.7932513852,0.0012292073,0.0001172899,-0.1745376297
558988.5900241910,0.0019162638,0.0054005234,9.7944867185,0.0013920567,0.0000955887,-0.1745593249
558988.6000241910,0.0026984272,-0.0011546605,9.7937148265,0.0016309026,0.0000847381,-0.1745484773
558988.6100241910,0.0039115961,0.0009856491,9.7938581629,0.0009469349,0.0001064393,-0.1744833917
558988.6200241910,0.0048244546,0.0019044929,9.7940034788,0.0019674581,0.0000955887,-0.1744942393
558988.6300241910,0.0026966138,-0.0010020641,9.7935623865,0.0007732289,0.0001281405,-0.1744400014
558988.6400241910,0.0022195202,0.0055543703,9.7943317410,0.0019348882,0.0000955887,-0.1744616966
558988.6500241910,0.0030184273,-0.0043566141,9.7940158437,0.0010120747,0.0000955887,-0.1743966110
558988.6600241910,0.0042054772,0.0051048487,9.7944675479,0.0016417592,0.0001172899,-0.1744291538
558988.6700241910,0.0030040632,-0.0016109212,9.7935595700,0.0013160603,0.0001281405,-0.1744508490
558988.6800241910,0.0019162064,0.0047905546,9.7941814200,0.0012834904,0.0000955887,-0.1744725442
558988.6900241910,0.0031596014,-0.0020679461,9.7937106017,0.0016309026,0.0000847381,-0.1745050869
558988.7000241911,0.0048207704,0.0015997168,9.7933933003,0.0010120747,0.0001064393,-0.1745267821
558988.7100241910,0.0042119353,0.0025120994,9.7940088328,0.0018806050,0.0000955887,-0.1744833917
558988.7200241910,0.0033097853,-0.0011522288,9.7938622613,0.0008383686,0.0001281405,-0.1745267821
558988.7300241910,0.0025347036,0.0029626633,9.7943280177,0.0019674581,0.0000738874,-0.1745376297
558988.7400241910,0.0036220515,-0.0023713325,9.7941641853,0.0009143650,0.0001172899,-0.1744725442
558988.7500241910,0.0037371640,0.0078484574,9.7944726098,0.0017286122,0.0001064393,-0.1744616966
558988.7600241910,0.0030129870,-0.0038988250,9.7935585237,0.0011857808,0.0001172899,-0.1745159345
558988.7700241910,0.0031418113,0.0031178302,9.7940179930,0.0013594868,0.0000847381,-0.1744833917
558988.7800241910,0.0023958231,-0.0008510655,9.7941750328,0.0017394689,0.0001064393,-0.1744183062
558988.7900241910,0.0038989022,0.0020538236,9.7927910829,0.0008709385,0.0001281405,-0.1744074586
558988.8000241910,0.0048191003,0.0032772351,9.7940041066,0.0019891713,0.0000955887,-0.1744725442
558988.8100241910,0.0034627718,-0.0028290524,9.7930976765,0.0007840855,0.0001172899,-0.1744833917
558988.8200241911,0.0022165169,0.0060120205,9.7941794405,0.0018046086,0.0001172899,-0.1744942393
558988.8300241909,0.0031607339,-0.0029829688,9.7934051637,0.0011532109,0.0000847381,-0.1744942393
558988.8400241910,0.0045074864,0.0049537807,9.7940074114,0.0013812001,0.0001172899,-0.1745050869
558988.8500241910,0.0031565695,-0.0019152804,9.7934056520,0.0016200459,0.0001064393,-0.1745159345
558988.8600241910,0.0025388393,0.0015899904,9.7941748801,0.0010120747,0.0001064393,-0.1744833917
558988.8700241910,0.0034504792,0.0025089036,9.7941676862,0.0019131749,0.0000847381,-0.1744508490
558988.8800241910,0.0036173208,-0.0008461327,9.7943173926,0.0007840855,0.0001064393,-0.1744725442
558988.8900241910,0.0043567363,0.0044955746,9.7940084709,0.0019131749,0.0000955887,-0.1744508490
558988.9000241910,0.0043821743,-0.0035880048,9.7932422250,0.0009686482,0.0001172899,-0.1744616966
558988.9100241910,0.0028211876,0.0061673263,9.7935643963,0.0016417592,0.0000955887,-0.1744074586
558988.9200241910,0.0031601963,-0.0022204731,9.7937105320,0.0013594868,0.0001172899,-0.1744508490
558988.9300241910,0.0029905522,0.0037271042,9.7944770700,0.0012617772,0.0000847381,-0.1744616966
558988.9400241910,0.0037692608,-0.0006929805,9.7943161936,0.0017068990,0.0000955887,-0.1744942393
558988.9500241911,0.0037590899,0.0012900083,9.7940120810,0.0009360783,0.0001281405,-0.1745267821
558988.9600241910,0.0028337095,0.0032692454,9.7937155807,0.0019023183,0.0000847381,-0.1745159345
558988.9700241910,0.0031565408,-0.0022202648,9.7932530027,0.0008275120,0.0001064393,-0.1745267821
558988.9800241910,0.0040437892,0.0049522520,9.7932486688,0.0019240316,0.0001064393,-0.1745484773
558988.9900241910,0.0031589205,-0.0028303724,9.7932527237,0.0010120747,0.0001064393,-0.1745701725
558989.0000241910,0.0031304792,0.0057108572,9.7938666691,0.0016526158,0.0001064393,-0.1745484773
558989.0100241910,0.0025548734,-0.0028332207,9.7940203474,0.0012943471,0.0001172899,-0.1748196671
558989.0200241910,0.0037508184,0.0040353539,9.7943183561,0.0013052037,0.0000955887,-0.1744833917
558989.0300241910,0.0039162694,-0.0011495194,9.7933996571,0.0016634725,0.0000738874,-0.1744616966
558989.0400241910,0.0032985106,0.0020507670,9.7940162359,0.0009360783,0.0001281405,-0.1744833917
558989.0500241910,0.0031399978,0.0032704265,9.7938655530,0.0019674581,0.0000955887,-0.1744074586
558989.0600241910,0.0030052244,-0.0022209595,9.7934067812,0.0007949421,0.0001498418,-0.1744725442
558989.0700241911,0.0038967519,0.0051038065,9.7940125561,0.0019131749,0.0000955887,-0.1744725442
558989.0800241909,0.0028550692,-0.0028316924,9.7934077709,0.0010012181,0.0000955887,-0.1745159345
558989.0900241910,0.0028296598,0.0055568714,9.7943266661,0.0015766194,0.0001064393,-0.1744942393
558989.1000241910,0.0028562590,-0.0031367462,9.7934076314,0.0013703435,0.0001172899,-0.1744833917
558989.1100241910,0.0023791367,0.0031147038,9.7940243367,0.0012292073,0.0001064393,-0.1744942393
558989.1200241910,0.0031518962,0.0002198882,9.7938641579,0.0017828954,0.0000847381,-0.1745050869
558989.1300241910,0.0033014565,0.0009831480,9.7938632379,0.0008817951,0.0001064393,-0.1744725442
558989.1400241910,0.0039051667,0.0038833828,9.7944695273,0.0019566015,0.0000955887,-0.1744508490
558989.1500241910,0.0025518414,-0.0026805549,9.7937153977,0.0008383686,0.0001281405,-0.1744616966
558989.1600241910,0.0023696754,0.0061651032,9.7943307513,0.0018371785,0.0000630368,-0.1744291538
558989.1700241910,0.0036183099,-0.0032860773,9.7932487082,0.0010880711,0.0001064393,-0.1744725442
558989.1800241910,0.0029809762,0.0055575661,9.7941728876,0.0014897664,0.0001064393,-0.1744508490
558989.1900241910,0.0028563450,-0.0022217931,9.7938655792,0.0015006230,0.0000955887,-0.1744725442
558989.2000241911,0.0028366267,0.0018966420,9.7934099334,0.0010229313,0.0001172899,-0.1744942393
558989.2100241910,0.0032978583,0.0015933251,9.7937110072,0.0019023183,0.0000955887,-0.1744616966
558989.2200241910,0.0036112570,-0.0005408011,9.7937074931,0.0007515156,0.0001172899,-0.1745484773
558989.2300241910,0.0028265705,0.0050995684,9.7937164178,0.0019783147,0.0000847381,-0.1744942393
558989.2400241910,0.0033241493,-0.0038979216,9.7943185350,0.0009252217,0.0001281405,-0.1745701725
558989.2500241910,0.0025179312,0.0060134794,9.7937193738,0.0017068990,0.0000847381,-0.1745701725
558989.2600241910,0.0027055949,-0.0026799991,9.7938666387,0.0013052037,0.0001172899,-0.1745484773
558989.2700241910,0.0026788236,0.0041837122,9.7938697777,0.0012400639,0.0000955887,-0.1744833917
558989.2800241910,0.0031524337,-0.0005426075,9.7935587896,0.0017394689,0.0000955887,-0.1745484773
558989.2900241910,0.0034534538,0.0017462690,9.7941673375,0.0008926518,0.0001064393,-0.1744508490
558989.3000241910,0.0028330859,0.0031167879,9.7935630012,0.0019131749,0.0000847381,-0.1744725442
558989.3100241910,0.0030058193,-0.0023734864,9.7934067115,0.0008275120,0.0001064393,-0.1744725442
558989.3200241911,0.0034397421,0.0049494037,9.7940162926,0.0019240316,0.0000955887,-0.1743857634
558989.3300241909,0.0033109178,-0.0020672514,9.7935568233,0.0009577916,0.0001172899,-0.1744291538
558989.3400241910,0.0026801855,0.0057085647,9.7947855338,0.0016091893,0.0001064393,-0.1744291538
558989.3500241910,0.0020996483,-0.0034452042,9.7940238746,0.0012943471,0.0000955887,-0.1744400014
558989.3600241910,0.0025347036,0.0029626633,9.7943280177,0.0012834904,0.0001064393,-0.1744616966
558989.3700241910,0.0037602224,0.0003749856,9.7937066429,0.0016743291,0.0000847381,-0.1744725442
558989.3800241910,0.0031417252,0.0022028770,9.7935600452,0.0010012181,0.0001172899,-0.1745593249
558989.3900241910,0.0020817721,0.0008256189,9.7938733180,0.0018480352,0.0000738874,-0.1745918677
558989.4000241910,0.0033110038,-0.0011522982,9.7940147711,0.0008926518,0.0001172899,-0.1745701725
558989.4100241910,0.0029785392,0.0055577050,9.7938678681,0.0018914617,0.0000847381,-0.1745376297
558989.4200241910,0.0034713013,-0.0028295385,9.7941652448,0.0008492253,0.0001281405,-0.1745376297
558989.4300241920,0.0020668706,0.0043338074,9.7937224127,0.0018046086,0.0000738874,-0.1745050869
558989.4400241920,0.0024022238,-0.0040537836,9.7934110191,0.0011857808,0.0001172899,-0.1744942393
558989.4500241920,0.0029761595,0.0061678127,9.7938681471,0.0014571965,0.0000955887,-0.1744183062
558989.4600241920,0.0036100098,-0.0008457161,9.7934023341,0.0015223363,0.0001064393,-0.1744616966
558989.4700241920,0.0023874369,0.0006743425,9.7938707108,0.0010229313,0.0001064393,-0.1744725442
558989.4800241920,0.0020841231,-0.0000894732,9.7937203897,0.0018697484,0.0000847381,-0.1744508490
558989.4900241920,0.0022265158,0.0021991253,9.7935676576,0.0008492253,0.0001064393,-0.1744508490
558989.5000241920,0.0029779156,0.0054052475,9.7937152885,0.0019023183,0.0000847381,-0.1744074586
558989.5100241920,0.0043948396,-0.0049611637,9.7941566558,0.0008926518,0.0001281405,-0.1744833917
558989.5200241921,0.0028277603,0.0047945146,9.7937162783,0.0018263219,0.0000955887,-0.1745050869
558989.5300241919,0.0020888251,-0.0019196573,9.7934145331,0.0011749241,0.0000955887,-0.1744942393
558989.5400241920,0.0035887648,0.0064751593,9.7943207409,0.0013703435,0.0001064393,-0.1745484773
558989.5500241920,0.0028556067,-0.0035941881,9.7931024026,0.0015223363,0.0000847381,-0.1745267821
558989.5600241920,0.0036096729,0.0020516704,9.7947762473,0.0010446446,0.0001172899,-0.1744942393
558989.5700241920,0.0023784271,0.0020472931,9.7934138093,0.0018697484,0.0000955887,-0.1744725442
558989.5800241920,0.0022324650,0.0006738561,9.7935669600,0.0008383686,0.0001064393,-0.1745050869
558989.5900241920,0.0028307063,0.0037268956,9.7935632802,0.0019674581,0.0000738874,-0.1744616966
558989.6000241920,0.0037793457,-0.0035909225,9.7941623585,0.0008600819,0.0001498418,-0.1744400014
558989.6100241920,0.0028248718,0.0064721023,9.7941745749,0.0017611821,0.0000847381,-0.1744074586
558989.6200241920,0.0017903854,-0.0026837507,9.7938742511,0.0011423543,0.0001064393,-0.1744508490
558989.6300241920,0.0032932424,0.0043384625,9.7944748116,0.0013920567,0.0001064393,-0.1744183062
558989.6400241920,0.0033133835,-0.0017624059,9.7940144920,0.0015766194,0.0000738874,-0.1744508490
558989.6500241919,0.0040661452,0.0029685688,9.7950778791,0.0010446446,0.0001172899,-0.1745267821
558989.6600241920,0.0014674681,0.0018908062,9.7938788813,0.0018480352,0.0000847381,-0.1745376297
558989.6700241920,0.0026996457,-0.0011547299,9.7938673363,0.0008275120,0.0000955887,-0.1745159345
558989.6800241920,0.0037489763,0.0038829659,9.7940132668,0.0019566015,0.0000847381,-0.1745701725
558989.6900241920,0.0030057620,-0.0029834552,9.7931014129,0.0008926518,0.0001281405,-0.1745701725
558989.7000241920,0.0019078202,0.0063159626,9.7938770980,0.0017503255,0.0000955887,-0.1745918677
558989.7100241920,0.0027067560,-0.0032900373,9.7937138499,0.0011857808,0.0000955887,-0.1745701725
558989.7200241920,0.0031405928,0.0031178996,9.7938654832,0.0014137700,0.0000955887,-0.1745376297
558989.7300241920,0.0045282225,-0.0012996146,9.7935470221,0.0015549062,0.0001172899,-0.1745050869
558989.7400241920,0.0023798750,0.0044870988,9.7947875133,0.0010120747,0.0001064393,-0.1745159345
558989.7500241920,0.0017767023,0.0008243683,9.7938758555,0.0018480352,0.0000738874,-0.1744508490
558989.7600241920,0.0028490626,-0.0019163920,9.7931031699,0.0007623722,0.0001064393,-0.1744508490
558989.7700241921,0.0038985366,0.0046462257,9.7940123469,0.0020000280,0.0000847381,-0.1743749158
558989.7800241919,0.0033096706,-0.0023721664,9.7932516642,0.0008817951,0.0001281405,-0.1744400014
558989.7900241920,0.0019144217,0.0052481353,9.7941816292,0.0016743291,0.0000955887,-0.1744291538
558989.8000241920,0.0025577906,-0.0042058241,9.7937147001,0.0012943471,0.0000847381,-0.1744616966
558989.8100241920,0.0034439638,0.0044916841,9.7943211028,0.0012726338,0.0001064393,-0.1745376297
558989.8200241920,0.0025350978,0.0006752456,9.7932594030,0.0016526158,0.0000847381,-0.1745376297
558989.8300241920,0.0031465132,0.0012876460,9.7937121364,0.0009360783,0.0000955887,-0.1745810201
558989.8400241920,0.0026900697,0.0006757320,9.7935631538,0.0019240316,0.0000847381,-0.1745810201
558989.8500241920,0.0034545576,0.0005262620,9.7937092501,0.0008600819,0.0001281405,-0.1745376297
558989.8600241920,0.0014519429,0.0052465373,9.7935753964,0.0019023183,0.0000738874,-0.1745376297
558989.8700241920,0.0021026229,-0.0042078388,9.7940235258,0.0008926518,0.0001064393,-0.1745267821
558989.8800241920,0.0028356090,0.0040316022,9.7943259685,0.0017937520,0.0000955887,-0.1744833917
558989.8900241920,0.0030028447,-0.0016108518,9.7934070602,0.0011532109,0.0001172899,-0.1744725442
558989.9000241919,0.0017582886,0.0058576872,9.7940306672,0.0013703435,0.0000955887,-0.1744508490
558989.9100241920,0.0030065003,-0.0016110601,9.7938645895,0.0016526158,0.0000738874,-0.1744833917
558989.9200241920,0.0039146567,0.0011379677,9.7943157620,0.0009686482,0.0001172899,-0.1744725442
558989.9300241920,0.0037531407,0.0028152774,9.7940127785,0.0019348882,0.0000738874,-0.1744833917
558989.9400241920,0.0034532244,-0.0006936062,9.7929461433,0.0007840855,0.0001064393,-0.1745376297
558989.9500241920,0.0011535032,0.0044824438,9.7940351144,0.0019023183,0.0000955887,-0.1745701725
558989.9600241920,0.0025607939,-0.0046634743,9.7938670006,0.0009577916,0.0001064393,-0.1745701725
558989.9700241920,0.0037467400,0.0060179955,9.7947767922,0.0016634725,0.0000847381,-0.1745484773
558989.9800241920,0.0019375661,-0.0013103832,9.7938736102,0.0012726338,0.0001064393,-0.1745593249
558989.9900241920,0.0005421451,0.0044800121,9.7938876796,0.0013052037,0.0001064393,-0.1745050869
558990.0000241920,0.0019369138,-0.0017678251,9.7935683814,0.0016417592,0.0000738874,-0.1744725442
558990.0100241920,0.0055920032,0.0019073415,9.7946071742,0.0009469349,0.0001281405,-0.1747328864
558990.0200241921,0.0026812319,0.0038785889,9.7940221480,0.0019348882,0.0000738874,-0.1744616966
558990.0300241919,0.0014769581,-0.0008546089,9.7937251159,0.0007080891,0.0001064393,-0.1744291538
558990.0400241920,0.0020723395,0.0041810028,9.7943323820,0.0019348882,0.0000847381,-0.1744508490
558990.0500241920,0.0036219081,-0.0038962544,9.7934009389,0.0010229313,0.0001064393,-0.1744074586
558990.0600241920,0.0034344165,0.0066271304,9.7941695697,0.0015766194,0.0000847381,-0.1743966110
558990.0700241920,0.0017885433,-0.0028361388,9.7935691618,0.0013486302,0.0001064393,-0.1744183062
558990.0800241920,0.0016134302,0.0032642432,9.7937257306,0.0012617772,0.0001064393,-0.1744183062
558990.0900241920,0.0029986516,-0.0008481478,9.7932548993,0.0016526158,0.0000847381,-0.1745050869
558990.1000241920,0.0023766997,0.0031148426,9.7937193171,0.0010012181,0.0001064393,-0.1745701725
558990.1100241920,0.0026871811,0.0023533197,9.7940214504,0.0018480352,0.0000847381,-0.1745593249
558990.1200241920,0.0028557214,-0.0023742505,9.7937129997,0.0008492253,0.0001281405,-0.1746352581
558990.1300241920,0.0023725066,0.0038775467,9.7935671562,0.0019674581,0.0000630368,-0.1745484773
558990.1400241920,0.0027056522,-0.0020700303,9.7941719372,0.0008926518,0.0001172899,-0.1745159345
558990.1500241919,0.0028278177,0.0054044834,9.7940215768,0.0017394689,0.0000738874,-0.1744725442
558990.1600241920,0.0031661455,-0.0037457422,9.7937098344,0.0011423543,0.0001064393,-0.1744616966
558990.1700241920,0.0026752541,0.0050988737,9.7938701963,0.0014571965,0.0001064393,-0.1744400014
558990.1800241920,0.0017808094,-0.0008532889,9.7935700687,0.0015006230,0.0000847381,-0.1744616966
558990.1900241920,0.0020782887,0.0026557336,9.7943316844,0.0011097844,0.0001064393,-0.1744074586
558990.2000241920,0.0030035543,-0.0005434411,9.7940175876,0.0017394689,0.0000847381,-0.1744942393
558990.2100241920,0.0028426333,0.0009813416,9.7937145343,0.0009252217,0.0001064393,-0.1745267821
558990.2200241920,0.0013041673,0.0040256966,9.7935761071,0.0019023183,0.0000847381,-0.1745810201
558990.2300241920,0.0031626907,-0.0016106431,9.7943208500,0.0008275120,0.0001064393,-0.1745701725
558990.2400241920,0.0026812033,0.0035736045,9.7938694987,0.0018806050,0.0000521862,-0.1745810201
558990.2500241920,0.0036225891,-0.0031338282,9.7938588170,0.0010337880,0.0001064393,-0.1745593249
558990.2600241920,0.0025222677,0.0067756973,9.7946347811,0.0015874761,0.0001172899,-0.1745484773
558990.2700241921,0.0022492086,-0.0026819444,9.7940229547,0.0013269169,0.0000847381,-0.1744942393
558990.2800241919,0.0023809215,0.0026571230,9.7940241274,0.0011966374,0.0001064393,-0.1745159345
558990.2900241920,0.0033080006,-0.0006946481,9.7938624706,0.0017394689,0.0000955887,-0.1744833917
558990.3000241920,0.0034534538,0.0017462690,9.7941673375,0.0008926518,0.0001064393,-0.1744616966
558990.3100241920,0.0028289502,0.0044894607,9.7937161387,0.0019566015,0.0000847381,-0.1744183062
558990.3200241920,0.0024010913,-0.0031387610,9.7937164571,0.0007949421,0.0001172899,-0.1744400014
558990.3300241920,0.0023737538,0.0041824616,9.7938723152,0.0018697484,0.0000630368,-0.1744291538
558990.3400241920,0.0028551839,-0.0016117548,9.7940183680,0.0010337880,0.0001172899,-0.1744508490
558990.3500241920,0.0025167414,0.0063185332,9.7937195133,0.0014897664,0.0000955887,-0.1744725442
558990.3600241920,0.0016383881,-0.0034468717,9.7935701516,0.0013703435,0.0000955887,-0.1745593249
558990.3700241920,0.0022314185,0.0025038320,9.7943303459,0.0012292073,0.0001064393,-0.1745701725
558990.3800241920,0.0031507350,0.0008299264,9.7940169466,0.0017394689,0.0000847381,-0.1745701725
558990.3900241920,0.0028408772,0.0017439068,9.7938673929,0.0009143650,0.0001064393,-0.1745701725
558990.4000241919,0.0028384115,0.0014390613,9.7934097241,0.0019023183,0.0000847381,-0.1745484773
558990.4100241920,0.0016336574,-0.0019216720,9.7937233589,0.0008383686,0.0001172899,-0.1745267821
558990.4200241920,0.0011535605,0.0050924126,9.7943404129,0.0018371785,0.0000738874,-0.1744833917
558990.4300241920,0.0034664846,-0.0022192920,9.7938605043,0.0010012181,0.0001172899,-0.1744725442
558990.4400241920,0.0029833559,0.0049474584,9.7941726086,0.0016091893,0.0000738874,-0.1744725442
558990.4500241920,0.0016359510,-0.0034467329,9.7932651320,0.0013160603,0.0000847381,-0.1744616966
558990.4600241920,0.0013078515,0.0043304727,9.7941862856,0.0013160603,0.0000955887,-0.1744508490
558990.4700241920,0.0020835282,0.0000630538,9.7937204595,0.0015874761,0.0000630368,-0.1744183062
558990.4800241920,0.0043620332,0.0025128636,9.7937025445,0.0009795048,0.0001281405,-0.1744616966
558990.4900241920,0.0031507350,0.0008299264,9.7940169466,0.0018263219,0.0000847381,-0.1744725442
558990.5000241930,0.0020919431,-0.0011573699,9.7941774307,0.0008709385,0.0001064393,-0.1745159345
558990.5100241930,0.0014574405,0.0053987170,9.7943380149,0.0019348882,0.0000738874,-0.1744725442
558990.5200241930,0.0040783804,-0.0029793560,9.7937025708,0.0008926518,0.0001064393,-0.1745484773
558990.5300241930,0.0029809188,0.0049475973,9.7938675890,0.0017503255,0.0000847381,-0.1745484773
558990.5400241930,0.0022491513,-0.0032919131,9.7937176561,0.0011966374,0.0001064393,-0.1745484773
558990.5500241930,0.0026782287,0.0043362391,9.7938698475,0.0013703435,0.0000847381,-0.1745267821
558990.5600241930,0.0023897592,-0.0005457339,9.7935651332,0.0015549062,0.0000738874,-0.1745376297
558990.5700241930,0.0036053938,0.0018994212,9.7941661385,0.0010012181,0.0001172899,-0.1745267821
558990.5800241930,0.0017742653,0.0008245072,9.7935708360,0.0019023183,0.0000738874,-0.1744616966
558990.5900241931,0.0026954239,-0.0006970103,9.7935625260,0.0007949421,0.0001064393,-0.1744291538
558990.6000241929,0.0025221816,0.0058607441,9.7941768333,0.0019348882,0.0000738874,-0.1744291538
558990.6100241930,0.0037762564,-0.0040482255,9.7935521102,0.0008709385,0.0000955887,-0.1744400014
558990.6200241930,0.0026819702,0.0052509840,9.7947853246,0.0017068990,0.0000847381,-0.1744074586
558990.6300241930,0.0023980880,-0.0026811108,9.7935641567,0.0012617772,0.0001064393,-0.1744508490
558990.6400241930,0.0014555698,0.0049413446,9.7938802764,0.0012834904,0.0000847381,-0.1744725442
558990.6500241930,0.0016300879,-0.0010065105,9.7937237774,0.0016743291,0.0000738874,-0.1745050869
558990.6600241930,0.0025375921,0.0012850755,9.7938697211,0.0008817951,0.0000955887,-0.1745267821
558990.6700241930,0.0029886241,0.0026597630,9.7937140329,0.0019783147,0.0000847381,-0.1745050869
558990.6800241930,0.0017891669,-0.0026836813,9.7937217414,0.0007189457,0.0001064393,-0.1744833917
558990.6900241930,0.0015991522,0.0069248892,9.7937274047,0.0018697484,0.0000738874,-0.1744833917
558990.7000241930,0.0017908370,-0.0043611996,9.7931109350,0.0010446446,0.0000955887,-0.1744616966
558990.7100241930,0.0025305678,0.0043353361,9.7944811553,0.0014680531,0.0000847381,-0.1744400014
558990.7200241931,0.0023969555,-0.0017660881,9.7938695947,0.0015549062,0.0000955887,-0.1744725442
558990.7300241929,0.0017660225,0.0038748372,9.7940297604,0.0010120747,0.0001064393,-0.1744942393
558990.7400241930,0.0026919978,0.0017430732,9.7943261909,0.0018154653,0.0000738874,-0.1744942393
558990.7500241930,0.0034610444,-0.0017615029,9.7934031843,0.0008275120,0.0000955887,-0.1745159345
558990.7600241930,0.0031369659,0.0034230923,9.7935606032,0.0019023183,0.0000738874,-0.1744725442
558990.7700241930,0.0026959615,-0.0014595060,9.7932571577,0.0009252217,0.0001172899,-0.1745267821
558990.7800241930,0.0009968325,0.0058544913,9.7941895207,0.0017286122,0.0000847381,-0.1745484773
558990.7900241930,0.0024039798,-0.0048163487,9.7932581605,0.0011749241,0.0000955887,-0.1745701725
558990.8000241930,0.0034434263,0.0052541798,9.7946264711,0.0014029134,0.0001064393,-0.1745810201
558990.8100241930,0.0028486111,-0.0002389431,9.7938664861,0.0015331929,0.0000955887,-0.1745593249
558990.8200241930,0.0002538763,0.0017329299,9.7946515102,0.0010120747,0.0000847381,-0.1745267821
558990.8300241930,0.0000952202,0.0014276674,9.7937375809,0.0018046086,0.0000630368,-0.1744833917
558990.8400241931,0.0032976863,-0.0002365812,9.7927951115,0.0008600819,0.0001064393,-0.1744400014
558990.8500241929,0.0040528276,0.0038842858,9.7938582196,0.0019348882,0.0000738874,-0.1744183062
558990.8600241930,0.0010265497,-0.0020768389,9.7940333836,0.0008600819,0.0001172899,-0.1744400014
558990.8700241930,0.0012994367,0.0055508964,9.7937293144,0.0017828954,0.0000738874,-0.1744183062
558990.8800241930,0.0027042903,-0.0035948828,9.7932561811,0.0011314976,0.0000738874,-0.1744725442
558990.8900241930,0.0037527179,0.0047977107,9.7949287439,0.0013812001,0.0000955887,-0.1744725442
558990.9000241930,0.0019338819,-0.0016151593,9.7932634316,0.0015766194,0.0001064393,-0.1744833917
558990.9100241930,0.0011624556,0.0024995244,9.7941867173,0.0010337880,0.0000738874,-0.1744833917
558990.9200241930,0.0017748889,0.0009769647,9.7937234155,0.0018263219,0.0000955887,-0.1744616966
558990.9300241930,0.0022396900,-0.0002415137,9.7940240708,0.0008492253,0.0001064393,-0.1745267821
558990.9400241930,0.0026782574,0.0046412235,9.7940224968,0.0019131749,0.0000847381,-0.1745050869
558990.9500241930,0.0023993352,-0.0023761958,9.7938693157,0.0008709385,0.0001281405,-0.1745267821
558990.9600241930,0.0017630479,0.0046374718,9.7940301092,0.0017611821,0.0000738874,-0.1745484773
558990.9700241931,0.0017861063,-0.0028359999,9.7932641423,0.0010989277,0.0000955887,-0.1745484773
558990.9800241929,0.0034379573,0.0054069845,9.7940165019,0.0014897664,0.0001064393,-0.1745267821
558990.9900241930,0.0022497749,-0.0031394557,9.7938702356,0.0014897664,0.0000955887,-0.1744833917
558991.0000241930,0.0011583199,0.0038721973,9.7943398549,0.0010663578,0.0000955887,-0.1744616966
558991.0100241930,0.0020751134,0.0012834774,9.7932634883,0.0018263219,0.0000847381,-0.1747762768
558991.0200241930,0.0028443893,0.0002187765,9.7935616758,0.0007732289,0.0001064393,-0.1744291538
558991.0300241930,0.0022235985,0.0035717287,9.7938733049,0.0019674581,0.0000738874,-0.1744400014
558991.0400241930,0.0030088226,-0.0028311366,9.7935590119,0.0008709385,0.0001064393,-0.1745159345
558991.0500241930,0.0017589408,0.0063151290,9.7943358960,0.0017503255,0.0000738874,-0.1744942393
558991.0600241930,0.0020935844,-0.0031398726,9.7934139751,0.0012400639,0.0000955887,-0.1745050869
558991.0700241930,0.0028344191,0.0043366561,9.7943261080,0.0012943471,0.0000955887,-0.1745267821
558991.0800241930,0.0026953953,-0.0010019947,9.7934098767,0.0016743291,0.0000847381,-0.1745159345
558991.0900241931,0.0008591706,0.0020406931,9.7941890455,0.0008600819,0.0000955887,-0.1745593249
558991.1000241929,0.0017671263,0.0026548302,9.7935716731,0.0019783147,0.0000955887,-0.1745050869
558991.1100241930,0.0019356093,-0.0026827088,9.7929579238,0.0007732289,0.0000955887,-0.1745267821
558991.1200241930,0.0019180772,0.0052479270,9.7946391585,0.0019131749,0.0000738874,-0.1744508490
558991.1300241930,0.0023974644,-0.0028335682,9.7934115771,0.0010229313,0.0000738874,-0.1744725442
558991.1400241930,0.0023702416,0.0057075919,9.7941780323,0.0015331929,0.0000955887,-0.1744725442
558991.1500241930,0.0017843789,-0.0017684504,9.7935696501,0.0013812001,0.0000847381,-0.1744833917
558991.1600241930,0.0025262314,0.0035731181,9.7935657479,0.0011314976,0.0001064393,-0.1744616966
558991.1700241930,0.0020859652,0.0000629149,9.7940254790,0.0018046086,0.0000630368,-0.1744942393
558991.1800241930,0.0032989908,0.0006783025,9.7934055691,0.0008057987,0.0001172899,-0.1744616966
558991.1900241930,0.0022152124,0.0050971367,9.7935689830,0.0019783147,0.0000738874,-0.1745376297
558991.2000241930,0.0010264063,-0.0036017609,9.7932701372,0.0007949421,0.0001064393,-0.1745484773
558991.2100241930,0.0008461397,0.0060062541,9.7944958787,0.0017611821,0.0000738874,-0.1745159345
558991.2200241931,0.0027036381,-0.0040523247,9.7929509523,0.0012183507,0.0000955887,-0.1745701725
558991.2300241929,0.0019113611,0.0050958167,9.7937240302,0.0012726338,0.0000955887,-0.1745376297
558991.2400241930,0.0017778348,-0.0000906543,9.7935704175,0.0016960423,0.0000847381,-0.1745484773
558991.2500241930,0.0026931303,0.0008280506,9.7940207528,0.0008709385,0.0000955887,-0.1744725442
558991.2600241930,0.0022380486,0.0017409891,9.7947875264,0.0019674581,0.0000955887,-0.1744074586
558991.2700241930,0.0025506803,-0.0020705167,9.7938681865,0.0008492253,0.0000955887,-0.1744508490
558991.2800241930,0.0019108522,0.0061632968,9.7941820478,0.0017937520,0.0000847381,-0.1744616966
558991.2900241930,0.0022456105,-0.0020717672,9.7938707239,0.0009795048,0.0001064393,-0.1744508490
558991.3000241930,0.0011516611,0.0043300558,9.7937300251,0.0016200459,0.0000738874,-0.1743966110
558991.3100241930,0.0017878624,-0.0035985651,9.7931112838,0.0013594868,0.0000847381,-0.1743966110
558991.3200241930,0.0023690518,0.0060126458,9.7941781718,0.0012292073,0.0001172899,-0.1744183062
558991.3300241930,0.0025417565,0.0002173871,9.7938692328,0.0016960423,0.0000847381,-0.1744616966
558991.3400241931,0.0010133182,-0.0002461687,9.7932716719,0.0008709385,0.0001064393,-0.1744508490
558991.3500241929,0.0013149045,0.0015851965,9.7937275007,0.0019131749,0.0000521862,-0.1744942393
558991.3600241930,0.0025428890,-0.0006976356,9.7935637947,0.0008057987,0.0000955887,-0.1745918677
558991.3700241930,0.0026729605,0.0066239345,9.7943284231,0.0018806050,0.0000738874,-0.1745701725
558991.3800241930,0.0024034996,-0.0034438842,9.7938688274,0.0009795048,0.0001172899,-0.1745810201
558991.3900241930,0.0013090987,0.0046353877,9.7944914447,0.0016091893,0.0000738874,-0.1745267821
558991.4000241930,0.0013273691,-0.0019228531,9.7935733866,0.0013703435,0.0000847381,-0.1745376297
558991.4100241930,0.0031358621,0.0046430993,9.7940186905,0.0011206410,0.0000847381,-0.1744833917
558991.4200241930,0.0026954813,-0.0000870415,9.7938678246,0.0017937520,0.0001064393,-0.1743857634
558991.4300241930,0.0005581791,0.0000568010,9.7937331469,0.0008275120,0.0000955887,-0.1743966110
558991.4400241930,0.0008538163,0.0034134354,9.7941896733,0.0019674581,0.0000630368,-0.1743532206
558991.4500241930,0.0030125068,-0.0025263605,9.7941691905,0.0008492253,0.0001064393,-0.1744074586
558991.4600241930,0.0022226094,0.0060116733,9.7949419893,0.0017828954,0.0000738874,-0.1744508490
558991.4700241931,0.0014858532,-0.0034474970,9.7935714203,0.0010989277,0.0000847381,-0.1745159345
558991.4800241929,0.0011486578,0.0047877060,9.7935777246,0.0014354832,0.0000955887,-0.1745050869
558991.4900241930,0.0028551552,-0.0019167392,9.7938657187,0.0014680531,0.0000738874,-0.1745484773
558991.5000241930,0.0029832698,0.0040325053,9.7937146607,0.0010880711,0.0000955887,-0.1745267821
558991.5100241930,0.0013178217,0.0002125932,9.7934218534,0.0018046086,0.0000738874,-0.1745484773
558991.5200241930,0.0008656573,-0.0002470717,9.7938829796,0.0008600819,0.0000955887,-0.1745484773
558991.5300241930,0.0025268549,0.0037255756,9.7937183274,0.0019566015,0.0000630368,-0.1745484773
558991.5400241930,0.0030070952,-0.0017635870,9.7938645198,0.0008057987,0.0001064393,-0.1745050869
558991.5500241930,0.0023756819,0.0052498029,9.7946353523,0.0017828954,0.0000630368,-0.1744616966
558991.5600241930,0.0016395779,-0.0037519256,9.7935700120,0.0011097844,0.0000955887,-0.1744508490
558991.5700241930,0.0014512906,0.0047890954,9.7932701676,0.0014571965,0.0000738874,-0.1744400014
558991.5800241940,0.0025452974,-0.0010027588,9.7937161650,0.0014789098,0.0000955887,-0.1743857634
558991.5900241940,0.0023766997,0.0031148426,9.7937193171,0.0011206410,0.0000847381,-0.1744616966
558991.6000241940,0.0022366580,-0.0000888479,9.7937191210,0.0017611821,0.0000738874,-0.1745159345
558991.6100241940,0.0010127519,0.0002113426,9.7934243909,0.0008600819,0.0001064393,-0.1745484773
558991.6200241940,0.0020704974,0.0040286147,9.7940272927,0.0019566015,0.0000738874,-0.1745484773
558991.6300241940,0.0020936705,-0.0022249194,9.7938719229,0.0007949421,0.0000955887,-0.1745484773
558991.6400241940,0.0017618868,0.0052475101,9.7941828980,0.0018154653,0.0000738874,-0.1745484773
558991.6500241940,0.0017909230,-0.0034462465,9.7935688828,0.0011097844,0.0000955887,-0.1745484773
558991.6600241940,0.0009991835,0.0049393993,9.7940365924,0.0014789098,0.0000955887,-0.1744942393
558991.6700241941,0.0008727676,-0.0023823791,9.7937294933,0.0014571965,0.0000738874,-0.1744942393
558991.6800241939,0.0020794498,0.0020456954,9.7941788956,0.0010446446,0.0000847381,-0.1744942393
558991.6900241940,0.0020823097,0.0000631232,9.7935679497,0.0017937520,0.0000630368,-0.1744725442
558991.7000241940,0.0019304271,0.0005199398,9.7938744473,0.0008600819,0.0001172899,-0.1744508490
558991.7100241940,0.0016056677,0.0049421087,9.7935739882,0.0019240316,0.0000738874,-0.1744183062
558991.7200241940,0.0011814356,-0.0029913057,9.7938791866,0.0008383686,0.0000847381,-0.1744508490
558991.7300241940,0.0014627374,0.0034160059,9.7940320886,0.0018046086,0.0000847381,-0.1744833917
558991.7400241940,0.0028569113,-0.0026793044,9.7937128602,0.0010555012,0.0000955887,-0.1744400014
558991.7500241940,0.0016112513,0.0060092416,9.7947945545,0.0014789098,0.0000738874,-0.1744833917
558991.7600241940,0.0011850911,-0.0029915140,9.7943367158,0.0014137700,0.0000847381,-0.1745376297
558991.7700241940,0.0016188132,0.0021964853,9.7938777521,0.0011206410,0.0000738874,-0.1745484773
558991.7800241940,0.0022325223,0.0012838249,9.7938722586,0.0017828954,0.0000630368,-0.1745376297
558991.7900241941,0.0026949150,0.0003704698,9.7940205436,0.0008709385,0.0001064393,-0.1745159345
558991.8000241939,0.0011593950,0.0023472058,9.7937291183,0.0018697484,0.0000630368,-0.1744942393
558991.8100241940,0.0017886007,-0.0022261700,9.7938744604,0.0008492253,0.0000955887,-0.1744942393
558991.8200241940,0.0022194341,0.0046394171,9.7938737932,0.0018480352,0.0000847381,-0.1744725442
558991.8300241940,0.0013291825,-0.0020754495,9.7937258266,0.0009469349,0.0000738874,-0.1744942393
558991.8400241940,0.0017648900,0.0047898599,9.7943351985,0.0016091893,0.0000955887,-0.1745267821
558991.8500241940,0.0004205171,-0.0037569972,9.7937326717,0.0013920567,0.0000955887,-0.1744942393
558991.8600241940,0.0014633610,0.0035684634,9.7941846681,0.0011423543,0.0000521862,-0.1744616966
558991.8700241940,0.0026876900,0.0012858396,9.7935634328,0.0017828954,0.0000738874,-0.1744074586
558991.8800241940,0.0026948864,0.0000654854,9.7938678943,0.0008275120,0.0001172899,-0.1744400014
558991.8900241940,0.0005492267,0.0020397203,9.7935815439,0.0019023183,0.0000630368,-0.1744725442
558991.9000241940,0.0010283631,-0.0022294353,9.7941858236,0.0008709385,0.0000955887,-0.1744833917
558991.9100241940,0.0019114471,0.0060107699,9.7941819780,0.0018263219,0.0000630368,-0.1745376297
558991.9200241941,0.0024016575,-0.0035962723,9.7935637381,0.0010446446,0.0001064393,-0.1745484773
558991.9300241939,0.0017667321,0.0049422479,9.7946402877,0.0015223363,0.0000738874,-0.1745593249
558991.9400241940,0.0014834735,-0.0028373893,9.7935716993,0.0013812001,0.0000847381,-0.1745050869
558991.9500241940,0.0017678072,0.0034172565,9.7940295511,0.0011423543,0.0000955887,-0.1745159345
558991.9600241940,0.0026961049,0.0000654160,9.7940204041,0.0016743291,0.0000521862,-0.1744833917
558991.9700241940,0.0016265184,-0.0000913490,9.7937241960,0.0009469349,0.0000955887,-0.1744291538
558991.9800241940,0.0017725379,0.0018920568,9.7938763438,0.0018914617,0.0000847381,-0.1743966110
558991.9900241940,0.0008662809,-0.0000946143,9.7940355592,0.0008275120,0.0000847381,-0.1744291538
558992.0000241940,0.0009906827,0.0052448697,9.7931216733,0.0018806050,0.0000630368,-0.1744508490
558992.0100241940,0.0039317946,-0.0045052504,9.7937031420,0.0009469349,0.0000955887,-0.1747871244
558992.0200241940,0.0016081620,0.0055519386,9.7941843062,0.0015874761,0.0000738874,-0.1744833917
558992.0300241940,0.0005665080,-0.0020785759,9.7937321703,0.0013160603,0.0000738874,-0.1744942393
558992.0400241941,0.0016184190,0.0044839030,9.7949463667,0.0012617772,0.0000847381,-0.1745267821
558992.0500241939,0.0022480475,-0.0020719061,9.7941757434,0.0015874761,0.0000521862,-0.1744942393
558992.0600241940,0.0020775504,0.0012833385,9.7935685078,0.0010229313,0.0001172899,-0.1745159345
558992.0700241940,0.0007017903,0.0023453300,9.7937329245,0.0018154653,0.0000630368,-0.1744833917
558992.0800241940,0.0010169163,-0.0008563458,9.7934239026,0.0008057987,0.0000955887,-0.1744616966
558992.0900241940,0.0026872385,0.0029632885,9.7943267490,0.0018914617,0.0000738874,-0.1744833917
558992.1000241940,0.0020918284,-0.0023773075,9.7935668336,0.0008817951,0.0000847381,-0.1744942393
558992.1100241940,0.0011457119,0.0058553249,9.7937307227,0.0017937520,0.0000630368,-0.1744616966
558992.1200241940,0.0019416445,-0.0032930248,9.7934151741,0.0011206410,0.0001064393,-0.1744508490
558992.1300241940,0.0019180198,0.0046379582,9.7943338600,0.0014354832,0.0000738874,-0.1744400014
558992.1400241940,0.0022492086,-0.0026819444,9.7940229547,0.0014463399,0.0000738874,-0.1744616966
558992.1500241940,0.0014596768,0.0032636873,9.7935744896,0.0011314976,0.0001172899,-0.1744942393
558992.1600241940,0.0010152176,0.0005161881,9.7938820597,0.0016743291,0.0000630368,-0.1744616966
558992.1700241941,0.0019310507,0.0006723973,9.7940270268,0.0009360783,0.0000847381,-0.1745484773
558992.1800241939,0.0019262913,0.0018926126,9.7940275848,0.0019023183,0.0000738874,-0.1745159345
558992.1900241940,0.0016245903,-0.0011586902,9.7929611589,0.0008275120,0.0000738874,-0.1745267821
558992.2000241940,0.0016105417,0.0049418310,9.7941840272,0.0018806050,0.0000847381,-0.1744833917
558992.2100241940,0.0020929609,-0.0032923301,9.7932613956,0.0009143650,0.0001064393,-0.1744833917
558992.2200241940,0.0011535892,0.0053973970,9.7944930622,0.0016091893,0.0000413356,-0.1744833917
558992.2300241940,0.0014853156,-0.0026850013,9.7938767886,0.0012943471,0.0000955887,-0.1744616966
558992.2400241940,0.0010003734,0.0046343455,9.7940364529,0.0012726338,0.0000847381,-0.1743966110
558992.2500241940,0.0022396326,-0.0008514825,9.7937187722,0.0016960423,0.0000738874,-0.1744183062
558992.2600241940,0.0020854277,0.0008254106,9.7943308473,0.0008926518,0.0001064393,-0.1744725442
558992.2700241940,0.0005474420,0.0024973011,9.7935817532,0.0019023183,0.0000738874,-0.1744725442
558992.2800241940,0.0016330338,-0.0020741295,9.7935707794,0.0007840855,0.0000955887,-0.1744833917
558992.2900241941,0.0023725640,0.0044875155,9.7938724547,0.0018697484,0.0000847381,-0.1745484773
558992.3000241939,0.0017909230,-0.0034462465,9.7935688828,0.0010012181,0.0000955887,-0.1745267821
558992.3100241940,0.0008490856,0.0049386351,9.7943428806,0.0015766194,0.0000738874,-0.1745593249
558992.3200241940,0.0010240553,-0.0026866688,9.7934230655,0.0013920567,0.0000847381,-0.1745050869
558992.3300241940,0.0017623957,0.0041800300,9.7937248804,0.0011097844,0.0000847381,-0.1745484773
558992.3400241940,0.0016252999,-0.0000912796,9.7935716862,0.0017828954,0.0000847381,-0.1745376297
558992.3500241940,0.0005575555,-0.0000956565,9.7935805674,0.0008275120,0.0000847381,-0.1745267821
558992.3600241940,0.0010057276,0.0032616032,9.7940358251,0.0019240316,0.0000521862,-0.1745050869
558992.3700241940,0.0022443346,-0.0026816666,9.7934129156,0.0008057987,0.0000847381,-0.1745050869
558992.3800241940,0.0016020982,0.0058572702,9.7935744067,0.0018046086,0.0000738874,-0.1744725442
558992.3900241940,0.0022563476,-0.0045122674,9.7940221176,0.0011097844,0.0000847381,-0.1744508490
558992.4000241940,0.0011529370,0.0049399551,9.7941878334,0.0014680531,0.0000955887,-0.1743966110
558992.4100241940,0.0008686032,-0.0013146907,9.7937299816,0.0013812001,0.0000413356,-0.1744616966
558992.4200241941,0.0013101452,0.0028054119,9.7937280588,0.0011423543,0.0000847381,-0.1744508490
558992.4300241939,0.0025465445,-0.0006978439,9.7940213240,0.0017068990,0.0000738874,-0.1744508490
558992.4400241940,0.0014697904,0.0006707298,9.7935733037,0.0009143650,0.0000738874,-0.1744942393
558992.4500241940,0.0008512933,0.0024986211,9.7934267060,0.0019131749,0.0000738874,-0.1745484773
558992.4600241940,0.0014835308,-0.0022274206,9.7938769979,0.0008275120,0.0000847381,-0.1745593249
558992.4700241940,0.0016105704,0.0052468154,9.7943366765,0.0018806050,0.0000738874,-0.1745484773
558992.4800241940,0.0014894800,-0.0037526897,9.7938763003,0.0009795048,0.0001064393,-0.1745484773
558992.4900241940,0.0009992409,0.0055493681,9.7943418909,0.0014571965,0.0000738874,-0.1745810201
558992.5000241940,0.0022424638,-0.0031390390,9.7929551771,0.0014680531,0.0000738874,-0.1745701725
558992.5100241940,0.0014644935,0.0026534408,9.7938792301,0.0010663578,0.0000955887,-0.1744942393
558992.5200241940,0.0016151290,0.0018917092,9.7932675735,0.0018806050,0.0000630368,-0.1744725442
558992.5300241940,0.0019345628,-0.0008527330,9.7937213097,0.0007515156,0.0000955887,-0.1744833917
558992.5400241941,0.0008508130,0.0038710856,9.7940373728,0.0019348882,0.0000738874,-0.1744833917
558992.5500241939,0.0013338845,-0.0039056336,9.7934199700,0.0008709385,0.0000847381,-0.1744725442
558992.5600241940,0.0022128614,0.0060122288,9.7937219113,0.0017177556,0.0000738874,-0.1744074586
558992.5700241940,0.0024029334,-0.0029863729,9.7940215464,0.0011857808,0.0000955887,-0.1744833917
558992.5800241940,0.0010033480,0.0038717109,9.7940361041,0.0013920567,0.0000738874,-0.1744942393
558992.5900241940,0.0014799327,-0.0016172434,9.7937247671,0.0015440495,0.0000738874,-0.1745484773
558992.6000241940,0.0006970596,0.0038705297,9.7938861318,0.0010120747,0.0000955887,-0.1747003436
558992.6100241940,0.0017803292,0.0005191756,9.7941807355,0.0017828954,0.0000413356,-0.1747111912
558992.6200241940,0.0022377619,-0.0013088549,9.7932610337,0.0008709385,0.0001172899,-0.1746461057
558992.6300241940,0.0002369605,0.0032588240,9.7932796200,0.0018914617,0.0000413356,-0.1745918677
558992.6400241940,0.0016361231,-0.0016168265,9.7941810277,0.0008492253,0.0000955887,-0.1744725442
558992.6500241950,0.0014537563,0.0050939409,9.7937278364,0.0018154653,0.0000630368,-0.1744725442
558992.6600241950,0.0017933026,-0.0040563541,9.7935686038,0.0010663578,0.0001064393,-0.1744833917
558992.6700241950,0.0005415501,0.0046325391,9.7938877493,0.0014789098,0.0000521862,-0.1745050869
558992.6800241950,0.0013316482,-0.0017706040,9.7941834954,0.0013812001,0.0000738874,-0.1744833917
558992.6900241950,0.0014639559,0.0034159365,9.7941845984,0.0011532109,0.0000738874,-0.1744508490
558992.7000241950,0.0019369998,-0.0008528719,9.7940263292,0.0016743291,0.0000738874,-0.1744291538
558992.7100241950,0.0017766163,-0.0000905848,9.7934179077,0.0009577916,0.0001064393,-0.1744508490
558992.7200241950,0.0005420017,0.0029550902,9.7931244332,0.0019023183,0.0000413356,-0.1744291538
558992.7300241950,0.0014842404,-0.0011600099,9.7944875252,0.0007623722,0.0000847381,-0.1745484773
558992.7400241951,0.0011576389,0.0031097710,9.7938819768,0.0018806050,0.0000521862,-0.1745484773
558992.7500241949,0.0014924833,-0.0042103399,9.7940286008,0.0009252217,0.0000955887,-0.1745810201
558992.7600241950,-0.0000733775,0.0055452689,9.7937407330,0.0016200459,0.0000847381,-0.1745701725
558992.7700241950,0.0014810365,-0.0028372505,9.7932666798,0.0012943471,0.0000521862,-0.1744942393
558992.7800241950,0.0028385549,0.0029639832,9.7941729705,0.0012074940,0.0000955887,-0.1744616966
558992.7900241950,0.0016349619,-0.0010067883,9.7943338164,0.0017937520,0.0000630368,-0.1744508490
558992.8000241950,0.0000964100,0.0011226136,9.7937374414,0.0007623722,0.0000955887,-0.1744291538
558992.8100241950,0.0005403030,0.0043276241,9.7935825903,0.0019783147,0.0000630368,-0.1744942393
558992.8200241950,0.0001160136,-0.0042157591,9.7935824901,0.0007623722,0.0000847381,-0.1745376297
558992.8300241950,0.0019150166,0.0050956084,9.7941815595,0.0018371785,0.0000521862,-0.1744725442
558992.8400241950,0.0016377931,-0.0032943448,9.7935702213,0.0011097844,0.0000955887,-0.1745376297
558992.8500241950,0.0008436167,0.0050914398,9.7937329114,0.0014137700,0.0000738874,-0.1744833917
558992.8600241950,0.0008667324,-0.0017720632,9.7932722430,0.0015331929,0.0000738874,-0.1745050869
558992.8700241951,0.0011678099,0.0011267822,9.7941860895,0.0009795048,0.0000847381,-0.1745484773
558992.8800241950,0.0019262340,0.0012826438,9.7937222863,0.0018371785,0.0000738874,-0.1744833917
558992.8900241950,0.0016294643,-0.0011589680,9.7935711979,0.0008057987,0.0000847381,-0.1745267821
558992.9000241950,0.0008532501,0.0038709467,9.7943423923,0.0019131749,0.0000630368,-0.1744942393
558992.9100241950,0.0004247962,-0.0036047481,9.7943427805,0.0008709385,0.0000738874,-0.1745484773
558992.9200241950,0.0017631053,0.0052474406,9.7943354077,0.0017828954,0.0000738874,-0.1744725442
558992.9300241950,0.0013345654,-0.0031432073,9.7938778481,0.0010663578,0.0000955887,-0.1744942393
558992.9400241950,0.0005421164,0.0041750277,9.7937350303,0.0014463399,0.0000738874,-0.1744725442
558992.9500241950,0.0010223279,-0.0016191193,9.7937285733,0.0015006230,0.0000738874,-0.1744942393
558992.9600241950,0.0010087309,0.0028039530,9.7941881255,0.0009686482,0.0000955887,-0.1744508490
558992.9700241950,0.0014716038,0.0005181334,9.7937257437,0.0019131749,0.0000521862,-0.1744725442
558992.9800241950,0.0011748055,-0.0022284628,9.7934220061,0.0007732289,0.0000847381,-0.1744725442
558992.9900241951,0.0020651145,0.0050963726,9.7938752712,0.0019348882,0.0000521862,-0.1745159345
558993.0000241949,0.0017927937,-0.0029888740,9.7940266214,0.0008817951,0.0000738874,-0.1745159345
558993.0100241950,0.0006928379,0.0043282494,9.7935813216,0.0016743291,0.0000847381,-0.1747654292
558993.0200241950,0.0004216496,-0.0046720198,9.7934272336,0.0012183507,0.0000847381,-0.1744942393
558993.0300241950,0.0016068862,0.0049420393,9.7937264979,0.0012834904,0.0000738874,-0.1745267821
558993.0400241950,0.0022439404,-0.0003942489,9.7944815303,0.0016743291,0.0000847381,-0.1745050869
558993.0500241950,0.0007156454,0.0006671173,9.7946472157,0.0008709385,0.0000955887,-0.1744833917
558993.0600241950,0.0002471888,0.0018858040,9.7938890312,0.0019566015,0.0000521862,-0.1744508490
558993.0700241950,0.0008745810,-0.0025349755,9.7938819333,0.0007623722,0.0000738874,-0.1745050869
558993.0800241950,0.0019101999,0.0057058550,9.7938768190,0.0018263219,0.0000630368,-0.1744725442
558993.0900241950,0.0017963632,-0.0039040355,9.7940262028,0.0010337880,0.0000847381,-0.1744400014
558993.1000241950,0.0000893570,0.0038678898,9.7941962263,0.0015223363,0.0000847381,-0.1744508490
558993.1100241950,0.0004139157,-0.0026891699,9.7934281405,0.0014029134,0.0000738874,-0.1744616966
558993.1200241951,0.0020746618,0.0029609263,9.7940268044,0.0011206410,0.0000738874,-0.1744616966
558993.1300241950,0.0026937252,0.0006755237,9.7940206831,0.0017394689,0.0000630368,-0.1744291538
558993.1400241950,0.0004128692,-0.0008591941,9.7941915263,0.0008383686,0.0001064393,-0.1744616966
558993.1500241950,-0.0002164511,0.0024942441,9.7934355871,0.0018914617,0.0000521862,-0.1744942393
558993.1600241950,0.0014810938,-0.0022272817,9.7935719783,0.0008383686,0.0000738874,-0.1745376297
558993.1700241950,0.0034385236,0.0049494732,9.7938637828,0.0018371785,0.0000738874,-0.1744942393
558993.1800241950,0.0011807833,-0.0034487476,9.7935739578,0.0010229313,0.0000955887,-0.1745159345
558993.1900241950,-0.0006744500,0.0047797860,9.7945080080,0.0015549062,0.0000521862,-0.1744942393
558993.2000241950,0.0013273404,-0.0022278375,9.7934207373,0.0013703435,0.0000847381,-0.1745376297
558993.2100241950,0.0025304818,0.0034203829,9.7940232074,0.0011097844,0.0000738874,-0.1745267821
558993.2200241950,0.0010163501,-0.0003988345,9.7935766216,0.0017286122,0.0000630368,-0.1744291538
558993.2300241950,-0.0003551882,0.0002054374,9.7940458486,0.0009143650,0.0000955887,-0.1744616966
558993.2400241951,0.0014614329,0.0025011222,9.7934216310,0.0019131749,0.0000521862,-0.1744291538
558993.2500241949,0.0019368565,-0.0023777939,9.7932630829,0.0008057987,0.0000847381,-0.1745050869
558993.2600241950,0.0013042534,0.0049406498,9.7940340549,0.0018914617,0.0000738874,-0.1744183062
558993.2700241950,0.0004223019,-0.0042145780,9.7937324624,0.0009469349,0.0000847381,-0.1744725442
558993.2800241950,0.0006972030,0.0053954517,9.7946493782,0.0015223363,0.0000738874,-0.1744833917
558993.2900241950,0.0013297487,-0.0025329608,9.7935731076,0.0013703435,0.0000738874,-0.1745484773
558993.3000241950,0.0011612084,0.0021946095,9.7938815583,0.0011532109,0.0000847381,-0.1745267821
558993.3100241950,0.0005641856,-0.0008584994,9.7940377478,0.0017394689,0.0000521862,-0.1745050869
558993.3200241950,0.0010128093,0.0008213114,9.7937296894,0.0008926518,0.0000955887,-0.1745267821
558993.3300241950,0.0013125535,0.0025002886,9.7938804290,0.0019023183,0.0000521862,-0.1744725442
558993.3400241950,0.0011807833,-0.0034487476,9.7935739578,0.0007515156,0.0000738874,-0.1744725442
558993.3500241950,0.0003920472,0.0044792480,9.7941939678,0.0018697484,0.0000847381,-0.1744725442
558993.3600241950,0.0010294956,-0.0031444579,9.7938803855,0.0009795048,0.0000738874,-0.1744508490
558993.3700241951,0.0013085611,0.0053978834,9.7947968130,0.0015006230,0.0000738874,-0.1744616966
558993.3800241950,0.0013358413,-0.0025333080,9.7943356564,0.0014354832,0.0000738874,-0.1744508490
558993.3900241950,0.0007017903,0.0023453300,9.7937329245,0.0011097844,0.0000738874,-0.1744833917
558993.4000241950,0.0019279614,0.0002150943,9.7934167785,0.0017503255,0.0000630368,-0.1744833917
558993.4100241950,0.0011689997,0.0008217284,9.7941859500,0.0008817951,0.0000847381,-0.1745159345
558993.4200241950,0.0019208511,0.0023504017,9.7935702648,0.0018154653,0.0000630368,-0.1744725442
558993.4300241950,0.0011809267,-0.0019238256,9.7943372041,0.0009143650,0.0000738874,-0.1745159345
558993.4400241950,0.0008495372,0.0032611862,9.7935795645,0.0018371785,0.0000630368,-0.1745159345
558993.4500241950,0.0013279927,-0.0017703956,9.7937259661,0.0009252217,0.0000738874,-0.1745267821
558993.4600241950,0.0011517184,0.0049400246,9.7940353236,0.0017068990,0.0000521862,-0.1744616966
558993.4700241950,0.0008755988,-0.0046699357,9.7929658982,0.0011532109,0.0000847381,-0.1745267821
558993.4800241950,0.0006982495,0.0035654759,9.7938859923,0.0013594868,0.0000847381,-0.1745376297
558993.4900241951,0.0017856547,-0.0011585510,9.7940274584,0.0015331929,0.0000413356,-0.1745267821
558993.5000241949,0.0004034079,0.0021912054,9.7944979410,0.0010229313,0.0000847381,-0.1745159345
558993.5100241950,0.0004014798,0.0011238641,9.7937349039,0.0018371785,0.0000630368,-0.1744616966
558993.5200241950,0.0010247650,-0.0016192582,9.7940335929,0.0008492253,0.0000738874,-0.1744616966
558993.5300241950,0.0014603291,0.0037211292,9.7938797184,0.0018914617,0.0000521862,-0.1744833917
558993.5400241950,0.0008715204,-0.0026872941,9.7934243343,0.0008492253,0.0000738874,-0.1744291538
558993.5500241950,-0.0003761250,0.0043239419,9.7934376930,0.0017503255,0.0000738874,-0.1744183062
558993.5600241950,0.0013339132,-0.0036006492,9.7935726193,0.0011423543,0.0000738874,-0.1744833917
558993.5700241950,0.0003847648,0.0047846490,9.7934315585,0.0013703435,0.0000521862,-0.1745267821
558993.5800241950,0.0017910377,-0.0022263089,9.7941794799,0.0016200459,0.0000738874,-0.1745159345
558993.5900241950,0.0008572998,0.0015833207,9.7937313070,0.0009252217,0.0000847381,-0.1745159345
558993.6000241950,-0.0000511935,0.0017316793,9.7946540477,0.0019023183,0.0000521862,-0.1745376297
558993.6100241950,0.0007147638,-0.0022301997,9.7931207928,0.0007623722,0.0000847381,-0.1745918677
558993.6200241951,0.0019119560,0.0049432898,9.7937239604,0.0018914617,0.0000738874,-0.1745484773
558993.6300241950,0.0017951734,-0.0035989817,9.7940263423,0.0009360783,0.0000738874,-0.1745810201
558993.6400241950,-0.0002235041,0.0052395203,9.7938943720,0.0016200459,0.0000847381,-0.1745376297
558993.6500241950,0.0004193273,-0.0034519434,9.7937328112,0.0012943471,0.0000738874,-0.1744942393
558993.6600241950,0.0013125822,0.0028052730,9.7940330783,0.0012726338,0.0000521862,-0.1744833917
558993.6700241950,0.0014739548,-0.0003969587,9.7935728154,0.0016309026,0.0000847381,-0.1744725442
558993.6800241950,0.0005558568,0.0012768774,9.7940387244,0.0008600819,0.0000738874,-0.1744725442
558993.6900241950,0.0000922456,0.0021903020,9.7937379297,0.0019348882,0.0000521862,-0.1744942393
558993.7000241950,0.0017897618,-0.0028362082,9.7937216716,0.0007732289,0.0000738874,-0.1745050869
558993.7100241950,0.0019131458,0.0046382360,9.7937238209,0.0018914617,0.0000630368,-0.1744942393
558993.7200241950,0.0005766502,-0.0043665491,9.7938836337,0.0010120747,0.0000738874,-0.1745376297
558993.7300241960,0.0002335057,0.0053939231,9.7938906356,0.0015223363,0.0000521862,-0.1745050869
558993.7400241960,0.0016366607,-0.0023793222,9.7938756594,0.0013812001,0.0000738874,-0.1744833917
558993.7500241960,0.0008512646,0.0021936367,9.7932740567,0.0010880711,0.0000521862,-0.1745267821
558993.7600241960,0.0008638439,-0.0000944754,9.7937305396,0.0017611821,0.0000738874,-0.1745159345
558993.7700241960,0.0011742679,-0.0014659671,9.7937273744,0.0008383686,0.0000738874,-0.1745267821
558993.7800241960,0.0005420304,0.0032600746,9.7932770825,0.0019891713,0.0000630368,-0.1745050869
558993.7900241960,0.0007147351,-0.0025351841,9.7929681435,0.0008492253,0.0000738874,-0.1744616966
558993.8000241960,0.0005434783,0.0056998803,9.7946507864,0.0017394689,0.0000413356,-0.1744833917
558993.8100241960,0.0019518727,-0.0046660448,9.7940245853,0.0010989277,0.0000738874,-0.1744833917
558993.8200241959,0.0008562820,0.0037182809,9.7946473421,0.0014137700,0.0000738874,-0.1744833917
558993.8300241960,0.0010199769,-0.0007040272,9.7938815016,0.0014897664,0.0000738874,-0.1745267821
558993.8400241960,0.0007006291,0.0029553682,9.7938857133,0.0010337880,0.0000847381,-0.1745593249
558993.8500241960,0.0013171982,0.0000601357,9.7932692739,0.0018046086,0.0000521862,-0.1745484773
558993.8600241960,0.0007221321,-0.0016206476,9.7943411498,0.0008492253,0.0000738874,-0.1745918677
558993.8700241960,0.0007018763,0.0032602832,9.7941908723,0.0019131749,0.0000630368,-0.1744942393
558993.8800241960,0.0004140017,-0.0017742167,9.7938860883,0.0008057987,0.0000955887,-0.1745701725
558993.8900241960,-0.0002138994,0.0037140429,9.7943512037,0.0017937520,0.0000304849,-0.1745484773
558993.9000241960,0.0013356692,-0.0043632144,9.7934197607,0.0010446446,0.0000847381,-0.1745484773
558993.9100241960,0.0014567596,0.0046362907,9.7938801369,0.0015657628,0.0000738874,-0.1744616966
558993.9200241960,0.0010301765,-0.0023820316,9.7943382636,0.0013812001,0.0000738874,-0.1744400014
558993.9300241960,-0.0000644538,0.0032573651,9.7937396867,0.0011097844,0.0000847381,-0.1744074586
558993.9400241961,0.0005623149,-0.0013158718,9.7935800093,0.0017503255,0.0000304849,-0.1744074586
558993.9500241959,0.0008638152,-0.0003994598,9.7935778904,0.0008383686,0.0000738874,-0.1743966110
558993.9600241960,0.0006958698,0.0041755836,9.7938862713,0.0019131749,0.0000413356,-0.1744183062
558993.9700241960,0.0010191813,-0.0026863911,9.7928130265,0.0008383686,0.0000847381,-0.1744508490
558993.9800241960,0.0010039142,0.0034141996,9.7938833851,0.0018263219,0.0000630368,-0.1744942393
558993.9900241960,0.0014882902,-0.0034476359,9.7938764398,0.0010663578,0.0000521862,-0.1744942393
558994.0000241960,0.0008484907,0.0050911620,9.7943429504,0.0014571965,0.0000738874,-0.1745050869
558994.0100241960,0.0008708968,-0.0028397516,9.7932717548,0.0013920567,0.0000738874,-0.1747545816
558994.0200241960,-0.0006637415,0.0020343015,9.7945067524,0.0010989277,0.0000738874,-0.1744833917
558994.0300241960,0.0007137173,-0.0004002239,9.7938841786,0.0017503255,0.0000413356,-0.1745050869
558994.0400241960,0.0010127806,0.0005163270,9.7935770402,0.0009143650,0.0000738874,-0.1744725442
558994.0500241960,0.0019215033,0.0028078435,9.7938754936,0.0018914617,0.0000738874,-0.1744291538
558994.0600241960,0.0001106593,-0.0028430168,9.7935831180,0.0007949421,0.0000738874,-0.1744291538
558994.0700241959,-0.0005262229,0.0043231777,9.7937439812,0.0018480352,0.0000521862,-0.1744616966
558994.0800241960,0.0007250494,-0.0029932510,9.7940355025,0.0009577916,0.0000738874,-0.1744616966
558994.0900241960,0.0011498763,0.0047876365,9.7937302344,0.0015657628,0.0000630368,-0.1744508490
558994.1000241960,0.0010311943,-0.0045169918,9.7934222285,0.0013269169,0.0000738874,-0.1744508490
558994.1100241960,0.0002393689,0.0029537007,9.7934319902,0.0012183507,0.0000521862,-0.1744942393
558994.1200241960,-0.0002063088,0.0002062710,9.7935870506,0.0016960423,0.0000630368,-0.1745376297
558994.1300241960,0.0017784871,0.0003667876,9.7938756462,0.0008709385,0.0000738874,-0.1745050869
558994.1400241960,0.0017749176,0.0012819491,9.7938760648,0.0018914617,0.0000413356,-0.1744942393
558994.1500241960,0.0007262679,-0.0029933204,9.7941880123,0.0008057987,0.0000847381,-0.1745484773
558994.1600241960,-0.0000703742,0.0050876187,9.7938930335,0.0018914617,0.0000304849,-0.1745484773
558994.1700241960,0.0002722613,-0.0036053733,9.7943440492,0.0009577916,0.0000738874,-0.1744291538
558994.1800241960,0.0014639559,0.0034159365,9.7941845984,0.0015549062,0.0000630368,-0.1738759265
558994.1900241961,-0.0001819173,-0.0060473326,9.7935841905,0.0013812001,0.0000521862,-0.1728128623
558994.2000241959,-0.0006704576,0.0018821912,9.7935916241,0.0011206410,0.0000738874,-0.1716521698
558994.2100241960,-0.0009653565,-0.0001020481,9.7938982742,0.0016851857,0.0000521862,-0.1701335067
558994.2200241960,-0.0001961092,-0.0014717335,9.7940438125,0.0007732289,0.0000738874,-0.1690270522
558994.2300241960,-0.0003570016,0.0003580337,9.7938934086,0.0018371785,0.0000738874,-0.1681375495
558994.2400241960,-0.0009516735,-0.0036101672,9.7938966698,0.0007623722,0.0000847381,-0.1670744853
558994.2500241960,0.0000815371,0.0049357865,9.7937391853,0.0018046086,0.0000521862,-0.1664670201
558994.2600241960,0.0002679249,-0.0043675913,9.7934286419,0.0008926518,0.0000738874,-0.1658812500
558994.2700241960,-0.0000578236,0.0024945222,9.7941968672,0.0014463399,0.0000413356,-0.1648724238
558994.2800241960,-0.0003385306,-0.0040653163,9.7940438954,0.0013594868,0.0000847381,-0.1641998730
558994.2900241960,-0.0011279190,0.0034052374,9.7943586767,0.0009252217,0.0000738874,-0.1632127420
558994.3000241960,-0.0008080049,-0.0007116694,9.7942017460,0.0017503255,0.0000304849,-0.1622147634
558994.3100241960,0.0004253338,-0.0043672438,9.7940374122,0.0006429493,0.0000847381,-0.1615313650
558994.3200241959,-0.0005166469,0.0024927158,9.7940481636,0.0018697484,0.0000521862,-0.1605225388
558994.3300241960,-0.0012603988,-0.0036112095,9.7934416780,0.0007623722,0.0000630368,-0.1596330361
558994.3400241960,-0.0014395902,0.0044718141,9.7940566829,0.0015006230,0.0000630368,-0.1587326858
558994.3500241960,0.0008895400,-0.0054331952,9.7943381372,0.0010772145,0.0000521862,-0.1575069078
558994.3600241960,-0.0000572001,0.0026469797,9.7943494467,0.0011640675,0.0000847381,-0.1570187661
558994.3700241960,-0.0006567459,-0.0013209435,9.7937426690,0.0014571965,0.0000521862,-0.1565631671
558994.3800241960,-0.0005053148,-0.0001003112,9.7941994875,0.0007840855,0.0000630368,-0.1556736644
558994.3900241960,0.0008693128,-0.0002472801,9.7943405089,0.0017394689,0.0000304849,-0.1547841618
558994.4000241960,-0.0007967589,-0.0042196496,9.7938951221,0.0005995228,0.0001064393,-0.1536668596
558994.4100241960,-0.0018990371,0.0043175502,9.7937553998,0.0017177556,0.0000304849,-0.1523759960
558994.4200241960,-0.0009535729,-0.0043725241,9.7932862820,0.0007298023,0.0000738874,-0.1518444639
558994.4300241960,-0.0000614218,0.0031046993,9.7940446365,0.0013703435,0.0000738874,-0.1510417420
558994.4400241961,0.0011886033,-0.0045166443,9.7940309987,0.0011532109,0.0000738874,-0.1501413917
558994.4500241959,-0.0005214922,0.0027979780,9.7935907739,0.0010012181,0.0000847381,-0.1494362981
558994.4600241960,-0.0017208347,-0.0013255287,9.7942090794,0.0014246266,0.0000521862,-0.1484491671
558994.4700241960,-0.0002015495,-0.0010139444,9.7935864925,0.0007189457,0.0000630368,-0.1476355976
558994.4800241960,0.0014727650,-0.0000919048,9.7935729549,0.0015983327,0.0000738874,-0.1467677901
558994.4900241960,-0.0015623793,-0.0031551570,9.7940544638,0.0005778095,0.0000738874,-0.1456179452
558994.5000241960,-0.0009772835,0.0026435058,9.7937470201,0.0016743291,0.0000413356,-0.1448477660
558994.5100241960,-0.0001883753,-0.0034545834,9.7940429057,0.0006429493,0.0000847381,-0.1441752152
558994.5200241960,-0.0002194257,0.0032568787,9.7934359359,0.0014354832,0.0000196343,-0.1431663890
558994.5300241960,-0.0004869584,-0.0057435988,9.7937393773,0.0009469349,0.0000847381,-0.1422226484
558994.5400241960,-0.0026497273,0.0021788387,9.7942182962,0.0010446446,0.0000738874,-0.1412680601
558994.5500241960,0.0002584349,-0.0016221762,9.7935824073,0.0013269169,0.0000304849,-0.1403894051
558994.5600241960,0.0007143696,0.0000572179,9.7941894074,0.0006103794,0.0000955887,-0.1398578730
558994.5700241959,-0.0011106951,-0.0013230276,9.7942040044,0.0016417592,0.0000413356,-0.1388815896
558994.5800241960,-0.0018668829,-0.0036139189,9.7939042823,0.0004909565,0.0000630368,-0.1379486965
558994.5900241960,0.0003878254,0.0049369676,9.7938891576,0.0015874761,0.0000521862,-0.1371242794
558994.6000241960,0.0013313615,-0.0048204479,9.7926570027,0.0005995228,0.0000738874,-0.1361046056
558994.6100241960,-0.0006703143,0.0034071132,9.7943548704,0.0013160603,0.0000630368,-0.1354537500
558994.6200241960,-0.0027767381,-0.0049904128,9.7939112669,0.0009035084,0.0000738874,-0.1348245896
558994.6300241960,-0.0000614792,0.0024947305,9.7937393379,0.0009252217,0.0000521862,-0.1336313543
558994.6400241960,0.0010241414,-0.0017717156,9.7938810133,0.0013703435,0.0000738874,-0.1328394799
558994.6500241960,-0.0012603414,-0.0030012407,9.7937469766,0.0004583866,0.0000738874,-0.1314184452
558994.6600241960,-0.0025051270,0.0020274231,9.7931493894,0.0016743291,0.0000413356,-0.1305397901
558994.6700241960,-0.0004947497,-0.0043707177,9.7934349856,0.0004041035,0.0000738874,-0.1302902954
558994.6800241960,0.0010106590,0.0038712942,9.7949511626,0.0013594868,0.0000738874,-0.1295960494
558994.6900241961,-0.0000335754,-0.0052840033,9.7934307608,0.0008057987,0.0000738874,-0.1286197660
558994.7000241959,-0.0023470945,0.0021802281,9.7939107392,0.0009252217,0.0000955887,-0.1278821296
558994.7100241960,-0.0024757754,-0.0033115050,9.7942145162,0.0012943471,0.0000196343,-0.1264719425
558994.7200241960,0.0005629671,-0.0008584300,9.7938852381,0.0004692432,0.0000738874,-0.1255824398
558994.7300241960,0.0013184740,0.0006700350,9.7937270822,0.0015223363,0.0000738874,-0.1249315842
558994.7400241960,-0.0023263297,-0.0037681828,9.7936029992,0.0003715336,0.0000738874,-0.1239010628
558994.7500241960,-0.0026569810,0.0027892241,9.7936085362,0.0014029134,0.0000630368,-0.1231308837
558994.7600241960,0.0001213965,-0.0052835169,9.7937345116,0.0005126697,0.0000847381,-0.1223823997
558994.7700241960,-0.0002145803,0.0029516166,9.7938933257,0.0012183507,0.0000521862,-0.1213410307
558994.7800241960,-0.0007961926,-0.0046771609,9.7937424031,0.0008166554,0.0000847381,-0.1206684799
558994.7900241960,-0.0020402112,0.0020288823,9.7940606418,0.0008275120,0.0000738874,-0.1196921965
558994.8000241970,-0.0000357831,-0.0028439893,9.7943469355,0.0011857808,0.0000521862,-0.1187593034
558994.8100241970,-0.0003522997,-0.0014721504,9.7935875520,0.0004258167,0.0000847381,-0.1181409906
558994.8200241970,-0.0012776514,0.0008120711,9.7934437010,0.0014354832,0.0000738874,-0.1172406403
558994.8300241970,-0.0017173513,-0.0031556434,9.7937507130,0.0003172504,0.0000738874,-0.1162860521
558994.8400241970,-0.0003628935,0.0024932717,9.7941994047,0.0013920567,0.0000413356,-0.1154399398
558994.8500241970,-0.0003344235,-0.0057429735,9.7937381086,0.0004909565,0.0000738874,-0.1142683997
558994.8600241970,-0.0014323652,0.0035564443,9.7945137936,0.0010989277,0.0000521862,-0.1134982205
558994.8700241970,-0.0015643074,-0.0042224983,9.7932914267,0.0007949421,0.0000738874,-0.1127497366
558994.8800241970,-0.0009707108,0.0012706941,9.7938989021,0.0007080891,0.0000738874,-0.1116758248
558994.8900241971,0.0004212554,-0.0023846022,9.7944958483,0.0011097844,0.0000630368,-0.1111009024
558994.9000241969,-0.0008068151,-0.0010167232,9.7942016065,0.0004366733,0.0000847381,-0.1102113997
558994.9100241970,-0.0026492470,0.0008063742,9.7936076294,0.0013377736,0.0000413356,-0.1090940975
558994.9200241970,-0.0006483884,-0.0031513359,9.7938943416,0.0002738239,0.0000738874,-0.1085083275
558994.9300241970,-0.0002086312,0.0014263474,9.7938926281,0.0013269169,0.0000738874,-0.1073910253
558994.9400241970,-0.0001878951,-0.0048270479,9.7934322388,0.0003606769,0.0000738874,-0.1065232179
558994.9500241970,-0.0021993189,0.0034010687,9.7939100285,0.0011206410,0.0000738874,-0.1058723622
558994.9600241970,-0.0023191334,-0.0049885370,9.7939074607,0.0006103794,0.0000521862,-0.1045923462
558994.9700241970,0.0005480369,0.0023447742,9.7935816835,0.0007515156,0.0000738874,-0.1039848809
558994.9800241970,0.0010294669,-0.0034494423,9.7937277363,0.0009903614,0.0000847381,-0.1034208061
558994.9900241970,-0.0024973644,0.0003495576,9.7933011319,0.0004149601,0.0000630368,-0.1025529986
558995.0000241970,-0.0015766860,0.0002005046,9.7939034887,0.0012074940,0.0000630368,-0.1016743435
558995.0100241971,-0.0008021705,-0.0034568762,9.7935904514,0.0002195408,0.0000738874,-0.1007197553
558995.0200241969,-0.0005148621,0.0020351351,9.7940479544,0.0012834904,0.0000413356,-0.0992770253
558995.0300241970,-0.0003392115,-0.0048277426,9.7935860173,0.0002521106,0.0000738874,-0.0986044745
558995.0400241970,-0.0011315745,0.0034054457,9.7939011474,0.0011097844,0.0000738874,-0.0977909050
558995.0500241970,-0.0006369703,-0.0048294098,9.7945036134,0.0005018131,0.0000630368,-0.0969990307
558995.0600241970,0.0004009422,0.0018863598,9.7940402722,0.0007840855,0.0000738874,-0.0963915654
558995.0700241970,-0.0015606519,-0.0042227066,9.7937489560,0.0008275120,0.0000738874,-0.0953827392
558995.0800241970,-0.0014367877,0.0018792731,9.7931404385,0.0003389637,0.0000738874,-0.0944606938
558995.0900241970,-0.0009624393,-0.0014746515,9.7935926269,0.0011749241,0.0000521862,-0.0935711911
558995.1000241970,-0.0007979200,-0.0036096114,9.7940479109,0.0001435444,0.0000847381,-0.0925189745
558995.1100241970,-0.0005190552,0.0027978391,9.7938957934,0.0012400639,0.0000413356,-0.0918030333
558995.1200241970,-0.0017107785,-0.0045284551,9.7939025950,0.0001978275,0.0000847381,-0.0910653970
558995.1300241970,-0.0018894611,0.0024870883,9.7940595823,0.0010772145,0.0000521862,-0.0899372472
558995.1400241971,-0.0009469141,-0.0048303826,9.7938961118,0.0003823902,0.0000738874,-0.0891128301
558995.1500241969,-0.0006703716,0.0027971444,9.7940495719,0.0007189457,0.0000738874,-0.0882667178
558995.1600241970,-0.0017089651,-0.0046810515,9.7940550350,0.0007732289,0.0000738874,-0.0873663676
558995.1700241970,-0.0008157389,0.0012711805,9.7942026528,0.0003063938,0.0000738874,-0.0867155119
558995.1800241970,-0.0011155978,-0.0016277343,9.7934413161,0.0011097844,0.0000630368,-0.0856307526
558995.1900241970,-0.0006550185,-0.0023884930,9.7934371612,0.0001001178,0.0000738874,-0.0847846403
558995.2000241970,-0.0017345752,0.0015726216,9.7939053852,0.0011532109,0.0000630368,-0.0839168328
558995.2100241970,-0.0010879736,-0.0058991129,9.7948119508,0.0000892612,0.0000847381,-0.0829188542
558995.2200241970,-0.0003634024,0.0035607518,9.7946574222,0.0010229313,0.0000630368,-0.0823222365
558995.2300241970,-0.0011177553,-0.0051349507,9.7914570849,0.0003172504,0.0000738874,-0.0816605333
558995.2400241970,-0.0015954152,0.0018789951,9.7923791584,0.0006863758,0.0000847381,-0.0804781456
558995.2500241970,-0.0021641328,-0.0046830662,9.7943638607,0.0007298023,0.0000413356,-0.0796971189
558995.2600241971,-0.0016956976,0.0003504620,9.7981751004,0.0001978275,0.0000738874,-0.0785364264
558995.2700241969,-0.0000355250,-0.0000991297,9.7957207789,0.0010446446,0.0000413356,-0.0774733622
558995.2800241970,-0.0003560986,-0.0029968641,9.7923667763,-0.0000193051,0.0001064393,-0.0770936964
558995.2900241970,-0.0016003179,0.0015742884,9.7916164701,0.0011423543,0.0000630368,-0.0762584317
558995.3000241970,-0.0015741989,-0.0057468647,9.7913081023,0.0000784046,0.0000738874,-0.0753797766
558995.3100241970,-0.0009857557,0.0032539607,9.7929847503,0.0008817951,0.0000521862,-0.0745879023
558995.3200241970,-0.0012350395,-0.0060525428,9.7954231888,0.0004149601,0.0000738874,-0.0735031429
558995.3300241970,-0.0011073764,0.0015741505,9.7960354469,0.0004149601,0.0000738874,-0.0725810975
558995.3400241970,-0.0014013149,-0.0031550178,9.7951207634,0.0007732289,0.0000521862,-0.0718651563
558995.3500241970,-0.0018763155,-0.0002585350,9.7943633462,0.0001109745,0.0000738874,-0.0707587018
558995.3600241970,-0.0000508280,-0.0008607228,9.7934327838,0.0009903614,0.0000738874,-0.0699559798
558995.3700241970,-0.0014154281,-0.0042216647,9.7928326287,-0.0000518750,0.0000738874,-0.0691424103
558995.3800241970,-0.0023489652,0.0017228557,9.7934530007,0.0010772145,0.0000521862,-0.0681661269
558995.3900241971,-0.0012544496,-0.0051364786,9.7934409805,0.0000024082,0.0000955887,-0.0674827285
558995.4000241969,-0.0015818395,0.0037081376,9.7949726614,0.0008383686,0.0000413356,-0.0665715306
558995.4100241970,-0.0010940088,-0.0052887969,9.7943547005,0.0002629673,0.0000847381,-0.0655627044
558995.4200241970,-0.0000469431,0.0015789441,9.7951115072,0.0004041035,0.0000738874,-0.0648576108
558995.4300241970,-0.0007979200,-0.0036096114,9.7940479109,0.0007515156,0.0000521862,-0.0637728515
558995.4400241970,-0.0009684171,-0.0002543667,9.7934406752,0.0000024082,0.0000738874,-0.0627423301
558995.4500241970,-0.0012764902,0.0002020329,9.7932909122,0.0010555012,0.0000521862,-0.0621348648
558995.4600241970,-0.0014046049,-0.0057472116,9.7934419702,-0.0001930112,0.0000738874,-0.0612236670
558995.4700241970,-0.0002199919,0.0037143900,9.7935886549,0.0009252217,0.0000521862,-0.0605077258
558995.4800241970,-0.0017036395,-0.0063587781,9.7939017579,0.0000784046,0.0000955887,-0.0596507659
558995.4900241970,-0.0020408061,0.0021814092,9.7940607115,0.0005018131,0.0000413356,-0.0584792258
558995.5000241970,-0.0007901001,-0.0046775081,9.7945049518,0.0005669529,0.0000738874,-0.0576981991
558995.5100241971,-0.0008146064,0.0003561579,9.7938972148,0.0000132648,0.0000738874,-0.0568846295
558995.5200241969,-0.0009636005,-0.0008646133,9.7937454157,0.0009035084,0.0000630368,-0.0559734317
558995.5300241970,-0.0015672820,-0.0034598637,9.7932917755,-0.0001930112,0.0001064393,-0.0553442713
558995.5400241970,-0.0009725242,0.0014232905,9.7937464620,0.0009252217,0.0000521862,-0.0543354450
558995.5500241970,-0.0017095600,-0.0045285246,9.7940551048,-0.0000953015,0.0000630368,-0.0534350948
558995.5600241970,-0.0015873372,0.0035559579,9.7942100429,0.0006972324,0.0000738874,-0.0528384771
558995.5700241970,-0.0014052571,-0.0062046535,9.7931367414,0.0002195408,0.0000738874,-0.0516235466
558995.5800241970,-0.0003677962,0.0021885650,9.7934367164,0.0003063938,0.0000738874,-0.0507665868
558995.5900241970,-0.0000400622,-0.0029962385,9.7937368267,0.0006103794,0.0000738874,-0.0500072552
558995.6000241970,-0.0026354206,-0.0011768229,9.7943692713,-0.0001170148,0.0000738874,-0.0489224958
558995.6100241970,-0.0000464629,0.0002064796,9.7945008404,0.0008166554,0.0000413356,-0.0482607926
558995.6200241970,-0.0014057087,-0.0045272046,9.7939000575,-0.0002364377,0.0001064393,-0.0472953568
558995.6300241970,-0.0008223976,0.0017290390,9.7935928231,0.0008383686,0.0000304849,-0.0461563595
558995.6400241971,-0.0014087693,-0.0046795232,9.7934424585,-0.0001170148,0.0000738874,-0.0456899129
558995.6500241969,-0.0014324799,0.0023365067,9.7939031966,0.0006538059,0.0000847381,-0.0448546482
558995.6600241970,-0.0018640517,-0.0059014755,9.7931406871,0.0000892612,0.0000630368,-0.0438675172
558995.6700241970,-0.0011333879,0.0035580420,9.7937487074,0.0003281071,0.0000630368,-0.0430647953
558995.6800241970,-0.0009499461,-0.0046777168,9.7935911620,0.0003715336,0.0000738874,-0.0420125787
558995.6900241970,-0.0011197049,0.0000499229,9.7937471030,0.0000349781,0.0000738874,-0.0411339236
558995.7000241970,-0.0015677336,-0.0017824148,9.7940550916,0.0006320927,0.0000738874,-0.0404613728
558995.7100241970,-0.0018781863,-0.0007159075,9.7939056076,-0.0001712979,0.0000738874,-0.0394308514
558995.7200241970,-0.0006626664,0.0005093101,9.7938960158,0.0007949421,0.0000521862,-0.0386498247
558995.7300241970,-0.0010976356,-0.0049836042,9.7940498205,-0.0003558606,0.0001172899,-0.0378471028
558995.7400241970,-0.0015886704,0.0023360897,9.7934469360,0.0007406590,0.0000521862,-0.0368599718
558995.7500241970,-0.0009439109,-0.0052880328,9.7940484123,-0.0001061581,0.0000738874,-0.0359921643
558995.7600241971,-0.0011285713,0.0029477955,9.7940534479,0.0003715336,0.0000738874,-0.0350592712
558995.7700241969,-0.0014058234,-0.0057471422,9.7932894604,0.0002629673,0.0000521862,-0.0340287498
558995.7800241970,-0.0018811609,0.0000467271,9.7939059564,0.0000024082,0.0000847381,-0.0333887418
558995.7900241970,-0.0006531477,-0.0019311206,9.7938948997,0.0006212360,0.0000630368,-0.0323582204
558995.8000241970,-0.0018740219,-0.0017835959,9.7939051193,-0.0003341473,0.0000847381,-0.0314904129
558995.8100241970,-0.0009744237,0.0006609336,9.7931360742,0.0007298023,0.0000738874,-0.0307961669
558995.8200241970,-0.0023168111,-0.0062086134,9.7936018831,-0.0003884305,0.0000738874,-0.0298849691
558995.8300241970,-0.0006721277,0.0035597095,9.7942024304,0.0006538059,0.0000630368,-0.0291039423
558995.8400241970,-0.0014027054,-0.0049848548,9.7940523580,-0.0001278714,0.0001064393,-0.0284096963
558995.8500241970,-0.0024941604,0.0020267982,9.7945219772,0.0002738239,0.0000521862,-0.0272164611
558995.8600241970,-0.0010976643,-0.0052885886,9.7938971713,0.0002955372,0.0000738874,-0.0264028915
558995.8700241980,-0.0015761198,-0.0002570067,9.7937507697,-0.0002364377,0.0000847381,-0.0251120279
558995.8800241980,-0.0017317153,-0.0004099506,9.7932944394,0.0006429493,0.0000413356,-0.0241899824
558995.8900241980,-0.0009553003,-0.0033049745,9.7935917898,-0.0004427136,0.0000738874,-0.0239296402
558995.9000241980,-0.0017358510,0.0009627222,9.7934475769,0.0006863758,0.0000521862,-0.0232245466
558995.9100241980,-0.0006364040,-0.0052869211,9.7943508943,-0.0003341473,0.0000738874,-0.0223133487
558995.9200241980,-0.0009693202,0.0031005311,9.7949673074,0.0004909565,0.0000738874,-0.0214129985
558995.9300241980,-0.0018621809,-0.0054441030,9.7935984257,-0.0001170148,0.0000738874,-0.0201112872
558995.9400241980,-0.0026491323,0.0020263118,9.7942182265,0.0001326877,0.0000738874,-0.0191241562
558995.9500241980,-0.0011036421,-0.0040683038,9.7937452196,0.0001978275,0.0000521862,-0.0184841482
558995.9600241981,-0.0021947316,0.0003509470,9.7929935749,-0.0002255810,0.0000955887,-0.0174644744
558995.9700241979,-0.0014145177,-0.0010193632,9.7945117009,0.0005343830,0.0000630368,-0.0167702284
558995.9800241980,-0.0017167563,-0.0033081703,9.7937506433,-0.0004101437,0.0000847381,-0.0160217445
558995.9900241980,-0.0012812782,0.0011172638,9.7931388210,0.0005886662,0.0000630368,-0.0149586803
558996.0000241980,-0.0011000153,-0.0043734965,9.7940500996,-0.0004861401,0.0000738874,-0.0141885011
558996.0100241980,-0.0015837677,0.0026407964,9.7942096243,0.0005018131,0.0000521862,-0.0132773033
558996.0200241980,-0.0018530851,-0.0059021004,9.7945132750,-0.0003015774,0.0000738874,-0.0123118674
558996.0300241980,-0.0014294480,0.0021838409,9.7942081463,0.0001109745,0.0000738874,-0.0116176215
558996.0400241980,-0.0009560673,-0.0049823540,9.7926759640,0.0001761142,0.0000955887,-0.0107064236
558996.0500241980,-0.0021855785,0.0005029184,9.7942137227,-0.0003124341,0.0000738874,-0.0097735305
558996.0600241980,-0.0015761771,-0.0008669755,9.7934454711,0.0004583866,0.0000521862,-0.0089816562
558996.0700241980,-0.0011017427,-0.0033059470,9.7943556074,-0.0005838498,0.0000847381,-0.0079836776
558996.0800241980,-0.0008180899,0.0021862726,9.7943555811,0.0005560963,0.0000630368,-0.0071267177
558996.0900241981,-0.0023155639,-0.0059036985,9.7939070421,-0.0005078534,0.0000955887,-0.0063456910
558996.1000241979,-0.0015873658,0.0032509735,9.7940573936,0.0003389637,0.0000630368,-0.0052717792
558996.1100241980,-0.0015577060,-0.0052903256,9.7935959580,-0.0001387280,0.0000630368,-0.0045232952
558996.1200241980,-0.0011274388,0.0020327729,9.7937480098,-0.0001278714,0.0000738874,-0.0037422685
558996.1300241980,-0.0018675065,-0.0037663764,9.7937517028,0.0002846805,0.0000630368,-0.0028202230
558996.1400241980,-0.0015700559,-0.0005623383,9.7943606692,-0.0005512799,0.0000738874,-0.0022344530
558996.1500241980,-0.0023441486,0.0011126091,9.7937577412,0.0004909565,0.0000630368,-0.0011822364
558996.1600241980,-0.0010842607,-0.0052893524,9.7955747786,-0.0006272763,0.0000847381,-0.0001842578
558996.1700241980,-0.0008290564,0.0021868975,9.7929829933,0.0004583866,0.0000521862,0.0001194748
558996.1800241980,-0.0012507941,-0.0051366870,9.7938985098,-0.0004535703,0.0000847381,-0.0001083246
558996.1900241980,-0.0009806810,0.0053885737,9.7946633343,0.0002195408,0.0000630368,-0.0000974771
558996.2000241980,0.0001213678,-0.0055885013,9.7935818623,-0.0002038678,0.0000955887,-0.0001625626
558996.2100241981,-0.0015862907,0.0017259821,9.7934466570,-0.0001170148,0.0000413356,-0.0001951054
558996.2200241979,-0.0002047535,-0.0026911850,9.7923656471,0.0001544010,0.0000738874,-0.0001951054
558996.2300241980,-0.0001995927,0.0003583812,9.7945021789,-0.0004535703,0.0001064393,-0.0001625626
558996.2400241980,-0.0021880728,-0.0001069115,9.7936034046,0.0004583866,0.0000413356,-0.0001842578
558996.2500241980,-0.0008004144,-0.0042194413,9.7934375928,-0.0005838498,0.0000847381,-0.0001734102
558996.2600241980,0.0002406734,0.0038685845,9.7940424478,0.0004692432,0.0000521862,-0.0001517150
558996.2700241980,0.0002703045,-0.0049776990,9.7934283629,-0.0005512799,0.0000738874,-0.0001842578
558996.2800241980,-0.0020443756,0.0030965707,9.7940611300,0.0002846805,0.0000738874,-0.0000974771
558996.2900241980,-0.0007950315,-0.0052871992,9.7935896143,-0.0002255810,0.0000738874,-0.0001408674
558996.3000241980,0.0000874576,0.0031055329,9.7935858384,-0.0000735882,0.0000630368,-0.0001300198
558996.3100241980,0.0001112542,-0.0029955438,9.7935830482,0.0001761142,0.0000847381,-0.0000974771
558996.3200241980,-0.0020295314,-0.0010215866,9.7939067369,-0.0004644269,0.0001064393,-0.0001625626
558996.3300241980,-0.0008128790,-0.0007113917,9.7935917070,0.0004583866,0.0000304849,-0.0001517150
558996.3400241981,-0.0008063062,-0.0020842034,9.7937435889,-0.0006272763,0.0000955887,-0.0000866295
558996.3500241979,-0.0000590135,0.0027995761,9.7941970067,0.0004366733,0.0000738874,-0.0000866295
558996.3600241980,-0.0012563204,-0.0055938511,9.7929832419,-0.0004969968,0.0000738874,-0.0001083246
558996.3700241980,-0.0012841094,0.0034048204,9.7939024161,0.0003063938,0.0000630368,-0.0000649343
558996.3800241980,-0.0000358691,-0.0037589425,9.7938889877,-0.0002798642,0.0000847381,-0.0001300198
558996.3900241980,-0.0000589848,0.0031045605,9.7943496560,-0.0000301617,0.0000738874,-0.0000757819
558996.4000241980,-0.0009511359,-0.0043726629,9.7935913016,0.0001109745,0.0000955887,-0.0001300198
558996.4100241980,-0.0023405504,0.0005024320,9.7939099719,-0.0004210004,0.0000738874,-0.0000757819
558996.4200241980,-0.0006638562,0.0008143639,9.7938961553,0.0004041035,0.0000738874,-0.0001191722
558996.4300241980,0.0007189568,-0.0029929038,9.7932729537,-0.0006272763,0.0000738874,-0.0000432391
558996.4400241980,-0.0005166756,0.0021877314,9.7938955144,0.0005235264,0.0000521862,-0.0000974771
558996.4500241980,-0.0015619565,-0.0051375903,9.7931384984,-0.0004861401,0.0000955887,-0.0000649343
558996.4600241981,-0.0009838276,0.0043213019,9.7937477874,0.0002412540,0.0000738874,-0.0000866295
558996.4700241979,0.0007309699,-0.0048235045,9.7938821557,-0.0002472943,0.0000738874,-0.0000649343
558996.4800241980,-0.0009718146,0.0024907011,9.7943569894,-0.0000410183,0.0000847381,-0.0000540867
558996.4900241980,-0.0012573669,-0.0037638753,9.7937466278,0.0001001178,0.0000738874,-0.0000866295
558996.5000241980,-0.0011250878,0.0011176808,9.7935950815,-0.0003775739,0.0000738874,-0.0000432391
558996.5100241980,0.0001096415,-0.0007080566,9.7944991531,0.0004041035,0.0000738874,-0.0000649343
558996.5200241980,-0.0003428097,-0.0042175655,9.7934337866,-0.0005838498,0.0000847381,-0.0000649343
558996.5300241980,-0.0017387682,0.0023353256,9.7937532243,0.0005018131,0.0000521862,-0.0000215439
558996.5400241980,-0.0014074934,-0.0040696238,9.7939002668,-0.0005838498,0.0000847381,-0.0001083246
558996.5500241980,-0.0006703143,0.0034071132,9.7943548704,0.0003281071,0.0000304849,-0.0000106963
558996.5600241980,-0.0000275689,-0.0061993037,9.7937353618,-0.0002798642,0.0000955887,-0.0000323915
558996.5700241980,-0.0014336411,0.0029465449,9.7940559853,-0.0000301617,0.0000738874,-0.0000866295
558996.5800241980,-0.0017173799,-0.0034606278,9.7935980638,0.0000892612,0.0000738874,0.0000001513
558996.5900241981,-0.0009730904,0.0018808018,9.7938991811,-0.0003341473,0.0000738874,-0.0000215439
558996.6000241979,0.0005598492,-0.0016207174,9.7931223405,0.0002955372,0.0000630368,-0.0000649343
558996.6100241980,-0.0014134713,-0.0028493390,9.7937483151,-0.0005295667,0.0000955887,-0.0000323915
558996.6200241980,-0.0006698341,0.0020346487,9.7937442036,0.0004692432,0.0000738874,0.0000001513
558996.6300241980,-0.0001883753,-0.0034545834,9.7940429057,-0.0005729932,0.0000738874,-0.0000323915
558996.6400241980,-0.0003677675,0.0024935494,9.7935893656,0.0004366733,0.0000738874,-0.0001191722
558996.6500241980,-0.0009379043,-0.0062033331,9.7943530133,-0.0003884305,0.0000738874,0.0000001513
558996.6600241980,-0.0009752981,0.0043208158,9.7948153557,0.0000892612,0.0000738874,-0.0000323915
558996.6700241980,-0.0009547341,-0.0037624858,9.7934390708,-0.0000193051,0.0000738874,-0.0000649343
558996.6800241980,-0.0012843101,0.0012699296,9.7928338712,-0.0003015774,0.0000738874,-0.0000215439
558996.6900241980,-0.0005024549,-0.0020828834,9.7935885417,0.0003606769,0.0000521862,0.0000326941
558996.7000241980,-0.0009617870,-0.0010172096,9.7938978557,-0.0006164197,0.0001172899,0.0000001513
558996.7100241981,-0.0012793501,0.0021846051,9.7939018581,0.0005560963,0.0000304849,-0.0000215439
558996.7200241979,-0.0006340530,-0.0062020131,9.7941979660,-0.0006164197,0.0000847381,-0.0000974771
558996.7300241980,0.0000899519,0.0037153628,9.7941961565,0.0003172504,0.0000738874,0.0000109989
558996.7400241980,-0.0020140636,-0.0049872864,9.7939049232,-0.0002147244,0.0000738874,0.0000109989
558996.7500241980,-0.0009821002,0.0032537523,9.7934422796,-0.0001821545,0.0000738874,0.0000001513
558996.7600241980,-0.0006465750,-0.0033039323,9.7940467816,0.0002412540,0.0000738874,-0.0000323915
558996.7700241980,0.0002554890,-0.0005545572,9.7937354053,-0.0005078534,0.0000955887,-0.0000757819
558996.7800241980,-0.0008187708,0.0014238463,9.7938977031,0.0005018131,0.0000521862,0.0000543893
558996.7900241980,-0.0011054269,-0.0036107231,9.7937454288,-0.0006164197,0.0000847381,0.0000109989
558996.8000241980,-0.0012804826,0.0030996277,9.7942072961,0.0004149601,0.0000521862,0.0000001513
558996.8100241980,-0.0001867339,-0.0054370861,9.7932794501,-0.0004427136,0.0000738874,-0.0000323915
558996.8200241980,-0.0012852132,0.0046248274,9.7943605034,0.0001761142,0.0000738874,-0.0000432391
558996.8300241980,-0.0010969833,-0.0045261623,9.7943550493,-0.0000735882,0.0000738874,0.0000109989
558996.8400241981,-0.0011207227,0.0021848831,9.7946631381,-0.0002690076,0.0000738874,0.0000435417
558996.8500241979,0.0004169476,-0.0028418357,9.7937330902,0.0004041035,0.0000413356,0.0000109989
558996.8600241980,-0.0006610250,-0.0014731927,9.7931325602,-0.0006381330,0.0000955887,-0.0000106963
558996.8700241980,-0.0021938786,0.0029432797,9.7943673485,0.0005235264,0.0000413356,-0.0000215439
558996.8800241980,-0.0010953133,-0.0062036807,9.7937442430,-0.0005947064,0.0000738874,-0.0000540867
558996.8900241980,0.0003986773,0.0037164051,9.7946511483,0.0003172504,0.0000847381,0.0000001513
558996.9000241980,-0.0012532024,-0.0048315637,9.7937461395,-0.0002038678,0.0000738874,0.0000543893
558996.9100241980,-0.0011407277,0.0032534743,9.7926809996,-0.0001170148,0.0000738874,-0.0000323915
558996.9200241980,-0.0000345932,-0.0031490431,9.7943467960,0.0002195408,0.0000630368,0.0000326941
558996.9300241980,0.0001114549,-0.0008606530,9.7946515931,-0.0005621366,0.0000847381,0.0000218465
558996.9400241980,-0.0000524407,0.0014267644,9.7943488887,0.0005560963,0.0000521862,0.0000001513
558996.9500241990,-0.0004899330,-0.0049809642,9.7937397261,-0.0007249860,0.0000738874,0.0000001513
558996.9600241990,-0.0003712223,0.0046286485,9.7942003813,0.0004475300,0.0000521862,-0.0000106963
558996.9700241990,-0.0001813223,-0.0061998596,9.7935841208,-0.0003232907,0.0000847381,-0.0000432391
558996.9800241990,-0.0008253149,0.0031016424,9.7938984704,-0.0000193051,0.0000847381,0.0000977796
558996.9900241990,-0.0012530591,-0.0033066417,9.7945093859,0.0001869709,0.0000630368,-0.0000540867
558997.0000241990,-0.0014229899,-0.0004089084,9.7937494312,-0.0005512799,0.0000847381,0.0000326941
558997.0100241990,0.0001048535,0.0002071743,9.7943470619,0.0005018131,0.0000521862,0.0000543893
558997.0200241990,-0.0004940401,-0.0033033070,9.7940455129,-0.0006707028,0.0000738874,0.0000218465
558997.0300241990,-0.0025062595,0.0029424457,9.7934548275,0.0004583866,0.0000413356,0.0000109989
558997.0400241991,-0.0007961640,-0.0043721765,9.7938950523,-0.0004535703,0.0000847381,0.0000001513
558997.0500241990,-0.0008270709,0.0038642075,9.7940513289,0.0001869709,0.0000738874,0.0000001513
558997.0600241990,-0.0017108072,-0.0048334395,9.7937499457,-0.0001278714,0.0000955887,-0.0000215439
558997.0700241990,-0.0018871101,0.0015719963,9.7939066540,-0.0001495846,0.0000738874,-0.0000323915
558997.0800241990,-0.0015683572,-0.0019348723,9.7939025121,0.0001978275,0.0000630368,0.0001086272
558997.0900241990,-0.0000494375,0.0009691142,9.7945011891,-0.0004752835,0.0000738874,-0.0000540867
558997.1000241990,-0.0006670028,-0.0002529079,9.7929806085,0.0004475300,0.0000738874,0.0000977796
558997.1100241990,-0.0015575913,-0.0040703880,9.7942065550,-0.0006272763,0.0000955887,0.0000001513
558997.1200241990,-0.0003701472,0.0031036571,9.7935896447,0.0005235264,0.0000738874,0.0000001513
558997.1300241990,-0.0004978389,-0.0048280207,9.7928247373,-0.0005295667,0.0000847381,0.0000435417
558997.1400241990,-0.0017452550,0.0046230905,9.7940592901,0.0002086841,0.0000738874,0.0000326941
558997.1500241990,-0.0012472246,-0.0060518485,9.7938980912,-0.0002038678,0.0000738874,0.0000218465
558997.1600241991,-0.0015826065,0.0020307582,9.7940568355,-0.0001278714,0.0000738874,0.0000109989
558997.1700241989,-0.0005024549,-0.0020828834,9.7935885417,0.0002738239,0.0000738874,0.0000109989
558997.1800241990,-0.0012704264,-0.0001032987,9.7939008117,-0.0005512799,0.0000847381,0.0000109989
558997.1900241990,-0.0006608816,0.0000517293,9.7938958065,0.0005343830,0.0000413356,0.0000109989
558997.2000241990,0.0001208302,-0.0048260056,9.7938872306,-0.0006598462,0.0000847381,0.0000109989
558997.2100241990,-0.0005242374,0.0060004877,9.7948123168,0.0004149601,0.0000521862,0.0000001513
558997.2200241990,-0.0006413641,-0.0062015965,9.7932829075,-0.0004101437,0.0000630368,0.0000001513
558997.2300241990,-0.0008222829,0.0029489766,9.7942034201,0.0000458347,0.0000738874,0.0000001513
558997.2400241990,-0.0001908123,-0.0034544445,9.7937378862,0.0001218311,0.0000738874,0.0000326941
558997.2500241990,-0.0011269012,0.0012702771,9.7934426415,-0.0004644269,0.0000738874,0.0000109989
558997.2600241990,0.0002518908,0.0000556199,9.7935831746,0.0004583866,0.0000847381,0.0000109989
558997.2700241990,-0.0006496356,-0.0034562509,9.7935891826,-0.0006381330,0.0000738874,0.0000543893
558997.2800241990,-0.0006740558,0.0024923683,9.7934393934,0.0004366733,0.0000738874,0.0000001513
558997.2900241991,-0.0012508228,-0.0054416714,9.7937458605,-0.0004644269,0.0000738874,0.0000869320
558997.3000241990,-0.0003737167,0.0040188186,9.7935900632,0.0002303974,0.0000738874,0.0000001513
558997.3100241990,-0.0001805841,-0.0048274645,9.7943472974,-0.0002038678,0.0000738874,0.0000326941
558997.3200241990,-0.0012846757,0.0038623317,9.7940551351,-0.0000735882,0.0000847381,0.0000326941
558997.3300241990,-0.0017088791,-0.0037660983,9.7945129828,0.0001435444,0.0000304849,0.0000218465
558997.3400241990,0.0000999221,-0.0004025167,9.7934317243,-0.0004969968,0.0000955887,0.0000218465
558997.3500241990,-0.0005113500,0.0005100048,9.7937422373,0.0004692432,0.0000847381,0.0000652368
558997.3600241990,-0.0017112874,-0.0034609750,9.7943606126,-0.0006489896,0.0000847381,0.0000109989
558997.3700241990,-0.0015916449,0.0030987243,9.7934472848,0.0004800999,0.0000521862,0.0000543893
558997.3800241990,0.0005880683,-0.0060446229,9.7944929054,-0.0004535703,0.0000847381,0.0000109989
558997.3900241990,-0.0009814480,0.0037111942,9.7937475084,0.0001978275,0.0000738874,0.0000218465
558997.4000241990,-0.0012562057,-0.0043739135,9.7935938390,-0.0001278714,0.0000847381,0.0000435417
558997.4100241991,-0.0015873945,0.0029459891,9.7939047443,-0.0002255810,0.0000413356,0.0000435417
558997.4200241989,0.0011814643,-0.0026863213,9.7940318358,0.0002846805,0.0000738874,0.0000435417
558997.4300241990,-0.0008055106,-0.0001018395,9.7948120641,-0.0005621366,0.0000847381,0.0000109989
558997.4400241990,-0.0009743663,0.0012709024,9.7934413728,0.0005018131,0.0000521862,0.0000218465
558997.4500241990,-0.0014020245,-0.0042224285,9.7945102361,-0.0006272763,0.0000847381,0.0000218465
558997.4600241990,0.0002357420,0.0032588934,9.7931271102,0.0004475300,0.0000738874,0.0000543893
558997.4700241990,-0.0011037568,-0.0052882414,9.7931346225,-0.0004210004,0.0000847381,0.0000326941
558997.4800241990,-0.0022047018,0.0044688266,9.7937580071,0.0000675479,0.0000630368,0.0000326941
558997.4900241990,-0.0012538260,-0.0049840212,9.7935935600,-0.0000410183,0.0000955887,0.0000218465
558997.5000241990,0.0005539860,0.0008195050,9.7935809859,-0.0002690076,0.0000738874,0.0000326941
558997.5100241990,-0.0005048059,-0.0011677913,9.7937414700,0.0003281071,0.0000521862,0.0000001513
558997.5200241990,-0.0018684383,-0.0007164630,9.7951256857,-0.0005729932,0.0000847381,0.0000001513
558997.5300241990,-0.0029573201,0.0012627738,9.7934578664,0.0004909565,0.0000413356,0.0000543893
558997.5400241991,-0.0003344235,-0.0057429735,9.7937381086,-0.0006272763,0.0000738874,0.0000109989
558997.5500241990,0.0011504999,0.0049400940,9.7938828139,0.0003823902,0.0000738874,0.0000326941
558997.5600241990,-0.0009451294,-0.0052879633,9.7938959025,-0.0003232907,0.0000847381,0.0000109989
558997.5700241990,-0.0026478565,0.0026362111,9.7946760348,-0.0000301617,0.0000630368,0.0000109989
558997.5800241990,0.0013290678,-0.0032953871,9.7931152295,0.0001326877,0.0000738874,0.0000109989
558997.5900241990,0.0002513819,0.0011231000,9.7940411922,-0.0004210004,0.0000847381,0.0000001513
558997.6000241990,-0.0002020871,-0.0002514487,9.7938918608,0.0004041035,0.0000847381,0.0000218465
558997.6100241990,-0.0030889469,-0.0031613404,9.7939146414,-0.0006598462,0.0000847381,-0.0000215439
558997.6200241990,-0.0008235301,0.0026440616,9.7938982611,0.0004909565,0.0000521862,0.0000543893
558997.6300241990,0.0007298087,-0.0042134663,9.7940349445,-0.0005078534,0.0000847381,0.0000326941
558997.6400241990,-0.0008258238,0.0041691225,9.7943564880,0.0002738239,0.0000738874,-0.0000106963
558997.6500241990,-0.0023204379,-0.0059034207,9.7932970031,-0.0001821545,0.0000738874,0.0001194748
558997.6600241991,-0.0008192797,0.0024913264,9.7943557206,-0.0001278714,0.0000630368,-0.0000540867
558997.6700241989,-0.0000448215,-0.0017760231,9.7937373847,0.0001978275,0.0000738874,0.0001086272
558997.6800241990,-0.0017286547,-0.0002576320,9.7937520384,-0.0005295667,0.0000847381,0.0000001513
558997.6900241990,-0.0015755535,-0.0007145180,9.7935980507,0.0004583866,0.0000521862,0.0000543893
558997.7000241990,-0.0008002997,-0.0029995037,9.7940481899,-0.0006381330,0.0001064393,0.0000326941
558997.7100241990,-0.0006775680,0.0040174986,9.7937451104,0.0004909565,0.0000413356,0.0000218465
558997.7200241990,0.0002799379,-0.0061981920,9.7940378439,-0.0004644269,0.0000955887,0.0000218465
558997.7300241990,-0.0014396763,0.0035568609,9.7935987351,0.0001001178,0.0000738874,0.0000435417
558997.7400241990,-0.0011030185,-0.0039158463,9.7938977991,0.0000349781,0.0000630368,0.0000109989
558997.7500241990,-0.0002074126,0.0014262780,9.7940451379,-0.0003992871,0.0000738874,0.0000435417
558997.7600241990,-0.0006590969,-0.0004058514,9.7938955973,0.0003932468,0.0000738874,0.0000652368
558997.7700241990,-0.0011072116,-0.0031531423,9.7937456381,-0.0005838498,0.0000738874,-0.0000106963
558997.7800241990,-0.0005166469,0.0024927158,9.7940481636,0.0005235264,0.0000413356,0.0000652368
558997.7900241991,-0.0003392115,-0.0048277426,9.7935860173,-0.0005729932,0.0000955887,0.0000001513
558997.8000241990,0.0000881385,0.0038679592,9.7940437165,0.0003172504,0.0000521862,0.0000869320
558997.8100241990,-0.0003325527,-0.0052856011,9.7941958471,-0.0002907208,0.0000847381,-0.0000106963
558997.8200241990,-0.0009748752,0.0023383825,9.7938993903,-0.0000193051,0.0000738874,0.0000869320
558997.8300241990,0.0004174852,-0.0036043314,9.7934277219,0.0001218311,0.0000738874,-0.0000323915
558997.8400241990,-0.0006583873,0.0006615592,9.7945061246,-0.0004210004,0.0000738874,0.0000543893
558997.8500241990,-0.0008049730,-0.0008643352,9.7945066958,0.0004475300,0.0000738874,0.0000326941
558997.8600241990,0.0001070325,-0.0025378241,9.7932782380,-0.0006164197,0.0000955887,0.0000218465
558997.8700241990,0.0003852450,0.0034121845,9.7928208917,0.0004800999,0.0000521862,0.0000760844
558997.8800241990,-0.0012466010,-0.0058993910,9.7940506707,-0.0005729932,0.0000847381,-0.0000106963
558997.8900241990,-0.0014390527,0.0037093184,9.7937513146,0.0002629673,0.0000738874,0.0000977796
558997.9000241990,-0.0003372834,-0.0037604014,9.7943490544,-0.0001604413,0.0000847381,-0.0000540867
558997.9100241991,-0.0017393345,0.0027928369,9.7939059433,-0.0001387280,0.0000738874,0.0000869320
558997.9200241989,-0.0006458940,-0.0025415060,9.7945046597,0.0002629673,0.0000738874,0.0000218465
558997.9300241990,-0.0003522136,-0.0005571972,9.7940454998,-0.0005295667,0.0000738874,0.0000001513
558997.9400241990,-0.0000560962,0.0014269727,9.7938913594,0.0004366733,0.0000738874,0.0001086272
558997.9500241990,-0.0009504549,-0.0036102367,9.7940491796,-0.0005947064,0.0000738874,-0.0000323915
558997.9600241990,-0.0020456228,0.0027916558,9.7937559710,0.0004475300,0.0000738874,0.0000977796
558997.9700241990,-0.0007967876,-0.0045246340,9.7937424728,-0.0004861401,0.0000847381,-0.0000323915
558997.9800241990,-0.0022005087,0.0037061226,9.7939101680,0.0002738239,0.0000738874,0.0000435417
558997.9900241990,-0.0014051998,-0.0055946847,9.7934420400,-0.0002364377,0.0000738874,0.0000760844
558998.0000241990,-0.0008223116,0.0026439922,9.7940507709,-0.0000301617,0.0000738874,-0.0000215439
558998.0100241990,0.0001130963,-0.0028431557,9.7938881375,0.0000458347,0.0000847381,0.0001194748
558998.0200242000,-0.0006656983,0.0006619759,9.7935910660,-0.0003667172,0.0000738874,-0.0000432391
558998.0300242000,-0.0011101575,-0.0020855233,9.7938986361,0.0003715336,0.0000413356,0.0000760844
558998.0400242000,-0.0015726076,-0.0017821370,9.7934450526,-0.0005404233,0.0000738874,0.0000652368
558998.0500242000,0.0002448665,0.0031058805,9.7941946087,0.0004800999,0.0000738874,-0.0000215439
558998.0600242000,-0.0009511932,-0.0049826317,9.7932860030,-0.0005947064,0.0000738874,0.0001086272
558998.0700242000,-0.0017380873,0.0030977519,9.7942111023,0.0004041035,0.0000738874,-0.0000432391
558998.0800242000,-0.0006443100,-0.0051339775,9.7934359055,-0.0003341473,0.0000738874,0.0000977796
558998.0900242000,-0.0006781055,0.0047799943,9.7940504787,-0.0000084485,0.0000738874,0.0000218465
558998.1000242000,-0.0007954830,-0.0036097503,9.7943529304,0.0000892612,0.0000847381,-0.0000323915
558998.1100242001,-0.0011269586,0.0006603084,9.7931373430,-0.0003992871,0.0000630368,0.0001303224
558998.1200241999,-0.0008103559,0.0002034227,9.7943546743,0.0004583866,0.0000738874,-0.0000432391
558998.1300242000,-0.0003426950,-0.0029976279,9.7940443837,-0.0006381330,0.0000955887,0.0000652368
558998.1400242000,-0.0011358823,0.0029482121,9.7931383893,0.0004800999,0.0000738874,0.0000652368
558998.1500242000,-0.0010927616,-0.0049838820,9.7946598596,-0.0005729932,0.0000738874,-0.0000106963
558998.1600242000,-0.0005292262,0.0047808279,9.7935916807,0.0003498203,0.0000521862,0.0000435417
558998.1700242000,-0.0009462905,-0.0046779251,9.7940486913,-0.0002907208,0.0000955887,0.0000001513
558998.1800242000,-0.0009754414,0.0027958938,9.7940521094,-0.0000193051,0.0000738874,0.0000977796
558998.1900242000,-0.0001896225,-0.0037594983,9.7937377466,0.0001218311,0.0000738874,-0.0000540867
558998.2000242000,-0.0008102699,0.0011183758,9.7948126221,-0.0004210004,0.0000955887,0.0001194748
558998.2100242000,-0.0006645085,0.0003569220,9.7935909265,0.0004041035,0.0000521862,0.0000001513
558998.2200242000,-0.0020217975,-0.0030044365,9.7939058300,-0.0006381330,0.0000847381,0.0000218465
558998.2300242000,-0.0017368688,0.0030976824,9.7943636121,0.0005018131,0.0000738874,0.0000869320
558998.2400241999,0.0001177410,-0.0052833086,9.7932769823,-0.0005078534,0.0000847381,-0.0000649343
558998.2500242000,-0.0015915302,0.0043186619,9.7940578819,0.0002412540,0.0000738874,0.0001194748
558998.2600242000,-0.0003386453,-0.0052852539,9.7934332983,-0.0002147244,0.0000738874,0.0000001513
558998.2700242000,-0.0006637128,0.0023392859,9.7946594017,-0.0001278714,0.0000738874,0.0000435417
558998.2800242000,-0.0011156551,-0.0022377031,9.7931360176,0.0001435444,0.0000630368,0.0000326941
558998.2900242000,-0.0006639709,-0.0004055737,9.7932855582,-0.0004210004,0.0000738874,0.0000218465
558998.3000242000,-0.0014151126,-0.0008668363,9.7945117707,0.0004149601,0.0000738874,0.0000435417
558998.3100242000,-0.0003409102,-0.0034552086,9.7940441744,-0.0005729932,0.0000847381,0.0000218465
558998.3200242000,0.0013089267,0.0028054813,9.7935755490,0.0004692432,0.0000521862,0.0000218465
558998.3300242000,-0.0011011764,-0.0037634583,9.7942028883,-0.0005512799,0.0000847381,0.0000435417
558998.3400242000,-0.0008235301,0.0026440616,9.7938982611,0.0003498203,0.0000521862,0.0000652368
558998.3500242000,-0.0004930223,-0.0054382672,9.7931294778,-0.0003884305,0.0000955887,-0.0000215439
558998.3600242001,0.0000790714,0.0046309410,9.7932815165,0.0001326877,0.0000630368,0.0001194748
558998.3700241999,-0.0007950028,-0.0049822148,9.7937422635,-0.0000627316,0.0000738874,-0.0000649343
558998.3800242000,-0.0002122293,0.0020365245,9.7937403974,-0.0002147244,0.0000847381,0.0000869320
558998.3900242000,-0.0004952012,-0.0026932688,9.7941983017,0.0002629673,0.0000738874,-0.0000432391
558998.4000242000,-0.0002008972,-0.0005565025,9.7938917213,-0.0004861401,0.0000847381,0.0001086272
558998.4100242000,-0.0003611661,0.0014257221,9.7938938969,0.0004583866,0.0000738874,0.0000001513
558998.4200242000,-0.0011018860,-0.0048308690,9.7935923610,-0.0006272763,0.0000738874,0.0000543893
558998.4300242000,-0.0009790109,0.0037110553,9.7940525279,0.0004583866,0.0000413356,0.0000218465
558998.4400242000,-0.0003307680,-0.0057431818,9.7941956378,-0.0004427136,0.0000847381,-0.0000106963
558998.4500242000,-0.0009845372,0.0032538912,9.7931372601,0.0001544010,0.0000738874,0.0001086272
558998.4600242000,-0.0001872428,-0.0043696060,9.7937374676,-0.0000518750,0.0000847381,-0.0000432391
558998.4700242000,-0.0014227892,0.0017259824,9.7948179761,-0.0003232907,0.0000738874,0.0001628652
558998.4800242000,-0.0009600023,-0.0014747904,9.7938976464,0.0003715336,0.0000738874,-0.0000323915
558998.4900241999,-0.0006507681,-0.0025412283,9.7938946207,-0.0006272763,0.0001064393,0.0000435417
558998.5000242000,-0.0009857844,0.0029489763,9.7928321011,0.0005669529,0.0000304849,0.0000543893
558998.5100242000,-0.0004741497,-0.0055918357,9.7954170544,-0.0005838498,0.0000847381,0.0000001513
558998.5200242000,-0.0005268178,0.0044757046,9.7937440510,0.0003498203,0.0000738874,0.0000977796
558998.5300242000,-0.0005033939,-0.0055901692,9.7917568202,-0.0002364377,0.0000847381,-0.0000215439
558998.5400242000,-0.0008162191,0.0026436450,9.7948133197,-0.0001061581,0.0000738874,0.0000977796
558998.5500242000,-0.0012620975,-0.0022386755,9.7938998351,0.0001435444,0.0000738874,-0.0000432391
558998.5600242000,-0.0014210905,0.0003534485,9.7943598190,-0.0004427136,0.0000738874,0.0001194748
558998.5700242000,0.0005618346,0.0000565927,9.7941906761,0.0004692432,0.0000738874,-0.0000106963
558998.5800242000,-0.0009461758,-0.0034579875,9.7946592884,-0.0006272763,0.0000847381,0.0000326941
558998.5900242000,-0.0012786405,0.0032520157,9.7945123854,0.0004692432,0.0000413356,0.0000869320
558998.6000242000,-0.0003429244,-0.0054375031,9.7928231895,-0.0004969968,0.0000955887,-0.0000215439
558998.6100242001,0.0003768015,0.0043276238,9.7922112712,0.0002412540,0.0000521862,0.0001194748
558998.6200241999,0.0002782105,-0.0051306425,9.7943433517,-0.0001821545,0.0000955887,-0.0000540867
558998.6300242000,-0.0025008479,0.0021796723,9.7937594982,-0.0001821545,0.0000738874,0.0000760844
558998.6400242000,-0.0006513343,-0.0020837169,9.7940473397,0.0002738239,0.0000630368,0.0000326941
558998.6500242000,0.0002658320,-0.0007076397,9.7949554136,-0.0005404233,0.0000847381,-0.0000323915
558998.6600242000,-0.0005143532,0.0009676550,9.7935899368,0.0005343830,0.0000521862,0.0000760844
558998.6700242000,-0.0014020818,-0.0048323973,9.7942049375,-0.0006598462,0.0000955887,-0.0000215439
558998.6800242000,-0.0020455081,0.0040115934,9.7943665681,0.0003932468,0.0000413356,0.0001194748
558998.6900242000,0.0008876405,-0.0061955521,9.7937277494,-0.0003341473,0.0000738874,-0.0000215439
558998.7000242000,-0.0012913918,0.0037102214,9.7931400068,-0.0000084485,0.0000847381,0.0000218465
558998.7100242000,-0.0023262724,-0.0031582140,9.7939082978,0.0001001178,0.0000413356,0.0000001513
558998.7200242000,-0.0001989118,0.0011208075,9.7949600569,-0.0004427136,0.0000955887,0.0000869320
558998.7300242000,-0.0000477674,-0.0007084041,9.7938903828,0.0004149601,0.0000738874,0.0000001513
558998.7400241999,-0.0015720987,-0.0028496171,9.7929870350,-0.0006272763,0.0001064393,0.0000869320
558998.7500242000,-0.0015861473,0.0032509040,9.7942099033,0.0004583866,0.0000304849,0.0000543893
558998.7600242000,-0.0003483646,-0.0049797140,9.7923658695,-0.0005295667,0.0000955887,-0.0000323915
558998.7700242000,-0.0009741943,0.0031008088,9.7943572684,0.0003063938,0.0000738874,0.0001303224
558998.7800242000,-0.0010921667,-0.0051364089,9.7946597898,-0.0002147244,0.0000847381,0.0000001513
558998.7900242000,-0.0025062308,0.0032474301,9.7936074767,-0.0001061581,0.0000847381,-0.0000323915
558998.8000242000,0.0004217643,-0.0034520823,9.7940378307,0.0001761142,0.0000413356,0.0001520176
558998.8100242000,-0.0009628908,0.0002027974,9.7943559430,-0.0004861401,0.0000847381,-0.0000215439
558998.8200242000,-0.0008146350,0.0000511735,9.7937445655,0.0004583866,0.0000738874,0.0000001513
558998.8300242000,-0.0015593187,-0.0030028384,9.7945120629,-0.0006272763,0.0000847381,0.0000543893
558998.8400242000,0.0006860644,0.0035661703,9.7923608947,0.0004909565,0.0000738874,0.0000001513
558998.8500242000,-0.0001812650,-0.0055898908,9.7938894193,-0.0005295667,0.0000847381,0.0000869320
558998.8600242001,-0.0015885270,0.0038610117,9.7942101824,0.0002086841,0.0000630368,0.0000001513
558998.8700241999,-0.0009469141,-0.0048303826,9.7938961118,-0.0001495846,0.0000955887,0.0000977796
558998.8800242000,-0.0000554153,0.0021893990,9.7943492374,-0.0002147244,0.0000630368,-0.0000215439
558998.8900242000,-0.0000417896,-0.0019286889,9.7940423345,0.0002738239,0.0000738874,0.0000435417
558998.9000242000,-0.0021844746,-0.0007170886,9.7937556354,-0.0005404233,0.0000847381,0.0000543893
558998.9100242000,-0.0009737714,0.0011183755,9.7934413030,0.0005018131,0.0000413356,-0.0000106963
558998.9200242000,0.0002727702,-0.0046728534,9.7938860317,-0.0006164197,0.0000847381,0.0000977796
558998.9300242000,0.0010027530,0.0040242378,9.7940361738,0.0004366733,0.0000738874,0.0000218465
558998.9400242000,-0.0023167824,-0.0059036290,9.7937545324,-0.0004210004,0.0000738874,-0.0000215439
558998.9500242000,-0.0017477493,0.0040132605,9.7934489721,0.0000349781,0.0000738874,0.0000977796
558998.9600242000,-0.0000345646,-0.0028440587,9.7944994452,0.0000458347,0.0000738874,0.0000109989
558998.9700242000,-0.0005113213,0.0008149892,9.7938948866,-0.0003884305,0.0000847381,0.0000001513
558998.9800242000,-0.0011185437,-0.0005601153,9.7935943142,0.0004475300,0.0000738874,0.0000760844
558998.9900241999,-0.0018595719,-0.0036143355,9.7948193408,-0.0006489896,0.0000738874,0.0000109989
558999.0000242000,-0.0008270423,0.0041691919,9.7942039782,0.0005018131,0.0000738874,0.0001086272
558999.0100242000,0.0007321024,-0.0057385272,9.7935767176,-0.0005729932,0.0001064393,0.0000109989
558999.0200242000,-0.0017465022,0.0043181755,9.7937541311,0.0002629673,0.0000630368,-0.0000106963
558999.0300242000,-0.0014008633,-0.0048324667,9.7943574473,-0.0001495846,0.0000738874,0.0001086272
558999.0400242000,-0.0009748465,0.0026433669,9.7940520396,-0.0001821545,0.0000738874,0.0000001513
558999.0500242000,-0.0000436317,-0.0020810770,9.7937372452,0.0002629673,0.0000847381,0.0000001513
558999.0600242000,-0.0006512196,-0.0008637794,9.7946579368,-0.0005295667,0.0000955887,0.0000652368
558999.0700242000,-0.0018902854,0.0001997401,9.7928384579,0.0004800999,0.0000521862,0.0000109989
558999.0800242000,-0.0004909794,-0.0031509884,9.7945031119,-0.0006272763,0.0000847381,0.0000001513
558999.0900242010,0.0011582625,0.0032622285,9.7940345563,0.0004366733,0.0000521862,0.0000760844
558999.1000242010,-0.0004869584,-0.0057435988,9.7937393773,-0.0004644269,0.0000847381,0.0000001513
558999.1100242010,-0.0023536959,0.0032480554,9.7936062080,0.0002195408,0.0000738874,0.0000218465
558999.1200242010,-0.0001854581,-0.0048271868,9.7937372584,-0.0001278714,0.0000630368,0.0000869320
558999.1300242010,0.0007007152,0.0038703214,9.7943436611,-0.0001930112,0.0000738874,0.0000109989
558999.1400242010,-0.0009497740,-0.0028478104,9.7945070577,0.0002086841,0.0000955887,0.0000109989
558999.1500242010,-0.0012692652,-0.0007133369,9.7937480229,-0.0005078534,0.0000738874,0.0000869320
558999.1600242010,-0.0014314621,0.0002015465,9.7929871614,0.0004909565,0.0000413356,0.0000109989
558999.1700242010,0.0004187897,-0.0026894477,9.7940381795,-0.0006272763,0.0000955887,0.0000543893
558999.1800242011,-0.0005226247,0.0037130006,9.7938962119,0.0004692432,0.0000521862,0.0000326941
558999.1900242009,-0.0017078899,-0.0062060429,9.7934442984,-0.0004752835,0.0000955887,0.0000001513
558999.2000242010,-0.0017404096,0.0043178283,9.7945166799,0.0001761142,0.0000413356,0.0000652368
558999.2100242010,0.0001160136,-0.0042157591,9.7935824901,-0.0001061581,0.0000738874,0.0000326941
558999.2200242010,-0.0002127382,0.0031040046,9.7941984150,-0.0002364377,0.0000847381,0.0000218465
558999.2300242010,-0.0012645632,-0.0025435211,9.7934421663,0.0002846805,0.0000738874,0.0000435417
558999.2400242010,-0.0018818418,-0.0007156992,9.7934480784,-0.0005078534,0.0000738874,0.0000218465
558999.2500242010,0.0001037497,0.0014271813,9.7948051492,0.0005235264,0.0000521862,0.0000543893
558999.2600242010,-0.0014093355,-0.0042220119,9.7935951775,-0.0006489896,0.0001172899,0.0000326941
558999.2700242010,-0.0017392485,0.0037077901,9.7943638911,0.0004149601,0.0000413356,0.0000652368
558999.2800242010,-0.0012447589,-0.0057470029,9.7943557600,-0.0004210004,0.0000738874,0.0000001513
558999.2900242010,0.0000838881,0.0040206944,9.7935862570,0.0001109745,0.0001064393,0.0000218465
558999.3000242010,0.0004284231,-0.0039099408,9.7946476605,-0.0000518750,0.0000738874,0.0000543893
558999.3100242011,-0.0024967408,0.0005020151,9.7934537114,-0.0002364377,0.0000413356,0.0000109989
558999.3200242009,-0.0008056253,-0.0013217771,9.7942014670,0.0002955372,0.0000847381,0.0000109989
558999.3300242010,0.0001077994,-0.0008604447,9.7941940638,-0.0005404233,0.0000847381,0.0000435417
558999.3400242010,-0.0006711386,0.0011197649,9.7931337460,0.0004800999,0.0000738874,0.0000218465
558999.3500242010,-0.0004856539,-0.0048287151,9.7943498349,-0.0006381330,0.0000738874,0.0000109989
558999.3600242010,-0.0011358250,0.0035581809,9.7934436879,0.0004149601,0.0000196343,0.0000760844
558999.3700242010,0.0002679536,-0.0040626069,9.7935812912,-0.0003884305,0.0000738874,0.0000109989
558999.3800242010,-0.0009699151,0.0032530580,9.7949673772,0.0001001178,0.0000738874,0.0000109989
558999.3900242010,-0.0015534556,-0.0054430608,9.7940534175,-0.0000518750,0.0000955887,0.0000543893
558999.4000242010,-0.0006666874,0.0031019205,9.7946597504,-0.0002364377,0.0000955887,0.0000218465
558999.4100242010,0.0002621191,-0.0013174001,9.7941925858,0.0002195408,0.0000847381,0.0000109989
558999.4200242010,-0.0011149455,-0.0011702924,9.7937465449,-0.0004969968,0.0000630368,0.0000435417
558999.4300242011,-0.0014314335,0.0005065309,9.7931398107,0.0005343830,0.0000196343,0.0000326941
558999.4400242009,-0.0012695233,-0.0034581965,9.7923741795,-0.0005947064,0.0000847381,0.0000001513
558999.4500242010,0.0007001489,0.0043278327,9.7944963801,0.0004366733,0.0000955887,0.0000326941
558999.4600242010,-0.0007725321,-0.0057459604,9.7961820709,-0.0004861401,0.0001389912,0.0000218465
558999.4700242010,-0.0006727800,0.0031022677,9.7938972017,0.0001544010,0.0000738874,0.0000435417
558999.4800242010,0.0007225550,-0.0036030809,9.7934251845,-0.0000953015,0.0000413356,0.0000435417
558999.4900242010,-0.0012841668,0.0027948516,9.7935971176,-0.0003015774,0.0000196343,0.0000218465
558999.5000242010,-0.0012633734,-0.0028485749,9.7934420268,0.0003281071,0.0000521862,0.0000326941
558999.5100242010,-0.0007977767,-0.0020846894,9.7948111572,-0.0005729932,0.0001498418,0.0000326941
558999.5200242010,0.0005566238,0.0029542569,9.7949545503,0.0005018131,0.0001172899,0.0000543893
558999.5300242010,-0.0001945252,-0.0040642050,9.7929750583,-0.0006272763,0.0000738874,0.0000109989
558999.5400242010,-0.0026631022,0.0024845869,9.7926933381,0.0003606769,-0.0000129176,0.0000218465
558999.5500242010,-0.0001855728,-0.0060471243,9.7931266613,-0.0003124341,0.0000738874,0.0000543893
558999.5600242011,0.0005475853,0.0040222231,9.7943449996,0.0000132648,0.0001064393,0.0000218465
558999.5700242009,-0.0001853434,-0.0036072492,9.7943478554,0.0000132648,0.0001172899,0.0000109989
558999.5800242010,-0.0018799711,-0.0002583267,9.7939058169,-0.0002798642,0.0000955887,0.0000326941
558999.5900242010,-0.0006579070,-0.0007109053,9.7938954577,0.0003063938,-0.0000020669,0.0000652368
558999.6000242010,0.0004098086,-0.0010115127,9.7937339273,-0.0005078534,0.0000738874,0.0000218465
558999.6100242010,-0.0005222018,0.0017305673,9.7929802466,0.0004041035,0.0000847381,0.0000218465
558999.6200242010,-0.0018620662,-0.0042241654,9.7942090228,-0.0006164197,0.0001064393,0.0000218465
558999.6300242010,-0.0012823820,0.0023372709,9.7935969083,0.0004800999,0.0000738874,0.0000326941
558999.6400242010,0.0001190742,-0.0040634405,9.7940400892,-0.0004752835,0.0000847381,0.0000543893
558999.6500242010,-0.0014347449,0.0041665520,9.7945140727,0.0001761142,-0.0000129176,0.0000218465
558999.6600242010,-0.0015632897,-0.0063574585,9.7923753916,-0.0001061581,0.0000196343,0.0000109989
558999.6700242010,-0.0003598902,0.0020356215,9.7943517052,-0.0002255810,0.0000955887,0.0000435417
558999.6800242011,0.0007209710,-0.0010106094,9.7944939386,0.0002629673,0.0001172899,0.0000869320
558999.6900242009,-0.0017165843,-0.0014782640,9.7946665389,-0.0005404233,0.0001064393,0.0000109989
558999.7000242010,-0.0011251451,0.0005077120,9.7932897830,0.0004800999,0.0000087837,0.0000001513
558999.7100242010,-0.0008180397,-0.0037609579,9.7914551752,-0.0005729932,0.0000413356,0.0000977796
558999.7200242010,-0.0002108101,0.0041713459,9.7949614520,0.0003715336,0.0000413356,0.0000218465
558999.7300242010,-0.0007914620,-0.0062023607,9.7935891957,-0.0003992871,0.0001172899,0.0000001513
558999.7400242010,-0.0014268676,0.0037086240,9.7952764122,0.0000458347,0.0001172899,0.0000652368
558999.7500242010,-0.0009486702,-0.0040678174,9.7940489703,-0.0000193051,0.0001064393,0.0000435417
558999.7600242010,-0.0005245815,0.0023406750,9.7929805256,-0.0003232907,0.0000413356,0.0000001513
558999.7700242010,-0.0015689234,-0.0014773609,9.7940552311,0.0003715336,0.0000087837,0.0000218465
558999.7800242010,-0.0020315169,-0.0026988966,9.7928384012,-0.0005621366,0.0000955887,0.0000326941
558999.7900242010,-0.0000609129,0.0020372192,9.7935866189,0.0004692432,0.0000955887,0.0000326941
558999.8000242010,0.0004326735,-0.0040626760,9.7951051200,-0.0006272763,0.0001498418,0.0000218465
558999.8100242011,-0.0008331635,0.0038645547,9.7932887801,0.0003715336,0.0000738874,0.0000326941
558999.8200242009,-0.0012484144,-0.0057467946,9.7938982307,-0.0003015774,0.0000087837,0.0000435417
558999.8300242010,-0.0002169600,0.0035617243,9.7938936047,0.0000349781,0.0000738874,0.0000109989
558999.8400242010,0.0005663933,-0.0032985134,9.7931215732,0.0000349781,0.0001064393,0.0000218465
558999.8500242010,-0.0018761722,0.0012663869,9.7951265925,-0.0003015774,0.0001389912,0.0000543893
558999.8600242010,-0.0014171268,-0.0028491307,9.7932907858,0.0003172504,0.0000521862,0.0000652368
558999.8700242010,-0.0000472298,-0.0014708999,9.7935850145,-0.0005295667,0.0000196343,0.0000218465
558999.8800242010,-0.0006686729,0.0014246105,9.7935914148,0.0004366733,0.0000738874,0.0000109989
558999.8900242010,-0.0011006102,-0.0042209696,9.7940501693,-0.0005947064,0.0001064393,0.0000326941
558999.9000242010,-0.0012762321,0.0029468925,9.7946647556,0.0004583866,0.0000955887,0.0000543893
558999.9100242010,-0.0000281065,-0.0054368080,9.7940407301,-0.0004210004,0.0000955887,0.0000326941
558999.9200242010,-0.0015969992,0.0044714666,9.7934479126,0.0001326877,-0.0000129176,0.0000109989
558999.9300242011,-0.0018566833,-0.0052919233,9.7943610442,-0.0001061581,0.0000630368,0.0000326941
558999.9400242009,-0.0011286286,0.0023378267,9.7937481493,-0.0002255810,0.0001389912,0.0000435417
558999.9500242010,0.0008826017,-0.0014679815,9.7954075192,0.0002195408,0.0001172899,0.0000435417
558999.9600242010,-0.0005023976,-0.0014729146,9.7938938402,-0.0005078534,0.0000738874,0.0000218465
558999.9700242010,-0.0022002579,-0.0001062171,9.7920783070,0.0005018131,-0.0000129176,0.0000218465
558999.9800242010,-0.0009522397,-0.0031526559,9.7940493889,-0.0006381330,0.0000955887,0.0000326941
558999.9900242010,0.0008526838,0.0043284580,9.7944951114,0.0004475300,0.0001172899,0.0000652368
