t(s),acc_x,acc_y,acc_z,gyro_x,gyro_y,gyro_z
558383.0000236270,9.7958032236,0.0013263435,-0.0002259395,0.0000241214,0.0000738874,0.0000760844
558383.0100236270,9.7948849536,0.0011702733,-0.0006759261,0.0000241214,0.0000738874,0.0000435417
558383.0200236270,9.7947294727,0.0022372670,-0.0005216593,0.0000241214,0.0000738874,0.0000435417
558383.0300236270,9.7954988634,0.0023925036,0.0003871253,0.0000458347,0.0000955887,0.0000652368
558383.0400236270,9.7950502398,0.0007126928,0.0006951837,0.0000241214,0.0000738874,0.0000869320
558383.0500236270,9.7954962830,0.0008677205,-0.0006811405,0.0000458347,0.0000630368,0.0000435417
558383.0600236270,9.7951894858,0.0019340195,-0.0003730952,0.0000132648,0.0000955887,0.0000435417
558383.0700236270,9.7953535822,0.0017814929,0.0009981541,0.0000132648,0.0000630368,0.0000977796
558383.0800236270,9.7959654779,0.0010214289,0.0008402206,0.0000132648,0.0000738874,0.0000760844
558383.0900236270,9.7950435810,0.0011705513,0.0000853540,0.0000349781,0.0000630368,0.0000109989
558383.1000236270,9.7956452484,0.0017835073,-0.0006819907,0.0000675479,0.0000738874,0.0000652368
558383.1100236271,9.7951901381,0.0023914614,-0.0000678665,0.0000458347,0.0000738874,0.0000543893
558383.1200236270,9.7961161994,0.0011746505,0.0006865119,0.0000132648,0.0000738874,0.0000326941
558383.1300236270,9.7956542869,0.0007155411,-0.0000724400,0.0000458347,0.0000630368,0.0000543893
558383.1400236270,9.7954915524,0.0023929203,-0.0005279332,0.0000241214,0.0000738874,0.0000760844
558383.1500236270,9.7951949548,0.0017812149,0.0002368740,0.0000349781,0.0000738874,0.0000543893
558383.1600236270,9.7959672053,-0.0000461206,0.0005347128,0.0000458347,0.0000738874,0.0000543893
558383.1700236270,9.7954993723,0.0013250235,-0.0000708922,0.0000349781,0.0000738874,0.0000435417
558383.1800236270,9.7954891727,0.0030030279,-0.0005276542,0.0000349781,0.0000738874,0.0000326941
558383.1900236270,9.7954981538,0.0013250930,-0.0002234020,0.0000132648,0.0000738874,0.0000977796
558383.2000236270,9.7956549105,0.0008679986,0.0000801395,0.0000241214,0.0000847381,0.0000326941
558383.2100236270,9.7953462138,0.0011719408,-0.0002222030,0.0000241214,0.0000738874,0.0000543893
558383.2200236270,9.7954915237,0.0020879359,-0.0006805825,0.0000349781,0.0000955887,0.0000760844
558383.2300236271,9.7951943312,0.0016287574,0.0000842945,0.0000892612,0.0000738874,0.0000760844
558383.2400236269,9.7953553383,0.0010189278,0.0008452955,0.0004041035,0.0000738874,0.0000326941
558383.2500236270,9.7962705191,0.0007176951,0.0006850339,0.0013920567,0.0000521862,0.0000652368
558383.2600236270,9.7945884133,0.0011685366,0.0003941797,0.0033353934,0.0000738874,0.0000977796
558383.2700236270,9.7950436097,0.0014755357,0.0002380033,0.0047576118,0.0000521862,0.0000869320
558383.2800236270,9.7956645725,-0.0000475101,0.0008422698,0.0060604073,0.0000738874,0.0001303224
558383.2900236270,9.7950538666,0.0004075001,0.0010000638,0.0072220667,0.0000521862,0.0000977796
558383.3000236270,9.7948837637,0.0014753271,-0.0006757866,0.0078734644,0.0000304849,0.0000869320
558383.3100236270,9.7956561290,0.0008679292,0.0002326493,0.0086985683,0.0000413356,0.0001628652
558383.3200236270,9.7953589651,0.0007137351,0.0011501755,0.0095453853,0.0000304849,0.0001411700
558383.3300236270,9.7958073880,0.0002586551,-0.0002264278,0.0101642132,0.0000304849,0.0000977796
558383.3400236270,9.7953419060,0.0007147072,-0.0009849611,0.0110653135,0.0000413356,0.0001845604
558383.3500236270,9.7953481419,0.0022392820,0.0005408341,0.0118904173,0.0000304849,0.0001411700
558383.3600236271,9.7956597272,0.0002577521,0.0003848800,0.0127480910,0.0000304849,0.0001520176
558383.3700236270,9.7955144459,-0.0003532586,0.0009959088,0.0139314636,0.0000196343,0.0001845604
558383.3800236270,9.7948850396,0.0020852264,-0.0002179783,0.0147022843,0.0000087837,0.0001628652
558383.3900236270,9.7953407735,0.0016297298,-0.0006795230,0.0155599580,-0.0000020669,0.0001845604
558383.4000236270,9.7958153513,0.0007156804,0.0009938596,0.0165696245,0.0000521862,0.0002387983
558383.4100236270,9.7953571804,0.0011713158,0.0011503848,0.0172535922,-0.0000129176,0.0001737128
558383.4200236270,9.7956603794,0.0007151940,0.0006901088,0.0182415454,0.0000196343,0.0001954080
558383.4300236270,9.7951924891,0.0014763693,-0.0002207948,0.0192186421,-0.0000346188,0.0002171032
558383.4400236270,9.7956537206,0.0011730525,0.0000802790,0.0198266133,0.0000413356,0.0001954080
558383.4500236270,9.7950562750,0.0001023769,0.0011524340,0.0210425558,-0.0000237682,0.0002387983
558383.4600236270,9.7952015562,0.0007133876,0.0005414053,0.0217699500,-0.0000129176,0.0002279508
558383.4700236270,9.7962553594,0.0014810240,-0.0008397149,0.0224322044,0.0000087837,0.0002387983
558383.4800236271,9.7959654206,0.0004114601,0.0005349221,0.0236264336,-0.0000346188,0.0002930363
558383.4900236269,9.7958086926,0.0011735389,0.0003840298,0.0242778313,-0.0000020669,0.0002387983
558383.5000236270,9.7958099111,0.0011734694,0.0005365396,0.0251137918,-0.0000237682,0.0002387983
558383.5100236270,9.7948910748,0.0014749105,0.0002392720,0.0262863078,-0.0000563201,0.0002713411
558383.5200236270,9.7953456762,0.0019344365,0.0000831653,0.0267531428,-0.0000237682,0.0002496459
558383.5300236270,9.7947511191,-0.0008138269,0.0006970237,0.0280885082,-0.0000780213,0.0003038839
558383.5400236270,9.7958086352,0.0005635701,0.0000787313,0.0290438916,-0.0000129176,0.0002821887
558383.5500236270,9.7953481133,0.0019342976,0.0003881848,0.0294564435,-0.0000671707,0.0002713411
558383.5600236270,9.7956603221,0.0001052252,0.0003848103,0.0303358305,0.0000087837,0.0003364267
558383.5700236270,9.7950368936,0.0013234255,-0.0006771250,0.0312477874,-0.0000563201,0.0002930363
558383.5800236270,9.7962693005,0.0007177645,0.0005325241,0.0320077514,-0.0000563201,0.0002713411
558383.5900236270,9.7948952965,0.0010171908,0.0005440822,0.0330608445,-0.0000888719,0.0003581219
558383.6000236270,9.7956525021,0.0011731219,-0.0000722307,0.0338642350,-0.0000563201,0.0003364267
558383.6100236271,9.7956519072,0.0013256488,-0.0000721610,0.0346350557,-0.0000888719,0.0003038839
558383.6200236270,9.7962765542,0.0001073791,0.0011422841,0.0359704211,-0.0000671707,0.0003581219
558383.6300236270,9.7961150096,0.0014797044,0.0006866514,0.0366001056,-0.0000563201,0.0003364267
558383.6400236270,9.7955036514,0.0014772727,0.0005392166,0.0375446324,-0.0000780213,0.0003255791
558383.6500236270,9.7951948401,0.0005612773,-0.0003737230,0.0383697362,-0.0000888719,0.0003798171
558383.6600236270,9.7951978720,0.0004086115,-0.0000687733,0.0389234243,-0.0000780213,0.0003581219
558383.6700236270,9.7950502398,0.0007126928,0.0006951837,0.0400525138,-0.0001105732,0.0003798171
558383.6800236270,9.7942839671,0.0013197436,0.0005492967,0.0409753273,-0.0000780213,0.0004015123
558383.6900236270,9.7962669496,0.0016328566,0.0006854524,0.0416918648,-0.0000997225,0.0003689695
558383.7000236270,9.7953522203,0.0002566404,0.0000823980,0.0427883843,-0.0000888719,0.0004015123
558383.7100236270,9.7951882386,0.0016291046,-0.0006782543,0.0435049219,-0.0001105732,0.0003798171
558383.7200236270,9.7953493031,0.0016292438,0.0003880453,0.0441671763,-0.0000780213,0.0004123598
558383.7300236271,9.7955151269,0.0004091677,0.0014537868,0.0453614055,-0.0000888719,0.0004232074
558383.7400236269,9.7958050944,0.0017837160,0.0002317991,0.0459693767,-0.0000780213,0.0004123598
558383.7500236270,9.7953504356,0.0007142211,0.0000826072,0.0469139035,-0.0001322744,0.0004232074
558383.7600236270,9.7953485935,0.0005618331,-0.0002224820,0.0480429929,-0.0000997225,0.0004449026
558383.7700236270,9.7945854961,0.0025411400,0.0006998270,0.0484989714,-0.0001322744,0.0004232074
558383.7800236270,9.7955066260,0.0007146381,0.0005388678,0.0493892150,-0.0001105732,0.0004340550
558383.7900236270,9.7947354506,0.0010169822,-0.0003697076,0.0505725876,-0.0001214238,0.0004665978
558383.8000236270,9.7950423625,0.0011706208,-0.0000671558,0.0512782685,-0.0001539757,0.0004449026
558383.8100236270,9.7949019840,0.0008643167,0.0013065613,0.0524290712,-0.0001214238,0.0004882930
558383.8200236270,9.7958068505,0.0010211508,0.0000789405,0.0531781786,-0.0001214238,0.0004774454
558383.8300236270,9.7964183233,0.0022435201,0.0008369724,0.0535147341,-0.0001322744,0.0004557502
558383.8400236280,9.7947451413,0.0004064579,0.0005450720,0.0549478092,-0.0001214238,0.0005208358
558383.8500236280,9.7948838498,0.0023902803,-0.0002178387,0.0556969166,-0.0001648263,0.0004665978
558383.8600236280,9.7956585086,0.0002578215,0.0002323703,0.0564134542,-0.0001648263,0.0004882930
558383.8700236280,9.7945913592,0.0001009177,0.0002411817,0.0575642569,-0.0001756769,0.0005316834
558383.8800236280,9.7953469234,0.0022393514,0.0003883243,0.0582265113,-0.0001648263,0.0004882930
558383.8900236280,9.7953541484,0.0013239816,0.0008454351,0.0592796043,-0.0001648263,0.0004991406
558383.9000236280,9.7955010997,0.0002574740,-0.0003764000,0.0601155648,-0.0001431250,0.0005533786
558383.9100236280,9.7945859476,0.0008636911,-0.0000634891,0.0605823998,-0.0001865275,0.0004991406
558383.9200236280,9.7955090057,0.0001045304,0.0005385888,0.0617332025,-0.0001322744,0.0005425310
558383.9300236281,9.7962645412,0.0019379798,0.0005330821,0.0627320124,-0.0001973782,0.0005750737
558383.9400236279,9.7962602908,0.0020907151,0.0000756226,0.0633616969,-0.0001322744,0.0005316834
558383.9500236280,9.7956572901,0.0002578910,0.0000798605,0.0644039333,-0.0001865275,0.0005859213
558383.9600236280,9.7955017806,0.0010199003,0.0000814780,0.0651313275,-0.0001865275,0.0005533786
558383.9700236280,9.7959515654,0.0020896728,-0.0003793692,0.0659130048,-0.0001865275,0.0005533786
558383.9800236280,9.7948940780,0.0010172603,0.0003915725,0.0671723738,-0.0002082288,0.0006076165
558383.9900236280,9.7950423912,0.0014756052,0.0000854935,0.0678020583,-0.0002190794,0.0005859213
558384.0000236280,9.7950526481,0.0004075696,0.0008475540,0.0686271621,-0.0002190794,0.0005750737
558384.0100236280,9.7945847578,0.0011687450,-0.0000633496,0.0697019685,-0.0002190794,0.0006184641
558384.0200236280,9.7951918942,0.0016288963,-0.0002207250,0.0704076494,-0.0002082288,0.0006293117
558384.0300236280,9.7955114140,-0.0002005928,0.0006909590,0.0713847460,-0.0002190794,0.0006076165
558384.0400236280,9.7958044421,0.0013262741,-0.0000734297,0.0723075595,-0.0001973782,0.0006293117
558384.0500236280,9.7945848438,0.0020836981,0.0003945983,0.0728829608,-0.0002407806,0.0006184641
558384.0600236279,9.7959617364,0.0001066840,-0.0000752565,0.0740446202,-0.0002082288,0.0006293117
558384.0700236280,9.7953510305,0.0005616942,0.0000825375,0.0748154409,-0.0002407806,0.0006401593
558384.0800236280,9.7955024616,0.0017823265,0.0005393561,0.0754342687,-0.0001973782,0.0006510069
558384.0900236280,9.7956483664,0.0025457947,0.0000809068,0.0767044944,-0.0002624819,0.0006618545
558384.1000236280,9.7962596672,0.0019382576,-0.0000769569,0.0773450355,-0.0001756769,0.0006510069
558384.1100236280,9.7953614021,0.0007135962,0.0014551951,0.0783221321,-0.0002950338,0.0006835497
558384.1200236280,9.7945871661,0.0008636217,0.0000890207,0.0793969384,-0.0002733325,0.0006727021
558384.1300236280,9.7957953177,0.0014792871,-0.0011409283,0.0798637735,-0.0002407806,0.0006510069
558384.1400236280,9.7955084968,0.0011720106,0.0009966063,0.0805911677,-0.0002516313,0.0007160925
558384.1500236280,9.7952076487,0.0007130404,0.0013039540,0.0817745403,-0.0002733325,0.0006943973
558384.1600236280,9.7953444291,0.0016295215,-0.0002219937,0.0824693645,-0.0002624819,0.0006510069
558384.1700236280,9.7959502036,0.0005648203,-0.0012951253,0.0834790311,-0.0002624819,0.0007269401
558384.1800236281,9.7962590436,0.0017858001,-0.0002295364,0.0844561277,-0.0002516313,0.0007377877
558384.1900236279,9.7952088959,0.0010179553,0.0016091131,0.0852052351,-0.0002624819,0.0006943973
558384.2000236280,9.7962686196,-0.0000446618,0.0000746460,0.0860954787,-0.0002516313,0.0007486352
558384.2100236280,9.7956423599,0.0034610951,-0.0002236941,0.0869531525,-0.0002950338,0.0007269401
558384.2200236280,9.7961101355,0.0014799821,0.0000766123,0.0878216828,-0.0002733325,0.0007486352
558384.2300236280,9.7953564421,-0.0002010792,0.0003872082,0.0889833421,-0.0002950338,0.0007811780
558384.2400236280,9.7954933084,0.0016303551,-0.0006807917,0.0896238833,-0.0002841831,0.0007160925
558384.2500236280,9.7958044421,0.0013262741,-0.0000734297,0.0905792666,-0.0003058844,0.0007486352
558384.2600236280,9.7950430148,0.0016280627,0.0002380730,0.0913609440,-0.0002733325,0.0008137208
558384.2700236280,9.7958081550,0.0019360346,0.0006893981,0.0919689152,-0.0003058844,0.0007594828
558384.2800236280,9.7953516254,0.0004091673,0.0000824677,0.0931197179,-0.0002733325,0.0007920256
558384.2900236280,9.7951882386,0.0016291046,-0.0006782543,0.0941076712,-0.0003275856,0.0008137208
558384.3000236280,9.7958009300,0.0028514044,0.0002322874,0.0947156424,-0.0002950338,0.0007594828
558384.3100236279,9.7950453084,0.0001030018,-0.0002201538,0.0958447319,-0.0003275856,0.0008245684
558384.3200236280,9.7950387357,0.0014758135,-0.0003720358,0.0966589791,-0.0003275856,0.0008028732
558384.3300236280,9.7951907043,0.0019339501,-0.0002205855,0.0973538033,-0.0003167350,0.0007811780
558384.3400236280,9.7956591896,0.0010202478,0.0006902483,0.0983634699,-0.0003167350,0.0008679588
558384.3500236280,9.7959600090,0.0011742336,0.0002302513,0.0990908640,-0.0003167350,0.0008571112
558384.3600236280,9.7953510592,0.0008666786,0.0002351868,0.0999919643,-0.0003167350,0.0008137208
558384.3700236280,9.7953523063,0.0011715936,0.0005403458,0.1010993405,-0.0003384363,0.0008354160
558384.3800236280,9.7964043248,0.0023968108,-0.0008405651,0.1015770322,-0.0003275856,0.0008571112
558384.3900236280,9.7962693292,0.0010227489,0.0006851734,0.1025432722,-0.0002950338,0.0008462636
558384.4000236280,9.7955091490,0.0016294524,0.0013018351,0.1037049315,-0.0003492869,0.0008788064
558384.4100236280,9.7958026000,0.0011738860,-0.0003785190,0.1042911895,-0.0003384363,0.0008679588
558384.4200236280,9.7968739999,0.0011780547,0.0000701291,0.1054962753,-0.0003384363,0.0008679588
558384.4300236281,9.7948850683,0.0023902108,-0.0000653290,0.1062996659,-0.0003926894,0.0008679588
558384.4400236279,9.7951998001,0.0014759527,0.0006942638,0.1068859239,-0.0003384363,0.0009113492
558384.4500236280,9.7954969066,0.0010201780,-0.0005285610,0.1081018664,-0.0003818388,0.0009005016
558384.4600236280,9.7951869914,0.0013241896,-0.0009834133,0.1087424075,-0.0003384363,0.0008679588
558384.4700236280,9.7945818405,0.0025413483,0.0002422978,0.1094372318,-0.0003926894,0.0009438919
558384.4800236280,9.7945938822,0.0010157320,0.0010041490,0.1104794682,-0.0003818388,0.0009221967
558384.4900236280,9.7954986627,0.0002576129,-0.0006814196,0.1111091527,-0.0003818388,0.0009005016
558384.5000236280,9.7953528152,0.0001041135,0.0000823282,0.1122490988,-0.0003601375,0.0009438919
558384.5100236280,9.7950333814,0.0028485557,-0.0003714080,0.1133890449,-0.0003709881,0.0009547395
558384.5200236280,9.7958009013,0.0025464200,0.0000796381,0.1138450233,-0.0003601375,0.0009330443
558384.5300236280,9.7947462738,-0.0005085647,0.0002396339,0.1148546898,-0.0004143906,0.0010089775
558384.5400236280,9.7955048413,0.0011722189,0.0005390770,0.1158534997,-0.0003926894,0.0009655871
558384.5500236280,9.7954952366,0.0026976963,0.0000822453,0.1165591806,-0.0003926894,0.0009330443
558384.5600236279,9.7953498980,0.0014767169,0.0003879755,0.1176014170,-0.0003709881,0.0010198251
558384.5700236280,9.7958105347,0.0013259269,0.0006891191,0.1183505245,-0.0003818388,0.0009764347
558384.5800236280,9.7950466129,0.0010178856,0.0003903037,0.1192081982,-0.0004035400,0.0009438919
558384.5900236280,9.7959588191,0.0014792874,0.0002303908,0.1202938611,-0.0004252412,0.0010306727
558384.6000236280,9.7951846978,0.0028492505,-0.0005251865,0.1209886854,-0.0004252412,0.0010089775
558384.6100236280,9.7948922073,0.0005598878,-0.0000661661,0.1218463591,-0.0004469425,0.0009981299
558384.6200236280,9.7952038785,-0.0005066889,0.0002358277,0.1229320220,-0.0004143906,0.0010306727
558384.6300236280,9.7954934231,0.0028502927,-0.0000701947,0.1235725632,-0.0004360919,0.0009981299
558384.6400236280,9.7962566926,0.0027008922,-0.0000766081,0.1245062333,-0.0004143906,0.0010198251
558384.6500236280,9.7958019764,0.0010214286,-0.0005310985,0.1254290468,-0.0004143906,0.0010849106
558384.6600236280,9.7953522777,0.0008666092,0.0003876965,0.1260587313,-0.0004469425,0.0010306727
558384.6700236280,9.7952033983,0.0008657756,0.0008464945,0.1272312473,-0.0004577931,0.0010089775
558384.6800236281,9.7959461825,0.0031574307,-0.0005313906,0.1279803547,-0.0004252412,0.0010740631
558384.6900236279,9.7956453918,0.0033084293,0.0000812556,0.1284146199,-0.0004686437,0.0010849106
558384.7000236280,9.7945936815,-0.0011191588,-0.0000643959,0.1297065587,-0.0004469425,0.0010523679
558384.7100236280,9.7951858016,0.0016292434,-0.0009832738,0.1306076590,-0.0004360919,0.0010523679
558384.7200236280,9.7950401549,0.0036106348,0.0008490189,0.1315630424,-0.0004469425,0.0010740631
558384.7300236280,9.7961138484,0.0020897426,0.0008394402,0.1325835655,-0.0004360919,0.0011283010
558384.7400236280,9.7961101069,0.0011749977,-0.0000760369,0.1330504006,-0.0004469425,0.0010957582
558384.7500236280,9.7954967919,-0.0001997596,-0.0011391581,0.1339732141,-0.0004686437,0.0010849106
558384.7600236280,9.7953433539,0.0031545129,0.0003887429,0.1351023035,-0.0004577931,0.0011283010
558384.7700236280,9.7958022632,0.0040712725,0.0009953942,0.1357102748,-0.0004903450,0.0011283010
558384.7800236280,9.7947438654,-0.0002034415,0.0000872637,0.1366439449,-0.0004794944,0.0011499962
558384.7900236280,9.7951941878,0.0001038354,-0.0006789518,0.1376210415,-0.0004903450,0.0011391486
558384.8000236280,9.7941229886,0.0022345575,-0.0000590551,0.1383810056,-0.0004794944,0.0011066058
558384.8100236279,9.7953445151,0.0025444747,0.0002359541,0.1393255323,-0.0005120462,0.0011825390
558384.8200236280,9.7956567812,0.0013253711,0.0005378781,0.1401289229,-0.0004903450,0.0011716914
558384.8300236280,9.7951948401,0.0005612773,-0.0003737230,0.1408454604,-0.0004903450,0.0011283010
558384.8400236280,9.7947293580,0.0010173294,-0.0011322564,0.1420614029,-0.0005011956,0.0011716914
558384.8500236280,9.7957985216,0.0031565277,0.0000799171,0.1427887971,-0.0004794944,0.0011933866
558384.8600236280,9.7953578613,0.0019337421,0.0016082629,0.1437441805,-0.0005120462,0.0011825390
558384.8700236280,9.7961148375,-0.0003502020,-0.0002292443,0.1447429904,-0.0005120462,0.0011933866
558384.8800236280,9.7956373998,0.0025464197,-0.0012916810,0.1453726749,-0.0004903450,0.0011716914
558384.8900236280,9.7959576866,0.0023943100,0.0005358289,0.1463606281,-0.0005011956,0.0012042342
558384.9000236280,9.7951962306,0.0023911142,0.0006946823,0.1472074452,-0.0005228969,0.0012150818
558384.9100236290,9.7941265868,0.0016243804,0.0000931757,0.1478914129,-0.0005662994,0.0012367770
558384.9200236290,9.7947334938,-0.0003553434,-0.0012853939,0.1489119360,-0.0005120462,0.0012150818
558384.9300236290,9.7953384225,0.0025448219,-0.0005265947,0.1498673194,-0.0005445981,0.0012150818
558384.9400236290,9.7942846767,0.0023871542,0.0011598240,0.1506055702,-0.0005337475,0.0012584721
558384.9500236290,9.7952033983,0.0008657756,0.0008464945,0.1517889428,-0.0005228969,0.0012476246
558384.9600236290,9.7948776999,0.0017806587,-0.0012856861,0.1524294839,-0.0005554487,0.0012150818
558384.9700236290,9.7948892040,0.0010175380,-0.0002184665,0.1532871576,-0.0005445981,0.0012584721
558384.9800236290,9.7953390461,0.0026972794,-0.0003740152,0.1542968242,-0.0005337475,0.0012801673
558384.9900236290,9.7951932560,0.0031537488,0.0006950311,0.1546225230,-0.0005554487,0.0012367770
558385.0000236291,9.7954981251,0.0010201086,-0.0003760513,0.1556973293,-0.0005445981,0.0013127101
558385.0100236289,9.7951851780,0.0014767860,-0.0011358533,0.1571304044,-0.0005662994,0.0013018625
558385.0200236290,9.7954928282,0.0030028196,-0.0000701249,0.1575320997,-0.0005445981,0.0012042342
558385.0300236290,9.7955054648,0.0013246763,0.0006916566,0.1586937590,-0.0005880006,0.0013127101
558385.0400236290,9.7953444577,0.0019345059,-0.0000693445,0.1595297195,-0.0005445981,0.0013344053
558385.0500236290,9.7957874690,0.0022421994,-0.0017506185,0.1600725510,-0.0005771500,0.0012693197
558385.0600236290,9.7954999099,0.0005625278,-0.0003762605,0.1612016404,-0.0005337475,0.0013561005
558385.0700236290,9.7953488515,0.0033066927,0.0011513614,0.1619833177,-0.0005880006,0.0013561005
558385.0800236290,9.7961126872,0.0026997808,0.0009922289,0.1627758517,-0.0005771500,0.0012910149
558385.0900236290,9.7947263261,0.0011699952,-0.0014372061,0.1639049411,-0.0005988512,0.0013561005
558385.1000236290,9.7950241996,0.0023915999,-0.0017442051,0.1645129124,-0.0005880006,0.0013777957
558385.1100236290,9.7945938249,0.0004057632,0.0006988504,0.1654682957,-0.0005771500,0.0013018625
558385.1200236290,9.7953536969,0.0030014305,0.0016087512,0.1665105322,-0.0005988512,0.0013669481
558385.1300236291,9.7951882673,0.0019340890,-0.0005256050,0.1670533636,-0.0006097018,0.0014103385
558385.1400236289,9.7968514719,0.0013318315,-0.0026749767,0.1681173133,-0.0005771500,0.0013452529
558385.1500236290,9.7945928931,0.0034556766,0.0020728334,0.1690401268,-0.0006314031,0.0013777957
558385.1600236290,9.7954988347,0.0020875192,0.0002344761,0.1697349511,-0.0005880006,0.0014211860
558385.1700236290,9.7956409980,0.0019362425,-0.0011394502,0.1707989007,-0.0006639550,0.0013561005
558385.1800236290,9.7957910385,0.0013270379,-0.0017510370,0.1715371515,-0.0005880006,0.0013561005
558385.1900236290,9.7956496422,0.0031556941,0.0005387151,0.1723839686,-0.0006422537,0.0014428812
558385.2000236290,9.7953506650,0.0031540963,0.0013038014,0.1735347713,-0.0005988512,0.0014103385
558385.2100236290,9.7965591820,0.0011773596,-0.0011474114,0.1741101727,-0.0006422537,0.0013886433
558385.2200236290,9.7944170345,0.0016264642,-0.0017394789,0.1750546994,-0.0006097018,0.0014320336
558385.2300236290,9.7956364107,0.0049863643,-0.0002229966,0.1757712370,-0.0006531043,0.0013994909
558385.2400236290,9.7954940467,0.0030027502,0.0000823849,0.1755649610,-0.0006097018,0.0014320336
558385.2500236291,9.7951901667,0.0026964458,0.0000847828,0.1751089826,-0.0006422537,0.0014537288
558385.2600236289,9.7951798525,0.0031545126,-0.0009825762,0.1745661511,-0.0006314031,0.0013994909
558385.2700236290,9.7947174024,0.0034578989,-0.0014361598,0.1742404522,-0.0006314031,0.0013886433
558385.2800236290,9.7950321916,0.0031536096,-0.0003712685,0.1740993161,-0.0006314031,0.0014537288
558385.2900236290,9.7948814701,0.0030003880,-0.0002175597,0.1740884594,-0.0006314031,0.0014320336
558385.3000236290,9.7957934756,0.0013268990,-0.0014460175,0.1741753125,-0.0006205525,0.0013886433
558385.3100236290,9.7956368336,0.0030039310,-0.0011389620,0.1742295956,-0.0006097018,0.0014103385
558385.3200236290,9.7948845880,0.0037626753,0.0005453379,0.1742513089,-0.0006205525,0.0013994909
558385.3300236290,9.7953421354,0.0031545824,0.0002362331,0.1743055920,-0.0006531043,0.0014428812
558385.3400236290,9.7947281395,0.0010173988,-0.0012847661,0.1743055920,-0.0006205525,0.0014320336
558385.3500236290,9.7956355577,0.0023940316,-0.0015967702,0.1743924451,-0.0006314031,0.0013777957
558385.3600236290,9.7951860310,0.0040691186,0.0002379204,0.1743164486,-0.0006097018,0.0013886433
558385.3700236290,9.7950400689,0.0026956816,0.0003910711,0.1743598752,-0.0006314031,0.0014645764
558385.3800236291,9.7962487580,0.0025488513,-0.0011442462,0.1743707318,-0.0006314031,0.0014211860
558385.3900236289,9.7953353906,0.0026974877,-0.0008315445,0.1743273053,-0.0006205525,0.0013886433
558385.4000236290,9.7953286171,0.0019354086,-0.0020519713,0.1743164486,-0.0006097018,0.0014537288
558385.4100236290,9.7954922620,0.0034603309,0.0000825941,0.1743273053,-0.0006314031,0.0014211860
558385.4200236290,9.7948979056,0.0028469583,0.0017649974,0.1743490185,-0.0006314031,0.0013886433
558385.4300236290,9.7956404031,0.0020887695,-0.0011393805,0.1743490185,-0.0006314031,0.0014645764
558385.4400236290,9.7953158945,0.0026985987,-0.0032717006,0.1743273053,-0.0006097018,0.0013886433
558385.4500236290,9.7956422452,0.0022411575,-0.0008342912,0.1743381619,-0.0006314031,0.0013994909
558385.4600236290,9.7950516590,0.0028475142,0.0019162384,0.1743381619,-0.0006422537,0.0014428812
558385.4700236290,9.7951798525,0.0031545126,-0.0009825762,0.1743490185,-0.0006205525,0.0014211860
558385.4800236290,9.7954769303,0.0023937535,-0.0023580503,0.1743273053,-0.0006205525,0.0013994909
558385.4900236290,9.7956398082,0.0022412964,-0.0011393107,0.1744250149,-0.0006097018,0.0014320336
558385.5000236291,9.7955056082,0.0028495983,0.0014549029,0.1744575848,-0.0006422537,0.0014211860
558385.5100236289,9.7953414832,0.0026971405,-0.0000689957,0.1744358716,-0.0006422537,0.0014428812
558385.5200236290,9.7951705846,0.0017826036,-0.0028133211,0.1744792981,-0.0006205525,0.0014537288
558385.5300236290,9.7948728258,0.0017809364,-0.0018957251,0.1744792981,-0.0006314031,0.0014211860
558385.5400236290,9.7948881575,0.0028475138,0.0005449193,0.1744467282,-0.0006097018,0.0013886433
558385.5500236290,9.7954898823,0.0040704386,0.0000828731,0.1744575848,-0.0006531043,0.0014211860
558385.5600236290,9.7953323587,0.0028501535,-0.0011364942,0.1744792981,-0.0006314031,0.0014320336
558385.5700236290,9.7954804998,0.0014785920,-0.0023584688,0.1744575848,-0.0006097018,0.0013994909
558385.5800236290,9.7951840455,0.0023918086,-0.0008304152,0.1744141583,-0.0005880006,0.0013994909
558385.5900236290,9.7956539214,0.0033079432,0.0011488239,0.1744575848,-0.0006314031,0.0014320336
558385.6000236290,9.7953306026,0.0036127186,-0.0009836357,0.1744141583,-0.0006422537,0.0014320336
558385.6100236290,9.7948650633,0.0034588020,-0.0020474675,0.1744467282,-0.0006205525,0.0014211860
558385.6200236290,9.7957923718,0.0025469061,-0.0009879302,0.1744575848,-0.0006205525,0.0013994909
558385.6300236291,9.7951968542,0.0025435717,0.0008472618,0.1744901547,-0.0006314031,0.0014320336
558385.6400236289,9.7945715262,0.0029994151,-0.0008250613,0.1745335812,-0.0006314031,0.0014211860
558385.6500236290,9.7948705035,0.0030010129,-0.0015901475,0.1744575848,-0.0006097018,0.0014320336
558385.6600236290,9.7951822321,0.0025444049,-0.0009828552,0.1744575848,-0.0006097018,0.0014428812
558385.6700236290,9.7953427017,0.0026970711,0.0000835141,0.1744901547,-0.0006097018,0.0014211860
558385.6800236290,9.7954909575,0.0025454472,-0.0005278635,0.1744792981,-0.0006205525,0.0014211860
558385.6900236290,9.7954885204,0.0025455861,-0.0008328830,0.1744901547,-0.0006422537,0.0014320336
558385.7000236290,9.7960969327,0.0036156367,-0.0005324501,0.1745227246,-0.0005880006,0.0014320336
558385.7100236290,9.7956423025,0.0028511263,-0.0005289927,0.1745118680,-0.0006314031,0.0014211860
558385.7200236290,9.7953444291,0.0016295215,-0.0002219937,0.1743924451,-0.0006314031,0.0014320336
558385.7300236290,9.7950315106,0.0023911833,-0.0008291465,0.1744575848,-0.0006314031,0.0014211860
558385.7400236290,9.7950249092,0.0034590106,-0.0011336777,0.1744575848,-0.0006097018,0.0013886433
558385.7500236291,9.7950273175,0.0031538873,-0.0009813075,0.1744575848,-0.0006205525,0.0014428812
558385.7600236289,9.7957954610,0.0030042091,-0.0003776819,0.1745118680,-0.0006314031,0.0014428812
558385.7700236290,9.7950363560,0.0020859212,-0.0003717567,0.1745661511,-0.0006531043,0.0013994909
558385.7800236290,9.7956368049,0.0026989466,-0.0012916112,0.1745770077,-0.0006314031,0.0014428812
558385.7900236290,9.7957857990,0.0039197177,-0.0011398121,0.1745661511,-0.0006097018,0.0014320336
558385.8000236290,9.7956387617,0.0040712722,-0.0003759249,0.1745010113,-0.0006097018,0.0013994909
558385.8100236290,9.7948826312,0.0023903497,-0.0003703485,0.1744792981,-0.0006314031,0.0014537288
558385.8200236290,9.7953353333,0.0020875189,-0.0011368430,0.1744901547,-0.0006205525,0.0014211860
558385.8300236290,9.7954830515,0.0026983907,-0.0014428522,0.1744901547,-0.0006205525,0.0013777957
558385.8400236290,9.7951817519,0.0039168694,-0.0003721884,0.1745335812,-0.0006205525,0.0014428812
558385.8500236290,9.7961041290,0.0023952825,-0.0002279886,0.1744792981,-0.0006422537,0.0014645764
558385.8600236290,9.7950357037,0.0016284793,-0.0006769855,0.1744575848,-0.0006314031,0.0013994909
558385.8700236290,9.7951827984,0.0020868936,-0.0011355743,0.1744250149,-0.0006097018,0.0013886433
558385.8800236291,9.7959408856,0.0051401417,-0.0002254643,0.1745010113,-0.0006205525,0.0014320336
558385.8900236289,9.7960915211,0.0043784102,-0.0008371208,0.1745118680,-0.0006314031,0.0014211860
558385.9000236290,9.7948854911,0.0004077776,-0.0009812944,0.1745661511,-0.0006205525,0.0014428812
558385.9100236290,9.7950344565,0.0013235643,-0.0009821446,0.1745770077,-0.0006314031,0.0013994909
558385.9200236290,9.7951744982,0.0045272549,-0.0009819484,0.1745661511,-0.0006097018,0.0013777957
558385.9300236290,9.7951811570,0.0040693964,-0.0003721187,0.1745335812,-0.0006097018,0.0014537288
558385.9400236290,9.7956471479,0.0025458641,-0.0000716029,0.1744792981,-0.0006205525,0.0014537288
558385.9500236290,9.7950368649,0.0010184411,-0.0008297743,0.1745010113,-0.0006205525,0.0013886433
558385.9600236290,9.7950211963,0.0028492501,-0.0018965055,0.1745118680,-0.0006205525,0.0014211860
558385.9700236290,9.7951794009,0.0048319615,-0.0002192601,0.1745010113,-0.0006205525,0.0014428812
558385.9800236290,9.7959528700,0.0030045566,0.0002310884,0.1745010113,-0.0006097018,0.0014320336
558385.9900236300,9.7948800222,0.0005605822,-0.0015912636,0.1744792981,-0.0006422537,0.0014320336
558386.0000236300,9.7950205154,0.0020868239,-0.0023543836,0.1744792981,-0.0006314031,0.0014211860
558386.0100236300,9.7956327265,0.0046815882,-0.0008331751,0.1748484235,-0.0006205525,0.0013886433
558386.0200236300,9.7950372090,0.0046782538,0.0010020169,0.1745010113,-0.0006205525,0.0014428812
558386.0300236300,9.7956403171,0.0011738163,-0.0015973283,0.1745118680,-0.0006314031,0.0014645764
558386.0400236300,9.7959344777,0.0017856606,-0.0026671551,0.1744901547,-0.0006205525,0.0013669481
558386.0500236300,9.7950255615,0.0039164525,-0.0008284489,0.1744575848,-0.0006205525,0.0013994909
558386.0600236300,9.7945813316,0.0036088284,0.0007003153,0.1744901547,-0.0006422537,0.0014754240
558386.0700236300,9.7960992550,0.0023955603,-0.0008380277,0.1745010113,-0.0005771500,0.0013994909
558386.0800236301,9.7959423836,0.0016327170,-0.0017521663,0.1745118680,-0.0006205525,0.0013669481
558386.0900236299,9.7956308271,0.0039192313,-0.0014435629,0.1745227246,-0.0006205525,0.0014645764
558386.1000236300,9.7959439175,0.0049874759,0.0000794855,0.1745444379,-0.0006205525,0.0014320336
558386.1100236300,9.7957995968,0.0016315362,-0.0005308195,0.1745770077,-0.0006314031,0.0014211860
558386.1200236300,9.7959424696,0.0025476702,-0.0012942185,0.1745010113,-0.0006205525,0.0014428812
558386.1300236300,9.7953142244,0.0043761170,-0.0026608942,0.1744901547,-0.0006314031,0.0013994909
558386.1400236300,9.7945782710,0.0034565098,0.0002427163,0.1745227246,-0.0006205525,0.0014428812
558386.1500236300,9.7948880428,0.0016275763,-0.0000656778,0.1745335812,-0.0006097018,0.0014320336
558386.1600236300,9.7959382766,0.0033103742,-0.0014463794,0.1745335812,-0.0006097018,0.0013669481
558386.1700236300,9.7953208832,0.0039182585,-0.0020510645,0.1744792981,-0.0006205525,0.0014211860
558386.1800236300,9.7950297259,0.0028487641,-0.0008289372,0.1745118680,-0.0006314031,0.0014754240
558386.1900236300,9.7950357611,0.0022384481,-0.0003716870,0.1745335812,-0.0006314031,0.0014211860
558386.2000236301,9.7959449067,0.0025475313,-0.0009891989,0.1745661511,-0.0006314031,0.0013777957
558386.2100236299,9.7948657442,0.0042212282,-0.0015895895,0.1745661511,-0.0006205525,0.0014320336
558386.2200236300,9.7953324160,0.0034601223,-0.0008311957,0.1745987210,-0.0006097018,0.0014211860
558386.2300236300,9.7951858016,0.0016292434,-0.0009832738,0.1745661511,-0.0006314031,0.0014537288
558386.2400236300,9.7959479099,0.0020898811,-0.0008368984,0.1744901547,-0.0006205525,0.0014211860
558386.2500236300,9.7959395237,0.0036152892,-0.0011412204,0.1745661511,-0.0006205525,0.0013886433
558386.2600236300,9.7957833620,0.0039198566,-0.0014448317,0.1745118680,-0.0006205525,0.0014211860
558386.2700236300,9.7957948088,0.0025467672,-0.0006829107,0.1744901547,-0.0006205525,0.0014428812
558386.2800236300,9.7953377703,0.0020873800,-0.0008318235,0.1745335812,-0.0005880006,0.0013994909
558386.2900236300,9.7960962804,0.0031581948,-0.0008376789,0.1745661511,-0.0006205525,0.0013994909
558386.3000236300,9.7957809536,0.0042249799,-0.0015972019,0.1745335812,-0.0006314031,0.0014428812
558386.3100236300,9.7947185635,0.0028478607,-0.0015889486,0.1745118680,-0.0006314031,0.0014320336
558386.3200236300,9.7956440013,0.0014785924,-0.0009871498,0.1745227246,-0.0006205525,0.0013994909
558386.3300236301,9.7956350202,0.0031565273,-0.0012914020,0.1745227246,-0.0006314031,0.0013994909
558386.3400236299,9.7956332641,0.0039190925,-0.0011385434,0.1745335812,-0.0006097018,0.0014211860
558386.3500236300,9.7953336345,0.0034600528,-0.0006786859,0.1745444379,-0.0006205525,0.0014428812
558386.3600236300,9.7948849822,0.0014752577,-0.0005232768,0.1745661511,-0.0006314031,0.0014428812
558386.3700236300,9.7953342295,0.0033075259,-0.0006787557,0.1745878644,-0.0006205525,0.0013886433
558386.3800236300,9.7954710958,0.0051389603,-0.0017467557,0.1745227246,-0.0006097018,0.0014211860
558386.3900236300,9.7956332067,0.0033091237,-0.0014438420,0.1745335812,-0.0006422537,0.0014645764
558386.4000236300,9.7951894285,0.0013240507,-0.0006783938,0.1745444379,-0.0006097018,0.0013994909
558386.4100236300,9.7954867357,0.0030031668,-0.0008326737,0.1745227246,-0.0006314031,0.0013777957
558386.4200236300,9.7960854285,0.0043787574,-0.0015996696,0.1745444379,-0.0005880006,0.0014537288
558386.4300236300,9.7957876411,0.0040721058,-0.0008347229,0.1745770077,-0.0005880006,0.0014211860
558386.4400236300,9.7956428401,0.0020886306,-0.0008343610,0.1745770077,-0.0006314031,0.0013994909
558386.4500236301,9.7951846405,0.0022392817,-0.0008304850,0.1745010113,-0.0006205525,0.0014320336
558386.4600236299,9.7957839856,0.0040723141,-0.0012922522,0.1744901547,-0.0006205525,0.0013994909
558386.4700236300,9.7953311689,0.0031552073,-0.0011363547,0.1745444379,-0.0006097018,0.0014211860
558386.4800236300,9.7957983783,0.0016316057,-0.0006833292,0.1745661511,-0.0006314031,0.0014428812
558386.4900236300,9.7951798811,0.0034594970,-0.0008299270,0.1746204343,-0.0006422537,0.0013777957
558386.5000236300,9.7950164083,0.0037644811,-0.0020485968,0.1746312909,-0.0006097018,0.0013994909
558386.5100236300,9.7951720325,0.0042224093,-0.0014396172,0.1745987210,-0.0006097018,0.0014537288
558386.5200236300,9.7953354193,0.0030024721,-0.0006788952,0.1745661511,-0.0006097018,0.0013886433
558386.5300236300,9.7957965648,0.0017842020,-0.0008357692,0.1745118680,-0.0006205525,0.0013777957
558386.5400236300,9.7944111427,0.0037617022,-0.0014334828,0.1745770077,-0.0006314031,0.0014211860
558386.5500236300,9.7956266053,0.0043769510,-0.0017483732,0.1745770077,-0.0005771500,0.0014211860
558386.5600236300,9.7959503469,0.0020897423,-0.0005318789,0.1745770077,-0.0006097018,0.0014211860
558386.5700236300,9.7956416216,0.0020887000,-0.0009868707,0.1745987210,-0.0006314031,0.0014211860
558386.5800236301,9.7957834193,0.0045298254,-0.0011395331,0.1745878644,-0.0006205525,0.0013886433
558386.5900236299,9.7950182791,0.0042218535,-0.0015908582,0.1745770077,-0.0006314031,0.0014428812
558386.6000236300,9.7957966509,0.0026991552,-0.0003778214,0.1745118680,-0.0005880006,0.0014428812
558386.6100236300,9.7948813841,0.0020854348,-0.0006755075,0.1745335812,-0.0006422537,0.0013777957
558386.6200236300,9.7954812667,0.0031559715,-0.0014426430,0.1745444379,-0.0006205525,0.0013994909
558386.6300236300,9.7948663391,0.0040687013,-0.0015896592,0.1745227246,-0.0006314031,0.0014537288
558386.6400236300,9.7957863366,0.0031572220,-0.0014451804,0.1745770077,-0.0005880006,0.0014211860
558386.6500236300,9.7956379661,0.0020889083,-0.0014444000,0.1745878644,-0.0005880006,0.0013994909
558386.6600236300,9.7960950332,0.0028532799,-0.0011428379,0.1745987210,-0.0006205525,0.0014320336
558386.6700236300,9.7954826286,0.0046808240,-0.0005268869,0.1745444379,-0.0006314031,0.0013994909
558386.6800236300,9.7950230384,0.0030016382,-0.0015914163,0.1745770077,-0.0006097018,0.0014320336
558386.6900236300,9.7951791428,0.0020871019,-0.0015931036,0.1745987210,-0.0006205525,0.0014537288
558386.7000236301,9.7956410840,0.0028511957,-0.0006815024,0.1745770077,-0.0006205525,0.0013777957
558386.7100236299,9.7947234662,0.0031525673,-0.0008262603,0.1745335812,-0.0006422537,0.0013886433
558386.7200236300,9.7951701617,0.0037650369,-0.0018973557,0.1745227246,-0.0006097018,0.0014645764
558386.7300236300,9.7957796491,0.0033100961,-0.0022076595,0.1745335812,-0.0005880006,0.0013886433
558386.7400236300,9.7960998786,0.0025480177,-0.0006854482,0.1745335812,-0.0005771500,0.0013994909
558386.7500236300,9.7954904486,0.0036129273,-0.0000698459,0.1746095776,-0.0006205525,0.0014428812
558386.7600236300,9.7953256999,0.0033080120,-0.0017463240,0.1746204343,-0.0006205525,0.0014211860
558386.7700236300,9.7956307124,0.0026992938,-0.0020541600,0.1746638608,-0.0006097018,0.0013994909
558386.7800236300,9.7960980078,0.0020906453,-0.0011431867,0.1746312909,-0.0006097018,0.0014428812
558386.7900236300,9.7961005595,0.0033104440,-0.0002275701,0.1747398572,-0.0006097018,0.0014103385
558386.8000236300,9.7954855459,0.0033082206,-0.0008325342,0.1747615704,-0.0006205525,0.0014103385
558386.8100236300,9.7960895069,0.0023961158,-0.0020581057,0.1746095776,-0.0006205525,0.0014320336
558386.8200236300,9.7956284187,0.0042243546,-0.0015959332,0.1745987210,-0.0005771500,0.0013886433
558386.8300236301,9.7957912106,0.0031569443,-0.0008351414,0.1745227246,-0.0006097018,0.0014211860
558386.8400236299,9.7956362387,0.0031564579,-0.0011388922,0.1745010113,-0.0006097018,0.0014428812
558386.8500236300,9.7948710984,0.0028484860,-0.0015902173,0.1744901547,-0.0006314031,0.0013994909
558386.8600236300,9.7953311402,0.0028502229,-0.0012890040,0.1745335812,-0.0006097018,0.0013994909
558386.8700236300,9.7951786913,0.0037645508,-0.0008297874,0.1745118680,-0.0006097018,0.0014320336
558386.8800236300,9.7960920300,0.0033109301,-0.0012951384,0.1745770077,-0.0006314031,0.0013886433
558386.8900236300,9.7956343679,0.0026990854,-0.0015966307,0.1745227246,-0.0006205525,0.0014211860
558386.9000236300,9.7950255041,0.0033064837,-0.0011337475,0.1745987210,-0.0006097018,0.0014537288
558386.9100236300,9.7954765361,0.0046811712,-0.0012894357,0.1746204343,-0.0006422537,0.0014211860
558386.9200236300,9.7959418461,0.0023952127,-0.0014467980,0.1745878644,-0.0006097018,0.0014211860
558386.9300236300,9.7954781775,0.0026986685,-0.0020528913,0.1746095776,-0.0006314031,0.0014211860
558386.9400236300,9.7953305453,0.0030027498,-0.0012889342,0.1745770077,-0.0006097018,0.0013886433
558386.9500236301,9.7951798525,0.0031545126,-0.0009825762,0.1745770077,-0.0006205525,0.0014320336
558386.9600236299,9.7950183078,0.0045268379,-0.0014382090,0.1745444379,-0.0005771500,0.0014320336
558386.9700236300,9.7953359569,0.0022399764,-0.0009842635,0.1745878644,-0.0005880006,0.0014211860
558386.9800236300,9.7954884918,0.0022406017,-0.0009855322,0.1745227246,-0.0006205525,0.0014320336
558386.9900236300,9.7953299503,0.0031552768,-0.0012888645,0.1745010113,-0.0006205525,0.0014211860
558387.0000236300,9.7950225009,0.0037641339,-0.0012860480,0.1745227246,-0.0006314031,0.0014211860
558387.0100236300,9.7951791715,0.0023920863,-0.0014404543,0.1747941403,-0.0005988512,0.0014320336
558387.0200236300,9.7962439413,0.0031590979,-0.0014489867,0.1745661511,-0.0005880006,0.0013886433
558387.0300236300,9.7951768205,0.0033071784,-0.0012875260,0.1745444379,-0.0006205525,0.0013886433
558387.0400236300,9.7953323874,0.0031551379,-0.0009838450,0.1745227246,-0.0005880006,0.0014537288
558387.0500236300,9.7956302035,0.0037667739,-0.0015961424,0.1745878644,-0.0006422537,0.0014211860
558387.0600236310,9.7957826237,0.0025474616,-0.0022080083,0.1745661511,-0.0005880006,0.0013994909
558387.0700236310,9.7951786053,0.0028495977,-0.0012877353,0.1745444379,-0.0006314031,0.0014211860
558387.0800236310,9.7951792862,0.0036120239,-0.0008298572,0.1745987210,-0.0006314031,0.0013994909
558387.0900236310,9.7954740131,0.0037663569,-0.0020524030,0.1745987210,-0.0005880006,0.0013994909
558387.1000236310,9.7951736739,0.0022399066,-0.0022030728,0.1745987210,-0.0006097018,0.0014428812
558387.1100236310,9.7954813528,0.0040709247,-0.0009846952,0.1745335812,-0.0005880006,0.0013886433
558387.1200236310,9.7945745295,0.0025417650,-0.0006727608,0.1745335812,-0.0006205525,0.0013994909
558387.1300236310,9.7959322987,0.0045306590,-0.0015983311,0.1745444379,-0.0006097018,0.0014320336
558387.1400236310,9.7954734755,0.0045288526,-0.0017470347,0.1745444379,-0.0006205525,0.0013994909
558387.1500236311,9.7953292694,0.0023928505,-0.0017467425,0.1745444379,-0.0006097018,0.0014320336
558387.1600236309,9.7948741590,0.0030008046,-0.0011326183,0.1745444379,-0.0006097018,0.0014211860
558387.1700236310,9.7948711558,0.0034584548,-0.0012849188,0.1745661511,-0.0006205525,0.0013994909
558387.1800236310,9.7950207161,0.0042217146,-0.0012858387,0.1745118680,-0.0005771500,0.0014320336
558387.1900236310,9.7956326118,0.0034616506,-0.0014437722,0.1745335812,-0.0005880006,0.0014320336
558387.2000236310,9.7956434063,0.0016311193,-0.0009870800,0.1745010113,-0.0006097018,0.0013994909
558387.2100236310,9.7953311689,0.0031552073,-0.0011363547,0.1745227246,-0.0006205525,0.0013777957
558387.2200236310,9.7950279698,0.0036113292,-0.0006760787,0.1745661511,-0.0006097018,0.0014211860
558387.2300236310,9.7956307697,0.0033092626,-0.0017488615,0.1745661511,-0.0006097018,0.0014428812
558387.2400236310,9.7950211963,0.0028492501,-0.0018965055,0.1745770077,-0.0006097018,0.0013994909
558387.2500236310,9.7953287605,0.0034603306,-0.0012887250,0.1745770077,-0.0006097018,0.0013994909
558387.2600236310,9.7953354193,0.0030024721,-0.0006788952,0.1745227246,-0.0006205525,0.0014537288
558387.2700236310,9.7951810136,0.0025444744,-0.0011353650,0.1745118680,-0.0006097018,0.0013886433
558387.2800236311,9.7957808676,0.0033100267,-0.0020551497,0.1745444379,-0.0005880006,0.0013777957
558387.2900236310,9.7957833333,0.0036148722,-0.0015974809,0.1745444379,-0.0006097018,0.0014428812
558387.3000236310,9.7947222477,0.0031526368,-0.0009787700,0.1745444379,-0.0005880006,0.0014320336
558387.3100236310,9.7951797951,0.0025445438,-0.0012878748,0.1746095776,-0.0006097018,0.0013994909
558387.3200236310,9.7960847763,0.0039213155,-0.0019048984,0.1745878644,-0.0006097018,0.0014211860
558387.3300236310,9.7944045413,0.0048295295,-0.0017380140,0.1745444379,-0.0006422537,0.0013994909
558387.3400236310,9.7956331494,0.0026991549,-0.0017491405,0.1745770077,-0.0005880006,0.0014428812
558387.3500236310,9.7951803900,0.0023920169,-0.0012879445,0.1745878644,-0.0006314031,0.0014211860
558387.3600236310,9.7954727945,0.0037664263,-0.0022049127,0.1745770077,-0.0006205525,0.0013886433
558387.3700236310,9.7956296086,0.0039193008,-0.0015960727,0.1745770077,-0.0006097018,0.0014428812
558387.3800236310,9.7956301748,0.0034617895,-0.0017487917,0.1745227246,-0.0006205525,0.0014320336
558387.3900236310,9.7951797951,0.0025445438,-0.0012878748,0.1745118680,-0.0006097018,0.0013886433
558387.4000236311,9.7953226967,0.0037656622,-0.0018986245,0.1745118680,-0.0006205525,0.0013994909
558387.4100236309,9.7950206588,0.0036117458,-0.0015911373,0.1745770077,-0.0006097018,0.0014320336
558387.4200236310,9.7953305739,0.0033077342,-0.0011362850,0.1745770077,-0.0005880006,0.0014211860
558387.4300236310,9.7948717794,0.0036109122,-0.0011323392,0.1745661511,-0.0006205525,0.0014211860
558387.4400236310,9.7950151611,0.0034595661,-0.0023537558,0.1745770077,-0.0006205525,0.0014320336
558387.4500236310,9.7950146236,0.0042220618,-0.0020483875,0.1745335812,-0.0005771500,0.0013994909
558387.4600236310,9.7957863366,0.0031572220,-0.0014451804,0.1745661511,-0.0005771500,0.0014211860
558387.4700236310,9.7959462112,0.0034624151,-0.0003787414,0.1745661511,-0.0005880006,0.0014320336
558387.4800236310,9.7951622271,0.0036129961,-0.0029649938,0.1746095776,-0.0006205525,0.0013994909
558387.4900236310,9.7954678918,0.0034617197,-0.0029676010,0.1746204343,-0.0005880006,0.0014211860
558387.5000236310,9.7954916671,0.0036128579,0.0000826639,0.1745987210,-0.0006097018,0.0014428812
558387.5100236310,9.7956386757,0.0031563190,-0.0008338727,0.1745878644,-0.0006097018,0.0014211860
558387.5200236310,9.7957790829,0.0037676075,-0.0020549405,0.1745335812,-0.0006314031,0.0013994909
558387.5300236311,9.7951694521,0.0026976262,-0.0025078831,0.1745118680,-0.0006097018,0.0014211860
558387.5400236310,9.7957875264,0.0028521682,-0.0014453200,0.1744575848,-0.0005880006,0.0014211860
558387.5500236310,9.7953360429,0.0031549296,-0.0005263157,0.1745444379,-0.0006314031,0.0013994909
558387.5600236310,9.7953275133,0.0031554156,-0.0015938840,0.1745770077,-0.0006097018,0.0014211860
558387.5700236310,9.7951659113,0.0039177721,-0.0023548153,0.1746095776,-0.0006205525,0.0014428812
558387.5800236310,9.7953281082,0.0030028887,-0.0015939537,0.1746312909,-0.0006097018,0.0013994909
558387.5900236310,9.7959431506,0.0033100965,-0.0008363404,0.1746312909,-0.0005880006,0.0013994909
558387.6000236310,9.7956332641,0.0039190925,-0.0011385434,0.1746095776,-0.0006205525,0.0014211860
558387.6100236310,9.7954691104,0.0034616503,-0.0028150913,0.1745878644,-0.0006314031,0.0013994909
558387.6200236310,9.7950157561,0.0033070392,-0.0023538256,0.1745335812,-0.0006097018,0.0014211860
558387.6300236310,9.7954837038,0.0031558326,-0.0011376235,0.1745987210,-0.0006097018,0.0014320336
558387.6400236310,9.7953360142,0.0028499452,-0.0006789650,0.1745661511,-0.0005880006,0.0013994909
558387.6500236311,9.7953245387,0.0039180502,-0.0015935352,0.1745661511,-0.0006205525,0.0014211860
558387.6600236309,9.7953220444,0.0033082203,-0.0022038533,0.1745661511,-0.0006097018,0.0013994909
558387.6700236310,9.7954794246,0.0030035834,-0.0017477322,0.1745227246,-0.0005880006,0.0013994909
558387.6800236310,9.7953293554,0.0033078037,-0.0012887947,0.1745661511,-0.0006097018,0.0014211860
558387.6900236310,9.7956320743,0.0042241463,-0.0011384039,0.1745227246,-0.0006097018,0.0013886433
558387.7000236310,9.7959267151,0.0034635261,-0.0028188975,0.1745444379,-0.0006205525,0.0014320336
558387.7100236310,9.7948704748,0.0026960285,-0.0017427968,0.1745444379,-0.0005880006,0.0014211860
558387.7200236310,9.7954861121,0.0028507093,-0.0009852532,0.1745878644,-0.0006097018,0.0013886433
558387.7300236310,9.7944105765,0.0042192135,-0.0012807638,0.1745878644,-0.0006097018,0.0013886433
558387.7400236310,9.7947089588,0.0043733382,-0.0020457803,0.1746312909,-0.0005880006,0.0014211860
558387.7500236310,9.7948686614,0.0028486249,-0.0018952368,0.1746638608,-0.0006205525,0.0014211860
558387.7600236310,9.7951767058,0.0020872408,-0.0018981231,0.1745987210,-0.0005880006,0.0014320336
558387.7700236310,9.7953275994,0.0040703688,-0.0011359362,0.1746204343,-0.0005880006,0.0013886433
558387.7800236311,9.7956284474,0.0045293390,-0.0014432839,0.1745987210,-0.0006205525,0.0014211860
558387.7900236310,9.7951700470,0.0025450993,-0.0025079528,0.1745987210,-0.0005880006,0.0014320336
558387.8000236310,9.7948644397,0.0033063445,-0.0022000471,0.1745661511,-0.0006097018,0.0013777957
558387.8100236310,9.7953312549,0.0040701605,-0.0006784069,0.1745335812,-0.0006097018,0.0013886433
558387.8200236310,9.7956283901,0.0039193702,-0.0017485824,0.1745878644,-0.0006097018,0.0014428812
558387.8300236310,9.7960828195,0.0025489899,-0.0028205848,0.1745335812,-0.0006097018,0.0014211860
558387.8400236310,9.7944110854,0.0031517334,-0.0017387813,0.1745444379,-0.0005771500,0.0013777957
558387.8500236310,9.7956368336,0.0030039310,-0.0011389620,0.1745227246,-0.0006314031,0.0014320336
558387.8600236310,9.7957816633,0.0052923906,-0.0009866746,0.1745661511,-0.0005880006,0.0013886433
558387.8700236310,9.7953232342,0.0030031665,-0.0022039928,0.1745227246,-0.0006097018,0.0013994909
558387.8800236310,9.7948673282,0.0016287567,-0.0026583437,0.1746204343,-0.0006097018,0.0014537288
558387.8900236310,9.7959281056,0.0052933630,-0.0017504921,0.1746204343,-0.0005880006,0.0013777957
558387.9000236311,9.7959402333,0.0046826999,-0.0005306931,0.1745770077,-0.0005771500,0.0014320336
558387.9100236309,9.7948745819,0.0010183713,-0.0020485836,0.1745987210,-0.0006205525,0.0014862716
558387.9200236310,9.7959266864,0.0031585417,-0.0029715468,0.1745661511,-0.0005771500,0.0013344053
558387.9300236310,9.7953246248,0.0048330034,-0.0011355874,0.1745661511,-0.0006097018,0.0013561005
558387.9400236310,9.7951823181,0.0034593581,-0.0005249074,0.1745118680,-0.0006097018,0.0015188144
558387.9500236310,9.7963897601,0.0030076129,-0.0023653837,0.1745227246,-0.0005880006,0.0013886433
558387.9600236310,9.7956275658,0.0016320220,-0.0029697069,0.1745335812,-0.0005880006,0.0013344053
558387.9700236310,9.7951762543,0.0037646897,-0.0011348070,0.1745010113,-0.0005662994,0.0014754240
558387.9800236310,9.7957816919,0.0055973750,-0.0008340253,0.1744901547,-0.0006205525,0.0014211860
558387.9900236310,9.7957880926,0.0023946569,-0.0015980390,0.1745661511,-0.0005880006,0.0013669481
558388.0000236310,9.7954793100,0.0017836459,-0.0023583293,0.1745987210,-0.0006097018,0.0014428812
558388.0100236310,9.7950086171,0.0051373622,-0.0023529885,0.1748701367,-0.0006097018,0.0014103385
558388.0200236310,9.7957767606,0.0049876839,-0.0017493629,0.1746204343,-0.0006097018,0.0013777957
558388.0300236311,9.7947245987,0.0022375447,-0.0011316983,0.1746530042,-0.0006205525,0.0014754240
558388.0400236310,9.7965453556,0.0031605567,-0.0019090534,0.1746204343,-0.0005771500,0.0014211860
558388.0500236310,9.7953136295,0.0045286440,-0.0026608245,0.1745770077,-0.0006205525,0.0013452529
558388.0600236310,9.7950139426,0.0034596356,-0.0025062656,0.1745335812,-0.0006097018,0.0014754240
558388.0700236310,9.7954758265,0.0036137605,-0.0018999630,0.1745661511,-0.0006097018,0.0014428812
558388.0800236310,9.7956362100,0.0028514735,-0.0012915415,0.1745227246,-0.0005880006,0.0013452529
558388.0900236310,9.7962444502,0.0020916178,-0.0019070042,0.1745118680,-0.0006097018,0.0014428812
558388.1000236310,9.7956175955,0.0057499015,-0.0022052746,0.1745227246,-0.0006097018,0.0014428812
558388.1100236310,9.7956259244,0.0036145247,-0.0022062512,0.1744901547,-0.0006205525,0.0013561005
558388.1200236310,9.7950229237,0.0017817006,-0.0022020134,0.1745118680,-0.0005880006,0.0014428812
558388.1300236320,9.7959346497,0.0036155669,-0.0017512594,0.1745118680,-0.0006097018,0.0013886433
558388.1400236320,9.7956278238,0.0043768815,-0.0015958634,0.1745770077,-0.0006097018,0.0013669481
558388.1500236320,9.7953238578,0.0031556240,-0.0020514133,0.1745987210,-0.0006097018,0.0014537288
558388.1600236320,9.7953237718,0.0022406708,-0.0025093611,0.1746530042,-0.0005880006,0.0014428812
558388.1700236320,9.7963868715,0.0046852006,-0.0019070871,0.1746312909,-0.0006205525,0.0013561005
558388.1800236320,9.7948747540,0.0028482777,-0.0011326880,0.1746204343,-0.0005771500,0.0014537288
558388.1900236320,9.7953232342,0.0030031665,-0.0022039928,0.1745987210,-0.0006205525,0.0014428812
558388.2000236320,9.7956321029,0.0045291307,-0.0009857546,0.1745444379,-0.0005880006,0.0013344053
558388.2100236320,9.7953322153,0.0013252315,-0.0018997406,0.1745987210,-0.0006097018,0.0014537288
558388.2200236320,9.7959249877,0.0045310756,-0.0025133897,0.1745770077,-0.0005880006,0.0014428812
558388.2300236319,9.7959316178,0.0037682327,-0.0020562092,0.1746095776,-0.0005880006,0.0013344053
558388.2400236320,9.7948741304,0.0026958202,-0.0012852675,0.1745987210,-0.0006097018,0.0014537288
558388.2500236320,9.7957772694,0.0039202038,-0.0022073805,0.1745661511,-0.0005771500,0.0013994909
558388.2600236320,9.7959273673,0.0039209680,-0.0025136687,0.1745444379,-0.0005771500,0.0013561005
558388.2700236320,9.7957893111,0.0023945874,-0.0014455292,0.1745878644,-0.0005771500,0.0014320336
558388.2800236320,9.7956308271,0.0039192313,-0.0014435629,0.1745661511,-0.0006205525,0.0014320336
558388.2900236320,9.7953208546,0.0036132741,-0.0022037138,0.1745661511,-0.0006097018,0.0013561005
558388.3000236320,9.7950217339,0.0020867544,-0.0022018738,0.1746204343,-0.0006097018,0.0014645764
558388.3100236320,9.7953232916,0.0036131353,-0.0018986942,0.1745878644,-0.0006097018,0.0013994909
558388.3200236320,9.7960872133,0.0039211766,-0.0015998789,0.1745661511,-0.0005880006,0.0013669481
558388.3300236320,9.7950205727,0.0026967927,-0.0020490851,0.1745661511,-0.0006205525,0.0014320336
558388.3400236320,9.7957790255,0.0031576387,-0.0023602390,0.1745878644,-0.0005771500,0.0014320336
558388.3500236321,9.7954715474,0.0034615114,-0.0025100718,0.1745335812,-0.0005880006,0.0013561005
558388.3600236319,9.7954800482,0.0031560409,-0.0015951527,0.1745661511,-0.0006097018,0.0014537288
558388.3700236320,9.7954728519,0.0043763951,-0.0018996142,0.1745444379,-0.0006097018,0.0014428812
558388.3800236320,9.7950188167,0.0034593578,-0.0018962265,0.1745661511,-0.0006097018,0.0013561005
558388.3900236320,9.7954812094,0.0025460027,-0.0017479415,0.1745661511,-0.0006097018,0.0014428812
558388.4000236320,9.7957736713,0.0045303809,-0.0023596112,0.1745770077,-0.0005771500,0.0014211860
558388.4100236320,9.7960829342,0.0037689274,-0.0022099877,0.1745227246,-0.0006097018,0.0013669481
558388.4200236320,9.7951761396,0.0025447521,-0.0017454040,0.1745770077,-0.0005880006,0.0014428812
558388.4300236320,9.7950145949,0.0039170774,-0.0022010368,0.1746095776,-0.0006097018,0.0014320336
558388.4400236320,9.7959280483,0.0046833942,-0.0020557907,0.1746530042,-0.0006097018,0.0013669481
558388.4500236320,9.7953220157,0.0030032359,-0.0023565025,0.1746095776,-0.0005771500,0.0014537288
558388.4600236320,9.7950132330,0.0023922249,-0.0031167929,0.1746095776,-0.0006097018,0.0014211860
558388.4700236320,9.7947156463,0.0042204641,-0.0012833012,0.1745878644,-0.0005880006,0.0013452529
558388.4800236319,9.7953310828,0.0022402541,-0.0015943025,0.1745770077,-0.0005880006,0.0014645764
558388.4900236320,9.7956222975,0.0039197174,-0.0025111312,0.1745335812,-0.0006205525,0.0014428812
558388.5000236320,9.7953190125,0.0034608861,-0.0025088030,0.1745227246,-0.0005771500,0.0013561005
558388.5100236320,9.7953292407,0.0020878661,-0.0018993918,0.1745335812,-0.0005880006,0.0014537288
558388.5200236320,9.7953226967,0.0037656622,-0.0018986245,0.1744901547,-0.0005880006,0.0014211860
558388.5300236320,9.7954690530,0.0028516815,-0.0031203898,0.1745335812,-0.0005880006,0.0013669481
558388.5400236320,9.7959291521,0.0034633872,-0.0025138780,0.1745335812,-0.0005771500,0.0014537288
558388.5500236320,9.7951684343,0.0048325865,-0.0015918479,0.1745444379,-0.0005880006,0.0014320336
558388.5600236320,9.7954806432,0.0030035140,-0.0015952225,0.1745118680,-0.0006097018,0.0013669481
558388.5700236320,9.7948661957,0.0025437793,-0.0023529056,0.1745661511,-0.0005880006,0.0014320336
558388.5800236320,9.7954709238,0.0033090539,-0.0026626513,0.1745987210,-0.0006097018,0.0013994909
558388.5900236320,9.7951659400,0.0042227565,-0.0022021660,0.1745661511,-0.0005771500,0.0013561005
558388.6000236321,9.7945641578,0.0023898630,-0.0020454184,0.1745987210,-0.0006097018,0.0014428812
558388.6100236319,9.7957760509,0.0039202732,-0.0023598902,0.1746095776,-0.0006205525,0.0014320336
558388.6200236320,9.7951701044,0.0031550681,-0.0022026543,0.1746204343,-0.0005880006,0.0013561005
558388.6300236320,9.7956283040,0.0030044170,-0.0022065303,0.1746095776,-0.0005880006,0.0014537288
558388.6400236320,9.7956242256,0.0049870586,-0.0017480942,0.1745335812,-0.0005880006,0.0013886433
558388.6500236320,9.7951719178,0.0030024718,-0.0020502143,0.1745227246,-0.0006097018,0.0013777957
558388.6600236320,9.7954774679,0.0016312578,-0.0026634186,0.1745878644,-0.0005880006,0.0014428812
558388.6700236320,9.7954764501,0.0037662180,-0.0017473835,0.1745661511,-0.0006205525,0.0013994909
558388.6800236320,9.7951659400,0.0042227565,-0.0022021660,0.1745661511,-0.0005771500,0.0013777957
558388.6900236320,9.7954721423,0.0033089845,-0.0025101415,0.1745661511,-0.0006097018,0.0014754240
558388.7000236320,9.7953226393,0.0031556934,-0.0022039230,0.1745335812,-0.0005880006,0.0013994909
558388.7100236320,9.7954818330,0.0026984602,-0.0015953620,0.1745227246,-0.0005771500,0.0013561005
558388.7200236320,9.7954770163,0.0033087067,-0.0019001025,0.1745770077,-0.0005771500,0.0014537288
558388.7300236319,9.7951641552,0.0046803373,-0.0022019567,0.1745661511,-0.0006097018,0.0013994909
558388.7400236320,9.7957795631,0.0023951430,-0.0026656073,0.1745770077,-0.0005880006,0.0013669481
558388.7500236320,9.7948680665,0.0030011518,-0.0018951671,0.1745770077,-0.0005880006,0.0014320336
558388.7600236320,9.7960829629,0.0040739118,-0.0020573384,0.1745878644,-0.0005662994,0.0013886433
558388.7700236320,9.7948602752,0.0043740329,-0.0021995588,0.1745770077,-0.0006205525,0.0013886433
558388.7800236320,9.7956246198,0.0026996409,-0.0028167088,0.1744358716,-0.0005771500,0.0014320336
558388.7900236320,9.7953208546,0.0036132741,-0.0022037138,0.1744901547,-0.0006205525,0.0013777957
558388.8000236320,9.7954800196,0.0028510565,-0.0017478020,0.1745118680,-0.0006097018,0.0013777957
558388.8100236320,9.7956210790,0.0039197868,-0.0026636410,0.1745227246,-0.0006097018,0.0014320336
558388.8200236320,9.7953196647,0.0039183280,-0.0022035742,0.1745661511,-0.0005880006,0.0014320336
558388.8300236320,9.7960852565,0.0025488510,-0.0025155653,0.1745444379,-0.0005880006,0.0013777957
558388.8400236320,9.7953262088,0.0022405319,-0.0022043416,0.1745987210,-0.0006097018,0.0014320336
558388.8500236321,9.7957785740,0.0048350876,-0.0015969229,0.1745878644,-0.0005771500,0.0013777957
558388.8600236319,9.7956211364,0.0045297556,-0.0023583425,0.1746204343,-0.0006097018,0.0013886433
558388.8700236320,9.7956252148,0.0025471140,-0.0028167786,0.1746312909,-0.0006205525,0.0014428812
558388.8800236320,9.7951688285,0.0025451688,-0.0026604626,0.1745987210,-0.0005662994,0.0013994909
558388.8900236320,9.7956283327,0.0033094014,-0.0020538810,0.1746095776,-0.0005880006,0.0013777957
558388.9000236320,9.7953184749,0.0042233818,-0.0022034347,0.1745878644,-0.0005662994,0.0014211860
558388.9100236320,9.7951664202,0.0028502920,-0.0028128328,0.1745661511,-0.0006205525,0.0014320336
558388.9200236320,9.7954739557,0.0031563881,-0.0023577015,0.1744901547,-0.0005771500,0.0013777957
558388.9300236320,9.7957839569,0.0037673297,-0.0014449014,0.1745010113,-0.0005771500,0.0014211860
558388.9400236320,9.7956252434,0.0028520984,-0.0026641293,0.1745010113,-0.0006097018,0.0014211860
558388.9500236320,9.7959292668,0.0046833248,-0.0019032809,0.1745335812,-0.0005771500,0.0013777957
558388.9600236320,9.7947081919,0.0026959587,-0.0029616061,0.1745661511,-0.0006205525,0.0014211860
558388.9700236320,9.7957808103,0.0027000579,-0.0023604483,0.1745878644,-0.0005554487,0.0014211860
558388.9800236319,9.7953208832,0.0039182585,-0.0020510645,0.1746747174,-0.0005771500,0.0013561005
558388.9900236320,9.7953239438,0.0040705771,-0.0015934655,0.1746204343,-0.0005771500,0.0013886433
558389.0000236320,9.7957755134,0.0046827690,-0.0020545219,0.1745770077,-0.0006097018,0.0014320336
558389.0100236320,9.7944007137,0.0029998314,-0.0031114389,0.1748809934,-0.0006097018,0.0013886433
558389.0200236320,9.7953237718,0.0022406708,-0.0025093611,0.1746095776,-0.0005662994,0.0013994909
558389.0300236320,9.7954782922,0.0039186061,-0.0014422942,0.1746095776,-0.0006097018,0.0014211860
558389.0400236320,9.7956228924,0.0037671905,-0.0025112010,0.1745878644,-0.0005771500,0.0013777957
558389.0500236320,9.7954708951,0.0030040695,-0.0028153006,0.1745661511,-0.0005880006,0.0013994909
558389.0600236320,9.7954746366,0.0039188144,-0.0018998235,0.1745335812,-0.0005880006,0.0013886433
558389.0700236320,9.7951713802,0.0037649675,-0.0017448460,0.1745444379,-0.0005880006,0.0013994909
558389.0800236320,9.7953177366,0.0028509868,-0.0029666113,0.1745010113,-0.0006097018,0.0014211860
558389.0900236320,9.7950078214,0.0031549983,-0.0034214636,0.1745335812,-0.0005662994,0.0013994909
558389.1000236321,9.7951713516,0.0034599831,-0.0018974953,0.1745770077,-0.0005880006,0.0013886433
558389.1100236319,9.7953196647,0.0039183280,-0.0022035742,0.1745444379,-0.0005880006,0.0013994909
558389.1200236320,9.7959292094,0.0040733560,-0.0022085794,0.1745661511,-0.0005771500,0.0013886433
558389.1300236320,9.7943952448,0.0031526361,-0.0037214082,0.1745987210,-0.0006097018,0.0013994909
558389.1400236320,9.7953177653,0.0031559711,-0.0028139621,0.1746204343,-0.0005662994,0.0014211860
558389.1500236320,9.7950140573,0.0046795731,-0.0018956685,0.1746530042,-0.0006205525,0.0013886433
558389.1600236320,9.7956319596,0.0030042087,-0.0017490010,0.1746530042,-0.0005771500,0.0014428812
558389.1700236320,9.7957717432,0.0034630397,-0.0031226483,0.1746638608,-0.0005880006,0.0013994909
558389.1800236320,9.7947033752,0.0033062053,-0.0032663466,0.1746312909,-0.0005771500,0.0013561005
558389.1900236320,9.7950176268,0.0037644116,-0.0018960870,0.1745770077,-0.0005771500,0.0014211860
558389.2000236320,9.7945679567,0.0039145767,-0.0008246427,0.1745335812,-0.0006205525,0.0014211860
558389.2100236330,9.7959290947,0.0028534184,-0.0028191765,0.1745118680,-0.0005771500,0.0013886433
558389.2200236330,9.7954653975,0.0028518898,-0.0035779191,0.1745010113,-0.0005771500,0.0013994909
558389.2300236330,9.7953251050,0.0034605389,-0.0017462542,0.1745770077,-0.0005771500,0.0013994909
558389.2400236330,9.7953233776,0.0045280885,-0.0014407464,0.1745661511,-0.0005662994,0.0013886433
558389.2500236330,9.7957790255,0.0031576387,-0.0023602390,0.1745444379,-0.0006205525,0.0014211860
558389.2600236330,9.7957692488,0.0028532098,-0.0037329663,0.1745770077,-0.0005771500,0.0013994909
558389.2700236330,9.7957717718,0.0037680241,-0.0029699990,0.1745878644,-0.0006205525,0.0013561005
558389.2800236330,9.7950219059,0.0039166608,-0.0012859782,0.1745878644,-0.0005662994,0.0014320336
558389.2900236330,9.7954727659,0.0034614419,-0.0023575620,0.1745770077,-0.0005880006,0.0014320336
558389.3000236331,9.7957747177,0.0027004051,-0.0031229971,0.1746530042,-0.0005880006,0.0013669481
558389.3100236329,9.7951651730,0.0025453771,-0.0031179919,0.1746204343,-0.0005771500,0.0013994909
558389.3200236330,9.7953185036,0.0045283662,-0.0020507855,0.1745335812,-0.0005662994,0.0013994909
558389.3300236330,9.7954759125,0.0045287137,-0.0014420152,0.1745335812,-0.0005880006,0.0013777957
558389.3400236330,9.7951724554,0.0022399761,-0.0023555826,0.1744575848,-0.0005880006,0.0014211860
558389.3500236330,9.7954659637,0.0023943785,-0.0037306381,0.1744575848,-0.0005880006,0.0014211860
558389.3600236330,9.7956156961,0.0049875447,-0.0028156625,0.1745010113,-0.0005771500,0.0013452529
558389.3700236330,9.7940999230,0.0031508301,-0.0024987926,0.1745661511,-0.0006205525,0.0014320336
558389.3800236330,9.7953226393,0.0031556934,-0.0022039230,0.1745770077,-0.0005554487,0.0014211860
558389.3900236330,9.7959248443,0.0030061537,-0.0032766360,0.1745878644,-0.0006097018,0.0013344053
558389.4000236330,9.7959249590,0.0042260912,-0.0026660390,0.1745661511,-0.0005662994,0.0013886433
558389.4100236330,9.7954722570,0.0045289220,-0.0018995444,0.1745878644,-0.0006205525,0.0014428812
558389.4200236331,9.7951736739,0.0022399066,-0.0022030728,0.1746095776,-0.0005880006,0.0013886433
558389.4300236329,9.7960749422,0.0030069178,-0.0035829243,0.1745987210,-0.0005771500,0.0013561005
558389.4400236330,9.7954661644,0.0045292692,-0.0026620932,0.1745878644,-0.0005880006,0.0013994909
558389.4500236330,9.7954782635,0.0036136217,-0.0015949435,0.1745335812,-0.0005771500,0.0014320336
558389.4600236330,9.7951778670,0.0014772026,-0.0020509118,0.1745444379,-0.0006097018,0.0013777957
558389.4700236330,9.7953171417,0.0030035137,-0.0029665416,0.1745770077,-0.0005880006,0.0013886433
558389.4800236330,9.7959147307,0.0055991112,-0.0032754502,0.1745987210,-0.0005662994,0.0014211860
558389.4900236330,9.7953135148,0.0033087064,-0.0032714216,0.1745878644,-0.0006097018,0.0014211860
558389.5000236330,9.7954829081,0.0011734687,-0.0022060986,0.1745878644,-0.0005880006,0.0013994909
558389.5100236330,9.7951670438,0.0030027495,-0.0026602533,0.1745227246,-0.0005771500,0.0013561005
558389.5200236330,9.7956139113,0.0054451255,-0.0028154532,0.1745444379,-0.0006097018,0.0013886433
558389.5300236330,9.7956229785,0.0046821437,-0.0020532532,0.1745335812,-0.0005771500,0.0014320336
558389.5400236330,9.7956324971,0.0022417130,-0.0020543693,0.1745878644,-0.0006097018,0.0013994909
558389.5500236331,9.7962377914,0.0025494763,-0.0025168340,0.1746204343,-0.0006097018,0.0013669481
558389.5600236329,9.7951573818,0.0039182582,-0.0034223836,0.1746638608,-0.0005880006,0.0013994909
558389.5700236330,9.7954661931,0.0048342536,-0.0025094440,0.1746530042,-0.0005662994,0.0013777957
558389.5800236330,9.7951743548,0.0030023329,-0.0017451948,0.1745661511,-0.0006097018,0.0013886433
558389.5900236330,9.7953298643,0.0022403236,-0.0017468123,0.1745227246,-0.0006097018,0.0014211860
558389.6000236330,9.7945533060,0.0036104255,-0.0028074091,0.1745010113,-0.0005771500,0.0013777957
558389.6100236330,9.7953045051,0.0046816569,-0.0037283230,0.1744792981,-0.0006097018,0.0013994909
558389.6200236330,9.7956253581,0.0040720360,-0.0020535322,0.1745118680,-0.0005662994,0.0014320336
558389.6300236330,9.7956355577,0.0023940316,-0.0015967702,0.1745444379,-0.0005880006,0.0013886433
558389.6400236330,9.7947069160,0.0020860594,-0.0034194144,0.1745770077,-0.0006097018,0.0013777957
558389.6500236330,9.7947009955,0.0039163129,-0.0032660676,0.1745118680,-0.0005662994,0.0013886433
558389.6600236330,9.7953161526,0.0054434583,-0.0018978572,0.1745444379,-0.0005771500,0.0013994909
558389.6700236331,9.7951731363,0.0030024023,-0.0018977045,0.1745227246,-0.0005771500,0.0014211860
558389.6800236329,9.7957758789,0.0020903669,-0.0032757858,0.1745878644,-0.0006205525,0.0013886433
558389.6900236330,9.7953148480,0.0045285745,-0.0025083147,0.1746312909,-0.0005662994,0.0013886433
558389.7000236330,9.7951610660,0.0042230343,-0.0028122050,0.1746638608,-0.0005662994,0.0014211860
558389.7100236330,9.7953208259,0.0033082897,-0.0023563630,0.1746312909,-0.0005880006,0.0013886433
558389.7200236330,9.7953238291,0.0028506396,-0.0022040625,0.1745878644,-0.0005771500,0.0013777957
558389.7300236330,9.7945586602,0.0022376833,-0.0028080369,0.1745227246,-0.0005880006,0.0013994909
558389.7400236330,9.7953105116,0.0037663566,-0.0034237221,0.1745661511,-0.0005771500,0.0013994909
558389.7500236330,9.7962289250,0.0054473488,-0.0022104891,0.1745335812,-0.0005880006,0.0013669481
558389.7600236330,9.7947154743,0.0023905577,-0.0021991969,0.1745661511,-0.0006097018,0.0014537288
558389.7700236330,9.7948654861,0.0014763687,-0.0029634329,0.1745335812,-0.0006097018,0.0013994909
558389.7800236330,9.7957638085,0.0033109988,-0.0041902863,0.1744901547,-0.0005771500,0.0013127101
558389.7900236330,9.7948602752,0.0043740329,-0.0021995588,0.1745118680,-0.0005662994,0.0014320336
558389.8000236331,9.7957761083,0.0045302420,-0.0020545917,0.1744575848,-0.0005880006,0.0014320336
558389.8100236329,9.7945628820,0.0017799636,-0.0025032267,0.1745010113,-0.0005880006,0.0013561005
558389.8200236330,9.7947087581,0.0022384474,-0.0031143252,0.1746095776,-0.0005771500,0.0014211860
558389.8300236330,9.7951514326,0.0054435274,-0.0034216860,0.1745987210,-0.0005662994,0.0014211860
558389.8400236330,9.7956223835,0.0048346706,-0.0020531834,0.1746095776,-0.0005554487,0.0013777957
558389.8500236330,9.7948655148,0.0017813531,-0.0028107837,0.1745770077,-0.0005880006,0.0013994909
558389.8600236330,9.7957753987,0.0034628314,-0.0026651190,0.1745770077,-0.0006097018,0.0013777957
558389.8700236330,9.7954588821,0.0048346703,-0.0034245025,0.1745335812,-0.0005771500,0.0013561005
558389.8800236330,9.7945603876,0.0011701337,-0.0031135447,0.1745661511,-0.0005771500,0.0014645764
558389.8900236330,9.7956290136,0.0040718277,-0.0015960029,0.1745444379,-0.0005662994,0.0013669481
558389.9000236330,9.7947071167,0.0042209501,-0.0023508695,0.1745118680,-0.0005880006,0.0013561005
558389.9100236330,9.7954599285,0.0030046944,-0.0041878884,0.1745444379,-0.0005771500,0.0014537288
558389.9200236331,9.7954667020,0.0037667735,-0.0029674615,0.1745335812,-0.0005662994,0.0013777957
558389.9300236329,9.7956324971,0.0022417130,-0.0020543693,0.1745878644,-0.0005771500,0.0013561005
558389.9400236330,9.7951654024,0.0049852522,-0.0018967977,0.1745335812,-0.0006097018,0.0014320336
558389.9500236330,9.7945454000,0.0037633691,-0.0037223979,0.1745661511,-0.0006097018,0.0014211860
558389.9600236330,9.7962310466,0.0020923816,-0.0035846116,0.1746095776,-0.0005662994,0.0013561005
558389.9700236330,9.7954752029,0.0034613031,-0.0020525425,0.1746312909,-0.0005771500,0.0013886433
558389.9800236330,9.7962379635,0.0043793826,-0.0016009384,0.1745770077,-0.0005662994,0.0013994909
558389.9900236330,9.7948511221,0.0042220615,-0.0034197066,0.1745661511,-0.0006097018,0.0013452529
558390.0000236330,9.7948557381,0.0014769242,-0.0041835110,0.1745770077,-0.0005662994,0.0014211860
558390.0100236330,9.7963837249,0.0036179288,-0.0028226339,0.1748809934,-0.0005771500,0.0014103385
558390.0200236330,9.7957791402,0.0043775762,-0.0017496419,0.1746095776,-0.0005880006,0.0013452529
558390.0300236330,9.7956270569,0.0026995021,-0.0025116893,0.1746095776,-0.0005880006,0.0014211860
558390.0400236330,9.7948516023,0.0028495970,-0.0040303734,0.1745770077,-0.0005880006,0.0013994909
558390.0500236331,9.7954582585,0.0046822128,-0.0035770820,0.1745335812,-0.0005771500,0.0013018625
558390.0600236329,9.7956313360,0.0028517512,-0.0019015805,0.1745335812,-0.0005662994,0.0014428812
558390.0700236330,9.7963899034,0.0045325348,-0.0016021373,0.1745335812,-0.0005880006,0.0014211860
558390.0800236330,9.7954623369,0.0026995712,-0.0040355181,0.1744901547,-0.0005771500,0.0013344053
558390.0900236330,9.7951554823,0.0031559014,-0.0040327714,0.1745335812,-0.0005662994,0.0013994909
558390.1000236330,9.7956187280,0.0048348789,-0.0025107127,0.1744901547,-0.0005771500,0.0014211860
558390.1100236330,9.7956344252,0.0033090542,-0.0012913322,0.1745444379,-0.0005880006,0.0013561005
558390.1200236330,9.7951681763,0.0020877269,-0.0029656914,0.1745770077,-0.0006097018,0.0013886433
558390.1300236330,9.7948462194,0.0039173548,-0.0041823949,0.1745444379,-0.0005662994,0.0014211860
558390.1400236330,9.7956266340,0.0046819354,-0.0015957239,0.1745987210,-0.0005880006,0.0013669481
558390.1500236330,9.7957851467,0.0034622759,-0.0014450409,0.1746530042,-0.0005771500,0.0014428812
558390.1600236330,9.7951712369,0.0022400455,-0.0025080923,0.1746204343,-0.0006097018,0.0014211860
558390.1700236331,9.7951517694,0.0025461409,-0.0047955992,0.1745987210,-0.0006097018,0.0013344053
558390.1800236329,9.7951477197,0.0048337669,-0.0041845138,0.1745878644,-0.0005662994,0.0013777957
558390.1900236330,9.7953226967,0.0037656622,-0.0018986245,0.1745987210,-0.0005880006,0.0014428812
558390.2000236330,9.7956306550,0.0020893250,-0.0023594586,0.1745878644,-0.0005554487,0.0013777957
558390.2100236330,9.7956136820,0.0030052503,-0.0040366474,0.1745770077,-0.0006097018,0.0013452529
558390.2200236330,9.7950000588,0.0048328639,-0.0035732061,0.1745335812,-0.0005771500,0.0014211860
558390.2300236330,9.7950109967,0.0045272545,-0.0023532675,0.1745335812,-0.0005771500,0.0013886433
558390.2400236330,9.7960912630,0.0016335506,-0.0022109643,0.1745227246,-0.0005880006,0.0013777957
558390.2500236330,9.7957723381,0.0033105128,-0.0031227180,0.1745770077,-0.0005771500,0.0013886433
558390.2600236330,9.7952960615,0.0055970962,-0.0043379435,0.1745118680,-0.0005880006,0.0013777957
558390.2700236330,9.7956155814,0.0037676071,-0.0034262595,0.1745335812,-0.0005662994,0.0014211860
558390.2800236340,9.7950266079,0.0020864767,-0.0015918348,0.1745444379,-0.0005880006,0.0014320336
558390.2900236340,9.7956288416,0.0022419213,-0.0025118986,0.1745661511,-0.0006097018,0.0013777957
558390.3000236340,9.7951470388,0.0040713406,-0.0046423919,0.1745878644,-0.0005771500,0.0013669481
558390.3100236340,9.7948462768,0.0045273236,-0.0038770963,0.1745444379,-0.0005771500,0.0014320336
558390.3200236340,9.7957778930,0.0040726613,-0.0020548009,0.1745444379,-0.0005662994,0.0013886433
558390.3300236340,9.7957904436,0.0014795648,-0.0017509673,0.1745661511,-0.0006205525,0.0013669481
558390.3400236340,9.7957608053,0.0037686490,-0.0043425868,0.1745227246,-0.0005771500,0.0013886433
558390.3500236340,9.7954485391,0.0049877527,-0.0046445108,0.1745878644,-0.0006097018,0.0013777957
558390.3600236340,9.7959267724,0.0040734949,-0.0025135990,0.1745987210,-0.0005771500,0.0014211860
558390.3700236341,9.7959442257,0.0017851051,-0.0014470770,0.1745878644,-0.0005771500,0.0013994909
558390.3800236339,9.7948606981,0.0023915996,-0.0031155241,0.1745444379,-0.0005771500,0.0013669481
558390.3900236340,9.7956028874,0.0048357816,-0.0044933396,0.1746095776,-0.0005771500,0.0013886433
558390.4000236340,9.7954606668,0.0043770895,-0.0034247118,0.1746204343,-0.0005771500,0.0014211860
558390.4100236340,9.7951773294,0.0022396983,-0.0017455436,0.1746204343,-0.0006097018,0.0014211860
558390.4200236340,9.7959321267,0.0027007526,-0.0025142268,0.1746530042,-0.0005771500,0.0013669481
558390.4300236340,9.7956119832,0.0043777842,-0.0035784903,0.1746095776,-0.0005662994,0.0013777957
558390.4400236340,9.7954606381,0.0040721051,-0.0035773610,0.1745770077,-0.0005662994,0.0014211860
558390.4500236340,9.7953256139,0.0023930588,-0.0022042718,0.1745444379,-0.0005880006,0.0013886433
558390.4600236340,9.7956294939,0.0026993632,-0.0022066698,0.1745335812,-0.0005554487,0.0013561005
558390.4700236340,9.7951598188,0.0039181193,-0.0031173641,0.1745770077,-0.0005880006,0.0013994909
558390.4800236340,9.7940829213,0.0037617710,-0.0043286307,0.1745987210,-0.0005880006,0.0014320336
558390.4900236340,9.7951676961,0.0034601914,-0.0023550245,0.1745770077,-0.0005771500,0.0013452529
558390.5000236341,9.7956307697,0.0033092626,-0.0017488615,0.1745010113,-0.0005771500,0.0013886433
558390.5100236339,9.7957747177,0.0027004051,-0.0031229971,0.1745010113,-0.0005771500,0.0014211860
558390.5200236340,9.7948395893,0.0046801977,-0.0046395754,0.1745227246,-0.0005880006,0.0013344053
558390.5300236340,9.7954648026,0.0030044167,-0.0035778493,0.1745118680,-0.0005662994,0.0013994909
558390.5400236340,9.7953209119,0.0042232429,-0.0018984152,0.1745770077,-0.0005880006,0.0014211860
558390.5500236340,9.7953153569,0.0034610944,-0.0029663323,0.1746095776,-0.0005880006,0.0013669481
558390.5600236340,9.7954671822,0.0023943090,-0.0035781284,0.1746204343,-0.0005662994,0.0013777957
558390.5700236340,9.7953039388,0.0051391683,-0.0035756040,0.1745878644,-0.0006097018,0.0013886433
558390.5800236340,9.7948607841,0.0033065528,-0.0026575763,0.1745661511,-0.0005771500,0.0013669481
558390.5900236340,9.7956276518,0.0025469752,-0.0025117590,0.1745118680,-0.0005880006,0.0014211860
558390.6000236340,9.7951573244,0.0033082894,-0.0037276821,0.1745118680,-0.0005880006,0.0013994909
558390.6100236340,9.7939332749,0.0020835579,-0.0047856586,0.1745878644,-0.0005662994,0.0013777957
558390.6200236341,9.7957753987,0.0034628314,-0.0026651190,0.1745335812,-0.0005880006,0.0013669481
558390.6300236339,9.7950158421,0.0042219924,-0.0018958777,0.1745661511,-0.0005880006,0.0013886433
558390.6400236340,9.7954684581,0.0030042084,-0.0031203201,0.1745987210,-0.0006097018,0.0013886433
558390.6500236340,9.7957619378,0.0028536264,-0.0046480249,0.1745335812,-0.0005771500,0.0013777957
558390.6600236340,9.7953141098,0.0031561795,-0.0032714913,0.1746095776,-0.0005771500,0.0013669481
558390.6700236340,9.7950176842,0.0043743804,-0.0015907885,0.1745770077,-0.0006097018,0.0013994909
558390.6800236340,9.7954660211,0.0030043473,-0.0034253396,0.1746312909,-0.0005880006,0.0013886433
558390.6900236340,9.7956075321,0.0023956287,-0.0051044947,0.1745987210,-0.0006097018,0.0013777957
558390.7000236340,9.7956137680,0.0039202035,-0.0035786995,0.1745770077,-0.0005445981,0.0013561005
558390.7100236340,9.7957798785,0.0057499713,-0.0009864653,0.1745335812,-0.0005771500,0.0013777957
558390.7200236340,9.7951719465,0.0033074562,-0.0018975650,0.1745227246,-0.0006205525,0.0013994909
558390.7300236340,9.7959192320,0.0016340363,-0.0046498517,0.1745010113,-0.0005662994,0.0013994909
558390.7400236340,9.7953013298,0.0033094008,-0.0047965192,0.1745118680,-0.0006097018,0.0013561005
558390.7500236341,9.7951640979,0.0040703685,-0.0025072553,0.1745444379,-0.0005554487,0.0013886433
558390.7600236339,9.7950236907,0.0034590800,-0.0012861875,0.1745444379,-0.0006097018,0.0014211860
558390.7700236340,9.7950065456,0.0025450990,-0.0038792719,0.1745661511,-0.0006097018,0.0013561005
558390.7800236340,9.7959011264,0.0034649843,-0.0060216024,0.1745770077,-0.0005554487,0.0013669481
558390.7900236340,9.7953099740,0.0045288523,-0.0031183538,0.1746095776,-0.0005554487,0.0014211860
558390.8000236340,9.7947210579,0.0034576906,-0.0009786305,0.1746204343,-0.0005880006,0.0013994909
558390.8100236340,9.7954781201,0.0020886997,-0.0023581898,0.1746530042,-0.0005880006,0.0013886433
558390.8200236340,9.7952934525,0.0037673287,-0.0055588587,0.1745987210,-0.0005662994,0.0013886433
558390.8300236340,9.7962118086,0.0048383522,-0.0046509243,0.1746312909,-0.0005771500,0.0013886433
558390.8400236340,9.7948681239,0.0036111206,-0.0015898685,0.1746204343,-0.0005554487,0.0013886433
558390.8500236340,9.7953347384,0.0022400458,-0.0011367733,0.1745770077,-0.0005880006,0.0013886433
558390.8600236340,9.7954544309,0.0028525147,-0.0049505069,0.1745661511,-0.0006097018,0.0013777957
558390.8700236341,9.7954454785,0.0048354341,-0.0051021098,0.1745770077,-0.0005445981,0.0013777957
558390.8800236339,9.7951646928,0.0039178416,-0.0025073250,0.1745770077,-0.0005880006,0.0014211860
558390.8900236340,9.7957929380,0.0020893947,-0.0011406492,0.1745227246,-0.0005771500,0.0013777957
558390.9000236340,9.7953177079,0.0025460024,-0.0031192606,0.1745878644,-0.0006097018,0.0013452529
558390.9100236340,9.7948316833,0.0048331413,-0.0055545642,0.1745661511,-0.0005662994,0.0013777957
558390.9200236340,9.7954588247,0.0042247015,-0.0037298010,0.1746095776,-0.0005662994,0.0014320336
558390.9300236340,9.7950260130,0.0022390036,-0.0015917651,0.1745878644,-0.0005880006,0.0013669481
558390.9400236340,9.7951712369,0.0022400455,-0.0025080923,0.1745661511,-0.0006097018,0.0013669481
558390.9500236340,9.7955974472,0.0052935707,-0.0049506596,0.1746095776,-0.0005880006,0.0013994909
558390.9600236340,9.7951500707,0.0039186748,-0.0043374421,0.1745335812,-0.0005554487,0.0013777957
558390.9700236340,9.7959394090,0.0023953516,-0.0017518175,0.1745770077,-0.0005771500,0.0013777957
558390.9800236340,9.7954818617,0.0030034446,-0.0014427127,0.1745227246,-0.0005880006,0.0013777957
558390.9900236340,9.7954563877,0.0042248403,-0.0040348206,0.1745118680,-0.0005771500,0.0013777957
558391.0000236341,9.7952995163,0.0034619971,-0.0049489592,0.1745335812,-0.0005662994,0.0013994909
558391.0100236339,9.7960798449,0.0033116244,-0.0028202360,0.1748809934,-0.0005662994,0.0014103385
558391.0200236340,9.7950230671,0.0033066226,-0.0014387670,0.1745878644,-0.0006097018,0.0013561005
558391.0300236340,9.7951596754,0.0023931974,-0.0038806104,0.1745987210,-0.0006097018,0.0013886433
558391.0400236340,9.7957504336,0.0036167471,-0.0057152444,0.1745878644,-0.0005662994,0.0013777957
558391.0500236340,9.7953135435,0.0036136908,-0.0031187723,0.1745227246,-0.0005771500,0.0013452529
558391.0600236340,9.7948716647,0.0023909747,-0.0017429363,0.1745770077,-0.0005771500,0.0014211860
558391.0700236340,9.7947064358,0.0034585239,-0.0028087476,0.1745987210,-0.0006097018,0.0013777957
558391.0800236340,9.7957535802,0.0046840188,-0.0047996976,0.1745770077,-0.0005771500,0.0013452529
558391.0900236340,9.7953067127,0.0022416429,-0.0046444977,0.1746312909,-0.0005771500,0.0014320336
558391.1000236340,9.7963915448,0.0025500321,-0.0023655930,0.1746530042,-0.0005445981,0.0013669481
558391.1100236340,9.7951695382,0.0036125794,-0.0020499353,0.1746747174,-0.0006314031,0.0013127101
558391.1200236341,9.7953092644,0.0034614416,-0.0037288811,0.1745770077,-0.0005771500,0.0014320336
558391.1300236339,9.7962129124,0.0036183451,-0.0051090116,0.1745878644,-0.0005771500,0.0014211860
558391.1400236340,9.7956239389,0.0019372147,-0.0032745869,0.1745661511,-0.0005445981,0.0013344053
558391.1500236340,9.7960871559,0.0033112078,-0.0019051774,0.1745770077,-0.0005880006,0.0013777957
558391.1600236340,9.7953015018,0.0051393071,-0.0038806235,0.1745661511,-0.0006314031,0.0013886433
558391.1700236340,9.7949986109,0.0023930581,-0.0049469100,0.1745227246,-0.0005662994,0.0013669481
558391.1800236340,9.7953206825,0.0017833678,-0.0031196094,0.1745118680,-0.0005662994,0.0013561005
558391.1900236340,9.7960817443,0.0040739813,-0.0022098482,0.1744792981,-0.0005662994,0.0013994909
558391.2000236340,9.7953051287,0.0048341144,-0.0035757435,0.1745335812,-0.0005771500,0.0013886433
558391.2100236340,9.7954544596,0.0031574991,-0.0047978576,0.1745444379,-0.0005771500,0.0013777957
558391.2200236340,9.7956196885,0.0020899499,-0.0037320464,0.1745770077,-0.0005554487,0.0013777957
558391.2300236340,9.7954752602,0.0040712719,-0.0017472440,0.1746095776,-0.0005880006,0.0013777957
558391.2400236340,9.7951597327,0.0030031661,-0.0035753119,0.1745878644,-0.0005554487,0.0013777957
558391.2500236341,9.7943897758,0.0033054408,-0.0043313775,0.1745770077,-0.0006205525,0.0013777957
558391.2600236339,9.7951567008,0.0031558319,-0.0038802616,0.1745010113,-0.0005554487,0.0013777957
558391.2700236340,9.7957790542,0.0034626231,-0.0022075897,0.1745444379,-0.0006097018,0.0013777957
558391.2800236340,9.7956155527,0.0034626227,-0.0035789088,0.1745661511,-0.0005662994,0.0013886433
558391.2900236340,9.7956155814,0.0037676071,-0.0034262595,0.1745444379,-0.0005662994,0.0013777957
558391.3000236340,9.7953074797,0.0039190224,-0.0037286718,0.1745335812,-0.0005880006,0.0013669481
558391.3100236340,9.7951681476,0.0017827425,-0.0031183406,0.1745227246,-0.0005554487,0.0013994909
558391.3200236340,9.7954673256,0.0039192310,-0.0028148820,0.1745335812,-0.0005771500,0.0013669481
558391.3300236340,9.7954575775,0.0039197865,-0.0040349601,0.1744250149,-0.0005771500,0.0013886433
558391.3400236340,9.7956100551,0.0033104430,-0.0043415274,0.1744792981,-0.0006097018,0.0013886433
558391.3500236340,9.7953165181,0.0028510562,-0.0031191211,0.1745010113,-0.0005662994,0.0013777957
558391.3600236350,9.7959290374,0.0022434496,-0.0031244751,0.1746638608,-0.0005880006,0.0013452529
558391.3700236350,9.7951579480,0.0034607469,-0.0035751026,0.1747507138,-0.0005771500,0.0014103385
558391.3800236350,9.7960592163,0.0042277581,-0.0049549541,0.1747072873,-0.0005662994,0.0013669481
558391.3900236350,9.7945446904,0.0026959584,-0.0043329252,0.1746095776,-0.0005880006,0.0013886433
558391.4000236350,9.7956264333,0.0025470446,-0.0026642688,0.1745227246,-0.0005445981,0.0013994909
558391.4100236350,9.7959297757,0.0036158447,-0.0023612985,0.1745010113,-0.0005880006,0.0013561005
558391.4200236350,9.7951470101,0.0037663562,-0.0047950411,0.1745335812,-0.0005771500,0.0013886433
558391.4300236350,9.7953056089,0.0034616499,-0.0041864104,0.1745444379,-0.0005771500,0.0013994909
558391.4400236350,9.7951638972,0.0019354777,-0.0035758002,0.1745661511,-0.0005662994,0.0013669481
558391.4500236351,9.7959328076,0.0034631789,-0.0020563487,0.1744901547,-0.0005662994,0.0013777957
558391.4600236350,9.7951592525,0.0043756306,-0.0029646450,0.1744792981,-0.0005880006,0.0013994909
558391.4700236350,9.7959150962,0.0030067092,-0.0044967141,0.1744792981,-0.0005771500,0.0013994909
558391.4800236350,9.7953140524,0.0025462107,-0.0035767899,0.1745118680,-0.0005662994,0.0013669481
558391.4900236350,9.7956222688,0.0036147330,-0.0026637805,0.1745661511,-0.0005771500,0.0013561005
558391.5000236350,9.7951634169,0.0033079422,-0.0029651333,0.1746095776,-0.0005771500,0.0013886433
558391.5100236350,9.7954569253,0.0034623446,-0.0043401889,0.1745878644,-0.0005771500,0.0013886433
558391.5200236350,9.7959180995,0.0025490590,-0.0043444136,0.1745878644,-0.0005662994,0.0013669481
558391.5300236350,9.7954678058,0.0025467665,-0.0034255489,0.1745987210,-0.0005771500,0.0013994909
558391.5400236350,9.7957741802,0.0034629008,-0.0028176288,0.1745661511,-0.0005554487,0.0013994909
558391.5500236350,9.7950090973,0.0037648977,-0.0029636553,0.1745770077,-0.0005880006,0.0013777957
558391.5600236350,9.7956099691,0.0023954898,-0.0047994752,0.1745444379,-0.0005771500,0.0013669481
558391.5700236351,9.7956136533,0.0027002659,-0.0041892966,0.1744901547,-0.0005554487,0.0013669481
558391.5800236349,9.7950108820,0.0033073169,-0.0029638646,0.1744792981,-0.0005771500,0.0013669481
558391.5900236350,9.7956234300,0.0030046948,-0.0028165693,0.1745010113,-0.0005554487,0.0013886433
558391.6000236350,9.7956156101,0.0040725915,-0.0032736103,0.1745227246,-0.0005771500,0.0013886433
558391.6100236350,9.7953026056,0.0039193001,-0.0043387109,0.1745661511,-0.0005771500,0.0013777957
558391.6200236350,9.7951584569,0.0023932668,-0.0040331202,0.1745661511,-0.0005771500,0.0013669481
558391.6300236350,9.7951646354,0.0033078728,-0.0028126236,0.1746095776,-0.0005771500,0.0013777957
558391.6400236350,9.7956234587,0.0033096792,-0.0026639200,0.1745770077,-0.0005771500,0.0013669481
558391.6500236350,9.7962238503,0.0033127358,-0.0038890730,0.1745770077,-0.0006097018,0.0013994909
558391.6600236350,9.7950004530,0.0025454462,-0.0046418207,0.1745878644,-0.0005554487,0.0013886433
558391.6700236350,9.7960707204,0.0034646374,-0.0038877345,0.1746204343,-0.0005771500,0.0013669481
558391.6800236350,9.7956211077,0.0042247712,-0.0025109917,0.1745987210,-0.0005771500,0.0013669481
558391.6900236350,9.7957723094,0.0030055284,-0.0032753673,0.1745661511,-0.0006097018,0.0013994909
558391.7000236351,9.7953049279,0.0026992237,-0.0046442884,0.1746204343,-0.0005554487,0.0013452529
558391.7100236350,9.7957644321,0.0034634563,-0.0040377068,0.1745770077,-0.0005880006,0.0013344053
558391.7200236350,9.7957753987,0.0034628314,-0.0026651190,0.1745444379,-0.0005554487,0.0014211860
558391.7300236350,9.7951658253,0.0030028190,-0.0028127631,0.1745878644,-0.0005880006,0.0014211860
558391.7400236350,9.7957643461,0.0025485031,-0.0044956546,0.1745878644,-0.0005662994,0.0013452529
558391.7500236350,9.7951518268,0.0031561097,-0.0044903007,0.1746095776,-0.0005771500,0.0013669481
558391.7600236350,9.7953111352,0.0039188140,-0.0032711425,0.1745878644,-0.0005662994,0.0014211860
558391.7700236350,9.7953184175,0.0036134130,-0.0025087333,0.1745878644,-0.0005662994,0.0013344053
558391.7800236350,9.7950040799,0.0022402535,-0.0043369407,0.1745770077,-0.0005880006,0.0013777957
558391.7900236350,9.7949939090,0.0042232423,-0.0046410534,0.1746312909,-0.0005771500,0.0013777957
558391.8000236350,9.7953093217,0.0040714104,-0.0034235826,0.1746095776,-0.0005771500,0.0013669481
558391.8100236350,9.7957746891,0.0023954207,-0.0032756463,0.1745770077,-0.0005662994,0.0013886433
558391.8200236351,9.7954660497,0.0033093317,-0.0032726903,0.1745878644,-0.0006205525,0.0013777957
558391.8300236349,9.7956088653,0.0036154968,-0.0043413878,0.1745444379,-0.0005880006,0.0013561005
558391.8400236350,9.7951578907,0.0028507781,-0.0038804011,0.1744575848,-0.0005771500,0.0013886433
558391.8500236350,9.7956215879,0.0028523067,-0.0031216586,0.1744792981,-0.0005771500,0.0013994909
558391.8600236350,9.7959242207,0.0028536962,-0.0034292156,0.1744901547,-0.0005771500,0.0013561005
558391.8700236350,9.7951518555,0.0034610941,-0.0043376514,0.1744901547,-0.0005662994,0.0013886433
558391.8800236350,9.7946954979,0.0037641332,-0.0040286861,0.1745335812,-0.0005771500,0.0013994909
558391.8900236350,9.7957657080,0.0040733557,-0.0035798985,0.1745661511,-0.0005771500,0.0013452529
558391.9000236350,9.7953085835,0.0026990153,-0.0041867591,0.1745987210,-0.0005554487,0.0013886433
558391.9100236350,9.7956185847,0.0033099569,-0.0032739590,0.1745770077,-0.0005771500,0.0013886433
558391.9200236350,9.7949975932,0.0045280184,-0.0040308748,0.1745878644,-0.0005662994,0.0013777957
558391.9300236350,9.7947008235,0.0020864066,-0.0041819632,0.1746095776,-0.0005662994,0.0013994909
558391.9400236350,9.7954598712,0.0023947257,-0.0044931869,0.1745878644,-0.0005554487,0.0013777957
558391.9500236351,9.7956149865,0.0039201340,-0.0034261898,0.1746312909,-0.0005662994,0.0013344053
558391.9600236350,9.7954624516,0.0039195088,-0.0034249210,0.1746204343,-0.0005771500,0.0013994909
558391.9700236350,9.7951536402,0.0030035133,-0.0043378607,0.1745661511,-0.0005880006,0.0013777957
558391.9800236350,9.7957637512,0.0027010300,-0.0044955849,0.1744901547,-0.0005662994,0.0013669481
558391.9900236350,9.7948528495,0.0031545119,-0.0037252144,0.1745010113,-0.0005554487,0.0013777957
558392.0000236350,9.7960756231,0.0037693441,-0.0031250462,0.1745118680,-0.0005771500,0.0013994909
558392.0100236350,9.7950084450,0.0033074558,-0.0032688841,0.1748375669,-0.0005771500,0.0013452529
558392.0200236350,9.7953061464,0.0026991542,-0.0044917787,0.1745878644,-0.0005880006,0.0013669481
558392.0300236350,9.7954611757,0.0033096094,-0.0038827293,0.1746312909,-0.0005554487,0.0013886433
558392.0400236350,9.7959242207,0.0028536962,-0.0034292156,0.1746204343,-0.0005662994,0.0013561005
558392.0500236350,9.7948522833,0.0036120233,-0.0035724954,0.1746095776,-0.0005880006,0.0013669481
558392.0600236350,9.7950047035,0.0023927109,-0.0041843612,0.1745335812,-0.0005771500,0.0013886433
558392.0700236351,9.7953067700,0.0028516117,-0.0043391992,0.1745770077,-0.0005771500,0.0013561005
558392.0800236349,9.7951585716,0.0036132044,-0.0034225231,0.1746095776,-0.0005445981,0.0013669481
558392.0900236350,9.7962268535,0.0028550856,-0.0037367725,0.1745878644,-0.0005771500,0.0013886433
558392.1000236350,9.7945453713,0.0034583847,-0.0038750472,0.1745770077,-0.0005880006,0.0013669481
558392.1100236350,9.7956081557,0.0025480862,-0.0049519152,0.1745661511,-0.0005554487,0.0013669481
558392.1200236350,9.7950035136,0.0026977648,-0.0041842217,0.1745227246,-0.0005771500,0.0013994909
558392.1300236350,9.7953141384,0.0034611639,-0.0031188421,0.1745335812,-0.0005445981,0.0013777957
558392.1400236350,9.7954660211,0.0030043473,-0.0034253396,0.1744901547,-0.0006097018,0.0013669481
558392.1500236350,9.7940924973,0.0019313091,-0.0040244483,0.1745661511,-0.0005880006,0.0013777957
558392.1600236350,9.7957602103,0.0039211759,-0.0043425171,0.1745444379,-0.0005771500,0.0013344053
558392.1700236350,9.7943916179,0.0034578288,-0.0040262882,0.1745444379,-0.0005554487,0.0013777957
558392.1800236350,9.7951651443,0.0022403927,-0.0032706411,0.1745444379,-0.0005662994,0.0014320336
558392.1900236350,9.7951542351,0.0028509864,-0.0043379304,0.1745878644,-0.0005880006,0.0013452529
558392.2000236351,9.7946990674,0.0028489717,-0.0040291047,0.1745987210,-0.0005662994,0.0013669481
558392.2100236350,9.7956082417,0.0034630394,-0.0044939674,0.1745770077,-0.0005662994,0.0013886433
558392.2200236350,9.7951639545,0.0025454465,-0.0032705016,0.1746530042,-0.0005880006,0.0013669481
558392.2300236350,9.7954557068,0.0034624141,-0.0044926986,0.1746095776,-0.0005662994,0.0013561005
558392.2400236350,9.7951573244,0.0033082894,-0.0037276821,0.1745878644,-0.0005880006,0.0013777957
558392.2500236350,9.7950052984,0.0022401840,-0.0041844309,0.1745118680,-0.0005771500,0.0013669481
558392.2600236350,9.7956112736,0.0033103736,-0.0041890176,0.1745661511,-0.0005662994,0.0013669481
558392.2700236350,9.7947003719,0.0037638555,-0.0034186471,0.1745661511,-0.0005771500,0.0013886433
558392.2800236350,9.7957619378,0.0028536264,-0.0046480249,0.1745444379,-0.0005662994,0.0013669481
558392.2900236350,9.7946972253,0.0026965837,-0.0043341940,0.1745118680,-0.0005662994,0.0013561005
558392.3000236350,9.7953152709,0.0025461412,-0.0034242801,0.1745227246,-0.0005662994,0.0013777957
558392.3100236350,9.7957651704,0.0048358514,-0.0032745302,0.1745010113,-0.0005771500,0.0013777957
558392.3200236351,9.7953073650,0.0026990848,-0.0043392689,0.1745118680,-0.0005771500,0.0013669481
558392.3300236349,9.7951560486,0.0026983901,-0.0041854904,0.1745118680,-0.0005771500,0.0013994909
558392.3400236350,9.7951597327,0.0030031661,-0.0035753119,0.1745987210,-0.0005662994,0.0013561005
558392.3500236350,9.7960719103,0.0031595836,-0.0038878740,0.1746204343,-0.0005554487,0.0013777957
558392.3600236350,9.7959102509,0.0033119713,-0.0049541039,0.1746095776,-0.0005771500,0.0013777957
558392.3700236350,9.7945453427,0.0031534003,-0.0040276964,0.1746204343,-0.0005662994,0.0013561005
558392.3800236350,9.7948589707,0.0034591491,-0.0028100163,0.1746095776,-0.0005771500,0.0013669481
558392.3900236350,9.7950072265,0.0033075253,-0.0034213939,0.1745987210,-0.0005771500,0.0013886433
558392.4000236350,9.7954484244,0.0037678151,-0.0052551079,0.1746095776,-0.0005554487,0.0013452529
558392.4100236350,9.7951566435,0.0025458631,-0.0041855602,0.1745770077,-0.0005771500,0.0013777957
558392.4200236350,9.7951640119,0.0031554153,-0.0029652031,0.1745444379,-0.0005771500,0.0013669481
558392.4300236360,9.7950035710,0.0033077336,-0.0038789231,0.1745335812,-0.0005771500,0.0013452529
558392.4400236360,9.7957607192,0.0028536958,-0.0048005346,0.1745227246,-0.0005662994,0.0013669481
558392.4500236360,9.7954539220,0.0039199948,-0.0044924894,0.1745118680,-0.0005771500,0.0013886433
558392.4600236360,9.7947045364,0.0026961670,-0.0034191354,0.1744792981,-0.0005771500,0.0013452529
558392.4700236360,9.7951633883,0.0030029578,-0.0031177826,0.1745010113,-0.0005880006,0.0013669481
558392.4800236360,9.7953062325,0.0036141074,-0.0040338309,0.1745661511,-0.0005771500,0.0013669481
558392.4900236360,9.7954526462,0.0033100955,-0.0049502977,0.1745878644,-0.0005554487,0.0013452529
558392.5000236360,9.7951596754,0.0023931974,-0.0038806104,0.1745770077,-0.0005880006,0.0013777957
558392.5100236360,9.7951591952,0.0037656619,-0.0032699436,0.1745878644,-0.0005662994,0.0013669481
558392.5200236361,9.7954587961,0.0039197171,-0.0038824503,0.1745987210,-0.0005880006,0.0013669481
558392.5300236359,9.7953091497,0.0022415040,-0.0043394782,0.1745987210,-0.0005771500,0.0013994909
558392.5400236360,9.7956130297,0.0025478084,-0.0043418761,0.1745878644,-0.0005445981,0.0013669481
558392.5500236360,9.7953081606,0.0046814486,-0.0032707938,0.1745335812,-0.0005880006,0.0013344053
558392.5600236360,9.7950053557,0.0028501528,-0.0038791324,0.1745661511,-0.0005771500,0.0013886433
558392.5700236360,9.7957595581,0.0034637341,-0.0046477459,0.1745227246,-0.0005771500,0.0013994909
558392.5800236360,9.7953054942,0.0022417123,-0.0047970074,0.1745010113,-0.0005662994,0.0013344053
558392.5900236360,9.7951548587,0.0030034439,-0.0041853509,0.1745335812,-0.0005554487,0.0013994909
558392.6000236360,9.7953154143,0.0040710632,-0.0026610338,0.1745661511,-0.0006097018,0.0013777957
558392.6100236360,9.7954593049,0.0028522370,-0.0043404679,0.1745661511,-0.0005662994,0.0013344053
558392.6200236360,9.7956063422,0.0027006825,-0.0051043552,0.1745987210,-0.0005662994,0.0013886433
558392.6300236360,9.7957686539,0.0030057367,-0.0037328966,0.1746095776,-0.0005662994,0.0013669481
558392.6400236360,9.7951573531,0.0036132738,-0.0035750328,0.1745661511,-0.0005771500,0.0013452529
558392.6500236359,9.7951597327,0.0030031661,-0.0035753119,0.1745770077,-0.0005771500,0.0013777957
558392.6600236360,9.7951548300,0.0026984595,-0.0043380002,0.1745444379,-0.0005771500,0.0013886433
558392.6700236360,9.7954593049,0.0028522370,-0.0043404679,0.1745227246,-0.0005771500,0.0013561005
558392.6800236360,9.7957680303,0.0028532792,-0.0038854761,0.1745227246,-0.0005662994,0.0013669481
558392.6900236360,9.7954587674,0.0036147327,-0.0040350996,0.1744792981,-0.0006097018,0.0013669481
558392.7000236360,9.7951590231,0.0019357555,-0.0041858392,0.1745010113,-0.0005662994,0.0013777957
558392.7100236360,9.7960736377,0.0020920341,-0.0041933819,0.1745010113,-0.0005662994,0.0013669481
558392.7200236360,9.7957602103,0.0039211759,-0.0043425171,0.1745661511,-0.0005554487,0.0013777957
558392.7300236360,9.7960628432,0.0039225654,-0.0046500741,0.1745661511,-0.0005771500,0.0013669481
558392.7400236360,9.7951572671,0.0026983206,-0.0040329807,0.1745987210,-0.0006097018,0.0013452529
558392.7500236360,9.7956191222,0.0025474612,-0.0035793273,0.1746204343,-0.0005554487,0.0013669481
558392.7600236360,9.7951531026,0.0037660090,-0.0040324924,0.1746530042,-0.0005771500,0.0013561005
558392.7700236361,9.7948473519,0.0030023322,-0.0044878329,0.1746638608,-0.0005771500,0.0013777957
558392.7800236359,9.7956069658,0.0028531400,-0.0049517757,0.1745878644,-0.0005771500,0.0013777957
558392.7900236360,9.7951591092,0.0028507087,-0.0037278914,0.1745878644,-0.0005662994,0.0013669481
558392.8000236360,9.7962292619,0.0025499623,-0.0035844023,0.1745661511,-0.0005771500,0.0013669481
558392.8100236360,9.7956100264,0.0030054586,-0.0044941766,0.1745444379,-0.0005771500,0.0013777957
558392.8200236360,9.7955985223,0.0037685793,-0.0055613962,0.1745878644,-0.0005662994,0.0013452529
558392.8300236360,9.7947033465,0.0030012209,-0.0034189959,0.1745227246,-0.0005771500,0.0013669481
558392.8400236360,9.7950119858,0.0020873099,-0.0034219519,0.1745010113,-0.0005771500,0.0013886433
558392.8500236360,9.7956154667,0.0025476695,-0.0040368566,0.1745661511,-0.0005771500,0.0013561005
558392.8600236360,9.7946905665,0.0031544422,-0.0049440237,0.1745118680,-0.0005771500,0.0013669481
558392.8700236360,9.7957607766,0.0034636646,-0.0044952361,0.1745987210,-0.0005771500,0.0013777957
558392.8800236360,9.7950041086,0.0025452379,-0.0041842914,0.1746312909,-0.0005771500,0.0013561005
558392.8900236360,9.7956117538,0.0019379091,-0.0047996844,0.1746204343,-0.0005554487,0.0013561005
558392.9000236359,9.7954580578,0.0025473220,-0.0046456269,0.1746204343,-0.0005662994,0.0013669481
558392.9100236360,9.7957596154,0.0040737029,-0.0043424473,0.1746204343,-0.0005771500,0.0013452529
558392.9200236360,9.7949999441,0.0036129263,-0.0041838031,0.1745770077,-0.0005880006,0.0013777957
558392.9300236360,9.7953212774,0.0016308409,-0.0031196791,0.1745118680,-0.0005554487,0.0013886433
558392.9400236360,9.7959186944,0.0023965320,-0.0043444834,0.1745227246,-0.0005771500,0.0013452529
558392.9500236360,9.7951384806,0.0037668423,-0.0058626095,0.1745227246,-0.0005771500,0.0013561005
558392.9600236360,9.7951469814,0.0034613718,-0.0049476904,0.1745444379,-0.0005662994,0.0013886433
558392.9700236360,9.7957759362,0.0027003357,-0.0029704873,0.1745335812,-0.0005771500,0.0013669481
558392.9800236360,9.7957746030,0.0014804675,-0.0037335941,0.1745227246,-0.0005662994,0.0013561005
558392.9900236360,9.7951438922,0.0030040688,-0.0055579387,0.1745878644,-0.0005771500,0.0013669481
558393.0000236360,9.7948370949,0.0040703678,-0.0052498934,0.1745444379,-0.0005771500,0.0013561005
558393.0100236360,9.7954623656,0.0030045556,-0.0038828689,0.1748701367,-0.0005554487,0.0013777957
558393.0200236361,9.7956239963,0.0025471835,-0.0029692883,0.1745661511,-0.0006097018,0.0013669481
558393.0300236359,9.7959162861,0.0027016553,-0.0044968536,0.1745878644,-0.0005771500,0.0013561005
558393.0400236360,9.7952976456,0.0030046247,-0.0054066977,0.1746204343,-0.0005662994,0.0013777957
558393.0500236360,9.7951548300,0.0026984595,-0.0043380002,0.1745987210,-0.0005662994,0.0013669481
558393.0600236360,9.7954719702,0.0014790781,-0.0034260371,0.1745878644,-0.0005771500,0.0013777957
558393.0700236360,9.7950035423,0.0030027492,-0.0040315724,0.1746095776,-0.0005662994,0.0013777957
558393.0800236360,9.7953067414,0.0025466273,-0.0044918484,0.1745444379,-0.0005662994,0.0013561005
558393.0900236360,9.7957637225,0.0023960456,-0.0046482341,0.1746204343,-0.0005771500,0.0013561005
558393.1000236360,9.7949956364,0.0031556927,-0.0049465612,0.1745661511,-0.0005662994,0.0013561005
558393.1100236360,9.7951578907,0.0028507781,-0.0038804011,0.1745770077,-0.0005662994,0.0013777957
558393.1200236360,9.7962238216,0.0030077514,-0.0040417223,0.1745770077,-0.0005662994,0.0013777957
558393.1300236360,9.7951530166,0.0028510559,-0.0044904402,0.1745770077,-0.0005880006,0.0013561005
558393.1400236360,9.7948479181,0.0025448209,-0.0046405520,0.1745335812,-0.0005771500,0.0013669481
558393.1500236359,9.7954617706,0.0031570825,-0.0038827991,0.1745010113,-0.0005662994,0.0013452529
558393.1600236360,9.7957685965,0.0023957679,-0.0040381951,0.1745227246,-0.0005662994,0.0013669481
558393.1700236360,9.7957632136,0.0034635258,-0.0041902166,0.1745335812,-0.0005771500,0.0013886433
558393.1800236360,9.7956070232,0.0034631088,-0.0046464771,0.1745118680,-0.0005771500,0.0013452529
558393.1900236360,9.7945446617,0.0023909740,-0.0044855745,0.1745227246,-0.0005771500,0.0013669481
558393.2000236360,9.7953073936,0.0030040692,-0.0041866196,0.1745878644,-0.0005771500,0.0013669481
558393.2100236360,9.7954588247,0.0042247015,-0.0037298010,0.1746530042,-0.0005880006,0.0013344053
558393.2200236360,9.7953085835,0.0026990153,-0.0041867591,0.1746312909,-0.0005880006,0.0013886433
558393.2300236360,9.7951554536,0.0028509170,-0.0041854207,0.1746095776,-0.0005771500,0.0013669481
558393.2400236360,9.7946911328,0.0026969309,-0.0050967427,0.1746095776,-0.0005771500,0.0013344053
558393.2500236360,9.7957656219,0.0031584025,-0.0040378463,0.1745987210,-0.0005662994,0.0013777957
558393.2600236360,9.7960683121,0.0037697607,-0.0040401048,0.1745987210,-0.0005880006,0.0013886433
558393.2700236361,9.7951529593,0.0022410871,-0.0047957387,0.1745661511,-0.0005880006,0.0013127101
558393.2800236359,9.7940815594,0.0022369184,-0.0052443868,0.1745661511,-0.0005880006,0.0013561005
558393.2900236360,9.7954563304,0.0036148716,-0.0043401191,0.1745444379,-0.0005662994,0.0013777957
558393.3000236360,9.7960646852,0.0040749534,-0.0043449848,0.1745227246,-0.0005554487,0.0013452529
558393.3100236360,9.7953158085,0.0017836455,-0.0037296484,0.1745227246,-0.0005771500,0.0013669481
558393.3200236360,9.7946960068,0.0026966531,-0.0044867037,0.1745335812,-0.0005771500,0.0013561005
558393.3300236360,9.7948521686,0.0023920857,-0.0041830924,0.1745227246,-0.0005771500,0.0013344053
558393.3400236360,9.7953049279,0.0026992237,-0.0046442884,0.1745444379,-0.0005662994,0.0013777957
558393.3500236360,9.7953110491,0.0030038609,-0.0037290904,0.1745227246,-0.0005554487,0.0013452529
558393.3600236360,9.7951482286,0.0037662868,-0.0046425314,0.1745335812,-0.0006097018,0.0013452529
558393.3700236360,9.7948479181,0.0025448209,-0.0046405520,0.1744901547,-0.0005771500,0.0013777957
558393.3800236360,9.7953054942,0.0022417123,-0.0047970074,0.1745335812,-0.0005554487,0.0013777957
558393.3900236360,9.7956222115,0.0030047642,-0.0029690790,0.1745335812,-0.0005771500,0.0013452529
558393.4000236359,9.7959181569,0.0031590278,-0.0040391151,0.1745444379,-0.0005771500,0.0013669481
558393.4100236360,9.7956015256,0.0033109291,-0.0054090957,0.1747832837,-0.0005988512,0.0013669481
558393.4200236360,9.7950052124,0.0013252308,-0.0046423788,0.1747615704,-0.0005554487,0.0013452529
558393.4300236360,9.7954653688,0.0025469054,-0.0037305684,0.1746964307,-0.0005554487,0.0013561005
558393.4400236360,9.7960665847,0.0048373102,-0.0037345970,0.1745118680,-0.0005445981,0.0013561005
558393.4500236360,9.7945355946,0.0031539558,-0.0052477745,0.1745444379,-0.0005771500,0.0013669481
558393.4600236360,9.7950015855,0.0016304236,-0.0049472588,0.1745661511,-0.0005880006,0.0013777957
558393.4700236360,9.7953164321,0.0019361030,-0.0035770689,0.1745878644,-0.0005445981,0.0013344053
558393.4800236360,9.7956155814,0.0037676071,-0.0034262595,0.1746204343,-0.0005662994,0.0013452529
558393.4900236360,9.7954490480,0.0039202726,-0.0051025284,0.1746095776,-0.0005880006,0.0013777957
558393.5000236370,9.7950003670,0.0016304930,-0.0050997685,0.1746095776,-0.0005662994,0.0013669481
558393.5100236370,9.7947068300,0.0011711062,-0.0038773622,0.1745444379,-0.0005662994,0.0013452529
558393.5200236370,9.7953026056,0.0039193001,-0.0043387109,0.1745987210,-0.0005662994,0.0013452529
558393.5300236370,9.7953002546,0.0048343922,-0.0041857826,0.1745227246,-0.0005662994,0.0013777957
558393.5400236370,9.7953030285,0.0019368668,-0.0052546762,0.1745661511,-0.0005662994,0.0013669481
558393.5500236370,9.7945500160,0.0010182317,-0.0044862023,0.1746095776,-0.0005771500,0.0013127101
558393.5600236370,9.7954538647,0.0033100260,-0.0047977879,0.1745770077,-0.0005554487,0.0013452529
558393.5700236370,9.7956065143,0.0045305889,-0.0041884595,0.1745987210,-0.0005771500,0.0013886433
558393.5800236370,9.7953109631,0.0020889077,-0.0041870382,0.1745227246,-0.0005771500,0.0013777957
558393.5900236371,9.7951570663,0.0005634298,-0.0051015255,0.1745227246,-0.0005771500,0.0013452529
558393.6000236369,9.7946942221,0.0031542339,-0.0044864944,0.1745770077,-0.0005554487,0.0013452529
558393.6100236370,9.7956058907,0.0043781314,-0.0043410391,0.1745987210,-0.0005662994,0.0013561005
558393.6200236370,9.7959144727,0.0028542517,-0.0046492936,0.1746204343,-0.0005771500,0.0013669481
558393.6300236370,9.7951572384,0.0023933362,-0.0041856299,0.1746638608,-0.0005662994,0.0013344053
558393.6400236370,9.7940858385,0.0023891676,-0.0046342780,0.1745878644,-0.0006097018,0.0013561005
558393.6500236370,9.7956063709,0.0030056669,-0.0049517059,0.1745770077,-0.0005554487,0.0013669481
558393.6600236370,9.7959090324,0.0033120407,-0.0051066136,0.1745335812,-0.0005771500,0.0013561005
558393.6700236370,9.7951609226,0.0026981123,-0.0035754514,0.1745335812,-0.0005771500,0.0013561005
558393.6800236370,9.7951530453,0.0031560402,-0.0043377909,0.1745227246,-0.0005771500,0.0013561005
558393.6900236370,9.7951517694,0.0025461409,-0.0047955992,0.1745010113,-0.0005771500,0.0013561005
558393.7000236370,9.7957624466,0.0017861463,-0.0051060424,0.1745118680,-0.0005445981,0.0013669481
558393.7100236370,9.7956130010,0.0022428240,-0.0044945254,0.1744901547,-0.0005771500,0.0013669481
558393.7200236371,9.7956136820,0.0030052503,-0.0040366474,0.1745335812,-0.0005880006,0.0013452529
558393.7300236369,9.7950022951,0.0026978342,-0.0043367314,0.1745444379,-0.0005662994,0.0013561005
558393.7400236370,9.7954622795,0.0020896024,-0.0043408167,0.1746638608,-0.0005880006,0.0013561005
558393.7500236370,9.7956057473,0.0028532094,-0.0051042854,0.1747181439,-0.0005337475,0.0013452529
558393.7600236370,9.7957595581,0.0034637341,-0.0046477459,0.1746855740,-0.0005771500,0.0013561005
558393.7700236370,9.7948461334,0.0030024017,-0.0046403427,0.1745987210,-0.0005880006,0.0013669481
558393.7800236370,9.7950065742,0.0028500834,-0.0037266226,0.1745118680,-0.0005771500,0.0013561005
558393.7900236370,9.7956027441,0.0033108596,-0.0052565859,0.1745118680,-0.0005771500,0.0013452529
558393.8000236370,9.7959078139,0.0033121102,-0.0052591234,0.1744792981,-0.0005662994,0.0013777957
558393.8100236370,9.7948558528,0.0026968618,-0.0035729139,0.1745335812,-0.0005880006,0.0013127101
558393.8200236370,9.7951608366,0.0017831591,-0.0040333992,0.1745335812,-0.0005771500,0.0013669481
558393.8300236370,9.7957564975,0.0033114155,-0.0051053449,0.1745770077,-0.0005662994,0.0013669481
558393.8400236371,9.7959102222,0.0030069869,-0.0051067531,0.1745444379,-0.0005662994,0.0013561005
558393.8500236369,9.7956057760,0.0031581938,-0.0049516361,0.1745335812,-0.0005662994,0.0013561005
558393.8600236370,9.7950028901,0.0025453073,-0.0043368012,0.1745335812,-0.0005880006,0.0013561005
558393.8700236370,9.7948521686,0.0023920857,-0.0041830924,0.1745661511,-0.0005771500,0.0013344053
558393.8800236370,9.7957637512,0.0027010300,-0.0044955849,0.1745987210,-0.0005662994,0.0013344053
558393.8900236370,9.7954513990,0.0030051805,-0.0052554567,0.1746204343,-0.0005880006,0.0013669481
558393.9000236370,9.7956082130,0.0031580550,-0.0046466166,0.1746095776,-0.0005771500,0.0013344053
558393.9100236370,9.7948521399,0.0020871013,-0.0043357417,0.1745770077,-0.0005662994,0.0013669481
558393.9200236370,9.7948544909,0.0011720092,-0.0044886700,0.1745227246,-0.0005771500,0.0013777957
558393.9300236370,9.7966727821,0.0017901757,-0.0057236939,0.1745227246,-0.0005662994,0.0013127101
558393.9400236370,9.7951397564,0.0043767417,-0.0054048012,0.1745444379,-0.0005880006,0.0013344053
558393.9500236370,9.7950120432,0.0026972787,-0.0031166534,0.1745118680,-0.0005771500,0.0013994909
558393.9600236370,9.7963774890,0.0020933540,-0.0043484291,0.1745770077,-0.0005880006,0.0013561005
558393.9700236371,9.7942351694,0.0007125523,-0.0058563922,0.1745770077,-0.0005771500,0.0013127101
558393.9800236369,9.7966703451,0.0017903146,-0.0060287134,0.1745335812,-0.0005554487,0.0013777957
558393.9900236370,9.7962022612,0.0069737984,-0.0048024574,0.1745335812,-0.0005662994,0.0013018625
558394.0000236370,9.7948648339,0.0010189268,-0.0032686617,0.1745444379,-0.0006097018,0.0013777957
558394.0100236370,9.7951680042,0.0002578205,-0.0038815870,0.1748809934,-0.0005771500,0.0013777957
558394.0200236370,9.7957503763,0.0030067783,-0.0060205429,0.1745770077,-0.0005880006,0.0012801673
558394.0300236370,9.7961953157,0.0043818130,-0.0069387799,0.1745770077,-0.0005662994,0.0013561005
558394.0400236370,9.7956155241,0.0031576383,-0.0037315581,0.1745118680,-0.0005662994,0.0014320336
558394.0500236370,9.7956329773,0.0008692485,-0.0026650361,0.1744901547,-0.0005880006,0.0012910149
558394.0600236370,9.7957660448,0.0011759692,-0.0049538117,0.1745227246,-0.0005771500,0.0013344053
558394.0700236370,9.7954314513,0.0046837404,-0.0069322967,0.1745444379,-0.0005662994,0.0013886433
558394.0800236370,9.7959182142,0.0037689966,-0.0037338165,0.1745661511,-0.0005771500,0.0013344053
558394.0900236371,9.7951850060,-0.0003531204,-0.0020517489,0.1745878644,-0.0005880006,0.0013561005
558394.1000236369,9.7956105353,0.0019379785,-0.0049521942,0.1745335812,-0.0006097018,0.0013452529
558394.1100236370,9.7954320462,0.0045312135,-0.0069323665,0.1745444379,-0.0005554487,0.0013127101
558394.1200236370,9.7956087793,0.0027005436,-0.0047993357,0.1745878644,-0.0005771500,0.0014211860
558394.1300236370,9.7950204294,0.0011718707,-0.0028123314,0.1745770077,-0.0005771500,0.0013669481
558394.1400236370,9.7954683147,0.0014792864,-0.0038835664,0.1746095776,-0.0005880006,0.0013018625
558394.1500236370,9.7948346293,0.0037655223,-0.0057075622,0.1745227246,-0.0005771500,0.0013669481
558394.1600236370,9.7952940474,0.0036148018,-0.0055589284,0.1745444379,-0.0005445981,0.0013994909
558394.1700236370,9.7953158085,0.0017836455,-0.0037296484,0.1745661511,-0.0006097018,0.0013018625
558394.1800236370,9.7954676625,0.0010218445,-0.0041887952,0.1746095776,-0.0005771500,0.0013452529
558394.1900236370,9.7952953233,0.0042247011,-0.0051011201,0.1746095776,-0.0005771500,0.0013777957
558394.2000236370,9.7957540605,0.0033115543,-0.0054103644,0.1745987210,-0.0005662994,0.0013561005
558394.2100236370,9.7956189215,0.0004125704,-0.0046478722,0.1746204343,-0.0005771500,0.0013452529
558394.2200236371,9.7954646879,0.0017844791,-0.0041884464,0.1745878644,-0.0006097018,0.0013344053
558394.2300236369,9.7946919284,0.0046792947,-0.0040282676,0.1746095776,-0.0005771500,0.0013452529
558394.2400236370,9.7951402080,0.0026992928,-0.0061681173,0.1745770077,-0.0005771500,0.0013777957
558394.2500236370,9.7956141048,0.0010228170,-0.0049526127,0.1745118680,-0.0005662994,0.0013886433
558394.2600236370,9.7956166565,0.0022426157,-0.0040369961,0.1745444379,-0.0005662994,0.0012910149
558394.2700236370,9.7946924373,0.0036118146,-0.0044862852,0.1745661511,-0.0006205525,0.0013561005
558394.2800236370,9.7948388510,0.0033078027,-0.0054027520,0.1745770077,-0.0005662994,0.0013777957
558394.2900236370,9.7959155478,0.0013292603,-0.0052600302,0.1746095776,-0.0005771500,0.0013452529
558394.3000236370,9.7954676911,0.0013268289,-0.0040361459,0.1746638608,-0.0005880006,0.0013344053
558394.3100236370,9.7954575202,0.0033098177,-0.0043402586,0.1746095776,-0.0005880006,0.0013561005
558394.3200236370,9.7951410323,0.0049866410,-0.0049469929,0.1745010113,-0.0005880006,0.0013561005
558394.3300236370,9.7956152947,0.0007177632,-0.0049527522,0.1745118680,-0.0005445981,0.0013777957
558394.3400236371,9.7956118112,0.0025478779,-0.0044943859,0.1745227246,-0.0005662994,0.0013344053
558394.3500236369,9.7951681763,0.0020877269,-0.0029656914,0.1745118680,-0.0006097018,0.0013127101
558394.3600236370,9.7948333821,0.0034606073,-0.0060127213,0.1745227246,-0.0005771500,0.0013452529
558394.3700236370,9.7952982405,0.0028520978,-0.0054067675,0.1745444379,-0.0005662994,0.0013777957
558394.3800236370,9.7957745457,0.0008704987,-0.0040388927,0.1745878644,-0.0005554487,0.0013561005
558394.3900236370,9.7963762705,0.0020934235,-0.0045009389,0.1747507138,-0.0005880006,0.0013344053
558394.4000236370,9.7948461621,0.0033073861,-0.0044876934,0.1747072873,-0.0005771500,0.0013127101
558394.4100236370,9.7954512843,0.0017852429,-0.0058660538,0.1746095776,-0.0005880006,0.0013886433
558394.4200236370,9.7948339483,0.0030030960,-0.0061654403,0.1745661511,-0.0005662994,0.0013344053
558394.4300236370,9.7950137419,0.0013247448,-0.0035748104,0.1745227246,-0.0005662994,0.0013561005
558394.4400236370,9.7950035710,0.0033077336,-0.0038789231,0.1745010113,-0.0006205525,0.0013561005
558394.4500236370,9.7959107024,0.0016345224,-0.0057174200,0.1745227246,-0.0005554487,0.0013561005
558394.4600236370,9.7956020058,0.0019384646,-0.0060197625,0.1745010113,-0.0005554487,0.0013344053
558394.4700236371,9.7959217550,0.0025488507,-0.0038868843,0.1745987210,-0.0005771500,0.0013452529
558394.4800236369,9.7959170530,0.0043790348,-0.0035810277,0.1746095776,-0.0005880006,0.0013452529
558394.4900236370,9.7945410062,0.0023911823,-0.0049431038,0.1745770077,-0.0006097018,0.0013561005
558394.5000236370,9.7949881246,0.0010212186,-0.0069301646,0.1745444379,-0.0005445981,0.0013452529
558394.5100236370,9.7957776636,0.0016327861,-0.0032759951,0.1745770077,-0.0005662994,0.0013452529
558394.5200236370,9.7959145874,0.0040741893,-0.0040386965,0.1745335812,-0.0005880006,0.0013561005
558394.5300236370,9.7957589058,0.0030062922,-0.0049529746,0.1745118680,-0.0005880006,0.0013561005
558394.5400236370,9.7948441479,0.0013250916,-0.0057086783,0.1745878644,-0.0005880006,0.0013344053
558394.5500236370,9.7959143580,0.0016343141,-0.0052598907,0.1745878644,-0.0005554487,0.0013344053
558394.5600236370,9.7953123537,0.0039187446,-0.0031186328,0.1745878644,-0.0005554487,0.0013452529
558394.5700236370,9.7954659064,0.0017844097,-0.0040359367,0.1746095776,-0.0005880006,0.0013777957
558394.5800236380,9.7951504936,0.0019362415,-0.0052534075,0.1745987210,-0.0005880006,0.0013344053
558394.5900236380,9.7948406071,0.0025452375,-0.0055556105,0.1745444379,-0.0005554487,0.0012910149
558394.6000236380,9.7956167139,0.0028525845,-0.0037316976,0.1745444379,-0.0005662994,0.0013777957
558394.6100236380,9.7957668691,0.0034633174,-0.0037326873,0.1745227246,-0.0005880006,0.0013669481
558394.6200236380,9.7951456196,0.0019365193,-0.0058634465,0.1745335812,-0.0005662994,0.0013018625
558394.6300236380,9.7942327038,0.0004077068,-0.0063140609,0.1745227246,-0.0005662994,0.0013561005
558394.6400236380,9.7960639756,0.0030075427,-0.0049555121,0.1745118680,-0.0005771500,0.0013452529
558394.6500236380,9.7963818541,0.0031605564,-0.0032803725,0.1745118680,-0.0005662994,0.0013344053
558394.6600236380,9.7956104780,0.0013280097,-0.0052574927,0.1745661511,-0.0006097018,0.0013777957
558394.6700236381,9.7948338910,0.0023931272,-0.0064707388,0.1745444379,-0.0005771500,0.0013018625
558394.6800236379,9.7949967975,0.0025456545,-0.0050993500,0.1745010113,-0.0005880006,0.0013018625
558394.6900236380,9.7962280434,0.0025500318,-0.0037369121,0.1745118680,-0.0005662994,0.0013886433
558394.7000236380,9.7951554823,0.0031559014,-0.0040327714,0.1745770077,-0.0005771500,0.0013452529
558394.7100236380,9.7951509738,0.0005637770,-0.0058640743,0.1745878644,-0.0006097018,0.0013344053
558394.7200236380,9.7943774474,0.0017812132,-0.0066197214,0.1745987210,-0.0005771500,0.0013561005
558394.7300236380,9.7962123461,0.0040758564,-0.0049562926,0.1746204343,-0.0005554487,0.0013127101
558394.7400236380,9.7953159232,0.0030035831,-0.0031190513,0.1746095776,-0.0005554487,0.0013669481
558394.7500236380,9.7950082443,0.0011725651,-0.0043374290,0.1745987210,-0.0006205525,0.0013886433
558394.7600236380,9.7949905903,0.0013260641,-0.0064724959,0.1746204343,-0.0005771500,0.0013018625
558394.7700236380,9.7945282549,0.0028493880,-0.0063154823,0.1745661511,-0.0005771500,0.0013344053
558394.7800236380,9.7954606095,0.0037671207,-0.0037300103,0.1745444379,-0.0005771500,0.0013777957
558394.7900236381,9.7951627934,0.0031554847,-0.0031177128,0.1745335812,-0.0005771500,0.0013777957
558394.8000236379,9.7953040750,0.0001068910,-0.0060180621,0.1745444379,-0.0006205525,0.0013018625
558394.8100236380,9.7945318531,0.0022392109,-0.0061632516,0.1745878644,-0.0005662994,0.0013452529
558394.8200236380,9.7951499847,0.0030037216,-0.0047953899,0.1745444379,-0.0005554487,0.0013561005
558394.8300236380,9.7960724765,0.0027020723,-0.0040405931,0.1745770077,-0.0005662994,0.0013561005
558394.8400236380,9.7956069085,0.0022431712,-0.0052570742,0.1745878644,-0.0005880006,0.0013561005
558394.8500236380,9.7949894291,0.0019361023,-0.0063197071,0.1745878644,-0.0005662994,0.0013452529
558394.8600236380,9.7957582536,0.0025488503,-0.0052582034,0.1745987210,-0.0005771500,0.0013344053
558394.8700236380,9.7959235685,0.0023962543,-0.0037344443,0.1745770077,-0.0005662994,0.0013561005
558394.8800236380,9.7946996910,0.0030014292,-0.0038765252,0.1745335812,-0.0005880006,0.0013452529
558394.8900236380,9.7951438348,0.0023941000,-0.0058632373,0.1744901547,-0.0005880006,0.0013452529
558394.9000236380,9.7953065406,0.0004117365,-0.0055603933,0.1744575848,-0.0005662994,0.0013561005
558394.9100236380,9.7951511172,0.0020886990,-0.0051008280,0.1744358716,-0.0005662994,0.0013344053
558394.9200236381,9.7960664700,0.0036173727,-0.0043451941,0.1744467282,-0.0005771500,0.0013561005
558394.9300236379,9.7957649410,0.0023959762,-0.0044957244,0.1745118680,-0.0005771500,0.0013561005
558394.9400236380,9.7949924037,0.0011734677,-0.0063200558,0.1745878644,-0.0006097018,0.0013344053
558394.9500236380,9.7943871668,0.0014756733,-0.0055522926,0.1745770077,-0.0005554487,0.0013344053
558394.9600236380,9.7960670649,0.0034648457,-0.0043452638,0.1745987210,-0.0005771500,0.0013561005
558394.9700236380,9.7954635554,0.0026995017,-0.0038830084,0.1745335812,-0.0005880006,0.0013669481
558394.9800236380,9.7953005341,0.0013270369,-0.0058649943,0.1745335812,-0.0005662994,0.0013344053
558394.9900236380,9.7949906476,0.0019360329,-0.0061671973,0.1745987210,-0.0005880006,0.0013344053
558395.0000236380,9.7956106500,0.0031579161,-0.0043415971,0.1746312909,-0.0005771500,0.0013344053
558395.0100236380,9.7957643748,0.0028534875,-0.0043430054,0.1749244199,-0.0005771500,0.0013561005
558395.0200236380,9.7948447715,0.0014775491,-0.0055560988,0.1746312909,-0.0005880006,0.0013561005
558395.0300236380,9.7949882393,0.0022411562,-0.0063195676,0.1746204343,-0.0005771500,0.0013344053
558395.0400236381,9.7948472659,0.0020873790,-0.0049457808,0.1745444379,-0.0005554487,0.0013452529
558395.0500236379,9.7953121816,0.0020888382,-0.0040345284,0.1745010113,-0.0005662994,0.0013561005
558395.0600236380,9.7957702953,0.0010232340,-0.0044963522,0.1746964307,-0.0005662994,0.0013127101
558395.0700236380,9.7951408029,0.0025467658,-0.0061681870,0.1746638608,-0.0006097018,0.0013344053
558395.0800236380,9.7946911328,0.0026969309,-0.0050967427,0.1745661511,-0.0005771500,0.0013669481
558395.0900236380,9.7954634980,0.0020895329,-0.0041883069,0.1745227246,-0.0005662994,0.0013452529
558395.1000236380,9.7951602130,0.0016307016,-0.0041859787,0.1745335812,-0.0005771500,0.0013452529
558395.1100236380,9.7945391641,0.0022387943,-0.0052481930,0.1745987210,-0.0005771500,0.0013452529
558395.1200236380,9.7946904805,0.0022394890,-0.0054019715,0.1745770077,-0.0005662994,0.0013127101
558395.1300236380,9.7957588198,0.0020913390,-0.0054109224,0.1746095776,-0.0005662994,0.0013344053
558395.1400236380,9.7954659351,0.0020893941,-0.0038832874,0.1745878644,-0.0005662994,0.0013561005
558395.1500236380,9.7960638896,0.0020925896,-0.0054134599,0.1745770077,-0.0005662994,0.0013344053
558395.1600236380,9.7952994590,0.0028520283,-0.0052542577,0.1745661511,-0.0005662994,0.0013344053
558395.1700236381,9.7950010480,0.0023929193,-0.0046418905,0.1745878644,-0.0005771500,0.0013669481
558395.1800236379,9.7962207323,0.0025504484,-0.0046519706,0.1745770077,-0.0005554487,0.0013344053
558395.1900236380,9.7954610323,0.0017846874,-0.0046459757,0.1745335812,-0.0005880006,0.0013344053
558395.2000236380,9.7951413691,0.0020892545,-0.0063209060,0.1745444379,-0.0006097018,0.0013561005
558395.2100236380,9.7946923513,0.0026968614,-0.0049442330,0.1745227246,-0.0005662994,0.0013344053
558395.2200236380,9.7948563043,0.0010194129,-0.0043362300,0.1745335812,-0.0005771500,0.0013452529
558395.2300236380,9.7957655359,0.0022434493,-0.0044957941,0.1745335812,-0.0005554487,0.0013777957
558395.2400236380,9.7954513130,0.0020902273,-0.0057134045,0.1745661511,-0.0006097018,0.0013344053
558395.2500236380,9.7949894291,0.0019361023,-0.0063197071,0.1745770077,-0.0005554487,0.0013452529
558395.2600236380,9.7943981620,0.0017800327,-0.0040270555,0.1745335812,-0.0005880006,0.0013452529
558395.2700236380,9.7957746604,0.0020904363,-0.0034282956,0.1745878644,-0.0005880006,0.0013452529
558395.2800236380,9.7956068511,0.0016332024,-0.0055623727,0.1746312909,-0.0005771500,0.0013344053
558395.2900236381,9.7957472583,0.0022444909,-0.0067834405,0.1745987210,-0.0005662994,0.0013452529
558395.3000236379,9.7960712293,0.0023971573,-0.0043457521,0.1746095776,-0.0005662994,0.0013127101
558395.3100236380,9.7951578907,0.0028507781,-0.0038804011,0.1746095776,-0.0005880006,0.0013452529
558395.3200236380,9.7957654786,0.0016334805,-0.0048010927,0.1745661511,-0.0005554487,0.0013561005
558395.3300236380,9.7965135310,0.0016374401,-0.0066375535,0.1745118680,-0.0005554487,0.0013344053
558395.3400236380,9.7946897996,0.0014770627,-0.0058598496,0.1744575848,-0.0006097018,0.0013127101
558395.3500236380,9.7956270569,0.0026995021,-0.0025116893,0.1744792981,-0.0005662994,0.0013669481
558395.3600236380,9.7957589632,0.0036162610,-0.0046476761,0.1745878644,-0.0005771500,0.0013344053
558395.3700236380,9.7959063086,0.0002623357,-0.0069381258,0.1746095776,-0.0006097018,0.0013777957
558395.3800236380,9.7952957461,0.0022422678,-0.0060170855,0.1745987210,-0.0006097018,0.0013344053
558395.3900236380,9.7950143655,0.0014772023,-0.0034222309,0.1745770077,-0.0005662994,0.0013344053
558395.4000236380,9.7945459089,0.0026958890,-0.0041804155,0.1745444379,-0.0005554487,0.0013452529
558395.4100236380,9.7960595818,0.0016353560,-0.0061762180,0.1745335812,-0.0005445981,0.0013561005
558395.4200236381,9.7956043568,0.0010233725,-0.0061726908,0.1745770077,-0.0006422537,0.0013344053
558395.4300236379,9.7953024336,0.0020893937,-0.0052546065,0.1746095776,-0.0006205525,0.0013452529
558395.4400236380,9.7954581151,0.0031572908,-0.0043403284,0.1746095776,-0.0005554487,0.0013452529
558395.4500236380,9.7959180708,0.0022440746,-0.0044970629,0.1745878644,-0.0005445981,0.0013561005
558395.4600236380,9.7956073887,0.0008707067,-0.0058677410,0.1745661511,-0.0005554487,0.0013127101
558395.4700236380,9.7957611134,0.0005662781,-0.0058691493,0.1745770077,-0.0005662994,0.0013127101
558395.4800236380,9.7945417158,0.0034585930,-0.0043325764,0.1745335812,-0.0006097018,0.0013452529
558395.4900236380,9.7951511745,0.0026986678,-0.0047955294,0.1745444379,-0.0006314031,0.0013669481
558395.5000236380,9.7963718480,0.0004162523,-0.0058742940,0.1745878644,-0.0005662994,0.0013561005
558395.5100236380,9.7954494422,0.0016328549,-0.0061711430,0.1745661511,-0.0005554487,0.0013018625
558395.5200236380,9.7953019820,0.0037668426,-0.0044912904,0.1745010113,-0.0005662994,0.0013127101
558395.5300236380,9.7942408104,0.0023896540,-0.0043305273,0.1745227246,-0.0006531043,0.0013777957
558395.5400236381,9.7956073887,0.0008707067,-0.0058677410,0.1745770077,-0.0006205525,0.0013452529
558395.5500236379,9.7963652179,0.0011790952,-0.0063314745,0.1745661511,-0.0005445981,0.0013344053
558395.5600236380,9.7950041372,0.0028502223,-0.0040316422,0.1745987210,-0.0005554487,0.0013561005
558395.5700236380,9.7948497602,0.0026972089,-0.0043354627,0.1746312909,-0.0005554487,0.0013561005
558395.5800236380,9.7953024049,0.0017844093,-0.0054072558,0.1745878644,-0.0006097018,0.0013344053
558395.5900236380,9.7954511122,-0.0000446634,-0.0067819494,0.1746095776,-0.0006531043,0.0013561005
558395.6000236380,9.7956033103,0.0028533483,-0.0054093049,0.1745987210,-0.0005554487,0.0013344053
558395.6100236380,9.7953110205,0.0026988765,-0.0038817396,0.1745444379,-0.0005554487,0.0013127101
558395.6200236380,9.7950106526,0.0008674418,-0.0041850587,0.1745118680,-0.0005662994,0.0013561005
558395.6300236380,9.7953024049,0.0017844093,-0.0054072558,0.1745444379,-0.0005662994,0.0013452529
558395.6400236380,9.7963567744,0.0020945345,-0.0069410950,0.1745335812,-0.0005771500,0.0013344053
558395.6500236390,9.7951505509,0.0025462103,-0.0049481090,0.1745335812,-0.0006531043,0.0013344053
558395.6600236390,9.7950058646,0.0017826727,-0.0043371500,0.1745444379,-0.0005445981,0.0013344053
558395.6700236390,9.7963792737,0.0016357733,-0.0043486384,0.1745010113,-0.0005554487,0.0013344053
558395.6800236390,9.7957563541,0.0017864935,-0.0058685912,0.1745118680,-0.0005662994,0.0013127101
558395.6900236390,9.7954494709,0.0019378393,-0.0060184938,0.1745335812,-0.0005880006,0.0013344053
558395.7000236390,9.7953030572,0.0022418512,-0.0051020270,0.1745444379,-0.0006639550,0.0013561005
558395.7100236390,9.7945421961,0.0020861285,-0.0049432433,0.1745878644,-0.0005120462,0.0013127101
558395.7200236390,9.7956086932,0.0017855905,-0.0052572835,0.1746312909,-0.0005554487,0.0013344053
558395.7300236390,9.7957582536,0.0025488503,-0.0052582034,0.1746095776,-0.0005445981,0.0013127101
558395.7400236391,9.7962176430,0.0020931454,-0.0052622189,0.1745987210,-0.0005771500,0.0013561005
558395.7500236389,9.7951522783,0.0014786608,-0.0052536168,0.1745878644,-0.0006531043,0.0013344053
558395.7600236390,9.7947007375,0.0011714534,-0.0046399110,0.1745661511,-0.0005771500,0.0013127101
558395.7700236390,9.7954531837,0.0025475998,-0.0052556659,0.1744792981,-0.0005337475,0.0013344053
558395.7800236390,9.7962194278,0.0016355646,-0.0052624282,0.1745010113,-0.0005337475,0.0013669481
558395.7900236390,9.7951504362,0.0013262727,-0.0055587060,0.1745335812,-0.0006097018,0.0013344053
558395.8000236390,9.7945488262,0.0013232856,-0.0044860628,0.1746747174,-0.0006314031,0.0012910149
558395.8100236390,9.7952994016,0.0022420595,-0.0055595562,0.1747724271,-0.0006097018,0.0013452529
558395.8200236390,9.7957642887,0.0019385343,-0.0048009532,0.1746747174,-0.0005554487,0.0013777957
558395.8300236390,9.7951547440,0.0017835063,-0.0047959480,0.1746312909,-0.0005337475,0.0013018625
558395.8400236390,9.7949997721,0.0017830199,-0.0050996988,0.1745661511,-0.0005662994,0.0013344053
558395.8500236390,9.7948387937,0.0026978339,-0.0057080505,0.1745770077,-0.0006639550,0.0013452529
558395.8600236390,9.7957557305,0.0016340360,-0.0060211708,0.1745661511,-0.0005771500,0.0013344053
558395.8700236391,9.7957618231,0.0016336888,-0.0052586220,0.1745878644,-0.0005337475,0.0013344053
558395.8800236390,9.7948509214,0.0020871707,-0.0044882515,0.1745878644,-0.0005554487,0.0013344053
558395.8900236390,9.7949967402,0.0019356857,-0.0054046485,0.1745987210,-0.0005880006,0.0013452529
558395.9000236390,9.7948429581,0.0016301455,-0.0057085388,0.1745661511,-0.0006314031,0.0013452529
558395.9100236390,9.7959156625,0.0025491978,-0.0046494331,0.1745227246,-0.0005880006,0.0013344053
558395.9200236390,9.7950070258,0.0011726345,-0.0044899388,0.1745770077,-0.0005554487,0.0013344053
558395.9300236390,9.7951553103,0.0013259950,-0.0049486670,0.1745227246,-0.0005662994,0.0013018625
558395.9400236390,9.7956001924,0.0020910609,-0.0061722025,0.1744901547,-0.0005771500,0.0013127101
558395.9500236390,9.7954561583,0.0017849652,-0.0052560147,0.1745227246,-0.0005880006,0.0013561005
558395.9600236390,9.7957733559,0.0011755526,-0.0040387532,0.1745770077,-0.0006422537,0.0013561005
558395.9700236390,9.7954585667,0.0014798419,-0.0051036445,0.1745770077,-0.0005662994,0.0013018625
558395.9800236390,9.7954428408,0.0027006822,-0.0064756743,0.1745335812,-0.0005445981,0.0013452529
558395.9900236391,9.7956026294,0.0020909220,-0.0058671830,0.1745987210,-0.0005228969,0.0013344053
558396.0000236389,9.7959241060,0.0016337586,-0.0040398126,0.1746095776,-0.0006205525,0.0013127101
558396.0100236390,9.7951529306,0.0019361027,-0.0049483880,0.1748918500,-0.0006639550,0.0013344053
558396.0200236390,9.7948357044,0.0022405309,-0.0063182988,0.1745770077,-0.0005662994,0.0013561005
558396.0300236390,9.7954518505,0.0013277316,-0.0060187728,0.1745878644,-0.0005120462,0.0013452529
558396.0400236390,9.7956220395,0.0011748578,-0.0038849747,0.1745661511,-0.0005445981,0.0013127101
558396.0500236390,9.7954555921,0.0022424765,-0.0051032957,0.1745661511,-0.0006531043,0.0013127101
558396.0600236390,9.7946867963,0.0019347129,-0.0060121501,0.1745661511,-0.0005880006,0.0013452529
558396.0700236390,9.7956025147,0.0008709845,-0.0064777801,0.1745335812,-0.0005554487,0.0013452529
558396.0800236390,9.7960723618,0.0014821347,-0.0046511902,0.1745987210,-0.0005554487,0.0013127101
558396.0900236390,9.7953097733,0.0023939615,-0.0041868987,0.1746204343,-0.0006531043,0.0013344053
558396.1000236390,9.7951474903,0.0023938917,-0.0054057080,0.1745987210,-0.0005880006,0.0013669481
558396.1100236390,9.7953017526,0.0013269675,-0.0057124845,0.1745661511,-0.0005445981,0.0013127101
558396.1200236391,9.7963731238,0.0010261517,-0.0054164857,0.1745987210,-0.0005337475,0.0013018625
558396.1300236390,9.7954616273,0.0016321605,-0.0046460455,0.1745878644,-0.0006531043,0.0013561005
558396.1400236390,9.7948478321,0.0016298677,-0.0050984998,0.1745661511,-0.0006314031,0.0013344053
558396.1500236390,9.7954524741,0.0014801891,-0.0058661933,0.1746095776,-0.0005228969,0.0013344053
558396.1600236390,9.7957550783,0.0011765941,-0.0063263995,0.1745987210,-0.0005337475,0.0013452529
558396.1700236390,9.7948520825,0.0014771325,-0.0046410403,0.1745878644,-0.0007182081,0.0013344053
558396.1800236390,9.7957673493,0.0020908529,-0.0043433541,0.1745987210,-0.0005554487,0.0012910149
558396.1900236390,9.7954543736,0.0022425459,-0.0052558055,0.1745878644,-0.0005228969,0.0013452529
558396.2000236390,9.7948374605,0.0014779657,-0.0064711574,0.1745661511,-0.0005880006,0.0013344053
558396.2100236390,9.7951570950,0.0008684142,-0.0049488763,0.1745335812,-0.0006422537,0.0013127101
558396.2200236390,9.7954671536,0.0020893246,-0.0037307776,0.1745335812,-0.0005445981,0.0013344053
558396.2300236390,9.7959138491,0.0027017942,-0.0048018731,0.1744792981,-0.0005662994,0.0013777957
558396.2400236391,9.7954463816,0.0014805363,-0.0066287421,0.1745118680,-0.0006205525,0.0013018625
558396.2500236389,9.7948526201,0.0007146368,-0.0049464086,0.1745118680,-0.0005337475,0.0013127101
558396.2600236390,9.7953043044,0.0025467662,-0.0047968679,0.1745227246,-0.0006314031,0.0013344053
558396.2700236390,9.7957612855,0.0023961845,-0.0049532537,0.1745770077,-0.0005771500,0.0013127101
558396.2800236390,9.7954554774,0.0010225389,-0.0057138928,0.1745444379,-0.0005554487,0.0013561005
558396.2900236390,9.7952963124,0.0017847565,-0.0061698045,0.1745878644,-0.0006314031,0.0013452529
558396.3000236390,9.7954597852,0.0014797725,-0.0049511347,0.1745770077,-0.0005554487,0.0013344053
558396.3100236390,9.7951607792,0.0011731903,-0.0043386977,0.1745661511,-0.0005771500,0.0013344053
558396.3200236390,9.7957594434,0.0022437965,-0.0052583429,0.1746312909,-0.0005771500,0.0013452529
558396.3300236390,9.7959028538,0.0023974347,-0.0063271102,0.1746530042,-0.0005771500,0.0013127101
558396.3400236390,9.7954585093,0.0008698731,-0.0054089430,0.1746530042,-0.0006097018,0.0013561005
558396.3500236390,9.7953097159,0.0017839927,-0.0044921972,0.1745770077,-0.0005554487,0.0013344053
558396.3600236390,9.7954573768,0.0017848957,-0.0051035050,0.1745661511,-0.0005880006,0.0013127101
558396.3700236391,9.7956146997,0.0008702901,-0.0049526825,0.1745227246,-0.0006097018,0.0013344053
558396.3800236390,9.7948412307,0.0026976950,-0.0054030310,0.1745010113,-0.0005771500,0.0013344053
558396.3900236390,9.7957581962,0.0019388815,-0.0055635020,0.1745010113,-0.0006205525,0.0013344053
558396.4000236390,9.7954560436,0.0005650276,-0.0058666118,0.1745118680,-0.0005662994,0.0013452529
558396.4100236390,9.7951517408,0.0022411565,-0.0049482485,0.1745770077,-0.0005771500,0.0013018625
558396.4200236390,9.7954579431,0.0013273844,-0.0052562240,0.1745444379,-0.0006205525,0.0013452529
558396.4300236390,9.7953115580,0.0019363808,-0.0041871079,0.1745010113,-0.0005662994,0.0013452529
558396.4400236390,9.7963604299,0.0020943262,-0.0064835657,0.1745444379,-0.0005880006,0.0013344053
558396.4500236390,9.7963645943,0.0010266378,-0.0064840540,0.1745010113,-0.0005880006,0.0013127101
558396.4600236390,9.7956154954,0.0028526539,-0.0038842074,0.1745010113,-0.0005554487,0.0013127101
558396.4700236390,9.7943950154,0.0007127609,-0.0049426023,0.1745010113,-0.0006422537,0.0013452529
558396.4800236390,9.7954603227,0.0007172768,-0.0052565030,0.1745444379,-0.0005662994,0.0013344053
558396.4900236391,9.7952872453,0.0025477383,-0.0069320045,0.1745770077,-0.0005880006,0.0013127101
558396.5000236389,9.7963695257,0.0016363288,-0.0055687164,0.1745444379,-0.0005662994,0.0013669481
558396.5100236390,9.7950100864,0.0013249531,-0.0040323397,0.1745770077,-0.0005662994,0.0013452529
558396.5200236390,9.7954700421,0.0004117369,-0.0041890742,0.1745444379,-0.0006314031,0.0012801673
558396.5300236390,9.7959100789,0.0014820649,-0.0058699995,0.1745770077,-0.0005771500,0.0013561005
558396.5400236390,9.7954391852,0.0027008905,-0.0069332035,0.1745770077,-0.0005771500,0.0013561005
558396.5500236390,9.7960723618,0.0014821347,-0.0046511902,0.1745987210,-0.0005445981,0.0013127101
558396.5600236390,9.7953211341,0.0001059189,-0.0038829255,0.1745770077,-0.0006097018,0.0013344053
558396.5700236390,9.7957558452,0.0028539736,-0.0054105737,0.1745118680,-0.0005880006,0.0013452529
558396.5800236390,9.7957429505,0.0017872573,-0.0075461986,0.1745661511,-0.0005662994,0.0013127101
558396.5900236390,9.7956116105,0.0004129871,-0.0055629308,0.1745878644,-0.0005662994,0.0013452529
558396.6000236390,9.7956269422,0.0014795645,-0.0031222864,0.1746204343,-0.0005771500,0.0013127101
558396.6100236390,9.7950082730,0.0014775494,-0.0041847797,0.1745987210,-0.0006097018,0.0013127101
558396.6200236391,9.7958978651,0.0011777749,-0.0075477463,0.1745987210,-0.0005880006,0.0013669481
558396.6300236390,9.7952962263,0.0008698033,-0.0066277524,0.1746095776,-0.0005554487,0.0013344053
558396.6400236390,9.7956274797,0.0007170688,-0.0034276547,0.1745444379,-0.0005771500,0.0012910149
558396.6500236390,9.7953145613,0.0014787306,-0.0040348074,0.1745335812,-0.0006205525,0.0013344053
558396.6600236390,9.7949796524,0.0016316734,-0.0076924344,0.1745227246,-0.0006097018,0.0013018625
558396.6700236390,9.7959111540,-0.0000429265,-0.0064807361,0.1745335812,-0.0005662994,0.0013452529
558396.6800236390,9.7959252098,0.0004137516,-0.0044979000,0.1746095776,-0.0005771500,0.0013452529
558396.6900236390,9.7951572957,0.0030033050,-0.0038803314,0.1746095776,-0.0006097018,0.0012801673
558396.7000236390,9.7949912999,0.0023934748,-0.0058619685,0.1745770077,-0.0005880006,0.0013452529
558396.7100236390,9.7949845264,0.0016313957,-0.0070823954,0.1745227246,-0.0005880006,0.0013344053
558396.7200236400,9.7959154618,0.0004143071,-0.0057179780,0.1745878644,-0.0005662994,0.0013127101
558396.7300236400,9.7962339638,0.0007197782,-0.0038902589,0.1745661511,-0.0005662994,0.0013127101
558396.7400236400,9.7951494471,0.0037662174,-0.0044900216,0.1745878644,-0.0006205525,0.0013127101
558396.7500236400,9.7946922366,0.0014769238,-0.0055548301,0.1746204343,-0.0006097018,0.0013561005
558396.7600236400,9.7957695570,-0.0003491611,-0.0052595288,0.1746638608,-0.0005662994,0.0013452529
558396.7700236400,9.7957636365,0.0014810925,-0.0051061820,0.1745987210,-0.0006097018,0.0012801673
558396.7800236400,9.7951444297,0.0022415731,-0.0058633070,0.1745444379,-0.0005880006,0.0013127101
558396.7900236400,9.7951498413,0.0014787997,-0.0055586363,0.1744575848,-0.0006097018,0.0013669481
558396.8000236400,9.7957617657,0.0010237200,-0.0055639205,0.1745010113,-0.0005771500,0.0013127101
558396.8100236400,9.7956140762,0.0007178326,-0.0051052620,0.1745770077,-0.0005554487,0.0012801673
558396.8200236399,9.7959058571,0.0019397846,-0.0061748097,0.1745878644,-0.0006205525,0.0013669481
558396.8300236400,9.7956087506,0.0023955592,-0.0049519849,0.1746638608,-0.0005880006,0.0013127101
558396.8400236400,9.7947000565,0.0004090271,-0.0050977891,0.1746095776,-0.0005880006,0.0013018625
558396.8500236400,9.7950027180,0.0007154009,-0.0052526968,0.1746095776,-0.0005880006,0.0013561005
558396.8600236400,9.7959112974,0.0014819955,-0.0057174897,0.1745770077,-0.0005771500,0.0013018625
558396.8700236400,9.7953011577,0.0014794944,-0.0057124148,0.1746312909,-0.0005771500,0.0013127101
558396.8800236400,9.7949984962,0.0011731206,-0.0055575071,0.1745770077,-0.0006097018,0.0013561005
558396.8900236400,9.7953108484,0.0008689701,-0.0047976353,0.1745661511,-0.0005880006,0.0013452529
558396.9000236400,9.7959124585,0.0008719573,-0.0058702785,0.1745444379,-0.0005662994,0.0013018625
558396.9100236400,9.7951516834,0.0016311877,-0.0052535470,0.1745444379,-0.0006097018,0.0013018625
558396.9200236400,9.7949973638,0.0020881432,-0.0052520690,0.1745661511,-0.0006097018,0.0013344053
558396.9300236400,9.7953150702,0.0004112505,-0.0044928250,0.1745444379,-0.0005880006,0.0013127101
558396.9400236401,9.7954590469,0.0001073774,-0.0057143113,0.1746095776,-0.0006097018,0.0013018625
558396.9500236399,9.7960578258,0.0023979211,-0.0060233594,0.1745770077,-0.0005662994,0.0013344053
558396.9600236400,9.7954519079,0.0019377004,-0.0057134742,0.1745770077,-0.0006097018,0.0013452529
558396.9700236400,9.7953108484,0.0008689701,-0.0047976353,0.1745878644,-0.0005771500,0.0013018625
558396.9800236400,9.7959162287,0.0020916865,-0.0048021522,0.1745878644,-0.0006097018,0.0013018625
558396.9900236400,9.7954500371,0.0014803280,-0.0061712128,0.1745878644,-0.0005880006,0.0013344053
558397.0000236400,9.7957562681,0.0008715403,-0.0063265390,0.1745661511,-0.0005880006,0.0013561005
558397.0100236400,9.7951650010,0.0007154707,-0.0040338875,0.1749135633,-0.0006097018,0.0013018625
558397.0200236400,9.7953078165,0.0010216359,-0.0051025850,0.1745987210,-0.0005771500,0.0013127101
558397.0300236400,9.7957557879,0.0022440048,-0.0057158722,0.1745878644,-0.0005880006,0.0013561005
558397.0400236400,9.7956013248,0.0011760383,-0.0064776406,0.1745444379,-0.0005662994,0.0013127101
558397.0500236400,9.7954633547,0.0005646110,-0.0049515533,0.1745444379,-0.0005880006,0.0013018625
558397.0600236400,9.7948496169,0.0011722870,-0.0050987090,0.1745661511,-0.0005880006,0.0013127101
558397.0700236399,9.7959101362,0.0020920337,-0.0055647009,0.1745770077,-0.0005771500,0.0013452529
558397.0800236400,9.7956092595,0.0013280791,-0.0054100025,0.1745770077,-0.0006097018,0.0013561005
558397.0900236400,9.7954639496,0.0004120840,-0.0049516230,0.1745335812,-0.0005880006,0.0013344053
558397.1000236400,9.7942334420,0.0017801018,-0.0055508843,0.1745444379,-0.0005880006,0.0012910149
558397.1100236400,9.7956129437,0.0016328552,-0.0047998239,0.1745444379,-0.0006097018,0.0013344053
558397.1200236400,9.7957606045,0.0016337583,-0.0054111317,0.1746095776,-0.0005662994,0.0013452529
558397.1300236400,9.7957574579,0.0005664865,-0.0063266786,0.1745444379,-0.0006205525,0.0013127101
558397.1400236400,9.7946994616,0.0005615540,-0.0050977193,0.1745335812,-0.0005771500,0.0013452529
558397.1500236400,9.7947031171,0.0005613457,-0.0046401901,0.1745335812,-0.0006205525,0.0013127101
558397.1600236400,9.7957600670,0.0023962540,-0.0051057634,0.1745227246,-0.0005771500,0.0013018625
558397.1700236400,9.7953023189,0.0008694562,-0.0058652036,0.1745770077,-0.0005554487,0.0013777957
558397.1800236400,9.7959112113,0.0005670423,-0.0061754375,0.1745661511,-0.0006205525,0.0013018625
558397.1900236401,9.7947001712,0.0016289647,-0.0044871920,0.1745770077,-0.0005771500,0.0012910149
558397.2000236399,9.7949991485,0.0016305624,-0.0052522783,0.1745335812,-0.0006205525,0.0013669481
558397.2100236400,9.7959124872,0.0011769417,-0.0057176292,0.1745770077,-0.0005880006,0.0013452529
558397.2200236400,9.7956116105,0.0004129871,-0.0055629308,0.1746312909,-0.0005771500,0.0013018625
558397.2300236400,9.7960668355,0.0010249706,-0.0055664580,0.1745661511,-0.0005771500,0.0013127101
558397.2400236400,9.7948424779,0.0030026100,-0.0050978720,0.1745878644,-0.0006097018,0.0013127101
558397.2500236400,9.7956140475,0.0004128482,-0.0052579113,0.1745661511,-0.0005880006,0.0013344053
558397.2600236400,9.7965352634,-0.0004987005,-0.0049609227,0.1745770077,-0.0005880006,0.0013127101
558397.2700236400,9.7957594147,0.0019388121,-0.0054109922,0.1745335812,-0.0006097018,0.0013018625
558397.2800236400,9.7945336665,0.0020866145,-0.0060108116,0.1745227246,-0.0006097018,0.0013127101
558397.2900236400,9.7948610063,-0.0008107713,-0.0046420866,0.1745227246,-0.0005771500,0.0013452529
558397.3000236400,9.7960705197,0.0013297467,-0.0049562794,0.1745010113,-0.0005880006,0.0012910149
558397.3100236400,9.7953017813,0.0016319519,-0.0055598353,0.1745444379,-0.0005445981,0.0013018625
558397.3200236399,9.7959131108,0.0013293991,-0.0055650497,0.1745987210,-0.0006097018,0.0013561005
558397.3300236400,9.7953102822,0.0013264814,-0.0046449162,0.1745770077,-0.0005880006,0.0012910149
558397.3400236400,9.7951576039,-0.0001990659,-0.0054068938,0.1745770077,-0.0006097018,0.0013018625
558397.3500236400,9.7963639994,0.0011791647,-0.0064839842,0.1745878644,-0.0005771500,0.0013452529
558397.3600236400,9.7957606906,0.0025487114,-0.0049531839,0.1746095776,-0.0005880006,0.0013018625
558397.3700236400,9.7951564714,0.0007159568,-0.0051014558,0.1745118680,-0.0006205525,0.0012910149
558397.3800236400,9.7954669815,0.0002594183,-0.0046466733,0.1745878644,-0.0005880006,0.0013344053
558397.3900236400,9.7960590729,0.0027028361,-0.0057182004,0.1745444379,-0.0005880006,0.0013127101
558397.4000236400,9.7954579717,0.0016323688,-0.0051035747,0.1745987210,-0.0005880006,0.0013018625
558397.4100236400,9.7951582562,0.0002583760,-0.0051016651,0.1745878644,-0.0006205525,0.0013777957
558397.4200236400,9.7951564714,0.0007159568,-0.0051014558,0.1745444379,-0.0006097018,0.0012801673
558397.4300236400,9.7954554487,0.0007175545,-0.0058665421,0.1745770077,-0.0005771500,0.0012910149
558397.4400236401,9.7949954930,0.0016307707,-0.0057098075,0.1745661511,-0.0005880006,0.0013561005
558397.4500236399,9.7953048132,0.0014792861,-0.0052548855,0.1745335812,-0.0005771500,0.0013018625
558397.4600236400,9.7953089490,0.0001066133,-0.0054080231,0.1744358716,-0.0006314031,0.0012910149
558397.4700236400,9.7953016953,0.0007169987,-0.0060177831,0.1743924451,-0.0005771500,0.0013561005
558397.4800236400,9.7953006202,0.0022419901,-0.0054070465,0.1745010113,-0.0005771500,0.0013344053
558397.4900236400,9.7956177317,0.0007176243,-0.0046477327,0.1745987210,-0.0005880006,0.0013018625
558397.5000236400,9.7943961479,-0.0002022617,-0.0052480404,0.1746530042,-0.0005880006,0.0013127101
558397.5100236400,9.7954500658,0.0017853124,-0.0060185635,0.1746312909,-0.0005880006,0.0013127101
558397.5200236400,9.7948411160,0.0014777574,-0.0060136281,0.1745878644,-0.0005771500,0.0013018625
558397.5300236400,9.7963773169,0.0002634477,-0.0052643247,0.1746095776,-0.0005662994,0.0013452529
558397.5400236400,9.7948501831,0.0007147757,-0.0052514281,0.1746204343,-0.0006205525,0.0013127101
558397.5500236400,9.7954524455,0.0011752047,-0.0060188425,0.1745878644,-0.0006097018,0.0013018625
558397.5600236400,9.7954530404,0.0010226778,-0.0060189123,0.1745878644,-0.0005880006,0.0013127101
558397.5700236399,9.7956128863,0.0010228864,-0.0051051225,0.1745661511,-0.0005554487,0.0013344053
558397.5800236400,9.7953120669,0.0008689006,-0.0046451255,0.1745010113,-0.0006097018,0.0012910149
558397.5900236400,9.7952986920,0.0011746489,-0.0061700836,0.1744901547,-0.0006205525,0.0013452529
558397.6000236400,9.7954469478,0.0010230250,-0.0067814611,0.1745118680,-0.0005771500,0.0013344053
558397.6100236400,9.7951589371,0.0010208023,-0.0046437870,0.1745335812,-0.0005880006,0.0013018625
558397.6200236400,9.7956189502,0.0007175548,-0.0044952230,0.1745118680,-0.0005880006,0.0013344053
558397.6300236400,9.7948416822,0.0010202461,-0.0061663471,0.1745661511,-0.0005880006,0.0013018625
558397.6400236400,9.7948392739,0.0013253694,-0.0063187174,0.1745770077,-0.0005880006,0.0013018625
558397.6500236400,9.7954608890,0.0002597654,-0.0054092221,0.1746312909,-0.0005662994,0.0013344053
558397.6600236400,9.7957703239,0.0013282184,-0.0043437029,0.1745987210,-0.0006097018,0.0013127101
558397.6700236400,9.7948460187,0.0017824641,-0.0052509398,0.1746312909,-0.0005771500,0.0013018625
558397.6800236400,9.7957557305,0.0016340360,-0.0060211708,0.1746095776,-0.0005880006,0.0013344053
558397.6900236401,9.7948428721,0.0007151923,-0.0061664866,0.1746095776,-0.0005880006,0.0013127101
558397.7000236399,9.7954682574,0.0008693176,-0.0041888650,0.1745770077,-0.0005771500,0.0013018625
558397.7100236400,9.7957654786,0.0016334805,-0.0048010927,0.1745335812,-0.0006097018,0.0013127101
558397.7200236400,9.7951431539,0.0016316738,-0.0063211153,0.1745444379,-0.0005880006,0.0013127101
558397.7300236400,9.7959087743,0.0005671812,-0.0064804571,0.1744792981,-0.0005771500,0.0013344053
558397.7400236400,9.7945614628,-0.0003548577,-0.0037242813,0.1745661511,-0.0006097018,0.0013344053
558397.7500236400,9.7957727036,0.0007181107,-0.0043439820,0.1745444379,-0.0005880006,0.0013018625
558397.7600236400,9.7955965368,0.0020912692,-0.0066297318,0.1745444379,-0.0005771500,0.0013018625
558397.7700236400,9.7953029138,0.0007169292,-0.0058652733,0.1745770077,-0.0005880006,0.0013452529
558397.7800236400,9.7950087532,0.0001050849,-0.0047954466,0.1745661511,-0.0006097018,0.0013018625
558397.7900236400,9.7950057786,0.0008677195,-0.0047950978,0.1745335812,-0.0006097018,0.0013018625
558397.8000236410,9.7957515088,0.0020917556,-0.0063259810,0.1745878644,-0.0005880006,0.0013344053
558397.8100236410,9.7954500371,0.0014803280,-0.0061712128,0.1745878644,-0.0006097018,0.0013344053
558397.8200236410,9.7954651394,0.0001070302,-0.0049517625,0.1746204343,-0.0005771500,0.0013018625
558397.8300236410,9.7959179275,0.0007191526,-0.0052603092,0.1746095776,-0.0006314031,0.0013018625
558397.8400236410,9.7953071929,0.0008691784,-0.0052551645,0.1745770077,-0.0005880006,0.0013127101
558397.8500236410,9.7959167376,0.0010242064,-0.0052601697,0.1745770077,-0.0006097018,0.0013127101
558397.8600236410,9.7951534395,0.0008686226,-0.0054064056,0.1745987210,-0.0005880006,0.0013127101
558397.8700236410,9.7946994903,0.0008665384,-0.0049450701,0.1746095776,-0.0006097018,0.0013127101
558397.8800236410,9.7951491317,0.0004113890,-0.0061691636,0.1745770077,-0.0006097018,0.0013344053
558397.8900236411,9.7955982642,0.0010237197,-0.0069352396,0.1746095776,-0.0005880006,0.0013018625
558397.9000236409,9.7956086646,0.0014806061,-0.0054099327,0.1746204343,-0.0005771500,0.0013018625
558397.9100236410,9.7951710648,0.0004101391,-0.0034239880,0.1745987210,-0.0006205525,0.0013344053
558397.9200236410,9.7954579431,0.0013273844,-0.0052562240,0.1745878644,-0.0006314031,0.0012910149
558397.9300236410,9.7949820607,0.0013265502,-0.0075400642,0.1745987210,-0.0005662994,0.0012910149
558397.9400236410,9.7959099928,0.0005671117,-0.0063279473,0.1746095776,-0.0005771500,0.0013561005
558397.9500236410,9.7956281320,0.0011745107,-0.0031224259,0.1746095776,-0.0005880006,0.0013018625
558397.9600236410,9.7945530479,0.0008655659,-0.0041812525,0.1746095776,-0.0006205525,0.0012801673
558397.9700236410,9.7955945800,0.0007189436,-0.0075454181,0.1745227246,-0.0005880006,0.0013452529
558397.9800236410,9.7954445108,0.0010231638,-0.0070864806,0.1745227246,-0.0005771500,0.0013018625
558397.9900236410,9.7960881451,0.0008712632,-0.0029738618,0.1745227246,-0.0006097018,0.0012910149
558398.0000236410,9.7953248469,0.0007156793,-0.0031200977,0.1745010113,-0.0006314031,0.0013452529
558398.0100236411,9.7957441977,0.0020921723,-0.0072410395,0.1748267102,-0.0006097018,0.0013452529
558398.0200236409,9.7955927093,0.0002615712,-0.0080031567,0.1745444379,-0.0005880006,0.0012801673
558398.0300236410,9.7965365393,0.0001111988,-0.0045031144,0.1745227246,-0.0005880006,0.0013344053
558398.0400236410,9.7957752553,0.0019379094,-0.0034283654,0.1745444379,-0.0005880006,0.0012910149
558398.0500236410,9.7944028640,-0.0000501514,-0.0043329121,0.1745444379,-0.0006205525,0.0013127101
558398.0600236410,9.7955932468,-0.0005009245,-0.0083085250,0.1745661511,-0.0005880006,0.0013018625
558398.0700236410,9.7960510810,0.0019408265,-0.0070911370,0.1745987210,-0.0005554487,0.0012801673
558398.0800236410,9.7956262612,0.0007171382,-0.0035801644,0.1746204343,-0.0006097018,0.0013561005
558398.0900236410,9.7945644947,-0.0005075235,-0.0034193316,0.1746095776,-0.0006097018,0.0013344053
558398.1000236410,9.7952919759,0.0010225386,-0.0070852119,0.1745661511,-0.0006205525,0.0012801673
558398.1100236410,9.7954390132,0.0008709841,-0.0078490992,0.1745878644,-0.0005554487,0.0012910149
558398.1200236410,9.7953181595,0.0008685535,-0.0038825767,0.1745444379,-0.0005771500,0.0013561005
558398.1300236410,9.7956238529,0.0010222615,-0.0037325347,0.1745987210,-0.0006314031,0.0012910149
558398.1400236411,9.7940826345,0.0007119270,-0.0058551234,0.1746204343,-0.0006205525,0.0012910149
558398.1500236409,9.7954347341,0.0007187350,-0.0084592079,0.1745878644,-0.0005880006,0.0013452529
558398.1600236410,9.7954578570,0.0004124312,-0.0057141718,0.1745987210,-0.0005880006,0.0012910149
558398.1700236410,9.7956353283,-0.0000458436,-0.0028179644,0.1745444379,-0.0005771500,0.0012910149
558398.1800236410,9.7950015855,0.0016304236,-0.0049472588,0.1745770077,-0.0006314031,0.0013452529
558398.1900236410,9.7949850066,0.0002589312,-0.0076930622,0.1746204343,-0.0005662994,0.0012910149
558398.2000236410,9.7949971344,-0.0003517320,-0.0064732632,0.1746204343,-0.0006097018,0.0013344053
558398.2100236410,9.7962309032,0.0005674596,-0.0043478579,0.1746204343,-0.0005662994,0.0013344053
558398.2200236410,9.7954634980,0.0020895329,-0.0041883069,0.1746312909,-0.0006205525,0.0012801673
558398.2300236410,9.7952920619,0.0019374918,-0.0066272641,0.1745661511,-0.0006205525,0.0013127101
558398.2400236410,9.7945395870,0.0002563610,-0.0061641584,0.1745661511,-0.0005771500,0.0013344053
558398.2500236410,9.7957695856,-0.0000441767,-0.0051068795,0.1745010113,-0.0005662994,0.0012693197
558398.2600236411,9.7951699324,0.0013251617,-0.0031185499,0.1744792981,-0.0006097018,0.0013018625
558398.2700236409,9.7959119496,0.0019394374,-0.0054122609,0.1745227246,-0.0006314031,0.0013452529
558398.2800236410,9.7945214241,0.0014773401,-0.0078412077,0.1745118680,-0.0006097018,0.0013018625
558398.2900236410,9.7953124611,-0.0014185170,-0.0057137401,0.1745335812,-0.0005445981,0.0013127101
558398.3000236410,9.7954718555,0.0002591405,-0.0040366342,0.1745770077,-0.0006205525,0.0013018625
558398.3100236410,9.7956124061,0.0023953509,-0.0044944557,0.1745987210,-0.0006097018,0.0012910149
558398.3200236410,9.7954480803,0.0001080023,-0.0070868991,0.1745227246,-0.0006205525,0.0013561005
558398.3300236410,9.7956024000,-0.0003489531,-0.0070883772,0.1745878644,-0.0006097018,0.0013344053
558398.3400236410,9.7951716598,0.0002576122,-0.0034240577,0.1746095776,-0.0005880006,0.0012801673
558398.3500236410,9.7954725078,0.0007165824,-0.0037314054,0.1746095776,-0.0006314031,0.0013127101
558398.3600236410,9.7955946087,0.0010239280,-0.0073927689,0.1745987210,-0.0005880006,0.0013344053
558398.3700236410,9.7949867914,-0.0001986496,-0.0076932715,0.1746204343,-0.0005771500,0.0012693197
558398.3800236410,9.7957756495,-0.0003495083,-0.0044969800,0.1745987210,-0.0005771500,0.0013344053
558398.3900236411,9.7956130297,0.0025478084,-0.0043418761,0.1745335812,-0.0006097018,0.0013452529
558398.4000236409,9.7950021804,0.0014778966,-0.0049473285,0.1745878644,-0.0006205525,0.0012910149
558398.4100236410,9.7948452231,-0.0001998998,-0.0063194149,0.1745770077,-0.0005880006,0.0013452529
558398.4200236410,9.7956115818,0.0001080027,-0.0057155801,0.1745878644,-0.0005771500,0.0013127101
558398.4300236410,9.7959264570,0.0007186665,-0.0041927409,0.1745878644,-0.0005771500,0.0012801673
558398.4400236410,9.7947050166,0.0013237025,-0.0040298022,0.1745444379,-0.0006205525,0.0013344053
558398.4500236410,9.7959124872,0.0011769417,-0.0057176292,0.1745010113,-0.0006097018,0.0013452529
558398.4600236410,9.7948360986,-0.0000468868,-0.0073869135,0.1744575848,-0.0006097018,0.0012910149
558398.4700236410,9.7950093194,-0.0003524264,-0.0049481656,0.1745010113,-0.0005771500,0.0013344053
558398.4800236410,9.7960820525,0.0008716104,-0.0037364106,0.1745661511,-0.0006097018,0.0013452529
558398.4900236410,9.7951492464,0.0016313266,-0.0055585665,0.1745878644,-0.0006205525,0.0012693197
558398.5000236410,9.7945400959,-0.0008111191,-0.0066221760,0.1746095776,-0.0006205525,0.0013344053
558398.5100236411,9.7951417346,-0.0005031476,-0.0075421700,0.1745444379,-0.0005771500,0.0013127101
558398.5200236409,9.7951669578,0.0020877963,-0.0031182011,0.1743707318,-0.0005662994,0.0012367770
558398.5300236410,9.7956207349,0.0002599741,-0.0044954322,0.1744467282,-0.0006097018,0.0013777957
558398.5400236410,9.7948379694,0.0004104856,-0.0069291749,0.1745661511,-0.0006097018,0.0013561005
558398.5500236410,9.7951521636,0.0002587232,-0.0058642139,0.1746312909,-0.0005880006,0.0012259294
558398.5600236410,9.7951624779,-0.0001993436,-0.0047968548,0.1746747174,-0.0006097018,0.0013344053
558398.5700236410,9.7954567532,0.0016324383,-0.0052560845,0.1746855740,-0.0005880006,0.0013452529
558398.5800236410,9.7954596991,0.0005648193,-0.0054090825,0.1746312909,-0.0006205525,0.0012693197
558398.5900236410,9.7948531003,-0.0006578277,-0.0055570754,0.1745335812,-0.0006097018,0.0013452529
558398.6000236410,9.7951534968,0.0014785914,-0.0051011070,0.1745227246,-0.0006097018,0.0013127101
558398.6100236410,9.7960717956,0.0019396460,-0.0044984711,0.1745227246,-0.0006205525,0.0012693197
558398.6200236410,9.7953082680,-0.0006558130,-0.0058659011,0.1745444379,-0.0005880006,0.0013561005
558398.6300236410,9.7951509451,0.0002587926,-0.0060167236,0.1745770077,-0.0005880006,0.0013127101
558398.6400236411,9.7957600096,0.0017862852,-0.0054110620,0.1745444379,-0.0006097018,0.0012584721
558398.6500236409,9.7945578073,-0.0003546494,-0.0041818106,0.1745878644,-0.0005880006,0.0013669481
558398.6600236410,9.7956128003,0.0001079332,-0.0055630703,0.1745987210,-0.0006205525,0.0013344053
558398.6700236410,9.7951406308,0.0007168595,-0.0070840826,0.1745770077,-0.0006097018,0.0012476246
558398.6800236410,9.7951538910,-0.0008088263,-0.0061697217,0.1745444379,-0.0006097018,0.0013561005
558398.6900236410,9.7951607505,0.0008682059,-0.0044913470,0.1745770077,-0.0005880006,0.0013452529
558398.7000236410,9.7954567532,0.0016324383,-0.0052560845,0.1745444379,-0.0005771500,0.0012476246
558398.7100236410,9.7948602967,-0.0018781819,-0.0052526139,0.1745661511,-0.0006097018,0.0013561005
558398.7200236410,9.7951515687,0.0004112501,-0.0058641441,0.1745661511,-0.0006205525,0.0013344053
558398.7300236410,9.7948376038,0.0030028877,-0.0057079110,0.1745661511,-0.0005880006,0.0012150818
558398.7400236410,9.7959251238,-0.0005012016,-0.0049558478,0.1746095776,-0.0006097018,0.0013777957
558398.7500236410,9.7951589084,0.0007158179,-0.0047964363,0.1745770077,-0.0005771500,0.0013344053
558398.7600236411,9.7951546007,0.0002585843,-0.0055591943,0.1746204343,-0.0006097018,0.0012259294
558398.7700236409,9.7950050690,-0.0001996911,-0.0054056251,0.1745987210,-0.0005880006,0.0013452529
558398.7800236410,9.7949978727,0.0010206631,-0.0057100866,0.1745770077,-0.0006205525,0.0013561005
558398.7900236410,9.7954584806,0.0005648887,-0.0055615923,0.1746204343,-0.0006097018,0.0012693197
558398.8000236410,9.7945492490,-0.0006591477,-0.0054020282,0.1746204343,-0.0006314031,0.0013561005
558398.8100236410,9.7949990051,0.0001056404,-0.0060155246,0.1745878644,-0.0005880006,0.0013452529
558398.8200236410,9.7953065980,0.0010217053,-0.0052550948,0.1745444379,-0.0006097018,0.0012259294
558398.8300236410,9.7954621075,0.0002596960,-0.0052567123,0.1745770077,-0.0005880006,0.0013344053
558398.8400236410,9.7951510025,0.0008687614,-0.0057114251,0.1745444379,-0.0006097018,0.0013561005
558398.8500236410,9.7951563567,-0.0005039808,-0.0057120529,0.1745661511,-0.0006097018,0.0012584721
558398.8600236410,9.7953162027,-0.0005037722,-0.0047982631,0.1745770077,-0.0006205525,0.0013127101
558398.8700236420,9.7950028040,0.0016303541,-0.0047947490,0.1746095776,-0.0005880006,0.0013561005
558398.8800236420,9.7953022902,0.0005644718,-0.0060178528,0.1745987210,-0.0006097018,0.0012910149
558398.8900236420,9.7947017553,-0.0009635068,-0.0055559462,0.1746095776,-0.0006097018,0.0013018625
558398.9000236420,9.7948483123,0.0002574032,-0.0057091666,0.1745770077,-0.0005880006,0.0013018625
558398.9100236420,9.7948508354,0.0011722175,-0.0049461993,0.1745444379,-0.0005880006,0.0012910149
558398.9200236420,9.7960746555,-0.0000429262,-0.0051094170,0.1745770077,-0.0006205525,0.0013452529
558398.9300236420,9.7954602367,-0.0001976764,-0.0057144508,0.1745335812,-0.0006097018,0.0013018625
558398.9400236420,9.7946975908,0.0001041816,-0.0055554579,0.1745444379,-0.0006097018,0.0012584721
558398.9500236420,9.7953132281,0.0002588624,-0.0047979143,0.1745118680,-0.0005880006,0.0013452529
558398.9600236421,9.7959245576,-0.0000436903,-0.0048031287,0.1745444379,-0.0006097018,0.0013127101
558398.9700236419,9.7957707755,-0.0003492305,-0.0051070190,0.1745444379,-0.0006097018,0.0012584721
558398.9800236420,9.7960631513,0.0007201945,-0.0061766365,0.1745661511,-0.0006314031,0.0012910149
558398.9900236420,9.7948477748,0.0010198989,-0.0054037983,0.1745661511,-0.0005880006,0.0013452529
558399.0000236420,9.7954730454,-0.0000459133,-0.0040367737,0.1745227246,-0.0006205525,0.0012910149
558399.0100236420,9.7956212438,-0.0008075060,-0.0049534498,0.1747724271,-0.0006097018,0.0012910149
558399.0200236420,9.7948416536,0.0007152617,-0.0063189964,0.1745335812,-0.0006097018,0.0013018625
558399.0300236420,9.7951456196,0.0019365193,-0.0058634465,0.1745444379,-0.0006205525,0.0012910149
558399.0400236420,9.7948543475,-0.0003529128,-0.0052519164,0.1745444379,-0.0006205525,0.0013127101
558399.0500236420,9.7951715451,-0.0009623254,-0.0040346548,0.1745444379,-0.0005880006,0.0013344053
558399.0600236420,9.7954584806,0.0005648887,-0.0055615923,0.1746312909,-0.0006205525,0.0012801673
558399.0700236420,9.7948398688,0.0011728425,-0.0063187871,0.1746312909,-0.0005662994,0.0013452529
558399.0800236420,9.7951527872,0.0004111807,-0.0057116343,0.1746747174,-0.0006314031,0.0013344053
558399.0900236421,9.7957804949,-0.0006547704,-0.0040395902,0.1746204343,-0.0006097018,0.0012693197
558399.1000236419,9.7953137657,-0.0005036333,-0.0051032826,0.1746095776,-0.0006314031,0.0013127101
558399.1100236420,9.7960498338,0.0016359115,-0.0073962960,0.1745987210,-0.0006097018,0.0013018625
558399.1200236420,9.7957659588,0.0002610160,-0.0054117595,0.1745661511,-0.0005880006,0.0013127101
558399.1300236420,9.7954711173,-0.0011132546,-0.0047998108,0.1745987210,-0.0006314031,0.0013127101
558399.1400236420,9.7950039939,0.0013253003,-0.0047948885,0.1745878644,-0.0006097018,0.0013018625
558399.1500236420,9.7963627522,0.0008742497,-0.0067891433,0.1745770077,-0.0005880006,0.0013018625
558399.1600236420,9.7951515114,-0.0001987187,-0.0061694426,0.1745770077,-0.0006097018,0.0013344053
558399.1700236420,9.7948616299,-0.0006583138,-0.0044895071,0.1745444379,-0.0005771500,0.0012801673
558399.1800236420,9.7948513729,0.0004097218,-0.0052515676,0.1745661511,-0.0006531043,0.0012801673
558399.1900236420,9.7956073600,0.0005657223,-0.0060203903,0.1745227246,-0.0005880006,0.0013344053
558399.2000236420,9.7951479419,0.0007164428,-0.0061690241,0.1745444379,-0.0005880006,0.0013344053
558399.2100236421,9.7953161167,-0.0014187254,-0.0052562109,0.1745770077,-0.0006205525,0.0012910149
558399.2200236419,9.7953137657,-0.0005036333,-0.0051032826,0.1745770077,-0.0005880006,0.0012801673
558399.2300236420,9.7957648550,0.0014810230,-0.0049536722,0.1745770077,-0.0006314031,0.0013018625
558399.2400236420,9.7957665537,0.0001084891,-0.0054118293,0.1745444379,-0.0005880006,0.0013018625
558399.2500236420,9.7957653065,-0.0001964259,-0.0057169883,0.1745878644,-0.0005880006,0.0013127101
558399.2600236420,9.7957659875,0.0005660004,-0.0052591103,0.1745987210,-0.0006097018,0.0012910149
558399.2700236420,9.7954687949,0.0001068219,-0.0044942333,0.1745987210,-0.0006314031,0.0013127101
558399.2800236420,9.7953089777,0.0004115976,-0.0052553738,0.1745878644,-0.0006205525,0.0012910149
558399.2900236420,9.7954571761,-0.0003499950,-0.0061720499,0.1745770077,-0.0005880006,0.0013018625
558399.3000236420,9.7956079549,0.0004131954,-0.0060204601,0.1745444379,-0.0006205525,0.0012801673
558399.3100236420,9.7948574081,-0.0002005942,-0.0047943173,0.1744792981,-0.0006097018,0.0013127101
558399.3200236420,9.7953138517,0.0004113199,-0.0046453348,0.1744792981,-0.0006205525,0.0013127101
558399.3300236420,9.7953071069,-0.0000457748,-0.0057131123,0.1745010113,-0.0005880006,0.0013018625
558399.3400236421,9.7954596418,-0.0000451495,-0.0057143811,0.1744575848,-0.0006097018,0.0012910149
558399.3500236419,9.7956165132,0.0007176937,-0.0048002425,0.1745227246,-0.0006205525,0.0013018625
558399.3600236420,9.7946969673,-0.0000482759,-0.0057080374,0.1745335812,-0.0006205525,0.0012910149
558399.3700236420,9.7959202211,-0.0008059083,-0.0057185361,0.1745661511,-0.0006097018,0.0013452529
558399.3800236420,9.7954681140,-0.0006556044,-0.0049521113,0.1746204343,-0.0006097018,0.0013018625
558399.3900236420,9.7953102535,0.0010214970,-0.0047975655,0.1746530042,-0.0006205525,0.0012801673
558399.4000236420,9.7948501831,0.0007147757,-0.0052514281,0.1747072873,-0.0006314031,0.0013452529
558399.4100236420,9.7954619641,-0.0012652260,-0.0060199586,0.1746855740,-0.0005880006,0.0013452529
558399.4200236420,9.7957683671,-0.0000441073,-0.0052593893,0.1746855740,-0.0006097018,0.0012693197
558399.4300236420,9.7950069971,0.0008676501,-0.0046425880,0.1746095776,-0.0006097018,0.0013018625
558399.4400236420,9.7956201113,0.0001075166,-0.0046480118,0.1745335812,-0.0006205525,0.0013344053
558399.4500236420,9.7950001950,-0.0001994134,-0.0060156641,0.1745227246,-0.0006097018,0.0013127101
558399.4600236421,9.7962325446,-0.0014150431,-0.0051113135,0.1744575848,-0.0006205525,0.0012910149
558399.4700236419,9.7956146424,0.0002603213,-0.0052579810,0.1744901547,-0.0005880006,0.0013127101
558399.4800236420,9.7960729281,0.0010246234,-0.0048039092,0.1745010113,-0.0006314031,0.0013018625
558399.4900236420,9.7960661259,-0.0000424401,-0.0061769853,0.1745878644,-0.0006205525,0.0013127101
558399.5000236420,9.7954655910,-0.0015704187,-0.0057150786,0.1745987210,-0.0006205525,0.0013018625
558399.5100236420,9.7957696143,0.0002608077,-0.0049542303,0.1745770077,-0.0006097018,0.0013127101
558399.5200236420,9.7957690767,0.0010233034,-0.0046488620,0.1745770077,-0.0006097018,0.0012910149
558399.5300236420,9.7960722184,-0.0000427873,-0.0054144365,0.1745661511,-0.0006314031,0.0013452529
558399.5400236420,9.7945461884,-0.0008114663,-0.0058596272,0.1745878644,-0.0006205525,0.0013018625
558399.5500236420,9.7956199393,-0.0017223898,-0.0055639074,0.1745444379,-0.0006205525,0.0012910149
558399.5600236420,9.7959155478,0.0013292603,-0.0052600302,0.1746095776,-0.0005880006,0.0013018625
558399.5700236420,9.7949991772,0.0019355468,-0.0050996290,0.1745770077,-0.0006205525,0.0013127101
558399.5800236420,9.7950085812,-0.0017248214,-0.0057113422,0.1745661511,-0.0006205525,0.0013127101
558399.5900236421,9.7948572934,-0.0014205318,-0.0054049144,0.1745444379,-0.0006205525,0.0013018625
558399.6000236419,9.7951558192,0.0002585149,-0.0054066846,0.1745444379,-0.0005880006,0.0012910149
558399.6100236420,9.7956128576,0.0007179020,-0.0052577718,0.1745878644,-0.0006097018,0.0013018625
558399.6200236420,9.7948531003,-0.0006578277,-0.0055570754,0.1745987210,-0.0006314031,0.0013018625
558399.6300236420,9.7951617970,-0.0009617699,-0.0052547329,0.1745878644,-0.0006097018,0.0012801673
558399.6400236420,9.7953065120,0.0001067521,-0.0057130426,0.1745770077,-0.0006314031,0.0012910149
558399.6500236420,9.7960692725,0.0010248317,-0.0052614385,0.1745987210,-0.0005880006,0.0013127101
558399.6600236420,9.7951643200,-0.0000469556,-0.0044917655,0.1745987210,-0.0006422537,0.0013018625
558399.6700236420,9.7950140501,-0.0018776261,-0.0051013729,0.1745770077,-0.0006205525,0.0013344053
558399.6800236420,9.7957640594,-0.0005013408,-0.0060221473,0.1745661511,-0.0006205525,0.0012801673
558399.6900236420,9.7954560150,0.0002600432,-0.0060192611,0.1745444379,-0.0006097018,0.0012910149
558399.7000236420,9.7960723045,0.0008721659,-0.0049564887,0.1745118680,-0.0006097018,0.0013018625
558399.7100236421,9.7957793337,-0.0000447322,-0.0038868015,0.1745118680,-0.0006314031,0.0013127101
558399.7200236419,9.7948561036,-0.0011154779,-0.0054047749,0.1745335812,-0.0006205525,0.0013018625
558399.7300236420,9.7954523308,-0.0000447329,-0.0066294396,0.1745661511,-0.0005880006,0.0012910149
558399.7400236420,9.7956135386,0.0014803283,-0.0047998937,0.1746095776,-0.0006205525,0.0013018625
558399.7500236420,9.7947079625,0.0002560836,-0.0041828003,0.1745987210,-0.0006314031,0.0013018625
558399.7600236420,9.7951612021,-0.0008092430,-0.0052546631,0.1746095776,-0.0006314031,0.0013344053
558399.7700236420,9.7948445134,-0.0012673105,-0.0069299422,0.1745770077,-0.0006205525,0.0012910149
558399.7800236420,9.7954542015,0.0004126396,-0.0061717011,0.1745878644,-0.0005662994,0.0013127101
558399.7900236420,9.7951626213,0.0013255784,-0.0040336085,0.1745770077,-0.0006205525,0.0013344053
558399.8000236420,9.7957756208,-0.0006544927,-0.0046496293,0.1745878644,-0.0006314031,0.0013127101
558399.8100236420,9.7957586478,0.0002614326,-0.0063268181,0.1745661511,-0.0006205525,0.0012801673
558399.8200236420,9.7951472609,-0.0000459834,-0.0066269022,0.1745987210,-0.0006097018,0.0013018625
558399.8300236420,9.7957775203,0.0001078641,-0.0040392415,0.1745987210,-0.0005880006,0.0013018625
558399.8400236421,9.7953241373,-0.0003517313,-0.0037306250,0.1745227246,-0.0006422537,0.0013127101
558399.8500236419,9.7950007325,-0.0009619091,-0.0063210324,0.1745335812,-0.0006097018,0.0013018625
558399.8600236420,9.7954456433,0.0001081412,-0.0073919187,0.1745227246,-0.0006314031,0.0013127101
558399.8700236420,9.7959173612,0.0011766639,-0.0051075902,0.1745444379,-0.0005880006,0.0013018625
558399.8800236420,9.7956292071,-0.0003504808,-0.0037331625,0.1745444379,-0.0006314031,0.0013127101
558399.8900236420,9.7950086959,-0.0005048838,-0.0051007451,0.1745661511,-0.0006314031,0.0013018625
558399.9000236420,9.7948415675,-0.0001996915,-0.0067769442,0.1745987210,-0.0006097018,0.0012801673
558399.9100236420,9.7957628695,-0.0001962870,-0.0060220078,0.1745770077,-0.0006097018,0.0013452529
558399.9200236420,9.7956249854,0.0001072389,-0.0040379727,0.1745661511,-0.0005880006,0.0013127101
558399.9300236420,9.7956266841,-0.0012652951,-0.0044961298,0.1745661511,-0.0006205525,0.0012801673
558399.9400236420,9.7954505173,0.0001078635,-0.0067818796,0.1745878644,-0.0006422537,0.0013018625
558399.9500236430,9.7949954070,0.0007158176,-0.0061677554,0.1745661511,-0.0005771500,0.0013018625
558399.9600236430,9.7950105379,-0.0003524958,-0.0047956558,0.1745987210,-0.0006205525,0.0012910149
558399.9700236430,9.7956285549,-0.0008079226,-0.0040383913,0.1745987210,-0.0006097018,0.0013344053
558399.9800236430,9.7946988094,0.0001041121,-0.0054029481,0.1745444379,-0.0006422537,0.0012910149
558399.9900236430,9.7948379980,0.0007154700,-0.0067765257,0.1744575848,-0.0006097018,0.0013018625
558400.0000236430,9.7957683098,-0.0006540761,-0.0055646878,0.1745444379,-0.0006097018,0.0013452529
558400.0100236430,9.7951697316,-0.0008097290,-0.0041870948,0.1748809934,-0.0006097018,0.0013018625
558400.0200236430,9.7953119809,-0.0000460525,-0.0051030733,0.1745878644,-0.0006314031,0.0012693197
558400.0300236430,9.7946836210,0.0005624567,-0.0070803462,0.1746095776,-0.0006097018,0.0013344053
558400.0400236431,9.7950020084,-0.0003520097,-0.0058632241,0.1745878644,-0.0005880006,0.0013127101
558400.0500236430,9.7960891628,-0.0012636970,-0.0038898970,0.1745661511,-0.0005880006,0.0012801673
558400.0600236430,9.7957755922,-0.0009594771,-0.0048022785,0.1745770077,-0.0006314031,0.0013018625
558400.0700236430,9.7951510312,0.0011737458,-0.0055587758,0.1745661511,-0.0006205525,0.0013127101
558400.0800236430,9.7954542015,0.0004126396,-0.0061717011,0.1746095776,-0.0006314031,0.0013018625
558400.0900236430,9.7957779431,-0.0018745692,-0.0049552068,0.1745878644,-0.0005880006,0.0013127101
558400.1000236430,9.7960715949,-0.0001952448,-0.0055670160,0.1745878644,-0.0006314031,0.0012801673
558400.1100236430,9.7945475503,0.0007133862,-0.0049438711,0.1745878644,-0.0006097018,0.0013018625
558400.1200236430,9.7956139901,-0.0001971206,-0.0055632098,0.1745661511,-0.0006097018,0.0013561005
558400.1300236430,9.7951562994,-0.0011139496,-0.0060173514,0.1745878644,-0.0006314031,0.0013127101
558400.1400236430,9.7951678895,-0.0009621171,-0.0044921841,0.1745227246,-0.0006097018,0.0012476246
558400.1500236430,9.7959178414,-0.0001958006,-0.0057182570,0.1745661511,-0.0006422537,0.0013127101
558400.1600236431,9.7954548538,0.0008700814,-0.0058664723,0.1745444379,-0.0006097018,0.0012910149
558400.1700236429,9.7956249280,-0.0005027299,-0.0043432713,0.1745444379,-0.0006097018,0.0012801673
558400.1800236430,9.7950147884,-0.0005052310,-0.0043381963,0.1745770077,-0.0006205525,0.0013127101
558400.1900236430,9.7954632973,-0.0000453578,-0.0052568518,0.1746095776,-0.0006314031,0.0013127101
558400.2000236430,9.7953022329,-0.0000454970,-0.0063231514,0.1745661511,-0.0006314031,0.0012801673
558400.2100236430,9.7951611447,-0.0014192118,-0.0055599617,0.1745118680,-0.0006205525,0.0013344053
558400.2200236430,9.7951739821,-0.0009624643,-0.0037296353,0.1745661511,-0.0006097018,0.0012910149
558400.2300236430,9.7954658204,0.0008694565,-0.0044938845,0.1745335812,-0.0006097018,0.0012693197
558400.2400236430,9.7963651032,-0.0000408423,-0.0069420716,0.1745118680,-0.0006205525,0.0013344053
558400.2500236430,9.7946993469,-0.0006583836,-0.0057083164,0.1745118680,-0.0006314031,0.0013018625
558400.2600236430,9.7957816273,-0.0015697931,-0.0043450283,0.1745010113,-0.0006314031,0.0012910149
558400.2700236430,9.7957744310,-0.0003494389,-0.0046494898,0.1745118680,-0.0006314031,0.0013127101
558400.2800236430,9.7954608603,-0.0000452190,-0.0055618713,0.1745444379,-0.0005880006,0.0013018625
558400.2900236431,9.7957622173,-0.0006537289,-0.0063272366,0.1745661511,-0.0006205525,0.0012910149
558400.3000236430,9.7948585406,-0.0011156168,-0.0050997554,0.1745987210,-0.0006422537,0.0012910149
558400.3100236430,9.7950153546,-0.0009627424,-0.0044909153,0.1745878644,-0.0006097018,0.0013018625
558400.3200236430,9.7957599523,0.0011763164,-0.0057163605,0.1745770077,-0.0006205525,0.0012910149
558400.3300236430,9.7956121194,-0.0006544930,-0.0060209484,0.1745770077,-0.0006205525,0.0013344053
558400.3400236430,9.7951593600,-0.0009616310,-0.0055597524,0.1745770077,-0.0006314031,0.0013018625
558400.3500236430,9.7945571263,-0.0011170757,-0.0046396886,0.1746095776,-0.0006205525,0.0012801673
558400.3600236430,9.7956194304,-0.0006549097,-0.0051058898,0.1745444379,-0.0006205525,0.0013018625
558400.3700236430,9.7953053221,0.0004118060,-0.0057129031,0.1745444379,-0.0005880006,0.0013127101
558400.3800236430,9.7960757593,-0.0012629332,-0.0055675043,0.1745878644,-0.0005880006,0.0012801673
558400.3900236430,9.7957750259,-0.0005019658,-0.0046495595,0.1745661511,-0.0006531043,0.0013018625
558400.4000236430,9.7953180735,-0.0000463997,-0.0043405245,0.1745661511,-0.0006097018,0.0013018625
558400.4100236431,9.7956139901,-0.0001971206,-0.0055632098,0.1745770077,-0.0006422537,0.0012801673
558400.4200236429,9.7951623919,-0.0011142968,-0.0052548026,0.1745878644,-0.0006314031,0.0013018625
558400.4300236430,9.7954668955,-0.0006555349,-0.0051046211,0.1745118680,-0.0006097018,0.0012910149
558400.4400236430,9.7947097186,-0.0005064816,-0.0043356588,0.1745878644,-0.0006314031,0.0012910149
558400.4500236430,9.7951594173,-0.0003516622,-0.0052544538,0.1745770077,-0.0006205525,0.0013344053
558400.4600236430,9.7957670913,-0.0006540066,-0.0057171976,0.1745878644,-0.0006314031,0.0013018625
558400.4700236430,9.7957670626,-0.0009589910,-0.0058698468,0.1745987210,-0.0006205525,0.0012801673
558400.4800236430,9.7947047872,-0.0011161726,-0.0052509964,0.1745987210,-0.0006314031,0.0013018625
558400.4900236430,9.7953205391,0.0002584458,-0.0038828557,0.1745878644,-0.0006097018,0.0012801673
558400.5000236430,9.7956163985,-0.0005022439,-0.0054108396,0.1745444379,-0.0006205525,0.0013018625
558400.5100236430,9.7957677149,-0.0005015491,-0.0055646181,0.1745878644,-0.0006097018,0.0013344053
558400.5200236430,9.7950032556,-0.0000470948,-0.0055580651,0.1745878644,-0.0006314031,0.0012801673
558400.5300236430,9.7950086385,-0.0011148526,-0.0054060436,0.1745661511,-0.0006097018,0.0013018625
558400.5400236431,9.7950087245,-0.0001998995,-0.0049480958,0.1745661511,-0.0006314031,0.0013018625
558400.5500236430,9.7959196549,-0.0003483970,-0.0055658170,0.1745661511,-0.0006422537,0.0013018625
558400.5600236430,9.7954631826,-0.0012652954,-0.0058674489,0.1746095776,-0.0006097018,0.0013018625
558400.5700236430,9.7956181832,-0.0009598246,-0.0054110488,0.1745661511,-0.0006097018,0.0013018625
558400.5800236430,9.7957677722,0.0001084196,-0.0052593195,0.1745444379,-0.0006314031,0.0013127101
558400.5900236430,9.7953174499,-0.0001988572,-0.0044931040,0.1745661511,-0.0006097018,0.0013018625
558400.6000236430,9.7948561323,-0.0008104935,-0.0052521256,0.1745335812,-0.0006314031,0.0013018625
558400.6100236430,9.7956157175,-0.0012646701,-0.0058687176,0.1745878644,-0.0006205525,0.0012801673
558400.6200236430,9.7950080723,-0.0006573413,-0.0052533246,0.1745987210,-0.0006205525,0.0012910149
558400.6300236430,9.7954748875,0.0001064747,-0.0037316845,0.1745444379,-0.0006205525,0.0013452529
558400.6400236430,9.7953125185,-0.0008085483,-0.0054084416,0.1745770077,-0.0006422537,0.0012910149
558400.6500236430,9.7957676289,-0.0014165023,-0.0060225659,0.1745227246,-0.0006205525,0.0012910149
558400.6600236431,9.7951569803,-0.0003515233,-0.0055594734,0.1745770077,-0.0006205525,0.0013018625
558400.6700236429,9.7954706370,0.0002592099,-0.0041891440,0.1745878644,-0.0006314031,0.0013127101
558400.6800236430,9.7956248707,-0.0011126987,-0.0046485698,0.1746095776,-0.0006314031,0.0012910149
558400.6900236430,9.7957694136,-0.0018740831,-0.0060227751,0.1745770077,-0.0006097018,0.0013018625
558400.7000236430,9.7957616797,0.0001087668,-0.0060218683,0.1745661511,-0.0006314031,0.0012910149
558400.7100236430,9.7951594460,-0.0000466778,-0.0051018046,0.1745661511,-0.0006097018,0.0013127101
558400.7200236430,9.7953216716,-0.0006565768,-0.0041882938,0.1745444379,-0.0006422537,0.0013452529
558400.7300236430,9.7957682811,-0.0009590605,-0.0057173371,0.1746095776,-0.0006205525,0.0012910149
558400.7400236430,9.7954577137,-0.0011124907,-0.0064774182,0.1746312909,-0.0006314031,0.0012693197
558400.7500236430,9.7951600123,-0.0005041891,-0.0052545236,0.1746312909,-0.0006097018,0.0013344053
558400.7600236430,9.7954693899,-0.0000457050,-0.0044943030,0.1746204343,-0.0006314031,0.0013018625
558400.7700236430,9.7951666424,-0.0012670320,-0.0047973431,0.1746312909,-0.0006205525,0.0013018625
558400.7800236430,9.7954626164,-0.0008077841,-0.0057147299,0.1746204343,-0.0006314031,0.0013018625
558400.7900236431,9.7954595845,-0.0006551183,-0.0060196796,0.1745335812,-0.0006097018,0.0012910149
558400.8000236430,9.7948616012,-0.0009632982,-0.0046421564,0.1745661511,-0.0006422537,0.0012910149
558400.8100236430,9.7954674904,-0.0008080619,-0.0051046908,0.1745444379,-0.0006422537,0.0013018625
558400.8200236430,9.7960704050,0.0001098091,-0.0055668765,0.1745227246,-0.0006097018,0.0012910149
558400.8300236430,9.7950026033,-0.0005045367,-0.0058632939,0.1745227246,-0.0006205525,0.0013018625
558400.8400236430,9.7950135125,-0.0011151304,-0.0047960046,0.1745227246,-0.0006205525,0.0013018625
558400.8500236430,9.7954638636,-0.0005028691,-0.0054095708,0.1745661511,-0.0006422537,0.0012910149
558400.8600236430,9.7956091161,-0.0001968428,-0.0061732488,0.1745770077,-0.0006422537,0.0012910149
558400.8700236430,9.7957700945,-0.0011116568,-0.0055648971,0.1746095776,-0.0006205525,0.0013127101
558400.8800236430,9.7950068251,-0.0009622563,-0.0055584836,0.1745987210,-0.0006314031,0.0012801673
558400.8900236430,9.7945553129,-0.0009644793,-0.0047921286,0.1746204343,-0.0006205525,0.0012910149
558400.9000236430,9.7947169436,-0.0014218514,-0.0038785481,0.1745987210,-0.0006205525,0.0013452529
558400.9100236431,9.7953027704,-0.0008079927,-0.0066285197,0.1745770077,-0.0006314031,0.0012910149
558400.9200236429,9.7960758453,-0.0003479800,-0.0051095565,0.1745661511,-0.0006205525,0.0012910149
558400.9300236430,9.7950123800,-0.0002001078,-0.0044905666,0.1745444379,-0.0006205525,0.0013127101
558400.9400236430,9.7954704937,-0.0012657120,-0.0049523903,0.1745770077,-0.0006422537,0.0013018625
558400.9500236430,9.7959219485,-0.0018734578,-0.0060240439,0.1745987210,-0.0006205525,0.0013018625
558400.9600236430,9.7963796106,-0.0012616132,-0.0057225516,0.1745878644,-0.0006314031,0.0013018625
558400.9700236430,9.7953156364,-0.0000462609,-0.0046455440,0.1745770077,-0.0006314031,0.0013018625
558400.9800236430,9.7954681140,-0.0006556044,-0.0049521113,0.1746204343,-0.0006314031,0.0013127101
558400.9900236430,9.7951635244,-0.0020293194,-0.0055602407,0.1745987210,-0.0006314031,0.0013018625
558401.0000236430,9.7956189215,0.0004125704,-0.0046478722,0.1746204343,-0.0006314031,0.0012801673
558401.0100236430,9.7956170221,-0.0003497864,-0.0052582601,0.1748809934,-0.0006314031,0.0013018625
558401.0200236440,9.7953143893,-0.0003511758,-0.0049507031,0.1746095776,-0.0006422537,0.0013127101
558401.0300236440,9.7951586790,-0.0017240573,-0.0060176304,0.1746095776,-0.0006205525,0.0012801673
558401.0400236440,9.7959275608,-0.0005013405,-0.0046508283,0.1745878644,-0.0006097018,0.0013018625
558401.0500236440,9.7953138517,0.0004113199,-0.0046453348,0.1745444379,-0.0006422537,0.0013344053
558401.0600236440,9.7954668668,-0.0009605193,-0.0052572703,0.1745444379,-0.0006531043,0.0013018625
558401.0700236440,9.7953179014,-0.0018763061,-0.0052564201,0.1745770077,-0.0006205525,0.0013127101
558401.0800236440,9.7957725029,-0.0014167801,-0.0054125268,0.1745661511,-0.0006314031,0.0012801673
558401.0900236440,9.7956189215,0.0004125704,-0.0046478722,0.1745444379,-0.0006097018,0.0012910149
558401.1000236440,9.7951636964,-0.0001994131,-0.0046443451,0.1745661511,-0.0006314031,0.0013344053
558401.1100236441,9.7951653665,-0.0018769314,-0.0052551514,0.1745661511,-0.0006314031,0.0013018625
558401.1200236439,9.7956272503,-0.0017228064,-0.0046488488,0.1745770077,-0.0006314031,0.0012693197
558401.1300236440,9.7954729594,-0.0009608665,-0.0044947216,0.1746095776,-0.0006205525,0.0013127101
558401.1400236440,9.7957702379,0.0004132652,-0.0048016507,0.1746095776,-0.0006314031,0.0012910149
558401.1500236440,9.7957731838,-0.0006543538,-0.0049546488,0.1746095776,-0.0006205525,0.0012801673
558401.1600236440,9.7953106190,-0.0015709051,-0.0060188294,0.1745661511,-0.0006314031,0.0013127101
558401.1700236440,9.7954589322,-0.0011125602,-0.0063249084,0.1745770077,-0.0006205525,0.0012910149
558401.1800236440,9.7953157225,0.0008686923,-0.0041875962,0.1745661511,-0.0006205525,0.0012910149
558401.1900236440,9.7950202573,-0.0006580357,-0.0037282270,0.1745878644,-0.0006422537,0.0013018625
558401.2000236440,9.7963899249,-0.0017196800,-0.0046551925,0.1745878644,-0.0006531043,0.0013127101
558401.2100236440,9.7950031696,-0.0009620480,-0.0060160129,0.1745770077,-0.0006314031,0.0012584721
558401.2200236440,9.7953076731,-0.0005032861,-0.0058658314,0.1745770077,-0.0006314031,0.0013127101
558401.2300236440,9.7956237382,-0.0001976761,-0.0043431318,0.1745335812,-0.0006314031,0.0013452529
558401.2400236439,9.7963911721,-0.0014147650,-0.0043500335,0.1745987210,-0.0006531043,0.0012910149
558401.2500236440,9.7947047585,-0.0014211570,-0.0054036457,0.1745661511,-0.0006422537,0.0013452529
558401.2600236440,9.7954583086,-0.0012650177,-0.0064774879,0.1745878644,-0.0006205525,0.0013018625
558401.2700236440,9.7960746555,-0.0000429262,-0.0051094170,0.1746095776,-0.0006205525,0.0012693197
558401.2800236440,9.7957828745,-0.0012648781,-0.0040398693,0.1745987210,-0.0006422537,0.0013018625
558401.2900236440,9.7953167689,-0.0009612835,-0.0049509821,0.1745878644,-0.0006422537,0.0013127101
558401.3000236440,9.7949994854,-0.0012668241,-0.0066261915,0.1745335812,-0.0006314031,0.0012910149
558401.3100236440,9.7950019511,-0.0009619785,-0.0061685227,0.1745661511,-0.0005880006,0.0013127101
558401.3200236440,9.7953259221,-0.0008093121,-0.0037308343,0.1745770077,-0.0006314031,0.0013127101
558401.3300236440,9.7957823370,-0.0005023824,-0.0037345010,0.1745335812,-0.0006205525,0.0012801673
558401.3400236440,9.7951569230,-0.0009614921,-0.0058647719,0.1745661511,-0.0006531043,0.0012801673
558401.3500236440,9.7956084638,-0.0006542847,-0.0064784776,0.1746095776,-0.0006097018,0.0013018625
558401.3600236441,9.7950068538,-0.0006572719,-0.0054058344,0.1745878644,-0.0006205525,0.0012693197
558401.3700236439,9.7951752293,-0.0006575493,-0.0034244763,0.1745770077,-0.0006205525,0.0013018625
558401.3800236440,9.7956213298,0.0001074472,-0.0044955020,0.1745335812,-0.0006531043,0.0013127101
558401.3900236440,9.7953050927,-0.0020280692,-0.0069340972,0.1745878644,-0.0006314031,0.0012910149
558401.4000236440,9.7950067677,-0.0015722251,-0.0058637822,0.1745987210,-0.0006205525,0.0012910149
558401.4100236440,9.7948713206,-0.0012688381,-0.0035747276,0.1745770077,-0.0006205525,0.0012910149
558401.4200236440,9.7956280746,0.0005645419,-0.0034277244,0.1746095776,-0.0006422537,0.0012910149
558401.4300236440,9.7960709139,-0.0009576710,-0.0060248941,0.1745878644,-0.0006314031,0.0013127101
558401.4400236440,9.7950067104,-0.0021821939,-0.0061690807,0.1745987210,-0.0006314031,0.0012910149
558401.4500236440,9.7953137083,-0.0011136021,-0.0054085811,0.1744901547,-0.0006097018,0.0012910149
558401.4600236440,9.7959397746,-0.0001970505,-0.0029730814,0.1745444379,-0.0006531043,0.0012801673
558401.4700236440,9.7956285262,-0.0011129070,-0.0041910405,0.1745444379,-0.0006314031,0.0013344053
558401.4800236440,9.7948481690,-0.0012675188,-0.0064724130,0.1745444379,-0.0006422537,0.0012910149
558401.4900236439,9.7954619641,-0.0012652260,-0.0060199586,0.1745878644,-0.0006205525,0.0012910149
558401.5000236440,9.7956279600,-0.0006553957,-0.0040383215,0.1745444379,-0.0006205525,0.0012910149
558401.5100236440,9.7951674093,0.0004103474,-0.0038815172,0.1745227246,-0.0006314031,0.0013127101
558401.5200236440,9.7945546606,-0.0014219212,-0.0050973574,0.1745010113,-0.0006639550,0.0013018625
558401.5300236440,9.7950042734,-0.0021820550,-0.0064741002,0.1745987210,-0.0006314031,0.0013127101
558401.5400236440,9.7951576039,-0.0001990659,-0.0054068938,0.1746095776,-0.0006314031,0.0013018625
558401.5500236440,9.7951722260,-0.0001998991,-0.0035767767,0.1746312909,-0.0006314031,0.0012693197
558401.5600236440,9.7953198295,-0.0008089649,-0.0044933831,0.1746312909,-0.0006531043,0.0013018625
558401.5700236440,9.7950055492,-0.0015721556,-0.0060162919,0.1745987210,-0.0006314031,0.0013127101
558401.5800236440,9.7953100528,-0.0011133938,-0.0058661104,0.1745878644,-0.0006314031,0.0012801673
558401.5900236440,9.7956291498,-0.0009604496,-0.0040384610,0.1745444379,-0.0006097018,0.0013018625
558401.6000236440,9.7951759102,0.0001048770,-0.0029665982,0.1745770077,-0.0006639550,0.0013127101
558401.6100236441,9.7953148982,-0.0014186559,-0.0054087206,0.1745987210,-0.0006422537,0.0012910149
558401.6200236439,9.7953057163,-0.0018756117,-0.0067815177,0.1745878644,-0.0006422537,0.0013018625
558401.6300236440,9.7950147884,-0.0005052310,-0.0043381963,0.1745878644,-0.0005880006,0.0013127101
558401.6400236440,9.7954839259,-0.0009614915,-0.0031221337,0.1745661511,-0.0006531043,0.0013127101
558401.6500236440,9.7950097423,-0.0023348597,-0.0058641310,0.1745770077,-0.0006422537,0.0013127101
558401.6600236440,9.7953021182,-0.0012654346,-0.0069337485,0.1745118680,-0.0006422537,0.0012693197
558401.6700236440,9.7945510911,-0.0005067597,-0.0050969389,0.1745661511,-0.0006314031,0.0012910149
558401.6800236440,9.7948713493,-0.0009638537,-0.0034220783,0.1745770077,-0.0006314031,0.0013018625
558401.6900236440,9.7954706084,-0.0000457745,-0.0043417933,0.1744792981,-0.0006314031,0.0013018625
558401.7000236440,9.7951537763,-0.0020287639,-0.0067803187,0.1743924451,-0.0006422537,0.0012910149
558401.7100236440,9.7954632113,-0.0009603110,-0.0057147996,0.1745010113,-0.0005880006,0.0013127101
558401.7200236440,9.7951765051,-0.0000476500,-0.0029666680,0.1745661511,-0.0006422537,0.0012910149
558401.7300236440,9.7953240513,-0.0012666845,-0.0041885728,0.1746312909,-0.0006422537,0.0013127101
558401.7400236439,9.7951599549,-0.0011141579,-0.0055598221,0.1746095776,-0.0006531043,0.0012910149
558401.7500236440,9.7950007612,-0.0006569247,-0.0061683832,0.1745878644,-0.0006314031,0.0012801673
558401.7600236440,9.7948615725,-0.0012682826,-0.0047948056,0.1745770077,-0.0006422537,0.0013344053
558401.7700236440,9.7956334002,-0.0011131848,-0.0035810015,0.1745878644,-0.0006205525,0.0012910149
558401.7800236440,9.7954734969,-0.0017233622,-0.0048000899,0.1745661511,-0.0006422537,0.0012910149
558401.7900236440,9.7951586504,-0.0020290417,-0.0061702797,0.1745335812,-0.0006314031,0.0012910149
558401.8000236440,9.7956182406,-0.0003498558,-0.0051057503,0.1745444379,-0.0006314031,0.0012910149
558401.8100236440,9.7954735829,-0.0008084090,-0.0043421420,0.1745335812,-0.0006422537,0.0012801673
558401.8200236440,9.7956272217,-0.0020277908,-0.0048014981,0.1745770077,-0.0006314031,0.0013127101
558401.8300236440,9.7947004794,-0.0015734062,-0.0060137545,0.1745878644,-0.0006314031,0.0012910149
558401.8400236440,9.7951594173,-0.0003516622,-0.0052544538,0.1745444379,-0.0006314031,0.0012801673
558401.8500236440,9.7959336534,-0.0005016877,-0.0038882795,0.1745661511,-0.0006314031,0.0013127101
558401.8600236441,9.7956188068,-0.0008073671,-0.0052584693,0.1745335812,-0.0006531043,0.0012910149
558401.8700236439,9.7951617110,-0.0018767231,-0.0057126807,0.1745987210,-0.0006097018,0.0012693197
558401.8800236440,9.7950129176,-0.0009626035,-0.0047959349,0.1745770077,-0.0006422537,0.0013018625
558401.8900236440,9.7951722547,0.0001050853,-0.0034241275,0.1746204343,-0.0006314031,0.0013018625
558401.9000236440,9.7951690794,-0.0012671709,-0.0044923236,0.1745987210,-0.0006314031,0.0013018625
558401.9100236440,9.7948530143,-0.0015727809,-0.0060150232,0.1745661511,-0.0006422537,0.0013452529
558401.9200236440,9.7954698414,-0.0017231539,-0.0052576191,0.1745661511,-0.0006314031,0.0012801673
558401.9300236440,9.7953198582,-0.0005039805,-0.0043407338,0.1745661511,-0.0006314031,0.0012801673
558401.9400236440,9.7948725964,-0.0006589387,-0.0031169193,0.1745987210,-0.0006639550,0.0013127101
558401.9500236440,9.7956199680,-0.0014174054,-0.0054112581,0.1745444379,-0.0006314031,0.0013018625
558401.9600236440,9.7951586790,-0.0017240573,-0.0060176304,0.1746204343,-0.0006314031,0.0012584721
558401.9700236440,9.7954722784,-0.0017232928,-0.0049525996,0.1745987210,-0.0006097018,0.0013018625
558401.9800236440,9.7947164060,-0.0006593557,-0.0035731798,0.1746204343,-0.0006531043,0.0013344053
558401.9900236439,9.7954729594,-0.0009608665,-0.0044947216,0.1745987210,-0.0006531043,0.0012801673
558402.0000236440,9.7953135650,-0.0026385241,-0.0061718275,0.1746312909,-0.0006314031,0.0012910149
558402.0100236440,9.7948566698,-0.0015729892,-0.0055574939,0.1749244199,-0.0006097018,0.0012910149
558402.0200236440,9.7962405939,-0.0000430647,-0.0034330784,0.1745878644,-0.0006314031,0.0012693197
558402.0300236440,9.7953302012,-0.0006570629,-0.0031207255,0.1746095776,-0.0006531043,0.0013452529
558402.0400236440,9.7959183790,-0.0009582963,-0.0060236253,0.1745227246,-0.0006422537,0.0013018625
558402.0500236440,9.7953063686,-0.0014181699,-0.0064762889,0.1745661511,-0.0006314031,0.0012693197
558402.0600236440,9.7951726775,-0.0018773480,-0.0043400929,0.1745878644,-0.0006422537,0.0012910149
558402.0700236440,9.7951764478,-0.0006576187,-0.0032719665,0.1745770077,-0.0006422537,0.0013127101
558402.0800236440,9.7956261179,-0.0008077838,-0.0043434108,0.1746204343,-0.0006748056,0.0012801673
558402.0900236450,9.7956150653,-0.0017221120,-0.0061739464,0.1745878644,-0.0006097018,0.0013344053
558402.1000236450,9.7954686229,-0.0017230845,-0.0054101289,0.1745335812,-0.0006422537,0.0013018625
558402.1100236450,9.7954754537,-0.0003510366,-0.0038844035,0.1745227246,-0.0006205525,0.0012693197
558402.1200236450,9.7954766435,-0.0006560904,-0.0038845430,0.1745335812,-0.0006531043,0.0013127101
558402.1300236450,9.7956192870,-0.0021798316,-0.0058691362,0.1745987210,-0.0006314031,0.0013344053
558402.1400236450,9.7950024886,-0.0017244742,-0.0064738910,0.1745878644,-0.0006639550,0.0012476246
558402.1500236450,9.7956260605,-0.0014177526,-0.0046487093,0.1745770077,-0.0006097018,0.0012910149
558402.1600236450,9.7951704699,0.0005626660,-0.0034239182,0.1745444379,-0.0006531043,0.0013561005
558402.1700236450,9.7963869503,-0.0009570454,-0.0046548437,0.1745661511,-0.0006314031,0.0012801673
558402.1800236451,9.7956211291,-0.0020274436,-0.0055640469,0.1745444379,-0.0006422537,0.0012910149
558402.1900236449,9.7956242184,-0.0015701406,-0.0049537986,0.1745878644,-0.0006314031,0.0013127101
558402.2000236450,9.7954742352,-0.0003509672,-0.0040369133,0.1745770077,-0.0006422537,0.0012693197
558402.2100236450,9.7954826501,-0.0015713908,-0.0035799420,0.1745770077,-0.0006531043,0.0013018625
558402.2200236450,9.7950134839,-0.0014201148,-0.0049486539,0.1745661511,-0.0006422537,0.0013344053
558402.2300236450,9.7951580555,-0.0018765148,-0.0061702100,0.1745987210,-0.0006205525,0.0012910149
558402.2400236450,9.7953252411,-0.0015717383,-0.0041887123,0.1745444379,-0.0006531043,0.0013018625
558402.2500236450,9.7957798426,-0.0011122123,-0.0043448190,0.1745335812,-0.0006097018,0.0013018625
558402.2600236450,9.7951612594,-0.0001992742,-0.0049493646,0.1745661511,-0.0006748056,0.0012801673
558402.2700236450,9.7954625304,-0.0017227373,-0.0061726777,0.1745770077,-0.0006097018,0.0012910149
558402.2800236450,9.7951653665,-0.0018769314,-0.0052551514,0.1745878644,-0.0006531043,0.0013018625
558402.2900236450,9.7954735543,-0.0011133934,-0.0044947913,0.1745770077,-0.0006205525,0.0012910149
558402.3000236450,9.7956267414,-0.0006553263,-0.0041908313,0.1745661511,-0.0006314031,0.0013018625
558402.3100236451,9.7951715737,-0.0006573410,-0.0038820055,0.1745444379,-0.0006531043,0.0013344053
558402.3200236449,9.7957651632,-0.0017213479,-0.0064802347,0.1745335812,-0.0006422537,0.0012910149
558402.3300236450,9.7951611161,-0.0017241962,-0.0057126109,0.1745770077,-0.0006205525,0.0012693197
558402.3400236450,9.7957870963,-0.0017225977,-0.0037350590,0.1745878644,-0.0006531043,0.0013344053
558402.3500236450,9.7951740681,-0.0000475111,-0.0032716875,0.1744141583,-0.0006314031,0.0012910149
558402.3600236450,9.7954583946,-0.0003500645,-0.0060195401,0.1744250149,-0.0006422537,0.0012910149
558402.3700236450,9.7947076471,-0.0030987448,-0.0058619423,0.1745444379,-0.0006314031,0.0013344053
558402.3800236450,9.7956321530,-0.0014180997,-0.0038861605,0.1745770077,-0.0006422537,0.0013018625
558402.3900236450,9.7954796181,-0.0014187250,-0.0038848918,0.1745987210,-0.0006639550,0.0012801673
558402.4000236450,9.7957756208,-0.0006544927,-0.0046496293,0.1745878644,-0.0006205525,0.0013018625
558402.4100236450,9.7953082680,-0.0006558130,-0.0058659011,0.1746095776,-0.0006422537,0.0013018625
558402.4200236450,9.7947125498,-0.0027940382,-0.0050992540,0.1745661511,-0.0006422537,0.0013018625
558402.4300236451,9.7953203958,-0.0012664762,-0.0046461021,0.1744901547,-0.0006314031,0.0012910149
558402.4400236449,9.7956231433,-0.0000451492,-0.0043430620,0.1745227246,-0.0006314031,0.0012910149
558402.4500236450,9.7951666137,-0.0015720164,-0.0049499924,0.1745335812,-0.0006531043,0.0013127101
558402.4600236450,9.7962324299,-0.0026349807,-0.0057219106,0.1745770077,-0.0006531043,0.0012910149
558402.4700236450,9.7951683984,-0.0020295972,-0.0049502016,0.1745878644,-0.0006205525,0.0012693197
558402.4800236450,9.7951714877,-0.0015722942,-0.0043399533,0.1746530042,-0.0006422537,0.0013127101
558402.4900236450,9.7957786528,-0.0008071585,-0.0043446795,0.1746747174,-0.0006205525,0.0013127101
558402.5000236450,9.7951642627,-0.0006569244,-0.0047970641,0.1746095776,-0.0006639550,0.0012910149
558402.5100236450,9.7959335100,-0.0020266097,-0.0046515258,0.1746095776,-0.0006314031,0.0013127101
558402.5200236450,9.7959317539,-0.0012640445,-0.0044986673,0.1745661511,-0.0006422537,0.0012910149
558402.5300236450,9.7947109084,-0.0008115354,-0.0043357984,0.1745335812,-0.0006314031,0.0012910149
558402.5400236450,9.7954693038,-0.0009606582,-0.0049522508,0.1745118680,-0.0006639550,0.0013127101
558402.5500236450,9.7954668381,-0.0012655037,-0.0054099196,0.1745010113,-0.0006422537,0.0013344053
558402.5600236451,9.7951665563,-0.0021819852,-0.0052552909,0.1745118680,-0.0006422537,0.0012801673
558402.5700236449,9.7953179874,-0.0009613529,-0.0047984723,0.1745118680,-0.0006422537,0.0013018625
558402.5800236450,9.7950112189,0.0004099305,-0.0043377778,0.1745335812,-0.0006097018,0.0013018625
558402.5900236450,9.7947139117,-0.0012691856,-0.0041834979,0.1745335812,-0.0006531043,0.0013018625
558402.6000236450,9.7950213038,-0.0024880115,-0.0044916129,0.1745661511,-0.0006422537,0.0013018625
558402.6100236450,9.7951648863,-0.0005044669,-0.0046444846,0.1745335812,-0.0006314031,0.0012910149
558402.6200236450,9.7953161740,-0.0008087566,-0.0049509123,0.1745878644,-0.0006531043,0.0012910149
558402.6300236450,9.7957859065,-0.0014175439,-0.0037349195,0.1745878644,-0.0006205525,0.0013127101
558402.6400236450,9.7947139117,-0.0012691856,-0.0041834979,0.1745335812,-0.0006965068,0.0013018625
558402.6500236450,9.7951665277,-0.0024869696,-0.0054079402,0.1745661511,-0.0006205525,0.0012801673
558402.6600236450,9.7945528185,-0.0015743092,-0.0054024467,0.1745770077,-0.0006531043,0.0013127101
558402.6700236450,9.7950171681,-0.0011153387,-0.0043384753,0.1746204343,-0.0006422537,0.0012801673
558402.6800236451,9.7953295489,-0.0011145048,-0.0034259543,0.1745770077,-0.0006422537,0.0013018625
558402.6900236449,9.7954698414,-0.0017231539,-0.0052576191,0.1746095776,-0.0006422537,0.0013344053
558402.7000236450,9.7953112140,-0.0017234320,-0.0060188992,0.1746095776,-0.0006314031,0.0012801673
558402.7100236450,9.7950147024,-0.0014201842,-0.0047961441,0.1745444379,-0.0006314031,0.0012801673
558402.7200236450,9.7950257263,-0.0008108404,-0.0031182578,0.1745878644,-0.0006639550,0.0013127101
558402.7300236450,9.7951739247,-0.0015724331,-0.0040349338,0.1745987210,-0.0006531043,0.0012910149
558402.7400236450,9.7953124038,-0.0020284858,-0.0060190387,0.1746204343,-0.0006639550,0.0012801673
558402.7500236450,9.7947047585,-0.0014211570,-0.0054036457,0.1746095776,-0.0006097018,0.0013344053
558402.7600236450,9.7950274824,-0.0015734055,-0.0032711163,0.1745661511,-0.0006531043,0.0013018625
558402.7700236450,9.7950214185,-0.0012680739,-0.0038810158,0.1745878644,-0.0006422537,0.0013018625
558402.7800236450,9.7951629868,-0.0012668237,-0.0052548724,0.1745444379,-0.0006639550,0.0012801673
558402.7900236450,9.7954625590,-0.0014177529,-0.0060200284,0.1745335812,-0.0006097018,0.0013344053
558402.8000236450,9.7950189815,-0.0012679351,-0.0041860353,0.1745878644,-0.0006531043,0.0012693197
558402.8100236451,9.7953331471,-0.0017246819,-0.0032737235,0.1745878644,-0.0006314031,0.0013018625
558402.8200236449,9.7957731265,-0.0012643226,-0.0052599473,0.1745878644,-0.0006531043,0.0013127101
558402.8300236450,9.7951581415,-0.0009615616,-0.0057122621,0.1745227246,-0.0006314031,0.0013018625
558402.8400236450,9.7957833834,-0.0023323582,-0.0044978868,0.1744575848,-0.0006422537,0.0013018625
558402.8500236450,9.7950262638,-0.0015733361,-0.0034236261,0.1744792981,-0.0006314031,0.0012910149
558402.8600236450,9.7956243331,-0.0003502030,-0.0043432015,0.1744575848,-0.0006531043,0.0012801673
558402.8700236450,9.7951630155,-0.0009618393,-0.0051022231,0.1745335812,-0.0006422537,0.0013127101
558402.8800236450,9.7954783423,-0.0020286244,-0.0043427001,0.1745227246,-0.0006531043,0.0013127101
558402.8900236450,9.7950207662,-0.0017255158,-0.0041862446,0.1745878644,-0.0006314031,0.0012910149
558402.9000236450,9.7957749972,-0.0008069502,-0.0048022088,0.1745770077,-0.0006531043,0.0013018625
558402.9100236450,9.7953162027,-0.0005037722,-0.0047982631,0.1745987210,-0.0006205525,0.0013127101
558402.9200236450,9.7954795895,-0.0017237094,-0.0040375411,0.1745878644,-0.0006639550,0.0013018625
558402.9300236451,9.7954746294,-0.0026383849,-0.0051055279,0.1746204343,-0.0006422537,0.0012910149
558402.9400236449,9.7956199966,-0.0011124210,-0.0052586088,0.1746204343,-0.0006639550,0.0012910149
558402.9500236450,9.7956177030,0.0004126399,-0.0048003820,0.1746204343,-0.0006314031,0.0013127101
558402.9600236450,9.7950219847,-0.0017255853,-0.0040337348,0.1745878644,-0.0006422537,0.0013127101
558402.9700236450,9.7947181334,-0.0017269052,-0.0038786876,0.1743490185,-0.0006531043,0.0012801673
558402.9800236450,9.7954667234,-0.0024854413,-0.0060205167,0.1744901547,-0.0006422537,0.0013127101
558402.9900236450,9.7956182119,-0.0006548402,-0.0052583996,0.1745118680,-0.0006314031,0.0012910149
558403.0000236450,9.7954821125,-0.0008088951,-0.0032745737,0.1745770077,-0.0006422537,0.0012910149
558403.0100236450,9.7953318999,-0.0020295968,-0.0035788826,0.1748592801,-0.0006639550,0.0013018625
558403.0200236450,9.7954686229,-0.0017230845,-0.0054101289,0.1745770077,-0.0006531043,0.0012910149
558403.0300236450,9.7951599549,-0.0011141579,-0.0055598221,0.1745987210,-0.0006314031,0.0013018625
558403.0400236450,9.7956272217,-0.0020277908,-0.0048014981,0.1745878644,-0.0006422537,0.0013127101
558403.0500236450,9.7959414446,-0.0018745688,-0.0035838878,0.1745661511,-0.0006314031,0.0012693197
558403.0600236451,9.7954839833,-0.0003515227,-0.0028168352,0.1745770077,-0.0006531043,0.0012801673
558403.0700236449,9.7957773196,-0.0020270266,-0.0051077864,0.1745770077,-0.0006531043,0.0013344053
558403.0800236450,9.7956168787,-0.0018747084,-0.0060215064,0.1745444379,-0.0006422537,0.0012910149
558403.0900236450,9.7951780891,-0.0026401215,-0.0040354221,0.1745878644,-0.0006314031,0.0012801673
558403.1000236450,9.7953374262,-0.0015724327,-0.0026636147,0.1745987210,-0.0006531043,0.0013344053
558403.1100236450,9.7945614628,-0.0003548577,-0.0037242813,0.1745878644,-0.0006639550,0.0012910149
558403.1200236450,9.7957681091,-0.0027889668,-0.0066332327,0.1746095776,-0.0006422537,0.0012801673
558403.1300236450,9.7954770951,-0.0023335393,-0.0046478591,0.1745878644,-0.0006205525,0.0013127101
558403.1400236450,9.7953381358,-0.0005050221,-0.0020530874,0.1746095776,-0.0006639550,0.0013018625
558403.1500236450,9.7953289253,-0.0012669623,-0.0035785338,0.1746638608,-0.0006639550,0.0013018625
558403.1600236450,9.7946992322,-0.0018783212,-0.0063189135,0.1746312909,-0.0006531043,0.0013452529
558403.1700236460,9.7953141885,-0.0024860666,-0.0060192480,0.1745987210,-0.0006205525,0.0012801673
558403.1800236460,9.7950232319,-0.0014206703,-0.0037285758,0.1745661511,-0.0006422537,0.0012693197
558403.1900236460,9.7956382742,-0.0011134625,-0.0029709625,0.1745661511,-0.0006531043,0.0013344053
558403.2000236460,9.7951587651,-0.0008091041,-0.0055596826,0.1744792981,-0.0006531043,0.0013018625
558403.2100236460,9.7956210144,-0.0032473812,-0.0061746440,0.1745444379,-0.0006205525,0.0012801673
558403.2200236460,9.7944160955,-0.0018808216,-0.0035712004,0.1745444379,-0.0006531043,0.0013018625
558403.2300236460,9.7957902429,-0.0006553260,-0.0028195122,0.1745335812,-0.0006422537,0.0013127101
558403.2400236460,9.7954723644,-0.0008083396,-0.0044946518,0.1745987210,-0.0006531043,0.0012910149
558403.2500236460,9.7950103372,-0.0024873866,-0.0058642007,0.1745444379,-0.0006422537,0.0013344053
558403.2600236461,9.7956241324,-0.0024850938,-0.0054117464,0.1745444379,-0.0006531043,0.0012693197
558403.2700236459,9.7947181908,-0.0011169365,-0.0035733891,0.1745118680,-0.0006531043,0.0012693197
558403.2800236460,9.7954833023,-0.0011139489,-0.0032747132,0.1745661511,-0.0006639550,0.0013561005
558403.2900236460,9.7956260605,-0.0014177526,-0.0046487093,0.1745987210,-0.0006422537,0.0013344053
558403.3000236460,9.7956186634,-0.0023322891,-0.0060217157,0.1745444379,-0.0006422537,0.0012801673
558403.3100236460,9.7959329724,-0.0012641140,-0.0043461575,0.1745444379,-0.0006314031,0.0013018625
558403.3200236460,9.7951770427,-0.0008101457,-0.0032720363,0.1745335812,-0.0006639550,0.0012910149
558403.3300236460,9.7956321244,-0.0017230841,-0.0040388098,0.1745335812,-0.0006422537,0.0012910149
558403.3400236460,9.7945527899,-0.0018792936,-0.0055550960,0.1745010113,-0.0006639550,0.0013127101
558403.3500236460,9.7957773769,-0.0014170578,-0.0048024878,0.1745444379,-0.0006314031,0.0013127101
558403.3600236460,9.7951733585,-0.0011149217,-0.0038822148,0.1745661511,-0.0006422537,0.0012801673
558403.3700236460,9.7953324661,-0.0024871082,-0.0037316016,0.1745770077,-0.0006422537,0.0013127101
558403.3800236461,9.7950128603,-0.0015725723,-0.0051012334,0.1745878644,-0.0006639550,0.0012910149
558403.3900236459,9.7947053248,-0.0018786683,-0.0055563647,0.1745770077,-0.0006639550,0.0012693197
558403.4000236460,9.7951744910,-0.0020299444,-0.0041876529,0.1745878644,-0.0006422537,0.0013018625
558403.4100236460,9.7951715164,-0.0012673098,-0.0041873041,0.1745661511,-0.0006531043,0.0013127101
558403.4200236460,9.7954759913,-0.0011135323,-0.0041897718,0.1745878644,-0.0006314031,0.0012801673
558403.4300236460,9.7954728733,-0.0018758197,-0.0049526694,0.1746204343,-0.0006422537,0.0013127101
558403.4400236460,9.7950123227,-0.0008100766,-0.0047958651,0.1745770077,-0.0006531043,0.0012910149
558403.4500236460,9.7956356652,-0.0029432300,-0.0041918776,0.1745878644,-0.0006422537,0.0013018625
558403.4600236460,9.7954783423,-0.0020286244,-0.0043427001,0.1745335812,-0.0006748056,0.0013018625
558403.4700236460,9.7950196911,-0.0002005244,-0.0035755080,0.1745444379,-0.0006422537,0.0012801673
558403.4800236460,9.7950165158,-0.0015727806,-0.0046437041,0.1745335812,-0.0006748056,0.0013344053
558403.4900236460,9.7953202237,-0.0030963826,-0.0055619977,0.1745227246,-0.0006205525,0.0013344053
558403.5000236460,9.7941098072,-0.0018820027,-0.0037211727,0.1746204343,-0.0006748056,0.0012584721
558403.5100236461,9.7951769280,-0.0020300832,-0.0038826333,0.1745770077,-0.0006422537,0.0013344053
558403.5200236459,9.7953204531,-0.0006565074,-0.0043408035,0.1745987210,-0.0006748056,0.0013127101
558403.5300236460,9.7953172778,-0.0020287636,-0.0054089997,0.1745878644,-0.0006531043,0.0012801673
558403.5400236460,9.7959382980,-0.0029418406,-0.0044994346,0.1746095776,-0.0006531043,0.0013127101
558403.5500236460,9.7951734445,-0.0001999686,-0.0034242670,0.1745987210,-0.0006422537,0.0013018625
558403.5600236460,9.7950141935,-0.0003527041,-0.0043381266,0.1745444379,-0.0006639550,0.0013018625
558403.5700236460,9.7956265694,-0.0024852327,-0.0051067269,0.1745770077,-0.0006422537,0.0013452529
558403.5800236460,9.7948663892,-0.0018785291,-0.0044900651,0.1745444379,-0.0006748056,0.0012910149
558403.5900236460,9.7956394354,-0.0017235008,-0.0031237513,0.1745770077,-0.0006422537,0.0012693197
558403.6000236460,9.7948646045,-0.0014209484,-0.0044898559,0.1745987210,-0.0006639550,0.0013344053
558403.6100236460,9.7957701232,-0.0008066724,-0.0054122478,0.1745987210,-0.0006531043,0.0013127101
558403.6200236460,9.7954777760,-0.0015711131,-0.0041899811,0.1746095776,-0.0006314031,0.0012801673
558403.6300236461,9.7959474798,-0.0024848848,-0.0031266375,0.1745770077,-0.0006531043,0.0013669481
558403.6400236459,9.7950164584,-0.0021827494,-0.0049490027,0.1746204343,-0.0006531043,0.0012801673
558403.6500236460,9.7944039105,-0.0018801272,-0.0050962980,0.1746095776,-0.0006422537,0.0012584721
558403.6600236460,9.7948670702,-0.0011161029,-0.0040321871,0.1745878644,-0.0006639550,0.0013452529
558403.6700236460,9.7954832737,-0.0014189333,-0.0034273625,0.1746095776,-0.0006422537,0.0013018625
558403.6800236460,9.7956289777,-0.0027903559,-0.0049543566,0.1745878644,-0.0006531043,0.0012584721
558403.6900236460,9.7957797279,-0.0023321499,-0.0049554161,0.1746095776,-0.0006314031,0.0013344053
558403.7000236460,9.7953222952,-0.0005041194,-0.0040357143,0.1745770077,-0.0006639550,0.0013018625
558403.7100236460,9.7957895620,-0.0014177522,-0.0032773902,0.1745444379,-0.0006314031,0.0012910149
558403.7200236460,9.7960854213,-0.0021784419,-0.0048053741,0.1745661511,-0.0006748056,0.0013018625
558403.7300236460,9.7954716835,-0.0015707659,-0.0049525299,0.1745661511,-0.0006639550,0.0012801673
558403.7400236460,9.7947151015,-0.0015742394,-0.0041836374,0.1745878644,-0.0006531043,0.0012801673
558403.7500236460,9.7950299194,-0.0015735444,-0.0029660968,0.1745661511,-0.0006531043,0.0013344053
558403.7600236461,9.7959317539,-0.0012640445,-0.0044986673,0.1745987210,-0.0006639550,0.0013344053
558403.7700236459,9.7950139928,-0.0024875949,-0.0054066715,0.1745444379,-0.0006531043,0.0012584721
558403.7800236460,9.7951774942,-0.0024875946,-0.0040353524,0.1745770077,-0.0006422537,0.0013344053
558403.7900236460,9.7956388692,-0.0012659895,-0.0029710322,0.1745878644,-0.0006531043,0.0013018625
558403.8000236460,9.7953222379,-0.0011140882,-0.0043410128,0.1745987210,-0.0006748056,0.0012693197
558403.8100236460,9.7954739485,-0.0034008111,-0.0055634060,0.1746095776,-0.0006422537,0.0013452529
558403.8200236460,9.7951666137,-0.0015720164,-0.0049499924,0.1746204343,-0.0006639550,0.0013018625
558403.8300236460,9.7961001581,-0.0009593375,-0.0023646599,0.1746204343,-0.0006314031,0.0012801673
558403.8400236460,9.7959390363,-0.0015694455,-0.0037362580,0.1746312909,-0.0006748056,0.0013127101
558403.8500236460,9.7953154357,-0.0021811516,-0.0057140889,0.1745335812,-0.0006531043,0.0013018625
558403.8600236460,9.7959273888,-0.0023312469,-0.0055667239,0.1745770077,-0.0006639550,0.0012584721
558403.8700236460,9.7953312476,-0.0024870387,-0.0038841113,0.1745987210,-0.0006531043,0.0013344053
558403.8800236461,9.7954900185,-0.0009618387,-0.0023595849,0.1745878644,-0.0006422537,0.0013344053
558403.8900236459,9.7954802130,-0.0015712519,-0.0038849615,0.1745770077,-0.0006531043,0.0012910149
558403.9000236460,9.7957766673,-0.0024844685,-0.0054130151,0.1745335812,-0.0006531043,0.0013344053
558403.9100236460,9.7954710312,-0.0020282078,-0.0052577586,0.1744575848,-0.0006531043,0.0013344053
558403.9200236460,9.7950268588,-0.0017258630,-0.0034236958,0.1744575848,-0.0006639550,0.0012693197
558403.9300236460,9.7954856246,-0.0023340254,-0.0035802908,0.1745118680,-0.0006531043,0.0013127101
558403.9400236460,9.7957773769,-0.0014170578,-0.0048024878,0.1745878644,-0.0006748056,0.0013344053
558403.9500236460,9.7954679706,-0.0021805264,-0.0057153577,0.1745987210,-0.0006314031,0.0012910149
558403.9600236460,9.7954813742,-0.0021812902,-0.0040377503,0.1745661511,-0.0006531043,0.0013018625
558403.9700236460,9.7953350752,-0.0006573407,-0.0025106864,0.1745770077,-0.0006422537,0.0013018625
558403.9800236460,9.7957804375,-0.0012647392,-0.0043448888,0.1745878644,-0.0006422537,0.0012910149
558403.9900236460,9.7954745721,-0.0032483536,-0.0054108264,0.1745335812,-0.0006531043,0.0013127101
558404.0000236460,9.7951750859,-0.0021824713,-0.0041877226,0.1745878644,-0.0006314031,0.0012910149
558404.0100236461,9.7951782038,-0.0014201839,-0.0034248250,0.1748701367,-0.0006531043,0.0012910149
558404.0200236459,9.7956303683,-0.0009605190,-0.0038859513,0.1746095776,-0.0006639550,0.0013344053
558404.0300236460,9.7948651707,-0.0018784597,-0.0046425749,0.1745770077,-0.0006422537,0.0013127101
558404.0400236460,9.7953172205,-0.0026387324,-0.0057142982,0.1745770077,-0.0006639550,0.0012801673
558404.0500236460,9.7953294916,-0.0017244736,-0.0037312528,0.1745878644,-0.0006639550,0.0012910149
558404.0600236460,9.7953295489,-0.0011145048,-0.0034259543,0.1745987210,-0.0006748056,0.0013018625
558404.0700236460,9.7953263736,-0.0024867610,-0.0044941504,0.1745878644,-0.0006422537,0.0013018625
558404.0800236460,9.7951665563,-0.0021819852,-0.0052552909,0.1746095776,-0.0006748056,0.0012910149
558404.0900236460,9.7954783710,-0.0017236400,-0.0041900508,0.1745444379,-0.0006422537,0.0013018625
558404.1000236460,9.7954802704,-0.0009612831,-0.0035796630,0.1745227246,-0.0006531043,0.0013018625
558404.1100236460,9.7951744910,-0.0020299444,-0.0041876529,0.1745661511,-0.0006531043,0.0013018625
558404.1200236460,9.7953251838,-0.0021817071,-0.0044940109,0.1745335812,-0.0006639550,0.0012910149
558404.1300236461,9.7944081322,-0.0023378468,-0.0047914877,0.1745770077,-0.0006422537,0.0013127101
558404.1400236459,9.7953277068,-0.0012668928,-0.0037310435,0.1745335812,-0.0006422537,0.0013018625
558404.1500236460,9.7948694498,-0.0017262105,-0.0040324661,0.1745010113,-0.0006639550,0.0013344053
558404.1600236460,9.7951719679,-0.0029447587,-0.0049506202,0.1745444379,-0.0006531043,0.0013127101
558404.1700236460,9.7956284688,-0.0017228758,-0.0044963391,0.1745118680,-0.0006422537,0.0012910149
558404.1800236460,9.7951787988,-0.0015727108,-0.0034248948,0.1745227246,-0.0006639550,0.0012910149
558404.1900236460,9.7951763331,-0.0018775563,-0.0038825636,0.1745118680,-0.0006639550,0.0013344053
558404.2000236460,9.7959425484,-0.0030945758,-0.0040419751,0.1745227246,-0.0006531043,0.0012693197
558404.2100236460,9.7954752530,-0.0024859274,-0.0049529484,0.1745444379,-0.0006422537,0.0012801673
558404.2200236460,9.7953301152,-0.0015720161,-0.0035786733,0.1745010113,-0.0006748056,0.0013344053
558404.2300236460,9.7953270259,-0.0020293191,-0.0041889216,0.1745661511,-0.0006531043,0.0013344053
558404.2400236470,9.7948627337,-0.0018783208,-0.0049475944,0.1745335812,-0.0006748056,0.0012476246
558404.2500236470,9.7959360044,-0.0014167798,-0.0040412078,0.1745878644,-0.0006205525,0.0012910149
558404.2600236470,9.7947169149,-0.0017268358,-0.0040311974,0.1745878644,-0.0006748056,0.0013344053
558404.2700236470,9.7956297160,-0.0014179609,-0.0041911800,0.1746095776,-0.0006639550,0.0012910149
558404.2800236470,9.7956326619,-0.0024855799,-0.0043441781,0.1745987210,-0.0006748056,0.0013018625
558404.2900236470,9.7951726489,-0.0021823324,-0.0044927421,0.1745770077,-0.0006314031,0.0013452529
558404.3000236470,9.7957810898,-0.0008072974,-0.0040396600,0.1745661511,-0.0006639550,0.0012584721
558404.3100236470,9.7956380735,-0.0032483533,-0.0040395074,0.1745118680,-0.0006097018,0.0013018625
558404.3200236470,9.7948743812,-0.0011165195,-0.0031171285,0.1745878644,-0.0006965068,0.0013344053
558404.3300236471,9.7950170820,-0.0020302919,-0.0047964232,0.1745661511,-0.0006531043,0.0012693197
558404.3400236469,9.7948651420,-0.0021834441,-0.0047952242,0.1745987210,-0.0006965068,0.0012910149
558404.3500236470,9.7945716910,-0.0017278777,-0.0031148701,0.1745987210,-0.0006531043,0.0012910149
558404.3600236470,9.7954826214,-0.0018763752,-0.0037325913,0.1745227246,-0.0006639550,0.0013018625
558404.3700236470,9.7954783423,-0.0020286244,-0.0043427001,0.1745444379,-0.0006531043,0.0012910149
558404.3800236470,9.7957760150,-0.0029419104,-0.0057182439,0.1745227246,-0.0006422537,0.0013018625
558404.3900236470,9.7951746343,-0.0005050224,-0.0034244065,0.1744901547,-0.0006531043,0.0012584721
558404.4000236470,9.7951878945,-0.0020307082,-0.0025100455,0.1745010113,-0.0006748056,0.0013344053
558404.4100236470,9.7951762757,-0.0024875251,-0.0041878621,0.1745335812,-0.0006748056,0.0013452529
558404.4200236470,9.7951677462,-0.0024870391,-0.0052554304,0.1745878644,-0.0006639550,0.0012801673
558404.4300236470,9.7956363175,-0.0024857882,-0.0038866488,0.1745770077,-0.0006422537,0.0013018625
558404.4400236470,9.7944252773,-0.0014238658,-0.0021984033,0.1746095776,-0.0006748056,0.0013127101
558404.4500236470,9.7954802130,-0.0015712519,-0.0038849615,0.1746095776,-0.0006531043,0.0012801673
558404.4600236471,9.7954722211,-0.0023332616,-0.0052578982,0.1745770077,-0.0006639550,0.0013127101
558404.4700236470,9.7956271930,-0.0023327752,-0.0049541474,0.1745878644,-0.0006314031,0.0013452529
558404.4800236470,9.7948731340,-0.0014214344,-0.0034222876,0.1745661511,-0.0006531043,0.0012910149
558404.4900236470,9.7953331758,-0.0014196975,-0.0031210743,0.1745444379,-0.0006531043,0.0013018625
558404.5000236470,9.7951707781,-0.0026397048,-0.0049504807,0.1745661511,-0.0006748056,0.0013344053
558404.5100236470,9.7947106790,-0.0032514106,-0.0055569925,0.1745227246,-0.0006314031,0.0012801673
558404.5200236470,9.7945697916,-0.0024902345,-0.0037252579,0.1745878644,-0.0006965068,0.0012801673
558404.5300236470,9.7951843824,-0.0005055779,-0.0022043284,0.1746095776,-0.0006531043,0.0013344053
558404.5400236470,9.7959372515,-0.0011118648,-0.0037360487,0.1746312909,-0.0006639550,0.0013127101
558404.5500236470,9.7953201951,-0.0034013670,-0.0057146470,0.1746530042,-0.0006531043,0.0013018625
558404.5600236470,9.7959359183,-0.0023317329,-0.0044991556,0.1746530042,-0.0006422537,0.0012910149
558404.5700236470,9.7945711822,-0.0006603976,-0.0026568525,0.1745335812,-0.0006422537,0.0012801673
558404.5800236471,9.7954881477,-0.0014192111,-0.0028173235,0.1744792981,-0.0006748056,0.0013018625
558404.5900236469,9.7953209333,-0.0020289719,-0.0049514704,0.1745010113,-0.0006639550,0.0013018625
558404.6000236470,9.7951677175,-0.0027920235,-0.0054080797,0.1745444379,-0.0006639550,0.0013018625
558404.6100236470,9.7957882861,-0.0020276516,-0.0037351985,0.1745878644,-0.0006422537,0.0013018625
558404.6200236470,9.7950372591,-0.0012689766,-0.0018983890,0.1746095776,-0.0006748056,0.0013018625
558404.6300236470,9.7945716050,-0.0026428309,-0.0035728179,0.1746204343,-0.0006639550,0.0013127101
558404.6400236470,9.7960817658,-0.0021782336,-0.0052629033,0.1745987210,-0.0006639550,0.0012801673
558404.6500236470,9.7947186710,-0.0024894010,-0.0041840559,0.1745661511,-0.0006422537,0.0012693197
558404.6600236470,9.7951800459,-0.0012677959,-0.0031197358,0.1745770077,-0.0006639550,0.0013018625
558404.6700236470,9.7960989109,-0.0012642525,-0.0026698189,0.1746095776,-0.0006639550,0.0013018625
558404.6800236470,9.7954740345,-0.0024858579,-0.0051054581,0.1746095776,-0.0006639550,0.0013018625
558404.6900236470,9.7954746581,-0.0023334005,-0.0049528786,0.1746204343,-0.0006531043,0.0012910149
558404.7000236470,9.7947224412,-0.0012696717,-0.0031159296,0.1745878644,-0.0006639550,0.0013018625
558404.7100236471,9.7959511640,-0.0021801087,-0.0025164590,0.1745444379,-0.0006748056,0.0013018625
558404.7200236470,9.7948699300,-0.0030986750,-0.0046431330,0.1745010113,-0.0006965068,0.0012910149
558404.7300236470,9.7957730978,-0.0015693070,-0.0054125966,0.1745444379,-0.0006531043,0.0012910149
558404.7400236470,9.7954778047,-0.0012661287,-0.0040373318,0.1746095776,-0.0006748056,0.0013018625
558404.7500236470,9.7957907805,-0.0014178217,-0.0031248805,0.1745661511,-0.0006639550,0.0013344053
558404.7600236470,9.7953312763,-0.0021820543,-0.0037314621,0.1745987210,-0.0006639550,0.0012910149
558404.7700236470,9.7948615152,-0.0018782514,-0.0051001042,0.1745770077,-0.0006639550,0.0012910149
558404.7800236470,9.7948688262,-0.0018786680,-0.0041850456,0.1745878644,-0.0006639550,0.0013018625
558404.7900236470,9.7951866474,-0.0023356231,-0.0028152045,0.1745661511,-0.0006422537,0.0013018625
558404.8000236470,9.7962494890,-0.0026359529,-0.0035867740,0.1745661511,-0.0006965068,0.0013018625
558404.8100236470,9.7951719966,-0.0026397743,-0.0047979709,0.1745987210,-0.0006531043,0.0013344053
558404.8200236470,9.7951763044,-0.0021825407,-0.0040352129,0.1746095776,-0.0006748056,0.0013018625
558404.8300236471,9.7953398059,-0.0021825404,-0.0026638938,0.1746095776,-0.0006422537,0.0012910149
558404.8400236469,9.7959462900,-0.0021798310,-0.0031264980,0.1745770077,-0.0006531043,0.0012910149
558404.8500236470,9.7954710599,-0.0017232234,-0.0051051094,0.1745227246,-0.0006639550,0.0013018625
558404.8600236470,9.7956344754,-0.0026381762,-0.0041917381,0.1745444379,-0.0006639550,0.0013018625
558404.8700236470,9.7951823969,-0.0021828879,-0.0032726641,0.1745227246,-0.0006531043,0.0013127101
558404.8800236470,9.7950220994,-0.0005056477,-0.0034231378,0.1745335812,-0.0006748056,0.0013127101
558404.8900236470,9.7951761897,-0.0034024783,-0.0046458099,0.1745661511,-0.0006531043,0.0013018625
558404.9000236470,9.7948711486,-0.0030987445,-0.0044906232,0.1745878644,-0.0006639550,0.0013018625
558404.9100236470,9.7950323851,-0.0012686989,-0.0025084280,0.1745878644,-0.0006422537,0.0012693197
558404.9200236470,9.7954912083,-0.0012668925,-0.0023597245,0.1745444379,-0.0007073575,0.0013127101
558404.9300236470,9.7956235948,-0.0017225981,-0.0051063781,0.1745444379,-0.0006531043,0.0013344053
558404.9400236470,9.7957881714,-0.0032475892,-0.0043457956,0.1745661511,-0.0006639550,0.0012910149
558404.9500236470,9.7953397772,-0.0024875248,-0.0028165430,0.1746530042,-0.0006314031,0.0013018625
558404.9600236471,9.7948774418,-0.0009642009,-0.0026595295,0.1746204343,-0.0006965068,0.0013344053
558404.9700236470,9.7957803802,-0.0018747080,-0.0046501873,0.1746095776,-0.0006422537,0.0013018625
558404.9800236470,9.7956289491,-0.0030953403,-0.0051070059,0.1745878644,-0.0006748056,0.0012910149
558404.9900236470,9.7953367453,-0.0023348590,-0.0031214928,0.1745878644,-0.0006531043,0.0013018625
558405.0000236470,9.7947254731,-0.0014223375,-0.0028109798,0.1745770077,-0.0006965068,0.0012910149
558405.0100236470,9.7951787988,-0.0015727108,-0.0034248948,0.1748484235,-0.0006639550,0.0013235577
558405.0200236470,9.7957869529,-0.0032475197,-0.0044983054,0.1745227246,-0.0006531043,0.0013344053
558405.0300236470,9.7954843488,-0.0029439248,-0.0040380991,0.1745227246,-0.0006639550,0.0012910149
558405.0400236470,9.7948791979,-0.0017267660,-0.0028123880,0.1745661511,-0.0006531043,0.0012801673
558405.0500236470,9.7959433441,-0.0011122120,-0.0029734999,0.1745444379,-0.0006965068,0.0013344053
558405.0600236470,9.7950207662,-0.0017255158,-0.0041862446,0.1745444379,-0.0006748056,0.0013018625
558405.0700236470,9.7959430860,-0.0038570716,-0.0043473434,0.1745987210,-0.0006639550,0.0013127101
558405.0800236471,9.7965515269,-0.0024820365,-0.0038942612,0.1745770077,-0.0006748056,0.0013018625
558405.0900236469,9.7944187619,0.0005589147,-0.0020449867,0.1745987210,-0.0006748056,0.0013018625
558405.1000236470,9.7948846095,-0.0024895395,-0.0025077173,0.1745661511,-0.0006965068,0.0013452529
558405.1100236470,9.7953243595,-0.0044690554,-0.0057151353,0.1745661511,-0.0006748056,0.0013127101
558405.1200236470,9.7957870389,-0.0023325665,-0.0040403576,0.1745335812,-0.0006639550,0.0012584721
558405.1300236470,9.7953326669,-0.0003522174,-0.0026630567,0.1745335812,-0.0006531043,0.0013344053
558405.1400236470,9.7951891991,-0.0011158244,-0.0018995879,0.1745335812,-0.0006965068,0.0013669481
558405.1500236470,9.7960926177,-0.0033987961,-0.0045009126,0.1745444379,-0.0006639550,0.0012693197
558405.1600236470,9.7957789896,-0.0037045450,-0.0057185927,0.1745770077,-0.0006639550,0.0013018625
558405.1700236470,9.7956424960,-0.0015711822,-0.0026661522,0.1745010113,-0.0006531043,0.0013452529
558405.1800236470,9.7953441423,-0.0014203224,-0.0017484864,0.1745661511,-0.0006965068,0.0012801673
558405.1900236470,9.7951829345,-0.0029453836,-0.0035780324,0.1745878644,-0.0006748056,0.0013127101
558405.2000236470,9.7957815413,-0.0024847463,-0.0048029761,0.1746095776,-0.0006748056,0.0013127101
558405.2100236471,9.7951763331,-0.0018775563,-0.0038825636,0.1745878644,-0.0006639550,0.0012801673
558405.2200236470,9.7959511640,-0.0021801087,-0.0025164590,0.1745987210,-0.0006531043,0.0013344053
558405.2300236470,9.7948737576,-0.0012689770,-0.0032697081,0.1746204343,-0.0006748056,0.0013127101
558405.2400236470,9.7963922759,-0.0026347721,-0.0048081208,0.1745444379,-0.0006639550,0.0012910149
558405.2500236470,9.7956380735,-0.0032483533,-0.0040395074,0.1745987210,-0.0006531043,0.0013018625
558405.2600236470,9.7948773845,-0.0015741697,-0.0029648280,0.1745444379,-0.0006748056,0.0013344053
558405.2700236470,9.7951860524,-0.0021830962,-0.0028151348,0.1745335812,-0.0006531043,0.0012910149
558405.2800236470,9.7951799599,-0.0021827490,-0.0035776836,0.1745118680,-0.0006965068,0.0013127101
558405.2900236470,9.7951768706,-0.0026400520,-0.0041879319,0.1744901547,-0.0006531043,0.0013344053
558405.3000236470,9.7954886566,-0.0024866912,-0.0032753411,0.1745118680,-0.0006639550,0.0012693197
558405.3100236480,9.7951932775,-0.0030984660,-0.0023580241,0.1745010113,-0.0006748056,0.0013127101
558405.3200236480,9.7953282444,-0.0020293885,-0.0040364118,0.1745770077,-0.0006965068,0.0013018625
558405.3300236480,9.7956279026,-0.0012653645,-0.0043436200,0.1745987210,-0.0006531043,0.0013018625
558405.3400236480,9.7960945458,-0.0023314549,-0.0037378755,0.1746095776,-0.0006531043,0.0013127101
558405.3500236480,9.7950322417,-0.0027936209,-0.0032716744,0.1745878644,-0.0006965068,0.0013018625
558405.3600236480,9.7953337420,-0.0018772088,-0.0032737933,0.1745444379,-0.0006639550,0.0012693197
558405.3700236480,9.7953361790,-0.0018773477,-0.0029687738,0.1745661511,-0.0006965068,0.0013018625
558405.3800236480,9.7954813455,-0.0024862746,-0.0041903996,0.1745227246,-0.0006748056,0.0013344053
558405.3900236480,9.7960932986,-0.0026363698,-0.0040430345,0.1745444379,-0.0006531043,0.0012910149
558405.4000236480,9.7950340551,-0.0029462172,-0.0031192344,0.1745770077,-0.0006531043,0.0013018625
558405.4100236479,9.7957962208,-0.0018756107,-0.0026675605,0.1745661511,-0.0006422537,0.0013452529
558405.4200236480,9.7945680929,-0.0011177006,-0.0032671008,0.1745661511,-0.0007290587,0.0012693197
558405.4300236480,9.7953305954,-0.0029444806,-0.0041893401,0.1746095776,-0.0007073575,0.0013018625
558405.4400236480,9.7957869816,-0.0029425353,-0.0043456561,0.1747832837,-0.0006748056,0.0013561005
558405.4500236480,9.7960964452,-0.0015690980,-0.0031274877,0.1746204343,-0.0005771500,0.0012801673
558405.4600236480,9.7953428091,-0.0026401906,-0.0025115933,0.1745770077,-0.0007182081,0.0013127101
558405.4700236480,9.7953269972,-0.0023343035,-0.0043415709,0.1745335812,-0.0007399093,0.0013561005
558405.4800236480,9.7953288106,-0.0024868998,-0.0041891309,0.1744901547,-0.0006639550,0.0013018625
558405.4900236480,9.7956417864,-0.0026385928,-0.0032766795,0.1745118680,-0.0005880006,0.0013018625
558405.5000236480,9.7951842390,-0.0020304999,-0.0029675748,0.1744901547,-0.0006531043,0.0013344053
558405.5100236480,9.7962459769,-0.0011108226,-0.0032810569,0.1745227246,-0.0007073575,0.0013018625
558405.5200236480,9.7953324375,-0.0027920926,-0.0038842509,0.1745661511,-0.0007182081,0.0013018625
558405.5300236481,9.7956405392,-0.0029435078,-0.0035818386,0.1745770077,-0.0006314031,0.0013127101
558405.5400236479,9.7956473127,-0.0021814287,-0.0023614117,0.1746204343,-0.0006205525,0.0012910149
558405.5500236480,9.7950286435,-0.0021834438,-0.0034239051,0.1745987210,-0.0007073575,0.0013018625
558405.5600236480,9.7953336847,-0.0024871776,-0.0035790918,0.1745661511,-0.0007073575,0.0013127101
558405.5700236480,9.7954880330,-0.0026391487,-0.0034279206,0.1745661511,-0.0006748056,0.0012801673
558405.5800236480,9.7956441947,-0.0029437161,-0.0031243093,0.1745770077,-0.0006531043,0.0012910149
558405.5900236480,9.7953373688,-0.0021824015,-0.0029689133,0.1745878644,-0.0006097018,0.0013344053
558405.6000236480,9.7954802417,-0.0012662675,-0.0037323123,0.1745770077,-0.0007073575,0.0013127101
558405.6100236480,9.7956393781,-0.0023334696,-0.0034290498,0.1746204343,-0.0007290587,0.0013452529
558405.6200236480,9.7951774655,-0.0027925790,-0.0041880016,0.1745770077,-0.0006965068,0.0013344053
558405.6300236480,9.7957942926,-0.0029429520,-0.0034305976,0.1745661511,-0.0006205525,0.0012910149
558405.6400236480,9.7948774131,-0.0012691853,-0.0028121788,0.1745770077,-0.0006314031,0.0012693197
558405.6500236480,9.7944191275,-0.0020334874,-0.0032662506,0.1745227246,-0.0007073575,0.0013452529
558405.6600236479,9.7951744336,-0.0026399132,-0.0044929514,0.1746095776,-0.0007290587,0.0013127101
558405.6700236480,9.7962494890,-0.0026359529,-0.0035867740,0.1745444379,-0.0006422537,0.0013018625
558405.6800236480,9.7953404008,-0.0023350673,-0.0026639635,0.1746204343,-0.0006314031,0.0013344053
558405.6900236480,9.7956412775,-0.0015711127,-0.0028186620,0.1745770077,-0.0006639550,0.0013127101
558405.7000236480,9.7964021100,-0.0017203744,-0.0031300949,0.1745335812,-0.0006965068,0.0013018625
558405.7100236480,9.7950273390,-0.0030983275,-0.0040343627,0.1745227246,-0.0007290587,0.0013127101
558405.7200236480,9.7950237695,-0.0021831660,-0.0040339441,0.1745770077,-0.0006639550,0.0013127101
558405.7300236480,9.7956418437,-0.0020286240,-0.0029713810,0.1746312909,-0.0006314031,0.0013018625
558405.7400236480,9.7956460655,-0.0024863437,-0.0026665708,0.1746095776,-0.0006639550,0.0013452529
558405.7500236480,9.7953379351,-0.0026399128,-0.0031216323,0.1746204343,-0.0007290587,0.0013127101
558405.7600236480,9.7959389216,-0.0027893831,-0.0043468551,0.1746095776,-0.0006748056,0.0012910149
558405.7700236480,9.7953234277,-0.0014191420,-0.0043411523,0.1745770077,-0.0006314031,0.0013018625
558405.7800236481,9.7951825403,-0.0006579659,-0.0025094177,0.1745444379,-0.0006314031,0.0013127101
558405.7900236479,9.7953464933,-0.0023354145,-0.0019014147,0.1745335812,-0.0006965068,0.0013452529
558405.8000236480,9.7956435712,-0.0030961736,-0.0032768888,0.1745987210,-0.0007290587,0.0013018625
558405.8100236480,9.7953257787,-0.0023342341,-0.0044940806,0.1745878644,-0.0006748056,0.0012910149
558405.8200236480,9.7954796755,-0.0008087562,-0.0035795932,0.1745987210,-0.0006748056,0.0013018625
558405.8300236480,9.7947381671,-0.0024905120,-0.0017438998,0.1745878644,-0.0006531043,0.0013018625
558405.8400236480,9.7953494392,-0.0034030335,-0.0020544128,0.1745770077,-0.0006965068,0.0013018625
558405.8500236480,9.7953197148,-0.0020289025,-0.0051039801,0.1745227246,-0.0006965068,0.0013018625
558405.8600236480,9.7953252698,-0.0012667539,-0.0040360631,0.1745444379,-0.0006748056,0.0013344053
558405.8700236480,9.7950408286,-0.0021841381,-0.0018988075,0.1746095776,-0.0006965068,0.0013127101
558405.8800236480,9.7953542559,-0.0040132800,-0.0017496723,0.1745987210,-0.0006748056,0.0013018625
558405.8900236480,9.7950249880,-0.0021832354,-0.0038814344,0.1745444379,-0.0006531043,0.0012801673
558405.9000236480,9.7947144492,-0.0020316813,-0.0044888662,0.1745878644,-0.0006965068,0.0013018625
558405.9100236479,9.7957955111,-0.0029430214,-0.0032780878,0.1745335812,-0.0006965068,0.0013018625
558405.9200236480,9.7950432082,-0.0027942458,-0.0018990865,0.1745444379,-0.0006965068,0.0013127101
558405.9300236480,9.7964008628,-0.0020252893,-0.0034352540,0.1745444379,-0.0006314031,0.0012801673
558405.9400236480,9.7954765862,-0.0012660592,-0.0041898415,0.1745878644,-0.0006531043,0.0013127101
558405.9500236480,9.7957907231,-0.0020277905,-0.0034301790,0.1746095776,-0.0007073575,0.0013344053
558405.9600236480,9.7951854289,-0.0023355537,-0.0029677143,0.1745661511,-0.0007182081,0.0012910149
558405.9700236480,9.7947290426,-0.0023374990,-0.0028113983,0.1745878644,-0.0007182081,0.0012910149
558405.9800236480,9.7954814602,-0.0012663370,-0.0035798025,0.1745444379,-0.0006531043,0.0013344053
558405.9900236480,9.7950238842,-0.0009632284,-0.0034233470,0.1745335812,-0.0006314031,0.0013018625
558406.0000236480,9.7950358112,-0.0037087824,-0.0032720929,0.1745878644,-0.0006748056,0.0013452529
558406.0100236480,9.7950340264,-0.0032512016,-0.0032718836,0.1748918500,-0.0007507600,0.0013344053
558406.0200236480,9.7956382169,-0.0017234313,-0.0032762610,0.1746747174,-0.0006748056,0.0012693197
558406.0300236481,9.7959415020,-0.0012646000,-0.0032785892,0.1746638608,-0.0005662994,0.0013127101
558406.0400236479,9.7951848053,-0.0024880112,-0.0031202938,0.1745878644,-0.0006965068,0.0013452529
558406.0500236480,9.7945776402,-0.0032531469,-0.0031155677,0.1745661511,-0.0006965068,0.0012693197
558406.0600236480,9.7953379924,-0.0020299440,-0.0028163338,0.1745444379,-0.0007073575,0.0012910149
558406.0700236480,9.7948707544,-0.0008113268,-0.0034220085,0.1745335812,-0.0007073575,0.0013561005
558406.0800236480,9.7954929644,-0.0020294576,-0.0025125830,0.1745661511,-0.0006314031,0.0013018625
558406.0900236480,9.7950370584,-0.0034038674,-0.0029669339,0.1745118680,-0.0006965068,0.0012801673
558406.1000236480,9.7954892802,-0.0023342337,-0.0031227615,0.1745010113,-0.0006965068,0.0013127101
558406.1100236480,9.7959385274,-0.0005019654,-0.0032782404,0.1744575848,-0.0006639550,0.0012910149
558406.1200236480,9.7945735045,-0.0018804741,-0.0029624301,0.1745227246,-0.0006639550,0.0013127101
558406.1300236480,9.7947331497,-0.0040151562,-0.0031171852,0.1745770077,-0.0006965068,0.0013669481
558406.1400236480,9.7957907231,-0.0020277905,-0.0034301790,0.1745987210,-0.0006748056,0.0012910149
558406.1500236480,9.7950317615,-0.0014211564,-0.0026610075,0.1746204343,-0.0006639550,0.0012801673
558406.1600236479,9.7954862482,-0.0021815679,-0.0034277113,0.1746312909,-0.0007073575,0.0013561005
558406.1700236480,9.7948767035,-0.0023365959,-0.0034227061,0.1746095776,-0.0006531043,0.0013018625
558406.1800236480,9.7954898751,-0.0024867606,-0.0031228313,0.1745444379,-0.0006965068,0.0012693197
558406.1900236480,9.7953410244,-0.0021826098,-0.0025113840,0.1745661511,-0.0006965068,0.0013561005
558406.2000236480,9.7959403121,-0.0009595462,-0.0032784497,0.1745770077,-0.0006639550,0.0013127101
558406.2100236480,9.7951792790,-0.0029451753,-0.0040355616,0.1746095776,-0.0006965068,0.0012910149
558406.2200236480,9.7953342222,-0.0032496733,-0.0038844601,0.1746204343,-0.0006748056,0.0013344053
558406.2300236480,9.7954870152,-0.0005041885,-0.0025118854,0.1745987210,-0.0006639550,0.0012801673
558406.2400236480,9.7947326982,-0.0023377073,-0.0023538691,0.1745335812,-0.0007073575,0.0013018625
558406.2500236480,9.7950346500,-0.0030987441,-0.0031193041,0.1745335812,-0.0006639550,0.0013669481
558406.2600236480,9.7957895333,-0.0017227366,-0.0034300395,0.1745335812,-0.0006748056,0.0013018625
558406.2700236480,9.7959505404,-0.0023325662,-0.0026690385,0.1745987210,-0.0006748056,0.0013018625
558406.2800236481,9.7950371157,-0.0027938986,-0.0026616353,0.1745987210,-0.0006965068,0.0013561005
558406.2900236479,9.7950328366,-0.0029461478,-0.0032717441,0.1745878644,-0.0006748056,0.0013018625
558406.3000236480,9.7957894760,-0.0023327054,-0.0037353380,0.1745878644,-0.0006748056,0.0012693197
558406.3100236480,9.7948791979,-0.0017267660,-0.0028123880,0.1745770077,-0.0007073575,0.0013561005
558406.3200236480,9.7953434614,-0.0021827487,-0.0022063645,0.1745335812,-0.0006422537,0.0013344053
558406.3300236480,9.7954903553,-0.0038592251,-0.0037334981,0.1745010113,-0.0007073575,0.0013127101
558406.3400236480,9.7951744336,-0.0026399132,-0.0044929514,0.1745335812,-0.0006531043,0.0013344053
558406.3500236480,9.7953381071,-0.0008100065,-0.0022057367,0.1745770077,-0.0006531043,0.0013127101
558406.3600236480,9.7950371731,-0.0021839298,-0.0023563368,0.1745444379,-0.0006965068,0.0013127101
558406.3700236480,9.7954885992,-0.0030966600,-0.0035806396,0.1745335812,-0.0006965068,0.0013127101
558406.3800236480,9.7953294055,-0.0026394268,-0.0041892006,0.1745335812,-0.0006965068,0.0013127101
558406.3900236490,9.7951842677,-0.0017255155,-0.0028149255,0.1745227246,-0.0006639550,0.0013127101
558406.4000236490,9.7939719231,-0.0015784768,-0.0017371376,0.1745227246,-0.0007073575,0.0013452529
558406.4100236490,9.7951914354,-0.0032508541,-0.0026631133,0.1745444379,-0.0006748056,0.0013127101
558406.4200236490,9.7951829058,-0.0032503680,-0.0037306816,0.1745444379,-0.0006639550,0.0012910149
558406.4300236490,9.7956442234,-0.0026387317,-0.0029716600,0.1745444379,-0.0006639550,0.0013127101
558406.4400236490,9.7954936740,-0.0009620470,-0.0019020557,0.1745661511,-0.0006965068,0.0013127101
558406.4500236490,9.7953415906,-0.0026401211,-0.0026641030,0.1745444379,-0.0006748056,0.0013127101
558406.4600236490,9.7965478140,-0.0030917970,-0.0046570891,0.1745661511,-0.0006965068,0.0013127101
558406.4700236490,9.7956369984,-0.0017233619,-0.0034287708,0.1745227246,-0.0006748056,0.0013018625
558406.4800236491,9.7947298096,-0.0006601195,-0.0018955725,0.1745878644,-0.0006965068,0.0013127101
558406.4900236489,9.7948949524,-0.0026426219,-0.0012877090,0.1746095776,-0.0006748056,0.0013344053
558406.5000236490,9.7956422953,-0.0037060729,-0.0037346971,0.1746204343,-0.0006965068,0.0012910149
558406.5100236490,9.7957815987,-0.0018747775,-0.0044976776,0.1745878644,-0.0006531043,0.0012693197
558406.5200236490,9.7953368026,-0.0017248902,-0.0028161943,0.1745335812,-0.0006965068,0.0013669481
558406.5300236490,9.7953513387,-0.0026406766,-0.0014440250,0.1745770077,-0.0006639550,0.0013344053
558406.5400236490,9.7953422429,-0.0021826793,-0.0023588743,0.1745987210,-0.0007182081,0.0012910149
558406.5500236490,9.7953348171,-0.0034022002,-0.0038845299,0.1745661511,-0.0006639550,0.0013127101
558406.5600236490,9.7950226083,-0.0015731278,-0.0038811553,0.1745661511,-0.0006639550,0.0013127101
558406.5700236490,9.7945784072,-0.0015757674,-0.0021997418,0.1745661511,-0.0006748056,0.0013018625
558406.5800236490,9.7947392996,-0.0034055346,-0.0020493378,0.1746095776,-0.0006965068,0.0013452529
558406.5900236490,9.7953354694,-0.0029447583,-0.0035793011,0.1745878644,-0.0006965068,0.0013127101
558406.6000236491,9.7956302249,-0.0024854410,-0.0046491976,0.1745770077,-0.0006748056,0.0013018625
558406.6100236489,9.7950304569,-0.0023360401,-0.0032714651,0.1745987210,-0.0006531043,0.0013127101
558406.6200236490,9.7961098775,-0.0012648774,-0.0012972311,0.1745661511,-0.0006748056,0.0013127101
558406.6300236490,9.7959541959,-0.0023327745,-0.0022115092,0.1745987210,-0.0006639550,0.0013127101
558406.6400236490,9.7953245889,-0.0020291802,-0.0044939411,0.1745987210,-0.0007073575,0.0013018625
558406.6500236490,9.7957900995,-0.0021802479,-0.0035827585,0.1745335812,-0.0006531043,0.0013344053
558406.6600236490,9.7954959963,-0.0021821234,-0.0022076332,0.1745444379,-0.0006748056,0.0013452529
558406.6700236490,9.7948912683,-0.0029473980,-0.0018978876,0.1745770077,-0.0007073575,0.0013344053
558406.6800236490,9.7948755137,-0.0020315421,-0.0034225666,0.1745770077,-0.0007073575,0.0012693197
558406.6900236490,9.7956363748,-0.0018758194,-0.0035813503,0.1745444379,-0.0006205525,0.0013452529
558406.7000236490,9.7956496924,-0.0027915364,-0.0023616908,0.1745227246,-0.0006965068,0.0013344053
558406.7100236490,9.7947381384,-0.0027954964,-0.0018965491,0.1745444379,-0.0006965068,0.0013127101
558406.7200236490,9.7961000147,-0.0024842595,-0.0031279062,0.1744901547,-0.0006748056,0.0013344053
558406.7300236491,9.7951787988,-0.0015727108,-0.0034248948,0.1745444379,-0.0006639550,0.0013344053
558406.7400236489,9.7964038947,-0.0021779551,-0.0031303042,0.1744901547,-0.0006748056,0.0013018625
558406.7500236490,9.7956550753,-0.0038592942,-0.0022096693,0.1745335812,-0.0006314031,0.0013344053
558406.7600236490,9.7956394641,-0.0014185164,-0.0029711020,0.1745335812,-0.0006748056,0.0013127101
558406.7700236490,9.7957816847,-0.0009598243,-0.0040397298,0.1745770077,-0.0007399093,0.0012910149
558406.7800236490,9.7948724818,-0.0018788763,-0.0037275164,0.1745987210,-0.0007182081,0.0013561005
558406.7900236490,9.7953488730,-0.0029455222,-0.0019016938,0.1745661511,-0.0006314031,0.0013344053
558406.8000236490,9.7951969617,-0.0027936900,-0.0017478455,0.1745878644,-0.0006531043,0.0012910149
558406.8100236490,9.7947236310,-0.0015747255,-0.0031160691,0.1745770077,-0.0007182081,0.0013344053
558406.8200236490,9.7957882861,-0.0020276516,-0.0037351985,0.1745878644,-0.0007399093,0.0013344053
558406.8300236490,9.7957961061,-0.0030955483,-0.0032781576,0.1745661511,-0.0006422537,0.0013344053
558406.8400236490,9.7951974992,-0.0035561857,-0.0020532138,0.1745770077,-0.0006314031,0.0013127101
558406.8500236491,9.7956460942,-0.0021813593,-0.0025139215,0.1746095776,-0.0007073575,0.0013452529
558406.8600236489,9.7957859638,-0.0008075751,-0.0034296210,0.1745878644,-0.0006965068,0.0013127101
558406.8700236490,9.7959485836,-0.0037048918,-0.0035847248,0.1745987210,-0.0006314031,0.0013452529
558406.8800236490,9.7959528914,-0.0032476583,-0.0028219668,0.1745444379,-0.0007399093,0.0013127101
558406.8900236490,9.7945807582,-0.0024908595,-0.0023526701,0.1745770077,-0.0006748056,0.0012801673
558406.9000236490,9.7953302585,-0.0000470941,-0.0028154269,0.1745227246,-0.0006639550,0.0013127101
558406.9100236490,9.7948773845,-0.0015741697,-0.0029648280,0.1745770077,-0.0006965068,0.0013669481
558406.9200236490,9.7958074955,-0.0050786065,-0.0028215351,0.1745878644,-0.0006639550,0.0013344053
558406.9300236490,9.7951951196,-0.0029460780,-0.0020529348,0.1745770077,-0.0006639550,0.0012910149
558406.9400236490,9.7950335749,-0.0015737527,-0.0025085675,0.1745661511,-0.0006965068,0.0013344053
558406.9500236490,9.7953362650,-0.0009623945,-0.0025108260,0.1745444379,-0.0006531043,0.0013344053
558406.9600236490,9.7956508535,-0.0034015746,-0.0025144795,0.1745118680,-0.0006639550,0.0013127101
558406.9700236490,9.7956513911,-0.0041640703,-0.0028198478,0.1745335812,-0.0007073575,0.0013018625
558406.9800236491,9.7954918032,-0.0014194194,-0.0023597942,0.1745010113,-0.0006748056,0.0013018625
558406.9900236489,9.7954869578,-0.0011141573,-0.0028171840,0.1745118680,-0.0006965068,0.0013344053
558407.0000236490,9.7954989422,-0.0032497424,-0.0023606313,0.1745661511,-0.0006639550,0.0013452529
558407.0100236490,9.7953439416,-0.0035552132,-0.0028170313,0.1748375669,-0.0006639550,0.0012910149
558407.0200236490,9.7951848339,-0.0021830268,-0.0029676445,0.1745878644,-0.0007290587,0.0012910149
558407.0300236490,9.7959426918,-0.0015696539,-0.0032787287,0.1745878644,-0.0006639550,0.0013344053
558407.0400236490,9.7950299194,-0.0015735444,-0.0029660968,0.1746204343,-0.0006531043,0.0013452529
558407.0500236490,9.7953476258,-0.0032504371,-0.0022068528,0.1746095776,-0.0007073575,0.0013127101
558407.0600236490,9.7953481920,-0.0037079484,-0.0023595718,0.1745661511,-0.0006965068,0.0013344053
558407.0700236490,9.7953343943,-0.0014197669,-0.0029685645,0.1745987210,-0.0006639550,0.0013018625
558407.0800236490,9.7957871250,-0.0014176133,-0.0035824097,0.1745661511,-0.0007073575,0.0013344053
558407.0900236490,9.7962561191,-0.0033987958,-0.0031295935,0.1746095776,-0.0006422537,0.0013344053
558407.1000236491,9.7951957432,-0.0027936205,-0.0019003553,0.1746095776,-0.0007073575,0.0013018625
558407.1100236489,9.7956455566,-0.0014188636,-0.0022085532,0.1746312909,-0.0007073575,0.0013344053
558407.1200236490,9.7951763904,-0.0012675875,-0.0035772650,0.1745987210,-0.0007073575,0.0013452529
558407.1300236490,9.7958010088,-0.0027908417,-0.0025154692,0.1745770077,-0.0006639550,0.0013018625
558407.1400236490,9.7948961423,-0.0029476757,-0.0012878485,0.1745878644,-0.0006965068,0.0013127101
558407.1500236490,9.7956491548,-0.0020290407,-0.0020563225,0.1745661511,-0.0007182081,0.0013344053
558407.1600236490,9.7959414446,-0.0018745688,-0.0035838878,0.1745335812,-0.0006639550,0.0013127101
558407.1700236490,9.7953348745,-0.0027922314,-0.0035792313,0.1745227246,-0.0007073575,0.0013344053
558407.1800236490,9.7951921737,-0.0018784590,-0.0018999367,0.1745444379,-0.0006531043,0.0013127101
558407.1900236490,9.7956527816,-0.0023342334,-0.0017514425,0.1745335812,-0.0007073575,0.0013452529
558407.2000236490,9.7951877798,-0.0032506458,-0.0031206426,0.1745227246,-0.0007290587,0.0013344053
558407.2100236490,9.7950274250,-0.0021833743,-0.0035764148,0.1745987210,-0.0006531043,0.0013018625
558407.2200236490,9.7948840432,-0.0020320282,-0.0023549983,0.1745878644,-0.0007073575,0.0013127101
558407.2300236491,9.7962660106,-0.0018744293,-0.0011462691,0.1746095776,-0.0006639550,0.0013452529
558407.2400236489,9.7957919990,-0.0014178911,-0.0029723707,0.1745878644,-0.0006965068,0.0013344053
558407.2500236490,9.7944166331,-0.0026433173,-0.0038765687,0.1745770077,-0.0007182081,0.0013344053
558407.2600236490,9.7945843277,-0.0034060210,-0.0023530886,0.1745661511,-0.0006639550,0.0013344053
558407.2700236490,9.7961158266,-0.0027901466,-0.0012979287,0.1745118680,-0.0006965068,0.0012910149
558407.2800236490,9.7954960536,-0.0015721546,-0.0019023347,0.1745227246,-0.0007182081,0.0013344053
558407.2900236490,9.7953379638,-0.0023349284,-0.0029689830,0.1745987210,-0.0006422537,0.0013561005
558407.3000236490,9.7959462613,-0.0024848154,-0.0032791473,0.1745661511,-0.0007073575,0.0013018625
558407.3100236490,9.7958082911,-0.0030962427,-0.0017530600,0.1745770077,-0.0006531043,0.0013127101
558407.3200236490,9.7958054026,-0.0014186549,-0.0012947634,0.1745770077,-0.0007182081,0.0013452529
558407.3300236490,9.7950329513,-0.0017262102,-0.0026611470,0.1745987210,-0.0006965068,0.0013561005
558407.3400236490,9.7947216742,-0.0029470511,-0.0040317554,0.1745987210,-0.0007073575,0.0013127101
558407.3500236491,9.7945807008,-0.0031008283,-0.0026579686,0.1745335812,-0.0006965068,0.0013127101
558407.3600236489,9.7959687320,-0.0032485610,-0.0008393399,0.1745227246,-0.0006314031,0.0013127101
558407.3700236490,9.7950353310,-0.0023363179,-0.0026614261,0.1745227246,-0.0007073575,0.0013344053
558407.3800236490,9.7957894473,-0.0026376898,-0.0038879873,0.1745770077,-0.0006639550,0.0013561005
558407.3900236490,9.7957985717,-0.0027907028,-0.0028204888,0.1745987210,-0.0006531043,0.0013344053
558407.4000236490,9.7958034458,-0.0027909805,-0.0022104497,0.1745770077,-0.0007073575,0.0012910149
558407.4100236490,9.7947357301,-0.0024903731,-0.0020489193,0.1745444379,-0.0007073575,0.0013127101
558407.4200236490,9.7950268874,-0.0014208786,-0.0032710465,0.1745335812,-0.0006639550,0.0013452529
558407.4300236490,9.7950334889,-0.0024887059,-0.0029665153,0.1745335812,-0.0007290587,0.0013127101
558407.4400236490,9.7947375435,-0.0026429694,-0.0018964793,0.1745227246,-0.0006639550,0.0013344053
558407.4500236490,9.7958046930,-0.0024860656,-0.0019052907,0.1743924451,-0.0007073575,0.0013452529
558407.4600236500,9.7951800173,-0.0015727802,-0.0032723850,0.1744033017,-0.0006748056,0.0013018625
558407.4700236500,9.7948803304,-0.0026417887,-0.0031178261,0.1745335812,-0.0006965068,0.0013452529
558407.4800236500,9.7953440850,-0.0020302912,-0.0020537850,0.1745987210,-0.0006965068,0.0013127101
558407.4900236500,9.7953489877,-0.0017255846,-0.0012910967,0.1745987210,-0.0006748056,0.0013127101
558407.5000236500,9.7958046069,-0.0034010188,-0.0023632385,0.1746095776,-0.0006965068,0.0013452529
558407.5100236500,9.7950256116,-0.0020307780,-0.0037288548,0.1746312909,-0.0006639550,0.0013344053
558407.5200236500,9.7959487843,-0.0015700011,-0.0025161799,0.1746204343,-0.0007073575,0.0013018625
558407.5300236500,9.7948949238,-0.0029476063,-0.0014403583,0.1746095776,-0.0006965068,0.0013561005
558407.5400236500,9.7948942715,-0.0034050482,-0.0017455871,0.1745987210,-0.0007073575,0.0013127101
558407.5500236501,9.7945789447,-0.0023382631,-0.0025051101,0.1745444379,-0.0007073575,0.0013018625
558407.5600236499,9.7951837015,-0.0012680042,-0.0026622065,0.1745335812,-0.0006965068,0.0013452529
558407.5700236500,9.7947327842,-0.0014227541,-0.0018959213,0.1745335812,-0.0006531043,0.0013561005
558407.5800236500,9.7951975279,-0.0032512013,-0.0019005645,0.1745227246,-0.0006965068,0.0013018625
558407.5900236500,9.7951914354,-0.0032508541,-0.0026631133,0.1745444379,-0.0007073575,0.0013344053
558407.6000236500,9.7953343656,-0.0017247513,-0.0031212138,0.1745878644,-0.0007073575,0.0013127101
558407.6100236500,9.7945802493,-0.0014233794,-0.0018946525,0.1745878644,-0.0006748056,0.0013127101
558407.6200236500,9.7955019455,-0.0037073926,-0.0022083308,0.1745770077,-0.0006965068,0.0013452529
558407.6300236500,9.7951951482,-0.0026410936,-0.0019002855,0.1745227246,-0.0006639550,0.0013127101
558407.6400236500,9.7957974106,-0.0021806646,-0.0026677000,0.1745118680,-0.0006965068,0.0013018625
558407.6500236500,9.7951860524,-0.0021830962,-0.0028151348,0.1745770077,-0.0006748056,0.0013561005
558407.6600236500,9.7948846955,-0.0015745863,-0.0020497695,0.1745878644,-0.0007182081,0.0013452529
558407.6700236500,9.7942810713,-0.0035598679,-0.0021981111,0.1745987210,-0.0007073575,0.0013018625
558407.6800236501,9.7953427518,-0.0032501594,-0.0028168918,0.1746204343,-0.0007073575,0.0013018625
558407.6900236499,9.7959469709,-0.0014174047,-0.0026686199,0.1745987210,-0.0006748056,0.0013127101
558407.7000236500,9.7953404581,-0.0017250985,-0.0023586650,0.1745227246,-0.0006748056,0.0013344053
558407.7100236500,9.7945844137,-0.0024910678,-0.0018951408,0.1744575848,-0.0006965068,0.0013452529
558407.7200236500,9.7959564896,-0.0038578354,-0.0026697360,0.1745444379,-0.0006748056,0.0013127101
558407.7300236500,9.7956394354,-0.0017235008,-0.0031237513,0.1745444379,-0.0006965068,0.0013018625
558407.7400236500,9.7953405441,-0.0008101453,-0.0019007172,0.1745444379,-0.0007182081,0.0013344053
558407.7500236500,9.7955026551,-0.0026399819,-0.0015978035,0.1745770077,-0.0006748056,0.0013561005
558407.7600236500,9.7951932775,-0.0030984660,-0.0023580241,0.1745444379,-0.0007182081,0.0013127101
558407.7700236500,9.7954965625,-0.0026396347,-0.0023603523,0.1745118680,-0.0006639550,0.0013018625
558407.7800236500,9.7950396101,-0.0021840687,-0.0020513173,0.1744575848,-0.0007073575,0.0013344053
558407.7900236500,9.7961067882,-0.0017221804,-0.0019074794,0.1745878644,-0.0007073575,0.0013452529
558407.8000236501,9.7956521007,-0.0030966597,-0.0022093205,0.1745987210,-0.0007073575,0.0013127101
558407.8100236499,9.7950389291,-0.0029464950,-0.0025091953,0.1746095776,-0.0006965068,0.0013344053
558407.8200236500,9.7960982873,-0.0014167100,-0.0028223984,0.1745770077,-0.0006639550,0.0012910149
558407.8300236500,9.7950354170,-0.0014213647,-0.0022034782,0.1745770077,-0.0007073575,0.0013344053
558407.8400236500,9.7951933061,-0.0027934817,-0.0022053748,0.1745444379,-0.0006965068,0.0013777957
558407.8500236500,9.7948857993,-0.0027945933,-0.0025078568,0.1745661511,-0.0007073575,0.0013127101
558407.8600236500,9.7953409957,-0.0024875942,-0.0026640333,0.1745661511,-0.0007182081,0.0013127101
558407.8700236500,9.7961030753,-0.0023319409,-0.0026703072,0.1745661511,-0.0006639550,0.0013669481
558407.8800236500,9.7948804164,-0.0017268355,-0.0026598783,0.1745987210,-0.0007073575,0.0012910149
558407.8900236500,9.7950443981,-0.0030992996,-0.0018992260,0.1745987210,-0.0006531043,0.0013344053
558407.9000236500,9.7951884895,-0.0021832351,-0.0025101153,0.1745878644,-0.0007182081,0.0013561005
558407.9100236500,9.7962520121,-0.0017211385,-0.0028238067,0.1745661511,-0.0006639550,0.0013127101
558407.9200236500,9.7955031926,-0.0034024776,-0.0019031718,0.1745118680,-0.0006965068,0.0013561005
558407.9300236501,9.7953483067,-0.0024880109,-0.0017489747,0.1745987210,-0.0006965068,0.0013344053
558407.9400236499,9.7948859140,-0.0015746557,-0.0018972597,0.1745987210,-0.0006965068,0.0013018625
558407.9500236500,9.7957961921,-0.0021805951,-0.0028202097,0.1745987210,-0.0007073575,0.0013452529
558407.9600236500,9.7950425560,-0.0032516877,-0.0022043153,0.1745878644,-0.0006748056,0.0013452529
558407.9700236500,9.7948906733,-0.0027948711,-0.0018978178,0.1745878644,-0.0007073575,0.0012910149
558407.9800236500,9.7951915501,-0.0020309165,-0.0020525162,0.1745770077,-0.0007182081,0.0013452529
558407.9900236500,9.7956460655,-0.0024863437,-0.0026665708,0.1745227246,-0.0006748056,0.0013561005
558408.0000236500,9.7944269474,-0.0031013841,-0.0028092096,0.1745878644,-0.0007073575,0.0013018625
558408.0100236500,9.7956551613,-0.0029443411,-0.0017517215,0.1748918500,-0.0006748056,0.0013344053
558408.0200236500,9.7956462089,-0.0009614217,-0.0019033244,0.1745987210,-0.0007182081,0.0013344053
558408.0300236500,9.7956448757,-0.0021812898,-0.0026664312,0.1745770077,-0.0006639550,0.0013452529
558408.0400236500,9.7958003565,-0.0032482835,-0.0028206980,0.1745227246,-0.0006748056,0.0013561005
558408.0500236501,9.7953525572,-0.0026407461,-0.0012915152,0.1745118680,-0.0006965068,0.0013127101
558408.0600236499,9.7951903889,-0.0014208783,-0.0018997275,0.1745444379,-0.0007073575,0.0013018625
558408.0700236500,9.7951775516,-0.0018776258,-0.0037300538,0.1745878644,-0.0006965068,0.0013561005
558408.0800236500,9.7953391823,-0.0023349979,-0.0028164733,0.1745661511,-0.0006748056,0.0013344053
558408.0900236500,9.7949003927,-0.0031004110,-0.0008303890,0.1745335812,-0.0006748056,0.0013127101
558408.1000236500,9.7950479963,-0.0037094767,-0.0017469953,0.1745661511,-0.0007290587,0.0013452529
558408.1100236500,9.7951903602,-0.0017258627,-0.0020523767,0.1745770077,-0.0006639550,0.0013452529
558408.1200236500,9.7957913754,-0.0015703486,-0.0031249502,0.1745661511,-0.0006965068,0.0013127101
558408.1300236500,9.7953536610,-0.0038607531,-0.0017496025,0.1745770077,-0.0006748056,0.0013669481
558408.1400236500,9.7955057157,-0.0024876633,-0.0011402044,0.1745878644,-0.0007182081,0.0013127101
558408.1500236500,9.7950366068,-0.0017264185,-0.0022036178,0.1745661511,-0.0006965068,0.0012910149
558408.1600236500,9.7947205991,-0.0014220597,-0.0034210188,0.1745770077,-0.0006965068,0.0013452529
558408.1700236500,9.7958023420,-0.0015709735,-0.0017523624,0.1745661511,-0.0006639550,0.0013669481
558408.1800236501,9.7956557562,-0.0030968680,-0.0017517912,0.1745444379,-0.0006965068,0.0012910149
558408.1900236499,9.7944385662,-0.0026445672,-0.0011313930,0.1745770077,-0.0006965068,0.0013452529
558408.2000236500,9.7948816062,-0.0020318893,-0.0026600178,0.1745878644,-0.0007182081,0.0013452529
558408.2100236500,9.7950378253,-0.0017264879,-0.0020511080,0.1745770077,-0.0006639550,0.0013127101
558408.2200236500,9.7961114615,-0.0038573490,-0.0023659853,0.1745335812,-0.0007182081,0.0013344053
558408.2300236500,9.7955002754,-0.0020298743,-0.0015975244,0.1745444379,-0.0006639550,0.0013452529
558408.2400236500,9.7951976426,-0.0020312637,-0.0012899675,0.1745661511,-0.0007073575,0.0013018625
558408.2500236500,9.7953428378,-0.0023352062,-0.0023589440,0.1745661511,-0.0006748056,0.0013452529
558408.2600236500,9.7954935880,-0.0018770002,-0.0023600035,0.1745444379,-0.0006965068,0.0013561005
558408.2700236500,9.7958107855,-0.0024864128,-0.0011427419,0.1745661511,-0.0006965068,0.0013018625
558408.2800236500,9.7955025977,-0.0032499507,-0.0019031020,0.1745661511,-0.0007182081,0.0013452529
558408.2900236500,9.7945771026,-0.0024906512,-0.0028101994,0.1745661511,-0.0006965068,0.0013344053
558408.3000236501,9.7953368600,-0.0011149214,-0.0025108957,0.1745987210,-0.0006965068,0.0013127101
558408.3100236499,9.7955032500,-0.0027925088,-0.0015978732,0.1745878644,-0.0006748056,0.0013561005
558408.3200236500,9.7950438032,-0.0029467727,-0.0018991563,0.1745770077,-0.0007182081,0.0013561005
558408.3300236500,9.7956515631,-0.0023341639,-0.0019039522,0.1745770077,-0.0007073575,0.0012801673
558408.3400236500,9.7950341411,-0.0020312640,-0.0026612865,0.1745661511,-0.0006965068,0.0013344053
558408.3500236500,9.7950377680,-0.0023364567,-0.0023564065,0.1745987210,-0.0006748056,0.0013452529
558408.3600236500,9.7953483067,-0.0024880109,-0.0017489747,0.1746204343,-0.0007073575,0.0013018625
558408.3700236500,9.7956496637,-0.0030965208,-0.0025143400,0.1745335812,-0.0006965068,0.0013452529
558408.3800236500,9.7956479363,-0.0020289712,-0.0022088322,0.1745878644,-0.0006748056,0.0013561005
558408.3900236500,9.7954911796,-0.0015718769,-0.0025123737,0.1745878644,-0.0006965068,0.0013127101
558408.4000236500,9.7951993987,-0.0027938288,-0.0014428260,0.1746638608,-0.0006965068,0.0013561005
558408.4100236500,9.7953476831,-0.0026404683,-0.0019015542,0.1745878644,-0.0007182081,0.0013344053
558408.4200236500,9.7950360119,-0.0015738916,-0.0022035480,0.1746204343,-0.0007290587,0.0013018625
558408.4300236501,9.7956515631,-0.0023341639,-0.0019039522,0.1745878644,-0.0006531043,0.0013561005
558408.4400236499,9.7953464933,-0.0023354145,-0.0019014147,0.1745661511,-0.0007290587,0.0013561005
558408.4500236500,9.7944367528,-0.0024919708,-0.0012838330,0.1745770077,-0.0006639550,0.0013127101
558408.4600236500,9.7962647060,-0.0027893130,-0.0017567267,0.1745227246,-0.0007073575,0.0013344053
558408.4700236500,9.7951958292,-0.0018786673,-0.0014424075,0.1745444379,-0.0007182081,0.0013452529
558408.4800236500,9.7951921450,-0.0021834434,-0.0020525860,0.1745227246,-0.0006748056,0.0013127101
558408.4900236500,9.7951945533,-0.0024885667,-0.0019002158,0.1745661511,-0.0007073575,0.0013344053
558408.5000236500,9.7948858853,-0.0018796401,-0.0020499090,0.1745770077,-0.0006965068,0.0013344053
558408.5100236500,9.7956625010,-0.0026397733,-0.0006840137,0.1745335812,-0.0006748056,0.0013452529
558408.5200236500,9.7954977810,-0.0026397042,-0.0022078425,0.1745878644,-0.0007182081,0.0013344053
558408.5300236500,9.7950335175,-0.0021837215,-0.0028138661,0.1745661511,-0.0006748056,0.0013344053
558408.5400236510,9.7961019142,-0.0017219027,-0.0025175184,0.1745227246,-0.0006965068,0.0013452529
558408.5500236510,9.7950450790,-0.0023368734,-0.0014413480,0.1745335812,-0.0006748056,0.0013561005
558408.5600236510,9.7951981228,-0.0034037282,-0.0019006343,0.1745335812,-0.0007073575,0.0013452529
558408.5700236510,9.7956491261,-0.0023340251,-0.0022089717,0.1745661511,-0.0007073575,0.0013127101
558408.5800236510,9.7956485599,-0.0018765138,-0.0020562527,0.1745444379,-0.0006965068,0.0013452529
558408.5900236510,9.7959536010,-0.0021802476,-0.0022114394,0.1745770077,-0.0006965068,0.0013777957
558408.6000236510,9.7953506864,-0.0030981185,-0.0017492538,0.1746204343,-0.0007073575,0.0013344053
558408.6100236510,9.7955081527,-0.0024878022,-0.0008351849,0.1745878644,-0.0006965068,0.0013127101
558408.6200236510,9.7965637407,-0.0021777465,-0.0022165144,0.1745770077,-0.0006965068,0.0013018625
558408.6300236511,9.7950353596,-0.0020313335,-0.0025087768,0.1745227246,-0.0007073575,0.0013561005
558408.6400236510,9.7950432656,-0.0021842770,-0.0015937880,0.1745661511,-0.0006965068,0.0013561005
558408.6500236510,9.7948919779,-0.0018799873,-0.0012873602,0.1745770077,-0.0006965068,0.0013452529
558408.6600236510,9.7953537183,-0.0032507843,-0.0014443040,0.1746095776,-0.0006965068,0.0013127101
558408.6700236510,9.7959475658,-0.0015699316,-0.0026686897,0.1746312909,-0.0006965068,0.0013127101
558408.6800236510,9.7950353596,-0.0020313335,-0.0025087768,0.1745770077,-0.0006748056,0.0013344053
558408.6900236510,9.7947399519,-0.0029480927,-0.0017441091,0.1745661511,-0.0007290587,0.0013452529
558408.7000236510,9.7951940158,-0.0017260710,-0.0015948475,0.1745227246,-0.0006639550,0.0013561005
558408.7100236510,9.7956521580,-0.0024866909,-0.0019040220,0.1745335812,-0.0006965068,0.0013344053
558408.7200236510,9.7967132723,-0.0017194710,-0.0023700836,0.1745335812,-0.0006639550,0.0013344053
558408.7300236510,9.7953471169,-0.0021829570,-0.0017488352,0.1744901547,-0.0007073575,0.0013344053
558408.7400236510,9.7942799101,-0.0029498297,-0.0020453224,0.1745770077,-0.0007290587,0.0013344053
558408.7500236511,9.7953586210,-0.0029460777,-0.0006816157,0.1745335812,-0.0006748056,0.0013344053
558408.7600236509,9.7955002181,-0.0026398431,-0.0019028230,0.1745444379,-0.0007182081,0.0013452529
558408.7700236510,9.7956504593,-0.0011141569,-0.0014458649,0.1745444379,-0.0006965068,0.0013452529
558408.7800236510,9.7951945246,-0.0027935511,-0.0020528650,0.1745444379,-0.0006965068,0.0013452529
558408.7900236510,9.7947387047,-0.0032530077,-0.0020492681,0.1745770077,-0.0006748056,0.0013452529
558408.8000236510,9.7958034744,-0.0024859961,-0.0020578005,0.1745444379,-0.0007182081,0.0013018625
558408.8100236510,9.7950402337,-0.0020316112,-0.0018987378,0.1746095776,-0.0006965068,0.0013344053
558408.8200236510,9.7959518163,-0.0017226668,-0.0022112302,0.1746204343,-0.0006748056,0.0013561005
558408.8300236510,9.7967223107,-0.0027874372,-0.0017605329,0.1745878644,-0.0006965068,0.0013344053
558408.8400236510,9.7953525285,-0.0029457305,-0.0014441645,0.1745661511,-0.0007073575,0.0013344053
558408.8500236510,9.7961085729,-0.0021797612,-0.0019076887,0.1745661511,-0.0007073575,0.0013452529
558408.8600236510,9.7954881764,-0.0011142267,-0.0026646742,0.1745661511,-0.0007073575,0.0013452529
558408.8700236510,9.7944349681,-0.0020343901,-0.0012836238,0.1745335812,-0.0006748056,0.0013452529
558408.8800236511,9.7953549082,-0.0035558381,-0.0014444435,0.1746312909,-0.0006965068,0.0013344053
558408.8900236510,9.7959609121,-0.0021806642,-0.0012963809,0.1745878644,-0.0006965068,0.0013127101
558408.9000236510,9.7953404581,-0.0017250985,-0.0023586650,0.1746530042,-0.0007073575,0.0013344053
558408.9100236510,9.7950365495,-0.0023363873,-0.0025089163,0.1746312909,-0.0006965068,0.0013561005
558408.9200236510,9.7950419897,-0.0027941764,-0.0020515963,0.1746312909,-0.0007073575,0.0013344053
558408.9300236510,9.7952031115,-0.0021840684,-0.0006799982,0.1746095776,-0.0006965068,0.0013127101
558408.9400236510,9.7965697758,-0.0027880625,-0.0017592641,0.1745335812,-0.0006965068,0.0013561005
558408.9500236510,9.7957962781,-0.0012656419,-0.0023622619,0.1745770077,-0.0006965068,0.0013344053
558408.9600236510,9.7958010661,-0.0021808729,-0.0022101707,0.1745227246,-0.0006965068,0.0013452529
558408.9700236510,9.7953573452,-0.0035559770,-0.0011394240,0.1745444379,-0.0007182081,0.0013452529
558408.9800236510,9.7956546524,-0.0018768609,-0.0012937039,0.1745010113,-0.0007182081,0.0013127101
558408.9900236510,9.7954978957,-0.0014197666,-0.0015972454,0.1745227246,-0.0006965068,0.0013018625
558409.0000236511,9.7942744985,-0.0021870562,-0.0023499931,0.1745227246,-0.0007182081,0.0013561005
558409.0100236509,9.7955057157,-0.0024876633,-0.0011402044,0.1748809934,-0.0006965068,0.0013452529
558409.0200236510,9.7962665194,-0.0029419094,-0.0016042867,0.1745444379,-0.0006965068,0.0013127101
558409.0300236510,9.7953489303,-0.0023355534,-0.0015963952,0.1745987210,-0.0006965068,0.0013669481
558409.0400236510,9.7956485312,-0.0021814982,-0.0022089020,0.1746095776,-0.0006965068,0.0013561005
558409.0500236510,9.7956467465,-0.0017239174,-0.0022086927,0.1746095776,-0.0007182081,0.0013127101
558409.0600236510,9.7956563798,-0.0029444105,-0.0015992117,0.1746095776,-0.0006965068,0.0013452529
558409.0700236510,9.7959663237,-0.0029434377,-0.0009917102,0.1745878644,-0.0006748056,0.0013452529
558409.0800236510,9.7958053165,-0.0023336081,-0.0017527112,0.1746095776,-0.0007182081,0.0012910149
558409.0900236510,9.7953477405,-0.0020304995,-0.0015962557,0.1745878644,-0.0006748056,0.0013669481
558409.1000236510,9.7947423602,-0.0032532160,-0.0015917388,0.1745444379,-0.0007182081,0.0013777957
558409.1100236510,9.7948913543,-0.0020324448,-0.0014399397,0.1745987210,-0.0007073575,0.0013018625
558409.1200236510,9.7951957432,-0.0027936205,-0.0019003553,0.1745878644,-0.0007073575,0.0013344053
558409.1300236511,9.7945826003,-0.0023384714,-0.0020475808,0.1745878644,-0.0006965068,0.0013561005
558409.1400236510,9.7948968519,-0.0018802651,-0.0006773212,0.1745878644,-0.0007073575,0.0013018625
558409.1500236510,9.7958065064,-0.0026386619,-0.0017528507,0.1745987210,-0.0006748056,0.0013452529
558409.1600236510,9.7961116335,-0.0020274426,-0.0014500896,0.1745118680,-0.0006965068,0.0013777957
558409.1700236510,9.7956510542,-0.0012666838,-0.0014459346,0.1744575848,-0.0006748056,0.0013127101
558409.1800236510,9.7951945533,-0.0024885667,-0.0019002158,0.1745118680,-0.0007182081,0.0013452529
558409.1900236510,9.7951952056,-0.0020311248,-0.0015949870,0.1745010113,-0.0006639550,0.0013344053
558409.2000236510,9.7951928546,-0.0011160328,-0.0014420587,0.1745010113,-0.0006965068,0.0013018625
558409.2100236510,9.7955062819,-0.0029451746,-0.0012929235,0.1745227246,-0.0006965068,0.0013452529
558409.2200236510,9.7954965625,-0.0026396347,-0.0023603523,0.1745770077,-0.0007182081,0.0013669481
558409.2300236510,9.7951964241,-0.0020311943,-0.0014424772,0.1746204343,-0.0007073575,0.0013018625
558409.2400236510,9.7951909838,-0.0015734052,-0.0018997972,0.1746095776,-0.0006965068,0.0013561005
558409.2500236511,9.7956534339,-0.0018767915,-0.0014462137,0.1745987210,-0.0006965068,0.0013561005
558409.2600236509,9.7956551326,-0.0032493254,-0.0019043707,0.1745878644,-0.0007073575,0.0013344053
558409.2700236510,9.7959627542,-0.0020282762,-0.0009912916,0.1745878644,-0.0007073575,0.0013344053
558409.2800236510,9.7951970764,-0.0015737524,-0.0011372484,0.1745987210,-0.0007182081,0.0013452529
558409.2900236510,9.7953423002,-0.0015727105,-0.0020535757,0.1745661511,-0.0006965068,0.0013561005
558409.3000236510,9.7958125129,-0.0035539623,-0.0014482497,0.1745335812,-0.0007073575,0.0013344053
558409.3100236510,9.7953574312,-0.0026410238,-0.0006814762,0.1745227246,-0.0006639550,0.0013452529
558409.3200236510,9.7945845571,-0.0009661458,-0.0011318945,0.1745444379,-0.0007182081,0.0013561005
558409.3300236510,9.7950348221,-0.0012688378,-0.0022034085,0.1745878644,-0.0006748056,0.0013452529
558409.3400236510,9.7959577654,-0.0032479360,-0.0022119277,0.1745770077,-0.0007073575,0.0013344053
558409.3500236510,9.7949003927,-0.0031004110,-0.0008303890,0.1745444379,-0.0006748056,0.0013669481
558409.3600236510,9.7952006745,-0.0021839295,-0.0009850177,0.1745010113,-0.0007182081,0.0013452529
558409.3700236510,9.7956492121,-0.0014190719,-0.0017510239,0.1745227246,-0.0007073575,0.0013452529
558409.3800236511,9.7954917459,-0.0020293882,-0.0026650928,0.1745118680,-0.0007182081,0.0013669481
558409.3900236510,9.7956600353,-0.0029446188,-0.0011416824,0.1745770077,-0.0006639550,0.0013127101
558409.4000236510,9.7953562127,-0.0026409544,-0.0008339859,0.1745661511,-0.0007182081,0.0013344053
558409.4100236510,9.7956528390,-0.0017242646,-0.0014461439,0.1745987210,-0.0006965068,0.0013452529
558409.4200236510,9.7950341698,-0.0017262796,-0.0025086373,0.1746204343,-0.0007073575,0.0013452529
558409.4300236510,9.7955014652,-0.0023349281,-0.0015976640,0.1745987210,-0.0006748056,0.0013452529
558409.4400236510,9.7959723588,-0.0035537537,-0.0005344599,0.1745118680,-0.0007073575,0.0013452529
558409.4500236510,9.7953586784,-0.0023361089,-0.0003763172,0.1745227246,-0.0007182081,0.0013452529
558409.4600236510,9.7950317901,-0.0011161720,-0.0025083582,0.1744792981,-0.0007182081,0.0013344053
558409.4700236510,9.7944276857,-0.0017289891,-0.0020460330,0.1745227246,-0.0006965068,0.0013561005
558409.4800236510,9.7959651338,-0.0026383839,-0.0009915707,0.1745335812,-0.0006748056,0.0013669481
558409.4900236510,9.7956666654,-0.0037074617,-0.0006845020,0.1745661511,-0.0006965068,0.0013344053
558409.5000236511,9.7948858567,-0.0021846245,-0.0022025583,0.1745770077,-0.0007290587,0.0013452529
558409.5100236509,9.7954948925,-0.0009621164,-0.0017495459,0.1745661511,-0.0006748056,0.0013561005
558409.5200236510,9.7956570607,-0.0021819842,-0.0011413337,0.1745770077,-0.0006748056,0.0013561005
558409.5300236510,9.7961218905,-0.0030954782,-0.0006880291,0.1745335812,-0.0007073575,0.0013344053
558409.5400236510,9.7951975566,-0.0029462169,-0.0017479153,0.1745770077,-0.0007073575,0.0013344053
558409.5500236510,9.7947230935,-0.0008122298,-0.0028107008,0.1746095776,-0.0007073575,0.0013452529
558409.5600236510,9.7953465507,-0.0017254457,-0.0015961162,0.1745878644,-0.0006965068,0.0013561005
558409.5700236510,9.7962792994,-0.0030951307,-0.0000792588,0.1745770077,-0.0006965068,0.0013561005
558409.5800236510,9.7944470098,-0.0035600064,-0.0005217725,0.1746095776,-0.0007182081,0.0013127101
558409.5900236510,9.7950360406,-0.0012689072,-0.0020508987,0.1745661511,-0.0007182081,0.0013344053
558409.6000236510,9.7954918032,-0.0014194194,-0.0023597942,0.1745444379,-0.0007073575,0.0013561005
558409.6100236520,9.7956557849,-0.0027918836,-0.0015991420,0.1745878644,-0.0006965068,0.0013452529
558409.6200236520,9.7947484814,-0.0029485788,-0.0006765407,0.1745878644,-0.0006965068,0.0013127101
558409.6300236520,9.7947411704,-0.0029481622,-0.0015915993,0.1745987210,-0.0007073575,0.0013777957
558409.6400236520,9.7953381358,-0.0005050221,-0.0020530874,0.1745661511,-0.0006748056,0.0013669481
558409.6500236520,9.7959585037,-0.0018755410,-0.0014487511,0.1745878644,-0.0006965068,0.0013127101
558409.6600236520,9.7949034533,-0.0029480924,-0.0003727900,0.1746095776,-0.0007073575,0.0013669481
558409.6700236520,9.7952055486,-0.0021842072,-0.0003749787,0.1745227246,-0.0007073575,0.0013344053
558409.6800236520,9.7950365781,-0.0020314029,-0.0023562670,0.1746204343,-0.0007182081,0.0013344053
558409.6900236520,9.7947400092,-0.0023381239,-0.0014388105,0.1747832837,-0.0006748056,0.0013669481
558409.7000236521,9.7953484788,-0.0006581045,-0.0008330791,0.1747181439,-0.0007073575,0.0013344053
558409.7100236519,9.7955081240,-0.0027927866,-0.0009878342,0.1745444379,-0.0006965068,0.0013452529
558409.7200236520,9.7956564085,-0.0026394261,-0.0014465625,0.1745118680,-0.0007073575,0.0013561005
558409.7300236520,9.7945851233,-0.0014236571,-0.0012846135,0.1745335812,-0.0007073575,0.0013018625
558409.7400236520,9.7956619061,-0.0024872464,-0.0006839439,0.1745118680,-0.0006965068,0.0013452529
558409.7500236520,9.7952006459,-0.0024889139,-0.0011376670,0.1745770077,-0.0007073575,0.0013777957
558409.7600236520,9.7951915214,-0.0023359009,-0.0022051655,0.1745444379,-0.0006965068,0.0013452529
558409.7700236520,9.7952012408,-0.0026414408,-0.0011377367,0.1745661511,-0.0007073575,0.0013452529
558409.7800236520,9.7953501775,-0.0020306384,-0.0012912362,0.1745987210,-0.0006965068,0.0013452529
558409.7900236520,9.7955052068,-0.0014201832,-0.0006821869,0.1745987210,-0.0006748056,0.0013344053
558409.8000236520,9.7955045258,-0.0021826095,-0.0011400649,0.1745987210,-0.0007290587,0.0013452529
558409.8100236520,9.7951969330,-0.0030986744,-0.0019004948,0.1746095776,-0.0006965068,0.0013669481
558409.8200236520,9.7950414522,-0.0020316807,-0.0017462280,0.1745878644,-0.0007182081,0.0013127101
558409.8300236519,9.7967272708,-0.0018727618,-0.0006925460,0.1745444379,-0.0006748056,0.0013452529
558409.8400236520,9.7950434090,-0.0006593550,-0.0008305416,0.1745770077,-0.0007073575,0.0013669481
558409.8500236520,9.7951914927,-0.0026408853,-0.0023578148,0.1745444379,-0.0006965068,0.0013452529
558409.8600236520,9.7952054625,-0.0030991604,-0.0008329265,0.1746095776,-0.0007182081,0.0013344053
558409.8700236520,9.7950481396,-0.0021845548,-0.0009837490,0.1745770077,-0.0007073575,0.0013452529
558409.8800236520,9.7954991142,-0.0014198360,-0.0014447357,0.1745770077,-0.0007073575,0.0013561005
558409.8900236520,9.7959511640,-0.0021801087,-0.0025164590,0.1745010113,-0.0006965068,0.0013561005
558409.9000236520,9.7953549655,-0.0029458694,-0.0011391450,0.1745444379,-0.0006965068,0.0013777957
558409.9100236520,9.7956637769,-0.0020298739,-0.0002262054,0.1745770077,-0.0007073575,0.0013344053
558409.9200236520,9.7958072447,-0.0012662669,-0.0009896741,0.1745444379,-0.0007073575,0.0013452529
558409.9300236520,9.7959518163,-0.0017226668,-0.0022112302,0.1745878644,-0.0007073575,0.0013452529
558409.9400236520,9.7956539428,-0.0029442716,-0.0019042312,0.1745661511,-0.0006748056,0.0013452529
558409.9500236521,9.7944398708,-0.0017296834,-0.0005209355,0.1745987210,-0.0007290587,0.0013561005
558409.9600236519,9.7948931964,-0.0018800568,-0.0011348505,0.1745227246,-0.0007073575,0.0013452529
558409.9700236520,9.7951982088,-0.0024887750,-0.0014426865,0.1745335812,-0.0007073575,0.0013777957
558409.9800236520,9.7947369486,-0.0024904425,-0.0018964095,0.1745770077,-0.0006965068,0.0013561005
558409.9900236520,9.7959560380,-0.0021803865,-0.0019064199,0.1745661511,-0.0007073575,0.0013344053
558410.0000236520,9.7952013555,-0.0014215032,-0.0005271396,0.1745444379,-0.0007182081,0.0013561005
558410.0100236520,9.7961183210,-0.0021803167,-0.0006876106,0.1748375669,-0.0006748056,0.0013561005
558410.0200236520,9.7956478789,-0.0026389400,-0.0025141308,0.1745444379,-0.0007290587,0.0013561005
558410.0300236520,9.7951939871,-0.0020310554,-0.0017474967,0.1745335812,-0.0006639550,0.0013669481
558410.0400236520,9.7961117196,-0.0011124894,-0.0009921418,0.1745335812,-0.0007182081,0.0013777957
558410.0500236520,9.7941390227,-0.0021886536,-0.0002135877,0.1745770077,-0.0007073575,0.0013561005
558410.0600236520,9.7952024019,-0.0032514790,-0.0012905255,0.1745661511,-0.0006965068,0.0013344053
558410.0700236520,9.7956540575,-0.0017243340,-0.0012936342,0.1745444379,-0.0007182081,0.0013344053
558410.0800236519,9.7950450790,-0.0023368734,-0.0014413480,0.1745661511,-0.0006965068,0.0013777957
558410.0900236520,9.7952013555,-0.0014215032,-0.0005271396,0.1745661511,-0.0007073575,0.0013669481
558410.1000236520,9.7955116935,-0.0037079481,-0.0009882527,0.1745227246,-0.0006748056,0.0013452529
558410.1100236520,9.7967236153,-0.0018725534,-0.0011500753,0.1745010113,-0.0007073575,0.0013452529
558410.1200236520,9.7956444241,-0.0005038409,-0.0019031151,0.1745118680,-0.0007073575,0.0013344053
558410.1300236520,9.7947405754,-0.0027956352,-0.0015915295,0.1745770077,-0.0007073575,0.0013669481
558410.1400236520,9.7941420833,-0.0020363350,0.0002440113,0.1745878644,-0.0007073575,0.0013344053
558410.1500236520,9.7958101619,-0.0026388703,-0.0012953214,0.1745444379,-0.0006965068,0.0013344053
558410.1600236520,9.7956474274,-0.0009614911,-0.0017508146,0.1745444379,-0.0006748056,0.0013777957
558410.1700236520,9.7948841579,-0.0008120906,-0.0017444012,0.1745770077,-0.0006965068,0.0013669481
558410.1800236520,9.7944397847,-0.0026446366,-0.0009788833,0.1745878644,-0.0007073575,0.0013344053
558410.1900236520,9.7949034247,-0.0032530768,-0.0005254392,0.1745444379,-0.0007182081,0.0013561005
558410.2000236521,9.7961123145,-0.0012650163,-0.0009922116,0.1745770077,-0.0006965068,0.0013452529
558410.2100236519,9.7947297522,-0.0012700883,-0.0022008710,0.1746204343,-0.0007073575,0.0013561005
558410.2200236520,9.7953567503,-0.0034034501,-0.0011393542,0.1745878644,-0.0006965068,0.0013561005
558410.2300236520,9.7956661279,-0.0029449660,-0.0003791337,0.1745987210,-0.0006639550,0.0013561005
558410.2400236520,9.7951952629,-0.0014211560,-0.0012896884,0.1745661511,-0.0007182081,0.0013344053
558410.2500236520,9.7961105297,-0.0008074356,-0.0009920023,0.1745661511,-0.0006748056,0.0013561005
558410.2600236520,9.7951903316,-0.0020308471,-0.0022050260,0.1745770077,-0.0007399093,0.0013777957
558410.2700236520,9.7950564971,-0.0040149472,-0.0008320763,0.1745987210,-0.0006639550,0.0013561005
558410.2800236520,9.7955142739,-0.0021831650,0.0000800131,0.1745444379,-0.0007073575,0.0013344053
558410.2900236520,9.7953508584,-0.0012682121,-0.0008333581,0.1745227246,-0.0006965068,0.0013561005
558410.3000236520,9.7950341985,-0.0014212952,-0.0023559880,0.1745227246,-0.0007182081,0.0013886433
558410.3100236520,9.7956606016,-0.0034021301,-0.0012944015,0.1745227246,-0.0006748056,0.0013561005
558410.3200236520,9.7958193150,-0.0024868988,-0.0000751736,0.1745227246,-0.0006965068,0.0013344053
558410.3300236519,9.7953539477,-0.0008109091,-0.0002231098,0.1744792981,-0.0007073575,0.0013452529
558410.3400236520,9.7958041841,-0.0014185855,-0.0014472731,0.1745335812,-0.0007073575,0.0013669481
558410.3500236520,9.7955033073,-0.0021825401,-0.0012925747,0.1745878644,-0.0006965068,0.0013669481
558410.3600236520,9.7952061148,-0.0026417186,-0.0005276977,0.1745444379,-0.0007073575,0.0013344053
558410.3700236520,9.7955088623,-0.0014203915,-0.0002246576,0.1745661511,-0.0007073575,0.0013561005
558410.3800236520,9.7958078109,-0.0017237782,-0.0011423931,0.1745335812,-0.0006965068,0.0013561005
558410.3900236520,9.7953470882,-0.0024879414,-0.0019014845,0.1745661511,-0.0006965068,0.0013452529
558410.4000236520,9.7950499530,-0.0023371511,-0.0008313090,0.1745770077,-0.0007073575,0.0013344053
558410.4100236520,9.7956559283,-0.0012669616,-0.0008358956,0.1745987210,-0.0007073575,0.0013669481
558410.4200236520,9.7950476021,-0.0014220591,-0.0006783807,0.1745661511,-0.0006965068,0.0013669481
558410.4300236520,9.7945923196,-0.0026440113,-0.0009801520,0.1745661511,-0.0007290587,0.0013561005
558410.4400236520,9.7958101332,-0.0029438546,-0.0014479707,0.1745878644,-0.0006965068,0.0013561005
558410.4500236521,9.7948962570,-0.0017277382,-0.0006772514,0.1746964307,-0.0007182081,0.0013452529
558410.4600236519,9.7950440039,-0.0008118819,-0.0008306114,0.1747832837,-0.0007073575,0.0013561005
558410.4700236520,9.7964263367,-0.0032466851,-0.0008431461,0.1746855740,-0.0006748056,0.0013777957
558410.4800236520,9.7948961423,-0.0029476757,-0.0012878485,0.1746095776,-0.0007073575,0.0013561005
558410.4900236520,9.7956571468,-0.0012670310,-0.0006833859,0.1745444379,-0.0007182081,0.0013344053
558410.5000236520,9.7947437221,-0.0017283634,-0.0006759827,0.1745118680,-0.0007182081,0.0013777957
558410.5100236520,9.7956460942,-0.0021813593,-0.0025139215,0.1744575848,-0.0006965068,0.0013777957
558410.5200236520,9.7949016112,-0.0031004804,-0.0006778792,0.1744901547,-0.0007073575,0.0012910149
558410.5300236520,9.7947649169,-0.0031020084,0.0013060163,0.1745227246,-0.0007182081,0.0013561005
558410.5400236520,9.7951916361,-0.0011159633,-0.0015945684,0.1745444379,-0.0007073575,0.0013669481
558410.5500236520,9.7957932462,-0.0011129761,-0.0026672117,0.1745335812,-0.0006748056,0.0013561005
558410.5600236520,9.7958168207,-0.0030967288,-0.0006854917,0.1745444379,-0.0006531043,0.0013669481
558410.5700236520,9.7962842308,-0.0024854396,0.0008360787,0.1745227246,-0.0007073575,0.0013561005
558410.5800236519,9.7953508584,-0.0012682121,-0.0008333581,0.1745770077,-0.0007290587,0.0013127101
558410.5900236520,9.7945766224,-0.0011181867,-0.0021995325,0.1745770077,-0.0006965068,0.0013669481
558410.6000236520,9.7950420758,-0.0018792232,-0.0015936485,0.1745878644,-0.0007073575,0.0013777957
558410.6100236520,9.7950590202,-0.0031001329,-0.0000691089,0.1745770077,-0.0006639550,0.0013452529
558410.6200236520,9.7953635811,-0.0020314022,0.0003863711,0.1744901547,-0.0007182081,0.0013452529
558410.6300236520,9.7950353596,-0.0020313335,-0.0025087768,0.1745444379,-0.0007182081,0.0013994909
558410.6400236520,9.7944282519,-0.0021865004,-0.0021987521,0.1745444379,-0.0006965068,0.0013452529
558410.6500236520,9.7961261409,-0.0032482134,-0.0002305696,0.1745661511,-0.0006639550,0.0013452529
558410.6600236520,9.7955228034,-0.0021836511,0.0011475814,0.1745878644,-0.0007182081,0.0013669481
558410.6700236520,9.7944290762,0.0001008479,-0.0009776277,0.1745661511,-0.0007182081,0.0013561005
558410.6800236530,9.7953361790,-0.0018773477,-0.0029687738,0.1745661511,-0.0007073575,0.0013452529
558410.6900236530,9.7955123458,-0.0032505062,-0.0006830239,0.1745335812,-0.0006531043,0.0013669481
558410.7000236530,9.7955258927,-0.0017263481,0.0017578297,0.1745661511,-0.0007182081,0.0013561005
558410.7100236530,9.7944411466,-0.0011197841,-0.0000631272,0.1745335812,-0.0007616106,0.0013344053
558410.7200236530,9.7948827674,-0.0026419275,-0.0028128066,0.1745661511,-0.0007182081,0.0013886433
558410.7300236530,9.7953416480,-0.0020301523,-0.0023588045,0.1745878644,-0.0006639550,0.0013452529
558410.7400236530,9.7952098563,-0.0017269737,0.0003877794,0.1745878644,-0.0006965068,0.0013344053
558410.7500236530,9.7959791610,-0.0024866902,0.0008386162,0.1746204343,-0.0006965068,0.0013886433
558410.7600236530,9.7948853764,-0.0008121600,-0.0015918914,0.1745770077,-0.0007290587,0.0013561005
558410.7700236531,9.7948803877,-0.0020318199,-0.0028125276,0.1746095776,-0.0006748056,0.0013127101
558410.7800236529,9.7958181252,-0.0021818450,-0.0000750341,0.1746095776,-0.0007073575,0.0013777957
558410.7900236530,9.7959707748,-0.0009612821,0.0005342942,0.1745770077,-0.0007073575,0.0013344053
558410.8000236530,9.7944410032,-0.0026447061,-0.0008263735,0.1745987210,-0.0007399093,0.0013452529
558410.8100236530,9.7947326695,-0.0026426917,-0.0025065183,0.1745770077,-0.0007182081,0.0013994909
558410.8200236530,9.7947358735,-0.0009654511,-0.0012856729,0.1745987210,-0.0006748056,0.0013344053
558410.8300236530,9.7958266834,-0.0018773467,0.0011451835,0.1745010113,-0.0006748056,0.0013669481
558410.8400236530,9.7956723351,-0.0017253756,0.0009940122,0.1745227246,-0.0007182081,0.0013886433
558410.8500236530,9.7954930217,-0.0014194888,-0.0022072845,0.1745010113,-0.0007073575,0.0013452529
558410.8600236530,9.7948791979,-0.0017267660,-0.0028123880,0.1745878644,-0.0006965068,0.0013344053
558410.8700236530,9.7959689614,-0.0008086858,0.0003818542,0.1745770077,-0.0007073575,0.0013777957
558410.8800236530,9.7949126351,-0.0024911366,0.0010000071,0.1745987210,-0.0007182081,0.0013886433
558410.8900236530,9.7948943862,-0.0021851106,-0.0011349900,0.1745444379,-0.0007290587,0.0013452529
558410.9000236531,9.7959463760,-0.0012648778,-0.0026685502,0.1745878644,-0.0006965068,0.0013669481
558410.9100236529,9.7956655616,-0.0024874547,-0.0002264146,0.1745444379,-0.0006748056,0.0013777957
558410.9200236530,9.7956735249,-0.0020304294,0.0009938727,0.1745661511,-0.0007182081,0.0013344053
558410.9300236530,9.7948973608,-0.0029477452,-0.0011353388,0.1745335812,-0.0007182081,0.0013561005
558410.9400236530,9.7953399206,-0.0009626028,-0.0020532967,0.1745770077,-0.0007073575,0.0013777957
558410.9500236530,9.7962685049,-0.0012645994,-0.0005359510,0.1745878644,-0.0006639550,0.0013452529
558410.9600236530,9.7955173058,-0.0023358308,0.0003849629,0.1745335812,-0.0006965068,0.0013777957
558410.9700236530,9.7961164502,-0.0026376891,-0.0011453491,0.1745770077,-0.0007073575,0.0013561005
558410.9800236530,9.7959482754,-0.0005025209,-0.0020581624,0.1745227246,-0.0007073575,0.0013344053
558410.9900236530,9.7945869080,-0.0018812379,-0.0012848228,0.1745770077,-0.0007073575,0.0013561005
558411.0000236530,9.7952098277,-0.0020319581,0.0002351301,0.1746204343,-0.0007073575,0.0013669481
558411.0100236530,9.7950548557,-0.0020324445,-0.0000686207,0.1748375669,-0.0006748056,0.0013561005
558411.0200236531,9.7955003041,-0.0017248899,-0.0014448752,0.1746095776,-0.0007182081,0.0013777957
558411.0300236529,9.7950536086,-0.0023373594,-0.0003737797,0.1745444379,-0.0007073575,0.0013886433
558411.0400236530,9.7955118369,-0.0021830261,-0.0002250064,0.1745335812,-0.0006639550,0.0013561005
558411.0500236530,9.7964258565,-0.0018742206,-0.0002324793,0.1745661511,-0.0006748056,0.0013561005
558411.0600236530,9.7958072160,-0.0015712513,-0.0011423234,0.1745118680,-0.0007073575,0.0013669481
558411.0700236530,9.7959603745,-0.0014181685,-0.0009910126,0.1745444379,-0.0006965068,0.0013452529
558411.0800236530,9.7952079282,-0.0027943149,-0.0003752577,0.1745661511,-0.0007182081,0.0013669481
558411.0900236530,9.7956583653,-0.0012671005,-0.0005308761,0.1745987210,-0.0006748056,0.0013561005
558411.1000236530,9.7953466654,-0.0005055081,-0.0009855191,0.1745770077,-0.0007073575,0.0013669481
558411.1100236530,9.7952048676,-0.0029466335,-0.0008328567,0.1745661511,-0.0007182081,0.0013886433
558411.1200236530,9.7955112420,-0.0020304992,-0.0002249366,0.1745878644,-0.0007073575,0.0013344053
558411.1300236530,9.7950500677,-0.0011172135,-0.0002207119,0.1745661511,-0.0007182081,0.0013127101
558411.1400236530,9.7958078396,-0.0014187938,-0.0009897439,0.1746312909,-0.0007073575,0.0013886433
558411.1500236531,9.7942836803,-0.0017301004,-0.0009771960,0.1746204343,-0.0006965068,0.0013669481
558411.1600236529,9.7955154064,-0.0030981876,-0.0002254249,0.1746095776,-0.0007073575,0.0013561005
558411.1700236530,9.7953666130,-0.0021840680,0.0006913209,0.1745987210,-0.0007073575,0.0013777957
558411.1800236530,9.7961032187,-0.0008070189,-0.0019070609,0.1745661511,-0.0006965068,0.0013344053
558411.1900236530,9.7956564658,-0.0020294573,-0.0011412639,0.1745335812,-0.0007073575,0.0013669481
558411.2000236530,9.7965752735,-0.0026358827,-0.0009966456,0.1745661511,-0.0006965068,0.0013886433
558411.2100236530,9.7952116984,-0.0015745856,0.0006928687,0.1745661511,-0.0007290587,0.0013344053
558411.2200236530,9.7947431272,-0.0015758365,-0.0006759129,0.1745661511,-0.0007073575,0.0013669481
558411.2300236530,9.7958029369,-0.0017235004,-0.0017524322,0.1746312909,-0.0007182081,0.0014211860
558411.2400236530,9.7959542820,-0.0014178213,-0.0017535614,0.1747181439,-0.0006965068,0.0013452529
558411.2500236530,9.7953641473,-0.0024889135,0.0002336521,0.1746312909,-0.0006965068,0.0013452529
558411.2600236530,9.7944447735,-0.0014249768,0.0002417528,0.1745444379,-0.0007182081,0.0013886433
558411.2700236531,9.7958048363,-0.0009611436,-0.0011420444,0.1745227246,-0.0007073575,0.0013669481
558411.2800236529,9.7956496637,-0.0030965208,-0.0025143400,0.1744792981,-0.0006748056,0.0013669481
558411.2900236530,9.7955124318,-0.0023355530,-0.0002250761,0.1745010113,-0.0006965068,0.0013886433
558411.3000236530,9.7952099710,-0.0005070361,0.0009983765,0.1744901547,-0.0007182081,0.0013452529
558411.3100236530,9.7955190619,-0.0030983959,0.0002321044,0.1745335812,-0.0007073575,0.0013669481
558411.3200236530,9.7959530061,-0.0020277207,-0.0022113697,0.1745444379,-0.0006965068,0.0013777957
558411.3300236530,9.7959622166,-0.0012657805,-0.0006859233,0.1746095776,-0.0006965068,0.0013344053
558411.3400236530,9.7952189521,-0.0021849711,0.0013026287,0.1745987210,-0.0007073575,0.0013669481
558411.3500236530,9.7945991218,-0.0015769479,0.0003929241,0.1745770077,-0.0007399093,0.0013886433
558411.3600236530,9.7954991142,-0.0014198360,-0.0014447357,0.1745878644,-0.0006748056,0.0013344053
558411.3700236530,9.7953446799,-0.0021828181,-0.0020538547,0.1745987210,-0.0007073575,0.0013669481
558411.3800236530,9.7950446275,-0.0006594245,-0.0006780319,0.1745770077,-0.0006748056,0.0013561005
558411.3900236530,9.7950579737,-0.0012701571,0.0006942769,0.1745987210,-0.0007182081,0.0013452529
558411.4000236531,9.7950548271,-0.0023374289,-0.0002212699,0.1745770077,-0.0007073575,0.0013777957
558411.4100236529,9.7958054026,-0.0014186549,-0.0012947634,0.1745770077,-0.0007073575,0.0013669481
558411.4200236530,9.7959566616,-0.0020279290,-0.0017538404,0.1745770077,-0.0007073575,0.0013452529
558411.4300236530,9.7948999412,-0.0014229621,-0.0000670729,0.1745661511,-0.0007073575,0.0013777957
558411.4400236530,9.7949054388,-0.0012707824,0.0006955457,0.1745661511,-0.0007182081,0.0013886433
558411.4500236530,9.7959694703,-0.0018761659,-0.0000761633,0.1745770077,-0.0006748056,0.0013127101
558411.4600236530,9.7959608834,-0.0024856486,-0.0014490302,0.1745878644,-0.0006965068,0.0013777957
558411.4700236530,9.7955058877,-0.0006577570,-0.0002243088,0.1745227246,-0.0007073575,0.0013886433
558411.4800236530,9.7950561316,-0.0014225451,0.0003891876,0.1745444379,-0.0007182081,0.0013669481
558411.4900236530,9.7953575172,-0.0017260706,-0.0002235284,0.1745010113,-0.0007182081,0.0013669481
558411.5000236530,9.7956546811,-0.0015718765,-0.0011410546,0.1745444379,-0.0006965068,0.0013777957
558411.5100236530,9.7952001370,-0.0014214338,-0.0006796494,0.1745878644,-0.0007182081,0.0013452529
558411.5200236531,9.7950487632,-0.0020320973,-0.0008311694,0.1745878644,-0.0006965068,0.0013561005
558411.5300236529,9.7947444030,-0.0009659372,-0.0002181046,0.1745878644,-0.0007073575,0.0013669481
558411.5400236530,9.7955064540,-0.0011152683,-0.0003770278,0.1745770077,-0.0006748056,0.0013669481
558411.5500236530,9.7956637195,-0.0026398427,-0.0005315039,0.1745770077,-0.0006748056,0.0013669481
558411.5600236530,9.7951933635,-0.0021835129,-0.0019000762,0.1745878644,-0.0007182081,0.0013669481
558411.5700236530,9.7948921212,-0.0003550653,-0.0005241139,0.1745770077,-0.0006965068,0.0013561005
558411.5800236530,9.7950573214,-0.0017275990,0.0003890481,0.1745770077,-0.0007290587,0.0013886433
558411.5900236530,9.7958138748,-0.0020291098,-0.0005324936,0.1745878644,-0.0007073575,0.0013777957
558411.6000236530,9.7962617888,-0.0014167096,-0.0014510793,0.1745227246,-0.0006748056,0.0013561005
558411.6100236530,9.7953508584,-0.0012682121,-0.0008333581,0.1745444379,-0.0007182081,0.0013886433
558411.6200236530,9.7950488206,-0.0014221285,-0.0005258709,0.1745661511,-0.0007073575,0.0013777957
558411.6300236530,9.7948980704,-0.0018803345,-0.0005248114,0.1745661511,-0.0007182081,0.0013452529
558411.6400236530,9.7959681944,-0.0024860652,-0.0005339716,0.1745444379,-0.0006965068,0.0013669481
558411.6500236531,9.7959664670,-0.0014185157,-0.0002284638,0.1745444379,-0.0006965068,0.0013777957
558411.6600236529,9.7947431272,-0.0015758365,-0.0006759129,0.1745878644,-0.0007182081,0.0013669481
558411.6700236530,9.7955137363,-0.0014206693,0.0003853814,0.1745661511,-0.0006965068,0.0013777957
558411.6800236530,9.7955112420,-0.0020304992,-0.0002249366,0.1745335812,-0.0007073575,0.0013886433
558411.6900236530,9.7948950098,-0.0020326531,-0.0009824105,0.1745444379,-0.0007073575,0.0013561005
558411.7000236530,9.7955021175,-0.0018774862,-0.0012924352,0.1745444379,-0.0007182081,0.0013669481
558411.7100236530,9.7951971624,-0.0006587992,-0.0006793006,0.1745444379,-0.0006965068,0.0013561005
558411.7200236530,9.7953593593,-0.0015736826,0.0000815609,0.1746095776,-0.0007182081,0.0013669481
558411.7300236530,9.7953586784,-0.0023361089,-0.0003763172,0.1745987210,-0.0006748056,0.0013669481
558411.7400236530,9.7950494442,-0.0012696710,-0.0003732914,0.1745661511,-0.0007182081,0.0013669481
558411.7500236530,9.7952020651,-0.0003540925,0.0000833877,0.1745987210,-0.0007182081,0.0013669481
558411.7600236540,9.7959664097,-0.0020284845,-0.0005337624,0.1745770077,-0.0006748056,0.0014211860
558411.7700236540,9.7956619061,-0.0024872464,-0.0006839439,0.1745770077,-0.0006965068,0.0013452529
558411.7800236540,9.7955033647,-0.0015725713,-0.0009872761,0.1744901547,-0.0007182081,0.0013452529
558411.7900236540,9.7944356777,-0.0009669794,-0.0006730964,0.1745444379,-0.0007182081,0.0013994909
558411.8000236540,9.7951988898,-0.0017263487,-0.0009848084,0.1745335812,-0.0007073575,0.0013777957
558411.8100236540,9.7958193150,-0.0024868988,-0.0000751736,0.1745335812,-0.0006748056,0.0013452529
558411.8200236540,9.7950506340,-0.0015747248,-0.0003734309,0.1745335812,-0.0007073575,0.0013886433
558411.8300236540,9.7950500104,-0.0017271823,-0.0005260104,0.1745227246,-0.0006965068,0.0013669481
558411.8400236540,9.7941342347,-0.0012734227,-0.0003656790,0.1745661511,-0.0007182081,0.0013561005
558411.8500236541,9.7950578877,-0.0021851103,0.0002363291,0.1745010113,-0.0006965068,0.0013561005
558411.8600236539,9.7970336165,-0.0012616118,-0.0002372752,0.1745661511,-0.0006965068,0.0013669481
558411.8700236540,9.7952001083,-0.0017264182,-0.0008322987,0.1745770077,-0.0006748056,0.0013669481
558411.8800236540,9.7950487919,-0.0017271129,-0.0006785202,0.1745770077,-0.0007182081,0.0013886433
558411.8900236540,9.7952086665,-0.0014219198,0.0003879189,0.1745770077,-0.0007182081,0.0013561005
558411.9000236540,9.7952080142,-0.0018793617,0.0000826901,0.1745661511,-0.0006965068,0.0013669481
558411.9100236540,9.7958132512,-0.0021815673,-0.0006850731,0.1745444379,-0.0006748056,0.0013886433
558411.9200236540,9.7950560456,-0.0023374983,-0.0000687602,0.1745661511,-0.0007182081,0.0013452529
558411.9300236540,9.7951953490,-0.0005062028,-0.0008317406,0.1745335812,-0.0007182081,0.0013561005
558411.9400236540,9.7955052641,-0.0008102144,-0.0003768883,0.1745444379,-0.0007073575,0.0013777957
558411.9500236540,9.7956614546,-0.0008097975,0.0000793722,0.1745444379,-0.0006748056,0.0013777957
558411.9600236540,9.7955118082,-0.0024880105,-0.0003776557,0.1745661511,-0.0007073575,0.0013561005
558411.9700236541,9.7945923483,-0.0023390269,-0.0008275027,0.1745770077,-0.0007182081,0.0013669481
558411.9800236539,9.7944357063,-0.0006619950,-0.0005204472,0.1745987210,-0.0007182081,0.0013561005
558411.9900236540,9.7953551949,-0.0005059942,0.0000820492,0.1746095776,-0.0006965068,0.0013669481
558412.0000236540,9.7962805753,-0.0024852313,0.0003785495,0.1745335812,-0.0007073575,0.0013886433
558412.0100236540,9.7952079856,-0.0021843461,-0.0000699591,0.1748375669,-0.0007182081,0.0013777957
558412.0200236540,9.7950440039,-0.0008118819,-0.0008306114,0.1745661511,-0.0007073575,0.0013669481
558412.0300236540,9.7942903678,-0.0018829745,-0.0002147170,0.1745444379,-0.0007073575,0.0013777957
558412.0400236540,9.7961195969,-0.0015704173,-0.0002298023,0.1745335812,-0.0006531043,0.0013777957
558412.0500236540,9.7953508298,-0.0015731965,-0.0009860074,0.1745227246,-0.0007290587,0.0013344053
558412.0600236540,9.7953623913,-0.0017263484,0.0003865107,0.1745444379,-0.0006965068,0.0013886433
558412.0700236540,9.7958103339,-0.0008089639,-0.0003794258,0.1745987210,-0.0007073575,0.0013777957
558412.0800236540,9.7950463835,-0.0014219896,-0.0008308904,0.1745987210,-0.0006965068,0.0013452529
558412.0900236540,9.7952056059,-0.0015742384,-0.0000696801,0.1746095776,-0.0006748056,0.0013777957
558412.1000236541,9.7959640587,-0.0011133924,-0.0003808341,0.1745335812,-0.0007290587,0.0013669481
558412.1100236539,9.7945959465,-0.0029492041,-0.0006752720,0.1745661511,-0.0007290587,0.0013669481
558412.1200236540,9.7945827723,-0.0005085651,-0.0011316852,0.1745444379,-0.0007073575,0.0013561005
558412.1300236540,9.7961129954,-0.0005025901,-0.0005343335,0.1745770077,-0.0007073575,0.0013886433
558412.1400236540,9.7952103939,-0.0024894694,0.0000824111,0.1745444379,-0.0006965068,0.0014211860
558412.1500236540,9.7955178721,-0.0027933421,0.0002322439,0.1745118680,-0.0007182081,0.0013561005
558412.1600236540,9.7951989471,-0.0011163799,-0.0006795099,0.1745661511,-0.0006965068,0.0013452529
558412.1700236540,9.7956548531,0.0002580298,-0.0002251590,0.1745661511,-0.0007073575,0.0013777957
558412.1800236540,9.7962787332,-0.0026376194,0.0000734602,0.1745335812,-0.0007073575,0.0013777957
558412.1900236540,9.7947497573,-0.0023386794,-0.0002187325,0.1745444379,-0.0007182081,0.0013669481
558412.2000236540,9.7944319648,-0.0015767399,-0.0014359243,0.1745661511,-0.0007182081,0.0013669481
558412.2100236540,9.7948963430,-0.0008127850,-0.0002193036,0.1746204343,-0.0006965068,0.0013561005
558412.2200236541,9.7953563274,-0.0014210168,-0.0002233889,0.1745227246,-0.0007073575,0.0013886433
558412.2300236539,9.7959675995,-0.0023335383,-0.0005339019,0.1745661511,-0.0006748056,0.0013777957
558412.2400236540,9.7945900260,-0.0011189505,-0.0005219252,0.1745661511,-0.0007399093,0.0013452529
558412.2500236540,9.7953551089,-0.0014209474,-0.0003758986,0.1746095776,-0.0007073575,0.0013669481
558412.2600236540,9.7950434090,-0.0006593550,-0.0008305416,0.1746312909,-0.0006965068,0.0013886433
558412.2700236540,9.7952037638,-0.0017266265,-0.0003747694,0.1746095776,-0.0007182081,0.0013669481
558412.2800236540,9.7953604918,-0.0024887052,-0.0002238772,0.1745987210,-0.0006965068,0.0013886433
558412.2900236540,9.7950530710,-0.0015748637,-0.0000684114,0.1745987210,-0.0007073575,0.0013669481
558412.3000236540,9.7951971337,-0.0009637836,-0.0008319499,0.1744901547,-0.0006748056,0.0013452529
558412.3100236540,9.7961196255,-0.0012654329,-0.0000771530,0.1745118680,-0.0006965068,0.0013886433
558412.3200236540,9.7953527292,-0.0008108397,-0.0003756196,0.1745444379,-0.0007073575,0.0013777957
558412.3300236540,9.7942903678,-0.0018829745,-0.0002147170,0.1745878644,-0.0007290587,0.0013561005
558412.3400236540,9.7947540364,-0.0021864303,0.0003913763,0.1746095776,-0.0007073575,0.0013777957
558412.3500236541,9.7958133659,-0.0009616297,-0.0000744760,0.1745770077,-0.0007182081,0.0013777957
558412.3600236539,9.7961128807,-0.0017225276,-0.0011449306,0.1745878644,-0.0006748056,0.0013669481
558412.3700236540,9.7953515967,0.0001041829,-0.0000701815,0.1745444379,-0.0007073575,0.0013777957
558412.3800236540,9.7953582268,-0.0006586600,0.0003869990,0.1745770077,-0.0007182081,0.0013777957
558412.3900236540,9.7949010450,-0.0026429691,-0.0005251602,0.1745878644,-0.0007182081,0.0013561005
558412.4000236540,9.7955020602,-0.0024874550,-0.0015977337,0.1745770077,-0.0007073575,0.0013669481
558412.4100236540,9.7956566092,-0.0005045353,-0.0003780176,0.1745770077,-0.0006748056,0.0013669481
558412.4200236540,9.7952087525,-0.0005069667,0.0008458667,0.1746095776,-0.0007073575,0.0014211860
558412.4300236540,9.7958217807,-0.0021820533,0.0003824952,0.1746312909,-0.0007182081,0.0013777957
558412.4400236540,9.7951994847,-0.0018788757,-0.0009848782,0.1745444379,-0.0007073575,0.0013344053
558412.4500236540,9.7962600327,-0.0006541445,-0.0012982208,0.1745335812,-0.0006748056,0.0013669481
558412.4600236540,9.7944357637,-0.0000520262,-0.0002151486,0.1745444379,-0.0007073575,0.0013886433
558412.4700236541,9.7950525048,-0.0011173524,0.0000843076,0.1745335812,-0.0007399093,0.0013777957
558412.4800236539,9.7950584252,-0.0029476060,-0.0000690392,0.1745444379,-0.0006748056,0.0013777957
558412.4900236540,9.7955081814,-0.0021828178,-0.0006825357,0.1745335812,-0.0007073575,0.0013669481
558412.5000236540,9.7954998812,0.0002575434,-0.0005289098,0.1745227246,-0.0006748056,0.0013561005
558412.5100236540,9.7953611727,-0.0017262790,0.0002340009,0.1745118680,-0.0007182081,0.0013994909
558412.5200236540,9.7952085518,-0.0026418574,-0.0002226782,0.1745444379,-0.0007182081,0.0013777957
558412.5300236540,9.7953611441,-0.0020312634,0.0000813516,0.1745770077,-0.0007073575,0.0013452529
558412.5400236540,9.7958066784,-0.0008087556,-0.0008369551,0.1745444379,-0.0006748056,0.0013994909
558412.5500236540,9.7951984669,0.0002560846,-0.0000688430,0.1745770077,-0.0006965068,0.0013886433
558412.5600236540,9.7946002830,-0.0021869861,0.0002401353,0.1745118680,-0.0007182081,0.0013669481
558412.5700236540,9.7955148115,-0.0029456607,-0.0002253552,0.1745444379,-0.0006965068,0.0013669481
558412.5800236540,9.7959568337,-0.0001980226,-0.0008379448,0.1745010113,-0.0007073575,0.0013561005
558412.5900236540,9.7950476881,-0.0005071059,-0.0002204328,0.1745770077,-0.0006965068,0.0013886433
558412.6000236541,9.7947533841,-0.0026438721,0.0000861476,0.1745878644,-0.0006965068,0.0014211860
558412.6100236539,9.7955088336,-0.0017253759,-0.0003773069,0.1746204343,-0.0007182081,0.0013452529
558412.6200236540,9.7956632393,-0.0012673782,0.0000791629,0.1745987210,-0.0006965068,0.0013452529
558412.6300236540,9.7956577704,-0.0011145735,-0.0005308063,0.1745444379,-0.0006965068,0.0014211860
558412.6400236540,9.7962618461,-0.0008067409,-0.0011457808,0.1746095776,-0.0007073575,0.0013669481
558412.6500236540,9.7953618824,-0.0006588683,0.0008445282,0.1745987210,-0.0006965068,0.0013344053
558412.6600236540,9.7945931153,-0.0006616475,0.0000883231,0.1745661511,-0.0007073575,0.0014320336
558412.6700236540,9.7958054886,-0.0005037017,-0.0008368156,0.1745444379,-0.0006965068,0.0013777957
558412.6800236540,9.7961220052,-0.0018755406,-0.0000774321,0.1745227246,-0.0007073575,0.0013669481
558412.6900236540,9.7942952131,-0.0021882367,0.0002426728,0.1745661511,-0.0007182081,0.0013669481
558412.7000236540,9.7958200533,-0.0011145038,0.0006880030,0.1745335812,-0.0006748056,0.0013669481
558412.7100236540,9.7949011884,-0.0011180471,0.0002380861,0.1745770077,-0.0006965068,0.0013561005
558412.7200236541,9.7962678813,-0.0014170568,-0.0006885306,0.1745444379,-0.0006748056,0.0013994909
558412.7300236539,9.7953581408,-0.0015736132,-0.0000709489,0.1745118680,-0.0006965068,0.0013886433
558412.7400236540,9.7949012170,-0.0008130627,0.0003907354,0.1745770077,-0.0007182081,0.0013669481
558412.7500236540,9.7935247473,-0.0008184819,-0.0000553752,0.1746095776,-0.0007182081,0.0013886433
558412.7600236540,9.7956486746,-0.0006565762,-0.0014456556,0.1745878644,-0.0006748056,0.0013886433
558412.7700236540,9.7953623339,-0.0023363172,0.0000812121,0.1745335812,-0.0007290587,0.0013561005
558412.7800236540,9.7950547984,-0.0026424133,-0.0003739192,0.1745227246,-0.0007182081,0.0013669481
558412.7900236540,9.7955029705,0.0007148464,0.0000813385,0.1745878644,-0.0006748056,0.0013669481
558412.8000236540,9.7961190306,-0.0011129060,-0.0000770833,0.1745227246,-0.0006965068,0.0013886433
558412.8100236540,9.7964312681,-0.0026369941,0.0000721914,0.1745770077,-0.0006639550,0.0013886433
558412.8200236540,9.7942874219,-0.0008153555,-0.0000617189,0.1745878644,-0.0007290587,0.0013561005
558412.8300236550,9.7945882413,-0.0006613697,-0.0005217159,0.1745661511,-0.0006965068,0.0013777957
558412.8400236550,9.7945852380,-0.0002037195,-0.0006740164,0.1745661511,-0.0006965068,0.0014211860
558412.8500236550,9.7948992602,-0.0021853884,-0.0005249509,0.1745227246,-0.0006965068,0.0013669481
558412.8600236550,9.7953623913,-0.0017263484,0.0003865107,0.1745661511,-0.0007073575,0.0013669481
558412.8700236550,9.7942898015,-0.0014254632,-0.0000619979,0.1745118680,-0.0007290587,0.0013886433
558412.8800236550,9.7945876463,-0.0005088428,-0.0005216462,0.1745444379,-0.0006965068,0.0013886433
558412.8900236550,9.7949036254,-0.0011181860,0.0005431057,0.1745770077,-0.0006965068,0.0013561005
558412.9000236550,9.7959730398,-0.0027913274,-0.0000765819,0.1745335812,-0.0006965068,0.0013886433
558412.9100236550,9.7955070775,-0.0009628108,-0.0002244483,0.1745987210,-0.0007073575,0.0013669481
558412.9200236551,9.7944345165,-0.0003569412,-0.0005203077,0.1745878644,-0.0007182081,0.0013886433
558412.9300236549,9.7956626157,-0.0014198357,-0.0000734166,0.1746095776,-0.0006748056,0.0013994909
558412.9400236550,9.7959634924,-0.0006558811,-0.0002281150,0.1745878644,-0.0007073575,0.0013777957
558412.9500236550,9.7959676855,-0.0014185851,-0.0000759541,0.1746095776,-0.0006748056,0.0013561005
558412.9600236550,9.7951984096,-0.0003538842,-0.0003741416,0.1745335812,-0.0007290587,0.0013777957
558412.9700236550,9.7947413998,-0.0005082870,-0.0003704051,0.1745878644,-0.0007182081,0.0013777957
558412.9800236550,9.7953514820,-0.0011157547,-0.0006807786,0.1745444379,-0.0007073575,0.0013669481
558412.9900236550,9.7959744017,-0.0012664749,0.0008391743,0.1745770077,-0.0006965068,0.0013886433
558413.0000236550,9.7953606065,-0.0012687676,0.0003867199,0.1745444379,-0.0007182081,0.0013777957
558413.0100236550,9.7953484501,-0.0009630889,-0.0009857284,0.1748592801,-0.0007073575,0.0013777957
558413.0200236550,9.7959652772,-0.0011134619,-0.0002283243,0.1745987210,-0.0006965068,0.0013669481
558413.0300236550,9.7953600403,-0.0008112563,0.0005394390,0.1745335812,-0.0007073575,0.0013669481
558413.0400236550,9.7956711739,-0.0011153374,0.0011468010,0.1745661511,-0.0006965068,0.0013777957
558413.0500236551,9.7948933111,-0.0006601192,-0.0005242534,0.1745661511,-0.0007182081,0.0013669481
558413.0600236550,9.7951983522,-0.0009638530,-0.0006794401,0.1745878644,-0.0006748056,0.0013777957
558413.0700236550,9.7956627017,-0.0005048825,0.0003845312,0.1745770077,-0.0006965068,0.0013994909
558413.0800236550,9.7958188061,-0.0014194187,0.0003828440,0.1745661511,-0.0006748056,0.0013777957
558413.0900236550,9.7959664384,-0.0017235001,-0.0003811131,0.1745770077,-0.0007073575,0.0013777957
558413.1000236550,9.7945809589,-0.0003559687,-0.0012841252,0.1745010113,-0.0007182081,0.0013886433
558413.1100236550,9.7950495588,-0.0000497334,0.0002373057,0.1745118680,-0.0006639550,0.0013669481
558413.1200236550,9.7961269079,-0.0015708340,0.0006852562,0.1745118680,-0.0006748056,0.0013994909
558413.1300236550,9.7956631246,-0.0024873158,-0.0005314341,0.1745335812,-0.0006748056,0.0013886433
558413.1400236550,9.7953551376,-0.0011159630,-0.0002232493,0.1746855740,-0.0007073575,0.0013669481
558413.1500236550,9.7945936815,-0.0011191588,-0.0000643959,0.1747398572,-0.0007073575,0.0014103385
558413.1600236550,9.7964254050,-0.0001967717,0.0005308368,0.1746638608,-0.0006748056,0.0013777957
558413.1700236551,9.7968853320,-0.0014149724,0.0002214530,0.1745118680,-0.0006965068,0.0013886433
558413.1800236549,9.7962781383,-0.0024850924,0.0000735299,0.1745118680,-0.0007182081,0.0013886433
558413.1900236550,9.7941270384,-0.0000530685,-0.0006701404,0.1745770077,-0.0007182081,0.0013669481
558413.2000236550,9.7961184930,-0.0003504103,0.0002282850,0.1745878644,-0.0006965068,0.0013886433
558413.2100236550,9.7956602647,-0.0005047436,0.0000795117,0.1745661511,-0.0006965068,0.0013994909
558413.2200236550,9.7950511716,-0.0023372206,-0.0006787992,0.1745770077,-0.0007182081,0.0013777957
558413.2300236550,9.7948968519,-0.0018802651,-0.0006773212,0.1745335812,-0.0007073575,0.0013561005
558413.2400236550,9.7944363586,-0.0002045531,-0.0002152184,0.1745661511,-0.0006748056,0.0013669481
558413.2500236550,9.7958177310,0.0001055727,0.0009935806,0.1746095776,-0.0006748056,0.0013886433
558413.2600236550,9.7959743156,-0.0021814280,0.0003812264,0.1745987210,-0.0006965068,0.0013994909
558413.2700236550,9.7950487919,-0.0017271129,-0.0006785202,0.1745878644,-0.0007182081,0.0013669481
558413.2800236550,9.7945858903,0.0002537223,-0.0003687876,0.1745661511,-0.0006748056,0.0013669481
558413.2900236550,9.7956651674,-0.0002000370,0.0008422000,0.1745878644,-0.0007073575,0.0013994909
558413.3000236551,9.7958212145,-0.0017245420,0.0005352142,0.1745661511,-0.0006748056,0.0013777957
558413.3100236550,9.7956607163,-0.0021821925,-0.0006838044,0.1745010113,-0.0007073575,0.0013561005
558413.3200236550,9.7950501251,-0.0005072447,0.0000845867,0.1745661511,-0.0007073575,0.0013994909
558413.3300236550,9.7953552236,-0.0002010098,0.0002346985,0.1745770077,-0.0007073575,0.0013994909
558413.3400236550,9.7958127423,-0.0011140871,-0.0002270556,0.1745444379,-0.0006748056,0.0013777957
558413.3500236550,9.7958132512,-0.0021815673,-0.0006850731,0.1745661511,-0.0006639550,0.0013777957
558413.3600236550,9.7952008179,-0.0006590075,-0.0002217713,0.1745335812,-0.0006965068,0.0013561005
558413.3700236550,9.7942886117,-0.0011204094,-0.0000618584,0.1745661511,-0.0007182081,0.0013886433
558413.3800236550,9.7956662999,-0.0011150596,0.0005367620,0.1745335812,-0.0006965068,0.0013886433
558413.3900236550,9.7961171312,-0.0018752629,-0.0006874711,0.1745227246,-0.0007073575,0.0013777957
558413.4000236550,9.7945991791,-0.0009669791,0.0006982226,0.1745335812,-0.0006965068,0.0013777957
558413.4100236550,9.7955150409,-0.0005057855,0.0009958390,0.1745878644,-0.0007073575,0.0013777957
558413.4200236551,9.7962745974,-0.0012649465,0.0002265977,0.1745878644,-0.0006965068,0.0013994909
558413.4300236549,9.7956589889,-0.0011146430,-0.0003782966,0.1745987210,-0.0006748056,0.0013669481
558413.4400236550,9.7956529537,-0.0005043270,-0.0008355468,0.1745987210,-0.0006965068,0.0013777957
558413.4500236550,9.7961209301,-0.0003505492,0.0005333045,0.1745770077,-0.0007073575,0.0013994909
558413.4600236550,9.7949091230,-0.0009660063,0.0013057242,0.1745878644,-0.0007073575,0.0013886433
558413.4700236550,9.7951983235,-0.0012688374,-0.0008320894,0.1745770077,-0.0007073575,0.0013886433
558413.4800236550,9.7950446561,-0.0003544401,-0.0005253826,0.1745444379,-0.0006748056,0.0013886433
558413.4900236550,9.7958054886,-0.0005037017,-0.0008368156,0.1745118680,-0.0007073575,0.0013994909
558413.5000236550,9.7955155784,-0.0012682812,0.0006904707,0.1745118680,-0.0006965068,0.0013886433
558413.5100236550,9.7949090943,-0.0012709907,0.0011530749,0.1745335812,-0.0006965068,0.0013994909
558413.5200236550,9.7961118343,0.0001074482,-0.0003815447,0.1745444379,-0.0006748056,0.0013669481
558413.5300236550,9.7948945009,-0.0009651730,-0.0005243929,0.1745444379,-0.0006965068,0.0013886433
558413.5400236550,9.7961263416,-0.0011133227,0.0008379753,0.1745987210,-0.0007182081,0.0013994909
558413.5500236551,9.7946016162,-0.0009671180,0.0010032422,0.1745987210,-0.0007182081,0.0013561005
558413.5600236550,9.7950458747,-0.0003545095,-0.0003728729,0.1745770077,-0.0007073575,0.0013561005
558413.5700236550,9.7953538904,-0.0014208779,-0.0005284084,0.1745335812,-0.0006748056,0.0013886433
558413.5800236550,9.7947450266,-0.0008134797,-0.0000655251,0.1745444379,-0.0007073575,0.0013886433
558413.5900236550,9.7952050970,-0.0005067583,0.0003883374,0.1745335812,-0.0007182081,0.0013669481
558413.6000236550,9.7962703757,-0.0008072269,-0.0000782125,0.1745661511,-0.0006639550,0.0014211860
558413.6100236550,9.7955065113,-0.0005052995,-0.0000717293,0.1745661511,-0.0007182081,0.0013777957
558413.6200236550,9.7955064540,-0.0011152683,-0.0003770278,0.1745878644,-0.0006748056,0.0013669481
558413.6300236550,9.7952062868,-0.0008118122,0.0003881979,0.1746095776,-0.0007290587,0.0013777957
558413.6400236550,9.7953552236,-0.0002010098,0.0002346985,0.1745987210,-0.0007182081,0.0013777957
558413.6500236550,9.7959646823,-0.0009609350,-0.0002282545,0.1745987210,-0.0006748056,0.0013886433
558413.6600236550,9.7950476021,-0.0014220591,-0.0006783807,0.1746312909,-0.0006965068,0.0014211860
558413.6700236551,9.7955120089,-0.0003531197,0.0006908892,0.1745878644,-0.0006965068,0.0013669481
558413.6800236549,9.7950555654,-0.0009650338,0.0005419067,0.1746204343,-0.0007290587,0.0013886433
558413.6900236550,9.7941330449,-0.0009683688,-0.0003655395,0.1746312909,-0.0006965068,0.0013886433
558413.7000236550,9.7958115525,-0.0008090333,-0.0002269160,0.1746204343,-0.0006748056,0.0013669481
558413.7100236550,9.7956638629,-0.0011149207,0.0002317425,0.1745335812,-0.0007073575,0.0013561005
558413.7200236550,9.7952081003,-0.0009644085,0.0005406379,0.1745227246,-0.0006965068,0.0014211860
558413.7300236550,9.7941373240,-0.0008161197,0.0002445693,0.1745878644,-0.0007290587,0.0013777957
558413.7400236550,9.7958151506,-0.0014192104,-0.0000746853,0.1745770077,-0.0006748056,0.0013669481
558413.7500236550,9.7958122047,-0.0003515914,0.0000783127,0.1745227246,-0.0006748056,0.0013777957
558413.7600236550,9.7947463311,0.0001014041,0.0005449324,0.1745227246,-0.0006965068,0.0013777957
558413.7700236550,9.7944436123,-0.0008149386,0.0003945416,0.1745227246,-0.0007182081,0.0013777957
558413.7800236550,9.7944374911,-0.0011195758,-0.0005206564,0.1745227246,-0.0007073575,0.0014211860
558413.7900236550,9.7952056919,-0.0006592853,0.0003882677,0.1745335812,-0.0006639550,0.0013886433
558413.8000236551,9.7956632967,-0.0006574094,0.0003844615,0.1745661511,-0.0006965068,0.0013777957
558413.8100236550,9.7949011884,-0.0011180471,0.0002380861,0.1745770077,-0.0006639550,0.0013994909
558413.8200236550,9.7952026887,-0.0002016351,0.0002359672,0.1745444379,-0.0007290587,0.0013777957
558413.8300236550,9.7955070775,-0.0009628108,-0.0002244483,0.1745878644,-0.0006965068,0.0013561005
558413.8400236550,9.7953581982,-0.0009636444,0.0002343497,0.1745770077,-0.0006748056,0.0013994909
558413.8500236550,9.7950555654,-0.0009650338,0.0005419067,0.1745878644,-0.0006965068,0.0013777957
558413.8600236550,9.7944357924,0.0002529582,-0.0000624994,0.1746095776,-0.0007073575,0.0013777957
558413.8700236550,9.7947461878,-0.0014235179,-0.0002183139,0.1745770077,-0.0007073575,0.0014211860
558413.8800236550,9.7952014415,-0.0005065500,-0.0000691918,0.1746204343,-0.0006639550,0.0013886433
558413.8900236550,9.7956663573,-0.0005050908,0.0008420605,0.1745335812,-0.0006965068,0.0013669481
558413.9000236560,9.7948999698,-0.0011179777,0.0000855764,0.1745661511,-0.0007073575,0.0013994909
558413.9100236560,9.7945859189,0.0005587067,-0.0002161383,0.1745878644,-0.0006965068,0.0013994909
558413.9200236560,9.7956638629,-0.0011149207,0.0002317425,0.1746204343,-0.0006748056,0.0013777957
558413.9300236560,9.7956698981,-0.0017252367,0.0006889927,0.1746312909,-0.0006748056,0.0013994909
558413.9400236560,9.7953461565,0.0005619720,-0.0005275015,0.1745878644,-0.0007182081,0.0013886433
558413.9500236560,9.7945798264,0.0005590539,-0.0009786871,0.1745987210,-0.0007073575,0.0013777957
558413.9600236560,9.7949054388,-0.0012707824,0.0006955457,0.1745335812,-0.0006965068,0.0013994909
558413.9700236560,9.7947528752,-0.0015763920,0.0005441651,0.1745878644,-0.0006748056,0.0013777957
558413.9800236560,9.7958139895,-0.0008091722,0.0000781035,0.1745661511,-0.0006639550,0.0013886433
558413.9900236560,9.7950465269,0.0001029324,-0.0000676441,0.1745335812,-0.0007073575,0.0014211860
558414.0000236559,9.7952050970,-0.0005067583,0.0003883374,0.1746095776,-0.0006748056,0.0013994909
558414.0100236560,9.7949066860,-0.0009658674,0.0010007047,0.1748809934,-0.0007073575,0.0013777957
558414.0200236560,9.7961226861,-0.0011131143,0.0003804460,0.1745987210,-0.0006639550,0.0013886433
558414.0300236560,9.7951972771,0.0005611384,-0.0000687035,0.1745770077,-0.0007073575,0.0013669481
558414.0400236560,9.7945932013,0.0002533057,0.0005462709,0.1745661511,-0.0007073575,0.0013777957
558414.0500236560,9.7944430174,-0.0006624116,0.0003946114,0.1745227246,-0.0007073575,0.0014211860
558414.0600236560,9.7956675184,-0.0011151291,0.0006892717,0.1745335812,-0.0006748056,0.0013777957
558414.0700236560,9.7964283509,-0.0012643907,0.0003778388,0.1745661511,-0.0006639550,0.0013669481
558414.0800236560,9.7947359595,-0.0000504979,-0.0008277251,0.1745770077,-0.0007073575,0.0014211860
558414.0900236560,9.7942832575,0.0002523329,-0.0000612306,0.1745770077,-0.0007073575,0.0013886433
558414.1000236560,9.7952056633,-0.0009642697,0.0002356184,0.1745661511,-0.0006639550,0.0013777957
558414.1100236560,9.7958255223,-0.0012673084,0.0012979723,0.1745661511,-0.0006965068,0.0014211860
558414.1200236561,9.7955047552,0.0002572657,0.0000811292,0.1745227246,-0.0006965068,0.0013886433
558414.1300236559,9.7941300416,-0.0005107187,-0.0005178399,0.1745770077,-0.0007182081,0.0013886433
558414.1400236560,9.7945955523,-0.0006617864,0.0003933426,0.1745770077,-0.0006965068,0.0013886433
558414.1500236560,9.7959677429,-0.0008086164,0.0002293445,0.1745878644,-0.0006639550,0.0013777957
558414.1600236560,9.7955132274,-0.0003531892,0.0008433990,0.1745444379,-0.0006965068,0.0013777957
558414.1700236560,9.7951995707,-0.0009639225,-0.0005269304,0.1745335812,-0.0007073575,0.0013994909
558414.1800236560,9.7953515681,-0.0002008015,-0.0002228308,0.1745010113,-0.0006965068,0.0013777957
558414.1900236560,9.7956608883,-0.0003522862,0.0002320912,0.1744901547,-0.0006748056,0.0014211860
558414.2000236560,9.7950641236,-0.0006605355,0.0017621242,0.1745444379,-0.0007073575,0.0014320336
558414.2100236560,9.7944502137,-0.0018827659,0.0006990728,0.1746095776,-0.0007182081,0.0013561005
558414.2200236560,9.7950397248,-0.0009641311,-0.0014407202,0.1746095776,-0.0007182081,0.0013994909
558414.2300236560,9.7947426756,0.0001016124,0.0000874032,0.1746095776,-0.0006639550,0.0013994909
558414.2400236560,9.7953716591,-0.0003544394,0.0022172556,0.1745987210,-0.0006748056,0.0013669481
558414.2500236559,9.7956699554,-0.0011152679,0.0009942912,0.1745661511,-0.0007182081,0.0013886433
558414.2600236560,9.7959506551,-0.0011126286,-0.0020584414,0.1745227246,-0.0006748056,0.0013994909
558414.2700236560,9.7942862607,-0.0002053173,0.0000910699,0.1745878644,-0.0006965068,0.0013669481
558414.2800236560,9.7952118418,-0.0000496637,0.0014561150,0.1745661511,-0.0006965068,0.0013994909
558414.2900236560,9.7959744017,-0.0012664749,0.0008391743,0.1745444379,-0.0006748056,0.0013994909
558414.3000236560,9.7965730085,-0.0008058375,-0.0003857695,0.1745444379,-0.0006965068,0.0013452529
558414.3100236560,9.7953485361,-0.0000481357,-0.0005277806,0.1745770077,-0.0007290587,0.0013886433
558414.3200236560,9.7942923246,-0.0005106489,0.0007009694,0.1746204343,-0.0006748056,0.0014320336
558414.3300236560,9.7956645725,-0.0000475101,0.0008422698,0.1745878644,-0.0007073575,0.0013669481
558414.3400236560,9.7958169640,-0.0015718068,0.0000777547,0.1745878644,-0.0006965068,0.0013994909
558414.3500236560,9.7941329875,-0.0015783376,-0.0006708380,0.1745661511,-0.0007073575,0.0014211860
558414.3600236560,9.7936719567,0.0008598700,0.0000966331,0.1745661511,-0.0007182081,0.0013777957
558414.3700236561,9.7955145033,0.0002567102,0.0013012073,0.1745444379,-0.0006639550,0.0013886433
558414.3800236559,9.7961286926,-0.0020284147,0.0006850470,0.1745010113,-0.0006748056,0.0014428812
558414.3900236560,9.7962715368,-0.0014172652,-0.0002310013,0.1745118680,-0.0006965068,0.0013669481
558414.4000236560,9.7944351401,-0.0002044837,-0.0003677281,0.1745444379,-0.0006965068,0.0013777957
558414.4100236560,9.7947518574,0.0005585682,0.0014602003,0.1745118680,-0.0006748056,0.0014428812
558414.4200236560,9.7961227722,-0.0001981612,0.0008383938,0.1745661511,-0.0006965068,0.0013777957
558414.4300236560,9.7958211571,-0.0023345108,0.0002299157,0.1745444379,-0.0006748056,0.0013669481
558414.4400236560,9.7945833959,-0.0003561076,-0.0009791057,0.1745444379,-0.0007290587,0.0014211860
558414.4500236560,9.7947416578,0.0022365726,0.0010034383,0.1746095776,-0.0006965068,0.0013777957
558414.4600236560,9.7961239907,-0.0001982306,0.0009909036,0.1745770077,-0.0006748056,0.0013994909
558414.4700236560,9.7958199386,-0.0023344414,0.0000774059,0.1745878644,-0.0006965068,0.0014428812
558414.4800236560,9.7962660966,-0.0009594761,-0.0006883213,0.1745335812,-0.0006965068,0.0013561005
558414.4900236560,9.7939830043,-0.0003591642,0.0002460473,0.1745661511,-0.0007290587,0.0013561005
558414.5000236559,9.7945902267,0.0010159403,0.0005466197,0.1745444379,-0.0006748056,0.0014428812
558414.5100236560,9.7965833228,-0.0012639043,0.0006815895,0.1745010113,-0.0006639550,0.0013994909
558414.5200236560,9.7959754768,-0.0027914663,0.0002284377,0.1745335812,-0.0007073575,0.0013886433
558414.5300236560,9.7955052928,-0.0005052300,-0.0002242391,0.1745444379,-0.0006965068,0.0013886433
558414.5400236560,9.7953517401,0.0016291049,0.0006930648,0.1745878644,-0.0006965068,0.0013886433
558414.5500236560,9.7952081289,-0.0006594241,0.0006932872,0.1745878644,-0.0006748056,0.0013994909
558414.5600236560,9.7970354012,-0.0017191926,-0.0002374845,0.1745444379,-0.0006639550,0.0013994909
558414.5700236560,9.7953490450,-0.0011156158,-0.0009857981,0.1745878644,-0.0007182081,0.0013452529
558414.5800236560,9.7938311503,0.0004026368,0.0007051941,0.1745661511,-0.0006965068,0.0013886433
558414.5900236560,9.7949056108,0.0005591240,0.0016114413,0.1745661511,-0.0007182081,0.0014428812
558414.6000236560,9.7948993749,-0.0009654508,0.0000856461,0.1745661511,-0.0006965068,0.0013886433
558414.6100236560,9.7965711377,-0.0012632099,-0.0008435080,0.1745335812,-0.0006748056,0.0013886433
558414.6200236561,9.7959623600,0.0002591415,0.0000773230,0.1745010113,-0.0006965068,0.0013994909
558414.6300236559,9.7945993512,0.0008629273,0.0016141183,0.1745770077,-0.0006965068,0.0013994909
558414.6400236560,9.7953558185,-0.0003535367,0.0002346287,0.1746095776,-0.0006965068,0.0013994909
558414.6500236560,9.7962684762,-0.0015695838,-0.0006886003,0.1745661511,-0.0006965068,0.0013994909
558414.6600236560,9.7953539764,-0.0005059247,-0.0000704606,0.1745661511,-0.0006748056,0.0013886433
558414.6700236560,9.7945980467,-0.0000519564,0.0010036607,0.1745770077,-0.0007182081,0.0013886433
558414.6800236560,9.7945962046,-0.0002043445,0.0006985714,0.1745770077,-0.0006748056,0.0013994909
558414.6900236560,9.7955039596,-0.0017250982,-0.0009873459,0.1745118680,-0.0006748056,0.0013886433
558414.7000236560,9.7962679100,-0.0011120724,-0.0005358813,0.1745227246,-0.0006531043,0.0013777957
558414.7100236560,9.7939885593,0.0004029843,0.0013139644,0.1745444379,-0.0006965068,0.0014211860
558414.7200236560,9.7958219241,-0.0006571313,0.0011457415,0.1745987210,-0.0006965068,0.0014211860
558414.7300236560,9.7958115525,-0.0008090333,-0.0002269160,0.1745987210,-0.0006965068,0.0013777957
558414.7400236560,9.7953436621,-0.0000478579,-0.0011378196,0.1745335812,-0.0006965068,0.0013886433
558414.7500236559,9.7961130814,0.0004123631,-0.0000763857,0.1745987210,-0.0006748056,0.0013994909
558414.7600236560,9.7942971986,-0.0005109266,0.0013110084,0.1745878644,-0.0007073575,0.0013886433
558414.7700236560,9.7953612014,-0.0014212946,0.0003866502,0.1745661511,-0.0006965068,0.0013777957
558414.7800236560,9.7961076125,0.0005651678,-0.0006863550,0.1745770077,-0.0006748056,0.0013886433
558414.7900236560,9.7959635498,-0.0000459123,0.0000771835,0.1745118680,-0.0006965068,0.0014320336
558414.8000236560,9.7947578066,-0.0009667010,0.0014595027,0.1745661511,-0.0007182081,0.0013994909
558414.8100236560,9.7946015875,-0.0012721023,0.0008505929,0.1745444379,-0.0007182081,0.0013777957
558414.8200236560,9.7959532355,0.0004121545,-0.0009901755,0.1745444379,-0.0006639550,0.0013777957
558414.8300236560,9.7962638029,0.0005655848,-0.0002300945,0.1745661511,-0.0006639550,0.0013994909
558414.8400236560,9.7950543755,-0.0006599800,0.0005420462,0.1745661511,-0.0006748056,0.0014211860
558414.8500236560,9.7952105660,-0.0006595630,0.0009983067,0.1746204343,-0.0006965068,0.0013886433
558414.8600236560,9.7956639489,-0.0001999676,0.0006896903,0.1746638608,-0.0007073575,0.0013994909
558414.8700236561,9.7958068218,0.0007161664,-0.0000737087,0.1746312909,-0.0006639550,0.0013777957
558414.8800236559,9.7953564421,-0.0002010792,0.0003872082,0.1745770077,-0.0006965068,0.0013994909
558414.8900236560,9.7947480872,-0.0006611611,0.0003920739,0.1745661511,-0.0007073575,0.0013994909
558414.9000236560,9.7944460780,-0.0005100930,0.0008522104,0.1745335812,-0.0006965068,0.0013886433
558414.9100236560,9.7950495588,-0.0000497334,0.0002373057,0.1745227246,-0.0006748056,0.0013886433
558414.9200236560,9.7967178382,0.0014826221,-0.0002334821,0.1745227246,-0.0006422537,0.0014211860
558414.9300236560,9.7952069391,-0.0003543703,0.0006934267,0.1745770077,-0.0007182081,0.0013994909
558414.9400236560,9.7943031478,-0.0020361958,0.0013103109,0.1745661511,-0.0006965068,0.0013886433
558414.9500236560,9.7948903652,0.0004074998,-0.0003712553,0.1746095776,-0.0007073575,0.0013777957
558414.9600236560,9.7948916123,0.0007124148,-0.0000660963,0.1745878644,-0.0006748056,0.0013994909
558414.9700236560,9.7959677716,-0.0005036320,0.0003819938,0.1745770077,-0.0006531043,0.0014320336
558414.9800236570,9.7953636958,-0.0008114646,0.0009969682,0.1745770077,-0.0007073575,0.0013994909
558414.9900236570,9.7947408335,-0.0000507757,-0.0002176861,0.1746638608,-0.0007182081,0.0013886433
558415.0000236570,9.7952045308,-0.0000492470,0.0005410565,0.1746312909,-0.0006531043,0.0013994909
558415.0100236570,9.7952033409,0.0002558068,0.0005411960,0.1749461331,-0.0006965068,0.0014211860
558415.0200236570,9.7953612874,-0.0005063414,0.0008445980,0.1746095776,-0.0007073575,0.0013777957
558415.0300236570,9.7948993749,-0.0009654508,0.0000856461,0.1745770077,-0.0007073575,0.0013886433
558415.0400236570,9.7947366117,0.0004069440,-0.0005224964,0.1745444379,-0.0006748056,0.0014211860
558415.0500236570,9.7961179268,0.0001071010,0.0003810040,0.1745661511,-0.0006639550,0.0013886433
558415.0600236570,9.7955144173,-0.0006582430,0.0008432595,0.1745010113,-0.0006748056,0.0013777957
558415.0700236571,9.7953577179,0.0004088201,0.0008450165,0.1745335812,-0.0007073575,0.0014211860
558415.0800236569,9.7945974231,-0.0002044139,0.0008510812,0.1745661511,-0.0007182081,0.0013886433
558415.0900236570,9.7956626731,-0.0008098669,0.0002318820,0.1745444379,-0.0006748056,0.0013777957
558415.1000236570,9.7959654206,0.0004114601,0.0005349221,0.1745335812,-0.0006748056,0.0013994909
558415.1100236570,9.7952015562,0.0007133876,0.0005414053,0.1745335812,-0.0007073575,0.0014211860
558415.1200236570,9.7952026026,-0.0011165883,-0.0002219806,0.1745770077,-0.0006639550,0.0014320336
558415.1300236570,9.7945955810,-0.0003568020,0.0005459919,0.1746204343,-0.0007073575,0.0013994909
558415.1400236570,9.7959659868,-0.0000460512,0.0003822030,0.1745770077,-0.0006531043,0.0013777957
558415.1500236570,9.7961192027,0.0007170003,0.0008388123,0.1746204343,-0.0006965068,0.0013994909
558415.1600236570,9.7956560430,-0.0000470240,-0.0002252985,0.1745878644,-0.0006965068,0.0014211860
558415.1700236570,9.7953515967,0.0001041829,-0.0000701815,0.1746204343,-0.0007073575,0.0014211860
558415.1800236570,9.7949030591,-0.0006606747,0.0006958247,0.1745987210,-0.0006748056,0.0013994909
558415.1900236571,9.7965755028,-0.0001960076,0.0002245486,0.1745770077,-0.0006965068,0.0014211860
558415.2000236569,9.7950453658,0.0007129706,0.0000851447,0.1745444379,-0.0007073575,0.0013994909
558415.2100236570,9.7942879881,-0.0012728668,-0.0002144379,0.1745118680,-0.0007182081,0.0013994909
558415.2200236570,9.7947499866,0.0001011957,0.0010024617,0.1745770077,-0.0006748056,0.0013886433
558415.2300236570,9.7971875133,0.0002638660,0.0006772122,0.1745661511,-0.0006422537,0.0013994909
558415.2400236570,9.7965773449,-0.0000436195,0.0005296378,0.1745444379,-0.0006748056,0.0014428812
558415.2500236570,9.7952009326,0.0005609301,0.0003888257,0.1745444379,-0.0007182081,0.0013994909
558415.2600236570,9.7951937076,0.0014762999,-0.0000682850,0.1745661511,-0.0006965068,0.0013886433
558415.2700236570,9.7956651674,-0.0002000370,0.0008422000,0.1745770077,-0.0007073575,0.0014320336
558415.2800236570,9.7962795862,-0.0000452867,0.0014472339,0.1744901547,-0.0006639550,0.0013669481
558415.2900236570,9.7955071922,0.0002571268,0.0003861488,0.1745335812,-0.0006965068,0.0013777957
558415.3000236570,9.7944309470,0.0005582203,-0.0005198891,0.1745444379,-0.0006965068,0.0014320336
558415.3100236570,9.7950417102,0.0007131789,-0.0003723846,0.1745878644,-0.0006639550,0.0014211860
558415.3200236571,9.7959774336,-0.0014191406,0.0011441240,0.1745878644,-0.0006639550,0.0013886433
558415.3300236569,9.7956615406,0.0001051557,0.0005373200,0.1745335812,-0.0006748056,0.0013994909
558415.3400236570,9.7953413685,0.0014772029,-0.0006795928,0.1745444379,-0.0006748056,0.0013777957
558415.3500236570,9.7947415144,0.0007116506,0.0002401920,0.1745118680,-0.0006965068,0.0013994909
558415.3600236570,9.7962837793,-0.0008079907,0.0015993948,0.1745878644,-0.0006531043,0.0014211860
558415.3700236570,9.7961186077,0.0008695273,0.0008388821,0.1745770077,-0.0006748056,0.0013669481
558415.3800236570,9.7961118916,0.0007174170,-0.0000762462,0.1745444379,-0.0006965068,0.0014211860
558415.3900236570,9.7947390488,0.0004068051,-0.0002174768,0.1745661511,-0.0007073575,0.0014320336
558415.4000236570,9.7947529612,-0.0006614388,0.0010021129,0.1745878644,-0.0006965068,0.0013777957
558415.4100236570,9.7962800664,-0.0014177512,0.0008365670,0.1745987210,-0.0006531043,0.0013777957
558415.4200236570,9.7964224877,0.0011758316,0.0008364841,0.1745227246,-0.0006965068,0.0013994909
558415.4300236570,9.7950429287,0.0007131095,-0.0002198748,0.1745661511,-0.0006748056,0.0013994909
558415.4400236571,9.7947426469,-0.0002033720,-0.0000652461,0.1745661511,-0.0006748056,0.0013994909
558415.4500236569,9.7953570944,0.0002563626,0.0006924370,0.1745770077,-0.0006748056,0.0014211860
558415.4600236570,9.7962753357,0.0001074485,0.0009897743,0.1745335812,-0.0006639550,0.0013886433
558415.4700236570,9.7956596985,-0.0000472323,0.0002322307,0.1745661511,-0.0007182081,0.0013994909
558415.4800236570,9.7944309183,0.0002532359,-0.0006725384,0.1745770077,-0.0006965068,0.0013994909
558415.4900236570,9.7953534675,0.0005615554,0.0003875570,0.1745661511,-0.0006748056,0.0013777957
558415.5000236570,9.7958237375,-0.0008097277,0.0012981815,0.1745010113,-0.0006531043,0.0014211860
558415.5100236570,9.7961191740,0.0004120159,0.0006861631,0.1745335812,-0.0006748056,0.0014211860
558415.5200236570,9.7950447135,0.0002555287,-0.0002200841,0.1745770077,-0.0007290587,0.0013994909
558415.5300236570,9.7953540051,-0.0002009404,0.0000821887,0.1745661511,-0.0006748056,0.0014211860
558415.5400236570,9.7955048413,0.0011722189,0.0005390770,0.1745444379,-0.0006639550,0.0013886433
558415.5500236570,9.7953589078,0.0001037663,0.0008448770,0.1745444379,-0.0006965068,0.0013994909
558415.5600236570,9.7958158602,-0.0003517998,0.0005358420,0.1745335812,-0.0006748056,0.0014320336
558415.5700236571,9.7941337258,-0.0002059426,0.0000923386,0.1745335812,-0.0007073575,0.0013994909
558415.5800236569,9.7952021511,0.0005608606,0.0005413355,0.1745661511,-0.0006748056,0.0013994909
558415.5900236570,9.7955041603,0.0004097926,0.0000811990,0.1745878644,-0.0006748056,0.0014320336
558415.6000236570,9.7959695850,-0.0006562283,0.0005344338,0.1745770077,-0.0006531043,0.0014211860
558415.6100236570,9.7949018119,-0.0009655896,0.0003906657,0.1745770077,-0.0007073575,0.0013777957
558415.6200236570,9.7944364446,0.0007104001,0.0002427294,0.1745227246,-0.0006965068,0.0013994909
558415.6300236570,9.7961137911,0.0014797738,0.0005341416,0.1745227246,-0.0006639550,0.0014211860
558415.6400236570,9.7958135092,0.0005632923,0.0006887703,0.1744901547,-0.0007073575,0.0014211860
558415.6500236570,9.7950519098,-0.0009648255,0.0000843774,0.1745227246,-0.0006748056,0.0013994909
558415.6600236570,9.7947463311,0.0001014041,0.0005449324,0.1745770077,-0.0007182081,0.0013994909
558415.6700236570,9.7955072496,0.0008670956,0.0006914473,0.1745661511,-0.0006748056,0.0013994909
558415.6800236570,9.7959666391,0.0004113907,0.0006874318,0.1745987210,-0.0006531043,0.0013994909
558415.6900236571,9.7962685623,-0.0006546306,-0.0002306525,0.1746095776,-0.0006748056,0.0014211860
558415.7000236569,9.7956597558,0.0005627365,0.0005375293,0.1745878644,-0.0007073575,0.0013886433
558415.7100236570,9.7948971386,0.0011695789,0.0008491715,0.1745770077,-0.0007073575,0.0013994909
558415.7200236570,9.7950495588,-0.0000497334,0.0002373057,0.1746312909,-0.0006748056,0.0014428812
558415.7300236570,9.7959623026,-0.0003508273,-0.0002279755,0.1746095776,-0.0006748056,0.0013886433
558415.7400236570,9.7959665817,-0.0001985781,0.0003821333,0.1745987210,-0.0006965068,0.0013886433
558415.7500236570,9.7952052404,0.0010181636,0.0011515838,0.1746095776,-0.0006965068,0.0013994909
558415.7600236570,9.7945944772,0.0008632051,0.0010040792,0.1745878644,-0.0007073575,0.0013994909
558415.7700236570,9.7958109575,-0.0006565064,-0.0002268463,0.1745987210,-0.0006531043,0.0014211860
558415.7800236570,9.7962704330,-0.0001972581,0.0002270860,0.1745227246,-0.0006639550,0.0013886433
558415.7900236570,9.7953588791,-0.0002012181,0.0006922277,0.1745661511,-0.0006965068,0.0013994909
558415.8000236570,9.7953571804,0.0011713158,0.0011503848,0.1745878644,-0.0006748056,0.0013994909
558415.8100236570,9.7950495875,0.0002552510,0.0003899550,0.1745770077,-0.0007073575,0.0013994909
558415.8200236571,9.7964180939,-0.0001963551,-0.0003842217,0.1745661511,-0.0006531043,0.0013994909
558415.8300236569,9.7945919828,0.0002533751,0.0003937612,0.1745227246,-0.0007073575,0.0013886433
558415.8400236570,9.7948983571,0.0011695094,0.0010016813,0.1745444379,-0.0006965068,0.0013886433
558415.8500236570,9.7952015562,0.0007133876,0.0005414053,0.1745661511,-0.0006639550,0.0014428812
558415.8600236570,9.7955143312,-0.0015731962,0.0003853117,0.1745335812,-0.0006965068,0.0014211860
558415.8700236570,9.7959599229,0.0002592804,-0.0002276965,0.1745878644,-0.0006531043,0.0013777957
558415.8800236570,9.7947488255,0.0007112340,0.0011552505,0.1745878644,-0.0006965068,0.0013886433
558415.8900236570,9.7950551998,0.0016273683,0.0017631706,0.1746095776,-0.0007073575,0.0014428812
558415.9000236570,9.7959623600,0.0002591415,0.0000773230,0.1745770077,-0.0006531043,0.0014211860
558415.9100236570,9.7951995707,-0.0009639225,-0.0005269304,0.1745770077,-0.0006639550,0.0013994909
558415.9200236570,9.7945926351,0.0007108170,0.0006989900,0.1745661511,-0.0006965068,0.0014211860
558415.9300236570,9.7953644627,0.0008659148,0.0019127941,0.1745661511,-0.0007073575,0.0013994909
558415.9400236571,9.7946016448,-0.0006621336,0.0011558914,0.1746095776,-0.0006965068,0.0014211860
558415.9500236569,9.7956535486,-0.0006568539,-0.0008356166,0.1745987210,-0.0006422537,0.0013994909
558415.9600236570,9.7958038185,0.0011738166,-0.0002260092,0.1745770077,-0.0006748056,0.0013777957
558415.9700236570,9.7955096293,0.0002569879,0.0006911683,0.1745444379,-0.0006639550,0.0014320336
558415.9800236570,9.7955151556,0.0007141520,0.0016064361,0.1745878644,-0.0006748056,0.0014320336
558415.9900236570,9.7955096293,0.0002569879,0.0006911683,0.1746095776,-0.0006965068,0.0013777957
558416.0000236570,9.7958000196,-0.0003508971,-0.0014467848,0.1745444379,-0.0006531043,0.0013994909
558416.0100236570,9.7948862007,0.0014751882,-0.0003707670,0.1748701367,-0.0006965068,0.0014211860
558416.0200236570,9.7943021013,-0.0002062200,0.0020736967,0.1745987210,-0.0007182081,0.0013886433
558416.0300236570,9.7950580884,-0.0000502195,0.0013048740,0.1745987210,-0.0006639550,0.0013994909
558416.0400236570,9.7961045806,0.0007178336,-0.0009913047,0.1745770077,-0.0006639550,0.0014320336
558416.0500236580,9.7961070749,0.0013276635,-0.0003809867,0.1745770077,-0.0006748056,0.0014211860
558416.0600236580,9.7953722540,-0.0005069663,0.0022171858,0.1745878644,-0.0006748056,0.0014320336
558416.0700236580,9.7942984458,-0.0002060117,0.0016161674,0.1745878644,-0.0007073575,0.0013994909
558416.0800236580,9.7961149235,0.0005647512,0.0002287036,0.1745878644,-0.0006531043,0.0013777957
558416.0900236580,9.7956487606,0.0002583770,-0.0009877078,0.1745770077,-0.0006748056,0.0014320336
558416.1000236580,9.7945968568,0.0002530974,0.0010038002,0.1745770077,-0.0006748056,0.0014428812
558416.1100236580,9.7947511478,-0.0005088425,0.0008496729,0.1745661511,-0.0007073575,0.0013777957
558416.1200236580,9.7956585086,0.0002578215,0.0002323703,0.1745987210,-0.0006639550,0.0014211860
558416.1300236580,9.7958069365,0.0019361040,0.0005368884,0.1745878644,-0.0006965068,0.0013886433
558416.1400236581,9.7954986627,0.0002576129,-0.0006814196,0.1745444379,-0.0006639550,0.0014211860
558416.1500236579,9.7950567552,-0.0012700876,0.0005417672,0.1745444379,-0.0006639550,0.0013994909
558416.1600236580,9.7950581171,0.0002547649,0.0014575233,0.1744901547,-0.0006748056,0.0013994909
558416.1700236580,9.7947373787,0.0020843234,0.0003933295,0.1745227246,-0.0006639550,0.0014211860
558416.1800236580,9.7958062269,0.0008686933,-0.0000736390,0.1744901547,-0.0006531043,0.0014320336
558416.1900236580,9.7962709993,-0.0006547694,0.0000743670,0.1745444379,-0.0006748056,0.0014320336
558416.2000236580,9.7947493631,-0.0000512617,0.0008498822,0.1745987210,-0.0006965068,0.0013669481
558416.2100236580,9.7953571804,0.0011713158,0.0011503848,0.1746204343,-0.0006965068,0.0013777957
558416.2200236580,9.7956525595,0.0017830907,0.0002330678,0.1746095776,-0.0006748056,0.0014428812
558416.2300236580,9.7950549991,-0.0005075225,0.0006946257,0.1745118680,-0.0006748056,0.0014211860
558416.2400236580,9.7947523376,-0.0008138963,0.0008495334,0.1745770077,-0.0006965068,0.0013777957
558416.2500236580,9.7948922359,0.0008648722,0.0000864832,0.1745987210,-0.0006965068,0.0014211860
558416.2600236580,9.7953511452,0.0017816318,0.0006931346,0.1745661511,-0.0006639550,0.0014320336
558416.2700236581,9.7956603507,0.0004102096,0.0005374595,0.1745770077,-0.0006748056,0.0014320336
558416.2800236579,9.7955106470,-0.0018779723,-0.0002248669,0.1745770077,-0.0006639550,0.0014211860
558416.2900236580,9.7950441759,0.0010180244,0.0000852842,0.1745444379,-0.0006965068,0.0013777957
558416.3000236580,9.7950485411,0.0020852268,0.0011533408,0.1745444379,-0.0006965068,0.0014211860
558416.3100236580,9.7964267095,0.0007181120,0.0011412944,0.1745770077,-0.0006531043,0.0014537288
558416.3200236580,9.7953582842,-0.0000486912,0.0006922975,0.1746095776,-0.0006639550,0.0013886433
558416.3300236580,9.7958055173,-0.0001987173,-0.0006841663,0.1745987210,-0.0006748056,0.0013886433
558416.3400236580,9.7952016422,0.0016283407,0.0009993531,0.1745770077,-0.0006965068,0.0014211860
558416.3500236580,9.7950574648,-0.0002026770,0.0011522945,0.1745444379,-0.0006965068,0.0014211860
558416.3600236580,9.7961179268,0.0001071010,0.0003810040,0.1745227246,-0.0006639550,0.0013994909
558416.3700236580,9.7958116385,0.0001059199,0.0002310318,0.1745335812,-0.0006748056,0.0014320336
558416.3800236580,9.7951943312,0.0016287574,0.0000842945,0.1745770077,-0.0006748056,0.0014537288
558416.3900236581,9.7952015275,0.0004084032,0.0003887560,0.1746095776,-0.0006965068,0.0014211860
558416.4000236579,9.7956640063,0.0004100012,0.0009949888,0.1746312909,-0.0006639550,0.0013994909
558416.4100236580,9.7953534962,0.0008665398,0.0005402063,0.1745987210,-0.0006965068,0.0013994909
558416.4200236580,9.7948848675,0.0002553201,-0.0011338739,0.1745770077,-0.0006748056,0.0013994909
558416.4300236580,9.7945932300,0.0005582901,0.0006989202,0.1745770077,-0.0006639550,0.0014211860
558416.4400236580,9.7958256370,-0.0000473709,0.0019085693,0.1745335812,-0.0006748056,0.0014211860
558416.4500236580,9.7970349497,-0.0000417437,0.0005258316,0.1745878644,-0.0006748056,0.0014211860
558416.4600236580,9.7959520457,0.0007172083,-0.0009900360,0.1745661511,-0.0006748056,0.0013994909
558416.4700236580,9.7947396723,0.0005592626,-0.0000648973,0.1745878644,-0.0006965068,0.0013777957
558416.4800236580,9.7944480061,0.0005572482,0.0016152475,0.1745770077,-0.0006531043,0.0013994909
558416.4900236580,9.7968830384,0.0001100885,0.0006796799,0.1745661511,-0.0006639550,0.0014211860
558416.5000236580,9.7961131388,0.0010223319,0.0002289128,0.1745770077,-0.0006531043,0.0014211860
558416.5100236580,9.7952003664,0.0010184414,0.0005415448,0.1745878644,-0.0006639550,0.0014428812
558416.5200236581,9.7950514870,0.0010176078,0.0010003428,0.1745878644,-0.0006965068,0.0014211860
558416.5300236579,9.7953546573,0.0002565015,0.0003874175,0.1745878644,-0.0006748056,0.0013994909
558416.5400236580,9.7961155758,0.0010221931,0.0005339323,0.1745878644,-0.0006639550,0.0013994909
558416.5500236580,9.7945835679,0.0014737988,-0.0000632100,0.1745444379,-0.0007073575,0.0014211860
558416.5600236580,9.7948958054,-0.0000502893,0.0000860647,0.1745661511,-0.0006748056,0.0014320336
558416.5700236580,9.7948971100,0.0008645945,0.0006965222,0.1745444379,-0.0006965068,0.0014211860
558416.5800236580,9.7952124367,-0.0002021906,0.0014560453,0.1745770077,-0.0006422537,0.0013886433
558416.5900236580,9.7961088884,0.0011750672,-0.0002285467,0.1745661511,-0.0006748056,0.0014211860
558416.6000236580,9.7954999099,0.0005625278,-0.0003762605,0.1745878644,-0.0006531043,0.0014211860
558416.6100236580,9.7950514870,0.0010176078,0.0010003428,0.1746095776,-0.0006965068,0.0013994909
558416.6200236580,9.7956676618,0.0004097929,0.0014525181,0.1745987210,-0.0006639550,0.0014211860
558416.6300236580,9.7961136477,-0.0000451482,-0.0002291047,0.1745878644,-0.0006965068,0.0014428812
558416.6400236581,9.7950393019,0.0010183022,-0.0005247548,0.1745661511,-0.0006748056,0.0013994909
558416.6500236579,9.7952118992,0.0005603051,0.0017614136,0.1745770077,-0.0006965068,0.0014211860
558416.6600236580,9.7949031451,0.0002542785,0.0011537725,0.1745770077,-0.0006965068,0.0014320336
558416.6700236580,9.7956602647,-0.0005047436,0.0000795117,0.1746095776,-0.0006639550,0.0013886433
558416.6800236580,9.7953498693,0.0011717325,0.0002353263,0.1745444379,-0.0006639550,0.0013886433
558416.6900236580,9.7951991765,0.0013234952,0.0005416843,0.1745444379,-0.0006639550,0.0014428812
558416.7000236580,9.7952015562,0.0007133876,0.0005414053,0.1745661511,-0.0006965068,0.0014428812
558416.7100236580,9.7953601263,0.0001036969,0.0009973868,0.1745661511,-0.0006639550,0.0013886433
558416.7200236580,9.7959666104,0.0001064063,0.0005347825,0.1745770077,-0.0006965068,0.0014320336
558416.7300236580,9.7953462138,0.0011719408,-0.0002222030,0.1745227246,-0.0006639550,0.0013994909
558416.7400236580,9.7948953539,0.0016271596,0.0008493808,0.1745987210,-0.0006965068,0.0013994909
558416.7500236580,9.7944436696,-0.0002049698,0.0006998402,0.1745878644,-0.0006639550,0.0014428812
558416.7600236580,9.7964248674,0.0005657240,0.0008362051,0.1745770077,-0.0006422537,0.0013994909
558416.7700236581,9.7964127397,0.0011763872,-0.0003835939,0.1746312909,-0.0006965068,0.0013994909
558416.7800236579,9.7952021798,0.0008658450,0.0006939848,0.1745770077,-0.0006748056,0.0014428812
558416.7900236580,9.7953595600,0.0005612082,0.0011501058,0.1745770077,-0.0006965068,0.0014211860
558416.8000236580,9.7956652248,0.0004099318,0.0011474986,0.1745335812,-0.0006639550,0.0013886433
558416.8100236580,9.7962668635,0.0007179034,0.0002275046,0.1745987210,-0.0006748056,0.0014211860
558416.8200236580,9.7953456476,0.0016294521,-0.0000694840,0.1745987210,-0.0006531043,0.0014211860
558416.8300236580,9.7944431894,0.0011674947,0.0013105070,0.1746204343,-0.0006748056,0.0014320336
558416.8400236580,9.7942868556,-0.0003578442,0.0000910001,0.1745987210,-0.0006748056,0.0014320336
558416.8500236580,9.7958020051,0.0013264130,-0.0003784492,0.1745987210,-0.0006531043,0.0013886433
558416.8600236580,9.7947391348,0.0013217583,0.0002404710,0.1746530042,-0.0006531043,0.0014211860
558416.8700236580,9.7944401001,0.0007101917,0.0007002587,0.1745661511,-0.0006965068,0.0014320336
558416.8800236580,9.7950520245,0.0002551121,0.0006949745,0.1745335812,-0.0006965068,0.0014211860
558416.8900236581,9.7955047839,0.0005622501,0.0002337785,0.1745335812,-0.0006314031,0.0013994909
558416.9000236579,9.7968728101,0.0014831085,0.0000702687,0.1745444379,-0.0006639550,0.0014211860
558416.9100236580,9.7950417389,0.0010181633,-0.0002197353,0.1745444379,-0.0006965068,0.0014211860
558416.9200236580,9.7947426756,0.0001016124,0.0000874032,0.1745444379,-0.0006748056,0.0013994909
558416.9300236580,9.7947451413,0.0004064579,0.0005450720,0.1745770077,-0.0006965068,0.0014211860
558416.9400236580,9.7953571804,0.0011713158,0.0011503848,0.1746095776,-0.0006422537,0.0013886433
558416.9500236580,9.7956519072,0.0013256488,-0.0000721610,0.1745335812,-0.0006965068,0.0014320336
558416.9600236580,9.7953553096,0.0007139434,0.0006926463,0.1745770077,-0.0006748056,0.0014320336
558416.9700236580,9.7950538093,-0.0002024687,0.0006947652,0.1745770077,-0.0006965068,0.0014320336
558416.9800236580,9.7956555054,0.0007154717,0.0000800698,0.1745661511,-0.0006531043,0.0014211860
558416.9900236580,9.7955078445,0.0007145687,0.0006913775,0.1745661511,-0.0006639550,0.0013994909
558417.0000236580,9.7955060311,0.0008671650,0.0005389375,0.1745227246,-0.0006531043,0.0014211860
558417.0100236580,9.7953534675,0.0005615554,0.0003875570,0.1748484235,-0.0006639550,0.0013886433
558417.0200236581,9.7958104486,0.0004109737,0.0002311713,0.1745444379,-0.0006639550,0.0013994909
558417.0300236579,9.7959649117,0.0014789402,0.0009929396,0.1745661511,-0.0006965068,0.0014537288
558417.0400236580,9.7958135379,0.0008682767,0.0008414196,0.1745770077,-0.0006422537,0.0014211860
558417.0500236580,9.7950464982,-0.0002020520,-0.0002202933,0.1745770077,-0.0007073575,0.0013994909
558417.0600236580,9.7950538953,0.0007124845,0.0011527130,0.1746312909,-0.0006531043,0.0013994909
558417.0700236580,9.7959625320,0.0020890479,0.0009932186,0.1746095776,-0.0006639550,0.0013994909
558417.0800236580,9.7958092588,0.0007160275,0.0002313108,0.1745770077,-0.0006748056,0.0014320336
558417.0900236580,9.7947359882,0.0002544865,-0.0006750759,0.1745227246,-0.0006748056,0.0014320336
558417.1000236580,9.7952015562,0.0007133876,0.0005414053,0.1745444379,-0.0006639550,0.0014211860
558417.1100236580,9.7950515443,0.0016275766,0.0013056413,0.1745770077,-0.0006748056,0.0014211860
558417.1200236580,9.7961130814,0.0004123631,-0.0000763857,0.1745661511,-0.0006531043,0.0014320336
558417.1300236590,9.7964188035,0.0008710556,0.0002263056,0.1745987210,-0.0006748056,0.0013886433
558417.1400236590,9.7945919828,0.0002533751,0.0003937612,0.1745878644,-0.0006639550,0.0013886433
558417.1500236590,9.7953553383,0.0010189278,0.0008452955,0.1745444379,-0.0006965068,0.0014320336
558417.1600236590,9.7948904512,0.0013224530,0.0000866925,0.1745227246,-0.0006422537,0.0014211860
558417.1700236590,9.7964163665,0.0008711944,-0.0000787139,0.1745010113,-0.0006531043,0.0014211860
558417.1800236590,9.7961131675,0.0013273163,0.0003815621,0.1745227246,-0.0006639550,0.0014211860
558417.1900236590,9.7938294229,0.0014701863,0.0010107019,0.1745661511,-0.0006748056,0.0013886433
558417.2000236590,9.7953523063,0.0011715936,0.0005403458,0.1745878644,-0.0006639550,0.0014320336
558417.2100236590,9.7953504929,0.0013241899,0.0003879058,0.1745661511,-0.0006748056,0.0013994909
558417.2200236591,9.7950447422,0.0005605131,-0.0000674348,0.1745335812,-0.0006748056,0.0014320336
558417.2300236590,9.7953486508,0.0011718019,0.0000828165,0.1745661511,-0.0006748056,0.0014320336
558417.2400236590,9.7945927211,0.0016257702,0.0011569378,0.1745335812,-0.0007073575,0.0013886433
558417.2500236590,9.7956555341,0.0010204561,0.0002327190,0.1745335812,-0.0006748056,0.0014211860
558417.2600236590,9.7964132772,0.0004138914,-0.0006889622,0.1745661511,-0.0006422537,0.0014428812
558417.2700236590,9.7956562150,0.0017828824,0.0006905971,0.1745987210,-0.0006748056,0.0013777957
558417.2800236590,9.7952058066,0.0005606523,0.0009988648,0.1745770077,-0.0006639550,0.0014320336
558417.2900236590,9.7953492744,0.0013242594,0.0002353960,0.1745878644,-0.0006639550,0.0014428812
558417.3000236590,9.7956464956,0.0020884223,-0.0003768317,0.1746095776,-0.0006639550,0.0013994909
558417.3100236590,9.7955096006,-0.0000479965,0.0005385190,0.1745770077,-0.0006531043,0.0014211860
558417.3200236590,9.7949013891,0.0010168436,0.0013066310,0.1745770077,-0.0006965068,0.0014428812
558417.3300236590,9.7945866572,0.0019311018,0.0005470383,0.1746095776,-0.0006965068,0.0013777957
558417.3400236591,9.7954956594,0.0007152631,-0.0008337200,0.1746638608,-0.0006639550,0.0014428812
558417.3500236589,9.7953552809,0.0004089590,0.0005399970,0.1745987210,-0.0006531043,0.0014428812
558417.3600236590,9.7955096866,0.0008669567,0.0009964668,0.1745335812,-0.0006639550,0.0013777957
558417.3700236590,9.7950453944,0.0010179550,0.0002377940,0.1745661511,-0.0006748056,0.0014320336
558417.3800236590,9.7951967682,0.0016286185,0.0003893140,0.1745335812,-0.0006639550,0.0014428812
558417.3900236590,9.7958025427,0.0005639173,-0.0006838175,0.1745010113,-0.0006531043,0.0013994909
558417.4000236590,9.7959659581,-0.0003510356,0.0002295538,0.1745335812,-0.0006422537,0.0013886433
558417.4100236590,9.7944401862,0.0016251449,0.0011582065,0.1745661511,-0.0007073575,0.0014211860
558417.4200236590,9.7950479461,0.0022377537,0.0011534106,0.1745987210,-0.0006748056,0.0013994909
558417.4300236590,9.7959532928,0.0010221233,-0.0006848770,0.1746204343,-0.0006422537,0.0014428812
558417.4400236590,9.7961106444,0.0004125020,-0.0003814052,0.1745770077,-0.0006531043,0.0014320336
558417.4500236590,9.7953553956,0.0016288966,0.0011505941,0.1745770077,-0.0006639550,0.0013886433
558417.4600236590,9.7944395626,0.0014726874,0.0010056270,0.1745444379,-0.0006965068,0.0014211860
558417.4700236591,9.7947372927,0.0011693702,-0.0000646183,0.1745770077,-0.0006748056,0.0014320336
558417.4800236590,9.7958104486,0.0004109737,0.0002311713,0.1745878644,-0.0006639550,0.0013886433
558417.4900236590,9.7953486221,0.0008668175,-0.0000698328,0.1745335812,-0.0006639550,0.0013994909
558417.5000236590,9.7948886664,0.0017800337,0.0000869017,0.1743490185,-0.0006531043,0.0014537288
558417.5100236590,9.7948911034,0.0017798949,0.0003919213,0.1744467282,-0.0006965068,0.0013994909
558417.5200236590,9.7950545189,0.0008649420,0.0013052925,0.1745878644,-0.0006531043,0.0013777957
558417.5300236590,9.7956591322,0.0004102790,0.0003849498,0.1746095776,-0.0006639550,0.0014320336
558417.5400236590,9.7957984069,0.0019365901,-0.0005306799,0.1746095776,-0.0006531043,0.0013994909
558417.5500236590,9.7941302423,0.0016241721,0.0005507050,0.1745987210,-0.0006639550,0.0013994909
558417.5600236590,9.7949001132,0.0004069443,0.0008488227,0.1746312909,-0.0006965068,0.0014537288
558417.5700236590,9.7955011571,0.0008674428,-0.0000711015,0.1745444379,-0.0006531043,0.0013994909
558417.5800236590,9.7953431819,0.0013246066,-0.0005271528,0.1745227246,-0.0006531043,0.0013994909
558417.5900236591,9.7947427330,0.0007115812,0.0003927017,0.1745661511,-0.0006748056,0.0014320336
558417.6000236589,9.7950527628,0.0016275072,0.0014581511,0.1745878644,-0.0006639550,0.0014211860
558417.6100236590,9.7955066547,0.0010196225,0.0006915171,0.1745335812,-0.0006639550,0.0013886433
558417.6200236590,9.7959563821,0.0014794263,-0.0000746287,0.1745335812,-0.0006422537,0.0014428812
558417.6300236590,9.7956580284,0.0016302860,0.0008430371,0.1745227246,-0.0006748056,0.0014320336
558417.6400236590,9.7945945058,0.0011681895,0.0011567285,0.1745661511,-0.0006748056,0.0013994909
558417.6500236590,9.7959655066,0.0013264133,0.0009928699,0.1745987210,-0.0006639550,0.0014320336
558417.6600236590,9.7953462425,0.0014769252,-0.0000695537,0.1746095776,-0.0006639550,0.0014320336
558417.6700236590,9.7953474323,0.0011718713,-0.0000696932,0.1746095776,-0.0006965068,0.0014211860
558417.6800236590,9.7951961159,0.0011711766,0.0000840852,0.1745770077,-0.0006531043,0.0014428812
558417.6900236590,9.7948978196,0.0019320052,0.0013070496,0.1745770077,-0.0006748056,0.0013994909
558417.7000236590,9.7959636645,0.0011740253,0.0006877806,0.1745770077,-0.0006531043,0.0014428812
558417.7100236590,9.7955011284,0.0005624584,-0.0002237508,0.1745227246,-0.0006748056,0.0014211860
558417.7200236591,9.7956542582,0.0004105567,-0.0002250893,0.1745335812,-0.0006748056,0.0013994909
558417.7300236590,9.7952015562,0.0007133876,0.0005414053,0.1745444379,-0.0006639550,0.0014211860
558417.7400236590,9.7948996330,0.0017794088,0.0014594896,0.1745770077,-0.0006748056,0.0014211860
558417.7500236590,9.7959564108,0.0017844107,0.0000780206,0.1745227246,-0.0006422537,0.0014211860
558417.7600236590,9.7959587331,0.0005643342,-0.0002275570,0.1745444379,-0.0006531043,0.0014320336
558417.7700236590,9.7958098537,0.0005635006,0.0002312410,0.1745227246,-0.0006748056,0.0014320336
558417.7800236590,9.7942900596,0.0013193964,0.0013118455,0.1745661511,-0.0006748056,0.0013994909
558417.7900236590,9.7955018953,0.0022398378,0.0006920751,0.1745770077,-0.0006639550,0.0014320336
558417.8000236590,9.7961083221,0.0016325785,-0.0000758277,0.1745770077,-0.0006639550,0.0013994909
558417.8100236590,9.7951923744,0.0002564317,-0.0008313918,0.1745878644,-0.0006748056,0.0014211860
558417.8200236590,9.7942875939,0.0010145509,0.0008541767,0.1745661511,-0.0006748056,0.0014428812
558417.8300236590,9.7952052977,0.0016281324,0.0014568823,0.1746095776,-0.0006531043,0.0013994909
558417.8400236591,9.7967172432,0.0016351490,-0.0002334124,0.1745444379,-0.0006314031,0.0014211860
558417.8500236589,9.7958019764,0.0010214286,-0.0005310985,0.1745661511,-0.0006748056,0.0014211860
558417.8600236590,9.7945939109,0.0013207164,0.0011567983,0.1745444379,-0.0006639550,0.0013994909
558417.8700236590,9.7948972247,0.0020845321,0.0013071193,0.1745661511,-0.0006965068,0.0014211860
558417.8800236590,9.7959629835,0.0004115990,0.0002299025,0.1745770077,-0.0006314031,0.0014428812
558417.8900236590,9.7959575720,0.0011743724,-0.0000747682,0.1745227246,-0.0006639550,0.0014320336
558417.9000236590,9.7950484837,0.0014752580,0.0008480423,0.1745878644,-0.0006639550,0.0014211860
558417.9100236590,9.7948904799,0.0016274374,0.0002393418,0.1745878644,-0.0006639550,0.0014320336
558417.9200236590,9.7958044995,0.0019362429,0.0002318688,0.1746204343,-0.0006748056,0.0014211860
558417.9300236590,9.7968727241,0.0005681553,-0.0003876792,0.1745987210,-0.0006314031,0.0013886433
558417.9400236590,9.7962693579,0.0013277333,0.0008378226,0.1745661511,-0.0006531043,0.0013994909
558417.9500236590,9.7947476357,0.0010162878,0.0011553900,0.1745661511,-0.0006748056,0.0014537288
558417.9600236590,9.7950381694,0.0019333248,-0.0002193167,0.1745227246,-0.0006422537,0.0013886433
558417.9700236591,9.7956494702,0.0013257877,-0.0003771805,0.1744575848,-0.0006531043,0.0013994909
558417.9800236590,9.7962626704,0.0014806074,0.0000753436,0.1744901547,-0.0006314031,0.0014428812
558417.9900236590,9.7947416578,0.0022365726,0.0010034383,0.1744901547,-0.0007290587,0.0013777957
558418.0000236590,9.7947348557,0.0011695091,-0.0003696378,0.1745118680,-0.0006531043,0.0014211860
558418.0100236590,9.7951918081,0.0007139431,-0.0006786728,0.1748375669,-0.0006639550,0.0014537288
558418.0200236590,9.7958135092,0.0005632923,0.0006887703,0.1745444379,-0.0006422537,0.0013994909
558418.0300236590,9.7962766116,0.0007173479,0.0014475826,0.1745335812,-0.0006531043,0.0014320336
558418.0400236590,9.7953529873,0.0019340199,0.0009982238,0.1745335812,-0.0006965068,0.0014320336
558418.0500236590,9.7956483377,0.0022408103,-0.0000717424,0.1745770077,-0.0006531043,0.0013886433
558418.0600236590,9.7965736608,-0.0003483956,-0.0000805407,0.1746095776,-0.0006314031,0.0014211860
558418.0700236590,9.7959649403,0.0017839246,0.0011455889,0.1746312909,-0.0006639550,0.0014211860
558418.0800236590,9.7947368698,0.0031518035,0.0008513471,0.1745878644,-0.0006748056,0.0013886433
558418.0900236591,9.7950447422,0.0005605131,-0.0000674348,0.1745661511,-0.0006965068,0.0014537288
558418.1000236589,9.7948921786,0.0002549034,-0.0002188153,0.1745770077,-0.0006422537,0.0014428812
558418.1100236590,9.7959570344,0.0019368682,0.0002306001,0.1745661511,-0.0006531043,0.0013561005
558418.1200236590,9.7958160323,0.0014781066,0.0014517376,0.1745444379,-0.0006531043,0.0014428812
558418.1300236590,9.7948917270,0.0019323523,0.0005445008,0.1745444379,-0.0006965068,0.0014645764
558418.1400236590,9.7951905896,0.0007140125,-0.0008311826,0.1745770077,-0.0006639550,0.0013777957
558418.1500236590,9.7953528439,0.0004090979,0.0002349775,0.1745878644,-0.0006422537,0.0014211860
558418.1600236590,9.7950455378,0.0025428770,0.0010010403,0.1745770077,-0.0006748056,0.0014320336
558418.1700236590,9.7953469521,0.0025443358,0.0005409736,0.1745661511,-0.0006639550,0.0013994909
558418.1800236590,9.7955053501,0.0001047388,0.0000810595,0.1745661511,-0.0006748056,0.0014320336
558418.1900236590,9.7950459893,0.0008654281,0.0002377242,0.1745661511,-0.0006639550,0.0014211860
558418.2000236600,9.7961096266,0.0025474622,0.0005346299,0.1746204343,-0.0006314031,0.0013777957
558418.2100236600,9.7956556201,0.0019354093,0.0006906669,0.1745444379,-0.0006965068,0.0014428812
558418.2200236600,9.7948958628,0.0005596795,0.0003913632,0.1745770077,-0.0006531043,0.0014645764
558418.2300236600,9.7950429001,0.0004081251,-0.0003725241,0.1745878644,-0.0006639550,0.0014211860
558418.2400236600,9.7961100782,0.0008700133,-0.0002286862,0.1745661511,-0.0006314031,0.0013886433
558418.2500236600,9.7958033670,0.0028512655,0.0005373069,0.1745661511,-0.0006748056,0.0014537288
558418.2600236600,9.7951979867,0.0016285491,0.0005418238,0.1745335812,-0.0006422537,0.0014211860
558418.2700236600,9.7954999099,0.0005625278,-0.0003762605,0.1745987210,-0.0006639550,0.0014428812
558418.2800236600,9.7955017806,0.0010199003,0.0000814780,0.1745770077,-0.0006531043,0.0014320336
558418.2900236601,9.7956550825,0.0026979050,0.0009960351,0.1745335812,-0.0006422537,0.0014211860
558418.3000236599,9.7945824068,0.0020838370,0.0000895787,0.1745335812,-0.0006748056,0.0014320336
558418.3100236600,9.7955029131,0.0001048776,-0.0002239600,0.1745987210,-0.0006639550,0.0014537288
558418.3200236600,9.7952004237,0.0016284102,0.0008468433,0.1746312909,-0.0006639550,0.0013886433
558418.3300236600,9.7953554530,0.0022388654,0.0014558926,0.1745987210,-0.0006639550,0.0013994909
558418.3400236600,9.7953426443,0.0020871023,-0.0002217845,0.1745335812,-0.0006531043,0.0014537288
558418.3500236600,9.7950368936,0.0013234255,-0.0006771250,0.1745444379,-0.0006639550,0.0014320336
558418.3600236600,9.7948965150,0.0010171214,0.0006965920,0.1745770077,-0.0006639550,0.0014211860
558418.3700236600,9.7948947016,0.0011697178,0.0005441520,0.1745987210,-0.0006639550,0.0014211860
558418.3800236600,9.7958020338,0.0016313974,-0.0002257999,0.1745227246,-0.0006422537,0.0013994909
558418.3900236600,9.7958050657,0.0014787316,0.0000791498,0.1745444379,-0.0006531043,0.0013994909
558418.4000236600,9.7958147564,0.0008682073,0.0009939293,0.1745770077,-0.0006531043,0.0014320336
558418.4100236600,9.7951975065,0.0030010136,0.0011524906,0.1745661511,-0.0006748056,0.0014320336
558418.4200236599,9.7958032810,0.0019363123,0.0000793591,0.1745444379,-0.0006422537,0.0014320336
558418.4300236600,9.7954951505,0.0017827432,-0.0003757025,0.1745335812,-0.0006639550,0.0014645764
558418.4400236600,9.7941289951,0.0013192572,0.0002455459,0.1745444379,-0.0006531043,0.0013777957
558418.4500236600,9.7947452273,0.0013214111,0.0010030198,0.1746095776,-0.0006748056,0.0013886433
558418.4600236600,9.7953433252,0.0028495286,0.0002360936,0.1746204343,-0.0006748056,0.0014428812
558418.4700236600,9.7958044708,0.0016312585,0.0000792196,0.1745878644,-0.0006422537,0.0013994909
558418.4800236600,9.7956585947,0.0011727747,0.0006903181,0.1745118680,-0.0006531043,0.0014320336
558418.4900236600,9.7951955783,0.0019336723,0.0003894535,0.1745227246,-0.0006639550,0.0014320336
558418.5000236600,9.7951968542,0.0025435717,0.0008472618,0.1745444379,-0.0006639550,0.0014211860
558418.5100236600,9.7953431532,0.0010196222,-0.0006798020,0.1745227246,-0.0006531043,0.0014320336
558418.5200236600,9.7954968493,0.0004102092,-0.0008338596,0.1745335812,-0.0006531043,0.0013994909
558418.5300236600,9.7947440662,0.0019314493,0.0011558085,0.1745770077,-0.0006639550,0.0013994909
558418.5400236601,9.7956635547,0.0020874501,0.0017583049,0.1745987210,-0.0006422537,0.0014428812
558418.5500236599,9.7954944983,0.0013253013,-0.0006809313,0.1745335812,-0.0006639550,0.0014428812
558418.5600236600,9.7965518997,0.0014827606,-0.0019098207,0.1743598752,-0.0006314031,0.0013886433
558418.5700236600,9.7961089457,0.0017850360,0.0000767519,0.1744358716,-0.0006531043,0.0014320336
558418.5800236600,9.7946007131,0.0023877798,0.0025298744,0.1745335812,-0.0006531043,0.0014320336
558418.5900236600,9.7947404393,0.0022366420,0.0008509285,0.1746204343,-0.0006965068,0.0013994909
558418.6000236600,9.7954895669,0.0007156102,-0.0015962688,0.1746638608,-0.0006314031,0.0014645764
558418.6100236600,9.7962528937,0.0011761785,-0.0012973837,0.1746530042,-0.0006422537,0.0014211860
558418.6200236600,9.7949033459,0.0023891693,0.0022223174,0.1745770077,-0.0006748056,0.0014211860
558418.6300236600,9.7953603557,0.0025435720,0.0022185809,0.1745987210,-0.0006965068,0.0014645764
558418.6400236600,9.7956416216,0.0020887000,-0.0009868707,0.1745878644,-0.0006422537,0.0014320336
558418.6500236600,9.7959422403,0.0001077950,-0.0025154126,0.1745878644,-0.0006422537,0.0013777957
558418.6600236600,9.7950460180,0.0011704125,0.0003903735,0.1746312909,-0.0006205525,0.0014320336
558418.6700236599,9.7944531382,0.0033018300,0.0035991300,0.1745987210,-0.0006639550,0.0014211860
558418.6800236600,9.7958153513,0.0007156804,0.0009938596,0.1746095776,-0.0006639550,0.0014428812
558418.6900236600,9.7956378514,0.0008689708,-0.0020549971,0.1745987210,-0.0006531043,0.0014428812
558418.7000236600,9.7957978120,0.0020891170,-0.0005306102,0.1744901547,-0.0005880006,0.0013886433
558418.7100236600,9.7955147327,0.0026965853,0.0025224015,0.1745227246,-0.0006639550,0.0013994909
558418.7200236600,9.7948996043,0.0014744244,0.0013068403,0.1745661511,-0.0006965068,0.0014537288
558418.7300236600,9.7948763667,0.0005607905,-0.0020487929,0.1745878644,-0.0006422537,0.0014211860
558418.7400236600,9.7957984069,0.0019365901,-0.0005306799,0.1745987210,-0.0006531043,0.0013994909
558418.7500236600,9.7950612924,0.0016270211,0.0025257194,0.1745661511,-0.0006422537,0.0014428812
558418.7600236600,9.7945945919,0.0020831426,0.0016146763,0.1745335812,-0.0006965068,0.0014428812
558418.7700236600,9.7945683796,0.0019321434,-0.0017406081,0.1745227246,-0.0006965068,0.0013886433
558418.7800236600,9.7959478239,0.0011749280,-0.0012948463,0.1745661511,-0.0006314031,0.0014428812
558418.7900236601,9.7955049273,0.0020871721,0.0009970249,0.1745987210,-0.0006639550,0.0014211860
558418.8000236599,9.7953584562,0.0017812152,0.0016081931,0.1745335812,-0.0006422537,0.0013886433
558418.8100236600,9.7945829730,0.0016263257,-0.0000631403,0.1746095776,-0.0006965068,0.0014428812
558418.8200236600,9.7939545271,0.0013198818,-0.0024983610,0.1745987210,-0.0006205525,0.0014320336
558418.8300236600,9.7958038759,0.0017837854,0.0000792893,0.1745770077,-0.0006422537,0.0013777957
558418.8400236600,9.7956750588,0.0013243295,0.0028255244,0.1745444379,-0.0006531043,0.0014428812
558418.8500236600,9.7953560192,0.0017813541,0.0013031736,0.1745661511,-0.0006531043,0.0014428812
558418.8600236600,9.7948703888,0.0017810753,-0.0022007446,0.1746095776,-0.0006748056,0.0013994909
558418.8700236600,9.7954932224,0.0007154019,-0.0011387396,0.1746204343,-0.0006205525,0.0014428812
558418.8800236600,9.7953616602,0.0034584558,0.0028290385,0.1746095776,-0.0006422537,0.0014320336
558418.8900236600,9.7947501874,0.0022360865,0.0020710066,0.1745770077,-0.0006965068,0.0014320336
558418.9000236600,9.7959417314,0.0011752751,-0.0020573950,0.1746095776,-0.0006639550,0.0014320336
558418.9100236600,9.7948807031,0.0013230085,-0.0011333856,0.1745878644,-0.0006422537,0.0014211860
558418.9200236599,9.7955067694,0.0022395601,0.0013021141,0.1746204343,-0.0006422537,0.0013994909
558418.9300236600,9.7950515730,0.0019325610,0.0014582906,0.1745987210,-0.0006748056,0.0014320336
558418.9400236600,9.7948776712,0.0014756743,-0.0014383353,0.1745987210,-0.0006639550,0.0014428812
558418.9500236600,9.7951894571,0.0016290351,-0.0005257445,0.1746095776,-0.0006422537,0.0013994909
558418.9600236600,9.7956634974,0.0014774813,0.0014530064,0.1745770077,-0.0006205525,0.0014320336
558418.9700236600,9.7958137960,0.0036131363,0.0022152630,0.1745661511,-0.0006639550,0.0014211860
558418.9800236600,9.7953359855,0.0025449608,-0.0008316142,0.1745118680,-0.0006531043,0.0014211860
558418.9900236600,9.7948793986,0.0004081247,-0.0017438432,0.1745987210,-0.0006639550,0.0014320336
558419.0000236600,9.7948977622,0.0013220364,0.0010017510,0.1746095776,-0.0006205525,0.0013994909
558419.0100236600,9.7955189831,0.0025438501,0.0029798610,0.1748701367,-0.0006531043,0.0014320336
558419.0200236600,9.7959491858,0.0026997805,-0.0003790901,0.1745661511,-0.0006531043,0.0014537288
558419.0300236600,9.7950277117,0.0008664696,-0.0020499221,0.1745444379,-0.0006639550,0.0014320336
558419.0400236601,9.7959544827,0.0007170694,-0.0006850165,0.1745661511,-0.0006205525,0.0013994909
558419.0500236599,9.7955099160,0.0033068319,0.0022176610,0.1745987210,-0.0006422537,0.0014211860
558419.0600236600,9.7958161756,0.0030030286,0.0022149840,0.1745770077,-0.0006422537,0.0014537288
558419.0700236600,9.7950270308,0.0001040434,-0.0025078002,0.1745444379,-0.0006639550,0.0014428812
558419.0800236600,9.7948788037,0.0005606517,-0.0017437734,0.1745878644,-0.0006205525,0.0013886433
558419.0900236600,9.7953579760,0.0031536797,0.0022188600,0.1746530042,-0.0006314031,0.0014320336
558419.1000236600,9.7956618847,0.0037649685,0.0023691113,0.1745878644,-0.0006531043,0.0014428812
558419.1100236600,9.7953418487,0.0001047384,-0.0012902596,0.1745335812,-0.0006639550,0.0014320336
558419.1200236600,9.7957927373,-0.0000454960,-0.0022091941,0.1745987210,-0.0006531043,0.0013777957
558419.1300236600,9.7950491360,0.0019326999,0.0011532711,0.1746312909,-0.0006314031,0.0014211860
558419.1400236600,9.7962750562,0.0036148038,0.0026689861,0.1745770077,-0.0006422537,0.0014537288
558419.1500236600,9.7950351375,0.0020859906,-0.0005242665,0.1746312909,-0.0006531043,0.0014537288
558419.1600236600,9.7964029056,0.0002619895,-0.0020616198,0.1745661511,-0.0006531043,0.0014211860
558419.1700236599,9.7954879255,0.0026981130,-0.0008328132,0.1745987210,-0.0006314031,0.0014211860
558419.1800236600,9.7945995519,0.0029978181,0.0026826632,0.1745878644,-0.0006422537,0.0013994909
558419.1900236600,9.7953481706,0.0025442664,0.0006934834,0.1746095776,-0.0006639550,0.0014428812
558419.2000236600,9.7954950072,0.0002578212,-0.0011389488,0.1745987210,-0.0006531043,0.0014537288
558419.2100236600,9.7947147360,0.0010181626,-0.0029623735,0.1745661511,-0.0006639550,0.0014211860
558419.2200236600,9.7945782424,0.0031515254,0.0000900670,0.1745118680,-0.0006205525,0.0013994909
558419.2300236600,9.7956661638,0.0039172176,0.0029792201,0.1740016064,-0.0006531043,0.0014320336
558419.2400236600,9.7964127970,0.0017863559,-0.0000782954,0.1729376567,-0.0006422537,0.0014211860
558419.2500236600,9.7956294078,0.0017844100,-0.0026646176,0.1719171336,-0.0006639550,0.0013669481
558419.2600236600,9.7947143131,0.0030005959,-0.0020464081,0.1705491983,-0.0006097018,0.0014103385
558419.2700236610,9.7955106543,0.0046792269,0.0029808376,0.1692572594,-0.0006314031,0.0013777957
558419.2800236610,9.7953572377,0.0017812846,0.0014556834,0.1683778724,-0.0006314031,0.0013886433
558419.2900236610,9.7956311926,0.0013268293,-0.0026648268,0.1672704962,-0.0006314031,0.0013777957
558419.3000236610,9.7937991036,0.0029968443,-0.0020387957,0.1666299551,-0.0005988512,0.0013235577
558419.3100236610,9.7955037661,0.0026972103,0.0011498136,0.1660111272,-0.0005988512,0.0013669481
558419.3200236610,9.7952029467,0.0025432245,0.0016098106,0.1650340306,-0.0006314031,0.0013669481
558419.3300236610,9.7951816085,0.0023919475,-0.0011354348,0.1641112171,-0.0005880006,0.0013127101
558419.3400236610,9.7951760822,0.0019347833,-0.0020507026,0.1632535434,-0.0005880006,0.0013452529
558419.3500236610,9.7951871635,0.0031540960,-0.0000675177,0.1622438768,-0.0005880006,0.0013669481
558419.3600236611,9.7958136526,0.0020882143,0.0014520167,0.1616467622,-0.0005988512,0.0013127101
558419.3700236609,9.7950340050,0.0030010132,-0.0002188285,0.1607456620,-0.0005988512,0.0012801673
558419.3800236610,9.7947173163,0.0025429457,-0.0018941076,0.1597902786,-0.0005771500,0.0013344053
558419.3900236610,9.7957918055,0.0030044174,-0.0008352112,0.1590520278,-0.0005771500,0.0012910149
558419.4000236610,9.7956532978,0.0031554857,0.0009962444,0.1577818022,-0.0005554487,0.0012801673
558419.4100236610,9.7955012144,0.0014774116,0.0002341970,0.1571738309,-0.0006097018,0.0013235577
558419.4200236610,9.7951804187,0.0026970013,-0.0011352953,0.1568047055,-0.0005554487,0.0012910149
558419.4300236610,9.7954824566,0.0028509176,-0.0014427825,0.1559036053,-0.0005662994,0.0012259294
558419.4400236610,9.7959600950,0.0020891868,0.0006881991,0.1549699352,-0.0005554487,0.0013127101
558419.4500236610,9.7950438677,0.0042203953,0.0016118467,0.1539711253,-0.0005988512,0.0012801673
558419.4600236610,9.7953347384,0.0022400458,-0.0011367733,0.1526357599,-0.0005771500,0.0012259294
558419.4700236610,9.7948763667,0.0005607905,-0.0020487929,0.1519735055,-0.0005554487,0.0013018625
558419.4800236610,9.7954928569,0.0033078040,0.0000825244,0.1512026848,-0.0005120462,0.0012367770
558419.4900236611,9.7952036850,0.0039156196,0.0023729872,0.1502255882,-0.0005445981,0.0012150818
558419.5000236609,9.7945835106,0.0008638300,-0.0003685086,0.1494981940,-0.0005771500,0.0013018625
558419.5100236610,9.7954719702,0.0014790781,-0.0034260371,0.1485970938,-0.0005228969,0.0011825390
558419.5200236610,9.7956434924,0.0025460725,-0.0005291322,0.1477937032,-0.0005011956,0.0011608438
558419.5300236610,9.7956661064,0.0033072488,0.0026739215,0.1469685994,-0.0005337475,0.0012910149
558419.5400236610,9.7950340623,0.0036109820,0.0000864701,0.1457743701,-0.0005445981,0.0012150818
558419.5500236610,9.7950252747,0.0008666085,-0.0023549417,0.1449601229,-0.0005445981,0.0011499962
558419.5600236610,9.7951815799,0.0020869631,-0.0012880840,0.1443412951,-0.0004903450,0.0012150818
558419.5700236610,9.7956503519,0.0042231047,0.0011492425,0.1433424852,-0.0005120462,0.0011499962
558419.5800236610,9.7953518261,0.0025440581,0.0011510126,0.1424739548,-0.0005337475,0.0011608438
558419.5900236610,9.7957910385,0.0013270379,-0.0017510370,0.1416597076,-0.0005120462,0.0012042342
558419.6000236610,9.7956337443,0.0025466280,-0.0017492103,0.1406717544,-0.0004577931,0.0011391486
558419.6100236611,9.7950449716,0.0030003883,0.0011537594,0.1400637831,-0.0005120462,0.0011283010
558419.6200236609,9.7952005671,0.0031533322,0.0016100897,0.1390649732,-0.0005011956,0.0012042342
558419.6300236610,9.7951827984,0.0020868936,-0.0011355743,0.1381095898,-0.0005337475,0.0011283010
558419.6400236610,9.7950228664,0.0011717318,-0.0025073119,0.1371867763,-0.0004903450,0.0011174534
558419.6500236610,9.7954911008,0.0040703692,0.0002353829,0.1362422496,-0.0004794944,0.0011066058
558419.6600236610,9.7950426206,0.0039154804,0.0013066877,0.1355257121,-0.0004794944,0.0011283010
558419.6700236610,9.7953474610,0.0014768557,0.0000829560,0.1350045939,-0.0005011956,0.0011066058
558419.6800236610,9.7951742115,0.0014774109,-0.0025084411,0.1338212213,-0.0004686437,0.0010849106
558419.6900236610,9.7953408309,0.0022396986,-0.0003742245,0.1329744042,-0.0004686437,0.0010740631
558419.7000236610,9.7954966845,0.0051375021,0.0014559493,0.1316498954,-0.0004577931,0.0011066058
558419.7100236610,9.7948881002,0.0022375451,0.0002396208,0.1306402289,-0.0004903450,0.0010957582
558419.7200236610,9.7956421018,0.0007162355,-0.0015975376,0.1304230963,-0.0004360919,0.0010740631
558419.7300236610,9.7947245987,0.0022375447,-0.0011316983,0.1298259817,-0.0004686437,0.0010415203
558419.7400236611,9.7956508321,0.0028506402,0.0005385756,0.1288923115,-0.0004143906,0.0010957582
558419.7500236609,9.7945890942,0.0019309629,0.0008520578,0.1281974873,-0.0004903450,0.0010957582
558419.7600236610,9.7956409693,0.0016312581,-0.0012920995,0.1267969821,-0.0004360919,0.0010198251
558419.7700236610,9.7957971598,0.0016316751,-0.0008358390,0.1257656023,-0.0004469425,0.0010306727
558419.7800236610,9.7947314582,0.0039145770,0.0005466763,0.1251684877,-0.0004360919,0.0010415203
558419.7900236610,9.7956478575,0.0036132748,0.0005389244,0.1241479645,-0.0004360919,0.0010198251
558419.8000236610,9.7965634325,0.0010246244,-0.0006899519,0.1233011474,-0.0004469425,0.0010415203
558419.8100236610,9.7950296972,0.0025437797,-0.0009815865,0.1226171798,-0.0004252412,0.0010306727
558419.8200236610,9.7948809325,0.0037628837,0.0000878086,0.1215749434,-0.0004252412,0.0009764347
558419.8300236610,9.7958002490,0.0020889781,-0.0002255907,0.1207824094,-0.0004360919,0.0010415203
558419.8400236610,9.7953408309,0.0022396986,-0.0003742245,0.1198595959,-0.0003926894,0.0010089775
558419.8500236610,9.7956501225,0.0017832296,-0.0000719517,0.1188716427,-0.0004360919,0.0009547395
558419.8600236611,9.7955012431,0.0017823960,0.0003868463,0.1181985317,-0.0004035400,0.0010089775
558419.8700236609,9.7951907617,0.0025439189,0.0000847131,0.1174059977,-0.0004143906,0.0009981299
558419.8800236610,9.7954981825,0.0016300774,-0.0000707527,0.1164614710,-0.0003818388,0.0009547395
558419.8900236610,9.7953468661,0.0016293827,0.0000830258,0.1155712274,-0.0004143906,0.0009764347
558419.9000236610,9.7954952939,0.0033076651,0.0003875439,0.1144312813,-0.0003926894,0.0009330443
558419.9100236610,9.7953414258,0.0020871717,-0.0003742942,0.1136387473,-0.0003818388,0.0009330443
558419.9200236610,9.7951913279,0.0020864076,-0.0000680060,0.1130090628,-0.0003926894,0.0009547395
558419.9300236610,9.7954982972,0.0028500150,0.0005398444,0.1118908300,-0.0003709881,0.0009438919
558419.9400236610,9.7955036227,0.0011722883,0.0003865673,0.1112828588,-0.0003709881,0.0009330443
558419.9500236610,9.7954848936,0.0028507788,-0.0011377630,0.1104468983,-0.0003818388,0.0009438919
558419.9600236610,9.7950339476,0.0023910444,-0.0005241270,0.1093178089,-0.0003601375,0.0009005016
558419.9700236610,9.7958008153,0.0016314668,-0.0003783097,0.1087424075,-0.0003818388,0.0009005016
558419.9800236610,9.7956447969,0.0034609562,0.0000813254,0.1077327410,-0.0003492869,0.0009005016
558419.9900236611,9.7951865112,0.0026966541,-0.0003727465,0.1066796479,-0.0003818388,0.0009113492
558420.0000236609,9.7951894285,0.0013240507,-0.0006783938,0.1060933900,-0.0003818388,0.0009005016
558420.0100236610,9.7950327865,0.0030010827,-0.0003713382,0.1050077270,-0.0003384363,0.0008571112
558420.0200236610,9.7953450527,0.0017819790,-0.0000694142,0.1041283400,-0.0003384363,0.0008679588
558420.0300236610,9.7950346286,0.0031534707,-0.0000662489,0.1035746520,-0.0003709881,0.0008788064
558420.0400236610,9.7962583913,0.0013283582,-0.0005347652,0.1026844083,-0.0003275856,0.0008571112
558420.0500236610,9.7953425870,0.0014771335,-0.0005270830,0.1018050214,-0.0003384363,0.0008462636
558420.0600236610,9.7957955184,0.0036141778,-0.0000723834,0.1007519283,-0.0003492869,0.0008354160
558420.0700236610,9.7954880402,0.0039180506,-0.0002222161,0.0994382762,-0.0003167350,0.0008571112
558420.0800236610,9.7953413685,0.0014772029,-0.0006795928,0.0987760218,-0.0003492869,0.0008571112
558420.0900236610,9.7950332380,0.0013236338,-0.0011346543,0.0980160577,-0.0003167350,0.0008028732
558420.1000236610,9.7951907617,0.0025439189,0.0000847131,0.0971692406,-0.0003167350,0.0008028732
558420.1100236611,9.7953445724,0.0031544435,0.0005412526,0.0965829827,-0.0003275856,0.0008462636
558420.1200236609,9.7951870775,0.0022391428,-0.0005254655,0.0956275993,-0.0002950338,0.0007920256
558420.1300236610,9.7947287345,0.0008648719,-0.0012848359,0.0946287894,-0.0003275856,0.0007703304
558420.1400236610,9.7954903912,0.0030029585,-0.0003751444,0.0937819723,-0.0002841831,0.0007811780
558420.1500236610,9.7950396460,0.0046781149,0.0013070364,0.0926854527,-0.0003275856,0.0007811780
558420.1600236610,9.7948849536,0.0011702733,-0.0006759261,0.0919254887,-0.0003275856,0.0008137208
558420.1700236610,9.7944182530,0.0016263948,-0.0015869691,0.0912415210,-0.0002950338,0.0007594828
558420.1800236610,9.7947270357,0.0022374058,-0.0008266788,0.0901775714,-0.0002841831,0.0007160925
558420.1900236610,9.7947405253,0.0031515952,0.0013088764,0.0892764711,-0.0002950338,0.0007920256
558420.2000236610,9.7953408309,0.0022396986,-0.0003742245,0.0885056504,-0.0002950338,0.0007920256
558420.2100236610,9.7956396648,0.0007163744,-0.0019025571,0.0875611237,-0.0002733325,0.0006943973
558420.2200236610,9.7950369509,0.0019333942,-0.0003718265,0.0869097259,-0.0002624819,0.0007377877
558420.2300236610,9.7959530133,0.0045294786,0.0009943348,0.0859217727,-0.0002950338,0.0007269401
558420.2400236611,9.7954946130,0.0025452389,-0.0000703342,0.0849555327,-0.0002841831,0.0007486352
558420.2500236609,9.7953376556,0.0008674424,-0.0014424206,0.0841087156,-0.0002733325,0.0007160925
558420.2600236610,9.7957935903,0.0025468366,-0.0008354204,0.0831859021,-0.0002407806,0.0007052449
558420.2700236610,9.7950425345,0.0030005272,0.0008487399,0.0825019344,-0.0002733325,0.0006727021
558420.2800236610,9.7942780179,0.0028450127,0.0005499943,0.0819048198,-0.0002841831,0.0007594828
558420.2900236610,9.7948783235,0.0019331162,-0.0011331066,0.0807431605,-0.0002733325,0.0006835497
558420.3000236610,9.7950343992,0.0007135955,-0.0012874431,0.0798529169,-0.0002407806,0.0006510069
558420.3100236610,9.7951817806,0.0042218538,-0.0002195391,0.0787781106,-0.0002516313,0.0006727021
558420.3200236610,9.7959595861,0.0031566669,0.0011462167,0.0776055946,-0.0002516313,0.0006835497
558420.3300236610,9.7954987487,0.0011725661,-0.0002234717,0.0771387595,-0.0002624819,0.0006727021
558420.3400236610,9.7956385323,0.0016313970,-0.0015971190,0.0764765052,-0.0002190794,0.0006401593
558420.3500236620,9.7953348530,0.0034599834,-0.0005261762,0.0754994085,-0.0002190794,0.0006293117
558420.3600236620,9.7955073356,0.0017820488,0.0011493951,0.0747177312,-0.0002299300,0.0006510069
558420.3700236620,9.7959557872,0.0016319532,-0.0000745589,0.0736754948,-0.0002299300,0.0006293117
558420.3800236620,9.7963969851,0.0020922430,-0.0019082730,0.0727309680,-0.0002190794,0.0005967689
558420.3900236620,9.7962476255,0.0034638739,-0.0008388081,0.0720578570,-0.0002190794,0.0006184641
558420.4000236620,9.7955037948,0.0030021947,0.0013024629,0.0710047640,-0.0001973782,0.0006293117
558420.4100236620,9.7953474897,0.0017818401,0.0002356053,0.0701362336,-0.0002624819,0.0006076165
558420.4200236620,9.7957928806,0.0014794259,-0.0014459478,0.0693111298,-0.0001973782,0.0006076165
558420.4300236620,9.7953316777,0.0020877272,-0.0015943723,0.0683448898,-0.0001973782,0.0005750737
558420.4400236621,9.7950491933,0.0025426687,0.0014585696,0.0675849257,-0.0001756769,0.0005967689
558420.4500236619,9.7959655926,0.0022413665,0.0014508177,0.0667923918,-0.0002299300,0.0005967689
558420.4600236620,9.7954860261,0.0019357561,-0.0014432010,0.0658152952,-0.0001973782,0.0005859213
558420.4700236620,9.7962420705,0.0027017254,-0.0019067252,0.0650879010,-0.0001756769,0.0005642262
558420.4800236620,9.7956489613,0.0023932678,0.0000808371,0.0640239513,-0.0001756769,0.0005750737
558420.4900236620,9.7955049559,0.0023921564,0.0011496741,0.0629165751,-0.0001973782,0.0005316834
558420.5000236620,9.7954951505,0.0017827432,-0.0003757025,0.0622434641,-0.0001865275,0.0005533786
558420.5100236620,9.7957886876,0.0022421300,-0.0015981087,0.0614292169,-0.0001431250,0.0005425310
558420.5200236620,9.7953347957,0.0028500146,-0.0008314747,0.0607235360,-0.0001865275,0.0005316834
558420.5300236620,9.7947489115,0.0016261872,0.0016131983,0.0599635719,-0.0001322744,0.0005425310
558420.5400236620,9.7962578538,0.0020908539,-0.0002293969,0.0587150596,-0.0001648263,0.0005316834
558420.5500236620,9.7954829941,0.0020884219,-0.0017481508,0.0578682425,-0.0001756769,0.0004991406
558420.5600236621,9.7953384225,0.0025448219,-0.0005265947,0.0570974218,-0.0001322744,0.0004991406
558420.5700236619,9.7951992912,0.0025434328,0.0011522814,0.0561203252,-0.0001756769,0.0004991406
558420.5800236620,9.7953487082,0.0017817707,0.0003881151,0.0554797840,-0.0001539757,0.0004882930
558420.5900236620,9.7956367762,0.0023939622,-0.0014442605,0.0545461139,-0.0001539757,0.0004882930
558420.6000236620,9.7950291310,0.0030012910,-0.0008288675,0.0536233004,-0.0001322744,0.0004882930
558420.6100236620,9.7950424485,0.0020855740,0.0003907920,0.0530044725,-0.0001322744,0.0004991406
558420.6200236620,9.7953469521,0.0025443358,0.0005409736,0.0519296662,-0.0001322744,0.0004340550
558420.6300236620,9.7957971884,0.0019366595,-0.0006831897,0.0509417130,-0.0001431250,0.0004665978
558420.6400236620,9.7960919726,0.0027009613,-0.0016004369,0.0500406127,-0.0001105732,0.0004665978
558420.6500236620,9.7956490473,0.0033082210,0.0005387849,0.0489766631,-0.0001322744,0.0004232074
558420.6600236620,9.7945933160,0.0014732433,0.0011568680,0.0483035520,-0.0001322744,0.0004449026
558420.6700236620,9.7947191298,0.0023903494,-0.0017416676,0.0475327314,-0.0001322744,0.0004449026
558420.6800236620,9.7950247945,0.0022390730,-0.0017442748,0.0464036419,-0.0000997225,0.0004015123
558420.6900236621,9.7955098013,0.0020868943,0.0016070639,0.0458499538,-0.0001105732,0.0004340550
558420.7000236619,9.7964122881,0.0028538361,0.0003797222,0.0451334163,-0.0001105732,0.0004232074
558420.7100236620,9.7947270071,0.0019324214,-0.0009793281,0.0440694666,-0.0001431250,0.0003581219
558420.7200236620,9.7953255279,0.0014781056,-0.0026622196,0.0432443628,-0.0000454694,0.0004232074
558420.7300236620,9.7951883533,0.0028490422,-0.0000676572,0.0421804131,-0.0000997225,0.0003798171
558420.7400236620,9.7952065449,0.0019330474,0.0017620414,0.0412250297,-0.0000997225,0.0003689695
558420.7500236620,9.7958014962,0.0023938931,0.0000795684,0.0406062019,-0.0001214238,0.0004123598
558420.7600236620,9.7948668193,0.0026962368,-0.0022003261,0.0396073920,-0.0000780213,0.0003472743
558420.7700236620,9.7956385897,0.0022413658,-0.0012918205,0.0388040014,-0.0000563201,0.0003472743
558420.7800236620,9.7950534151,0.0020849490,0.0017633799,0.0380440373,-0.0000780213,0.0003906647
558420.7900236620,9.7956501225,0.0017832296,-0.0000719517,0.0370669407,-0.0000780213,0.0003364267
558420.8000236620,9.7953298356,0.0019353392,-0.0018994616,0.0362201236,-0.0000780213,0.0003472743
558420.8100236621,9.7960937574,0.0022433805,-0.0016006462,0.0352973101,-0.0000454694,0.0003472743
558420.8200236619,9.7947447471,0.0026938756,0.0016136866,0.0342225038,-0.0000454694,0.0003147315
558420.8300236620,9.7953596747,0.0017811458,0.0017607029,0.0335276795,-0.0000888719,0.0003147315
558420.8400236620,9.7954854598,0.0023932675,-0.0012904820,0.0325831528,-0.0000346188,0.0002930363
558420.8500236620,9.7948698513,0.0025435710,-0.0018953763,0.0316603393,-0.0000671707,0.0003255791
558420.8600236620,9.7955073069,0.0014770644,0.0009967458,0.0309872283,-0.0000237682,0.0003255791
558420.8700236620,9.7950534151,0.0020849490,0.0017633799,0.0301621244,-0.0000671707,0.0002930363
558420.8800236620,9.7951858303,0.0019342278,-0.0008306245,0.0292827375,-0.0000454694,0.0002821887
558420.8900236620,9.7954775252,0.0022412266,-0.0023581201,0.0286421963,-0.0000346188,0.0002821887
558420.9000236620,9.7956447682,0.0031559718,-0.0000713239,0.0274153972,-0.0000237682,0.0002496459
558420.9100236620,9.7952076774,0.0010180248,0.0014566033,0.0265468669,-0.0000563201,0.0002821887
558420.9200236620,9.7951834793,0.0028493199,-0.0006776962,0.0253743509,-0.0000454694,0.0002496459
558420.9300236620,9.7950254468,0.0026965149,-0.0014390460,0.0242886880,-0.0000129176,0.0002387983
558420.9400236621,9.7956495562,0.0022407409,0.0000807673,0.0240498421,0.0000087837,0.0002821887
558420.9500236619,9.7955073930,0.0023920176,0.0014546936,0.0234744408,-0.0000237682,0.0002279508
558420.9600236620,9.7953480846,0.0016293132,0.0002355355,0.0225082008,0.0000087837,0.0002171032
558420.9700236620,9.7951778957,0.0017821870,-0.0018982626,0.0216288138,-0.0000454694,0.0002279508
558420.9800236620,9.7950279698,0.0036113292,-0.0006760787,0.0203694448,0.0000304849,0.0002062556
558420.9900236620,9.7953535822,0.0017814929,0.0009981541,0.0193054951,-0.0000129176,0.0002279508
558421.0000236620,9.7956519359,0.0016306332,0.0000804883,0.0186540974,-0.0000129176,0.0002496459
558421.0100236620,9.7960931911,0.0027008918,-0.0014479272,0.0177204272,0.0000196343,0.0001737128
558421.0200236620,9.7957917195,0.0020894642,-0.0012931590,0.0168953234,0.0000087837,0.0001845604
558421.0300236620,9.7951932274,0.0028487644,0.0005423818,0.0161570726,0.0000521862,0.0002062556
558421.0400236620,9.7956526168,0.0023930595,0.0005383664,0.0151365495,0.0000087837,0.0001628652
558421.0500236620,9.7953407449,0.0013247454,-0.0008321723,0.0143874420,-0.0000129176,0.0001737128
558421.0600236621,9.7956410553,0.0025462113,-0.0008341517,0.0135189117,0.0000413356,0.0001737128
558421.0700236619,9.7947350277,0.0029994155,0.0005462578,0.0125635283,0.0000196343,0.0001628652
558421.0800236620,9.7955024042,0.0011723577,0.0002340575,0.0117927076,0.0000304849,0.0001845604
558421.0900236620,9.7957918342,0.0033094018,-0.0006825619,0.0109133206,0.0000413356,0.0001303224
558421.1000236620,9.7957929667,0.0023943791,-0.0009880000,0.0099145107,0.0000521862,0.0000977796
558421.1100236620,9.7953426730,0.0023920867,-0.0000691352,0.0091654033,0.0000413356,0.0001520176
558421.1200236620,9.7954982685,0.0025450306,0.0003871951,0.0082100199,0.0000304849,0.0001303224
558421.1300236620,9.7950362986,0.0014759524,-0.0006770553,0.0072763498,0.0000521862,0.0000977796
558421.1400236620,9.7954908714,0.0016304940,-0.0009858113,0.0065489557,0.0000630368,0.0001411700
558421.1500236620,9.7956429548,0.0033085682,-0.0002237639,0.0054958626,0.0000630368,0.0000652368
558421.1600236620,9.7955042463,0.0013247458,0.0005391468,0.0047250419,0.0000521862,0.0001086272
558421.1700236620,9.7956452198,0.0014785229,-0.0008346400,0.0038999381,0.0000413356,0.0000869320
558421.1800236620,9.7953330109,0.0033075954,-0.0008312654,0.0029554113,0.0000738874,0.0000543893
558421.1900236621,9.7950418536,0.0022381009,0.0003908618,0.0023582967,0.0000738874,0.0000977796
558421.2000236619,9.7954958315,0.0025451694,0.0000821756,0.0014680531,0.0000630368,0.0001194748
558421.2100236620,9.7953426156,0.0017821179,-0.0003744337,0.0003932468,0.0000738874,0.0000435417
558421.2200236620,9.7954994010,0.0016300079,0.0000817570,0.0000132648,0.0000847381,0.0000435417
558421.2300236620,9.7947380023,0.0022367809,0.0005459090,0.0001001178,0.0000738874,0.0000652368
558421.2400236620,9.7948892613,0.0016275068,0.0000868320,0.0000892612,0.0000738874,0.0000326941
558421.2500236620,9.7952009039,0.0002559457,0.0002361765,0.0001869709,0.0000630368,0.0000760844
558421.2600236620,9.7948880142,0.0013225919,-0.0002183270,0.0003172504,0.0000738874,0.0000760844
558421.2700236620,9.7958026860,0.0020888392,0.0000794288,0.0002955372,0.0000955887,0.0000652368
558421.2800236620,9.7962614806,0.0017856612,0.0000754831,0.0002846805,0.0000847381,0.0000760844
558421.2900236620,9.7956489040,0.0017832990,-0.0002244615,0.0002738239,0.0000738874,0.0000435417
558421.3000236620,9.7950399828,0.0017807285,-0.0000668767,0.0002303974,0.0000847381,0.0000218465
558421.3100236621,9.7951937649,0.0020862687,0.0002370135,0.0002303974,0.0000413356,0.0000869320
558421.3200236619,9.7953462998,0.0020868940,0.0002357448,0.0001978275,0.0000955887,0.0000760844
558421.3300236620,9.7947367264,0.0016268815,0.0000881007,0.0002195408,0.0000630368,0.0000326941
558421.3400236620,9.7956530971,0.0010205950,-0.0000723005,0.0002412540,0.0000847381,0.0000760844
558421.3500236620,9.7945727161,0.0026943613,-0.0008252008,0.0001761142,0.0000630368,0.0000760844
558421.3600236620,9.7953474610,0.0014768557,0.0000829560,0.0001978275,0.0000738874,0.0000435417
558421.3700236620,9.7950472079,0.0008653586,0.0003902340,0.0002195408,0.0000847381,0.0000652368
558421.3800236620,9.7956531831,0.0019355482,0.0003856473,0.0001869709,0.0000738874,0.0000652368
558421.3900236620,9.7956447395,0.0028509874,-0.0002239732,0.0002086841,0.0000738874,0.0000760844
558421.4000236620,9.7956549105,0.0008679986,0.0000801395,0.0002195408,0.0000847381,0.0000435417
558421.4100236620,9.7958093162,0.0013259963,0.0005366093,0.0001544010,0.0000738874,0.0000435417
558421.4200236630,9.7962596385,0.0016332732,-0.0002296062,0.0002303974,0.0000847381,0.0000326941
558421.4300236630,9.7950369222,0.0016284099,-0.0005244758,0.0001326877,0.0000738874,0.0000652368
558421.4400236630,9.7953510592,0.0008666786,0.0002351868,0.0001544010,0.0000738874,0.0000760844
558421.4500236630,9.7955030278,0.0013248152,0.0003866370,0.0001544010,0.0000630368,0.0000435417
558421.4600236630,9.7945865712,0.0010161486,0.0000890904,0.0001978275,0.0000847381,0.0000760844
558421.4700236630,9.7954963977,0.0020876581,-0.0000705434,0.0001544010,0.0000738874,0.0000760844
558421.4800236630,9.7962626991,0.0017855918,0.0002279929,0.0001869709,0.0000847381,0.0000435417
558421.4900236630,9.7958051231,0.0020887004,0.0003844484,0.0001218311,0.0000738874,0.0000652368
558421.5000236630,9.7956519359,0.0016306332,0.0000804883,0.0001544010,0.0000738874,0.0000760844
558421.5100236631,9.7956501225,0.0017832296,-0.0000719517,0.0000892612,0.0000955887,0.0000435417
558421.5200236629,9.7958020338,0.0016313974,-0.0002257999,0.0002086841,0.0000630368,0.0000760844
558421.5300236630,9.7953474323,0.0011718713,-0.0000696932,0.0001109745,0.0000630368,0.0000760844
558421.5400236630,9.7953517114,0.0013241205,0.0005404155,0.0001761142,0.0000847381,0.0000652368
558421.5500236630,9.7954999959,0.0014774810,0.0000816873,0.0001109745,0.0000304849,0.0000435417
558421.5600236630,9.7942778459,0.0010151064,-0.0003659014,0.0001001178,0.0000955887,0.0000435417
558421.5700236630,9.7958057180,0.0019361734,0.0003843786,0.0001869709,0.0000630368,0.0000435417
558421.5800236630,9.7954999959,0.0014774810,0.0000816873,0.0001109745,0.0000847381,0.0000760844
558421.5900236630,9.7959551636,0.0014794957,-0.0002271384,0.0001435444,0.0000738874,0.0000869320
558421.6000236630,9.7951961733,0.0017811454,0.0003893838,0.0001761142,0.0000847381,0.0000435417
558421.6100236630,9.7958038472,0.0014788010,-0.0000733599,0.0000892612,0.0000738874,0.0000652368
558421.6200236630,9.7953486508,0.0011718019,0.0000828165,0.0001218311,0.0000738874,0.0000652368
558421.6300236630,9.7953486221,0.0008668175,-0.0000698328,0.0001218311,0.0000738874,0.0000435417
558421.6400236631,9.7951955210,0.0013237035,0.0000841550,0.0000675479,0.0000847381,0.0000652368
558421.6500236630,9.7951943885,0.0022387262,0.0003895931,0.0001218311,0.0000413356,0.0000760844
558421.6600236630,9.7950424198,0.0017805896,0.0002381428,0.0001869709,0.0000738874,0.0000652368
558421.6700236630,9.7953444291,0.0016295215,-0.0002219937,0.0000458347,0.0000847381,0.0000760844
558421.6800236630,9.7954981538,0.0013250930,-0.0002234020,0.0000892612,0.0000738874,0.0000435417
558421.6900236630,9.7959582242,0.0016318143,0.0002304606,0.0001435444,0.0000955887,0.0000435417
558421.7000236630,9.7951943312,0.0016287574,0.0000842945,0.0001001178,0.0000630368,0.0000435417
558421.7100236630,9.7950441759,0.0010180244,0.0000852842,0.0000566913,0.0000847381,0.0000760844
558421.7200236630,9.7956507174,0.0016307026,-0.0000720215,0.0001001178,0.0000847381,0.0000652368
558421.7300236630,9.7950412013,0.0017806590,0.0000856330,0.0001544010,0.0000630368,0.0000652368
558421.7400236630,9.7950417963,0.0016281321,0.0000855633,0.0000241214,0.0000955887,0.0000543893
558421.7500236630,9.7953456476,0.0016294521,-0.0000694840,0.0000458347,0.0000413356,0.0000435417
558421.7600236631,9.7953450240,0.0014769946,-0.0002220635,0.0000675479,0.0000847381,0.0000652368
558421.7700236629,9.7958039046,0.0020887698,0.0002319386,0.0001218311,0.0000738874,0.0000435417
558421.7800236630,9.7953493031,0.0016292438,0.0003880453,0.0001544010,0.0000847381,0.0000869320
558421.7900236630,9.7953444291,0.0016295215,-0.0002219937,0.0000349781,0.0000738874,0.0000543893
558421.8000236630,9.7959551349,0.0011745113,-0.0003797877,0.0001001178,0.0000630368,0.0000760844
558421.8100236630,9.7950394166,0.0022382398,0.0000858423,0.0001001178,0.0000847381,0.0000435417
558421.8200236630,9.7954982111,0.0019350618,0.0000818966,0.0001326877,0.0000738874,0.0000760844
558421.8300236630,9.7958062555,0.0011736777,0.0000790103,0.0000349781,0.0000738874,0.0000543893
558421.8400236630,9.7956506887,0.0013257182,-0.0002246707,0.0000024082,0.0000738874,0.0000435417
558421.8500236630,9.7953438341,0.0017820484,-0.0002219240,0.0001001178,0.0000738874,0.0000652368
558421.8600236630,9.7945854387,0.0019311712,0.0003945285,0.0001109745,0.0000847381,0.0000760844
558421.8700236630,9.7954999672,0.0011724966,-0.0000709620,0.0001435444,0.0000630368,0.0000435417
558421.8800236630,9.7944353121,0.0016254227,0.0005481675,0.0001544010,0.0000847381,0.0000760844
558421.8900236631,9.7956470905,0.0019358954,-0.0003769015,-0.0000084485,0.0000413356,0.0000435417
558421.9000236630,9.7954993723,0.0013250235,-0.0000708922,0.0000132648,0.0000847381,0.0000543893
558421.9100236630,9.7952064876,0.0013230786,0.0014567428,0.0000675479,0.0000738874,0.0000760844
558421.9200236630,9.7956494415,0.0010208033,-0.0005298298,0.0001109745,0.0000738874,0.0000760844
558421.9300236630,9.7951943598,0.0019337418,0.0002369438,0.0001109745,0.0000738874,0.0000326941
558421.9400236630,9.7948801082,0.0014755354,-0.0011333158,0.0001544010,0.0000738874,0.0000435417
558421.9500236630,9.7955012144,0.0014774116,0.0002341970,-0.0000193051,0.0000738874,0.0000543893
558421.9600236630,9.7947433852,0.0011690230,0.0006979305,0.0000241214,0.0000738874,0.0000435417
558421.9700236630,9.7956525308,0.0014781063,0.0000804186,0.0000566913,0.0000630368,0.0000435417
558421.9800236630,9.7954939607,0.0020877970,-0.0003755630,0.0000675479,0.0000955887,0.0000760844
558421.9900236630,9.7953462425,0.0014769252,-0.0000695537,0.0000675479,0.0000630368,0.0000652368
558422.0000236630,9.7950497022,0.0014751886,0.0010005520,0.0000892612,0.0000738874,0.0000652368
558422.0100236631,9.7958080976,0.0013260658,0.0003840996,0.0001109745,0.0000738874,0.0000652368
558422.0200236629,9.7953347384,0.0022400458,-0.0011367733,0.0000458347,0.0000630368,0.0000435417
558422.0300236630,9.7951991478,0.0010185108,0.0003890350,0.0000349781,0.0000738874,0.0000326941
558422.0400236630,9.7955060598,0.0011721494,0.0006915868,0.0000132648,0.0000738874,0.0000760844
558422.0500236630,9.7948898849,0.0017799643,0.0002394115,0.0000566913,0.0000630368,0.0000435417
558422.0600236630,9.7950326718,0.0017811451,-0.0009819353,0.0000892612,0.0000738874,0.0000326941
558422.0700236630,9.7954981538,0.0013250930,-0.0002234020,0.0000349781,0.0000738874,0.0000760844
558422.0800236630,9.7955030852,0.0019347840,0.0006919356,0.0000241214,0.0000738874,0.0000435417
558422.0900236630,9.7955024616,0.0017823265,0.0005393561,0.0000241214,0.0000738874,0.0000218465
558422.1000236630,9.7962505140,0.0017862862,-0.0012971047,0.0000675479,0.0000738874,0.0000869320
558422.1100236630,9.7958027147,0.0023938236,0.0002320781,0.0000675479,0.0000738874,0.0000326941
558422.1200236630,9.7953571804,0.0011713158,0.0011503848,0.0001109745,0.0000738874,0.0000652368
558422.1300236630,9.7951943598,0.0019337418,0.0002369438,0.0001326877,0.0000630368,0.0000869320
558422.1400236631,9.7951822321,0.0025444049,-0.0009828552,-0.0000084485,0.0000738874,0.0000326941
558422.1500236630,9.7955005621,0.0010199697,-0.0000710317,0.0000892612,0.0000738874,0.0000760844
558422.1600236630,9.7953541771,0.0016289660,0.0009980843,0.0000132648,0.0000847381,0.0000543893
558422.1700236630,9.7953462998,0.0020868940,0.0002357448,-0.0000193051,0.0000413356,0.0000435417
558422.1800236630,9.7956494702,0.0013257877,-0.0003771805,0.0000458347,0.0000847381,0.0000760844
558422.1900236630,9.7950375458,0.0017808673,-0.0003718963,0.0001109745,0.0000630368,0.0000869320
558422.2000236630,9.7956567812,0.0013253711,0.0005378781,0.0000241214,0.0000847381,0.0000326941
558422.2100236630,9.7950472652,0.0014753274,0.0006955325,0.0000349781,0.0000738874,0.0000435417
558422.2200236630,9.7954939320,0.0017828126,-0.0005282122,0.0000241214,0.0000847381,0.0000543893
558422.2300236630,9.7961101929,0.0020899509,0.0003819109,0.0000349781,0.0000738874,0.0000435417
558422.2400236630,9.7955078445,0.0007145687,0.0006913775,0.0000132648,0.0000738874,0.0000435417
558422.2500236630,9.7953486795,0.0014767863,0.0002354658,0.0000675479,0.0000738874,0.0000760844
558422.2600236631,9.7951913279,0.0020864076,-0.0000680060,0.0000675479,0.0000738874,0.0000652368
558422.2700236629,9.7955017806,0.0010199003,0.0000814780,0.0000566913,0.0000738874,0.0000435417
558422.2800236630,9.7955048413,0.0011722189,0.0005390770,0.0000892612,0.0000738874,0.0000760844
558422.2900236630,9.7951925464,0.0020863381,0.0000845038,0.0000024082,0.0000738874,0.0000435417
558422.3000236630,9.7955017806,0.0010199003,0.0000814780,0.0000566913,0.0000738874,0.0000652368
558422.3100236630,9.7950357611,0.0022384481,-0.0003716870,0.0000458347,0.0000738874,0.0000543893
558422.3200236630,9.7959600376,0.0014792180,0.0003829006,0.0000349781,0.0000847381,0.0000760844
558422.3300236630,9.7947373500,0.0017793390,0.0002406802,0.0001109745,0.0000738874,0.0000435417
558422.3400236630,9.7953365231,0.0017824651,-0.0011369825,0.0000024082,0.0000738874,0.0000435417
558422.3500236630,9.7957989732,0.0014790788,-0.0006833990,0.0001001178,0.0000847381,0.0000760844
558422.3600236630,9.7955006195,0.0016299385,0.0002342668,-0.0000084485,0.0000738874,0.0000543893
558422.3700236630,9.7956562150,0.0017828824,0.0006905971,-0.0000084485,0.0000738874,0.0000543893
558422.3800236630,9.7953486795,0.0014767863,0.0002354658,0.0000675479,0.0000738874,0.0000652368
558422.3900236631,9.7950345426,0.0022385175,-0.0005241968,0.0000349781,0.0000630368,0.0000543893
558422.4000236630,9.7962663260,0.0014803991,0.0005328729,0.0000349781,0.0000847381,0.0000435417
558422.4100236630,9.7945878757,0.0019310323,0.0006995480,0.0000349781,0.0000413356,0.0000435417
558422.4200236630,9.7953456189,0.0013244677,-0.0002221332,0.0000132648,0.0000955887,0.0000543893
558422.4300236630,9.7956464669,0.0017834379,-0.0005294810,0.0000241214,0.0000413356,0.0000326941
558422.4400236630,9.7958044708,0.0016312585,0.0000792196,0.0000241214,0.0000955887,0.0000543893
558422.4500236630,9.7955030278,0.0013248152,0.0003866370,0.0000458347,0.0000738874,0.0000869320
558422.4600236630,9.7951955497,0.0016286879,0.0002368043,0.0000349781,0.0000738874,0.0000543893
558422.4700236630,9.7954963691,0.0017826737,-0.0002231927,0.0000241214,0.0000738874,0.0000435417
558422.4800236630,9.7950399542,0.0014757441,-0.0002195260,0.0000349781,0.0000738874,0.0000543893
558422.4900236640,9.7955006482,0.0019349229,0.0003869161,0.0000458347,0.0000738874,0.0000543893
558422.5000236640,9.7953498980,0.0014767169,0.0003879755,0.0000349781,0.0000955887,0.0000543893
558422.5100236640,9.7953480846,0.0016293132,0.0002355355,0.0000132648,0.0000630368,0.0000543893
558422.5200236640,9.7956477141,0.0020883528,-0.0002243219,0.0000349781,0.0000847381,0.0000435417
558422.5300236640,9.7953456476,0.0016294521,-0.0000694840,0.0000458347,0.0000738874,0.0000543893
558422.5400236640,9.7954994297,0.0019349923,0.0002344063,0.0000458347,0.0000738874,0.0000760844
558422.5500236640,9.7956482517,0.0013258571,-0.0005296902,0.0000349781,0.0000738874,0.0000326941
558422.5600236640,9.7955024042,0.0011723577,0.0002340575,0.0000132648,0.0000847381,0.0000543893
558422.5700236640,9.7947379163,0.0013218277,0.0000879612,0.0000241214,0.0000738874,0.0000760844
558422.5800236640,9.7961095119,0.0013275246,-0.0000759672,0.0000349781,0.0000738874,0.0000435417
558422.5900236639,9.7954993723,0.0013250235,-0.0000708922,0.0000349781,0.0000630368,0.0000435417
558422.6000236640,9.7953444577,0.0019345059,-0.0000693445,0.0000458347,0.0000738874,0.0000543893
558422.6100236640,9.7950424198,0.0017805896,0.0002381428,0.0000566913,0.0000738874,0.0000435417
558422.6200236640,9.7958050657,0.0014787316,0.0000791498,0.0000132648,0.0000847381,0.0000326941
558422.6300236640,9.7951930840,0.0013238424,-0.0002208645,0.0000349781,0.0000738874,0.0000760844
558422.6400236640,9.7951907330,0.0022389345,-0.0000679362,0.0000458347,0.0000847381,0.0000435417
558422.6500236640,9.7959612561,0.0014791485,0.0005354103,0.0001001178,0.0000738874,0.0000652368
558422.6600236640,9.7958032236,0.0013263435,-0.0002259395,0.0000892612,0.0000738874,0.0000869320
558422.6700236640,9.7951889196,0.0023915308,-0.0002203762,0.0001001178,0.0000738874,0.0000326941
558422.6800236640,9.7962602621,0.0017857307,-0.0000770266,-0.0000084485,0.0000738874,0.0000543893
558422.6900236640,9.7950435810,0.0011705513,0.0000853540,0.0000892612,0.0000630368,0.0000652368
558422.7000236640,9.7948892900,0.0019324912,0.0002394813,-0.0000518750,0.0000738874,0.0000435417
558422.7100236641,9.7948838211,0.0020852959,-0.0003704880,0.0001109745,0.0000738874,0.0000435417
558422.7200236639,9.7959557872,0.0016319532,-0.0000745589,0.0000024082,0.0000955887,0.0000977796
558422.7300236640,9.7950466416,0.0013228700,0.0005429530,0.0000458347,0.0000738874,0.0000435417
558422.7400236640,9.7955030278,0.0013248152,0.0003866370,0.0000241214,0.0000847381,0.0000326941
558422.7500236640,9.7947336372,0.0011695785,-0.0005221476,0.0000241214,0.0000630368,0.0000760844
558422.7600236640,9.7954927996,0.0026978352,-0.0002227742,0.0000132648,0.0000738874,0.0000435417
558422.7700236640,9.7953486508,0.0011718019,0.0000828165,-0.0000084485,0.0000738874,0.0000435417
558422.7800236640,9.7953486508,0.0011718019,0.0000828165,0.0001109745,0.0000738874,0.0000760844
558422.7900236640,9.7954958602,0.0028501538,0.0002348249,-0.0000193051,0.0000738874,0.0000543893
558422.8000236640,9.7951973631,0.0014760916,0.0003892443,0.0000566913,0.0000630368,0.0000435417
558422.8100236640,9.7948910748,0.0014749105,0.0002392720,0.0000241214,0.0000738874,0.0000760844
558422.8200236640,9.7954951792,0.0020877276,-0.0002230532,0.0000566913,0.0000847381,0.0000652368
558422.8300236640,9.7951967395,0.0013236341,0.0002366648,-0.0000518750,0.0000738874,0.0000326941
558422.8400236639,9.7950436097,0.0014755357,0.0002380033,0.0001326877,0.0000738874,0.0000869320
558422.8500236640,9.7950393879,0.0019332554,-0.0000668070,-0.0000301617,0.0000738874,0.0000543893
558422.8600236640,9.7958050084,0.0008687628,-0.0002261487,0.0000458347,0.0000847381,0.0000435417
558422.8700236640,9.7945817545,0.0016263951,-0.0002156500,0.0001001178,0.0000738874,0.0000652368
558422.8800236640,9.7950394166,0.0022382398,0.0000858423,-0.0000410183,0.0000738874,0.0000543893
558422.8900236640,9.7953510878,0.0011716630,0.0003878360,0.0001001178,0.0000738874,0.0000652368
558422.9000236640,9.7958069078,0.0016311196,0.0003842391,-0.0000193051,0.0000955887,0.0000760844
558422.9100236640,9.7954951792,0.0020877276,-0.0002230532,0.0000024082,0.0000630368,0.0000543893
558422.9200236640,9.7954982398,0.0022400462,0.0002345458,0.0001001178,0.0000738874,0.0000326941
558422.9300236640,9.7956543729,0.0016304943,0.0003855078,-0.0000193051,0.0000630368,0.0000543893
558422.9400236640,9.7958026000,0.0011738860,-0.0003785190,0.0001218311,0.0000738874,0.0000652368
558422.9500236640,9.7967167057,0.0023976447,0.0000719559,-0.0000193051,0.0000738874,0.0000435417
558422.9600236641,9.7961034481,0.0016328562,-0.0006858667,0.0000132648,0.0000738874,0.0000543893
558422.9700236639,9.7948954112,0.0022371284,0.0011546793,0.0000458347,0.0000738874,0.0000869320
558422.9800236640,9.7957959126,0.0013267602,-0.0011409980,0.0000024082,0.0000630368,0.0000543893
558422.9900236640,9.7953528439,0.0004090979,0.0002349775,0.0000892612,0.0000738874,0.0000652368
