t(s),acc_x,acc_y,acc_z,gyro_x,gyro_y,gyro_z
558329.0000235760,9.7953659608,-0.0026415099,0.0003860921,0.0000349781,0.0000738874,-0.0001191722
558329.0100235760,9.7956544589,0.0025454475,0.0008434556,0.0000349781,0.0000738874,0.0004340550
558329.0200235760,9.7957912966,0.0040718975,-0.0003771936,0.0000349781,0.0000738874,-0.0004120573
558329.0300235760,9.7949022348,-0.0029480229,-0.0005252997,0.0000349781,0.0000955887,0.0005642262
558329.0400235760,9.7957813264,0.0081897770,0.0003872386,0.0000024082,0.0000955887,-0.0004229049
558329.0500235760,9.7950716281,-0.0050832606,0.0005400233,0.0000349781,0.0000413356,0.0005099882
558329.0600235760,9.7957788894,0.0081899159,0.0000822191,0.0000241214,0.0000738874,-0.0002601910
558329.0700235760,9.7947604084,-0.0056941327,-0.0005252866,0.0000241214,0.0000738874,0.0002496459
558329.0800235770,9.7959363557,0.0088002322,0.0009962879,0.0000349781,0.0000738874,0.0000326941
558329.0900235770,9.7946039671,-0.0018822100,0.0008503139,0.0000458347,0.0000738874,-0.0000757819
558329.1000235770,9.7953377703,0.0020873800,-0.0008318235,0.0000349781,0.0000413356,0.0004123598
558329.1100235770,9.7956350775,0.0037664961,-0.0009861034,-0.0000084485,0.0000955887,-0.0003903621
558329.1200235770,9.7946015588,-0.0015770867,0.0006979436,0.0000458347,0.0000738874,0.0005533786
558329.1300235770,9.7963890003,0.0078874326,-0.0000755051,0.0000132648,0.0000738874,-0.0004229049
558329.1400235770,9.7939977339,-0.0056972591,-0.0005189429,0.0000349781,0.0000738874,0.0005099882
558329.1500235770,9.7965331491,0.0094134660,-0.0003810958,0.0000458347,0.0000738874,-0.0002276482
558329.1600235770,9.7941533581,-0.0052393308,0.0000900366,0.0000458347,0.0000738874,0.0001303224
558329.1700235771,9.7956389624,0.0062061630,0.0006926200,0.0000349781,0.0000738874,0.0002171032
558329.1800235769,9.7953497833,0.0002567793,-0.0002226215,0.0000241214,0.0000738874,-0.0002818861
558329.1900235770,9.7948897702,0.0005600267,-0.0003711856,0.0000241214,0.0000847381,0.0005316834
558329.2000235770,9.7959396671,0.0051402112,-0.0003779740,0.0000241214,0.0000738874,-0.0004337525
558329.2100235770,9.7947617416,-0.0044742646,0.0002378202,0.0000458347,0.0000738874,0.0005316834
558329.2200235770,9.7971481054,0.0088057205,-0.0000814303,0.0000349781,0.0000738874,-0.0003252765
558329.2300235770,9.7939911324,-0.0046294318,-0.0008234741,0.0000349781,0.0000738874,0.0003689695
558329.2400235770,9.7962358992,0.0083443187,0.0000784826,0.0000132648,0.0000738874,-0.0001083246
558329.2500235770,9.7947696189,-0.0049321925,0.0010001598,0.0000349781,0.0000738874,0.0000977796
558329.2600235770,9.7953236070,0.0069679636,-0.0002195523,0.0000241214,0.0000738874,0.0001737128
558329.2700235770,9.7955047266,-0.0000477187,-0.0000715200,0.0000241214,0.0000847381,-0.0001625626
558329.2800235770,9.7953583129,0.0002562932,0.0008449468,0.0000349781,0.0000738874,0.0004123598
558329.2900235771,9.7956374859,0.0034613728,-0.0008337332,0.0000349781,0.0000738874,-0.0003361241
558329.3000235769,9.7948987800,-0.0008129239,0.0000857159,0.0000349781,0.0000521862,0.0005099882
558329.3100235770,9.7957969089,0.0054440148,0.0009960220,0.0000241214,0.0001064393,-0.0003903621
558329.3200235770,9.7941546626,-0.0043244471,0.0007004942,0.0000241214,0.0000304849,0.0005099882
558329.3300235770,9.7962377126,0.0081917223,0.0002309226,0.0000241214,0.0000955887,-0.0003144289
558329.3400235770,9.7939916987,-0.0050869431,-0.0009761932,0.0000566913,0.0000738874,0.0003255791
558329.3500235770,9.7957843870,0.0083420956,0.0008448376,0.0000349781,0.0000955887,-0.0000649343
558329.3600235770,9.7946183312,-0.0046279028,0.0013065875,0.0000675479,0.0000413356,0.0000326941
558329.3700235770,9.7959377963,0.0046828387,-0.0008357126,0.0000241214,0.0000630368,0.0002604935
558329.3800235770,9.7948836777,0.0005603739,-0.0011337344,-0.0000084485,0.0000955887,-0.0002818861
558329.3900235770,9.7950543755,-0.0006599800,0.0005420462,0.0000458347,0.0000738874,0.0005099882
558329.4000235770,9.7956443740,0.0054433895,0.0009972908,0.0000349781,0.0000955887,-0.0004120573
558329.4100235770,9.7946032289,-0.0032546051,0.0000871373,0.0000349781,0.0000304849,0.0005208358
558329.4200235771,9.7959264069,0.0066658970,-0.0012923350,0.0000458347,0.0000847381,-0.0003144289
558329.4300235769,9.7939935121,-0.0052395395,-0.0008237532,0.0000458347,0.0000738874,0.0003472743
558329.4400235770,9.7957832545,0.0092571183,0.0011502757,0.0000024082,0.0000738874,-0.0001408674
558329.4500235770,9.7950699007,-0.0040157110,0.0008455311,0.0000458347,0.0000847381,0.0001737128
558329.4600235770,9.7950105165,0.0058997190,-0.0017426007,0.0000132648,0.0000630368,0.0000435417
558329.4700235770,9.7952049823,-0.0017266959,-0.0002222596,0.0000241214,0.0000955887,-0.0000866295
558329.4800235770,9.7951982448,0.0043734086,0.0019156672,0.0000566913,0.0000521862,0.0003581219
558329.4900235770,9.7951920375,0.0031538182,0.0005425214,0.0000241214,0.0000738874,-0.0003686669
558329.5000235770,9.7950493008,-0.0027945930,-0.0011365377,0.0000458347,0.0000521862,0.0005642262
558329.5100235770,9.7957799359,0.0063599401,-0.0006811668,0.0000132648,0.0000955887,-0.0004229049
558329.5200235770,9.7944634739,-0.0034084517,0.0016134338,0.0000241214,0.0000521862,0.0004774454
558329.5300235770,9.7967074451,0.0075829350,0.0014469155,0.0000241214,0.0000738874,-0.0002818861
558329.5400235771,9.7944491887,-0.0063050049,-0.0015905965,0.0000566913,0.0000738874,0.0002604935
558329.5500235769,9.7960772718,0.0083440406,-0.0006827974,0.0000241214,0.0000955887,0.0000001513
558329.5600235770,9.7956783990,-0.0020307072,0.0016039117,0.0000675479,0.0000738874,-0.0000323915
558329.5700235770,9.7951993199,0.0028484172,0.0013049306,0.0000349781,0.0000738874,0.0003581219
558329.5800235770,9.7953401213,0.0011722880,-0.0009847518,0.0000024082,0.0000738874,-0.0004012097
558329.5900235770,9.7953532381,-0.0018783198,-0.0008336372,0.0000241214,0.0000738874,0.0005859213
558329.6000235770,9.7959459604,0.0072747548,0.0014531196,0.0000349781,0.0000738874,-0.0004662952
558329.6100235770,9.7946194637,-0.0055429255,0.0010011495,0.0000349781,0.0000521862,0.0005099882
558329.6200235770,9.7968375093,0.0083473058,-0.0009941606,0.0000458347,0.0000738874,-0.0002168006
558329.6300235770,9.7942894861,-0.0047802915,-0.0017411399,0.0000458347,0.0000738874,0.0001845604
558329.6400235770,9.7965591032,0.0068196057,0.0016003452,0.0000132648,0.0000738874,0.0000869320
558329.6500235770,9.7955240506,-0.0018787361,0.0014527405,0.0000349781,0.0000738874,-0.0001083246
558329.6600235770,9.7960919726,0.0027009613,-0.0016004369,0.0000241214,0.0000413356,0.0002930363
558329.6700235771,9.7950223862,0.0025441963,-0.0018966451,0.0000132648,0.0000955887,-0.0002384958
558329.6800235769,9.7947524237,0.0001010569,0.0013074812,0.0000566913,0.0000738874,0.0004340550
558329.6900235770,9.7958070512,0.0031560416,0.0011474854,0.0000349781,0.0000738874,-0.0003035813
558329.7000235770,9.7952043874,-0.0015741690,-0.0002221899,0.0000241214,0.0000413356,0.0004449026
558329.7100235770,9.7960903599,0.0049884484,-0.0006843321,0.0000349781,0.0000738874,-0.0003252765
558329.7200235770,9.7945905062,-0.0024914150,-0.0011325920,0.0000241214,0.0000738874,0.0004665978
558329.7300235770,9.7965677762,0.0083440416,0.0034311598,0.0000241214,0.0000847381,-0.0003035813
558329.7400235770,9.7941587696,-0.0060021043,0.0003947074,0.0000458347,0.0000304849,0.0003472743
558329.7500235770,9.7960639255,0.0089547732,-0.0020551062,0.0000349781,0.0000847381,-0.0001517150
558329.7600235770,9.7952053765,-0.0040141136,-0.0012908743,0.0000458347,0.0000630368,0.0001737128
558329.7700235770,9.7951922669,0.0055936934,0.0017637155,0.0000349781,0.0000847381,0.0000977796
558329.7800235770,9.7955198862,-0.0008110477,0.0014532288,0.0000132648,0.0000738874,-0.0001300198
558329.7900235771,9.7953298930,0.0025453080,-0.0015941630,0.0000458347,0.0000738874,0.0004232074
558329.8000235769,9.7957851754,0.0037672603,-0.0012923917,0.0000241214,0.0000847381,-0.0004229049
558329.8100235770,9.7947697336,-0.0037122549,0.0016107568,0.0000458347,0.0000521862,0.0006184641
558329.8200235770,9.7967003061,0.0094132580,0.0014477525,0.0000241214,0.0000847381,-0.0004771428
558329.8300235770,9.7942912709,-0.0052378723,-0.0017413492,0.0000675479,0.0000413356,0.0004557502
558329.8400235770,9.7965336580,0.0083459858,-0.0008391134,0.0000132648,0.0000738874,-0.0000866295
558329.8500235770,9.7944682046,-0.0049336514,0.0014602265,0.0000132648,0.0000847381,0.0000109989
558329.8600235770,9.7951909911,0.0049837940,0.0013059072,0.0000132648,0.0000413356,0.0002713411
558329.8700235770,9.7957923144,0.0019369373,-0.0012932287,0.0000241214,0.0001064393,-0.0002927337
558329.8800235770,9.7955016373,-0.0005050217,-0.0006817683,0.0000566913,0.0000521862,0.0004991406
558329.8900235770,9.7959542892,0.0051393779,0.0014521430,0.0000349781,0.0001064393,-0.0003903621
558329.9000235770,9.7946074793,-0.0034073403,0.0005445968,0.0000241214,0.0000304849,0.0005316834
558329.9100235770,9.7966813762,0.0089568577,-0.0011451226,0.0000241214,0.0000847381,-0.0003361241
558329.9200235771,9.7942973634,-0.0052382195,-0.0009788004,0.0000132648,0.0000955887,0.0003906647
558329.9300235769,9.7956416002,0.0083409149,0.0020661844,0.0000024082,0.0000847381,-0.0001408674
558329.9400235770,9.7944615458,-0.0044757929,0.0008503967,0.0000566913,0.0000738874,0.0000652368
558329.9500235770,9.7960831922,0.0065137870,-0.0008361443,0.0000458347,0.0000738874,0.0002387983
558329.9600235770,9.7953431245,0.0007146378,-0.0008324513,0.0000132648,0.0000738874,-0.0002493434
558329.9700235770,9.7953581695,-0.0012686288,0.0000817004,0.0000241214,0.0000955887,0.0004991406
558329.9800235770,9.7957956904,0.0054440842,0.0008435123,0.0000024082,0.0000738874,-0.0004337525
558329.9900235770,9.7941505268,-0.0029517743,0.0008536318,0.0000132648,0.0000413356,0.0005208358
558330.0000235770,9.7962334048,0.0077344888,-0.0005318354,0.0000458347,0.0000847381,-0.0003686669
558330.0100235770,9.7944498983,-0.0052375942,-0.0009800691,0.0000566913,0.0000738874,0.0004123598
558330.0200235770,9.7965397792,0.0086506231,0.0000760847,0.0000241214,0.0000738874,-0.0001734102
558330.0300235770,9.7947647735,-0.0046269304,0.0005427700,0.0000349781,0.0000738874,0.0001954080
558330.0400235771,9.7959337179,0.0066654803,-0.0003772765,0.0000132648,0.0000738874,0.0000218465
558330.0500235769,9.7955105324,-0.0030979099,-0.0008354639,-0.0001061581,0.0000738874,-0.0000649343
558330.0600235770,9.7953378850,0.0033073176,-0.0002212264,-0.0006381330,0.0000630368,0.0002713411
558330.0700235770,9.7951853787,0.0036116767,-0.0000673084,-0.0022340575,0.0000955887,-0.0002384958
558330.0800235770,9.7955029705,0.0007148464,0.0000813385,-0.0040145447,0.0000738874,0.0004015123
558330.0900235770,9.7954770450,0.0036136911,-0.0017474532,-0.0054259065,0.0001172899,-0.0003795145
558330.1000235770,9.7950386496,0.0005608603,-0.0008299836,-0.0066092791,0.0000847381,0.0004015123
558330.1100235770,9.7973102163,0.0069758839,0.0002214834,-0.0075320926,0.0001281405,-0.0003903621
558330.1200235770,9.7956715681,-0.0034027551,0.0000781863,-0.0081400638,0.0000847381,0.0004123598
558330.1300235770,9.7965408830,0.0074306160,-0.0003820027,-0.0091823002,0.0001064393,-0.0004012097
558330.1400235770,9.7938355369,-0.0047823757,-0.0012798044,-0.0097359883,0.0000847381,0.0002713411
558330.1500235780,9.7950109466,0.0104744850,0.0005471384,-0.0105176656,0.0001281405,-0.0002059530
558330.1600235780,9.7944561342,-0.0037130194,0.0005457260,-0.0113861960,0.0000955887,0.0000869320
558330.1700235780,9.7959348791,0.0060554421,-0.0005300653,-0.0121027335,0.0001498418,-0.0000215439
558330.1800235780,9.7947323326,0.0002546948,-0.0011326051,-0.0132318230,0.0001389912,-0.0002493434
558330.1900235780,9.7952022945,0.0020857826,0.0013045819,-0.0142306329,0.0001172899,0.0003038839
558330.2000235780,9.7956380808,0.0033088459,-0.0008338029,-0.0149797403,0.0001389912,-0.0004879904
558330.2100235780,9.7950500677,-0.0011172135,-0.0002207119,-0.0160111201,0.0001172899,0.0004123598
558330.2200235780,9.7960796801,0.0080389173,-0.0005304272,-0.0168470805,0.0001389912,-0.0005530760
558330.2300235780,9.7946038525,-0.0031021476,0.0002397168,-0.0175853313,0.0001281405,0.0003581219
558330.2400235781,9.7963830225,0.0091077174,-0.0002274568,-0.0187687039,0.0001389912,-0.0004012097
558330.2500235779,9.7946024046,-0.0055419533,-0.0011339871,-0.0194418150,0.0001389912,0.0000543893
558330.2600235780,9.7957710121,0.0086478439,-0.0006801204,-0.0203537718,0.0001389912,-0.0000540867
558330.2700235780,9.7952031976,-0.0012691152,-0.0002220504,-0.0214068649,0.0002149455,-0.0002927337
558330.2800235780,9.7951991478,0.0010185108,0.0003890350,-0.0219496963,0.0001281405,0.0002821887
558330.2900235780,9.7950227016,0.0058990247,-0.0002175031,-0.0229810761,0.0001715430,-0.0006290091
558330.3000235780,9.7948943002,-0.0031000638,-0.0015929378,-0.0239581728,0.0001498418,0.0004232074
558330.3100235780,9.7953189910,0.0097131009,0.0005442521,-0.0245335741,0.0001932443,-0.0005639236
558330.3200235780,9.7952248726,-0.0040152246,0.0011492818,-0.0256843768,0.0001823937,0.0001737128
558330.3300235780,9.7966861355,0.0077366423,-0.0011456807,-0.0265311939,0.0001823937,-0.0003795145
558330.3400235780,9.7945867934,-0.0031011755,-0.0018954198,-0.0272260182,0.0001823937,-0.0000215439
558330.3500235780,9.7959356461,0.0077328216,0.0003857606,-0.0285939535,0.0001715430,-0.0001083246
558330.3600235780,9.7950627617,-0.0021853880,0.0008463681,-0.0291367849,0.0001823937,-0.0003035813
558330.3700235781,9.7948790904,0.0036104956,-0.0002172807,-0.0297664694,0.0001715430,0.0000869320
558330.3800235779,9.7957778930,0.0040726613,-0.0020548009,-0.0308195625,0.0002149455,-0.0005747712
558330.3900235780,9.7951996567,-0.0000489693,-0.0000689826,-0.0314492470,0.0002149455,0.0002821887
558330.4000235780,9.7967018614,0.0065158021,0.0002263491,-0.0325457666,0.0002149455,-0.0006723995
558330.4100235780,9.7936831741,-0.0029530946,-0.0003626401,-0.0334685800,0.0001606924,0.0002821887
558330.4200235780,9.7965233723,0.0091090371,-0.0017538232,-0.0340548380,0.0002583480,-0.0005639236
558330.4300235780,9.7949082413,-0.0038633233,-0.0002206988,-0.0352599239,0.0002257962,0.0000001513
558330.4400235780,9.7947208931,0.0081849835,0.0013111783,-0.0362587338,0.0001606924,-0.0002168006
558330.4500235780,9.7942933424,-0.0026456091,-0.0002150658,-0.0369535581,0.0002583480,-0.0004446000
558330.4600235780,9.7947160978,0.0025430152,-0.0020466173,-0.0379632246,0.0001932443,0.0001303224
558330.4700235780,9.7959366352,0.0052928770,-0.0006829238,-0.0385603392,0.0002691987,-0.0007157899
558330.4800235780,9.7946034009,-0.0014246987,0.0010030329,-0.0393745864,0.0002149455,0.0002713411
558330.4900235781,9.7957818640,0.0074272813,0.0000818703,-0.0405362457,0.0002366468,-0.0007483327
558330.5000235779,9.7945945559,-0.0047790410,-0.0017436774,-0.0412419266,0.0002149455,0.0001194748
558330.5100235780,9.7959163793,0.0101738077,-0.0008332014,-0.0421321702,0.0002800493,-0.0005422284
558330.5200235780,9.7946032002,-0.0035595895,-0.0000655120,-0.0431744067,0.0002474974,-0.0001083246
558330.5300235780,9.7960990042,0.0062078999,0.0009938333,-0.0436955249,0.0002257962,-0.0003252765
558330.5400235780,9.7948980417,-0.0021853189,-0.0006774607,-0.0447269047,0.0002474974,-0.0003469717
558330.5500235780,9.7960806405,0.0052939883,-0.0017517608,-0.0456714314,0.0002691987,-0.0000866295
558330.5600235780,9.7950377179,0.0036107737,0.0005439994,-0.0462794026,0.0002691987,-0.0006398567
558330.5700235780,9.7955156931,-0.0000483437,0.0013010678,-0.0474302054,0.0002474974,0.0001520176
558330.5800235780,9.7954825713,0.0040708552,-0.0008321854,-0.0483095923,0.0002583480,-0.0007591803
558330.5900235780,9.7936625455,-0.0020369610,-0.0024973581,-0.0486895744,0.0002583480,0.0001086272
558330.6000235780,9.7963859971,0.0083450828,-0.0002278056,-0.0500466530,0.0003234518,-0.0007591803
558330.6100235780,9.7937019319,-0.0043266007,0.0013143395,-0.0507957604,0.0002583480,0.0000652368
558330.6200235781,9.7956233512,0.0086469408,-0.0000688127,-0.0517185739,0.0002691987,-0.0006073140
558330.6300235779,9.7952077562,-0.0046242213,-0.0012911533,-0.0526196742,0.0003017505,-0.0002059530
558330.6400235780,9.7956209716,0.0092570485,-0.0000685336,-0.0531842189,0.0002800493,-0.0003578193
558330.6500235780,9.7952146730,-0.0023372202,0.0006925199,-0.0541613155,0.0002908999,-0.0004988380
558330.6600235780,9.7957935616,0.0022418522,-0.0009880697,-0.0553446881,0.0002691987,-0.0001083246
558330.6700235780,9.7948808465,0.0028479305,-0.0003701392,-0.0559526594,0.0003234518,-0.0007049423
558330.6800235780,9.7956500364,0.0008682764,-0.0005298995,-0.0569731825,0.0002908999,0.0000326941
558330.6900235780,9.7968598079,0.0057536539,0.0005297511,-0.0578742828,0.0003234518,-0.0008242658
558330.7000235780,9.7953471169,-0.0021829570,-0.0017488352,-0.0586885300,0.0003017505,0.0000109989
558330.7100235780,9.7968538588,0.0072789230,0.0005304487,-0.0596113435,0.0003343024,-0.0007483327
558330.7200235780,9.7950560456,-0.0023374983,-0.0000687602,-0.0602627412,0.0003126011,-0.0001517150
558330.7300235780,9.7959272025,0.0086482608,-0.0002238599,-0.0610552752,0.0003126011,-0.0005856188
558330.7400235781,9.7950559022,-0.0038624203,-0.0008320065,-0.0622386478,0.0003126011,-0.0003252765
558330.7500235779,9.7950202359,0.0055941791,-0.0006751719,-0.0629768986,0.0003126011,-0.0004229049
558330.7600235780,9.7944395339,0.0011677030,0.0008529777,-0.0638997120,0.0003343024,-0.0005639236
558330.7700235780,9.7951937362,0.0017812843,0.0000843643,-0.0647465291,0.0003126011,-0.0001842578
558330.7800235780,9.7951845544,0.0013243285,-0.0012884328,-0.0653870703,0.0003343024,-0.0007917230
558330.7900235780,9.7950471792,0.0005603742,0.0002375847,-0.0665378730,0.0003234518,-0.0000323915
558330.8000235780,9.7957859997,0.0060546085,-0.0000712673,-0.0674389732,0.0003885555,-0.0009652845
558330.8100235780,9.7950566118,-0.0027950096,-0.0002214792,-0.0680686577,0.0003234518,0.0000218465
558330.8200235780,9.7965311636,0.0077361559,-0.0014494314,-0.0690891809,0.0003777049,-0.0008568086
558330.8300235780,9.7949075604,-0.0046257496,-0.0006785768,-0.0698817148,0.0003451530,-0.0001734102
558330.8400235780,9.7962353903,0.0094117988,0.0005365002,-0.0706742487,0.0003560036,-0.0006723995
558330.8500235780,9.7953664696,-0.0037089900,-0.0000719254,-0.0718467647,0.0003994061,-0.0005205332
558330.8600235780,9.7953239438,0.0040705771,-0.0015934655,-0.0724873058,0.0003017505,-0.0002710386
558330.8700235781,9.7944189627,0.0026938055,-0.0009764418,-0.0733884061,0.0004211074,-0.0009218942
558330.8800235779,9.7945998314,-0.0005095372,0.0010034514,-0.0744414991,0.0003343024,0.0000001513
558330.8900235780,9.7962455039,0.0068188412,0.0005353143,-0.0749517607,0.0004102568,-0.0010520653
558330.9000235780,9.7942967685,-0.0050856926,-0.0009787306,-0.0759397140,0.0003451530,-0.0000540867
558330.9100235780,9.7951487447,0.0092560059,-0.0018948445,-0.0769928070,0.0003885555,-0.0008893514
558330.9200235780,9.7946080742,-0.0035598672,0.0005445270,-0.0776659180,0.0003885555,-0.0003252765
558330.9300235780,9.7971565202,0.0075852969,0.0003755409,-0.0788818605,0.0004211074,-0.0006181615
558330.9400235780,9.7950579164,-0.0018801259,0.0003889784,-0.0795658282,0.0003777049,-0.0006398567
558330.9500235780,9.7948717507,0.0033059279,-0.0012849885,-0.0801195163,0.0003777049,-0.0002710386
558330.9600235780,9.7959371441,0.0042253969,-0.0011409414,-0.0812051792,0.0004536593,-0.0009327418
558330.9700235780,9.7946030067,0.0008627190,0.0020716475,-0.0820085698,0.0003777049,-0.0001300198
558330.9800235780,9.7968530058,0.0046865904,-0.0008433250,-0.0828553869,0.0004319580,-0.0010520653
558330.9900235781,9.7948926301,-0.0014225455,-0.0009821314,-0.0840604727,0.0004102568,-0.0001517150
558331.0000235779,9.7954701354,0.0078838893,-0.0005254220,-0.0847444404,0.0004211074,-0.0009869797
558331.0100235780,9.7933828349,-0.0044795449,-0.0005133099,-0.0857866768,0.0004211074,-0.0002818861
558331.0200235780,9.7950102657,0.0097120587,0.0000892603,-0.0866009240,0.0003994061,-0.0007700279
558331.0300235780,9.7959832967,-0.0038593630,0.0006854786,-0.0871980386,0.0004428086,-0.0006398567
558331.0400235780,9.7956177963,0.0078847923,-0.0011367297,-0.0883488413,0.0004102568,-0.0004554476
558331.0500235780,9.7951887762,0.0008666089,-0.0009836226,-0.0893476512,0.0004645099,-0.0009110466
558331.0600235780,9.7953516541,0.0007141517,0.0002351170,-0.0899881923,0.0003994061,-0.0002818861
558331.0700235780,9.7947235523,0.0040675205,-0.0003683124,-0.0909761456,0.0004428086,-0.0010520653
558331.0800235780,9.7944381720,-0.0003571495,-0.0000627784,-0.0916275433,0.0004319580,-0.0001951054
558331.0900235780,9.7954766795,0.0062060932,-0.0005261893,-0.0923657941,0.0004536593,-0.0010954557
558331.1000235780,9.7944391325,-0.0031020785,-0.0012841121,-0.0935925933,0.0004536593,-0.0002601910
558331.1100235780,9.7966978404,0.0091084125,0.0009900838,-0.0942874175,0.0004862111,-0.0009761321
558331.1200235781,9.7955232837,-0.0035561156,0.0005369146,-0.0950690948,0.0004319580,-0.0005639236
558331.1300235779,9.7957763950,0.0075800860,-0.0005280990,-0.0962090409,0.0004862111,-0.0006181615
558331.1400235780,9.7958078683,-0.0011138094,-0.0008370946,-0.0968387254,0.0004319580,-0.0008676562
558331.1500235780,9.7957948088,0.0025467672,-0.0006829107,-0.0977506823,0.0004862111,-0.0004012097
558331.1600235780,9.7954875313,0.0049855307,0.0002358014,-0.0987494922,0.0004753605,-0.0011063033
558331.1700235780,9.7944472965,-0.0005101625,0.0010047202,-0.0993683201,0.0004536593,-0.0002493434
558331.1800235780,9.7962351036,0.0063619548,-0.0009899925,-0.1005408360,0.0004970617,-0.0012039316
558331.1900235780,9.7941351665,-0.0043233361,-0.0017396619,-0.1013442266,0.0004645099,-0.0002927337
558331.2000235780,9.7959291880,0.0103255708,0.0008444757,-0.1018653448,0.0004862111,-0.0010846081
558331.2100235780,9.7941480611,-0.0032566198,0.0003959630,-0.1031681403,0.0004536593,-0.0004988380
558331.2200235780,9.7959288439,0.0066657581,-0.0009873155,-0.1038846779,0.0005079124,-0.0008568086
558331.2300235790,9.7956540862,-0.0014193496,-0.0011409849,-0.1047966347,0.0004862111,-0.0007483327
558331.2400235790,9.7941062449,0.0055903580,-0.0005150497,-0.1059582941,0.0004645099,-0.0006398567
558331.2500235790,9.7953516541,0.0007141517,0.0002351170,-0.1064685556,0.0005296136,-0.0010412177
558331.2600235790,9.7958099111,0.0011734694,0.0005365396,-0.1074130824,0.0004645099,-0.0003903621
558331.2700235790,9.7965521864,0.0045326046,-0.0003833280,-0.1084553188,0.0005621655,-0.0012473220
558331.2800235790,9.7941329875,-0.0015783376,-0.0006708380,-0.1090524334,0.0004536593,-0.0002818861
558331.2900235790,9.7965299451,0.0077362254,-0.0016019412,-0.1099101071,0.0005621655,-0.0012581696
558331.3000235790,9.7942976501,-0.0021883755,0.0005476923,-0.1108437773,0.0004753605,-0.0003903621
558331.3100235790,9.7966935899,0.0092611477,0.0005326242,-0.1115386015,0.0005404642,-0.0010954557
558331.3200235791,9.7953700391,-0.0046241515,-0.0000723440,-0.1129173935,0.0005296136,-0.0007049423
558331.3300235790,9.7957666756,0.0078856259,-0.0015955278,-0.1135579346,0.0005296136,-0.0007591803
558331.3400235790,9.7956572901,0.0002578910,0.0000798605,-0.1142310456,0.0005513149,-0.0010520653
558331.3500235790,9.7959588191,0.0014792874,0.0002303908,-0.1153275652,0.0005187630,-0.0004771428
558331.3600235790,9.7959285858,0.0039208985,-0.0023611590,-0.1160441027,0.0005730161,-0.0012581696
558331.3700235790,9.7950502111,0.0004077084,0.0005425345,-0.1169777728,0.0005187630,-0.0003903621
558331.3800235790,9.7959399252,0.0078850707,0.0009958694,-0.1178680164,0.0005621655,-0.0013449503
558331.3900235790,9.7935311480,-0.0040212000,-0.0008193889,-0.1185519841,0.0005404642,-0.0004229049
558331.4000235790,9.7968314454,0.0086526374,-0.0016040601,-0.1196376470,0.0005730161,-0.0012256268
558331.4100235790,9.7942969119,-0.0035607706,-0.0002154843,-0.1205713171,0.0005621655,-0.0006507043
558331.4200235790,9.7957892610,0.0083418179,0.0014548767,-0.1212552848,0.0005296136,-0.0009435894
558331.4300235790,9.7952056059,-0.0015742384,-0.0000696801,-0.1223518043,0.0005621655,-0.0010086749
558331.4400235791,9.7963934156,0.0030074045,-0.0019078544,-0.1232420479,0.0005730161,-0.0006181615
558331.4500235789,9.7954904772,0.0039179117,0.0000828034,-0.1239368722,0.0005838667,-0.0013124075
558331.4600235790,9.7944497909,0.0000996674,0.0016150382,-0.1250225352,0.0005296136,-0.0004337525
558331.4700235790,9.7962429522,0.0055990425,-0.0003803023,-0.1257065028,0.0005838667,-0.0014100359
558331.4800235790,9.7939754352,-0.0031036071,-0.0020428546,-0.1265641765,0.0005730161,-0.0004771428
558331.4900235790,9.7963787721,0.0092604526,-0.0006849164,-0.1277041226,0.0006164186,-0.0013124075
558331.5000235790,9.7947714323,-0.0050847889,0.0011525998,-0.1281058179,0.0005838667,-0.0006832471
558331.5100235790,9.7965277375,0.0101762394,-0.0006857666,-0.1289960615,0.0006055680,-0.0010520653
558331.5200235790,9.7951970764,-0.0015737524,-0.0011372484,-0.1301468642,0.0006055680,-0.0010412177
558331.5300235790,9.7950231531,0.0042215758,-0.0009808192,-0.1309611114,0.0006055680,-0.0007157899
558331.5400235790,9.7953444864,0.0022394903,0.0000833048,-0.1320902008,0.0006055680,-0.0013341027
558331.5500235790,9.7939884733,-0.0005119689,0.0008560166,-0.1327307420,0.0005730161,-0.0005096856
558331.5600235790,9.7959317611,0.0052931547,-0.0012929628,-0.1331758638,0.0006272692,-0.0014642738
558331.5700235791,9.7951988898,-0.0017263487,-0.0009848084,-0.1345546557,0.0006164186,-0.0005205332
558331.5800235790,9.7960900231,0.0078858349,0.0006895811,-0.1352711932,0.0006272692,-0.0013991883
558331.5900235790,9.7941491650,-0.0044766268,-0.0000621243,-0.1359985874,0.0006381199,-0.0007049423
558331.6000235790,9.7972897884,0.0100269083,-0.0008446898,-0.1371493901,0.0006272692,-0.0011822364
558331.6100235790,9.7956600927,-0.0023346500,-0.0008363839,-0.1377899312,0.0006598211,-0.0009652845
558331.6200235790,9.7956406898,0.0051386134,0.0003871122,-0.1387887411,0.0006164186,-0.0008676562
558331.6300235790,9.7945841629,0.0013212719,-0.0000632798,-0.1397224113,0.0006381199,-0.0013341027
558331.6400235790,9.7948825452,0.0014753965,-0.0008282963,-0.1403195259,0.0006164186,-0.0006181615
558331.6500235790,9.7960758812,0.0065142036,-0.0017512028,-0.1414594720,0.0006815223,-0.0015510546
558331.6600235790,9.7949192652,-0.0032539795,0.0014571876,-0.1424582819,0.0006272692,-0.0005205332
558331.6700235790,9.7971608854,0.0086524992,0.0014435975,-0.1431965327,0.0006598211,-0.0015185118
558331.6800235790,9.7948931390,-0.0024900256,-0.0014401490,-0.1443147655,0.0006164186,-0.0007049423
558331.6900235791,9.7956080769,0.0081903322,-0.0022041585,-0.1449878765,0.0006706717,-0.0013015599
558331.7000235789,9.7947575198,-0.0040165450,-0.0000669900,-0.1456827008,0.0006598211,-0.0010195225
558331.7100235790,9.7953448592,0.0062042875,0.0020677453,-0.1467575071,0.0006489705,-0.0009978273
558331.7200235790,9.7953450240,0.0014769946,-0.0002220635,-0.1474089048,0.0006489705,-0.0013449503
558331.7300235790,9.7953274560,0.0025454468,-0.0018991825,-0.1482448653,0.0006598211,-0.0007049423
558331.7400235790,9.7944141460,0.0033040520,-0.0012811823,-0.1493522415,0.0006923730,-0.0015510546
558331.7500235790,9.7949169142,-0.0023388874,0.0016101159,-0.1500470658,0.0006923730,-0.0006507043
558331.7600235790,9.7960919799,0.0092581605,0.0016052675,-0.1510241624,0.0006706717,-0.0015944450
558331.7700235790,9.7944268901,-0.0037113529,-0.0031145082,-0.1520446856,0.0006815223,-0.0007049423
558331.7800235790,9.7969864173,0.0086531238,-0.0013003094,-0.1527177966,0.0007140742,-0.0014534263
558331.7900235790,9.7950753983,-0.0038635313,0.0016081496,-0.1537274631,0.0007249248,-0.0009978273
558331.8000235790,9.7959485121,0.0084945535,0.0023687362,-0.1545417103,0.0006489705,-0.0011496936
558331.8100235790,9.7948781514,0.0001032098,-0.0020490022,-0.1550194020,0.0006923730,-0.0013015599
558331.8200235791,9.7956246198,0.0026996409,-0.0028167088,-0.1563547674,0.0007032236,-0.0008242658
558331.8300235790,9.7950389077,0.0033057199,0.0005438598,-0.1571581580,0.0007357755,-0.0015944450
558331.8400235790,9.7953758809,-0.0008121590,0.0025220658,-0.1580158317,0.0007032236,-0.0007266375
558331.8500235790,9.7950034922,0.0089499796,-0.0011311665,-0.1591666344,0.0007032236,-0.0016595305
558331.8600235790,9.7939759154,-0.0044760716,-0.0026535215,-0.1596986092,0.0007032236,-0.0007374851
558331.8700235790,9.7956203480,0.0091045910,-0.0002211131,-0.1605237131,0.0007574767,-0.0015402070
558331.8800235790,9.7943145085,-0.0043242384,0.0016142840,-0.1615768061,0.0007032236,-0.0009869797
558331.8900235790,9.7957861718,0.0078845149,0.0008446284,-0.1622607737,0.0007032236,-0.0013124075
558331.9000235790,9.7958084058,-0.0018763051,-0.0011424629,-0.1632595836,0.0007249248,-0.0012798648
558331.9100235790,9.7956278238,0.0043768815,-0.0015958634,-0.1641172574,0.0007466261,-0.0009652845
558331.9200235790,9.7954988921,0.0026974880,0.0005397746,-0.1646818021,0.0007574767,-0.0016052926
558331.9300235790,9.7955108764,0.0005619029,0.0009963273,-0.1658108915,0.0007249248,-0.0007917230
558331.9400235791,9.7963882621,0.0065150376,-0.0008386817,-0.1665165724,0.0007466261,-0.0016920733
558331.9500235789,9.7938182270,-0.0009690639,-0.0015830800,-0.1673308196,0.0007140742,-0.0008242658
558331.9600235790,9.7963894806,0.0065149681,-0.0006861720,-0.1685359055,0.0007900286,-0.0016595305
558331.9700235790,9.7939962645,-0.0018848500,0.0011604083,-0.1693392961,0.0007357755,-0.0009001990
558331.9800235790,9.7956209716,0.0092570485,-0.0000685336,-0.1702946795,0.0007140742,-0.0015293594
558331.9900235790,9.7955043251,-0.0043175003,-0.0022086098,-0.1710980700,0.0008008792,-0.0011388460
558332.0000235790,9.7954610396,0.0083418867,-0.0014402713,-0.1718906040,0.0007574767,-0.0012907123
558332.0100235790,9.7953619110,-0.0003538839,0.0009971775,-0.1732476826,0.0008117298,-0.0014208835
558332.0200235790,9.7955050993,0.0039170784,0.0019129205,-0.1738122274,0.0007249248,-0.0010629129
558332.0300235790,9.7950259270,0.0013240504,-0.0020497129,-0.1744853384,0.0007683273,-0.0016378353
558332.0400235790,9.7951790568,0.0011721488,-0.0020510514,-0.1753538687,0.0007683273,-0.0009435894
558332.0500235790,9.7953362149,0.0049848360,0.0003895799,-0.1756687110,0.0008117298,-0.0017354637
558332.0600235790,9.7950731334,-0.0020334860,0.0022190257,-0.1752670157,0.0007574767,-0.0008351134
558332.0700235791,9.7962473173,0.0066662448,0.0006877543,-0.1747676107,0.0007900286,-0.0018005492
558332.0800235790,9.7949056323,-0.0056930908,-0.0014416139,-0.1742790624,0.0007574767,-0.0008676562
558332.0900235790,9.7968376240,0.0095672434,-0.0003835635,-0.1741053563,0.0008117298,-0.0016486829
558332.1000235790,9.7949283324,-0.0040169612,0.0022193876,-0.1740727865,0.0007574767,-0.0010737605
558332.1100235790,9.7959416526,0.0068175212,0.0006903616,-0.1741162130,0.0007574767,-0.0013883407
558332.1200235790,9.7947419373,-0.0012707827,-0.0006757734,-0.1741922094,0.0007466261,-0.0013557979
558332.1300235790,9.7948682099,0.0045260738,-0.0011319207,-0.1742356359,0.0008008792,-0.0011713888
558332.1400235790,9.7956592183,0.0013252322,0.0008428976,-0.1742899190,0.0007791780,-0.0014968166
558332.1500235790,9.7955091490,0.0016294524,0.0013018351,-0.1742030660,0.0007574767,-0.0010412177
558332.1600235790,9.7953359855,0.0025449608,-0.0008316142,-0.1742899190,0.0007683273,-0.0016378353
558332.1700235790,9.7947419947,-0.0006608139,-0.0003704749,-0.1742573492,0.0007683273,-0.0009110466
558332.1800235790,9.7956389337,0.0059011786,0.0005399708,-0.1742464925,0.0008008792,-0.0017246161
558332.1900235791,9.7952134545,-0.0023371508,0.0005400101,-0.1742682058,0.0007574767,-0.0008893514
558332.2000235789,9.7962491021,0.0062086641,0.0006875451,-0.1742573492,0.0007574767,-0.0016378353
558332.2100235790,9.7939886954,-0.0046292929,-0.0011284937,-0.1742790624,0.0007791780,-0.0010195225
558332.2200235790,9.7957758288,0.0080375973,-0.0003753799,-0.1741922094,0.0007683273,-0.0014425787
558332.2300235790,9.7949259527,-0.0034068536,0.0022196666,-0.1742899190,0.0008117298,-0.0013015599
558332.2400235790,9.7954923767,0.0046802685,0.0006931912,-0.1743333456,0.0007574767,-0.0011822364
558332.2500235790,9.7948800509,0.0008655666,-0.0014386144,-0.1743659154,0.0007683273,-0.0015619022
558332.2600235790,9.7955066260,0.0007146381,0.0005388678,-0.1742899190,0.0007574767,-0.0008893514
558332.2700235790,9.7956430982,0.0048334902,0.0005394825,-0.1743116323,0.0008117298,-0.0017463113
558332.2800235790,9.7956698407,-0.0023352055,0.0003836942,-0.1743333456,0.0007466261,-0.0008676562
558332.2900235790,9.7960922880,0.0060557896,0.0000787050,-0.1742790624,0.0008008792,-0.0017246161
558332.3000235800,9.7932206666,-0.0032596771,-0.0011215222,-0.1743333456,0.0007466261,-0.0009327418
558332.3100235800,9.7962517111,0.0080384316,0.0019084602,-0.1743659154,0.0008225805,-0.0015835974
558332.3200235800,9.7949300884,-0.0047795264,0.0020665291,-0.1743224889,0.0007574767,-0.0010520653
558332.3300235800,9.7960771571,0.0071241030,-0.0012933945,-0.1743550588,0.0007574767,-0.0015076642
558332.3400235800,9.7950522754,-0.0035572276,-0.0011368865,-0.1743333456,0.0007574767,-0.0011496936
558332.3500235800,9.7950155052,0.0071193789,-0.0005219645,-0.1743442022,0.0007683273,-0.0013341027
558332.3600235800,9.7955276775,-0.0021839288,0.0017576205,-0.1743659154,0.0007683273,-0.0014100359
558332.3700235800,9.7961157765,0.0031570838,0.0016024772,-0.1743442022,0.0007574767,-0.0010629129
558332.3800235800,9.7957802440,0.0031575692,-0.0022077292,-0.1744419119,0.0007574767,-0.0016920733
558332.3900235801,9.7947395577,-0.0006606750,-0.0006754944,-0.1743984853,0.0007683273,-0.0008134182
558332.4000235799,9.7961086949,0.0055973756,0.0019086129,-0.1743659154,0.0007683273,-0.0017788541
558332.4100235800,9.7953749992,-0.0037094761,0.0009956429,-0.1743767721,0.0007683273,-0.0008676562
558332.4200235800,9.7975978328,0.0092655243,-0.0008475760,-0.1743767721,0.0007900286,-0.0016920733
558332.4300235800,9.7944584279,-0.0052380803,0.0000874992,-0.1743659154,0.0007466261,-0.0010303701
558332.4400235800,9.7954804497,0.0074258225,0.0005419371,-0.1743442022,0.0007683273,-0.0013883407
558332.4500235800,9.7956728727,-0.0024878713,0.0006886439,-0.1743333456,0.0008117298,-0.0014208835
558332.4600235800,9.7955008776,0.0043747981,0.0016081102,-0.1743333456,0.0007357755,-0.0010303701
558332.4700235800,9.7960986887,0.0028530716,-0.0006853086,-0.1743442022,0.0007900286,-0.0017246161
558332.4800235800,9.7939828609,-0.0018840862,-0.0005171990,-0.1743550588,0.0007357755,-0.0007808755
558332.4900235800,9.7956220754,0.0080370415,-0.0005266210,-0.1743767721,0.0008117298,-0.0018330920
558332.5000235800,9.7952369717,-0.0049308722,0.0022164316,-0.1743984853,0.0007466261,-0.0008785038
558332.5100235800,9.7962389885,0.0088016217,0.0006887309,-0.1744093420,0.0008008792,-0.0015510546
558332.5200235799,9.7945950935,-0.0055415367,-0.0020490457,-0.1744093420,0.0007357755,-0.0012581696
558332.5300235800,9.7962489587,0.0046837421,-0.0000757013,-0.1744093420,0.0007683273,-0.0011605412
558332.5400235800,9.7956701561,0.0010196228,0.0020628361,-0.1743984853,0.0007683273,-0.0015835974
558332.5500235800,9.7959606039,0.0010217067,0.0002301816,-0.1744093420,0.0007574767,-0.0009001990
558332.5600235800,9.7959334885,0.0042256052,-0.0015984706,-0.1744093420,0.0007683273,-0.0017571589
558332.5700235800,9.7941366144,-0.0018835303,-0.0003659580,-0.1744419119,0.0007791780,-0.0008242658
558332.5800235800,9.7956463882,0.0074256839,0.0022182757,-0.1743442022,0.0007900286,-0.0017246161
558332.5900235800,9.7950826233,-0.0047789011,0.0020652603,-0.1743767721,0.0007574767,-0.0009218942
558332.6000235800,9.7969966456,0.0072801038,-0.0006908981,-0.1744310552,0.0007466261,-0.0015944450
558332.6100235800,9.7942884110,-0.0032553001,-0.0011304033,-0.1744419119,0.0007574767,-0.0011496936
558332.6200235800,9.7950162148,0.0081867895,0.0000885628,-0.1744201986,0.0007466261,-0.0012907123
558332.6300235800,9.7955301432,-0.0018790833,0.0022152893,-0.1744636251,0.0007900286,-0.0014859690
558332.6400235801,9.7958044421,0.0013262741,-0.0000734297,-0.1744310552,0.0007357755,-0.0009869797
558332.6500235799,9.7956326118,0.0034616506,-0.0014437722,-0.1744310552,0.0008117298,-0.0016920733
558332.6600235800,9.7949024355,-0.0008131322,0.0005432452,-0.1744310552,0.0007249248,-0.0008025706
558332.6700235800,9.7954822344,0.0069682417,0.0005417278,-0.1744310552,0.0008008792,-0.0018330920
558332.6800235800,9.7947761630,-0.0066099886,0.0009993924,-0.1744201986,0.0007466261,-0.0008351134
558332.6900235800,9.7974465738,0.0098747984,-0.0003884990,-0.1744527685,0.0007683273,-0.0015944450
558332.7000235800,9.7938465035,-0.0047830006,0.0000927834,-0.1743550588,0.0007574767,-0.0012581696
558332.7100235800,9.7962436618,0.0066664531,0.0002302251,-0.1742464925,0.0007791780,-0.0011279984
558332.7200235800,9.7945913879,0.0004059021,0.0003938309,-0.1743442022,0.0007900286,-0.0016378353
558332.7300235800,9.7961202778,-0.0008079911,0.0002280758,-0.1744093420,0.0007683273,-0.0008568086
558332.7400235800,9.7954869651,0.0054430420,0.0003885205,-0.1744093420,0.0007574767,-0.0018113968
558332.7500235800,9.7943005961,-0.0032559945,0.0003946943,-0.1744093420,0.0007466261,-0.0008134182
558332.7600235800,9.7968570054,0.0083461948,0.0014459955,-0.1744093420,0.0007683273,-0.0017137685
558332.7700235799,9.7947544019,-0.0047788323,-0.0008298876,-0.1744093420,0.0007791780,-0.0010303701
558332.7800235800,9.7968496657,0.0080416271,0.0003782877,-0.1744636251,0.0007683273,-0.0014859690
558332.7900235800,9.7950699007,-0.0040157110,0.0008455311,-0.1744527685,0.0007574767,-0.0012473220
558332.8000235800,9.7947236956,0.0055924425,0.0003949339,-0.1743767721,0.0007357755,-0.0012039316
558332.8100235800,9.7955041603,0.0004097926,0.0000811990,-0.1744527685,0.0008117298,-0.0015293594
558332.8200235800,9.7956609743,0.0005626670,0.0006900390,-0.1744527685,0.0007574767,-0.0009218942
558332.8300235800,9.7957985503,0.0034615121,0.0002325664,-0.1745070516,0.0008117298,-0.0017463113
558332.8400235800,9.7944447735,-0.0014249768,0.0002417528,-0.1744853384,0.0007140742,-0.0008242658
558332.8500235800,9.7957830825,0.0074272119,0.0002343801,-0.1745070516,0.0008008792,-0.0017571589
558332.8600235800,9.7943041082,-0.0047811248,0.0000889772,-0.1744093420,0.0007574767,-0.0008893514
558332.8700235800,9.7965500361,0.0075825874,0.0008381452,-0.1744201986,0.0007683273,-0.0015835974
558332.8800235800,9.7944602413,-0.0053906766,0.0002399392,-0.1743984853,0.0007357755,-0.0011605412
558332.8900235801,9.7951668790,0.0077300424,-0.0003704445,-0.1743659154,0.0007466261,-0.0012690172
558332.9000235799,9.7947450553,-0.0005084953,0.0000871241,-0.1744636251,0.0007900286,-0.0014968166
558332.9100235800,9.7956645152,-0.0006574789,0.0005369712,-0.1744527685,0.0007791780,-0.0009110466
558332.9200235800,9.7961000793,0.0046829085,0.0003830967,-0.1744961950,0.0007683273,-0.0017788541
558332.9300235800,9.7942947042,-0.0011207565,0.0007006904,-0.1745070516,0.0007466261,-0.0008242658
558332.9400235800,9.7960802463,0.0075814060,-0.0006831462,-0.1744201986,0.0007466261,-0.0017463113
558332.9500235800,9.7952228585,-0.0059975190,-0.0000717031,-0.1744853384,0.0008008792,-0.0009001990
558332.9600235800,9.7963963114,0.0078870160,0.0008395534,-0.1745504781,0.0007357755,-0.0016269878
558332.9700235800,9.7943084160,-0.0043238912,0.0008517352,-0.1745396215,0.0007791780,-0.0011713888
558332.9800235800,9.7950125020,0.0075770291,-0.0006742650,-0.1745070516,0.0007357755,-0.0012581696
558332.9900235800,9.7956735249,-0.0020304294,0.0009938727,-0.1744853384,0.0008008792,-0.0014751214
558333.0000235800,9.7953559905,0.0014763697,0.0011505243,-0.1744093420,0.0007466261,-0.0009978273
558333.0100235800,9.7956393279,0.0036137609,-0.0005286439,-0.1747133276,0.0007683273,-0.0016920733
558333.0200235799,9.7944405804,-0.0006622728,0.0000895919,-0.1743550588,0.0007466261,-0.0008242658
558333.0300235800,9.7956339737,0.0049865031,-0.0005280161,-0.1743984853,0.0007683273,-0.0017680065
558333.0400235800,9.7947738693,-0.0050849278,0.0014576193,-0.1744201986,0.0007791780,-0.0009110466
558333.0500235800,9.7962396121,0.0089540791,0.0008413105,-0.1744636251,0.0007900286,-0.0016595305
558333.0600235800,9.7938392785,-0.0038676308,-0.0003643273,-0.1745179083,0.0007466261,-0.0010629129
558333.0700235800,9.7957848672,0.0069696311,0.0002341708,-0.1745179083,0.0007683273,-0.0013883407
558333.0800235800,9.7944597037,-0.0046281809,0.0005453075,-0.1744853384,0.0007574767,-0.0014100359
558333.0900235800,9.7958045855,0.0028511961,0.0006898167,-0.1744853384,0.0007791780,-0.0010412177
558333.1000235800,9.7950395600,0.0037631617,0.0008490886,-0.1744853384,0.0007466261,-0.0017680065
558333.1100235800,9.7949035680,-0.0017281548,0.0002378071,-0.1745179083,0.0007574767,-0.0007266375
558333.1200235800,9.7957841863,0.0062072049,-0.0002237073,-0.1745396215,0.0007900286,-0.0018222444
558333.1300235800,9.7946200012,-0.0063054212,0.0006957812,-0.1745070516,0.0007466261,-0.0008893514
558333.1400235801,9.7962408592,0.0092589941,0.0011464695,-0.1744636251,0.0007466261,-0.0015944450
558333.1500235799,9.7946128335,-0.0047800826,0.0005439690,-0.1744527685,0.0007574767,-0.0012039316
558333.1600235800,9.7957901355,0.0046819357,-0.0002244048,-0.1744093420,0.0007466261,-0.0012147792
558333.1700235800,9.7961189733,-0.0017228748,-0.0003823818,-0.1744201986,0.0008008792,-0.0015727498
558333.1800235800,9.7956579998,0.0013253016,0.0006903878,-0.1744853384,0.0007683273,-0.0009001990
558333.1900235800,9.7963985190,0.0054470020,-0.0000766212,-0.1745504781,0.0007574767,-0.0017571589
558333.2000235800,9.7950651127,-0.0031004801,0.0006934398,-0.1745179083,0.0007357755,-0.0008025706
558333.2100235800,9.7959470355,0.0057497633,0.0008423830,-0.1745504781,0.0007683273,-0.0017463113
558333.2200235800,9.7944505506,-0.0047801523,-0.0006748404,-0.1744961950,0.0007683273,-0.0009652845
558333.2300235800,9.7966977544,0.0081934593,0.0005321359,-0.1744636251,0.0007683273,-0.0015727498
558333.2400235800,9.7949239959,-0.0047791792,0.0013039803,-0.1744201986,0.0007574767,-0.0011496936
558333.2500235800,9.7954767081,0.0065110776,-0.0003735400,-0.1744636251,0.0007466261,-0.0013124075
558333.2600235800,9.7958145270,-0.0015716679,-0.0002272648,-0.1744961950,0.0007900286,-0.0014425787
558333.2700235799,9.7967210135,0.0028548783,0.0008347140,-0.1744636251,0.0007357755,-0.0009869797
558333.2800235800,9.7956562437,0.0020878668,0.0008432464,-0.1744527685,0.0007466261,-0.0016920733
558333.2900235800,9.7949131727,-0.0032536323,0.0006946388,-0.1743767721,0.0007357755,-0.0008351134
558333.3000235800,9.7954821771,0.0063582729,0.0002364292,-0.1744093420,0.0007683273,-0.0018005492
558333.3100235800,9.7949161186,-0.0043212513,0.0005416408,-0.1743550588,0.0007574767,-0.0008676562
558333.3200235800,9.7970082931,0.0080419052,0.0011395677,-0.1744527685,0.0007574767,-0.0016486829
558333.3300235800,9.7947610320,-0.0055416752,-0.0003727071,-0.1744636251,0.0007249248,-0.0010737605
558333.3400235800,9.7956256449,0.0071218800,-0.0005270395,-0.1744961950,0.0007466261,-0.0013991883
558333.3500235800,9.7953732431,-0.0029469109,0.0011485014,-0.1745070516,0.0007683273,-0.0013774931
558333.3600235800,9.7961066521,0.0033100968,0.0005349787,-0.1745287649,0.0007574767,-0.0010737605
558333.3700235810,9.7962662973,0.0011754147,0.0003802236,-0.1745939047,0.0007900286,-0.0017137685
558333.3800235810,9.7946045047,-0.0026447057,0.0005449456,-0.1745504781,0.0007249248,-0.0007917230
558333.3900235810,9.7962345947,0.0074294349,-0.0005319749,-0.1745396215,0.0007900286,-0.0018656348
558333.4000235810,9.7950680299,-0.0044730835,0.0003877925,-0.1745287649,0.0007683273,-0.0008025706
558333.4100235810,9.7967039329,0.0091080653,0.0017526325,-0.1745287649,0.0007466261,-0.0016378353
558333.4200235810,9.7947664436,-0.0063044487,-0.0000680364,-0.1744201986,0.0007357755,-0.0011388460
558333.4300235810,9.7954754896,0.0065111470,-0.0005260498,-0.1744419119,0.0007466261,-0.0013015599
558333.4400235810,9.7953678889,-0.0015741687,0.0011491292,-0.1744310552,0.0007900286,-0.0014968166
558333.4500235810,9.7956695612,0.0011721498,0.0020629059,-0.1744419119,0.0007791780,-0.0009544369
558333.4600235811,9.7960993697,0.0036154978,-0.0002274306,-0.1744419119,0.0007357755,-0.0017788541
558333.4700235809,9.7945916674,-0.0031014532,-0.0012853808,-0.1744853384,0.0007466261,-0.0007808755
558333.4800235810,9.7963932795,0.0080396818,0.0005346037,-0.1745070516,0.0007574767,-0.0017788541
558333.4900235810,9.7947804708,-0.0061527550,0.0017621505,-0.1744961950,0.0007574767,-0.0009218942
558333.5000235810,9.7962449090,0.0069713681,0.0005353841,-0.1745396215,0.0007574767,-0.0015619022
558333.5100235810,9.7938349420,-0.0046298488,-0.0012797347,-0.1745396215,0.0007466261,-0.0012581696
558333.5200235810,9.7951679828,0.0065100354,-0.0008285318,-0.1745070516,0.0007791780,-0.0011713888
558333.5300235810,9.7947694541,-0.0002048997,0.0032899686,-0.1745070516,0.0007683273,-0.0015944450
558333.5400235810,9.7967346965,-0.0006532408,0.0008331096,-0.1745287649,0.0007357755,-0.0009110466
558333.5500235810,9.7951720038,0.0039174250,-0.0015922665,-0.1744636251,0.0007574767,-0.0017463113
558333.5600235810,9.7941316543,-0.0027982058,-0.0014339448,-0.1744093420,0.0007466261,-0.0008351134
558333.5700235810,9.7956560789,0.0068151596,0.0031330552,-0.1744853384,0.0007900286,-0.0017571589
558333.5800235810,9.7946370890,-0.0060014089,0.0029835671,-0.1744419119,0.0007466261,-0.0009110466
558333.5900235811,9.7960729926,0.0081917914,-0.0012929062,-0.1745070516,0.0007357755,-0.0015185118
558333.6000235809,9.7944353336,-0.0046267922,-0.0025048877,-0.1744636251,0.0007683273,-0.0012473220
558333.6100235810,9.7957987224,0.0052914184,0.0011484620,-0.1745070516,0.0007357755,-0.0012364744
558333.6200235810,9.7946157007,-0.0002054555,0.0031387276,-0.1745396215,0.0007574767,-0.0015185118
558333.6300235810,9.7959654206,0.0004114601,0.0005349221,-0.1745287649,0.0007466261,-0.0009544369
558333.6400235810,9.7956216166,0.0031572911,-0.0029690093,-0.1745287649,0.0007574767,-0.0018113968
558333.6500235810,9.7938405830,-0.0029527471,0.0002461302,-0.1745070516,0.0007683273,-0.0007808755
558333.6600235810,9.7947427402,0.0072687804,0.0035984061,-0.1745070516,0.0007249248,-0.0017680065
558333.6700235810,9.7941594506,-0.0052396780,0.0008525854,-0.1744310552,0.0007574767,-0.0009544369
558333.6800235810,9.7968253529,0.0086529846,-0.0023666089,-0.1745070516,0.0007900286,-0.0015619022
558333.6900235810,9.7936855250,-0.0038681867,-0.0005155684,-0.1745179083,0.0007683273,-0.0012364744
558333.7000235810,9.7956663071,0.0054421396,0.0037424664,-0.1745179083,0.0007466261,-0.0011713888
558333.7100235811,9.7941513225,-0.0009694104,0.0019221069,-0.1745070516,0.0007574767,-0.0016269878
558333.7200235809,9.7956402310,0.0002588631,-0.0020552761,-0.1744636251,0.0007574767,-0.0008785038
558333.7300235810,9.7956236881,0.0057495543,-0.0014427259,-0.1744961950,0.0007683273,-0.0018005492
558333.7400235810,9.7950833043,-0.0040164748,0.0025231384,-0.1744961950,0.0007357755,-0.0008134182
558333.7500235810,9.7958103699,0.0060532198,0.0029789279,-0.1744961950,0.0007574767,-0.0017137685
558333.7600235810,9.7944534965,-0.0058477713,-0.0008278384,-0.1743767721,0.0007249248,-0.0009869797
558333.7700235810,9.7959143652,0.0081915133,-0.0020541863,-0.1743659154,0.0008117298,-0.0015185118
558333.7800235810,9.7947636697,-0.0034069233,0.0010008573,-0.1744527685,0.0007466261,-0.0012147792
558333.7900235810,9.7955106543,0.0046792269,0.0029808376,-0.1745179083,0.0007466261,-0.0012364744
558333.8000235810,9.7955161733,-0.0014208082,0.0006904009,-0.1746047613,0.0007249248,-0.0015076642
558333.8100235810,9.7959363484,0.0022430330,-0.0022094165,-0.1745830480,0.0007683273,-0.0009761321
558333.8200235810,9.7960908401,0.0036159839,-0.0012949989,-0.1745179083,0.0008008792,-0.0016920733
558333.8300235810,9.7943249949,-0.0029523989,0.0035975387,-0.1745179083,0.0007357755,-0.0008351134
558333.8400235811,9.7958060907,0.0059009706,0.0023688191,-0.1745070516,0.0007466261,-0.0017788541
558333.8500235809,9.7941381697,-0.0047809863,-0.0015873614,-0.1744419119,0.0007574767,-0.0008893514
558333.8600235810,9.7966789105,0.0086520122,-0.0016027914,-0.1745070516,0.0007683273,-0.0015944450
558333.8700235810,9.7944742398,-0.0055439674,0.0019174768,-0.1744853384,0.0007574767,-0.0011605412
558333.8800235810,9.7955021821,0.0052896818,0.0022185678,-0.1744310552,0.0007249248,-0.0013124075
558333.8900235810,9.7955016086,-0.0008100061,-0.0008344176,-0.1743984853,0.0007791780,-0.0014751214
558333.9000235810,9.7959485335,0.0022423386,-0.0006843189,-0.1744961950,0.0007683273,-0.0009869797
558333.9100235810,9.7958087786,0.0020884920,0.0008419776,-0.1745396215,0.0008117298,-0.0017354637
558333.9200235810,9.7943128385,-0.0026467201,0.0022250904,-0.1745179083,0.0007140742,-0.0008134182
558333.9300235810,9.7953290186,0.0062051902,0.0000851185,-0.1745179083,0.0007574767,-0.0018005492
558333.9400235810,9.7955170478,-0.0050806904,-0.0009888805,-0.1744961950,0.0007574767,-0.0008893514
558333.9500235810,9.7970053185,0.0088045397,0.0011399165,-0.1745504781,0.0007900286,-0.0015835974
558333.9600235811,9.7938671608,-0.0053941499,0.0023801507,-0.1745396215,0.0007466261,-0.0012147792
558333.9700235809,9.7959476304,0.0055972364,0.0008423133,-0.1745396215,0.0007249248,-0.0012364744
558333.9800235810,9.7953430385,-0.0002003154,-0.0012903991,-0.1745396215,0.0007900286,-0.0015510546
558333.9900235810,9.7958110722,0.0005634312,0.0003837508,-0.1744853384,0.0007683273,-0.0008893514
558334.0000235810,9.7961115261,0.0033098191,0.0011450177,-0.1744636251,0.0007466261,-0.0018113968
558334.0100235810,9.7940045934,-0.0040202268,0.0011594317,-0.1747133276,0.0007249248,-0.0007917230
558334.0200235810,9.7957630775,0.0084958030,-0.0017477585,-0.1744419119,0.0007574767,-0.0017788541
558334.0300235810,9.7946169119,-0.0067627242,0.0000855329,-0.1744527685,0.0007574767,-0.0009652845
558334.0400235810,9.7962600973,0.0065130235,0.0022127822,-0.1744961950,0.0008008792,-0.0014642738
558334.0500235810,9.7949168569,-0.0029488562,0.0013048174,-0.1744961950,0.0007249248,-0.0013341027
558334.0600235810,9.7956345113,0.0042240074,-0.0008333844,-0.1744961950,0.0007466261,-0.0011605412
558334.0700235810,9.7956584800,-0.0000471629,0.0000797210,-0.1744636251,0.0007900286,-0.0014968166
558334.0800235810,9.7968897258,-0.0000427856,0.0014421589,-0.1744527685,0.0007683273,-0.0010520653
558334.0900235811,9.7951943598,0.0019337418,0.0002369438,-0.1744853384,0.0007574767,-0.0016595305
558334.1000235809,9.7945852667,0.0001012648,-0.0005213671,-0.1744853384,0.0007249248,-0.0008785038
558334.1100235810,9.7953307460,0.0051376406,-0.0002203893,-0.1745070516,0.0007900286,-0.0017788541
558334.1200235810,9.7947792236,-0.0064576700,0.0014569915,-0.1744310552,0.0007357755,-0.0008025706
558334.1300235810,9.7965542866,0.0074298522,0.0012956047,-0.1745070516,0.0007574767,-0.0017137685
558334.1400235810,9.7943010189,-0.0052384278,-0.0005212711,-0.1744961950,0.0007140742,-0.0010737605
558334.1500235810,9.7951686064,0.0066624928,-0.0006759523,-0.1745179083,0.0007574767,-0.0013449503
558334.1600235810,9.7946202593,-0.0035605616,0.0020696246,-0.1744853384,0.0007574767,-0.0014425787
558334.1700235810,9.7953566141,0.0016288271,0.0013031038,-0.1745179083,0.0007466261,-0.0009652845
558334.1800235810,9.7954933945,0.0025453083,-0.0002228439,-0.1745287649,0.0007574767,-0.0017680065
558334.1900235810,9.7947454208,-0.0031008974,-0.0011341398,-0.1744527685,0.0007140742,-0.0008025706
558334.2000235810,9.7954876173,0.0059004839,0.0006937493,-0.1745179083,0.0007900286,-0.0018005492
558334.2100235811,9.7943240559,-0.0064596847,0.0017658172,-0.1745179083,0.0007357755,-0.0008893514
558334.2200235809,9.7974628659,0.0081964468,0.0008308118,-0.1745504781,0.0007466261,-0.0016378353
558334.2300235810,9.7946086118,-0.0043223629,0.0002391587,-0.1745721914,0.0007574767,-0.0011713888
558334.2400235810,9.7954856892,0.0048331426,-0.0000692878,-0.1745504781,0.0007357755,-0.0012473220
558334.2500235810,9.7955240220,-0.0021837205,0.0013000912,-0.1745179083,0.0007900286,-0.0015402070
558334.2600235810,9.7952009899,0.0011708989,0.0006941243,-0.1744310552,0.0007357755,-0.0009435894
558334.2700235810,9.7962506287,0.0030062238,-0.0006865076,-0.1744527685,0.0007683273,-0.0017680065
558334.2800235810,9.7947563300,-0.0037114911,-0.0000668505,-0.1744419119,0.0007140742,-0.0008242658
558334.2900235810,9.7954900830,0.0062053294,0.0011514180,-0.1744527685,0.0008008792,-0.0017680065
558334.3000235810,9.7949160613,-0.0049312201,0.0002363422,-0.1744636251,0.0007357755,-0.0009218942
558334.3100235810,9.7965432913,0.0071254928,-0.0002296324,-0.1745504781,0.0007900286,-0.0015619022
558334.3200235810,9.7946109054,-0.0058474238,-0.0002190681,-0.1745396215,0.0007357755,-0.0011822364
558334.3300235810,9.7950378326,0.0048307113,0.0011545964,-0.1744636251,0.0007466261,-0.0012581696
558334.3400235811,9.7950598158,-0.0011177690,0.0009993662,-0.1745287649,0.0007357755,-0.0015510546
558334.3500235809,9.7953419920,0.0016296604,-0.0005270133,-0.1744853384,0.0007574767,-0.0009110466
558334.3600235810,9.7953427303,0.0030020555,0.0002361633,-0.1745179083,0.0007683273,-0.0017788541
558334.3700235810,9.7949227774,-0.0047791098,0.0011514705,-0.1745396215,0.0007357755,-0.0008134182
558334.3800235810,9.7962383936,0.0089541486,0.0006888007,-0.1745721914,0.0007574767,-0.0017680065
558334.3900235810,9.7950685102,-0.0058455480,-0.0002228743,-0.1745070516,0.0007357755,-0.0009218942
558334.4000235810,9.7963955158,0.0059046521,-0.0002289217,-0.1744853384,0.0007683273,-0.0015727498
558334.4100235810,9.7941587696,-0.0060021043,0.0003947074,-0.1744636251,0.0007357755,-0.0012039316
558334.4200235810,9.7950348293,0.0052883615,0.0010022960,-0.1744853384,0.0007466261,-0.0012907123
558334.4300235810,9.7949090370,-0.0018809595,0.0008477764,-0.1745070516,0.0007900286,-0.0014859690
558334.4400235810,9.7962590436,0.0017858001,-0.0002295364,-0.1745504781,0.0007357755,-0.0010303701
558334.4500235820,9.7958111296,0.0011734000,0.0006890493,-0.1745396215,0.0007574767,-0.0016920733
558334.4600235820,9.7946028347,-0.0009671874,0.0011557519,-0.1744961950,0.0007249248,-0.0008242658
558334.4700235820,9.7957914687,0.0059018038,0.0005387020,-0.1745179083,0.0007574767,-0.0017788541
558334.4800235820,9.7940007945,-0.0055449405,-0.0000613439,-0.1744419119,0.0007249248,-0.0008785038
558334.4900235820,9.7960935639,0.0066656890,0.0005365133,-0.1745396215,0.0007683273,-0.0016703781
558334.5000235820,9.7941582034,-0.0055445930,0.0005474264,-0.1745721914,0.0007140742,-0.0010737605
558334.5100235820,9.7951685777,0.0063575084,-0.0008286016,-0.1745939047,0.0007574767,-0.0013341027
558334.5200235820,9.7955203091,-0.0027934810,0.0005372634,-0.1745287649,0.0007357755,-0.0014317311
558334.5300235820,9.7955121523,0.0011718022,0.0014541356,-0.1745070516,0.0007574767,-0.0009978273
558334.5400235821,9.7965738615,0.0017864952,0.0009880042,-0.1744961950,0.0007574767,-0.0017571589
558334.5500235819,9.7949052667,-0.0031006887,-0.0002203500,-0.1744310552,0.0007357755,-0.0008025706
558334.5600235820,9.7960923167,0.0063607740,0.0002313543,-0.1744527685,0.0007683273,-0.0018222444
558334.5700235820,9.7949322961,-0.0072195404,0.0011503544,-0.1744527685,0.0007466261,-0.0008893514
558334.5800235820,9.7965481940,0.0074301994,0.0005330559,-0.1744853384,0.0007683273,-0.0016269878
558334.5900235820,9.7955213842,-0.0043184724,-0.0000734732,-0.1745070516,0.0007357755,-0.0011713888
558334.6000235820,9.7945698849,0.0049819179,-0.0000616057,-0.1744853384,0.0007357755,-0.0012581696
558334.6100235820,9.7952128596,-0.0021846239,0.0005400799,-0.1745287649,0.0007683273,-0.0015510546
558334.6200235820,9.7955114714,0.0004093760,0.0009962575,-0.1744527685,0.0007466261,-0.0009218942
558334.6300235820,9.7962591583,0.0030057377,0.0003810607,-0.1745287649,0.0007683273,-0.0018222444
558334.6400235820,9.7944529876,-0.0047802912,-0.0003698208,-0.1745070516,0.0006923730,-0.0007483327
558334.6500235820,9.7959350511,0.0078853485,0.0003858304,-0.1745504781,0.0007900286,-0.0018005492
558334.6600235821,9.7949304826,-0.0070669441,0.0009979144,-0.1745287649,0.0007574767,-0.0009544369
558334.6700235819,9.7973114922,0.0075857833,0.0006792917,-0.1745396215,0.0007574767,-0.0014751214
558334.6800235820,9.7949191505,-0.0044739171,0.0008465905,-0.1745070516,0.0007357755,-0.0013883407
558334.6900235820,9.7948924366,0.0029997630,0.0011550281,-0.1744310552,0.0007357755,-0.0010412177
558334.7000235820,9.7950491073,0.0016277155,0.0010006218,-0.1744636251,0.0007574767,-0.0016920733
558334.7100235820,9.7952074767,-0.0011168660,0.0003880584,-0.1744636251,0.0007357755,-0.0008785038
558334.7200235820,9.7957931100,0.0039193011,-0.0002247536,-0.1744961950,0.0007574767,-0.0017354637
558334.7300235820,9.7947556777,-0.0041689330,-0.0003720793,-0.1744419119,0.0007249248,-0.0008893514
558334.7400235820,9.7959536943,0.0052919048,0.0014522128,-0.1744527685,0.0007574767,-0.0017463113
558334.7500235820,9.7949215302,-0.0050840247,0.0008463115,-0.1744636251,0.0007357755,-0.0009544369
558334.7600235820,9.7963907564,0.0071248675,-0.0002283637,-0.1744961950,0.0007683273,-0.0015727498
558334.7700235820,9.7943228947,-0.0058496465,0.0019186060,-0.1745287649,0.0007466261,-0.0011388460
558334.7800235820,9.7945753825,0.0051340976,0.0007010129,-0.1744961950,0.0007140742,-0.0013124075
558334.7900235821,9.7952049823,-0.0017266959,-0.0002222596,-0.1745287649,0.0007683273,-0.0015076642
558334.8000235819,9.7951926038,0.0026963069,0.0003898023,-0.1744853384,0.0007249248,-0.0009869797
558334.8100235820,9.7949007655,0.0008643862,0.0011540515,-0.1744527685,0.0007574767,-0.0017137685
558334.8200235820,9.7946068557,-0.0035597978,0.0003920173,-0.1744419119,0.0007249248,-0.0009001990
558334.8300235820,9.7956340597,0.0059014563,-0.0000700683,-0.1745179083,0.0007574767,-0.0018005492
558334.8400235820,9.7956648233,-0.0038598497,-0.0009895912,-0.1744853384,0.0007466261,-0.0008785038
558334.8500235820,9.7959440609,0.0065123979,0.0008427318,-0.1745179083,0.0007357755,-0.0016486829
558334.8600235820,9.7946205101,-0.0073729013,0.0002377636,-0.1745179083,0.0007249248,-0.0010846081
558334.8700235820,9.7954718628,0.0068163397,-0.0008309298,-0.1744636251,0.0007249248,-0.0013991883
558334.8800235820,9.7944556827,-0.0020355705,0.0013090421,-0.1745070516,0.0007466261,-0.0014208835
558334.8900235820,9.7956544876,0.0028504319,0.0009961049,-0.1744961950,0.0007574767,-0.0010086749
558334.9000235820,9.7961185504,0.0002595585,0.0005335836,-0.1745287649,0.0007574767,-0.0017463113
558334.9100235821,9.7947533841,-0.0026438721,0.0000861476,-0.1744201986,0.0007249248,-0.0008025706
558334.9200235819,9.7959355887,0.0071228528,0.0000804621,-0.1745287649,0.0007683273,-0.0018222444
558334.9300235820,9.7953827618,-0.0053873416,0.0011473853,-0.1744853384,0.0007466261,-0.0008785038
558334.9400235820,9.7968610838,0.0063635532,0.0009875594,-0.1745179083,0.0007466261,-0.0016052926
558334.9500235820,9.7941647762,-0.0069174047,0.0006993084,-0.1745070516,0.0007466261,-0.0012147792
558334.9600235820,9.7947218822,0.0057450389,0.0002424939,-0.1745179083,0.0007249248,-0.0012581696
558334.9700235820,9.7948970239,-0.0000503587,0.0002385744,-0.1745070516,0.0007900286,-0.0015185118
558334.9800235820,9.7958183546,0.0002580302,0.0011461601,-0.1744636251,0.0007357755,-0.0009544369
558334.9900235820,9.7959630409,0.0010215678,0.0005352011,-0.1744853384,0.0007574767,-0.0017246161
558335.0000235820,9.7936802281,-0.0018854756,-0.0002096420,-0.1744419119,0.0006815223,-0.0009001990
558335.0100235820,9.7950258195,0.0066613120,0.0005453945,-0.1747893240,0.0007900286,-0.0017463113
558335.0200235820,9.7956835238,-0.0058433246,0.0003820898,-0.1744419119,0.0007249248,-0.0009001990
558335.0300235820,9.7965613969,0.0052945448,0.0011421183,-0.1745179083,0.0007574767,-0.0016703781
558335.0400235821,9.7941509210,-0.0052391920,-0.0002149829,-0.1744961950,0.0007574767,-0.0010737605
558335.0500235819,9.7956238888,0.0078844451,-0.0003741810,-0.1744961950,0.0007249248,-0.0014100359
558335.0600235820,9.7946140807,-0.0044751676,0.0008491280,-0.1744961950,0.0007574767,-0.0013774931
558335.0700235820,9.7959612275,0.0011741641,0.0003827611,-0.1745179083,0.0007357755,-0.0010629129
558335.0800235820,9.7950422765,0.0002556676,-0.0005251036,-0.1745070516,0.0007357755,-0.0017354637
558335.0900235820,9.7942941380,-0.0006632452,0.0008534094,-0.1744636251,0.0007466261,-0.0008134182
558335.1000235820,9.7956516851,0.0054429729,0.0019123493,-0.1744961950,0.0007466261,-0.0018005492
558335.1100235820,9.7949250424,-0.0066091550,0.0005405944,-0.1744636251,0.0007466261,-0.0008785038
558335.1200235820,9.7970087447,0.0063644563,0.0003762516,-0.1744527685,0.0007574767,-0.0016812257
558335.1300235820,9.7952211311,-0.0049299695,0.0002338048,-0.1744419119,0.0007357755,-0.0010846081
558335.1400235820,9.7957897126,0.0066643690,0.0006915606,-0.1743767721,0.0007140742,-0.0013557979
558335.1500235820,9.7944627070,-0.0050858311,0.0006976080,-0.1744310552,0.0007574767,-0.0014317311
558335.1600235821,9.7961027958,0.0011754144,-0.0009910955,-0.1745070516,0.0007466261,-0.0010303701
558335.1700235819,9.7961101929,0.0020899509,0.0003819109,-0.1745939047,0.0007900286,-0.0017571589
558335.1800235820,9.7933885046,-0.0024974588,0.0011652043,-0.1745287649,0.0007140742,-0.0007917230
558335.1900235820,9.7961092038,0.0045298955,0.0014505953,-0.1745287649,0.0007357755,-0.0017788541
558335.2000235820,9.7950684815,-0.0061505324,-0.0003755236,-0.1745070516,0.0007466261,-0.0008893514
558335.2100235820,9.7963914660,0.0081922782,0.0003821637,-0.1744527685,0.0007683273,-0.0016595305
558335.2200235820,9.7946085831,-0.0046273473,0.0000865095,-0.1745396215,0.0007140742,-0.0010846081
558335.2300235820,9.7953370106,0.0069671998,0.0014580551,-0.1745179083,0.0007249248,-0.0013341027
558335.2400235820,9.7950831322,-0.0058463812,0.0016072428,-0.1745179083,0.0007466261,-0.0014534263
558335.2500235820,9.7968619009,0.0020937022,-0.0009970206,-0.1744961950,0.0007466261,-0.0010412177
558335.2600235820,9.7950363273,0.0017809368,-0.0005244060,-0.1745070516,0.0007466261,-0.0017137685
558335.2700235820,9.7949149575,-0.0037112130,0.0006944296,-0.1744419119,0.0007249248,-0.0007808755
558335.2800235820,9.7945905421,0.0043707686,0.0022257617,-0.1744419119,0.0007357755,-0.0018981776
558335.2900235821,9.7955333399,-0.0067590419,0.0002304302,-0.1744527685,0.0007683273,-0.0008785038
558335.3000235819,9.7965288413,0.0089562324,-0.0011438539,-0.1745070516,0.0007357755,-0.0016052926
558335.3100235820,9.7946242517,-0.0064581564,0.0011532407,-0.1744853384,0.0007683273,-0.0012147792
558335.3200235820,9.7959572638,0.0043767433,0.0014517943,-0.1745179083,0.0007140742,-0.0012147792
558335.3300235820,9.7955138510,-0.0002007317,0.0009959785,-0.1744961950,0.0007574767,-0.0016269878
558335.3400235820,9.7959575146,0.0005644037,-0.0003800667,-0.1745179083,0.0007357755,-0.0008785038
558335.3500235820,9.7967106992,0.0033129451,-0.0002326451,-0.1745070516,0.0007683273,-0.0018222444
558335.3600235820,9.7941630774,-0.0055448707,0.0011574654,-0.1745070516,0.0007249248,-0.0008242658
558335.3700235820,9.7960990042,0.0062078999,0.0009938333,-0.1745179083,0.0007466261,-0.0017463113
558335.3800235820,9.7941568702,-0.0067644611,-0.0002156804,-0.1745070516,0.0007249248,-0.0009869797
558335.3900235820,9.7960946964,0.0057506664,0.0002310753,-0.1745179083,0.0007466261,-0.0014859690
558335.4000235820,9.7949269131,-0.0061517826,0.0009983330,-0.1744419119,0.0007249248,-0.0013124075
558335.4100235821,9.7953445438,0.0028494591,0.0003886033,-0.1744201986,0.0007249248,-0.0012256268
558335.4200235819,9.7953509158,-0.0006582434,-0.0005280596,-0.1743984853,0.0007466261,-0.0015619022
558335.4300235820,9.7961233671,-0.0003506881,0.0008383241,-0.1744853384,0.0007791780,-0.0009544369
558335.4400235820,9.7970248074,0.0022462295,0.0003743682,-0.1744961950,0.0007466261,-0.0017680065
558335.4500235820,9.7946038238,-0.0034071320,0.0000870675,-0.1745179083,0.0007357755,-0.0008242658
558335.4600235820,9.7951771359,0.0066620068,0.0003916160,-0.1745287649,0.0007574767,-0.0017788541
558335.4700235820,9.7949165415,-0.0063036846,-0.0003743246,-0.1744636251,0.0007357755,-0.0009001990
558335.4800235820,9.7957884367,0.0060544696,0.0002337523,-0.1745179083,0.0007574767,-0.0016052926
558335.4900235820,9.7953796152,-0.0064546134,0.0002318385,-0.1745179083,0.0007357755,-0.0012147792
558335.5000235820,9.7947255090,0.0054398462,0.0005473739,-0.1745070516,0.0007140742,-0.0012581696
558335.5100235820,9.7949125778,-0.0031011054,0.0006947086,-0.1745179083,0.0007683273,-0.0015185118
558335.5200235830,9.7961239620,-0.0005032150,0.0008382543,-0.1745396215,0.0007249248,-0.0009652845
558335.5300235830,9.7961156618,0.0019371462,0.0009918802,-0.1745070516,0.0007900286,-0.0018113968
558335.5400235830,9.7944518551,-0.0038652686,-0.0000643828,-0.1744636251,0.0006815223,-0.0008025706
558335.5500235830,9.7963962254,0.0069720628,0.0003816056,-0.1744853384,0.0007683273,-0.0018113968
558335.5600235830,9.7946253555,-0.0076781634,0.0006951534,-0.1744853384,0.0007357755,-0.0009110466
558335.5700235830,9.7959337466,0.0069704647,-0.0002246272,-0.1745287649,0.0007574767,-0.0015619022
558335.5800235830,9.7943058930,-0.0052387056,0.0000887679,-0.1745830480,0.0007140742,-0.0012364744
558335.5900235830,9.7956466963,0.0042233130,0.0006917132,-0.1745504781,0.0007357755,-0.0012147792
558335.6000235830,9.7950627044,-0.0027953568,0.0005410696,-0.1745179083,0.0007466261,-0.0015944450
558335.6100235831,9.7952093188,-0.0009644780,0.0006931477,-0.1744961950,0.0007357755,-0.0009218942
558335.6200235829,9.7959504616,0.0033096798,0.0000787182,-0.1744853384,0.0007466261,-0.0018113968
558335.6300235830,9.7941528492,-0.0041718507,0.0005480542,-0.1744527685,0.0007249248,-0.0008134182
558335.6400235830,9.7950318547,0.0060509961,0.0010026447,-0.1744310552,0.0007357755,-0.0017463113
558335.6500235830,9.7943124657,-0.0066115172,0.0002406499,-0.1744527685,0.0007574767,-0.0009652845
558335.6600235830,9.7963961107,0.0057521252,-0.0002289915,-0.1744636251,0.0007357755,-0.0015619022
558335.6700235830,9.7946134571,-0.0046276251,0.0006965485,-0.1744636251,0.0007466261,-0.0012256268
558335.6800235830,9.7956485384,0.0043757011,0.0009968025,-0.1744419119,0.0007249248,-0.0013015599
558335.6900235830,9.7952218694,-0.0035575744,0.0009969814,-0.1744201986,0.0007574767,-0.0014317311
558335.7000235830,9.7951900807,0.0017814926,-0.0003731650,-0.1744961950,0.0007357755,-0.0010737605
558335.7100235830,9.7958080116,0.0004111126,-0.0000738482,-0.1744419119,0.0007900286,-0.0016703781
558335.7200235830,9.7946034009,-0.0014246987,0.0010030329,-0.1745179083,0.0006815223,-0.0008785038
558335.7300235830,9.7948792051,0.0048304332,0.0003933164,-0.1745396215,0.0007574767,-0.0018222444
558335.7400235831,9.7947646015,-0.0064568367,-0.0003731256,-0.1744419119,0.0007249248,-0.0008242658
558335.7500235830,9.7962412534,0.0069715764,0.0000778548,-0.1744961950,0.0007683273,-0.0017246161
558335.7600235830,9.7943221277,-0.0075270259,0.0010027801,-0.1745396215,0.0007466261,-0.0011171509
558335.7700235830,9.7957885227,0.0069694228,0.0006917001,-0.1745504781,0.0007357755,-0.0013124075
558335.7800235830,9.7953677455,-0.0030990907,0.0003858829,-0.1745179083,0.0007574767,-0.0015185118
558335.7900235830,9.7956674897,-0.0014201134,0.0005366225,-0.1744853384,0.0007574767,-0.0009110466
558335.8000235830,9.7962603768,0.0030056683,0.0005335704,-0.1744961950,0.0007357755,-0.0018547872
558335.8100235830,9.7944615171,-0.0047807773,0.0006977475,-0.1744201986,0.0007249248,-0.0007917230
558335.8200235830,9.7956408332,0.0066635354,0.0011503586,-0.1744419119,0.0007357755,-0.0017788541
558335.8300235830,9.7955314405,-0.0075213988,-0.0003799576,-0.1744419119,0.0007466261,-0.0009652845
558335.8400235830,9.7968501746,0.0069741470,-0.0000797299,-0.1745179083,0.0007574767,-0.0015402070
558335.8500235830,9.7944669574,-0.0052385663,0.0011550675,-0.1745504781,0.0007574767,-0.0012907123
558335.8600235831,9.7959547121,0.0031569446,0.0005361777,-0.1745179083,0.0006815223,-0.0011605412
558335.8700235829,9.7950500104,-0.0017271823,-0.0005260104,-0.1745070516,0.0007900286,-0.0016595305
558335.8800235830,9.7955119516,-0.0009630885,0.0003855907,-0.1744527685,0.0007140742,-0.0008785038
558335.8900235830,9.7959571778,0.0034617901,0.0009938465,-0.1745179083,0.0007900286,-0.0018005492
558335.9000235830,9.7943215902,-0.0067645302,0.0013081484,-0.1745179083,0.0007140742,-0.0008242658
558335.9100235830,9.7957848386,0.0066646467,0.0000815215,-0.1745721914,0.0007574767,-0.0017788541
558335.9200235830,9.7944637821,-0.0066108225,0.0000868714,-0.1745396215,0.0007249248,-0.0009544369
558335.9300235830,9.7965409117,0.0077356004,-0.0002293534,-0.1744961950,0.0007574767,-0.0015619022
558335.9400235830,9.7949209066,-0.0052364822,0.0006937320,-0.1745070516,0.0007357755,-0.0013015599
558335.9500235830,9.7947483453,0.0020836985,0.0017659173,-0.1744527685,0.0007357755,-0.0011388460
558335.9600235830,9.7955095432,-0.0006579653,0.0002332205,-0.1744853384,0.0007357755,-0.0016703781
558335.9700235830,9.7955137650,-0.0011156849,0.0005380307,-0.1744636251,0.0007466261,-0.0008893514
558335.9800235830,9.7964051491,0.0046841591,0.0003805593,-0.1744527685,0.0007574767,-0.0018005492
558335.9900235831,9.7943107096,-0.0058489521,0.0003935084,-0.1744853384,0.0006815223,-0.0008351134
558336.0000235830,9.7954858326,0.0063580646,0.0006939585,-0.1744310552,0.0007357755,-0.0017680065
558336.0100235830,9.7943069968,-0.0064587126,-0.0003693194,-0.1747784674,0.0007357755,-0.0009978273
558336.0200235830,9.7962394687,0.0074291572,0.0000780641,-0.1745070516,0.0007574767,-0.0015402070
558336.0300235830,9.7952399463,-0.0056935068,0.0022160828,-0.1745396215,0.0007574767,-0.0012581696
558336.0400235830,9.7942635392,0.0043707680,-0.0005168765,-0.1745396215,0.0007140742,-0.0012364744
558336.0500235830,9.7942879021,-0.0021878200,-0.0006723858,-0.1745721914,0.0007683273,-0.0015835974
558336.0600235830,9.7958207916,0.0002578913,0.0014511796,-0.1745287649,0.0007249248,-0.0009110466
558336.0700235830,9.7961278469,0.0019364519,0.0025169777,-0.1745179083,0.0007574767,-0.0018330920
558336.0800235830,9.7944602413,-0.0053906766,0.0002399392,-0.1744636251,0.0006923730,-0.0008242658
558336.0900235830,9.7962339424,0.0069719930,-0.0008372037,-0.1745287649,0.0007574767,-0.0018113968
558336.1000235830,9.7955314978,-0.0069114300,-0.0000746591,-0.1745287649,0.0007466261,-0.0009435894
558336.1100235831,9.7962576890,0.0068181468,0.0020604119,-0.1744961950,0.0007357755,-0.0015185118
558336.1200235829,9.7950795054,-0.0055411885,0.0013023628,-0.1745396215,0.0007466261,-0.0013666455
558336.1300235830,9.7947270931,0.0028473746,-0.0005213803,-0.1745070516,0.0007032236,-0.0010846081
558336.1400235830,9.7954980391,0.0001051554,-0.0008339991,-0.1745179083,0.0007357755,-0.0017137685
558336.1500235830,9.7964343574,-0.0021796911,0.0006824397,-0.1744093420,0.0007683273,-0.0008351134
558336.1600235830,9.7945880764,0.0040659231,0.0017680929,-0.1745070516,0.0007357755,-0.0018005492
558336.1700235830,9.7949196308,-0.0058463816,0.0002359237,-0.1745179083,0.0007357755,-0.0008893514
558336.1800235830,9.7950160715,0.0066618676,-0.0006746836,-0.1745504781,0.0007357755,-0.0016812257
558336.1900235830,9.7937041395,-0.0067666147,0.0003981648,-0.1745396215,0.0007466261,-0.0010412177
558336.2000235830,9.7968689324,0.0056006409,0.0015972497,-0.1744961950,0.0007357755,-0.0014751214
558336.2100235830,9.7947714610,-0.0047798045,0.0013052490,-0.1744853384,0.0007357755,-0.0013232551
558336.2200235830,9.7954806145,0.0026985296,-0.0017478718,-0.1744527685,0.0007140742,-0.0011713888
558336.2300235830,9.7953574886,-0.0020310550,-0.0003761776,-0.1744527685,0.0007574767,-0.0015402070
558336.2400235831,9.7952160636,-0.0005073833,0.0017609253,-0.1744636251,0.0007357755,-0.0009761321
558336.2500235830,9.7959673487,0.0014788013,0.0012979591,-0.1745287649,0.0007574767,-0.0017680065
558336.2600235830,9.7945928285,-0.0037114915,-0.0014381696,-0.1745504781,0.0006815223,-0.0008351134
558336.2700235830,9.7962375406,0.0063618159,-0.0006849730,-0.1745939047,0.0007683273,-0.0018005492
558336.2800235830,9.7949413632,-0.0079825222,0.0019125544,-0.1745179083,0.0007249248,-0.0008893514
558336.2900235830,9.7974634322,0.0077389355,0.0006780927,-0.1745504781,0.0007900286,-0.0016595305
558336.3000235830,9.7941551141,-0.0060018960,-0.0000628219,-0.1745287649,0.0006706717,-0.0012039316
558336.3100235830,9.7953245961,0.0045280190,-0.0012882367,-0.1744961950,0.0007466261,-0.0012147792
558336.3200235830,9.7949144199,-0.0029487173,0.0009997979,-0.1745179083,0.0007466261,-0.0016269878
558336.3300235830,9.7952209663,-0.0002026766,0.0025236136,-0.1745287649,0.0007357755,-0.0009110466
558336.3400235830,9.7959504330,0.0030046955,-0.0000739311,-0.1745179083,0.0007357755,-0.0017680065
558336.3500235830,9.7949044711,-0.0050830526,-0.0012888251,-0.1744636251,0.0006923730,-0.0008676562
558336.3600235831,9.7962586207,0.0037682334,0.0006864290,-0.1744419119,0.0007574767,-0.0017354637
558336.3700235829,9.7946237428,-0.0053906763,0.0016112583,-0.1744419119,0.0007140742,-0.0009761321
558336.3800235830,9.7968586468,0.0063636921,0.0006825399,-0.1745070516,0.0007466261,-0.0016052926
558336.3900235830,9.7939977052,-0.0060022435,-0.0006715922,-0.1744527685,0.0006815223,-0.0011279984
558336.4000235830,9.7951756594,0.0039172166,-0.0011347372,-0.1744419119,0.0007357755,-0.0014208835
558336.4100235830,9.7949222111,-0.0043215985,0.0013041896,-0.1744636251,0.0007574767,-0.0014100359
558336.4200235830,9.7961097127,0.0034624154,0.0009925777,-0.1745287649,0.0007032236,-0.0010846081
558336.4300235830,9.7959598082,-0.0009606572,-0.0008382936,-0.1745179083,0.0007683273,-0.0016812257
558336.4400235830,9.7949027437,-0.0040155030,-0.0009833173,-0.1744853384,0.0006815223,-0.0008351134
558336.4500235830,9.7961092038,0.0045298955,0.0014505953,-0.1745721914,0.0007683273,-0.0018330920
558336.4600235830,9.7938634192,-0.0063088947,0.0014646736,-0.1745179083,0.0007357755,-0.0008568086
558336.4700235830,9.7969930188,0.0075852965,-0.0009957781,-0.1745396215,0.0007466261,-0.0017137685
558336.4800235830,9.7940090660,-0.0082902861,-0.0003676190,-0.1744961950,0.0007357755,-0.0010846081
558336.4900235831,9.7951915860,0.0048312671,0.0013058375,-0.1744636251,0.0007357755,-0.0013232551
558336.5000235830,9.7944683480,-0.0034087294,0.0022234729,-0.1744853384,0.0007249248,-0.0015619022
558336.5100235830,9.7956518212,0.0004106956,-0.0005301088,-0.1744201986,0.0007357755,-0.0008785038
558336.5200235830,9.7965586158,0.0016348709,-0.0009946924,-0.1744636251,0.0007466261,-0.0018439396
558336.5300235830,9.7937060103,-0.0063092423,0.0008559034,-0.1744527685,0.0007140742,-0.0008134182
558336.5400235830,9.7956499003,0.0059005536,0.0019125586,-0.1744853384,0.0007357755,-0.0017788541
558336.5500235830,9.7947676048,-0.0069144869,-0.0002208251,-0.1744961950,0.0007357755,-0.0009544369
558336.5600235830,9.7963876098,0.0060575957,-0.0011439105,-0.1745179083,0.0007574767,-0.0015727498
558336.5700235830,9.7950782009,-0.0064560723,0.0006919052,-0.1745287649,0.0007466261,-0.0012473220
558336.5800235830,9.7955033146,0.0043746592,0.0019131298,-0.1745070516,0.0007032236,-0.0012147792
558336.5900235830,9.7950627617,-0.0021853880,0.0008463681,-0.1745179083,0.0007357755,-0.0016378353
558336.6000235840,9.7953477978,-0.0014205307,-0.0012909572,-0.1745287649,0.0007249248,-0.0009001990
558336.6100235840,9.7953396411,0.0025447525,-0.0003740850,-0.1745070516,0.0007574767,-0.0018330920
558336.6200235840,9.7941733631,-0.0063079219,0.0020721752,-0.1744527685,0.0007140742,-0.0008568086
558336.6300235840,9.7957969663,0.0060539836,0.0013013206,-0.1744636251,0.0007249248,-0.0017246161
558336.6400235840,9.7946059454,-0.0067620992,-0.0012870550,-0.1744310552,0.0007466261,-0.0009869797
558336.6500235840,9.7969989679,0.0060600274,-0.0009964757,-0.1744853384,0.0007900286,-0.0015510546
558336.6600235840,9.7943216762,-0.0058495770,0.0017660962,-0.1744527685,0.0007249248,-0.0012473220
558336.6700235840,9.7950462761,0.0039152720,0.0017642169,-0.1744527685,0.0006815223,-0.0012690172
558336.6800235840,9.7947485387,-0.0023386100,-0.0003712422,-0.1744527685,0.0007249248,-0.0015727498
558336.6900235839,9.7955022035,-0.0009625330,-0.0008344874,-0.1744636251,0.0007574767,-0.0009001990
558336.7000235840,9.7961132248,0.0019372851,0.0006868606,-0.1745396215,0.0007574767,-0.0018113968
558336.7100235840,9.7950813188,-0.0056937849,0.0014548028,-0.1745396215,0.0007140742,-0.0008242658
558336.7200235840,9.7960910982,0.0063608435,0.0000788445,-0.1745721914,0.0007357755,-0.0017680065
558336.7300235840,9.7955289748,-0.0078262443,-0.0008376264,-0.1744636251,0.0007466261,-0.0009761321
558336.7400235840,9.7968628112,0.0052960037,0.0006820516,-0.1745504781,0.0007249248,-0.0015835974
558336.7500235840,9.7955358916,-0.0055392432,0.0011460468,-0.1745070516,0.0007249248,-0.0012473220
558336.7600235840,9.7948798000,0.0046779063,0.0003932466,-0.1745070516,0.0007140742,-0.0012364744
558336.7700235840,9.7952091754,-0.0024893999,-0.0000700987,-0.1744853384,0.0007466261,-0.0015619022
558336.7800235840,9.7961184070,-0.0012653635,-0.0002296628,-0.1744419119,0.0007357755,-0.0009544369
558336.7900235840,9.7962639176,0.0017855224,0.0003805026,-0.1744527685,0.0007466261,-0.0018222444
558336.8000235840,9.7943071688,-0.0046288062,0.0005465762,-0.1744093420,0.0006923730,-0.0008568086
558336.8100235841,9.7960977857,0.0062079694,0.0008413236,-0.1744853384,0.0007357755,-0.0017788541
558336.8200235839,9.7944679465,-0.0076785110,0.0000863831,-0.1744419119,0.0007249248,-0.0009435894
558336.8300235840,9.7963925125,0.0063623023,-0.0003812222,-0.1744961950,0.0007574767,-0.0016052926
558336.8400235840,9.7950679152,-0.0056930210,-0.0002228046,-0.1745179083,0.0007249248,-0.0012256268
558336.8500235840,9.7954862555,0.0043756313,-0.0002220069,-0.1744961950,0.0007466261,-0.0012690172
558336.8600235840,9.7953701252,-0.0037091983,0.0003856038,-0.1745070516,0.0007249248,-0.0015619022
558336.8700235840,9.7959689614,-0.0008086858,0.0003818542,-0.1744419119,0.0007357755,-0.0009869797
558336.8800235840,9.7956501798,0.0023931984,0.0002333468,-0.1744961950,0.0007357755,-0.0018005492
558336.8900235840,9.7950583679,-0.0035575748,-0.0003743377,-0.1744961950,0.0007249248,-0.0007808755
558336.9000235840,9.7961055769,0.0048350882,0.0011457153,-0.1745070516,0.0007466261,-0.0018439396
558336.9100235840,9.7947802414,-0.0085926302,0.0005409563,-0.1744419119,0.0007357755,-0.0009110466
558336.9200235840,9.7968411075,0.0077371287,-0.0008419299,-0.1745179083,0.0007466261,-0.0016052926
558336.9300235840,9.7955285519,-0.0058438110,0.0000783390,-0.1744636251,0.0007249248,-0.0012256268
558336.9400235839,9.7953459056,0.0043743117,0.0013043595,-0.1744636251,0.0007032236,-0.0012581696
558336.9500235840,9.7950657076,-0.0032530070,0.0006933701,-0.1744310552,0.0007357755,-0.0015510546
558336.9600235840,9.7953430672,0.0001046690,-0.0011377498,-0.1744853384,0.0007357755,-0.0009218942
558336.9700235840,9.7964110409,0.0025489211,0.0000745632,-0.1745721914,0.0007900286,-0.0018222444
558336.9800235840,9.7952356098,-0.0064557247,0.0013006755,-0.1745070516,0.0006815223,-0.0008242658
558336.9900235840,9.7962527289,0.0059034714,0.0009924251,-0.1745287649,0.0007466261,-0.0018005492
558337.0000235840,9.7947597561,-0.0061515746,-0.0008305154,-0.1744853384,0.0007357755,-0.0009978273
558337.0100235840,9.7965486169,0.0054477661,-0.0003829095,-0.1748327505,0.0007466261,-0.0014968166
558337.0200235840,9.7943119281,-0.0058490215,0.0005460182,-0.1745504781,0.0007140742,-0.0013124075
558337.0300235840,9.7951938509,0.0030012219,0.0006949614,-0.1745179083,0.0007357755,-0.0012039316
558337.0400235840,9.7949102268,-0.0021860133,0.0008476369,-0.1745287649,0.0007357755,-0.0015727498
558337.0500235840,9.7959640587,-0.0011133924,-0.0003808341,-0.1745179083,0.0007357755,-0.0009978273
558337.0600235841,9.7965658982,0.0013294699,-0.0002322831,-0.1744961950,0.0007574767,-0.0017788541
558337.0700235839,9.7949191505,-0.0044739171,0.0008465905,-0.1744310552,0.0007140742,-0.0008242658
558337.0800235840,9.7956431842,0.0057484433,0.0009974303,-0.1744201986,0.0007249248,-0.0018330920
558337.0900235840,9.7943033412,-0.0064585043,-0.0008268487,-0.1743767721,0.0007357755,-0.0008893514
558337.1000235840,9.7974579059,0.0072817713,-0.0002371751,-0.1744310552,0.0007574767,-0.0016269878
558337.1100235840,9.7944782608,-0.0081365778,0.0011537421,-0.1745396215,0.0007249248,-0.0011605412
558337.1200235840,9.7950312025,0.0055935542,0.0006974160,-0.1745070516,0.0007249248,-0.0013449503
558337.1300235840,9.7947527605,-0.0027963296,-0.0000664320,-0.1745070516,0.0007249248,-0.0015510546
558337.1400235840,9.7953442570,-0.0002003848,-0.0011378894,-0.1745287649,0.0007140742,-0.0009110466
558337.1500235840,9.7964206456,0.0010234436,0.0005313949,-0.1745179083,0.0007683273,-0.0018547872
558337.1600235840,9.7946152132,-0.0053901902,0.0005436900,-0.1745396215,0.0006923730,-0.0007700279
558337.1700235840,9.7957813264,0.0081897770,0.0003872386,-0.1745179083,0.0007357755,-0.0018113968
558337.1800235840,9.7947723928,-0.0078297179,-0.0000687339,-0.1745504781,0.0007249248,-0.0009761321
558337.1900235839,9.7960982372,0.0045305205,0.0000780075,-0.1744961950,0.0007466261,-0.0014642738
558337.2000235840,9.7944681186,-0.0058486046,0.0010022787,-0.1744636251,0.0007249248,-0.0014208835
558337.2100235840,9.7951884393,0.0037639953,0.0003902906,-0.1744201986,0.0007357755,-0.0010520653
558337.2200235840,9.7955084394,0.0005620418,0.0006913078,-0.1743984853,0.0007357755,-0.0017246161
558337.2300235840,9.7958275579,-0.0055372289,-0.0005340980,-0.1744419119,0.0007249248,-0.0008676562
558337.2400235840,9.7961005882,0.0036154284,-0.0000749208,-0.1744961950,0.0007466261,-0.0018005492
558337.2500235840,9.7949233436,-0.0052366211,0.0009987515,-0.1745287649,0.0007140742,-0.0009001990
558337.2600235840,9.7960953773,0.0065130926,0.0006889533,-0.1745396215,0.0007466261,-0.0017246161
558337.2700235840,9.7947748298,-0.0078298568,0.0002362856,-0.1744853384,0.0007249248,-0.0010303701
558337.2800235840,9.7962483351,0.0045312846,-0.0002282808,-0.1745396215,0.0007466261,-0.0015402070
558337.2900235840,9.7947713463,-0.0059997421,0.0006946519,-0.1744853384,0.0007249248,-0.0013124075
558337.3000235840,9.7951866833,0.0045265605,0.0005431492,-0.1745396215,0.0007249248,-0.0012039316
558337.3100235841,9.7945991505,-0.0012719635,0.0005455734,-0.1745504781,0.0007466261,-0.0015835974
558337.3200235839,9.7959736920,-0.0023338855,0.0002286469,-0.1744853384,0.0007357755,-0.0009869797
558337.3300235840,9.7964140155,0.0017862865,0.0000742144,-0.1745287649,0.0007466261,-0.0018222444
558337.3400235840,9.7949197741,-0.0043214596,0.0009991700,-0.1744853384,0.0007249248,-0.0008242658
558337.3500235840,9.7944222813,0.0055909836,0.0008550007,-0.1744636251,0.0007357755,-0.0018222444
558337.3600235840,9.7938594770,-0.0093585304,-0.0005193483,-0.1744636251,0.0007249248,-0.0009652845
558337.3700235840,9.7970002151,0.0063649423,-0.0006913167,-0.1744961950,0.0007466261,-0.0015402070
558337.3800235840,9.7946170266,-0.0055427866,0.0006961300,-0.1744853384,0.0007249248,-0.0013341027
558337.3900235840,9.7956586807,0.0020877279,0.0011482659,-0.1744636251,0.0007249248,-0.0011279984
558337.4000235840,9.7956596125,-0.0009621855,-0.0002257171,-0.1744961950,0.0007466261,-0.0017354637
558337.4100235840,9.7952073046,-0.0029467724,-0.0005278372,-0.1744961950,0.0007357755,-0.0008568086
558337.4200235840,9.7967071010,0.0039231222,-0.0003848758,-0.1744961950,0.0007466261,-0.0018222444
558337.4300235840,9.7938573267,-0.0063085476,0.0007021249,-0.1744853384,0.0006815223,-0.0008785038
558337.4400235839,9.7957986363,0.0043764652,0.0006905142,-0.1745504781,0.0007466261,-0.0017463113
558337.4500235840,9.7949201970,-0.0063038929,0.0000832047,-0.1745396215,0.0007357755,-0.0009978273
558337.4600235840,9.7966968727,0.0052961422,-0.0009942870,-0.1745287649,0.0007466261,-0.0015619022
558337.4700235840,9.7953832133,-0.0070647905,0.0003840692,-0.1745070516,0.0007249248,-0.0012690172
558337.4800235840,9.7944294490,0.0040656450,0.0010068129,-0.1744310552,0.0007032236,-0.0012690172
558337.4900235840,9.7950615145,-0.0024903030,0.0005412091,-0.1743984853,0.0007357755,-0.0015727498
558337.5000235840,9.7956595838,-0.0012671699,-0.0003783663,-0.1743767721,0.0007249248,-0.0009218942
558337.5100235840,9.7968769745,0.0004154201,0.0000697804,-0.1744636251,0.0007900286,-0.0018330920
558337.5200235840,9.7946091207,-0.0053898430,-0.0002188588,-0.1744961950,0.0006706717,-0.0008568086
558337.5300235840,9.7951801105,0.0058993722,0.0003912672,-0.1744527685,0.0007574767,-0.0017571589
558337.5400235840,9.7944643484,-0.0070683338,-0.0000658477,-0.1744419119,0.0007032236,-0.0009761321
558337.5500235840,9.7960867044,0.0049886567,-0.0011418613,-0.1745070516,0.0007466261,-0.0015727498
558337.5600235841,9.7950721657,-0.0058457563,0.0002346550,-0.1745179083,0.0007249248,-0.0012256268
558337.5700235839,9.7947290499,0.0042197003,0.0003943061,-0.1745179083,0.0007466261,-0.0012907123
558337.5800235840,9.7950693345,-0.0035581997,0.0009982501,-0.1745504781,0.0007249248,-0.0015076642
558337.5900235840,9.7959628689,-0.0008083386,-0.0003806945,-0.1746047613,0.0007140742,-0.0010629129
558337.6000235840,9.7956536346,0.0002580993,-0.0003776688,-0.1745179083,0.0007357755,-0.0017246161
558337.6100235840,9.7941504695,-0.0035617431,0.0005483332,-0.1745070516,0.0007032236,-0.0008785038
558337.6200235840,9.7957992026,0.0039189539,0.0005377952,-0.1744853384,0.0007357755,-0.0018330920
558337.6300235840,9.7955350100,-0.0084365603,-0.0003803761,-0.1744961950,0.0007466261,-0.0008568086
558337.6400235840,9.7965371988,0.0071258400,-0.0009921812,-0.1744961950,0.0007466261,-0.0016812257
558337.6500235840,9.7947784566,-0.0081350495,0.0005411656,-0.1745179083,0.0007357755,-0.0012256268
558337.6600235840,9.7950383415,0.0037632312,0.0006965789,-0.1744961950,0.0006815223,-0.0012256268
558337.6700235850,9.7955148401,-0.0026406763,-0.0000727059,-0.1744527685,0.0007466261,-0.0016378353
558337.6800235850,9.7959591847,-0.0011131147,-0.0009908731,-0.1744093420,0.0007249248,-0.0008893514
558337.6900235850,9.7959491858,0.0026997805,-0.0003790901,-0.1744527685,0.0007466261,-0.0018222444
558337.7000235850,9.7947755394,-0.0067624461,0.0008468129,-0.1744853384,0.0007140742,-0.0008568086
558337.7100235850,9.7961014125,0.0059027767,0.0011462036,-0.1744636251,0.0007249248,-0.0017788541
558337.7200235850,9.7947676048,-0.0069144869,-0.0002208251,-0.1745396215,0.0007357755,-0.0009761321
558337.7300235850,9.7966993097,0.0052960033,-0.0006892675,-0.1745721914,0.0007683273,-0.0015510546
558337.7400235850,9.7950835838,-0.0075238301,0.0008439267,-0.1745721914,0.0007032236,-0.0012581696
558337.7500235850,9.7953439488,0.0030019860,0.0003886731,-0.1744527685,0.0007249248,-0.0012581696
558337.7600235851,9.7949029158,-0.0021855967,-0.0000674217,-0.1744419119,0.0007140742,-0.0015510546
558337.7700235849,9.7953527579,-0.0005058553,-0.0002229703,-0.1744419119,0.0007466261,-0.0009978273
558337.7800235850,9.7958157455,-0.0015717373,-0.0000747551,-0.1744419119,0.0007466261,-0.0017680065
558337.7900235850,9.7947617703,-0.0041692802,0.0003904695,-0.1744201986,0.0007140742,-0.0009001990
558337.8000235850,9.7957883794,0.0054445008,-0.0000715463,-0.1744636251,0.0007249248,-0.0018439396
558337.8100235850,9.7946150125,-0.0075250810,-0.0005248549,-0.1744527685,0.0007249248,-0.0008676562
558337.8200235850,9.7963997088,0.0051419481,-0.0000767607,-0.1744853384,0.0007683273,-0.0017246161
558337.8300235850,9.7944758525,-0.0078314545,0.0010013719,-0.1745830480,0.0007140742,-0.0011171509
558337.8400235850,9.7954863415,0.0052905845,0.0002359410,-0.1745504781,0.0007357755,-0.0013666455
558337.8500235850,9.7953676308,-0.0043190282,-0.0002247142,-0.1745287649,0.0007466261,-0.0015185118
558337.8600235850,9.7956584513,-0.0003521473,-0.0000729283,-0.1745287649,0.0007032236,-0.0009652845
558337.8700235850,9.7958116958,0.0007158887,0.0005363303,-0.1745179083,0.0007466261,-0.0018005492
558337.8800235851,9.7944590228,-0.0053906072,0.0000874294,-0.1744527685,0.0006706717,-0.0008242658
558337.8900235849,9.7957871322,0.0051395859,-0.0003767053,-0.1743984853,0.0007574767,-0.0018330920
558337.9000235850,9.7946180158,-0.0079827312,-0.0003725545,-0.1744093420,0.0007249248,-0.0009435894
558337.9100235850,9.7962466364,0.0059038186,0.0002298763,-0.1744419119,0.0007466261,-0.0015944450
558337.9200235850,9.7950830175,-0.0070663188,0.0009966457,-0.1744310552,0.0007140742,-0.0013124075
558337.9300235850,9.7953391322,0.0036122326,0.0000839326,-0.1743984853,0.0006815223,-0.0012039316
558337.9400235850,9.7950500104,-0.0017271823,-0.0005260104,-0.1744636251,0.0007466261,-0.0016378353
558337.9500235850,9.7955123745,-0.0029455218,-0.0005303747,-0.1744853384,0.0007249248,-0.0009435894
558337.9600235850,9.7962615380,0.0023956300,0.0003807817,-0.1744961950,0.0007466261,-0.0018113968
558337.9700235850,9.7947616843,-0.0050842334,-0.0000674783,-0.1745504781,0.0007249248,-0.0008785038
558337.9800235850,9.7957919489,0.0045293393,-0.0000719648,-0.1745396215,0.0007249248,-0.0017354637
558337.9900235850,9.7938595630,-0.0084435772,-0.0000614005,-0.1745179083,0.0007466261,-0.0010086749
558338.0000235850,9.7962556748,0.0048358524,0.0008394270,-0.1745504781,0.0007249248,-0.0016052926
558338.0100235851,9.7944577183,-0.0063054909,-0.0005230282,-0.1748001806,0.0007466261,-0.0011713888
558338.0200235849,9.7962464930,0.0043788966,-0.0005333701,-0.1745070516,0.0007032236,-0.0013341027
558338.0300235850,9.7953772355,-0.0058445057,0.0002321175,-0.1744853384,0.0007466261,-0.0014425787
558338.0400235850,9.7964278993,0.0004130582,0.0011411549,-0.1745070516,0.0007249248,-0.0011171509
558338.0500235850,9.7955138223,-0.0005057161,0.0008433292,-0.1744419119,0.0007357755,-0.0016920733
558338.0600235850,9.7941395603,-0.0029511493,-0.0005189560,-0.1744419119,0.0006923730,-0.0008785038
558338.0700235850,9.7957954610,0.0030042091,-0.0003776819,-0.1744636251,0.0007357755,-0.0018547872
558338.0800235850,9.7944709785,-0.0078311767,0.0003913328,-0.1744636251,0.0007249248,-0.0008676562
558338.0900235850,9.7971576814,0.0069752586,0.0002227522,-0.1744636251,0.0007466261,-0.0017246161
558338.1000235850,9.7947705507,-0.0079821059,-0.0003738232,-0.1745396215,0.0007140742,-0.0010954557
558338.1100235850,9.7954789731,0.0046810323,-0.0009844161,-0.1745179083,0.0007466261,-0.0013883407
558338.1200235850,9.7953785400,-0.0049296220,0.0008425750,-0.1746373312,0.0007466261,-0.0015185118
558338.1300235851,9.7959702659,0.0001061980,0.0009923118,-0.1746047613,0.0007466261,-0.0009435894
558338.1400235849,9.7959510565,0.0031571529,0.0000786484,-0.1745396215,0.0007140742,-0.0019090252
558338.1500235850,9.7940084424,-0.0084427436,-0.0005201985,-0.1744419119,0.0007249248,-0.0007374851
558338.1600235850,9.7957818066,0.0068173125,-0.0002234282,-0.1744419119,0.0007357755,-0.0018113968
558338.1700235850,9.7941713489,-0.0082902164,0.0008511903,-0.1744093420,0.0007357755,-0.0010846081
558338.1800235850,9.7974626939,0.0063665404,-0.0000850839,-0.1744419119,0.0007357755,-0.0013991883
558338.1900235850,9.7946109628,-0.0052374550,0.0000862304,-0.1744310552,0.0007249248,-0.0014751214
558338.2000235850,9.7958025427,0.0005639173,-0.0006838175,-0.1744636251,0.0007140742,-0.0011171509
558338.2100235850,9.7956609170,-0.0000473018,0.0003847405,-0.1744527685,0.0007574767,-0.0016595305
558338.2200235850,9.7949059477,-0.0023382625,0.0002375281,-0.1744527685,0.0007140742,-0.0009218942
558338.2300235850,9.7960998499,0.0022430333,-0.0008380974,-0.1745179083,0.0007683273,-0.0017354637
558338.2400235850,9.7944534391,-0.0064577401,-0.0011331369,-0.1744853384,0.0006815223,-0.0009218942
558338.2500235850,9.7956376005,0.0046813104,-0.0002231361,-0.1745179083,0.0007249248,-0.0017571589
558338.2600235851,9.7940085571,-0.0072228060,0.0000903985,-0.1744527685,0.0007357755,-0.0009652845
558338.2700235849,9.7967049220,0.0066681207,0.0006839481,-0.1745179083,0.0007466261,-0.0016269878
558338.2800235850,9.7950811468,-0.0075236912,0.0005389072,-0.1745396215,0.0007140742,-0.0012364744
558338.2900235850,9.7954795393,0.0042235210,-0.0011371352,-0.1745396215,0.0007357755,-0.0012364744
558338.3000235850,9.7950632993,-0.0029478837,0.0005409998,-0.1745504781,0.0007249248,-0.0016269878
558338.3100235850,9.7946051570,-0.0021872639,0.0008501743,-0.1744853384,0.0007357755,-0.0009544369
558338.3200235850,9.7953396124,0.0022397681,-0.0005267342,-0.1744853384,0.0007466261,-0.0018330920
558338.3300235850,9.7940013320,-0.0063074362,-0.0003667122,-0.1744527685,0.0006923730,-0.0008351134
558338.3400235850,9.7956370630,0.0054438061,0.0000822322,-0.1744310552,0.0007357755,-0.0018005492
558338.3500235850,9.7943238552,-0.0085945755,0.0006972723,-0.1745070516,0.0007249248,-0.0009652845
558338.3600235850,9.7962387304,0.0060567621,-0.0006851125,-0.1745396215,0.0007357755,-0.0015619022
558338.3700235850,9.7953693295,-0.0056915622,-0.0006828713,-0.1745287649,0.0007466261,-0.0013666455
558338.3800235851,9.7950418249,0.0019331165,0.0002382125,-0.1745070516,0.0007140742,-0.0011496936
558338.3900235849,9.7956770658,-0.0032505753,0.0008408049,-0.1745070516,0.0007249248,-0.0016486829
558338.4000235850,9.7950530136,-0.0021848325,-0.0003737099,-0.1744853384,0.0007032236,-0.0009435894
558338.4100235850,9.7957966222,0.0023941708,-0.0005304707,-0.1744636251,0.0007574767,-0.0018113968
558338.4200235850,9.7950733555,-0.0061508101,0.0002345154,-0.1744961950,0.0006815223,-0.0008351134
558338.4300235850,9.7956431268,0.0051384745,0.0006921317,-0.1745721914,0.0007466261,-0.0018005492
558338.4400235850,9.7949243041,-0.0079815501,-0.0002225822,-0.1745070516,0.0007140742,-0.0010086749
558338.4500235850,9.7965479646,0.0049903242,-0.0006881383,-0.1745070516,0.0007357755,-0.0015510546
558338.4600235850,9.7955296844,-0.0067588336,-0.0002270991,-0.1744527685,0.0007249248,-0.0013232551
558338.4700235850,9.7948832548,0.0025428072,-0.0002177690,-0.1744310552,0.0007249248,-0.0012256268
558338.4800235850,9.7952158629,-0.0026422741,0.0006923804,-0.1744093420,0.0007466261,-0.0015944450
558338.4900235850,9.7955124318,-0.0023355530,-0.0002250761,-0.1744527685,0.0007249248,-0.0009652845
558338.5000235850,9.7954950072,0.0002578212,-0.0011389488,-0.1745396215,0.0007357755,-0.0018005492
558338.5100235851,9.7941502688,-0.0056966338,-0.0005202117,-0.1745287649,0.0007140742,-0.0008785038
558338.5200235849,9.7950287654,0.0055936931,0.0003923964,-0.1745504781,0.0007357755,-0.0018222444
558338.5300235850,9.7946241083,-0.0079830784,0.0003899943,-0.1744527685,0.0007357755,-0.0009869797
558338.5400235850,9.7970013476,0.0054499197,-0.0009967547,-0.1745070516,0.0007357755,-0.0015076642
558338.5500235850,9.7952228298,-0.0063025034,-0.0002243523,-0.1744636251,0.0007466261,-0.0013774931
558338.5600235850,9.7947367551,0.0019318659,0.0002407500,-0.1745396215,0.0007032236,-0.0011171509
558338.5700235850,9.7947522516,-0.0017288495,0.0003915856,-0.1745396215,0.0007357755,-0.0016920733
558338.5800235850,9.7952054912,-0.0027941760,-0.0006802772,-0.1745070516,0.0007140742,-0.0009218942
558338.5900235850,9.7959599516,0.0005642648,-0.0000750472,-0.1744853384,0.0007574767,-0.0018113968
558338.6000235850,9.7950666967,-0.0056929516,-0.0003753143,-0.1744636251,0.0007032236,-0.0008785038
558338.6100235850,9.7957969089,0.0054440148,0.0009960220,-0.1744853384,0.0007249248,-0.0018222444
558338.6200235850,9.7938613764,-0.0085961736,0.0000910395,-0.1744201986,0.0007032236,-0.0009652845
558338.6300235851,9.7960867617,0.0055986255,-0.0008365628,-0.1745070516,0.0007574767,-0.0015835974
558338.6400235849,9.7946149838,-0.0078300654,-0.0006775042,-0.1745396215,0.0007249248,-0.0013015599
558338.6500235850,9.7951896005,0.0031539571,0.0002375018,-0.1745396215,0.0007466261,-0.0012473220
558338.6600235850,9.7955202804,-0.0030984654,0.0003846141,-0.1745396215,0.0007249248,-0.0016378353
558338.6700235850,9.7947425609,-0.0011183252,-0.0005231939,-0.1745179083,0.0007249248,-0.0009218942
558338.6800235850,9.7950338330,0.0011711069,-0.0011347241,-0.1745287649,0.0007466261,-0.0018330920
558338.6900235850,9.7946175069,-0.0069152511,0.0000854631,-0.1744853384,0.0006923730,-0.0008351134
558338.7000235850,9.7947309780,0.0052870415,0.0011573432,-0.1744961950,0.0007357755,-0.0018113968
558338.7100235850,9.7946204528,-0.0079828701,-0.0000675349,-0.1744853384,0.0007140742,-0.0009869797
558338.7200235850,9.7963906131,0.0055999455,-0.0009916100,-0.1744853384,0.0007466261,-0.0015944450
558338.7300235850,9.7949266264,-0.0092016265,-0.0005281597,-0.1744419119,0.0007249248,-0.0012907123
558338.7400235860,9.7959582816,0.0022417831,0.0005357591,-0.1743984853,0.0007032236,-0.0011822364
558338.7500235860,9.7953593593,-0.0015736826,0.0000815609,-0.1743984853,0.0007466261,-0.0016595305
558338.7600235860,9.7958162544,-0.0026392174,-0.0005327726,-0.1744419119,0.0007249248,-0.0009110466
558338.7700235860,9.7957965362,0.0014792176,-0.0009884185,-0.1744961950,0.0007466261,-0.0018439396
558338.7800235860,9.7944625349,-0.0069157375,-0.0002182877,-0.1744853384,0.0006815223,-0.0008893514
558338.7900235860,9.7956431842,0.0057484433,0.0009974303,-0.1744636251,0.0007140742,-0.0018113968
558338.8000235860,9.7941538383,-0.0066117953,-0.0005206302,-0.1744636251,0.0007140742,-0.0009761321
558338.8100235860,9.7965466888,0.0043804249,-0.0011459466,-0.1745070516,0.0007683273,-0.0015619022
558338.8200235860,9.7950828742,-0.0085912408,0.0002333993,-0.1744853384,0.0007249248,-0.0013015599
558338.8300235861,9.7954989208,0.0030024724,0.0006924239,-0.1745396215,0.0007249248,-0.0012690172
558338.8400235859,9.7942939660,-0.0024931516,-0.0000624862,-0.1745504781,0.0007357755,-0.0015727498
558338.8500235860,9.7953472029,-0.0012680038,-0.0012908874,-0.1745939047,0.0007249248,-0.0009869797
558338.8600235860,9.7958084632,-0.0012663363,-0.0008371643,-0.1745396215,0.0007466261,-0.0018005492
558338.8700235860,9.7944632159,-0.0061533112,0.0002395904,-0.1744853384,0.0007140742,-0.0008568086
558338.8800235860,9.7957932821,0.0057492075,0.0006911420,-0.1744636251,0.0007357755,-0.0018222444
558338.8900235860,9.7952281841,-0.0076752457,-0.0002249801,-0.1744201986,0.0007249248,-0.0009435894
558338.9000235860,9.7971581330,0.0052978097,-0.0005405639,-0.1744853384,0.0007249248,-0.0015944450
558338.9100235860,9.7946125181,-0.0081349109,-0.0011351730,-0.1744853384,0.0007140742,-0.0013015599
558338.9200235860,9.7951841029,0.0030017774,-0.0005251167,-0.1745070516,0.0007032236,-0.0012256268
558338.9300235860,9.7949035107,-0.0023381236,-0.0000674914,-0.1745179083,0.0007140742,-0.0016486829
558338.9400235860,9.7952060861,-0.0029467029,-0.0006803470,-0.1744961950,0.0007032236,-0.0008893514
558338.9500235860,9.7962583913,0.0013283582,-0.0005347652,-0.1745179083,0.0007683273,-0.0018656348
558338.9600235861,9.7946198579,-0.0078303432,-0.0000674652,-0.1744636251,0.0006815223,-0.0008242658
558338.9700235859,9.7959379684,0.0065127451,0.0000801830,-0.1745396215,0.0007574767,-0.0018005492
558338.9800235860,9.7944691077,-0.0082885492,-0.0000664057,-0.1744853384,0.0007032236,-0.0010520653
558338.9900235860,9.7965467461,0.0049903937,-0.0008406480,-0.1745721914,0.0007466261,-0.0015185118
558339.0000235860,9.7950696140,-0.0070655550,-0.0006809616,-0.1744961950,0.0007140742,-0.0013232551
558339.0100235860,9.7951876150,0.0014766471,-0.0008308338,-0.1747784674,0.0007249248,-0.0012147792
558339.0200235860,9.7949041056,-0.0024906505,-0.0000675612,-0.1744310552,0.0007357755,-0.0016378353
558339.0300235860,9.7953617103,-0.0024887747,-0.0000713674,-0.1744961950,0.0007357755,-0.0009435894
558339.0400235860,9.7965623000,0.0019396470,-0.0003845139,-0.1745179083,0.0007574767,-0.0018873300
558339.0500235860,9.7953698671,-0.0064540579,-0.0009882396,-0.1745179083,0.0007140742,-0.0008134182
558339.0600235860,9.7956358445,0.0054438756,-0.0000702775,-0.1745179083,0.0007357755,-0.0018113968
558339.0700235860,9.7935557117,-0.0084448972,0.0000936467,-0.1744310552,0.0007140742,-0.0010412177
558339.0800235861,9.7956375719,0.0043763260,-0.0003757854,-0.1744853384,0.0007140742,-0.0014534263
558339.0900235859,9.7952137627,-0.0055395217,-0.0009865523,-0.1744853384,0.0007574767,-0.0014317311
558339.1000235860,9.7944302947,0.0001007784,-0.0008251179,-0.1744527685,0.0006706717,-0.0011388460
558339.1100235860,9.7952123507,-0.0011171438,0.0009980975,-0.1745070516,0.0007683273,-0.0017137685
558339.1200235860,9.7956595838,-0.0012671699,-0.0003783663,-0.1745179083,0.0007140742,-0.0009218942
558339.1300235860,9.7967178095,0.0011776377,-0.0003861314,-0.1745504781,0.0007683273,-0.0018005492
558339.1400235860,9.7946162023,-0.0078301348,-0.0005249945,-0.1744961950,0.0006706717,-0.0009001990
558339.1500235860,9.7941091335,0.0039127703,-0.0009733463,-0.1744419119,0.0007357755,-0.0018005492
558339.1600235860,9.7924730657,-0.0049410856,-0.0000483775,-0.1744310552,0.0007249248,-0.0010086749
558339.1700235860,9.7974741120,0.0046884666,0.0005241879,-0.1744636251,0.0007249248,-0.0015510546
558339.1800235860,9.7958562859,-0.0110286145,0.0003784493,-0.1744853384,0.0007249248,-0.0012690172
558339.1900235860,9.7944081681,0.0045243368,-0.0014331340,-0.1745070516,0.0007249248,-0.0013124075
558339.2000235860,9.7953509731,-0.0000482746,-0.0002227611,-0.1744853384,0.0007357755,-0.0015510546
558339.2100235861,9.7955173345,-0.0020308464,0.0005376122,-0.1744419119,0.0007357755,-0.0009435894
558339.2200235859,9.7959634638,-0.0009608655,-0.0003807643,-0.1744636251,0.0007249248,-0.0018439396
558339.2300235860,9.7955169904,-0.0056906591,-0.0012941791,-0.1744853384,0.0007249248,-0.0008242658
558339.2400235860,9.7953151061,0.0072734341,-0.0011344713,-0.1745179083,0.0007249248,-0.0018547872
558339.2500235860,9.7923396255,-0.0092126034,0.0002559576,-0.1745179083,0.0007249248,-0.0009761321
558339.2600235860,9.7958064276,0.0030035841,0.0009949059,-0.1745070516,0.0007249248,-0.0015619022
558339.2700235860,9.7953655593,-0.0069112914,-0.0017509977,-0.1744961950,0.0007140742,-0.0013557979
558339.2800235860,9.7962476255,0.0034638739,-0.0008388081,-0.1744636251,0.0007357755,-0.0011279984
558339.2900235860,9.7956782843,-0.0032506448,0.0009933147,-0.1745070516,0.0007466261,-0.0016595305
558339.3000235860,9.7953677168,-0.0034040751,0.0002332336,-0.1744961950,0.0007032236,-0.0009869797
558339.3100235860,9.7950387930,0.0020857823,-0.0000667372,-0.1745179083,0.0007574767,-0.0018222444
558339.3200235860,9.7953608000,-0.0056910761,-0.0017504396,-0.1744527685,0.0006706717,-0.0008893514
558339.3300235861,9.7957870748,0.0045296171,-0.0006820039,-0.1744201986,0.0007466261,-0.0017788541
558339.3400235859,9.7950780862,-0.0076760098,0.0000813081,-0.1744527685,0.0007249248,-0.0009652845
558339.3500235860,9.7959396671,0.0051402112,-0.0003779740,-0.1744527685,0.0007357755,-0.0016378353
558339.3600235860,9.7947645155,-0.0073717899,-0.0008310734,-0.1745070516,0.0007140742,-0.0012256268
558339.3700235860,9.7951738173,0.0037648286,-0.0014398265,-0.1744961950,0.0007249248,-0.0013015599
558339.3800235860,9.7959856477,-0.0047744551,0.0005325503,-0.1745287649,0.0007466261,-0.0015835974
558339.3900235860,9.7968915106,-0.0005003664,0.0014419496,-0.1745179083,0.0007140742,-0.0010086749
558339.4000235860,9.7962607423,0.0004132662,-0.0006876935,-0.1745504781,0.0007357755,-0.0018005492
558339.4100235860,9.7949069368,-0.0047782071,-0.0008311563,-0.1745070516,0.0006923730,-0.0008242658
558339.4200235860,9.7953366951,0.0036123715,-0.0002210869,-0.1744853384,0.0007249248,-0.0018656348
558339.4300235860,9.7949339948,-0.0085920744,0.0006921974,-0.1744093420,0.0007249248,-0.0009544369
558339.4400235860,9.7960916931,0.0062083166,0.0000787748,-0.1744527685,0.0007357755,-0.0016378353
558339.4500235860,9.7949188351,-0.0078287454,-0.0008325514,-0.1744419119,0.0007140742,-0.0012581696
558339.4600235861,9.7947210005,0.0028477218,-0.0012839290,-0.1744093420,0.0007140742,-0.0012690172
558339.4700235859,9.7944421644,-0.0032547443,-0.0009791623,-0.1744527685,0.0007140742,-0.0016378353
558339.4800235860,9.7952067957,-0.0018792923,-0.0000698196,-0.1744310552,0.0007249248,-0.0009001990
558339.4900235860,9.7960992837,0.0027005446,-0.0006853784,-0.1745287649,0.0007357755,-0.0018547872
558339.5000235860,9.7950688757,-0.0084379501,-0.0014441382,-0.1744527685,0.0007140742,-0.0008676562
558339.5100235860,9.7962417337,0.0055991119,-0.0005328120,-0.1745721914,0.0007466261,-0.0017680065
558339.5200235860,9.7944691364,-0.0079835648,0.0000862436,-0.1745179083,0.0007140742,-0.0010737605
558339.5300235860,9.7951824328,0.0046792957,0.0000856896,-0.1745396215,0.0007140742,-0.0014859690
558339.5400235860,9.7953728417,-0.0072166925,-0.0009885884,-0.1745504781,0.0007357755,-0.0013666455
558339.5500235860,9.7953358708,0.0013250232,-0.0014422113,-0.1745830480,0.0007032236,-0.0012039316
558339.5600235860,9.7952090607,-0.0037093375,-0.0006806957,-0.1745504781,0.0007357755,-0.0017137685
558339.5700235860,9.7947497573,-0.0023386794,-0.0002187325,-0.1744527685,0.0007249248,-0.0009001990
558339.5800235861,9.7962585060,0.0025482958,0.0000758319,-0.1744527685,0.0007249248,-0.0018439396
558339.5900235859,9.7941585403,-0.0084419795,-0.0008264868,-0.1744419119,0.0006923730,-0.0008351134
558339.6000235860,9.7954837324,0.0034608170,-0.0009849742,-0.1744527685,0.0007249248,-0.0018330920
558339.6100235860,9.7946174208,-0.0078302043,-0.0003724847,-0.1744527685,0.0007140742,-0.0010086749
558339.6200235860,9.7962502632,0.0055986258,0.0005347563,-0.1744961950,0.0007466261,-0.0015619022
558339.6300235860,9.7949224620,-0.0081339381,-0.0005276714,-0.1745287649,0.0007249248,-0.0012907123
558339.6400235860,9.7956356151,0.0030040004,-0.0012914717,-0.1745287649,0.0007140742,-0.0012690172
558339.6500235860,9.7953609720,-0.0038611697,-0.0008345440,-0.1745504781,0.0007466261,-0.0016378353
558339.6600235860,9.7956686796,-0.0017251673,0.0005364829,-0.1745070516,0.0007032236,-0.0009761321
558339.6700235860,9.7955005908,0.0013249541,0.0000816175,-0.1745287649,0.0007357755,-0.0018113968
558339.6800235860,9.7950647686,-0.0067602928,-0.0011383514,-0.1744853384,0.0006923730,-0.0008351134
558339.6900235860,9.7956375719,0.0043763260,-0.0003757854,-0.1744853384,0.0007466261,-0.0018547872
558339.7000235860,9.7947771234,-0.0093549176,-0.0002219412,-0.1745070516,0.0007140742,-0.0010086749
558339.7100235861,9.7957895692,0.0051394470,-0.0000716858,-0.1744419119,0.0007466261,-0.0015727498
558339.7200235859,9.7952154614,-0.0069120556,-0.0014447094,-0.1744636251,0.0007140742,-0.0013449503
558339.7300235860,9.7951834219,0.0022393511,-0.0009829948,-0.1744853384,0.0007249248,-0.0011388460
558339.7400235860,9.7952164864,-0.0024898166,0.0008449599,-0.1744961950,0.0007249248,-0.0017463113
558339.7500235860,9.7955182663,-0.0050807598,-0.0008363708,-0.1744961950,0.0007357755,-0.0008676562
558339.7600235860,9.7965436282,0.0042281063,-0.0016035456,-0.1745396215,0.0007357755,-0.0018981776
558339.7700235860,9.7944544856,-0.0082877159,-0.0018965228,-0.1745070516,0.0007140742,-0.0008893514
558339.7800235860,9.7960982659,0.0048355049,0.0002306567,-0.1745070516,0.0007140742,-0.0017246161
558339.7900235860,9.7937100600,-0.0085968683,0.0002448180,-0.1744636251,0.0007249248,-0.0011171509
558339.8000235860,9.7966955968,0.0046862429,-0.0014520953,-0.1744853384,0.0007249248,-0.0014642738
558339.8100235860,9.7950557302,-0.0056923267,-0.0017479021,-0.1745070516,0.0007357755,-0.0013883407
558339.8200235870,9.7954969353,0.0013251624,-0.0003759117,-0.1745287649,0.0007140742,-0.0012039316
558339.8300235870,9.7953743756,-0.0038619336,0.0008430633,-0.1745179083,0.0007249248,-0.0016703781
558339.8400235870,9.7952018644,-0.0024889833,-0.0009851572,-0.1744961950,0.0007140742,-0.0009761321
558339.8500235870,9.7959381045,0.0014804679,-0.0023622751,-0.1744961950,0.0007357755,-0.0018005492
558339.8600235870,9.7947621358,-0.0067616823,-0.0008307944,-0.1743984853,0.0007140742,-0.0009001990
558339.8700235870,9.7958034530,0.0037662187,0.0009952547,-0.1744527685,0.0007357755,-0.0017680065
558339.8800235870,9.7946245312,-0.0099655117,-0.0005259710,-0.1744527685,0.0007032236,-0.0010303701
558339.8900235870,9.7963784567,0.0059056243,-0.0023640583,-0.1745070516,0.0007683273,-0.0015835974
558339.9000235870,9.7947602364,-0.0075240391,-0.0014411822,-0.1745287649,0.0007140742,-0.0012581696
558339.9100235871,9.7958039332,0.0023937542,0.0003845879,-0.1745287649,0.0007574767,-0.0013341027
558339.9200235870,9.7955268245,-0.0047762615,0.0003838468,-0.1745070516,0.0007140742,-0.0015185118
558339.9300235870,9.7957914901,-0.0003504110,-0.0025143531,-0.1745070516,0.0007249248,-0.0010520653
558339.9400235870,9.7954888860,-0.0000468160,-0.0020541469,-0.1745396215,0.0007466261,-0.0018330920
558339.9500235870,9.7947694755,-0.0064571145,0.0002369134,-0.1744961950,0.0007249248,-0.0008134182
558339.9600235870,9.7945777908,0.0048289743,0.0008533831,-0.1744961950,0.0006815223,-0.0018873300
558339.9700235870,9.7949223760,-0.0090488913,-0.0009856193,-0.1744961950,0.0007357755,-0.0009761321
558339.9800235870,9.7974569955,0.0040794699,-0.0019162473,-0.1744853384,0.0007466261,-0.0015835974
558339.9900235870,9.7952282127,-0.0073702613,-0.0000723309,-0.1744419119,0.0007466261,-0.0012907123
558340.0000235870,9.7964129404,0.0033112779,0.0006849510,-0.1743659154,0.0007032236,-0.0012473220
558340.0100235870,9.7949105636,-0.0050833998,-0.0005262763,-0.1747024710,0.0007140742,-0.0015835974
558340.0200235870,9.7956364322,-0.0012658506,-0.0032760517,-0.1744527685,0.0007357755,-0.0010629129
558340.0300235871,9.7959447920,0.0013275937,-0.0015997960,-0.1746916143,0.0007357755,-0.0017788541
558340.0400235869,9.7943083013,-0.0055438288,0.0002411382,-0.1746156179,0.0007032236,-0.0008893514
558340.0500235870,9.7953415405,0.0033071093,0.0002363029,-0.1745396215,0.0007140742,-0.0018656348
558340.0600235870,9.7936941907,-0.0089009500,-0.0018904581,-0.1744527685,0.0006815223,-0.0009218942
558340.0700235870,9.7971418121,0.0066711769,-0.0019125240,-0.1744310552,0.0008008792,-0.0016378353
558340.0800235870,9.7953843171,-0.0082847975,-0.0000740181,-0.1744310552,0.0007140742,-0.0012473220
558340.0900235870,9.7958129717,0.0013257880,0.0009941386,-0.1744527685,0.0007140742,-0.0012581696
558340.1000235870,9.7950510855,-0.0032521737,-0.0011367470,-0.1745396215,0.0007357755,-0.0016595305
558340.1100235870,9.7954851444,-0.0009615609,-0.0029696240,-0.1745287649,0.0007249248,-0.0009652845
558340.1200235870,9.7950459607,0.0005604437,0.0000850750,-0.1745721914,0.0007140742,-0.0017788541
558340.1300235870,9.7943203430,-0.0070694452,0.0010029894,-0.1744853384,0.0007249248,-0.0009001990
558340.1400235870,9.7951895718,0.0028489727,0.0000848526,-0.1744961950,0.0006815223,-0.0018113968
558340.1500235870,9.7945992006,-0.0072191939,-0.0023548325,-0.1744636251,0.0007357755,-0.0009761321
558340.1600235871,9.7962337990,0.0054470711,-0.0016004501,-0.1744853384,0.0007683273,-0.0016595305
558340.1700235870,9.7946276491,-0.0092032243,0.0002369265,-0.1745070516,0.0007249248,-0.0012039316
558340.1800235870,9.7954983258,0.0031549993,0.0006924936,-0.1745070516,0.0007249248,-0.0013557979
558340.1900235870,9.7955194848,-0.0050808292,-0.0006838610,-0.1744527685,0.0007357755,-0.0015727498
558340.2000235870,9.7953399206,-0.0009626028,-0.0020532967,-0.1744961950,0.0007249248,-0.0009761321
558340.2100235870,9.7964181513,0.0004136137,-0.0000789232,-0.1745179083,0.0007574767,-0.0018330920
558340.2200235870,9.7946193490,-0.0067628630,0.0003905524,-0.1744527685,0.0006815223,-0.0008351134
558340.2300235870,9.7960909262,0.0045309371,-0.0008370511,-0.1744853384,0.0007357755,-0.0018656348
558340.2400235870,9.7950555295,-0.0078272174,-0.0028164470,-0.1744527685,0.0007466261,-0.0009978273
558340.2500235870,9.7966969014,0.0056011266,-0.0008416377,-0.1744636251,0.0007249248,-0.0015727498
558340.2600235870,9.7949315864,-0.0082869511,0.0005398271,-0.1744853384,0.0007249248,-0.0013015599
558340.2700235870,9.7945757193,0.0022367111,-0.0006729003,-0.1744527685,0.0006815223,-0.0012581696
558340.2800235871,9.7941261280,-0.0032553699,-0.0023492127,-0.1745070516,0.0006815223,-0.0016378353
558340.2900235869,9.7959627542,-0.0020282762,-0.0009912916,-0.1744961950,0.0007249248,-0.0009544369
558340.3000235870,9.7964308452,-0.0006545608,0.0009881568,-0.1745070516,0.0008117298,-0.0018439396
558340.3100235870,9.7949086642,-0.0058457566,-0.0011366641,-0.1744961950,0.0006706717,-0.0009001990
558340.3200235870,9.7954656555,0.0055967493,-0.0022040757,-0.1744961950,0.0007249248,-0.0018222444
558340.3300235870,9.7946118659,-0.0085923528,-0.0014404018,-0.1744636251,0.0007466261,-0.0009652845
558340.3400235870,9.7967071297,0.0042281066,-0.0002322265,-0.1744961950,0.0007249248,-0.0015944450
558340.3500235870,9.7944672369,-0.0087459216,-0.0005241443,-0.1744853384,0.0006815223,-0.0012907123
558340.3600235870,9.7954807005,0.0036134828,-0.0012899239,-0.1745179083,0.0007032236,-0.0013124075
558340.3700235870,9.7952138774,-0.0043195841,-0.0003759553,-0.1745070516,0.0007900286,-0.0015835974
558340.3800235870,9.7962720171,-0.0027897297,-0.0008416681,-0.1745396215,0.0007574767,-0.0009652845
558340.3900235870,9.7954999099,0.0005625278,-0.0003762605,-0.1745070516,0.0006598211,-0.0018656348
558340.4000235870,9.7946060314,-0.0058471460,-0.0008291071,-0.1744853384,0.0006815223,-0.0008351134
558340.4100235871,9.7954748087,0.0057487208,-0.0009839278,-0.1744419119,0.0007683273,-0.0018005492
558340.4200235870,9.7950767243,-0.0092008624,-0.0008344480,-0.1744310552,0.0007574767,-0.0010086749
558340.4300235870,9.7965629523,0.0023970889,-0.0000792851,-0.1744419119,0.0007140742,-0.0015727498
558340.4400235870,9.7938445754,-0.0058503419,-0.0006702537,-0.1744527685,0.0006272692,-0.0013883407
558340.4500235870,9.7959399753,0.0019378403,-0.0019045365,-0.1744636251,0.0007683273,-0.0011713888
558340.4600235870,9.7958095957,-0.0021813589,-0.0011426024,-0.1745504781,0.0008225805,-0.0017246161
558340.4700235870,9.7959705167,-0.0037061417,-0.0008395492,-0.1745070516,0.0007140742,-0.0008893514
558340.4800235870,9.7951846118,0.0019342973,-0.0009831343,-0.1745396215,0.0006598211,-0.0018656348
558340.4900235870,9.7944557615,-0.0076778166,-0.0014387145,-0.1744853384,0.0007140742,-0.0008893514
558340.5000235870,9.7959347931,0.0051404889,-0.0009880131,-0.1745504781,0.0007683273,-0.0017788541
558340.5100235870,9.7950798136,-0.0087435594,-0.0002241997,-0.1745287649,0.0007574767,-0.0010737605
558340.5200235870,9.7961024016,0.0034628320,0.0000775192,-0.1745070516,0.0007357755,-0.0014642738
558340.5300235871,9.7952112110,-0.0067593204,-0.0019021689,-0.1745179083,0.0007032236,-0.0014534263
558340.5400235869,9.7948757431,0.0004083331,-0.0022013724,-0.1744636251,0.0006706717,-0.0011388460
558340.5500235870,9.7956602360,-0.0008097280,-0.0000731376,-0.1744527685,0.0007357755,-0.0016920733
558340.5600235870,9.7955245308,-0.0032512006,0.0008420736,-0.1744310552,0.0007249248,-0.0009544369
558340.5700235870,9.7961063653,0.0002602528,-0.0009915140,-0.1744527685,0.0007574767,-0.0018222444
558340.5800235870,9.7953673154,-0.0076738566,-0.0019038562,-0.1744527685,0.0006706717,-0.0009110466
558340.5900235870,9.7957810110,0.0048349487,-0.0012919034,-0.1744419119,0.0007140742,-0.0018113968
558340.6000235870,9.7940097756,-0.0072228755,0.0002429083,-0.1744310552,0.0007466261,-0.0009869797
558340.6100235870,9.7967125413,0.0034653332,0.0000724442,-0.1744853384,0.0007574767,-0.0015727498
558340.6200235870,9.7949139038,-0.0084384365,-0.0017478890,-0.1744853384,0.0007032236,-0.0013557979
558340.6300235870,9.7950126668,0.0028497362,-0.0029640739,-0.1745396215,0.0006706717,-0.0012364744
558340.6400235870,9.7950498670,-0.0032521043,-0.0012892568,-0.1745396215,0.0007357755,-0.0016703781
558340.6500235870,9.7949125778,-0.0031011054,0.0006947086,-0.1745070516,0.0007249248,-0.0009544369
558340.6600235871,9.7958074167,0.0005636395,-0.0000737785,-0.1744853384,0.0007900286,-0.0018330920
558340.6700235870,9.7944430675,-0.0066096421,-0.0025057945,-0.1744527685,0.0006815223,-0.0008676562
558340.6800235870,9.7953257573,0.0039179808,-0.0014410255,-0.1744636251,0.0007032236,-0.0018113968
558340.6900235870,9.7941627620,-0.0088996991,-0.0005216765,-0.1744201986,0.0007249248,-0.0010086749
558340.7000235870,9.7965570318,0.0042273425,0.0000740617,-0.1744853384,0.0007249248,-0.0016269878
558340.7100235870,9.7947656766,-0.0079818282,-0.0009838622,-0.1744419119,0.0007140742,-0.0012364744
558340.7200235870,9.7947143131,0.0030005959,-0.0020464081,-0.1744310552,0.0007140742,-0.0013341027
558340.7300235870,9.7945963694,-0.0049316373,-0.0015912374,-0.1744310552,0.0007357755,-0.0015944450
558340.7400235870,9.7952050683,-0.0008117427,0.0002356882,-0.1744201986,0.0007140742,-0.0009652845
558340.7500235870,9.7961124005,-0.0003500631,-0.0005342638,-0.1745070516,0.0007574767,-0.0018981776
558340.7600235870,9.7944484504,-0.0076773999,-0.0023537731,-0.1744961950,0.0007249248,-0.0008351134
558340.7700235870,9.7960764474,0.0060566923,-0.0019039218,-0.1745504781,0.0007466261,-0.0018330920
558340.7800235871,9.7941645754,-0.0090522954,-0.0003692365,-0.1744636251,0.0006598211,-0.0010412177
558340.7900235869,9.7961042150,0.0033102357,0.0002299592,-0.1745287649,0.0007357755,-0.0015510546
558340.8000235870,9.7950652775,-0.0078277729,-0.0015963690,-0.1745721914,0.0007357755,-0.0013774931
558340.8100235870,9.7953292981,0.0026978349,-0.0015940933,-0.1746807577,0.0007683273,-0.0012256268
558340.8200235870,9.7950589628,-0.0037101017,-0.0003744075,-0.1746373312,0.0007140742,-0.0016595305
558340.8300235870,9.7952097416,-0.0029469113,-0.0002228177,-0.1745287649,0.0006706717,-0.0009544369
558340.8400235870,9.7961027671,0.0008704300,-0.0011437448,-0.1744853384,0.0007466261,-0.0019090252
558340.8500235870,9.7939950675,-0.0081369954,-0.0020451566,-0.1744310552,0.0007249248,-0.0008351134
558340.8600235870,9.7960867044,0.0049886567,-0.0011418613,-0.1744093420,0.0007683273,-0.0018113968
558340.8700235870,9.7944665560,-0.0095083479,-0.0009820223,-0.1744419119,0.0006815223,-0.0010520653
558340.8800235870,9.7960946104,0.0048357132,-0.0002268725,-0.1744636251,0.0007032236,-0.0015185118
558340.8900235880,9.7953667492,-0.0072163453,-0.0017511372,-0.1745287649,0.0007357755,-0.0014317311
558340.9000235880,9.7951790281,0.0008671644,-0.0022037006,-0.1745179083,0.0007683273,-0.0011496936
558340.9100235880,9.7958175303,-0.0020293181,-0.0000749643,-0.1745396215,0.0007574767,-0.0016703781
558340.9200235880,9.7955195995,-0.0038608916,-0.0000732639,-0.1744961950,0.0006489705,-0.0009978273
558340.9300235880,9.7961111820,-0.0003499937,-0.0006867735,-0.1744636251,0.0007140742,-0.0017788541
558340.9400235880,9.7948898204,-0.0053872037,-0.0032715915,-0.1744853384,0.0007466261,-0.0009761321
558340.9500235880,9.7956387044,0.0034613034,-0.0006812234,-0.1744201986,0.0007466261,-0.0017680065
558340.9600235880,9.7940156387,-0.0096630978,-0.0002157371,-0.1744310552,0.0006815223,-0.0010303701
558340.9700235880,9.7968554141,0.0043814671,-0.0006909548,-0.1744853384,0.0007683273,-0.0016595305
558340.9800235881,9.7944436051,-0.0073721378,-0.0028111628,-0.1744636251,0.0006706717,-0.0012473220
558340.9900235879,9.7953395550,0.0016297993,-0.0008320328,-0.1744636251,0.0007249248,-0.0012907123
558341.0000235880,9.7952235681,-0.0049301084,0.0005388243,-0.1744527685,0.0007249248,-0.0016269878
558341.0100235880,9.7953393830,-0.0002001071,-0.0017479284,-0.1747458975,0.0007032236,-0.0010303701
558341.0200235880,9.7962479337,0.0002615031,-0.0023653706,-0.1745070516,0.0007466261,-0.0018222444
558341.0300235880,9.7950635214,-0.0070652078,-0.0014435104,-0.1745070516,0.0007249248,-0.0008676562
558341.0400235880,9.7950376605,0.0030008049,0.0002387008,-0.1745830480,0.0007140742,-0.0018873300
558341.0500235880,9.7943062872,-0.0075261232,-0.0009798467,-0.1745721914,0.0007140742,-0.0009544369
558341.0600235880,9.7960752289,0.0060567618,-0.0020564316,-0.1745504781,0.0007357755,-0.0016703781
558341.0700235880,9.7946160303,-0.0096600412,-0.0014408901,-0.1745396215,0.0007357755,-0.0011388460
558341.0800235880,9.7961095406,0.0016325090,0.0000766821,-0.1745070516,0.0007574767,-0.0014642738
558341.0900235880,9.7949160039,-0.0055411888,-0.0000689563,-0.1745179083,0.0006815223,-0.0014751214
558341.1000235880,9.7960906681,0.0017860775,-0.0022108945,-0.1745179083,0.0007357755,-0.0011388460
558341.1100235879,9.7950401476,-0.0029465644,-0.0023566856,-0.1744527685,0.0007466261,-0.0016920733
558341.1200235880,9.7950613138,-0.0046251938,-0.0005273358,-0.1744636251,0.0006815223,-0.0009652845
558341.1300235880,9.7950508634,0.0008651503,0.0008477633,-0.1744419119,0.0007466261,-0.0018330920
558341.1400235880,9.7946016663,-0.0069143484,-0.0018971637,-0.1744636251,0.0006815223,-0.0009652845
558341.1500235880,9.7963824777,0.0033130139,-0.0031277930,-0.1744527685,0.0007357755,-0.0017680065
558341.1600235880,9.7947619924,-0.0082866042,-0.0015940408,-0.1744961950,0.0007466261,-0.0010520653
558341.1700235880,9.7964183807,0.0028534889,0.0011422710,-0.1744961950,0.0007357755,-0.0015835974
558341.1800235880,9.7940048729,-0.0075275821,-0.0005197800,-0.1744527685,0.0006815223,-0.0013124075
558341.1900235880,9.7957735566,0.0033104433,-0.0029702083,-0.1745287649,0.0007466261,-0.0013124075
558341.2000235880,9.7956616480,-0.0052321059,-0.0020577873,-0.1745287649,0.0007357755,-0.0015619022
558341.2100235880,9.7953629575,-0.0021838597,0.0002337916,-0.1744853384,0.0007249248,-0.0010629129
558341.2200235880,9.7956590749,-0.0001996898,0.0000796512,-0.1745287649,0.0007357755,-0.0018005492
558341.2300235881,9.7945897106,-0.0044737788,-0.0022010672,-0.1745070516,0.0007249248,-0.0009218942
558341.2400235879,9.7963890791,0.0022451866,-0.0028232618,-0.1745070516,0.0007574767,-0.0018113968
558341.2500235880,9.7950713414,-0.0081331045,-0.0009864695,-0.1744419119,0.0007140742,-0.0009544369
558341.2600235880,9.7957950668,0.0052916267,0.0006909328,-0.1744419119,0.0007249248,-0.0017463113
558341.2700235880,9.7936979323,-0.0079862051,-0.0009749811,-0.1744201986,0.0007032236,-0.0010954557
558341.2800235880,9.7956180471,0.0040724526,-0.0029685908,-0.1744527685,0.0007249248,-0.0015185118
558341.2900235880,9.7956741413,-0.0084351712,-0.0020592522,-0.1745070516,0.0007574767,-0.0013883407
558341.3000235880,9.7953529586,0.0016290355,0.0008455746,-0.1745396215,0.0007140742,-0.0011713888
558341.3100235880,9.7950457886,-0.0012694627,-0.0008308207,-0.1745504781,0.0007249248,-0.0017571589
558341.3200235880,9.7955006696,-0.0043172920,-0.0026661391,-0.1744636251,0.0007140742,-0.0008568086
558341.3300235880,9.7960852278,0.0022438666,-0.0026682145,-0.1745070516,0.0007466261,-0.0019198728
558341.3400235880,9.7941585403,-0.0084419795,-0.0008264868,-0.1744853384,0.0007140742,-0.0009110466
558341.3500235880,9.7954882409,0.0060529413,0.0008463288,-0.1745179083,0.0007466261,-0.0017354637
558341.3600235879,9.7943090897,-0.0101186642,-0.0018960911,-0.1745070516,0.0007032236,-0.0011822364
558341.3700235880,9.7962220655,0.0037703165,-0.0038888638,-0.1745396215,0.0007140742,-0.0014208835
558341.3800235880,9.7953698958,-0.0061490735,-0.0008355903,-0.1744961950,0.0007900286,-0.0014968166
558341.3900235880,9.7958122621,0.0002583774,0.0003836113,-0.1744310552,0.0007357755,-0.0010412177
558341.4000235880,9.7945887788,-0.0014238654,-0.0008270842,-0.1744310552,0.0006489705,-0.0018439396
558341.4100235880,9.7944430675,-0.0066096421,-0.0025057945,-0.1744093420,0.0007574767,-0.0008351134
558341.4200235880,9.7960854285,0.0043787574,-0.0015996696,-0.1744853384,0.0007900286,-0.0019090252
558341.4300235880,9.7949175880,-0.0081336604,-0.0011377105,-0.1745287649,0.0006706717,-0.0009544369
558341.4400235880,9.7964039880,0.0052941973,0.0005333480,-0.1745287649,0.0007357755,-0.0016595305
558341.4500235880,9.7947655906,-0.0088967814,-0.0014418100,-0.1745504781,0.0007249248,-0.0012690172
558341.4600235880,9.7959296897,0.0027008915,-0.0028192463,-0.1745179083,0.0007140742,-0.0013124075
558341.4700235880,9.7955105037,-0.0034028943,-0.0009881132,-0.1744961950,0.0007574767,-0.0016269878
558341.4800235881,9.7953635237,-0.0026413710,0.0000810726,-0.1745287649,0.0007032236,-0.0009869797
558341.4900235879,9.7958036465,-0.0006560898,-0.0011419048,-0.1745287649,0.0007249248,-0.0018656348
558341.5000235880,9.7947470048,-0.0056933689,-0.0022028939,-0.1745396215,0.0007357755,-0.0008893514
558341.5100235880,9.7966967867,0.0043811890,-0.0014522348,-0.1745287649,0.0007249248,-0.0018222444
558341.5200235880,9.7952346708,-0.0099630106,-0.0005310460,-0.1745179083,0.0007140742,-0.0009761321
558341.5300235880,9.7962434037,0.0039215936,-0.0011436184,-0.1744853384,0.0007357755,-0.0016595305
558341.5400235880,9.7941476597,-0.0075264013,-0.0017411268,-0.1744310552,0.0007466261,-0.0012473220
558341.5500235880,9.7963989132,0.0031595843,-0.0011452359,-0.1744636251,0.0007357755,-0.0013991883
558341.5600235880,9.7955230256,-0.0063009751,-0.0008369288,-0.1744636251,0.0007357755,-0.0015185118
558341.5700235880,9.7956432916,0.0004111817,-0.0015976771,-0.1746047613,0.0007357755,-0.0010954557
558341.5800235880,9.7954930504,-0.0011145044,-0.0020546352,-0.1746916143,0.0007249248,-0.0017571589
558341.5900235880,9.7945933374,-0.0047789716,-0.0018961872,-0.1746264746,0.0007357755,-0.0009001990
558341.6000235880,9.7964067331,0.0020916875,-0.0006881949,-0.1745179083,0.0007249248,-0.0018873300
558341.6100235879,9.7947595554,-0.0082864654,-0.0018990603,-0.1744310552,0.0007140742,-0.0009110466
558341.6200235880,9.7963862766,0.0048377275,-0.0019070174,-0.1744636251,0.0007466261,-0.0017354637
558341.6300235880,9.7939895985,-0.0079841907,-0.0026551259,-0.1744961950,0.0007357755,-0.0011822364
558341.6400235880,9.7957929953,0.0026993635,-0.0008353507,-0.1745396215,0.0007249248,-0.0014100359
558341.6500235880,9.7958382950,-0.0079777290,-0.0003827044,-0.1745721914,0.0007357755,-0.0014642738
558341.6600235880,9.7959452722,-0.0000448708,-0.0022104629,-0.1745396215,0.0007249248,-0.0011713888
558341.6700235880,9.7954936740,-0.0009620470,-0.0019020557,-0.1744527685,0.0007466261,-0.0017354637
558341.6800235880,9.7947514560,-0.0037112134,-0.0006768895,-0.1743659154,0.0007249248,-0.0009544369
558341.6900235880,9.7959574859,0.0002594193,-0.0005327160,-0.1744636251,0.0007466261,-0.0018439396
558341.7000235880,9.7952081791,-0.0066066546,-0.0022071187,-0.1744961950,0.0006815223,-0.0009652845
558341.7100235880,9.7959201710,0.0051413222,-0.0028181302,-0.1744961950,0.0007574767,-0.0017788541
558341.7200235880,9.7943074483,-0.0081361615,-0.0011326355,-0.1745070516,0.0007249248,-0.0010412177
558341.7300235881,9.7956520506,0.0028505708,0.0006910854,-0.1745070516,0.0007357755,-0.0015402070
558341.7400235879,9.7952213819,-0.0087423092,-0.0015980562,-0.1744961950,0.0007140742,-0.0013883407
558341.7500235880,9.7957759076,0.0023953513,-0.0031231366,-0.1744527685,0.0007357755,-0.0011822364
558341.7600235880,9.7959590700,-0.0023330523,-0.0016014702,-0.1745070516,0.0007683273,-0.0017354637
558341.7700235880,9.7944571807,-0.0055429952,-0.0002176599,-0.1745070516,0.0006706717,-0.0009001990
558341.7800235880,9.7951942451,0.0007138042,-0.0003736533,-0.1745504781,0.0007249248,-0.0018547872
558341.7900235880,9.7949018907,-0.0066078357,-0.0023570910,-0.1744961950,0.0007032236,-0.0009001990
558341.8000235880,9.7959268584,0.0049884481,-0.0020556511,-0.1744961950,0.0007466261,-0.0018113968
558341.8100235880,9.7938630178,-0.0105786763,-0.0006724161,-0.1744310552,0.0007140742,-0.0010303701
558341.8200235880,9.7965472837,0.0042278980,-0.0011460163,-0.1744093420,0.0007574767,-0.0016378353
558341.8300235880,9.7952148092,-0.0073694975,-0.0017499382,-0.1744093420,0.0007249248,-0.0013124075
558341.8400235880,9.7953250476,0.0028505701,-0.0020515528,-0.1744310552,0.0007249248,-0.0012690172
558341.8500235880,9.7953578254,-0.0049284415,-0.0017500908,-0.1744853384,0.0007357755,-0.0016486829
558341.8600235879,9.7958161397,-0.0038591550,-0.0011433697,-0.1744853384,0.0007249248,-0.0009544369
558341.8700235880,9.7956451624,0.0008685541,-0.0011399385,-0.1744961950,0.0007466261,-0.0019198728
558341.8800235880,9.7952099065,-0.0076742041,-0.0025126265,-0.1744853384,0.0006923730,-0.0008568086
558341.8900235880,9.7959292094,0.0040733560,-0.0022085794,-0.1745070516,0.0007357755,-0.0018113968
558341.9000235880,9.7941548274,-0.0090517399,-0.0015893146,-0.1744853384,0.0007249248,-0.0010846081
558341.9100235880,9.7959384773,0.0054452650,-0.0003778345,-0.1745070516,0.0007357755,-0.0015510546
558341.9200235880,9.7947692461,-0.0088969897,-0.0009842808,-0.1744527685,0.0007249248,-0.0013015599
558341.9300235880,9.7953322153,0.0013252315,-0.0018997406,-0.1744419119,0.0007466261,-0.0013341027
558341.9400235880,9.7948916911,-0.0049298313,-0.0028138529,-0.1744961950,0.0007249248,-0.0015835974
558341.9500235880,9.7951995994,-0.0006589381,-0.0003742811,-0.1744636251,0.0007357755,-0.0010520653
558341.9600235890,9.7953605778,-0.0015737520,0.0002340707,-0.1744636251,0.0007357755,-0.0018113968
558341.9700235890,9.7958158530,-0.0069089990,-0.0026698624,-0.1745070516,0.0007249248,-0.0009001990
558341.9800235890,9.7957778644,0.0037676769,-0.0022074502,-0.1744961950,0.0007574767,-0.0018547872
558341.9900235890,9.7946034223,-0.0076769135,-0.0020500223,-0.1744636251,0.0006815223,-0.0009435894
558342.0000235890,9.7965552183,0.0043799388,-0.0000783783,-0.1745070516,0.0007357755,-0.0017463113
558342.0100235890,9.7943114980,-0.0104237875,-0.0017437209,-0.1748110373,0.0007249248,-0.0011496936
558342.0200235890,9.7959231169,0.0040737032,-0.0029711282,-0.1745287649,0.0007140742,-0.0014968166
558342.0300235890,9.7947470048,-0.0056933689,-0.0022028939,-0.1745830480,0.0007574767,-0.0014642738
558342.0400235890,9.7959592420,-0.0005031459,-0.0006855745,-0.1745721914,0.0007249248,-0.0010846081
558342.0500235891,9.7961152317,-0.0026376197,-0.0012978589,-0.1745721914,0.0007357755,-0.0018222444
558342.0600235889,9.7955090271,-0.0061476844,-0.0025144664,-0.1745070516,0.0007140742,-0.0008568086
558342.0700235890,9.7963898461,0.0039225660,-0.0019074359,-0.1743984853,0.0007140742,-0.0019307204
558342.0800235890,9.7947685652,-0.0096594159,-0.0014421588,-0.1743333456,0.0007357755,-0.0009327418
558342.0900235890,9.7962362647,0.0057519166,-0.0011427813,-0.1743984853,0.0007357755,-0.0016920733
558342.1000235890,9.7939968809,-0.0082895918,-0.0018927166,-0.1744093420,0.0007140742,-0.0013449503
558342.1100235890,9.7953351899,0.0005625969,-0.0019000894,-0.1744527685,0.0007140742,-0.0011388460
558342.1200235890,9.7948948951,-0.0032525907,-0.0015930075,-0.1745179083,0.0007466261,-0.0018439396
558342.1300235890,9.7945957744,-0.0047791104,-0.0015911676,-0.1745287649,0.0007249248,-0.0008568086
558342.1400235890,9.7960853138,0.0031588198,-0.0022102667,-0.1745287649,0.0007466261,-0.0018547872
558342.1500235890,9.7949175019,-0.0090486136,-0.0015956583,-0.1745396215,0.0007357755,-0.0009652845
558342.1600235890,9.7962397195,0.0036168175,-0.0017537969,-0.1745396215,0.0007357755,-0.0017354637
558342.1700235890,9.7942971914,-0.0070681259,-0.0018946960,-0.1745179083,0.0007140742,-0.0011605412
558342.1800235891,9.7960890554,0.0040735647,-0.0012947896,-0.1745287649,0.0007357755,-0.0014968166
558342.1900235889,9.7950646252,-0.0082852148,-0.0019015978,-0.1745287649,0.0007140742,-0.0013666455
558342.2000235890,9.7959465480,0.0005650286,-0.0017526546,-0.1745396215,0.0007357755,-0.0012581696
558342.2100235890,9.7950480536,-0.0030995080,-0.0014416968,-0.1745504781,0.0007249248,-0.0016486829
558342.2200235890,9.7954948351,-0.0015720852,-0.0020548445,-0.1744961950,0.0007140742,-0.0010412177
558342.2300235890,9.7962515318,-0.0003486740,-0.0022131398,-0.1745396215,0.0007466261,-0.0017680065
558342.2400235890,9.7952106447,-0.0063018091,-0.0017494499,-0.1745179083,0.0007140742,-0.0009544369
558342.2500235890,9.7962511376,0.0019387437,-0.0011445252,-0.1744961950,0.0007574767,-0.0018330920
558342.2600235890,9.7950580812,-0.0066074187,-0.0019008304,-0.1743767721,0.0007140742,-0.0009544369
558342.2700235890,9.7968480744,0.0040768994,-0.0017586626,-0.1743767721,0.0007466261,-0.0017463113
558342.2800235890,9.7944543996,-0.0092026691,-0.0023544706,-0.1744419119,0.0007357755,-0.0010737605
558342.2900235890,9.7960933058,0.0039208294,-0.0008373301,-0.1744636251,0.0007249248,-0.0016269878
558342.3000235891,9.7944479129,-0.0069149042,-0.0020484048,-0.1745179083,0.0007357755,-0.0013015599
558342.3100235889,9.7957826810,0.0031574303,-0.0019027097,-0.1745287649,0.0007249248,-0.0013015599
558342.3200235890,9.7949038188,-0.0055404945,-0.0015940539,-0.1745287649,0.0007466261,-0.0015727498
558342.3300235890,9.7945946993,-0.0032541190,-0.0009804310,-0.1745179083,0.0007140742,-0.0010846081
558342.3400235890,9.7958023993,-0.0009610047,-0.0014470639,-0.1745070516,0.0007357755,-0.0018113968
558342.3500235890,9.7953530374,-0.0040132106,-0.0019021821,-0.1745179083,0.0007357755,-0.0009652845
558342.3600235890,9.7956385610,0.0019363814,-0.0014444698,-0.1745939047,0.0007466261,-0.0018222444
558342.3700235890,9.7950591276,-0.0084373945,-0.0026642163,-0.1745721914,0.0007466261,-0.0009218942
558342.3800235890,9.7959335172,0.0045305896,-0.0014458214,-0.1745179083,0.0007249248,-0.0017788541
558342.3900235890,9.7939986943,-0.0084421881,-0.0017402766,-0.1744527685,0.0007249248,-0.0010954557
558342.4000235890,9.7956260104,0.0045294779,-0.0017483034,-0.1744527685,0.0007249248,-0.0014859690
558342.4100235890,9.7953582769,-0.0066058904,-0.0025134069,-0.1744093420,0.0007357755,-0.0014425787
558342.4200235890,9.7956481083,-0.0001990649,-0.0012929366,-0.1744636251,0.0007357755,-0.0011713888
558342.4300235891,9.7952029968,-0.0034040059,-0.0012905953,-0.1745070516,0.0007466261,-0.0017246161
558342.4400235889,9.7948936766,-0.0032525213,-0.0017455173,-0.1745070516,0.0007140742,-0.0009544369
558342.4500235890,9.7962486719,0.0016338981,-0.0016021940,-0.1745396215,0.0007357755,-0.0018547872
558342.4600235890,9.7950651055,-0.0096576793,-0.0025122646,-0.1745396215,0.0007249248,-0.0009001990
558342.4700235890,9.7953130920,0.0052911397,-0.0023554562,-0.1745721914,0.0007466261,-0.0018330920
558342.4800235890,9.7943098567,-0.0084412847,-0.0009802653,-0.1744853384,0.0007249248,-0.0010520653
558342.4900235890,9.7962583913,0.0013283582,-0.0005347652,-0.1745070516,0.0007032236,-0.0015185118
558342.5000235890,9.7948975829,-0.0070650693,-0.0031198490,-0.1744527685,0.0007466261,-0.0014751214
558342.5100235890,9.7960870412,0.0020912702,-0.0025157745,-0.1744201986,0.0007466261,-0.0011279984
558342.5200235890,9.7953508584,-0.0012682121,-0.0008333581,-0.1744961950,0.0007032236,-0.0017571589
558342.5300235890,9.7947680276,-0.0088969202,-0.0011367905,-0.1744201986,0.0006815223,-0.0009110466
558342.5400235890,9.7960894209,0.0014811626,-0.0025160535,-0.1744310552,0.0007574767,-0.0019307204
558342.5500235891,9.7947462952,-0.0067607796,-0.0028134213,-0.1744310552,0.0006923730,-0.0009110466
558342.5600235889,9.7963869575,0.0056001538,-0.0014491393,-0.1744636251,0.0007574767,-0.0017463113
558342.5700235890,9.7946286956,-0.0110332001,-0.0005264593,-0.1744961950,0.0007249248,-0.0012039316
558342.5800235890,9.7960871559,0.0033112078,-0.0019051774,-0.1744853384,0.0007032236,-0.0013991883
558342.5900235890,9.7950467204,-0.0043193761,-0.0022048036,-0.1744961950,0.0007466261,-0.0015619022
558342.6000235890,9.7951849773,-0.0006581048,-0.0022043982,-0.1745179083,0.0007140742,-0.0010737605
558342.6100235890,9.7958112944,-0.0035538929,-0.0016007595,-0.1745504781,0.0007466261,-0.0017680065
558342.6200235890,9.7941406067,-0.0047811251,-0.0012823419,-0.1745070516,0.0007249248,-0.0009435894
558342.6300235890,9.7967033021,0.0023984085,-0.0016056514,-0.1745070516,0.0007466261,-0.0019090252
558342.6400235890,9.7949083488,-0.0092005850,-0.0028158061,-0.1745396215,0.0007357755,-0.0009001990
558342.6500235890,9.7960866757,0.0046836723,-0.0012945106,-0.1744853384,0.0007466261,-0.0017571589
558342.6600235890,9.7950754484,-0.0098107617,-0.0012922563,-0.1744201986,0.0007249248,-0.0011605412
558342.6700235890,9.7960841814,0.0040738424,-0.0019048287,-0.1744201986,0.0007249248,-0.0014751214
558342.6800235891,9.7953539692,-0.0070631240,-0.0032761650,-0.1744419119,0.0007466261,-0.0015076642
558342.6900235889,9.7956425534,-0.0009612134,-0.0023608537,-0.1744636251,0.0007466261,-0.0010846081
558342.7000235890,9.7967273281,-0.0012627930,-0.0003872475,-0.1745070516,0.0007249248,-0.0018113968
558342.7100235890,9.7950575436,-0.0058449230,-0.0015954621,-0.1745070516,0.0007140742,-0.0009218942
558342.7200235890,9.7957747177,0.0027004051,-0.0031229971,-0.1745287649,0.0007466261,-0.0018547872
558342.7300235890,9.7948999626,-0.0076751769,-0.0031201281,-0.1744961950,0.0007466261,-0.0009435894
558342.7400235890,9.7960842100,0.0043788268,-0.0017521794,-0.1744961950,0.0007357755,-0.0017463113
558342.7500235890,9.7946117798,-0.0095073060,-0.0018983496,-0.1744636251,0.0007140742,-0.0011713888
558342.7600235890,9.7959304279,0.0040732866,-0.0020560697,-0.1745179083,0.0007466261,-0.0014208835
558342.7700235890,9.7956651028,-0.0073672050,-0.0026688030,-0.1744527685,0.0007574767,-0.0015510546
558342.7800235890,9.7950408286,-0.0021841381,-0.0018988075,-0.1744853384,0.0007249248,-0.0010412177
558342.7900235890,9.7954973582,-0.0006572709,-0.0012918771,-0.1744853384,0.0007466261,-0.0018439396
558342.8000235891,9.7946053791,-0.0063045879,-0.0011343359,-0.1744419119,0.0006923730,-0.0008893514
558342.8100235889,9.7956318735,0.0020892555,-0.0022069488,-0.1744419119,0.0007574767,-0.0018656348
558342.8200235890,9.7952200774,-0.0096571929,-0.0022085138,-0.1744527685,0.0007357755,-0.0009869797
558342.8300235890,9.7959286719,0.0048358517,-0.0019032111,-0.1745287649,0.0007357755,-0.0016920733
558342.8400235890,9.7942965104,-0.0078305521,-0.0023525741,-0.1744853384,0.0007140742,-0.0011822364
558342.8500235890,9.7954764214,0.0034612336,-0.0019000327,-0.1745287649,0.0007357755,-0.0013991883
558342.8600235890,9.7950568340,-0.0069123337,-0.0022059895,-0.1745287649,0.0007574767,-0.0015185118
558342.8700235890,9.7950378540,-0.0014215035,-0.0018984587,-0.1745396215,0.0007249248,-0.0011388460
558342.8800235890,9.7951891417,-0.0017257932,-0.0022048865,-0.1745396215,0.0007357755,-0.0017571589
558342.8900235890,9.7948899924,-0.0035572974,-0.0023556959,-0.1745287649,0.0007249248,-0.0009544369
558342.9000235890,9.7959465767,0.0008700130,-0.0016000053,-0.1745504781,0.0007900286,-0.0018873300
558342.9100235890,9.7947685078,-0.0102693847,-0.0017474574,-0.1745287649,0.0007140742,-0.0008893514
558342.9200235890,9.7969928467,0.0057553902,-0.0019116738,-0.1744961950,0.0007466261,-0.0018330920
558342.9300235891,9.7944508301,-0.0082875076,-0.0023540521,-0.1744419119,0.0007249248,-0.0010846081
558342.9400235889,9.7962446222,0.0039215241,-0.0009911086,-0.1744201986,0.0007249248,-0.0015076642
558342.9500235890,9.7944532384,-0.0085926309,-0.0022016818,-0.1744310552,0.0007357755,-0.0014642738
558342.9600235890,9.7962454966,0.0002616419,-0.0026703901,-0.1744636251,0.0007249248,-0.0011713888
558342.9700235890,9.7947303472,-0.0014226152,-0.0022009408,-0.1745287649,0.0007466261,-0.0017571589
558342.9800235890,9.7948954040,-0.0043200708,-0.0020510251,-0.1745396215,0.0007357755,-0.0008785038
558342.9900235890,9.7960942949,0.0014808848,-0.0019060145,-0.1744853384,0.0007357755,-0.0019090252
558343.0000235890,9.7950639730,-0.0087426567,-0.0022068265,-0.1744853384,0.0007249248,-0.0009435894
558343.0100235890,9.7954704722,0.0049865028,-0.0018993352,-0.1747676107,0.0007466261,-0.0017680065
558343.0200235890,9.7938448835,-0.0090527127,-0.0021968162,-0.1744419119,0.0007249248,-0.0011279984
558343.0300235890,9.7962408807,0.0030067793,-0.0019065857,-0.1745287649,0.0007140742,-0.0014968166
558343.0400235900,9.7950592423,-0.0072174570,-0.0020536192,-0.1745287649,0.0007466261,-0.0014859690
558343.0500235900,9.7957860498,0.0001073781,-0.0029716732,-0.1745070516,0.0007357755,-0.0010954557
558343.0600235900,9.7954942115,-0.0017245427,-0.0022074240,-0.1744853384,0.0007357755,-0.0018330920
558343.0700235900,9.7953571445,-0.0056908678,-0.0022079689,-0.1743984853,0.0007249248,-0.0009001990
558343.0800235900,9.7966972382,0.0027037401,-0.0022155509,-0.1744419119,0.0007466261,-0.0019198728
558343.0900235900,9.7950645966,-0.0085901992,-0.0020542470,-0.1744201986,0.0007249248,-0.0009435894
558343.1000235900,9.7966931025,0.0040764130,-0.0020624134,-0.1744310552,0.0007357755,-0.0017354637
558343.1100235900,9.7939980134,-0.0092046144,-0.0021981547,-0.1744853384,0.0007357755,-0.0011713888
558343.1200235900,9.7963910933,0.0042274810,-0.0016022769,-0.1744961950,0.0007249248,-0.0014100359
558343.1300235901,9.7947512553,-0.0058461041,-0.0017454344,-0.1745287649,0.0007249248,-0.0015619022
558343.1400235899,9.7959543106,-0.0011128369,-0.0016009121,-0.1744636251,0.0007357755,-0.0010303701
558343.1500235900,9.7956449904,-0.0009613523,-0.0020558342,-0.1745287649,0.0007249248,-0.0018873300
558343.1600235900,9.7948982065,-0.0069126118,-0.0029672695,-0.1744961950,0.0007357755,-0.0008893514
558343.1700235900,9.7963862192,0.0042277588,-0.0022123159,-0.1745070516,0.0007466261,-0.0018873300
558343.1800235900,9.7949193154,-0.0092012099,-0.0014432183,-0.1744853384,0.0007357755,-0.0009761321
558343.1900235900,9.7962391246,0.0037693444,-0.0017537271,-0.1744853384,0.0007249248,-0.0016703781
558343.2000235900,9.7939925444,-0.0090518097,-0.0028081239,-0.1745179083,0.0007357755,-0.0013232551
558343.2100235900,9.7965392344,0.0028559195,-0.0028242515,-0.1744201986,0.0007466261,-0.0013341027
558343.2200235900,9.7950534078,-0.0044722502,-0.0014423246,-0.1744201986,0.0007357755,-0.0016378353
558343.2300235900,9.7950474587,-0.0029469810,-0.0014416270,-0.1744853384,0.0007357755,-0.0009978273
558343.2400235900,9.7957938698,-0.0009605187,-0.0025146322,-0.1744961950,0.0007249248,-0.0018656348
558343.2500235901,9.7944310545,-0.0047790413,-0.0031149965,-0.1745179083,0.0007466261,-0.0009435894
558343.2600235899,9.7963940105,0.0028548776,-0.0019079242,-0.1745396215,0.0007683273,-0.0018222444
558343.2700235900,9.7952232240,-0.0085899211,-0.0012929670,-0.1744961950,0.0007249248,-0.0009652845
558343.2800235900,9.7960835864,0.0042263693,-0.0019047589,-0.1745287649,0.0007357755,-0.0017571589
558343.2900235900,9.7942939874,-0.0087453665,-0.0031155414,-0.1744419119,0.0007140742,-0.0011713888
558343.3000235900,9.7965381306,0.0040759266,-0.0023661641,-0.1745070516,0.0007466261,-0.0014534263
558343.3100235900,9.7953655593,-0.0069112914,-0.0017509977,-0.1745504781,0.0007357755,-0.0015185118
558343.3200235900,9.7953332905,-0.0001997599,-0.0025104772,-0.1745396215,0.0007249248,-0.0010846081
558343.3300235900,9.7951896793,-0.0024882889,-0.0025102548,-0.1745287649,0.0007357755,-0.0018222444
558343.3400235900,9.7944335488,-0.0041692114,-0.0025046784,-0.1744310552,0.0007249248,-0.0009652845
558343.3500235900,9.7957898774,0.0019370761,-0.0015982483,-0.1744527685,0.0007683273,-0.0018547872
558343.3600235900,9.7939908457,-0.0076792758,-0.0023499668,-0.1744419119,0.0007032236,-0.0009544369
558343.3700235900,9.7968448991,0.0027046432,-0.0028268587,-0.1745070516,0.0007466261,-0.0017571589
558343.3800235901,9.7938321609,-0.0082895227,-0.0034165454,-0.1744527685,0.0007466261,-0.0011388460
558343.3900235899,9.7963881187,0.0049901156,-0.0016019281,-0.1745179083,0.0007357755,-0.0015402070
558343.4000235900,9.7950610271,-0.0076750377,-0.0020538285,-0.1745179083,0.0007249248,-0.0014208835
558343.4100235900,9.7957890244,-0.0006552565,-0.0029720219,-0.1744853384,0.0007357755,-0.0012039316
558343.4200235900,9.7950444268,-0.0027943152,-0.0017465768,-0.1745179083,0.0007249248,-0.0017463113
558343.4300235900,9.7955031066,-0.0043174308,-0.0023611196,-0.1744419119,0.0007249248,-0.0009218942
558343.4400235900,9.7957868168,0.0017847575,-0.0020558473,-0.1745504781,0.0007466261,-0.0019307204
558343.4500235900,9.7944540054,-0.0069152514,-0.0012858560,-0.1745504781,0.0007466261,-0.0009001990
558343.4600235900,9.7963904123,0.0034650547,-0.0020601549,-0.1745504781,0.0007249248,-0.0018005492
558343.4700235900,9.7945995088,-0.0104215648,-0.0038813950,-0.1745179083,0.0007357755,-0.0011279984
558343.4800235900,9.7960757092,0.0046842973,-0.0026670984,-0.1744853384,0.0007357755,-0.0015402070
558343.4900235900,9.7958238163,-0.0064519737,-0.0014495751,-0.1744419119,0.0007574767,-0.0014859690
558343.5000235901,9.7954888573,-0.0003518004,-0.0022067962,-0.1744310552,0.0007249248,-0.0010737605
558343.5100235899,9.7953433467,-0.0034026863,-0.0028169616,-0.1745070516,0.0007466261,-0.0018330920
558343.5200235900,9.7944304309,-0.0049314988,-0.0032675760,-0.1744419119,0.0007249248,-0.0009110466
558343.5300235900,9.7957767319,0.0046826995,-0.0019020122,-0.1744636251,0.0007357755,-0.0019090252
558343.5400235900,9.7947661282,-0.0096592771,-0.0017471783,-0.1744527685,0.0007466261,-0.0009218942
558343.5500235900,9.7959261488,0.0039210374,-0.0026661785,-0.1744527685,0.0007249248,-0.0017571589
558343.5600235900,9.7947533482,-0.0095060558,-0.0032722062,-0.1744853384,0.0007466261,-0.0012147792
558343.5700235900,9.7957730190,0.0040729390,-0.0026648400,-0.1745070516,0.0007357755,-0.0013774931
558343.5800235900,9.7953535176,-0.0053856751,-0.0025128489,-0.1745070516,0.0007466261,-0.0015835974
558343.5900235900,9.7959523538,-0.0024851626,-0.0025165985,-0.1745721914,0.0007140742,-0.0009978273
558343.6000235900,9.7954869865,-0.0008091729,-0.0026645347,-0.1745721914,0.0007683273,-0.0019198728
558343.6100235900,9.7947505457,-0.0069135148,-0.0023559618,-0.1745070516,0.0007140742,-0.0008893514
558343.6200235900,9.7957869888,0.0036146639,-0.0011399517,-0.1745287649,0.0007574767,-0.0018330920
558343.6300235901,9.7949180395,-0.0098111093,-0.0019010266,-0.1745070516,0.0007249248,-0.0010412177
558343.6400235899,9.7959303419,0.0031583334,-0.0025140175,-0.1745070516,0.0007357755,-0.0016269878
558343.6500235900,9.7947425250,-0.0079805088,-0.0038815476,-0.1744093420,0.0007574767,-0.0013232551
558343.6600235900,9.7956301461,0.0031568051,-0.0019014410,-0.1744636251,0.0007140742,-0.0013774931
558343.6700235900,9.7958190283,-0.0055367428,-0.0016016663,-0.1745179083,0.0007574767,-0.0015510546
558343.6800235900,9.7956479363,-0.0020289712,-0.0022088322,-0.1744961950,0.0007357755,-0.0011388460
558343.6900235900,9.7956322391,-0.0005031466,-0.0034282127,-0.1744961950,0.0007357755,-0.0018005492
558343.7000235900,9.7944323877,-0.0035591732,-0.0023518896,-0.1744961950,0.0007357755,-0.0009218942
558343.7100235900,9.7956391559,0.0017838545,-0.0014445395,-0.1745396215,0.0007466261,-0.0018439396
558343.7200235900,9.7947649097,-0.0096592076,-0.0018996881,-0.1744636251,0.0007140742,-0.0009544369
558343.7300235900,9.7960750856,0.0045318398,-0.0028196779,-0.1745179083,0.0007466261,-0.0018113968
558343.7400235900,9.7942939874,-0.0087453665,-0.0031155414,-0.1745396215,0.0007357755,-0.0011605412
558343.7500235901,9.7960884318,0.0039211072,-0.0014473691,-0.1745504781,0.0007574767,-0.0014208835
558343.7600235899,9.7958255724,-0.0072145389,-0.0016024336,-0.1745830480,0.0007357755,-0.0015510546
558343.7700235900,9.7956400877,-0.0012660589,-0.0028185225,-0.1745830480,0.0007249248,-0.0011171509
558343.7800235900,9.7956267988,-0.0000453575,-0.0038855327,-0.1745287649,0.0007466261,-0.0018113968
558343.7900235900,9.7945884634,-0.0047786938,-0.0025062262,-0.1744201986,0.0007249248,-0.0009218942
558343.8000235900,9.7959441970,0.0014801207,-0.0015997263,-0.1744853384,0.0007357755,-0.0018981776
558343.8100235900,9.7947570611,-0.0088962953,-0.0025093783,-0.1742573492,0.0007357755,-0.0009652845
558343.8200235900,9.7959122937,0.0055992501,-0.0035804697,-0.1743442022,0.0007466261,-0.0017463113
558343.8300235900,9.7938418229,-0.0092050313,-0.0026544152,-0.1744961950,0.0007574767,-0.0011388460
558343.8400235900,9.7962487580,0.0025488513,-0.0011442462,-0.1745287649,0.0007357755,-0.0015402070
558343.8500235900,9.7947516781,-0.0078285374,-0.0026613998,-0.1745070516,0.0007466261,-0.0014100359
558343.8600235900,9.7959265717,0.0019386041,-0.0035821438,-0.1744636251,0.0007357755,-0.0012473220
558343.8700235900,9.7950443121,-0.0040142528,-0.0023571739,-0.1745287649,0.0007466261,-0.0016920733
558343.8800235901,9.7947464673,-0.0049308732,-0.0018975256,-0.1745179083,0.0007357755,-0.0009869797
558343.8900235899,9.7956402884,0.0008688319,-0.0017499776,-0.1745396215,0.0007357755,-0.0019415680
558343.9000235900,9.7944315347,-0.0061515058,-0.0037256633,-0.1744853384,0.0007357755,-0.0008351134
558343.9100235900,9.7968371652,0.0046874931,-0.0028259519,-0.1744961950,0.0007357755,-0.0018547872
558343.9200235900,9.7938562730,-0.0110357710,-0.0017401937,-0.1744201986,0.0007357755,-0.0011171509
558343.9300235900,9.7960842387,0.0046838112,-0.0015995301,-0.1744310552,0.0007249248,-0.0015293594
558343.9400235900,9.7942771577,-0.0063045191,-0.0040294839,-0.1744093420,0.0007466261,-0.0015076642
558343.9500235900,9.7957890818,-0.0000452877,-0.0026667234,-0.1744961950,0.0007357755,-0.0010737605
558343.9600235900,9.7953489017,-0.0026405378,-0.0017490445,-0.1745830480,0.0007574767,-0.0018222444
558343.9700235900,9.7947493845,-0.0063034766,-0.0022031730,-0.1745287649,0.0007249248,-0.0009435894
558343.9800235900,9.7960792787,0.0037691358,-0.0026675170,-0.1745396215,0.0007574767,-0.0018981776
558343.9900235900,9.7952104154,-0.0087416842,-0.0029706441,-0.1745179083,0.0007357755,-0.0009435894
558344.0000235901,9.7962360640,0.0036170258,-0.0022113262,-0.1744961950,0.0007249248,-0.0017354637
558344.0100235899,9.7944538047,-0.0090501422,-0.0023544009,-0.1747676107,0.0007466261,-0.0012364744
558344.0200235900,9.7953092931,0.0037664260,-0.0035762318,-0.1744961950,0.0007140742,-0.0014317311
558344.0300235900,9.7945816899,-0.0055407729,-0.0037266530,-0.1745070516,0.0007683273,-0.0015076642
558344.0400235900,9.7954948925,-0.0009621164,-0.0017495459,-0.1745070516,0.0007249248,-0.0011171509
558344.0500235900,9.7950479676,-0.0040144611,-0.0018996446,-0.1745070516,0.0007357755,-0.0018222444
558344.0600235900,9.7945763357,-0.0041680306,-0.0037260252,-0.1744527685,0.0007032236,-0.0009652845
558344.0700235900,9.7956210503,0.0036148025,-0.0028162903,-0.1744310552,0.0007466261,-0.0019090252
558344.0800235900,9.7950675425,-0.0096578182,-0.0022072451,-0.1744201986,0.0007357755,-0.0009435894
558344.0900235900,9.7960890267,0.0037685803,-0.0014474389,-0.1744310552,0.0007357755,-0.0017571589
558344.1000235900,9.7950554434,-0.0087421706,-0.0032743949,-0.1744853384,0.0007466261,-0.0012147792
558344.1100235910,9.7953057236,0.0046815875,-0.0035758133,-0.1745070516,0.0007249248,-0.0013883407
558344.1200235910,9.7948940708,-0.0055399390,-0.0028141320,-0.1745287649,0.0007683273,-0.0015619022
558344.1300235910,9.7951909551,-0.0018783896,-0.0020524465,-0.1745396215,0.0007249248,-0.0010846081
558344.1400235910,9.7954875241,-0.0015716686,-0.0029699030,-0.1745830480,0.0007683273,-0.0018873300
558344.1500235910,9.7942736169,-0.0050843733,-0.0038764160,-0.1745396215,0.0007249248,-0.0008676562
558344.1600235910,9.7963922544,0.0036174428,-0.0017550656,-0.1745070516,0.0007574767,-0.0018873300
558344.1700235910,9.7944652801,-0.0101182472,-0.0014398306,-0.1745396215,0.0007249248,-0.0009652845
558344.1800235910,9.7960811781,0.0045314926,-0.0020571291,-0.1745396215,0.0007466261,-0.0017354637
558344.1900235910,9.7947509972,-0.0085909637,-0.0031192779,-0.1744636251,0.0007249248,-0.0012690172
558344.2000235911,9.7962365729,0.0025495457,-0.0026693437,-0.1744853384,0.0007357755,-0.0013449503
558344.2100235909,9.7951991693,-0.0052337040,-0.0026640202,-0.1744961950,0.0007466261,-0.0016378353
558344.2200235910,9.7957925939,-0.0015704180,-0.0029724405,-0.1744961950,0.0007249248,-0.0010412177
558344.2300235910,9.7954786577,0.0013262040,-0.0026635581,-0.1745287649,0.0007574767,-0.0018222444
558344.2400235910,9.7950459534,-0.0059967556,-0.0031206295,-0.1744961950,0.0007357755,-0.0009652845
558344.2500235910,9.7960942089,0.0005659316,-0.0023639623,-0.1745179083,0.0007574767,-0.0018330920
558344.2600235910,9.7941409723,-0.0073735272,-0.0025036058,-0.1744961950,0.0007249248,-0.0010086749
558344.2700235910,9.7960798736,0.0036166088,-0.0026675867,-0.1745070516,0.0007466261,-0.0017571589
558344.2800235910,9.7941474590,-0.0096612921,-0.0028096717,-0.1744419119,0.0007466261,-0.0011279984
558344.2900235910,9.7970030463,0.0040773858,-0.0014549118,-0.1745070516,0.0007466261,-0.0015727498
558344.3000235910,9.7958176664,-0.0070615953,-0.0025174224,-0.1744853384,0.0007357755,-0.0014100359
558344.3100235910,9.7957782299,0.0011752748,-0.0034287141,-0.1744527685,0.0007574767,-0.0012039316
558344.3200235910,9.7954934733,-0.0030969377,-0.0029706006,-0.1744636251,0.0007357755,-0.0017354637
558344.3300235911,9.7942773871,-0.0038646440,-0.0028082897,-0.1743984853,0.0007249248,-0.0009652845
558344.3400235910,9.7953255565,0.0017830900,-0.0025095703,-0.1744636251,0.0007357755,-0.0018873300
558344.3500235910,9.7944460134,-0.0076772611,-0.0026587926,-0.1744961950,0.0007357755,-0.0009435894
558344.3600235910,9.7960786264,0.0033116939,-0.0029727457,-0.1745179083,0.0007683273,-0.0018113968
558344.3700235910,9.7941541178,-0.0101191506,-0.0021998419,-0.1744853384,0.0007140742,-0.0010954557
558344.3800235910,9.7959335459,0.0048355740,-0.0012931721,-0.1745070516,0.0007466261,-0.0015619022
558344.3900235910,9.7953539692,-0.0070631240,-0.0032761650,-0.1745070516,0.0007357755,-0.0014208835
558344.4000235910,9.7953199729,0.0007159571,-0.0037301367,-0.1745179083,0.0007466261,-0.0012147792
558344.4100235910,9.7954922547,-0.0030968683,-0.0031231103,-0.1745070516,0.0007574767,-0.0017246161
558344.4200235910,9.7947313936,-0.0032525910,-0.0029643266,-0.1745070516,0.0007357755,-0.0009652845
558344.4300235910,9.7954750308,0.0016313967,-0.0029684381,-0.1745721914,0.0007574767,-0.0018873300
558344.4400235910,9.7947534629,-0.0082861182,-0.0026616091,-0.1745287649,0.0007249248,-0.0009110466
558344.4500235911,9.7956270855,0.0030044865,-0.0023590400,-0.1744636251,0.0007466261,-0.0018222444
558344.4600235909,9.7938478295,-0.0101203317,-0.0023498142,-0.1744527685,0.0007357755,-0.0011388460
558344.4700235910,9.7956199465,0.0048348095,-0.0023582029,-0.1744527685,0.0007466261,-0.0015402070
558344.4800235910,9.7952008393,-0.0069112223,-0.0032748265,-0.1744419119,0.0007357755,-0.0014859690
558344.4900235910,9.7959348719,-0.0005017571,-0.0037357697,-0.1744636251,0.0007466261,-0.0011496936
558344.5000235910,9.7954917172,-0.0023343726,-0.0028177420,-0.1745179083,0.0007466261,-0.0017788541
558344.5100235910,9.7951914640,-0.0029458697,-0.0025104641,-0.1744853384,0.0007032236,-0.0009652845
558344.5200235910,9.7962383576,0.0020919650,-0.0026695530,-0.1744853384,0.0007574767,-0.0018547872
558344.5300235910,9.7944405158,-0.0078294408,-0.0034214111,-0.1745070516,0.0007357755,-0.0009435894
558344.5400235910,9.7954769590,0.0026987379,-0.0022054010,-0.1744419119,0.0007683273,-0.0018547872
558344.5500235910,9.7935397851,-0.0093589477,-0.0023469280,-0.1744419119,0.0007249248,-0.0010629129
558344.5600235910,9.7957730477,0.0043779234,-0.0025121907,-0.1745070516,0.0007466261,-0.0015944450
558344.5700235910,9.7947498647,-0.0076759411,-0.0028138398,-0.1745070516,0.0007683273,-0.0013991883
558344.5800235911,9.7960911770,0.0007185974,-0.0026689121,-0.1745070516,0.0007249248,-0.0012256268
558344.5900235910,9.7953433467,-0.0034026863,-0.0028169616,-0.1744853384,0.0007357755,-0.0017463113
558344.6000235910,9.7950273677,-0.0027933431,-0.0038817134,-0.1744527685,0.0007249248,-0.0010303701
558344.6100235910,9.7950227804,0.0002567786,-0.0029652597,-0.1744201986,0.0007466261,-0.0018330920
558344.6200235910,9.7952074981,-0.0073690808,-0.0026649967,-0.1744636251,0.0007466261,-0.0009218942
558344.6300235910,9.7957790829,0.0037676075,-0.0020549405,-0.1745179083,0.0007574767,-0.0018547872
558344.6400235910,9.7938393859,-0.0092048925,-0.0029594347,-0.1744961950,0.0007357755,-0.0010412177
558344.6500235910,9.7959207659,0.0049887953,-0.0028181999,-0.1745830480,0.0007683273,-0.0016269878
558344.6600235910,9.7944441426,-0.0081346335,-0.0031165311,-0.1745504781,0.0007357755,-0.0014317311
558344.6700235910,9.7965560928,0.0007200566,-0.0017576598,-0.1745179083,0.0007357755,-0.0011713888
558344.6800235910,9.7956412202,-0.0021810815,-0.0031239605,-0.1745396215,0.0007466261,-0.0018113968
558344.6900235910,9.7950309085,-0.0040134890,-0.0040347812,-0.1744961950,0.0007357755,-0.0009001990
558344.7000235911,9.7963859325,0.0011779148,-0.0037388086,-0.1745504781,0.0007466261,-0.0018981776
558344.7100235909,9.7949071303,-0.0092005155,-0.0029683159,-0.1745504781,0.0007357755,-0.0009761321
558344.7200235910,9.7953154716,0.0046810320,-0.0023557352,-0.1745070516,0.0007357755,-0.0017571589
558344.7300235910,9.7938363540,-0.0090522267,-0.0032643845,-0.1744636251,0.0007357755,-0.0012364744
558344.7400235910,9.7957729617,0.0034629702,-0.0029701385,-0.1744310552,0.0007466261,-0.0013991883
558344.7500235910,9.7953503997,-0.0061479625,-0.0032757465,-0.1744961950,0.0007466261,-0.0015835974
558344.7600235910,9.7959511353,-0.0024850931,-0.0026691082,-0.1745179083,0.0007574767,-0.0010629129
558344.7700235910,9.7959422403,0.0001077950,-0.0025154126,-0.1745396215,0.0007466261,-0.0018873300
558344.7800235910,9.7947323827,-0.0056925357,-0.0040330110,-0.1745396215,0.0007357755,-0.0008893514
558344.7900235910,9.7966923642,0.0027040179,-0.0028255900,-0.1745396215,0.0007466261,-0.0018656348
558344.8000235910,9.7953702040,-0.0093514444,-0.0023621528,-0.1745179083,0.0007357755,-0.0009978273
558344.8100235910,9.7959291808,0.0037683716,-0.0023612287,-0.1744419119,0.0007466261,-0.0017246161
558344.8200235910,9.7945906137,-0.0078286766,-0.0037276994,-0.1744636251,0.0007249248,-0.0011713888
558344.8300235911,9.7962221229,0.0043802853,-0.0035835652,-0.1744636251,0.0007574767,-0.0014859690
558344.8400235910,9.7944411394,-0.0076769833,-0.0032688316,-0.1744636251,0.0007466261,-0.0014859690
558344.8500235910,9.7954894235,-0.0008093117,-0.0023595152,-0.1744853384,0.0007466261,-0.0011713888
558344.8600235910,9.7968621230,-0.0020236218,-0.0029815309,-0.1745070516,0.0007357755,-0.0017788541
558344.8700235910,9.7948838425,-0.0041669190,-0.0034235432,-0.1744527685,0.0007466261,-0.0009544369
558344.8800235910,9.7968569695,0.0014840112,-0.0019123582,-0.1744419119,0.0007574767,-0.0018981776
558344.8900235910,9.7950596652,-0.0091998903,-0.0029695846,-0.1744853384,0.0007249248,-0.0009218942
558344.9000235910,9.7965271353,0.0037715671,-0.0038914012,-0.1744636251,0.0007466261,-0.0018330920
558344.9100235910,9.7938249072,-0.0076791372,-0.0040263054,-0.1744636251,0.0007466261,-0.0011171509
558344.9200235910,9.7957707254,0.0055979999,-0.0022066131,-0.1744853384,0.0007357755,-0.0015510546
558344.9300235910,9.7953647637,-0.0088936553,-0.0028194728,-0.1744527685,0.0007574767,-0.0014425787
558344.9400235910,9.7951673233,-0.0005046058,-0.0043394651,-0.1744961950,0.0007357755,-0.0012147792
558344.9500235911,9.7954851444,-0.0009615609,-0.0029696240,-0.1744419119,0.0007466261,-0.0017463113
558344.9600235909,9.7947320459,-0.0027951492,-0.0026590978,-0.1744961950,0.0007357755,-0.0009544369
558344.9700235910,9.7959488417,-0.0009600323,-0.0022108814,-0.1745504781,0.0007574767,-0.0018873300
558344.9800235910,9.7945892805,-0.0090485448,-0.0044908062,-0.1745396215,0.0007249248,-0.0009435894
558344.9900235910,9.7965236232,0.0052966974,-0.0035856842,-0.1745179083,0.0007574767,-0.0018656348
558345.0000235910,9.7941421908,-0.0073735967,-0.0023510961,-0.1745287649,0.0007466261,-0.0010520653
558345.0100235910,9.7957779217,0.0043776457,-0.0019021517,-0.1747893240,0.0007574767,-0.0016161402
558345.0200235910,9.7942908694,-0.0095076538,-0.0038784390,-0.1744419119,0.0007466261,-0.0013991883
558345.0300235910,9.7951619977,0.0011731209,-0.0041861880,-0.1744419119,0.0007357755,-0.0012039316
558345.0400235910,9.7948779220,-0.0023366654,-0.0032701963,-0.1744201986,0.0007466261,-0.0018113968
558345.0500235910,9.7939776715,-0.0052386368,-0.0028063800,-0.1744527685,0.0007249248,-0.0008676562
558345.0600235910,9.7957776923,0.0019377705,-0.0031233458,-0.1745287649,0.0007574767,-0.0019741107
558345.0700235910,9.7945972151,-0.0088965039,-0.0034231682,-0.1745179083,0.0007574767,-0.0009544369
558345.0800235911,9.7963838396,0.0048378664,-0.0022120369,-0.1745287649,0.0007574767,-0.0017571589
558345.0900235910,9.7944471459,-0.0085922837,-0.0029642306,-0.1745396215,0.0007357755,-0.0011822364
558345.1000235910,9.7951592239,0.0040706462,-0.0031172943,-0.1745179083,0.0007466261,-0.0014859690
558345.1100235910,9.7952038426,-0.0073688725,-0.0031225260,-0.1744961950,0.0007466261,-0.0015076642
558345.1200235910,9.7954820838,-0.0011138795,-0.0034272230,-0.1744961950,0.0007357755,-0.0011496936
558345.1300235910,9.7947273152,-0.0012699494,-0.0025058905,-0.1745287649,0.0007683273,-0.0018113968
558345.1400235910,9.7944304596,-0.0046265144,-0.0031149267,-0.1744310552,0.0007249248,-0.0009218942
558345.1500235910,9.7959235398,0.0020912699,-0.0038870936,-0.1744636251,0.0007900286,-0.0018981776
558345.1600235910,9.7946015229,-0.0084392704,-0.0026604101,-0.1744527685,0.0007249248,-0.0009435894
558345.1700235910,9.7965320094,0.0037712893,-0.0032813622,-0.1743984853,0.0007574767,-0.0017680065
558345.1800235910,9.7939840722,-0.0084413549,-0.0035703937,-0.1743550588,0.0007357755,-0.0012256268
558345.1900235920,9.7963752240,0.0039233993,-0.0037375530,-0.1744419119,0.0007357755,-0.0014425787
558345.2000235920,9.7944315347,-0.0061515058,-0.0037256633,-0.1744961950,0.0007466261,-0.0015835974
558345.2100235920,9.7951860811,-0.0018781118,-0.0026624855,-0.1745396215,0.0007357755,-0.0010412177
558345.2200235920,9.7956377080,-0.0006559512,-0.0028182434,-0.1745721914,0.0007574767,-0.0019090252
558345.2300235920,9.7950362627,-0.0053862313,-0.0040354090,-0.1745396215,0.0007466261,-0.0008785038
558345.2400235920,9.7960768416,0.0037692746,-0.0029725365,-0.1746156179,0.0007574767,-0.0018981776
558345.2500235920,9.7938441739,-0.0101201234,-0.0028073435,-0.1745179083,0.0007357755,-0.0009869797
558345.2600235920,9.7963806356,0.0031606258,-0.0034328822,-0.1745287649,0.0007466261,-0.0017354637
558345.2700235920,9.7944362654,-0.0076767056,-0.0038788706,-0.1744419119,0.0007466261,-0.0012581696
558345.2800235919,9.7960774652,0.0039217321,-0.0028199570,-0.1744093420,0.0007466261,-0.0014100359
558345.2900235920,9.7955070990,-0.0072150256,-0.0032775035,-0.1744853384,0.0008008792,-0.0015185118
558345.3000235920,9.7953337133,-0.0021821932,-0.0034264426,-0.1744961950,0.0007140742,-0.0011388460
558345.3100235920,9.7960910049,-0.0011113090,-0.0035848077,-0.1744961950,0.0007466261,-0.0018439396
558345.3200235920,9.7945746656,-0.0024905123,-0.0031152189,-0.1744310552,0.0007357755,-0.0009218942
558345.3300235920,9.7960827621,0.0019390211,-0.0031258833,-0.1744201986,0.0007574767,-0.0018981776
558345.3400235920,9.7947539144,-0.0099635671,-0.0034249252,-0.1744636251,0.0007466261,-0.0009435894
558345.3500235920,9.7959176766,0.0045314923,-0.0034284482,-0.1745179083,0.0007574767,-0.0018113968
558345.3600235920,9.7941323567,-0.0082879943,-0.0040291219,-0.1744961950,0.0007357755,-0.0011605412
558345.3700235920,9.7963818541,0.0031605564,-0.0032803725,-0.1745396215,0.0007466261,-0.0014534263
558345.3800235920,9.7947492125,-0.0081333830,-0.0031190686,-0.1744961950,0.0007466261,-0.0014968166
558345.3900235920,9.7962411315,-0.0008055604,-0.0037384467,-0.1745179083,0.0007357755,-0.0012147792
558345.4000235921,9.7953301725,-0.0009620473,-0.0032733748,-0.1744853384,0.0007574767,-0.0017571589
558345.4100235919,9.7950303422,-0.0035559777,-0.0038820622,-0.1744310552,0.0007466261,-0.0009544369
558345.4200235920,9.7956268561,0.0005646113,-0.0035802342,-0.1744961950,0.0007574767,-0.0018547872
558345.4300235920,9.7958133873,-0.0072138445,-0.0031275312,-0.1745179083,0.0007466261,-0.0009652845
558345.4400235920,9.7959158632,0.0046840886,-0.0035808882,-0.1744636251,0.0007466261,-0.0018330920
558345.4500235920,9.7944416196,-0.0090494478,-0.0038794984,-0.1744527685,0.0007466261,-0.0010737605
558345.4600235920,9.7966864437,0.0045342715,-0.0026722431,-0.1744853384,0.0007466261,-0.0016378353
558345.4700235920,9.7942969333,-0.0098129854,-0.0032685395,-0.1744527685,0.0007574767,-0.0014100359
558345.4800235920,9.7968442468,0.0022472013,-0.0031320875,-0.1745179083,0.0007466261,-0.0011822364
558345.4900235920,9.7956303683,-0.0009605190,-0.0038859513,-0.1745504781,0.0007683273,-0.0018113968
558345.5000235920,9.7948898490,-0.0050822193,-0.0031189422,-0.1745179083,0.0007466261,-0.0009218942
558345.5100235920,9.7957873830,0.0013272462,-0.0022085663,-0.1745504781,0.0007466261,-0.0019198728
558345.5200235920,9.7949006435,-0.0069127507,-0.0026622500,-0.1745396215,0.0007357755,-0.0009652845
558345.5300235919,9.7957603250,0.0051411135,-0.0037319200,-0.1745179083,0.0007574767,-0.0018005492
558345.5400235920,9.7941352453,-0.0099655821,-0.0044874185,-0.1745070516,0.0007466261,-0.0011388460
558345.5500235920,9.7960750569,0.0042268554,-0.0029723272,-0.1745287649,0.0007683273,-0.0015185118
558345.5600235920,9.7955126253,-0.0067578615,-0.0023622357,-0.1744961950,0.0007574767,-0.0014859690
558345.5700235920,9.7953260368,0.0004106255,-0.0031202372,-0.1744961950,0.0007466261,-0.0011605412
558345.5800235920,9.7950280486,-0.0020309168,-0.0034238353,-0.1744961950,0.0007574767,-0.0018330920
558345.5900235920,9.7939745536,-0.0060009242,-0.0035692776,-0.1744093420,0.0007140742,-0.0009001990
558345.6000235920,9.7959200276,0.0036164002,-0.0035813765,-0.1744419119,0.0007683273,-0.0019849583
558345.6100235920,9.7947534629,-0.0082861182,-0.0026616091,-0.1744201986,0.0007357755,-0.0009218942
558345.6200235920,9.7965224047,0.0052967668,-0.0037381939,-0.1744636251,0.0007683273,-0.0017246161
558345.6300235920,9.7945910652,-0.0095061255,-0.0044910155,-0.1745070516,0.0007466261,-0.0013341027
558345.6400235920,9.7957753127,0.0025478782,-0.0031230668,-0.1744961950,0.0007574767,-0.0013124075
558345.6500235921,9.7953421855,-0.0027926481,-0.0026641728,-0.1745396215,0.0007574767,-0.0017246161
558345.6600235919,9.7951919729,-0.0040133498,-0.0029684816,-0.1745179083,0.0007032236,-0.0009869797
558345.6700235920,9.7957744310,-0.0003494389,-0.0046494898,-0.1744853384,0.0007683273,-0.0018873300
558345.6800235920,9.7942796520,-0.0056946892,-0.0034191658,-0.1744853384,0.0007357755,-0.0009544369
558345.6900235920,9.7963874664,0.0045326737,-0.0019071569,-0.1744961950,0.0007900286,-0.0018439396
558345.7000235920,9.7944482497,-0.0098122907,-0.0034223180,-0.1745396215,0.0007357755,-0.0010086749
558345.7100235920,9.7968273024,0.0034681110,-0.0046566270,-0.1745070516,0.0007466261,-0.0016812257
558345.7200235920,9.7941283070,-0.0060003683,-0.0034180366,-0.1744636251,0.0007574767,-0.0013774931
558345.7300235920,9.7951725127,0.0028499448,-0.0020502840,-0.1744419119,0.0007466261,-0.0012364744
558345.7400235920,9.7951937577,-0.0044709305,-0.0029686909,-0.1744419119,0.0007357755,-0.0017571589
558345.7500235920,9.7945689386,-0.0050825672,-0.0050990316,-0.1744527685,0.0007466261,-0.0009652845
558345.7600235920,9.7960730714,0.0025495454,-0.0040406628,-0.1744527685,0.0008008792,-0.0019198728
558345.7700235920,9.7936768808,-0.0050876382,-0.0021937338,-0.1744853384,0.0007466261,-0.0009435894
558345.7800235919,9.7966972669,0.0030087245,-0.0020629017,-0.1745070516,0.0007683273,-0.0018222444
558345.7900235920,9.7947526673,-0.0102684820,-0.0037300842,-0.1744961950,0.0007357755,-0.0011279984
558345.8000235920,9.7966725026,0.0052975310,-0.0040444822,-0.1745070516,0.0007683273,-0.0015944450
558345.8100235920,9.7947371994,-0.0063027822,-0.0037282705,-0.1744419119,0.0007466261,-0.0013341027
558345.8200235920,9.7954738410,0.0019364505,-0.0029682986,-0.1746047613,0.0007466261,-0.0013124075
558345.8300235920,9.7961161061,-0.0062975019,-0.0029771404,-0.1746916143,0.0007574767,-0.0016595305
558345.8400235920,9.7948664466,-0.0012685603,-0.0041847666,-0.1746156179,0.0007357755,-0.0010737605
558345.8500235920,9.7957775776,0.0007178329,-0.0037339429,-0.1745287649,0.0008008792,-0.0018113968
558345.8600235920,9.7947439729,-0.0055407031,-0.0025078437,-0.1744093420,0.0007249248,-0.0009652845
558345.8700235920,9.7963883122,0.0005678071,-0.0037390876,-0.1743659154,0.0007900286,-0.0018873300
558345.8800235920,9.7945851447,-0.0076758720,-0.0043376687,-0.1743767721,0.0007249248,-0.0010086749
558345.8900235920,9.7962179011,0.0048380050,-0.0038883755,-0.1744853384,0.0007900286,-0.0017354637
558345.9000235921,9.7950560670,-0.0085897131,-0.0031218153,-0.1744527685,0.0007466261,-0.0011388460
558345.9100235919,9.7959285285,0.0033109297,-0.0026664575,-0.1745287649,0.0007574767,-0.0015619022
558345.9200235920,9.7953424650,-0.0063000033,-0.0043433845,-0.1745287649,0.0007574767,-0.0014859690
558345.9300235920,9.7957618804,0.0022436576,-0.0049533234,-0.1745504781,0.0007466261,-0.0011822364
558345.9400235920,9.7950389578,-0.0026415106,-0.0023565460,-0.1745070516,0.0008008792,-0.0017571589
558345.9500235920,9.7944370610,-0.0056943417,-0.0028103955,-0.1744636251,0.0007357755,-0.0009218942
558345.9600235920,9.7957721660,0.0014806064,-0.0040386137,-0.1745070516,0.0007574767,-0.0019415680
558345.9700235920,9.7947328916,-0.0067600158,-0.0044910286,-0.1744961950,0.0007574767,-0.0009435894
558345.9800235920,9.7957693922,0.0043781318,-0.0029697200,-0.1745070516,0.0007683273,-0.0018005492
558345.9900235920,9.7946050350,-0.0099644007,-0.0029661272,-0.1744419119,0.0007466261,-0.0011279984
558346.0000235920,9.7965386681,0.0033134308,-0.0026715324,-0.1744310552,0.0007574767,-0.0015727498
558346.0100235920,9.7953454970,-0.0064526691,-0.0040384348,-0.1746699011,0.0007683273,-0.0014534263
558346.0200235920,9.7957722234,0.0020905752,-0.0037333151,-0.1744527685,0.0007466261,-0.0012039316
558346.0300235919,9.7959492072,-0.0035524343,-0.0034321453,-0.1745396215,0.0007900286,-0.0018222444
558346.0400235920,9.7951972698,-0.0059960608,-0.0032744080,-0.1745396215,0.0007357755,-0.0008893514
558346.0500235920,9.7953050426,0.0039191612,-0.0040336913,-0.1745939047,0.0007574767,-0.0019958059
558346.0600235920,9.7945911513,-0.0085911724,-0.0040330677,-0.1745396215,0.0007574767,-0.0009110466
558346.0700235920,9.7957651704,0.0048358514,-0.0032745302,-0.1745396215,0.0007683273,-0.0017680065
558346.0800235920,9.7944500345,-0.0102698715,-0.0034225272,-0.1744853384,0.0007466261,-0.0012473220
558346.0900235920,9.7959151536,0.0036166779,-0.0041914156,-0.1745070516,0.0007574767,-0.0013991883
558346.1000235920,9.7953377630,-0.0044698192,-0.0040375279,-0.1745396215,0.0007574767,-0.0015944450
558346.1100235920,9.7951811211,-0.0027927873,-0.0037304724,-0.1745396215,0.0007466261,-0.0010520653
558346.1200235920,9.7960921948,-0.0014163628,-0.0035849472,-0.1745179083,0.0007574767,-0.0018981776
558346.1300235920,9.7947342822,-0.0049301788,-0.0034226232,-0.1743984853,0.0007574767,-0.0009110466
558346.1400235920,9.7960731574,0.0034644986,-0.0035827150,-0.1744527685,0.0007574767,-0.0018547872
558346.1500235921,9.7938308850,-0.0088994220,-0.0038743537,-0.1744093420,0.0007574767,-0.0010086749
558346.1600235919,9.7965325756,0.0033137780,-0.0034340812,-0.1744636251,0.0007466261,-0.0017463113
558346.1700235920,9.7945845498,-0.0075233451,-0.0043375989,-0.1744961950,0.0007466261,-0.0012147792
558346.1800235920,9.7963710596,0.0049910877,-0.0037370647,-0.1745287649,0.0007683273,-0.0014968166
558346.1900235920,9.7945840123,-0.0067608493,-0.0040322306,-0.1745070516,0.0007466261,-0.0014751214
558346.2000235920,9.7953277355,-0.0009619084,-0.0035783943,-0.1744636251,0.0007574767,-0.0012039316
558346.2100235920,9.7953312763,-0.0021820543,-0.0037314621,-0.1745396215,0.0007574767,-0.0017788541
558346.2200235920,9.7945673546,-0.0024900957,-0.0040302774,-0.1745396215,0.0007357755,-0.0009544369
558346.2300235920,9.7956220968,0.0017848266,-0.0035796761,-0.1745287649,0.0007574767,-0.0018873300
558346.2400235920,9.7945959679,-0.0092014189,-0.0037283272,-0.1745396215,0.0007466261,-0.0009652845
558346.2500235920,9.7963746004,0.0037709418,-0.0038901325,-0.1745396215,0.0007683273,-0.0018547872
558346.2600235930,9.7950446202,-0.0072166237,-0.0038837363,-0.1745179083,0.0007466261,-0.0011496936
558346.2700235930,9.7960695880,0.0043796601,-0.0035822965,-0.1744853384,0.0007683273,-0.0015076642
558346.2800235930,9.7947424963,-0.0082854932,-0.0040341969,-0.1744419119,0.0007574767,-0.0014642738
558346.2900235930,9.7950185013,0.0001045294,-0.0035753685,-0.1744961950,0.0007574767,-0.0012473220
558346.3000235930,9.7950226083,-0.0015731278,-0.0038811553,-0.1744961950,0.0007466261,-0.0018005492
558346.3100235930,9.7947185850,-0.0034043541,-0.0046420037,-0.1744853384,0.0007574767,-0.0009218942
558346.3200235930,9.7960819952,0.0002616416,-0.0040417092,-0.1745179083,0.0007683273,-0.0019198728
558346.3300235930,9.7949006149,-0.0072177350,-0.0028148993,-0.1745396215,0.0007574767,-0.0009761321
558346.3400235930,9.7963783706,0.0049906711,-0.0028220061,-0.1744853384,0.0007466261,-0.0018005492
558346.3500235931,9.7939677801,-0.0067630033,-0.0047897044,-0.1744961950,0.0007574767,-0.0010846081
558346.3600235929,9.7963787935,0.0030082378,-0.0037379715,-0.1745396215,0.0007574767,-0.0016052926
558346.3700235930,9.7938302041,-0.0096618483,-0.0043322318,-0.1744961950,0.0007466261,-0.0013774931
558346.3800235930,9.7956191509,0.0028524456,-0.0034266781,-0.1745396215,0.0007574767,-0.0013666455
558346.3900235930,9.7956344467,-0.0029431606,-0.0043443874,-0.1745287649,0.0007249248,-0.0016486829
558346.4000235930,9.7951841530,-0.0029454531,-0.0034255226,-0.1744527685,0.0007466261,-0.0009978273
558346.4100235930,9.7959336247,-0.0008066721,-0.0040409287,-0.1744527685,0.0007574767,-0.0019198728
558346.4200235930,9.7947402600,-0.0061504636,-0.0032706715,-0.1744419119,0.0007466261,-0.0008893514
558346.4300235930,9.7966736924,0.0049924771,-0.0040446217,-0.1744853384,0.0007574767,-0.0018656348
558346.4400235930,9.7939845524,-0.0098138194,-0.0041810605,-0.1744961950,0.0007466261,-0.0010846081
558346.4500235930,9.7969793285,0.0045362164,-0.0041998782,-0.1745179083,0.0007574767,-0.0016052926
558346.4600235930,9.7944350755,-0.0073716517,-0.0038787311,-0.1745070516,0.0007466261,-0.0014100359
558346.4700235931,9.7959301986,0.0016334114,-0.0032772638,-0.1745396215,0.0007683273,-0.0012907123
558346.4800235929,9.7950370010,-0.0040138362,-0.0032722324,-0.1745504781,0.0007466261,-0.0016703781
558346.4900235930,9.7954819118,-0.0029437859,-0.0043431186,-0.1744636251,0.0007466261,-0.0010303701
558346.5000235930,9.7956244765,0.0011747190,-0.0035799552,-0.1745504781,0.0007900286,-0.0018981776
558346.5100235930,9.7947318452,-0.0049300399,-0.0037276427,-0.1745504781,0.0007357755,-0.0009110466
558346.5200235930,9.7963806069,0.0028556414,-0.0035855315,-0.1744636251,0.0007683273,-0.0019090252
558346.5300235930,9.7941364924,-0.0096606672,-0.0041822595,-0.1744853384,0.0007357755,-0.0009761321
558346.5400235930,9.7968269369,0.0060605131,-0.0034353631,-0.1744961950,0.0007683273,-0.0017463113
558346.5500235930,9.7941348511,-0.0076781644,-0.0034188039,-0.1744961950,0.0007574767,-0.0012473220
558346.5600235930,9.7959314744,0.0022433108,-0.0028194555,-0.1744527685,0.0007574767,-0.0013991883
558346.5700235930,9.7948896196,-0.0075220945,-0.0043401364,-0.1744636251,0.0007466261,-0.0015835974
558346.5800235930,9.7956232006,0.0005648196,-0.0040377635,-0.1744636251,0.0007574767,-0.0011388460
558346.5900235930,9.7962272477,0.0005676679,-0.0048053872,-0.1744961950,0.0007900286,-0.0017788541
558346.6000235931,9.7950429215,-0.0058440898,-0.0034255792,-0.1745070516,0.0007574767,-0.0009544369
558346.6100235929,9.7962406513,0.0005669041,-0.0031277799,-0.1745287649,0.0007683273,-0.0018873300
558346.6200235930,9.7942784049,-0.0059996042,-0.0037243248,-0.1745830480,0.0007466261,-0.0009761321
558346.6300235930,9.7960576036,0.0065152452,-0.0040388492,-0.1745179083,0.0007900286,-0.0017788541
558346.6400235930,9.7945916888,-0.0093536681,-0.0043384360,-0.1745396215,0.0007357755,-0.0011822364
558346.6500235930,9.7963799833,0.0027031840,-0.0037381110,-0.1745396215,0.0007683273,-0.0014642738
558346.6600235930,9.7951863606,-0.0053854671,-0.0043416973,-0.1745396215,0.0007574767,-0.0015510546
558346.6700235930,9.7957770114,0.0011753442,-0.0035812239,-0.1745070516,0.0007466261,-0.0011279984
558346.6800235930,9.7959365706,-0.0018742911,-0.0041939268,-0.1745070516,0.0007683273,-0.0017788541
558346.6900235930,9.7951899875,-0.0056906598,-0.0040368173,-0.1744636251,0.0007466261,-0.0009761321
558346.7000235930,9.7954646305,0.0011745103,-0.0044937450,-0.1744201986,0.0007683273,-0.0019198728
558346.7100235930,9.7942783475,-0.0066095730,-0.0040296234,-0.1744961950,0.0007466261,-0.0009544369
558346.7200235931,9.7963668092,0.0051438230,-0.0041945242,-0.1744961950,0.0007574767,-0.0018222444
558346.7300235929,9.7942896509,-0.0095075844,-0.0040309487,-0.1744961950,0.0007683273,-0.0011388460
558346.7400235930,9.7965375070,0.0039234691,-0.0025187437,-0.1745504781,0.0007574767,-0.0015619022
558346.7500235930,9.7947309922,-0.0075223726,-0.0051014164,-0.1745287649,0.0007683273,-0.0014642738
558346.7600235930,9.7956105067,0.0016329941,-0.0051048435,-0.1745070516,0.0007574767,-0.0012473220
558346.7700235930,9.7953342222,-0.0032496733,-0.0038844601,-0.1745287649,0.0007574767,-0.0017246161
558346.7800235930,9.7953433180,-0.0037076707,-0.0029696108,-0.1744419119,0.0007466261,-0.0010520653
558346.7900235930,9.7954736116,-0.0005034246,-0.0041894928,-0.1745070516,0.0007683273,-0.0018439396
558346.8000235930,9.7947190365,-0.0050818030,-0.0054053198,-0.1745070516,0.0007357755,-0.0009435894
558346.8100235930,9.7963757616,0.0031609036,-0.0040429213,-0.1745504781,0.0008008792,-0.0018439396
558346.8200235930,9.7947467754,-0.0081332441,-0.0034240881,-0.1745179083,0.0007357755,-0.0010086749
558346.8300235930,9.7957663029,0.0039208288,-0.0035799683,-0.1745504781,0.0007900286,-0.0017788541
558346.8400235930,9.7939688552,-0.0082879947,-0.0054004410,-0.1744853384,0.0007574767,-0.0012256268
558346.8500235931,9.7959153256,0.0054465843,-0.0032755199,-0.1744201986,0.0007683273,-0.0014859690
558346.8600235929,9.7951960800,-0.0056910070,-0.0032742685,-0.1744419119,0.0007466261,-0.0015076642
558346.8700235930,9.7948682313,-0.0017261411,-0.0041849759,-0.1743767721,0.0007357755,-0.0011496936
558346.8800235930,9.7956260605,-0.0014177526,-0.0046487093,-0.1744310552,0.0008008792,-0.0018113968
558346.8900235930,9.7941091836,-0.0020344602,-0.0038737522,-0.1744419119,0.0007466261,-0.0009761321
558346.9000235930,9.7960784257,0.0011768031,-0.0040412906,-0.1744961950,0.0007683273,-0.0018656348
558346.9100235930,9.7945850587,-0.0085908252,-0.0047956165,-0.1745070516,0.0007574767,-0.0009544369
558346.9200235930,9.7956095749,0.0046829075,-0.0037308605,-0.1744636251,0.0007683273,-0.0018439396
558346.9300235930,9.7948955688,-0.0090473637,-0.0043408339,-0.1745179083,0.0007683273,-0.0010737605
558346.9400235930,9.7956078188,0.0054454726,-0.0035780020,-0.1745396215,0.0007466261,-0.0015944450
558346.9500235930,9.7944398062,-0.0088968515,-0.0040319384,-0.1745721914,0.0007900286,-0.0014317311
558346.9600235930,9.7956195451,0.0005650279,-0.0044952927,-0.1745287649,0.0007574767,-0.0012473220
558346.9700235931,9.7947132881,-0.0014216431,-0.0043360774,-0.1745070516,0.0007900286,-0.0017571589
558346.9800235929,9.7951870989,-0.0040130720,-0.0035785207,-0.1744636251,0.0007683273,-0.0009652845
558346.9900235930,9.7953272553,0.0004105561,-0.0029677274,-0.1743984853,0.0007683273,-0.0018981776
558347.0000235930,9.7944284167,-0.0069137932,-0.0044885609,-0.1744310552,0.0007466261,-0.0009652845
558347.0100235930,9.7960538334,0.0052955159,-0.0051069755,-0.1747567541,0.0007900286,-0.0018439396
558347.0200235930,9.7948943790,-0.0087423098,-0.0043406944,-0.1745070516,0.0007683273,-0.0010629129
558347.0300235930,9.7963849721,0.0039228438,-0.0025174749,-0.1745504781,0.0007900286,-0.0015835974
558347.0400235930,9.7947473417,-0.0085907554,-0.0035768071,-0.1745070516,0.0007357755,-0.0015402070
558347.0500235930,9.7956178177,0.0016325775,-0.0041897849,-0.1745287649,0.0007466261,-0.0010954557
558347.0600235930,9.7953132568,0.0005638468,-0.0046452650,-0.1745179083,0.0007574767,-0.0018547872
558347.0700235930,9.7941312242,-0.0073729717,-0.0037236839,-0.1743767721,0.0007466261,-0.0008893514
558347.0800235930,9.7960772932,0.0020918257,-0.0037358526,-0.1744961950,0.0007900286,-0.0019307204
558347.0900235930,9.7942819457,-0.0072197501,-0.0038773926,-0.1745070516,0.0007466261,-0.0009978273
558347.1000235931,9.7966676859,0.0059077775,-0.0043492227,-0.1744636251,0.0008008792,-0.0017463113
558347.1100235929,9.7942878088,-0.0096599724,-0.0043360380,-0.1744853384,0.0007466261,-0.0012364744
558347.1200235930,9.7962322938,0.0023972965,-0.0032794525,-0.1744201986,0.0007683273,-0.0014642738
558347.1300235930,9.7948808106,-0.0040142532,-0.0037284929,-0.1744093420,0.0007683273,-0.0015510546
558347.1400235930,9.7956140762,0.0007178326,-0.0051052620,-0.1744310552,0.0007466261,-0.0011713888
558347.1500235930,9.7954740632,-0.0021808735,-0.0049528089,-0.1744527685,0.0008008792,-0.0017680065
558347.1600235930,9.7941296115,-0.0050854846,-0.0028075790,-0.1745070516,0.0007466261,-0.0009869797
558347.1700235930,9.7957723094,0.0030055284,-0.0032753673,-0.1745287649,0.0007683273,-0.0019090252
558347.1800235930,9.7941161506,-0.0056946896,-0.0047904849,-0.1745179083,0.0007466261,-0.0009435894
558347.1900235930,9.7969743397,0.0033165566,-0.0054205143,-0.1745070516,0.0007683273,-0.0018330920
558347.2000235930,9.7947454136,-0.0096580966,-0.0043398442,-0.1745396215,0.0007791780,-0.0010954557
558347.2100235930,9.7968305924,0.0060603048,-0.0029778338,-0.1745396215,0.0007683273,-0.0015835974
558347.2200235931,9.7944302302,-0.0070663896,-0.0043361209,-0.1744961950,0.0007466261,-0.0014208835
558347.2300235929,9.7959197122,0.0002615718,-0.0052605185,-0.1745721914,0.0007683273,-0.0012581696
558347.2400235930,9.7942567585,-0.0029485103,-0.0049430078,-0.1745504781,0.0008008792,-0.0017463113
558347.2500235930,9.7951746057,-0.0008100068,-0.0035770558,-0.1744636251,0.0007574767,-0.0009978273
558347.2600235930,9.7959349866,0.0007181805,-0.0031251726,-0.1744527685,0.0007900286,-0.0018873300
558347.2700235930,9.7945826791,-0.0079807175,-0.0047953374,-0.1744527685,0.0007466261,-0.0009435894
558347.2800235930,9.7956039339,0.0030058058,-0.0052567254,-0.1744853384,0.0007900286,-0.0018981776
558347.2900235930,9.7941239705,-0.0067625863,-0.0043334439,-0.1744636251,0.0008008792,-0.0010629129
558347.3000235930,9.7959172251,0.0062089412,-0.0026651321,-0.1745396215,0.0007466261,-0.0016269878
558347.3100235930,9.7947508825,-0.0098109013,-0.0037298749,-0.1745287649,0.0007683273,-0.0013991883
558347.3200235930,9.7953096013,0.0005640551,-0.0051027943,-0.1744961950,0.0007466261,-0.0012690172
558347.3300235940,9.7956255803,-0.0000452881,-0.0040380425,-0.1745287649,0.0008008792,-0.0017571589
558347.3400235940,9.7950347360,-0.0021837909,-0.0026613563,-0.1744527685,0.0007683273,-0.0009544369
558347.3500235940,9.7956243618,-0.0000452186,-0.0041905522,-0.1745179083,0.0007574767,-0.0018981776
558347.3600235940,9.7947375650,-0.0088951843,-0.0049495345,-0.1744419119,0.0007683273,-0.0009544369
558347.3700235940,9.7968153468,0.0059086806,-0.0049605304,-0.1745070516,0.0008008792,-0.0019198728
558347.3800235940,9.7942814081,-0.0064572544,-0.0035720243,-0.1745070516,0.0007574767,-0.0010629129
558347.3900235940,9.7959194040,0.0034639427,-0.0037339560,-0.1744636251,0.0007683273,-0.0015619022
558347.4000235940,9.7944312480,-0.0092013498,-0.0052521560,-0.1744310552,0.0007574767,-0.0015076642
558347.4100235940,9.7959211028,0.0020914088,-0.0041921131,-0.1744310552,0.0007683273,-0.0011605412
558347.4200235941,9.7954743499,0.0008689704,-0.0034263162,-0.1745179083,0.0007900286,-0.0018330920
558347.4300235939,9.7939697369,-0.0053906776,-0.0038740181,-0.1744636251,0.0007357755,-0.0009001990
558347.4400235940,9.7971400775,0.0011815272,-0.0048127206,-0.1745504781,0.0008008792,-0.0019741107
558347.4500235940,9.7945875244,-0.0082859796,-0.0043379477,-0.1745287649,0.0007574767,-0.0009652845
558347.4600235940,9.7966666394,0.0077377533,-0.0035858368,-0.1745721914,0.0007900286,-0.0017354637
558347.4700235940,9.7942879235,-0.0084400349,-0.0037254409,-0.1745504781,0.0007683273,-0.0012581696
558347.4800235940,9.7965299379,0.0011790261,-0.0048076456,-0.1744853384,0.0007574767,-0.0013774931
558347.4900235940,9.7951779171,-0.0044700279,-0.0049513177,-0.1745396215,0.0007900286,-0.0016812257
558347.5000235940,9.7953217863,0.0005633607,-0.0035776967,-0.1745287649,0.0007574767,-0.0010303701
558347.5100235940,9.7954737263,0.0007165129,-0.0035788957,-0.1745287649,0.0007683273,-0.0019090252
558347.5200235940,9.7947285265,-0.0078272181,-0.0055590852,-0.1744853384,0.0007357755,-0.0009218942
558347.5300235940,9.7968224858,0.0040783576,-0.0049613675,-0.1744853384,0.0007900286,-0.0019307204
558347.5400235940,9.7944393833,-0.0069144182,-0.0031159731,-0.1744310552,0.0007683273,-0.0010086749
558347.5500235941,9.7968323485,0.0052977396,-0.0031306924,-0.1744527685,0.0007574767,-0.0016703781
558347.5600235939,9.7942829348,-0.0096596947,-0.0049460770,-0.1744419119,0.0007574767,-0.0013449503
558347.5700235940,9.7952988067,0.0023945864,-0.0055594865,-0.1744961950,0.0007791780,-0.0013449503
558347.5800235940,9.7950201713,-0.0015729889,-0.0041861749,-0.1745070516,0.0007683273,-0.0016595305
558347.5900235940,9.7950281059,-0.0014209480,-0.0031185368,-0.1744961950,0.0007466261,-0.0010412177
558347.6000235940,9.7957786528,-0.0008071585,-0.0043446795,-0.1745287649,0.0007900286,-0.0018439396
558347.6100235940,9.7945730744,-0.0064552400,-0.0052521691,-0.1745287649,0.0007574767,-0.0009761321
558347.6200235940,9.7963661569,0.0046863811,-0.0044997530,-0.1745287649,0.0008225805,-0.0018873300
558347.6300235940,9.7945876391,-0.0070660421,-0.0037273506,-0.1746047613,0.0007574767,-0.0010303701
558347.6400235940,9.7963818541,0.0031605564,-0.0032803725,-0.1745939047,0.0007683273,-0.0017354637
558347.6500235940,9.7942830208,-0.0087447415,-0.0044881292,-0.1744853384,0.0007683273,-0.0012907123
558347.6600235940,9.7965162835,0.0049921296,-0.0046533920,-0.1745179083,0.0007900286,-0.0014100359
558347.6700235941,9.7948879783,-0.0055395918,-0.0035766807,-0.1744853384,0.0008008792,-0.0015402070
558347.6800235939,9.7950298620,-0.0021835132,-0.0032713953,-0.1744636251,0.0007357755,-0.0011713888
558347.6900235940,9.7962391747,-0.0021778860,-0.0046541330,-0.1745070516,0.0007900286,-0.0018222444
558347.7000235940,9.7945588537,-0.0021846252,-0.0049451965,-0.1744636251,0.0007683273,-0.0009869797
558347.7100235940,9.7953037668,0.0033092619,-0.0044914996,-0.1744853384,0.0008117298,-0.0018439396
558347.7200235940,9.7949005002,-0.0084376726,-0.0034254964,-0.1744636251,0.0007357755,-0.0009435894
558347.7300235940,9.7966796989,0.0040771768,-0.0037400207,-0.1744853384,0.0007574767,-0.0018330920
558347.7400235940,9.7945723934,-0.0072176663,-0.0057100472,-0.1744961950,0.0007683273,-0.0011605412
558347.7500235940,9.7960563851,0.0065153147,-0.0041913589,-0.1745287649,0.0007900286,-0.0014859690
558347.7600235940,9.7939767899,-0.0081359538,-0.0043328030,-0.1745070516,0.0007574767,-0.0015185118
558347.7700235940,9.7959329151,-0.0018740828,-0.0046514561,-0.1745179083,0.0007357755,-0.0011496936
558347.7800235940,9.7951613168,0.0004106946,-0.0046440660,-0.1745179083,0.0008008792,-0.0018439396
558347.7900235940,9.7945763357,-0.0041680306,-0.0037260252,-0.1744201986,0.0007466261,-0.0009110466
558347.8000235941,9.7972879391,0.0033173210,-0.0043554835,-0.1744636251,0.0007900286,-0.0019090252
558347.8100235939,9.7944396915,-0.0101167890,-0.0046425355,-0.1743984853,0.0007683273,-0.0009869797
558347.8200235940,9.7963637772,0.0052964887,-0.0044994740,-0.1744419119,0.0008117298,-0.0017680065
558347.8300235940,9.7947305120,-0.0061499081,-0.0044907496,-0.1744527685,0.0007466261,-0.0012581696
558347.8400235940,9.7965265404,0.0039240940,-0.0038913315,-0.1745179083,0.0007683273,-0.0014208835
558347.8500235940,9.7951861599,-0.0075203579,-0.0054102421,-0.1745179083,0.0008008792,-0.0015944450
558347.8600235940,9.7953150415,0.0001062661,-0.0046454743,-0.1745070516,0.0007574767,-0.0011388460
558347.8700235940,9.7960814003,0.0004141685,-0.0040416394,-0.1745070516,0.0008117298,-0.0018222444
558347.8800235940,9.7942761399,-0.0041695589,-0.0031134487,-0.1744961950,0.0007466261,-0.0009435894
558347.8900235940,9.7965293143,0.0010265687,-0.0049602252,-0.1745396215,0.0007900286,-0.0019090252
558347.9000235940,9.7953338781,-0.0069094861,-0.0057162514,-0.1745070516,0.0007574767,-0.0010412177
558347.9100235940,9.7955986370,0.0049885168,-0.0049507991,-0.1744961950,0.0008008792,-0.0017463113
558347.9200235941,9.7942922026,-0.0082877857,-0.0031153321,-0.1745070516,0.0007683273,-0.0011713888
558347.9300235939,9.7962220655,0.0037703165,-0.0038888638,-0.1744636251,0.0007574767,-0.0015076642
558347.9400235940,9.7950264000,-0.0066056133,-0.0058660841,-0.1744201986,0.0007900286,-0.0015185118
558347.9500235940,9.7953065406,0.0004117365,-0.0055603933,-0.1744201986,0.0007574767,-0.0011713888
558347.9600235940,9.7951752006,-0.0009625337,-0.0035771255,-0.1744201986,0.0008117298,-0.0017788541
558347.9700235940,9.7948886592,-0.0047771655,-0.0031188027,-0.1744093420,0.0007574767,-0.0009761321
558347.9800235940,9.7960686776,0.0011773586,-0.0052613687,-0.1744961950,0.0007900286,-0.0018981776
558347.9900235940,9.7951784260,-0.0055375080,-0.0054093353,-0.1744853384,0.0007574767,-0.0009869797
558348.0000235940,9.7965240747,0.0036192485,-0.0043490003,-0.1745070516,0.0008008792,-0.0018330920
558348.0100235940,9.7947473417,-0.0085907554,-0.0035768071,-0.1747893240,0.0007574767,-0.0010846081
558348.0200235940,9.7960659898,0.0049898372,-0.0037345272,-0.1744961950,0.0007683273,-0.0016486829
558348.0300235940,9.7945711749,-0.0072175968,-0.0058625570,-0.1744636251,0.0007574767,-0.0013883407
558348.0400235940,9.7960620762,0.0022451859,-0.0055658999,-0.1745070516,0.0007791780,-0.0012690172
558348.0500235941,9.7954934159,-0.0037069065,-0.0032758991,-0.1745070516,0.0007900286,-0.0016920733
558348.0600235939,9.7954934446,-0.0034019221,-0.0031232498,-0.1744310552,0.0007466261,-0.0010303701
558348.0700235940,9.7960590729,0.0027028361,-0.0057182004,-0.1744636251,0.0008008792,-0.0018981776
558348.0800235940,9.7945700711,-0.0059975898,-0.0054044696,-0.1744527685,0.0007683273,-0.0009218942
558348.0900235940,9.7965324896,0.0023988248,-0.0038920290,-0.1744201986,0.0008225805,-0.0018656348
558348.1000235940,9.7939852907,-0.0084414243,-0.0034178839,-0.1745070516,0.0007683273,-0.0011171509
558348.1100235940,9.7965146134,0.0066696480,-0.0040425856,-0.1745396215,0.0007574767,-0.0016269878
558348.1200235940,9.7947274227,-0.0066072111,-0.0051009979,-0.1745179083,0.0007683273,-0.0014100359
558348.1300235940,9.7954592189,0.0019372838,-0.0047984157,-0.1745070516,0.0007791780,-0.0012364744
558348.1400235940,9.7956343320,-0.0041630982,-0.0049549844,-0.1745287649,0.0008008792,-0.0018005492
558348.1500235940,9.7948784883,-0.0027941767,-0.0034229154,-0.1744961950,0.0007574767,-0.0009544369
558348.1600235940,9.7968212673,0.0040784270,-0.0051138773,-0.1745830480,0.0008008792,-0.0019524156
558348.1700235941,9.7945838976,-0.0079807869,-0.0046428277,-0.1745070516,0.0007466261,-0.0009218942
558348.1800235939,9.7962075008,0.0043811186,-0.0054136823,-0.1745721914,0.0008008792,-0.0018113968
558348.1900235940,9.7953477906,-0.0079777300,-0.0044966616,-0.1744853384,0.0007574767,-0.0012364744
558348.2000235940,9.7956040773,0.0045307278,-0.0044934791,-0.1745070516,0.0007683273,-0.0013991883
558348.2100235940,9.7951840096,-0.0044703750,-0.0041887690,-0.1744636251,0.0007683273,-0.0016486829
558348.2200235940,9.7948645758,-0.0017259328,-0.0046425051,-0.1744853384,0.0007574767,-0.0010629129
558348.2300235940,9.7962247247,-0.0003471464,-0.0055683545,-0.1744961950,0.0007900286,-0.0018873300
558348.2400235940,9.7945732177,-0.0049303180,-0.0044889228,-0.1744093420,0.0007683273,-0.0009110466
558348.2500235940,9.7965247557,0.0043816748,-0.0038911222,-0.1744527685,0.0008008792,-0.0018981776
558348.2600235940,9.7950480750,-0.0093517228,-0.0044947519,-0.1744419119,0.0007683273,-0.0010086749
558348.2700235940,9.7963527533,0.0046871449,-0.0061773603,-0.1744419119,0.0007683273,-0.0017137685
558348.2800235940,9.7941166021,-0.0073721385,-0.0055538010,-0.1744310552,0.0007791780,-0.0013557979
558348.2900235940,9.7960707491,0.0037696218,-0.0037350853,-0.1744093420,0.0007574767,-0.0012690172
558348.3000235941,9.7954873520,-0.0034015749,-0.0038857986,-0.1743767721,0.0007900286,-0.0017463113
558348.3100235939,9.7947154957,-0.0038616571,-0.0052522520,-0.1744419119,0.0007683273,-0.0009869797
558348.3200235940,9.7965178101,0.0017896893,-0.0060274447,-0.1745721914,0.0008225805,-0.0018873300
558348.3300235940,9.7950277332,-0.0053857452,-0.0051029773,-0.1745939047,0.0007683273,-0.0009978273
558348.3400235940,9.7966893323,0.0028566837,-0.0031305397,-0.1745830480,0.0008008792,-0.0018222444
558348.3500235940,9.7947395217,-0.0075228587,-0.0040338481,-0.1745830480,0.0007683273,-0.0010737605
558348.3600235940,9.7959007322,0.0057524020,-0.0049529878,-0.1745721914,0.0007900286,-0.0017137685
558348.3700235940,9.7947212728,-0.0072168327,-0.0061688452,-0.1744636251,0.0007683273,-0.0012473220
558348.3800235940,9.7962165679,0.0036181368,-0.0046514823,-0.1744201986,0.0008008792,-0.0014642738
558348.3900235940,9.7944383082,-0.0053894268,-0.0025052365,-0.1744093420,0.0007683273,-0.0015185118
558348.4000235940,9.7956170794,0.0002601824,-0.0049529615,-0.1743984853,0.0007574767,-0.0011605412
558348.4100235950,9.7963675689,0.0002640032,-0.0064844028,-0.1743767721,0.0008008792,-0.0018222444
558348.4200235950,9.7948758792,-0.0046239442,-0.0046438305,-0.1744093420,0.0007683273,-0.0009435894
558348.4300235950,9.7968381830,0.0025525329,-0.0037419870,-0.1744527685,0.0008008792,-0.0019415680
558348.4400235950,9.7941306293,-0.0072204448,-0.0037236141,-0.1745287649,0.0007683273,-0.0009761321
558348.4500235950,9.7960525862,0.0049906010,-0.0054121346,-0.1745070516,0.0007900286,-0.0017571589
558348.4600235950,9.7944227758,-0.0085908949,-0.0060144258,-0.1745070516,0.0007683273,-0.0011605412
558348.4700235950,9.7963649384,0.0046864505,-0.0046522628,-0.1745070516,0.0008008792,-0.0015076642
558348.4800235950,9.7947378804,-0.0055403559,-0.0032703925,-0.1744961950,0.0007683273,-0.0015185118
558348.4900235950,9.7957685392,0.0017857991,-0.0043434937,-0.1745287649,0.0007683273,-0.0011822364
558348.5000235951,9.7957683098,-0.0006540761,-0.0055646878,-0.1745179083,0.0008008792,-0.0017680065
558348.5100235950,9.7945653691,-0.0041674057,-0.0050986130,-0.1744853384,0.0007791780,-0.0009869797
558348.5200235950,9.7960766696,0.0019393683,-0.0038884321,-0.1744961950,0.0007900286,-0.0018873300
558348.5300235950,9.7950320410,-0.0049285116,-0.0043402192,-0.1744419119,0.0007683273,-0.0009652845
558348.5400235950,9.7962056587,0.0042287306,-0.0057187716,-0.1744853384,0.0007900286,-0.0018547872
558348.5500235950,9.7944271122,-0.0078286770,-0.0050990185,-0.1744961950,0.0007791780,-0.0010520653
558348.5600235950,9.7962222376,0.0056002229,-0.0029729681,-0.1745939047,0.0007900286,-0.0016920733
558348.5700235950,9.7939750338,-0.0073733887,-0.0041799444,-0.1745179083,0.0007466261,-0.0012690172
558348.5800235950,9.7962105327,0.0042284528,-0.0051087326,-0.1745830480,0.0008008792,-0.0014642738
558348.5900235950,9.7951856797,-0.0061478934,-0.0047995753,-0.1745396215,0.0007900286,-0.0014968166
558348.6000235950,9.7953193780,0.0008684840,-0.0037300670,-0.1744636251,0.0007791780,-0.0012473220
558348.6100235950,9.7953149842,-0.0005037027,-0.0049507728,-0.1745396215,0.0007683273,-0.0017246161
558348.6200235951,9.7951744336,-0.0026399132,-0.0044929514,-0.1745070516,0.0007791780,-0.0010520653
558348.6300235949,9.7959179561,0.0010241370,-0.0051076600,-0.1745396215,0.0008117298,-0.0018656348
558348.6400235950,9.7947233730,-0.0043195851,-0.0044899125,-0.1745179083,0.0007574767,-0.0009652845
558348.6500235950,9.7956142769,0.0028527234,-0.0040367171,-0.1744527685,0.0008117298,-0.0018873300
558348.6600235950,9.7941245081,-0.0075250820,-0.0046388122,-0.1744201986,0.0007683273,-0.0009761321
558348.6700235950,9.7959031406,0.0054472787,-0.0048006175,-0.1743984853,0.0008008792,-0.0017788541
558348.6800235950,9.7933635609,-0.0085957579,-0.0049379763,-0.1744527685,0.0007683273,-0.0012473220
558348.6900235950,9.7963589032,0.0052967665,-0.0051095130,-0.1745179083,0.0007683273,-0.0014208835
558348.7000235950,9.7951809777,-0.0043177093,-0.0044937187,-0.1745721914,0.0008008792,-0.0016269878
558348.7100235950,9.7953214996,-0.0024864832,-0.0051041894,-0.1745179083,0.0007683273,-0.0010954557
558348.7200235950,9.7957726462,0.0001081419,-0.0046492805,-0.1744961950,0.0008225805,-0.0018330920
558348.7300235950,9.7948747754,-0.0034039372,-0.0041857432,-0.1744310552,0.0007574767,-0.0009435894
558348.7400235950,9.7956185560,0.0030049725,-0.0034266083,-0.1744093420,0.0008008792,-0.0019090252
558348.7500235951,9.7951843178,-0.0076727459,-0.0057153314,-0.1744636251,0.0007574767,-0.0009978273
558348.7600235950,9.7956022352,0.0043783397,-0.0047985683,-0.1745179083,0.0007683273,-0.0017788541
558348.7700235950,9.7938200332,-0.0076788595,-0.0046363445,-0.1745396215,0.0008008792,-0.0012256268
558348.7800235950,9.7959031979,0.0060572475,-0.0044953190,-0.1745939047,0.0007683273,-0.0015076642
558348.7900235950,9.7945761636,-0.0059979370,-0.0046419208,-0.1745396215,0.0008117298,-0.0014642738
558348.8000235950,9.7959209020,-0.0000434820,-0.0052606580,-0.1745287649,0.0007466261,-0.0012364744
558348.8100235950,9.7956279026,-0.0012653645,-0.0043436200,-0.1745287649,0.0008117298,-0.0017354637
558348.8200235950,9.7944141674,-0.0029481628,-0.0043342375,-0.1744636251,0.0007683273,-0.0009869797
558348.8300235950,9.7956135386,0.0014803283,-0.0047998937,-0.1745070516,0.0007683273,-0.0018981776
558348.8400235950,9.7945737266,-0.0059977981,-0.0049469404,-0.1744853384,0.0007791780,-0.0009652845
558348.8500235950,9.7965204766,0.0042294256,-0.0045012310,-0.1744853384,0.0008008792,-0.0018439396
558348.8600235950,9.7947310209,-0.0072173882,-0.0049487672,-0.1744636251,0.0007791780,-0.0010954557
558348.8700235951,9.7963632397,0.0060589845,-0.0041941057,-0.1744853384,0.0008008792,-0.0015944450
558348.8800235949,9.7945772101,-0.0078279128,-0.0054053067,-0.1744310552,0.0007791780,-0.0014100359
558348.8900235950,9.7957575439,0.0014814396,-0.0058687307,-0.1745287649,0.0008008792,-0.0013015599
558348.9000235950,9.7950147310,-0.0011151998,-0.0046434949,-0.1745830480,0.0008117298,-0.0016920733
558348.9100235950,9.7942634746,-0.0027964001,-0.0040278795,-0.1743224889,0.0007683273,-0.0010412177
558348.9200235950,9.7960717382,0.0013296772,-0.0048037697,-0.1743333456,0.0007683273,-0.0018005492
558348.9300235950,9.7945719419,-0.0055402174,-0.0049467311,-0.1744636251,0.0007683273,-0.0009761321
558348.9400235950,9.7956129437,0.0016328552,-0.0047998239,-0.1744853384,0.0007900286,-0.0018873300
558348.9500235950,9.7945792529,-0.0055406340,-0.0040316725,-0.1744853384,0.0007683273,-0.0009978273
558348.9600235950,9.7966755632,0.0054498496,-0.0035868831,-0.1744961950,0.0008117298,-0.0017680065
558348.9700235950,9.7941225513,-0.0088974076,-0.0055544986,-0.1745070516,0.0007574767,-0.0011713888
558348.9800235950,9.7963526673,0.0037721917,-0.0066353081,-0.1745504781,0.0008225805,-0.0015185118
558348.9900235950,9.7945835320,-0.0053883848,-0.0034215638,-0.1744636251,0.0007683273,-0.0014859690
558349.0000235951,9.7950125808,0.0019347830,-0.0034220217,-0.1745070516,0.0008117298,-0.0012364744
558349.0100235950,9.7956278166,-0.0021803177,-0.0048015679,-0.1748001806,0.0007900286,-0.0017246161
558349.0200235950,9.7950163437,-0.0034026870,-0.0055595997,-0.1744853384,0.0007683273,-0.0009978273
558349.0300235950,9.7962061389,0.0028562660,-0.0063294384,-0.1745830480,0.0008008792,-0.0019307204
558349.0400235950,9.7941282783,-0.0063053527,-0.0035706858,-0.1745179083,0.0008008792,-0.0009001990
558349.0500235950,9.7966761868,0.0056023071,-0.0034343036,-0.1745721914,0.0007900286,-0.0018439396
558349.0600235950,9.7944318429,-0.0093538767,-0.0052522258,-0.1744961950,0.0008008792,-0.0011279984
558349.0700235950,9.7969580189,0.0046899238,-0.0067924743,-0.1744527685,0.0008008792,-0.0015510546
558349.0800235950,9.7947245055,-0.0052346077,-0.0047953506,-0.1744310552,0.0007900286,-0.0015185118
558349.0900235950,9.7953200016,0.0010209415,-0.0035774874,-0.1744853384,0.0007683273,-0.0011496936
558349.1000235950,9.7965382094,-0.0015663195,-0.0051139208,-0.1745287649,0.0008008792,-0.0018547872
558349.1100235950,9.7950157202,-0.0035551444,-0.0057121793,-0.1744527685,0.0008008792,-0.0009435894
558349.1200235951,9.7959127453,0.0039218012,-0.0043437858,-0.1745179083,0.0008225805,-0.0018981776
558349.1300235949,9.7945889723,-0.0058461739,-0.0029642438,-0.1745070516,0.0007683273,-0.0009869797
558349.1400235950,9.7968206437,0.0039259695,-0.0052664568,-0.1745179083,0.0008008792,-0.0018005492
558349.1500235950,9.7944137373,-0.0075229288,-0.0066239765,-0.1744527685,0.0007791780,-0.0011713888
558349.1600235950,9.7958940448,0.0059052761,-0.0057154668,-0.1745287649,0.0008117298,-0.0015619022
558349.1700235950,9.7948999913,-0.0073701925,-0.0029674788,-0.1744636251,0.0007683273,-0.0014208835
558349.1800235950,9.7957666397,0.0010234423,-0.0049538815,-0.1744853384,0.0007574767,-0.0012581696
558349.1900235950,9.7960678246,-0.0014149740,-0.0066351424,-0.1745287649,0.0008117298,-0.0017571589
558349.2000235950,9.7951659614,-0.0020294583,-0.0052552212,-0.1745179083,0.0008008792,-0.0009761321
558349.2100235950,9.7963889644,0.0010252490,-0.0034338588,-0.1744961950,0.0008117298,-0.0018656348
558349.2200235950,9.7941283070,-0.0060003683,-0.0034180366,-0.1745179083,0.0007574767,-0.0009978273
558349.2300235950,9.7960562130,0.0046854083,-0.0051072546,-0.1745070516,0.0008008792,-0.0018656348
558349.2400235950,9.7947122057,-0.0064538509,-0.0069310452,-0.1745396215,0.0008008792,-0.0010303701
558349.2500235951,9.7966749683,0.0056023765,-0.0035868134,-0.1745721914,0.0007900286,-0.0016812257
558349.2600235950,9.7939870755,-0.0088990050,-0.0034180932,-0.1744853384,0.0007791780,-0.0013557979
558349.2700235950,9.7957528993,0.0039215926,-0.0052575756,-0.1745179083,0.0007683273,-0.0013232551
558349.2800235950,9.7954649674,-0.0017228762,-0.0058676582,-0.1745396215,0.0008225805,-0.0016920733
558349.2900235950,9.7957821649,-0.0023322888,-0.0046503966,-0.1745721914,0.0008008792,-0.0010086749
558349.3000235950,9.7957763304,0.0004129180,-0.0040391019,-0.1745830480,0.0008008792,-0.0018656348
558349.3100235950,9.7941100867,-0.0053893580,-0.0054003844,-0.1745504781,0.0007683273,-0.0009652845
558349.3200235950,9.7960489020,0.0046858249,-0.0060223131,-0.1744961950,0.0008334311,-0.0018547872
558349.3300235950,9.7947322967,-0.0066074888,-0.0044909589,-0.1744419119,0.0007791780,-0.0009869797
558349.3400235950,9.7959140498,0.0048366850,-0.0037333282,-0.1744853384,0.0007900286,-0.0017463113
558349.3500235950,9.7939731343,-0.0081357455,-0.0047903322,-0.1744527685,0.0007683273,-0.0013341027
558349.3600235950,9.7960476835,0.0046858943,-0.0061748229,-0.1744636251,0.0007791780,-0.0013232551
558349.3700235951,9.7945557644,-0.0026419282,-0.0055554448,-0.1744961950,0.0008225805,-0.0016812257
558349.3800235949,9.7951811784,-0.0021828185,-0.0034251738,-0.1745070516,0.0008008792,-0.0010412177
558349.3900235950,9.7954682287,0.0005643332,-0.0043415142,-0.1745287649,0.0008008792,-0.0018981776
558349.4000235950,9.7938014187,-0.0047804314,-0.0055500777,-0.1744853384,0.0007683273,-0.0009435894
558349.4100235950,9.7966632634,0.0042306064,-0.0057225778,-0.1745287649,0.0008225805,-0.0018873300
558349.4200235950,9.7947400880,-0.0079803700,-0.0041865671,-0.1744961950,0.0007791780,-0.0010303701
558349.4300235950,9.7963711169,0.0056010565,-0.0034317661,-0.1744961950,0.0007683273,-0.0017137685
558349.4400235950,9.7944162603,-0.0066081145,-0.0058610092,-0.1744961950,0.0007791780,-0.0012690172
558349.4500235950,9.7963551330,0.0040770372,-0.0061776394,-0.1744853384,0.0008008792,-0.0013557979
558349.4600235950,9.7950205942,-0.0035554222,-0.0051021402,-0.1744961950,0.0008117298,-0.0016486829
558349.4700235950,9.7947121843,-0.0002016361,-0.0038779901,-0.1744201986,0.0007791780,-0.0010737605
558349.4800235960,9.7959240773,0.0013287742,-0.0041924619,-0.1745179083,0.0008008792,-0.0018547872
558349.4900235960,9.7942589088,-0.0059984932,-0.0061644810,-0.1745070516,0.0007574767,-0.0009435894
558349.5000235960,9.7959011551,0.0037699687,-0.0058689531,-0.1744961950,0.0008225805,-0.0019090252
558349.5100235960,9.7936749240,-0.0064599638,-0.0031094201,-0.1744961950,0.0007683273,-0.0009761321
558349.5200235960,9.7962125182,0.0059057628,-0.0040403969,-0.1745070516,0.0008008792,-0.0017680065
558349.5300235960,9.7944215859,-0.0082858411,-0.0060142863,-0.1744636251,0.0007683273,-0.0011713888
558349.5400235960,9.7963581649,0.0039243714,-0.0058726896,-0.1745179083,0.0008008792,-0.0015402070
558349.5500235960,9.7944194930,-0.0046258895,-0.0044875145,-0.1744636251,0.0008008792,-0.0015510546
558349.5600235960,9.7948515450,0.0022396282,-0.0043356720,-0.1745396215,0.0007791780,-0.0011713888
558349.5700235961,9.7954674617,-0.0011130462,-0.0052573401,-0.1743116323,0.0007900286,-0.0017788541
558349.5800235959,9.7948649413,-0.0043183349,-0.0058637691,-0.1743442022,0.0007683273,-0.0009869797
558349.5900235960,9.7960602054,0.0017878135,-0.0060236385,-0.1744419119,0.0008225805,-0.0018656348
558349.6000235960,9.7945708954,-0.0037102416,-0.0041833452,-0.1745396215,0.0007791780,-0.0009869797
558349.6100235960,9.7953099453,0.0042238679,-0.0032710030,-0.1745179083,0.0007900286,-0.0018330920
558349.6200235960,9.7951939798,-0.0085882546,-0.0049532012,-0.1744961950,0.0008008792,-0.0010520653
558349.6300235960,9.7958999939,0.0043800069,-0.0057161644,-0.1745396215,0.0007900286,-0.0017246161
558349.6400235960,9.7939684323,-0.0063055614,-0.0044844757,-0.1744636251,0.0008225805,-0.0012690172
558349.6500235960,9.7962119519,0.0063632741,-0.0038876779,-0.1744853384,0.0007900286,-0.0014208835
558349.6600235960,9.7944303162,-0.0061514364,-0.0038781731,-0.1744636251,0.0008117298,-0.0014968166
558349.6700235960,9.7959207300,-0.0018733884,-0.0061765536,-0.1744853384,0.0007791780,-0.0012039316
558349.6800235960,9.7954535779,0.0002601821,-0.0063242806,-0.1745396215,0.0008008792,-0.0017788541
558349.6900235960,9.7947175672,-0.0012693939,-0.0037259686,-0.1745287649,0.0007791780,-0.0009761321
558349.7000235959,9.7965246123,0.0028567528,-0.0046543686,-0.1745830480,0.0008117298,-0.0018981776
558349.7100235960,9.7941214762,-0.0073724162,-0.0049437620,-0.1745830480,0.0007683273,-0.0009435894
558349.7200235960,9.7966614213,0.0040782183,-0.0060276671,-0.1745287649,0.0008008792,-0.0018439396
558349.7300235960,9.7945761063,-0.0066079058,-0.0049472194,-0.1744961950,0.0007791780,-0.0011171509
558349.7400235960,9.7960581698,0.0060577339,-0.0041915682,-0.1745287649,0.0008117298,-0.0016269878
558349.7500235960,9.7944295492,-0.0078288159,-0.0047939989,-0.1744853384,0.0007791780,-0.0013774931
558349.7600235960,9.7962169908,0.0016357035,-0.0055674477,-0.1744636251,0.0007791780,-0.0013774931
558349.7700235960,9.7951689360,-0.0027920929,-0.0052555699,-0.1744527685,0.0008117298,-0.0016378353
558349.7800235960,9.7951649150,-0.0001994825,-0.0044918353,-0.1743984853,0.0007791780,-0.0010846081
558349.7900235960,9.7959191460,0.0007190832,-0.0051077995,-0.1744853384,0.0008008792,-0.0018330920
558349.8000235960,9.7941088682,-0.0053892885,-0.0055528942,-0.1745070516,0.0007683273,-0.0009435894
558349.8100235960,9.7972817605,0.0024027150,-0.0055759801,-0.1744961950,0.0008225805,-0.0019090252
558349.8200235961,9.7947275087,-0.0056922579,-0.0046430501,-0.1745179083,0.0008008792,-0.0009869797
558349.8300235959,9.7959117275,0.0060567614,-0.0034277507,-0.1745396215,0.0007900286,-0.0017571589
558349.8400235960,9.7942842107,-0.0090497953,-0.0044882687,-0.1745396215,0.0007791780,-0.0011605412
558349.8500235960,9.7958969620,0.0045326727,-0.0060211141,-0.1745396215,0.0008117298,-0.0015510546
558349.8600235960,9.7939551721,-0.0047798756,-0.0053988366,-0.1745179083,0.0008008792,-0.0014534263
558349.8700235960,9.7957600096,0.0017862852,-0.0054110620,-0.1745287649,0.0008117298,-0.0012364744
558349.8800235960,9.7947156391,-0.0023367352,-0.0044890057,-0.1745396215,0.0008008792,-0.0017463113
558349.8900235960,9.7948700734,-0.0015737530,-0.0038798866,-0.1745179083,0.0007683273,-0.0009978273
558349.9000235960,9.7959047533,0.0031597916,-0.0057167224,-0.1745287649,0.0008225805,-0.0019307204
558349.9100235960,9.7947201690,-0.0059968257,-0.0057107579,-0.1744201986,0.0007791780,-0.0008893514
558349.9200235960,9.7965229996,0.0051442399,-0.0037382637,-0.1744527685,0.0008225805,-0.0018656348
558349.9300235960,9.7953472244,-0.0075202187,-0.0043439426,-0.1744419119,0.0007791780,-0.0010846081
558349.9400235960,9.7968019719,0.0062144288,-0.0064854885,-0.1744636251,0.0007900286,-0.0016486829
558349.9500235959,9.7933491396,-0.0064600339,-0.0056995485,-0.1745179083,0.0008117298,-0.0013774931
558349.9600235960,9.7927282413,0.0022301799,-0.0027928121,-0.1745287649,0.0008008792,-0.0013124075
558349.9700235960,9.7962409308,-0.0029404512,-0.0048069916,-0.1745830480,0.0008008792,-0.0016920733
558349.9800235960,9.7971246885,-0.0004950190,-0.0075586636,-0.1744853384,0.0008117298,-0.0009869797
558349.9900235960,9.7951463292,0.0030039300,-0.0052529192,-0.1745179083,0.0008334311,-0.0019198728
558350.0000235960,9.7950562391,-0.0067598068,-0.0022059197,-0.1745179083,0.0007791780,-0.0009218942
558350.0100235960,9.7954442026,0.0042255347,-0.0055599181,-0.1747784674,0.0008008792,-0.0018873300
558350.0200235960,9.7937951828,-0.0063050062,-0.0070758728,-0.1745179083,0.0008008792,-0.0010954557
558350.0300235960,9.7966561818,0.0066708982,-0.0054164422,-0.1745287649,0.0008225805,-0.0016052926
558350.0400235960,9.7950446776,-0.0066066549,-0.0035784378,-0.1744961950,0.0008117298,-0.0013557979
558350.0500235960,9.7954604088,0.0016322299,-0.0047985552,-0.1744201986,0.0007791780,-0.0013015599
558350.0600235960,9.7945479445,-0.0015740315,-0.0060124857,-0.1743767721,0.0008117298,-0.0016703781
558350.0700235961,9.7936316599,-0.0000527917,-0.0053941367,-0.1744419119,0.0007683273,-0.0010629129
558350.0800235959,9.7956195164,0.0002600435,-0.0046479420,-0.1745070516,0.0008225805,-0.0018330920
558350.0900235960,9.7947227207,-0.0047770270,-0.0047951413,-0.1745287649,0.0007791780,-0.0009652845
558350.1000235960,9.7960507154,0.0045332285,-0.0058698731,-0.1745721914,0.0008117298,-0.0018873300
558350.1100235960,9.7944157228,-0.0058456187,-0.0055556409,-0.1745396215,0.0008008792,-0.0009869797
558350.1200235960,9.7957524191,0.0052940571,-0.0046469088,-0.1745179083,0.0008225805,-0.0017680065
558350.1300235960,9.7945863632,-0.0076759414,-0.0041851589,-0.1744961950,0.0007683273,-0.0011822364
558350.1400235960,9.7963552477,0.0052969748,-0.0055670423,-0.1745504781,0.0008117298,-0.0015402070
558350.1500235960,9.7948684821,-0.0055384808,-0.0060168369,-0.1745179083,0.0008117298,-0.0014968166
558350.1600235960,9.7957691054,0.0013282878,-0.0044962127,-0.1745287649,0.0008008792,-0.0011822364
558350.1700235960,9.7959311590,-0.0011115176,-0.0044985975,-0.1745070516,0.0008117298,-0.0018005492
558350.1800235960,9.7950169673,-0.0032502295,-0.0054070202,-0.1744201986,0.0007791780,-0.0009869797
558350.1900235960,9.7957425563,0.0040746750,-0.0064775839,-0.1744310552,0.0008225805,-0.0019198728
558350.2000235959,9.7950313314,-0.0059959223,-0.0049507466,-0.1744310552,0.0008117298,-0.0009435894
558350.2100235960,9.7963722494,0.0046860339,-0.0037372042,-0.1744636251,0.0007900286,-0.0018330920
558350.2200235960,9.7942703842,-0.0070665982,-0.0052499107,-0.1744961950,0.0008225805,-0.0011713888
558350.2300235960,9.7964999626,0.0063654968,-0.0060253520,-0.1745504781,0.0008117298,-0.0015402070
558350.2400235960,9.7944205395,-0.0064558653,-0.0052509004,-0.1745396215,0.0008008792,-0.0014317311
558350.2500235960,9.7953122390,0.0026988070,-0.0037292299,-0.1745179083,0.0007683273,-0.0012256268
558350.2600235960,9.7948621675,-0.0014208095,-0.0047948754,-0.1745287649,0.0008117298,-0.0017788541
558350.2700235960,9.7953190052,-0.0030963131,-0.0057145075,-0.1744961950,0.0007791780,-0.0009652845
558350.2800235960,9.7966600881,0.0028583502,-0.0067907739,-0.1744961950,0.0008334311,-0.0019090252
558350.2900235960,9.7942735022,-0.0063043108,-0.0044870131,-0.1745721914,0.0007791780,-0.0009435894
558350.3000235960,9.7959086382,0.0055994584,-0.0040379990,-0.1745179083,0.0008117298,-0.0018439396
558350.3100235960,9.7947273080,-0.0078271487,-0.0057115950,-0.1745179083,0.0007683273,-0.0011171509
558350.3200235961,9.7966524402,0.0057561533,-0.0063319193,-0.1744853384,0.0008334311,-0.0015510546
558350.3300235959,9.7945706660,-0.0061501167,-0.0054045394,-0.1744419119,0.0008008792,-0.0015185118
558350.3400235960,9.7948576088,0.0019342966,-0.0037257724,-0.1744636251,0.0007791780,-0.0011713888
558350.3500235960,9.7963796679,-0.0006516444,-0.0054172530,-0.1744961950,0.0008117298,-0.0018222444
558350.3600235960,9.7953134789,-0.0035534773,-0.0066297753,-0.1745070516,0.0007791780,-0.0009435894
558350.3700235960,9.7966698935,0.0034677635,-0.0052653973,-0.1745179083,0.0008225805,-0.0018981776
558350.3800235960,9.7948897057,-0.0066071413,-0.0038821886,-0.1745504781,0.0007683273,-0.0009652845
558350.3900235960,9.7955957198,0.0063611202,-0.0046451517,-0.1745504781,0.0008008792,-0.0018439396
558350.4000235960,9.7948731268,-0.0079786337,-0.0066279920,-0.1745287649,0.0008225805,-0.0011171509
558350.4100235960,9.7966531498,0.0068235640,-0.0057213919,-0.1745287649,0.0008008792,-0.0016269878
558350.4200235960,9.7947384179,-0.0063028516,-0.0035757608,-0.1744636251,0.0008117298,-0.0013449503
558350.4300235960,9.7960633520,0.0028550853,-0.0051080916,-0.1744961950,0.0008008792,-0.0013341027
558350.4400235960,9.7957723595,-0.0029417021,-0.0061757732,-0.1744961950,0.0008225805,-0.0016052926
558350.4500235959,9.7954687089,-0.0008081313,-0.0049521811,-0.1744310552,0.0007791780,-0.0010954557
558350.4600235960,9.7959252385,0.0007187360,-0.0043452507,-0.1744419119,0.0008225805,-0.0018439396
558350.4700235960,9.7945751172,-0.0041679612,-0.0038785350,-0.1743767721,0.0007574767,-0.0009652845
558350.4800235960,9.7968169595,0.0036211934,-0.0058766353,-0.1744419119,0.0008334311,-0.0019307204
558350.4900235960,9.7944156368,-0.0067605719,-0.0060135887,-0.1744419119,0.0008008792,-0.0009218942
558350.5000235960,9.7962065403,0.0071260476,-0.0041923486,-0.1745179083,0.0008225805,-0.0018005492
558350.5100235960,9.7941275113,-0.0079827322,-0.0044865117,-0.1745721914,0.0008008792,-0.0012039316
558350.5200235960,9.7963564375,0.0049919210,-0.0055671818,-0.1745504781,0.0008117298,-0.0014968166
558350.5300235960,9.7942553679,-0.0047783473,-0.0060114131,-0.1745396215,0.0008117298,-0.0015402070
558350.5400235960,9.7957744883,0.0002605299,-0.0043441912,-0.1745504781,0.0008117298,-0.0011388460
558350.5500235970,9.7959271093,0.0011761084,-0.0038875121,-0.1745830480,0.0008008792,-0.0018222444
558350.5600235970,9.7954799837,-0.0040111271,-0.0051061557,-0.1744636251,0.0008008792,-0.0009652845
558350.5700235970,9.7957364065,0.0034650534,-0.0075454313,-0.1745070516,0.0008117298,-0.0018656348
558350.5800235970,9.7947245055,-0.0052346077,-0.0047953506,-0.1745179083,0.0008334311,-0.0009652845
558350.5900235970,9.7965201110,0.0068218277,-0.0032799671,-0.1745179083,0.0008008792,-0.0018113968
558350.6000235970,9.7938217606,-0.0087464090,-0.0049418523,-0.1744961950,0.0007791780,-0.0012039316
558350.6100235970,9.7963417868,0.0046877698,-0.0075499482,-0.1744636251,0.0007900286,-0.0014859690
558350.6200235970,9.7947093458,-0.0044712787,-0.0063200994,-0.1744636251,0.0008442817,-0.0015727498
558350.6300235970,9.7959234824,0.0014813011,-0.0041923921,-0.1744419119,0.0007791780,-0.0010846081
558350.6400235971,9.7956183553,0.0008700818,-0.0044951532,-0.1744419119,0.0007900286,-0.0018656348
558350.6500235969,9.7953224887,-0.0049264278,-0.0061728738,-0.1744636251,0.0008008792,-0.0008893514
558350.6600235970,9.7958927116,0.0046854079,-0.0064785736,-0.1745179083,0.0008117298,-0.0019524156
558350.6700235970,9.7938220473,-0.0056965651,-0.0034153596,-0.1744853384,0.0008225805,-0.0009652845
558350.6800235970,9.7963638632,0.0062114419,-0.0040415262,-0.1745504781,0.0007900286,-0.0017354637
558350.6900235970,9.7948731555,-0.0076736493,-0.0064753427,-0.1745287649,0.0008008792,-0.0012690172
558350.7000235970,9.7962001611,0.0040765508,-0.0064813901,-0.1745504781,0.0008334311,-0.0013883407
558350.7100235970,9.7950211891,-0.0037079491,-0.0051022100,-0.1744419119,0.0008225805,-0.0016269878
558350.7200235970,9.7953169983,0.0014785917,-0.0037297879,-0.1744201986,0.0008008792,-0.0010629129
558350.7300235970,9.7954531264,0.0019376310,-0.0055609645,-0.1744853384,0.0007900286,-0.0018439396
558350.7400235970,9.7939501547,-0.0063045198,-0.0067721220,-0.1744310552,0.0008008792,-0.0009652845
558350.7500235970,9.7957473443,0.0031594441,-0.0063254927,-0.1744853384,0.0008334311,-0.0018656348
558350.7600235970,9.7945812384,-0.0038633240,-0.0029633369,-0.1744853384,0.0008008792,-0.0009978273
558350.7700235971,9.7969697238,0.0060616939,-0.0046567099,-0.1745179083,0.0008225805,-0.0018005492
558350.7800235969,9.7945649964,-0.0081322028,-0.0070830536,-0.1744636251,0.0008008792,-0.0011279984
558350.7900235970,9.7962020892,0.0051438921,-0.0057183531,-0.1745070516,0.0008225805,-0.0015835974
558350.8000235970,9.7951906111,-0.0055382023,-0.0038842377,-0.1745070516,0.0008117298,-0.0014534263
558350.8100235970,9.7960653088,0.0042274109,-0.0041924053,-0.1745070516,0.0007683273,-0.0012364744
558350.8200235970,9.7959202211,-0.0008059083,-0.0057185361,-0.1745396215,0.0008442817,-0.0017571589
558350.8300235970,9.7956216954,-0.0024849549,-0.0057167659,-0.1744961950,0.0007574767,-0.0009544369
558350.8400235970,9.7957570350,0.0025489198,-0.0054107132,-0.1745504781,0.0008442817,-0.0019090252
558350.8500235970,9.7945737840,-0.0053878293,-0.0046416418,-0.1744636251,0.0008008792,-0.0009218942
558350.8600235970,9.7963487609,0.0075847397,-0.0052609764,-0.1744527685,0.0008225805,-0.0018439396
558350.8700235970,9.7947218391,-0.0076743440,-0.0063215642,-0.1744527685,0.0008008792,-0.0011279984
558350.8800235970,9.7960538047,0.0049905315,-0.0052596248,-0.1744636251,0.0007900286,-0.0015727498
558350.8900235971,9.7947251291,-0.0050821502,-0.0046427710,-0.1744636251,0.0008225805,-0.0014642738
558350.9000235969,9.7962117512,0.0042283834,-0.0049562228,-0.1744636251,0.0008008792,-0.0012473220
558350.9100235970,9.7954650821,-0.0005029386,-0.0052570611,-0.1745396215,0.0008117298,-0.0016703781
558350.9200235970,9.7954648814,-0.0026378294,-0.0063256060,-0.1744527685,0.0008117298,-0.0010737605
558350.9300235970,9.7957636652,0.0017860769,-0.0049535327,-0.1744961950,0.0008117298,-0.0018656348
558350.9400235970,9.7942549737,-0.0024909296,-0.0049427985,-0.1745070516,0.0008117298,-0.0009544369
558350.9500235970,9.7965114094,0.0049924074,-0.0052634310,-0.1745396215,0.0008008792,-0.0018439396
558350.9600235970,9.7945729597,-0.0076751776,-0.0058627662,-0.1745287649,0.0008117298,-0.0010520653
558350.9700235970,9.7960502926,0.0065156618,-0.0049539077,-0.1746047613,0.0008008792,-0.0017137685
558350.9800235970,9.7945761923,-0.0056929526,-0.0044892716,-0.1745179083,0.0008117298,-0.0012473220
558350.9900235970,9.7972601142,0.0054538089,-0.0067946630,-0.1745070516,0.0008225805,-0.0014859690
558351.0000235970,9.7939545772,-0.0046273487,-0.0053987669,-0.1744093420,0.0008117298,-0.0014859690
558351.0100235970,9.7957781439,0.0002603216,-0.0038866619,-0.1747133276,0.0008008792,-0.0012256268
558351.0200235971,9.7957592713,0.0004138901,-0.0061742386,-0.1744419119,0.0008008792,-0.0018113968
558351.0300235969,9.7947016692,-0.0018784600,-0.0060138940,-0.1743984853,0.0008008792,-0.0009435894
558351.0400235970,9.7968242418,0.0033157924,-0.0051142260,-0.1744636251,0.0008551323,-0.0018981776
558351.0500235970,9.7939756860,-0.0069159468,-0.0038747156,-0.1744527685,0.0007683273,-0.0009218942
558351.0600235970,9.7966555868,0.0068234251,-0.0054163724,-0.1744961950,0.0008334311,-0.0018330920
558351.0700235970,9.7944065696,-0.0059975902,-0.0067757887,-0.1744853384,0.0007791780,-0.0012039316
558351.0800235970,9.7965108145,0.0051449343,-0.0052633613,-0.1744636251,0.0008442817,-0.0014317311
558351.0900235970,9.7948783162,-0.0046240831,-0.0043388110,-0.1745396215,0.0008008792,-0.0015944450
558351.1000235970,9.7951618830,-0.0000468167,-0.0047967851,-0.1745721914,0.0008008792,-0.0010520653
558351.1100235970,9.7956014682,0.0027009603,-0.0057143942,-0.1745721914,0.0008334311,-0.0018981776
558351.1200235970,9.7945640072,-0.0056922582,-0.0060143692,-0.1744527685,0.0007791780,-0.0008676562
558351.1300235970,9.7968122288,0.0051463932,-0.0057234280,-0.1744853384,0.0008442817,-0.0019415680
558351.1400235971,9.7941239418,-0.0070675707,-0.0044860932,-0.1744419119,0.0007791780,-0.0010303701
558351.1500235969,9.7963481374,0.0074322822,-0.0054135559,-0.1744310552,0.0008117298,-0.0016378353
558351.1600235970,9.7947158612,-0.0064540592,-0.0064735159,-0.1744419119,0.0008117298,-0.0013774931
558351.1700235970,9.7957485915,0.0034643590,-0.0060203337,-0.1744636251,0.0008225805,-0.0012907123
558351.1800235970,9.7960854787,-0.0015684731,-0.0045000755,-0.1744961950,0.0008225805,-0.0017463113
558351.1900235970,9.7947053821,-0.0012686995,-0.0052510662,-0.1744636251,0.0007683273,-0.0009544369
558351.2000235970,9.7962073574,0.0028561966,-0.0061769287,-0.1745287649,0.0008334311,-0.0019198728
558351.2100235970,9.7944115010,-0.0053878991,-0.0058604511,-0.1745179083,0.0007791780,-0.0009544369
558351.2200235970,9.7962027988,0.0062113027,-0.0051078257,-0.1745287649,0.0008334311,-0.0018656348
558351.2300235970,9.7947226060,-0.0059969645,-0.0054057384,-0.1745721914,0.0008008792,-0.0010737605
558351.2400235970,9.7965078113,0.0056025845,-0.0054156617,-0.1745939047,0.0008008792,-0.0015944450
558351.2500235970,9.7944125761,-0.0069128905,-0.0064711877,-0.1745396215,0.0008008792,-0.0013666455
558351.2600235970,9.7958987754,0.0043800764,-0.0058686741,-0.1744853384,0.0008334311,-0.0013449503
558351.2700235971,9.7948602967,-0.0018781819,-0.0052526139,-0.1745070516,0.0008117298,-0.0016378353
558351.2800235969,9.7951600409,-0.0001992047,-0.0051018743,-0.1744527685,0.0008008792,-0.0010846081
558351.2900235970,9.7960698101,0.0002623360,-0.0055668068,-0.1745179083,0.0008117298,-0.0017680065
558351.3000235970,9.7939510651,-0.0031022184,-0.0050930498,-0.1744093420,0.0008117298,-0.0010303701
558351.3100235970,9.7968211812,0.0031634738,-0.0055718251,-0.1745070516,0.0008008792,-0.0018330920
558351.3200235970,9.7944080462,-0.0032528000,-0.0052494355,-0.1744419119,0.0008117298,-0.0009869797
558351.3300235970,9.7955968236,0.0051411132,-0.0051032391,-0.1744961950,0.0008117298,-0.0018439396
558351.3400235970,9.7951891345,-0.0082829925,-0.0054105909,-0.1745179083,0.0008117298,-0.0010629129
558351.3500235970,9.7974158530,0.0071316748,-0.0055750864,-0.1745287649,0.0008225805,-0.0016812257
558351.3600235970,9.7944134005,-0.0046255423,-0.0052500633,-0.1745504781,0.0008117298,-0.0013015599
558351.3700235970,9.7959077279,0.0023971570,-0.0057170712,-0.1745287649,0.0008225805,-0.0013449503
558351.3800235970,9.7948698727,-0.0037086438,-0.0049484315,-0.1745721914,0.0008225805,-0.0016378353
558351.3900235971,9.7951564428,0.0004109724,-0.0052541051,-0.1744853384,0.0007791780,-0.0010737605
558351.4000235969,9.7954518792,0.0016327160,-0.0058661235,-0.1744853384,0.0008334311,-0.0018547872
558351.4100235970,9.7941107677,-0.0046269317,-0.0049425063,-0.1744527685,0.0008117298,-0.0009218942
558351.4200235970,9.7957547414,0.0040739806,-0.0049524863,-0.1744961950,0.0008442817,-0.0018873300
558351.4300235970,9.7939587990,-0.0050850683,-0.0050939566,-0.1744961950,0.0007791780,-0.0009869797
558351.4400235970,9.7963547101,0.0060594705,-0.0052616740,-0.1744853384,0.0008334311,-0.0017680065
558351.4500235970,9.7941117568,-0.0070668763,-0.0060111908,-0.1744853384,0.0008008792,-0.0011713888
558351.4600235970,9.7960521060,0.0063630655,-0.0048014677,-0.1744961950,0.0008117298,-0.0015185118
558351.4700235970,9.7945653404,-0.0044723901,-0.0052512623,-0.1744527685,0.0008117298,-0.0015076642
558351.4800235970,9.7959161427,0.0011767333,-0.0052601000,-0.1744853384,0.0008334311,-0.0011496936
558351.4900235970,9.7948440906,0.0007151228,-0.0060139769,-0.1745721914,0.0008334311,-0.0018330920
558351.5000235970,9.7939498466,-0.0031021489,-0.0052455596,-0.1745504781,0.0008117298,-0.0009218942
558351.5100235970,9.7957530140,0.0051415302,-0.0046469785,-0.1745504781,0.0008334311,-0.0019198728
558351.5200235971,9.7942776953,-0.0070670149,-0.0043348522,-0.1745396215,0.0007791780,-0.0009435894
558351.5300235969,9.7968038140,0.0063668168,-0.0061803992,-0.1745396215,0.0008225805,-0.0018222444
558351.5400235970,9.7947116395,-0.0059963396,-0.0067783262,-0.1744961950,0.0008117298,-0.0011279984
558351.5500235970,9.7960484791,0.0066682582,-0.0051063477,-0.1745287649,0.0008117298,-0.0015835974
558351.5600235970,9.7944279365,-0.0055413287,-0.0038778941,-0.1744527685,0.0008117298,-0.0014317311
558351.5700235970,9.7957497814,0.0031593052,-0.0060204732,-0.1744419119,0.0008225805,-0.0012039316
558351.5800235970,9.7956090301,-0.0011117960,-0.0066311967,-0.1743984853,0.0008442817,-0.0018113968
558351.5900235970,9.7944075086,-0.0024903043,-0.0049440672,-0.1743984853,0.0008008792,-0.0009218942
558351.6000235970,9.7959164295,0.0042265773,-0.0037336073,-0.1745070516,0.0008334311,-0.0019198728
558351.6100235970,9.7944115010,-0.0053878991,-0.0058604511,-0.1745396215,0.0007683273,-0.0009435894
558351.6200235970,9.7964938414,0.0060608596,-0.0069405501,-0.1745830480,0.0008551323,-0.0018113968
558351.6300235980,9.7939623111,-0.0066101986,-0.0053996737,-0.1745939047,0.0008008792,-0.0011388460
558351.6400235980,9.7962076441,0.0059060406,-0.0046504360,-0.1746047613,0.0008117298,-0.0015510546
558351.6500235980,9.7944164324,-0.0047782081,-0.0049451136,-0.1745070516,0.0008008792,-0.0014751214
558351.6600235980,9.7962103893,0.0027035308,-0.0058719789,-0.1744419119,0.0008008792,-0.0012364744
558351.6700235980,9.7957688474,-0.0014165718,-0.0058700561,-0.1744853384,0.0008225805,-0.0017137685
558351.6800235980,9.7947108511,-0.0014215042,-0.0046410969,-0.1744419119,0.0008117298,-0.0010303701
558351.6900235980,9.7968248368,0.0031632655,-0.0051142958,-0.1744636251,0.0008117298,-0.0018981776
558351.7000235980,9.7945592479,-0.0044720429,-0.0060138111,-0.1745070516,0.0008117298,-0.0009001990
558351.7100235980,9.7969558113,0.0071299378,-0.0058762997,-0.1745070516,0.0008334311,-0.0018656348
558351.7200235981,9.7947340241,-0.0076750384,-0.0047964667,-0.1744636251,0.0008225805,-0.0010737605
558351.7300235979,9.7965140185,0.0068221749,-0.0040425159,-0.1744419119,0.0008117298,-0.0016052926
558351.7400235980,9.7944134291,-0.0043205579,-0.0050974141,-0.1744419119,0.0008334311,-0.0014751214
558351.7500235980,9.7955892831,0.0027016547,-0.0072394918,-0.1744636251,0.0008008792,-0.0011388460
558351.7600235980,9.7953022615,0.0002594874,-0.0061705021,-0.1745070516,0.0008334311,-0.0018547872
558351.7700235980,9.7948801296,-0.0047766794,-0.0041863710,-0.1744636251,0.0007791780,-0.0009001990
558351.7800235980,9.7960489880,0.0056007781,-0.0055643653,-0.1745504781,0.0008334311,-0.0019741107
558351.7900235980,9.7942515977,-0.0059980766,-0.0070795395,-0.1745070516,0.0008225805,-0.0009218942
558351.8000235980,9.7968081504,0.0071290348,-0.0052649919,-0.1744961950,0.0008442817,-0.0017463113
558351.8100235980,9.7932093847,-0.0066138805,-0.0041732520,-0.1744419119,0.0008117298,-0.0012147792
558351.8200235980,9.7965102196,0.0052974612,-0.0052632915,-0.1744636251,0.0008008792,-0.0014642738
558351.8300235980,9.7943959185,-0.0026421369,-0.0064692346,-0.1744527685,0.0008117298,-0.0015510546
558351.8400235981,9.7959137344,0.0014818566,-0.0054124702,-0.1744419119,0.0008334311,-0.0010737605
558351.8500235979,9.7957684245,0.0005658615,-0.0049540907,-0.1744961950,0.0008225805,-0.0018439396
558351.8600235980,9.7942585146,-0.0037110755,-0.0050958663,-0.1744853384,0.0007791780,-0.0009544369
558351.8700235980,9.7955829111,0.0062093571,-0.0063228288,-0.1745287649,0.0008225805,-0.0019090252
558351.8800235980,9.7944133718,-0.0049305267,-0.0054027126,-0.1745939047,0.0008225805,-0.0009869797
558351.8900235980,9.7965133089,0.0057547642,-0.0046530432,-0.1746264746,0.0008225805,-0.0017463113
558351.9000235980,9.7944210770,-0.0072183610,-0.0055562687,-0.1745939047,0.0008117298,-0.0011822364
558351.9100235980,9.7966506555,0.0062137341,-0.0063317100,-0.1745287649,0.0008225805,-0.0015076642
558351.9200235980,9.7947154957,-0.0038616571,-0.0052522520,-0.1744636251,0.0008225805,-0.0014859690
558351.9300235980,9.7962206463,0.0016354952,-0.0051099184,-0.1744310552,0.0008117298,-0.0011822364
558351.9400235980,9.7954608603,-0.0000452190,-0.0055618713,-0.1743659154,0.0008442817,-0.0017680065
558351.9500235980,9.7951508304,-0.0009611449,-0.0066273207,-0.1743767721,0.0008117298,-0.0009435894
558351.9600235980,9.7962062823,0.0043811880,-0.0055661921,-0.1744093420,0.0008334311,-0.0019090252
558351.9700235981,9.7945779771,-0.0061505334,-0.0044894808,-0.1744527685,0.0008117298,-0.0009435894
558351.9800235979,9.7969685053,0.0060617633,-0.0048092197,-0.1744853384,0.0008334311,-0.0018330920
558351.9900235980,9.7947115821,-0.0066063084,-0.0070836247,-0.1744419119,0.0007791780,-0.0011171509
558352.0000235980,9.7961888290,0.0066695779,-0.0066327140,-0.1744961950,0.0008334311,-0.0016486829
558352.0100235980,9.7942783762,-0.0063045886,-0.0038769741,-0.1747676107,0.0008117298,-0.0012798648
558352.0200235980,9.7968273885,0.0043830642,-0.0041986792,-0.1744961950,0.0008008792,-0.0013557979
558352.0300235980,9.7951536903,-0.0029437171,-0.0072382666,-0.1745396215,0.0008334311,-0.0015944450
558352.0400235980,9.7957496093,0.0013293988,-0.0069363688,-0.1746047613,0.0008008792,-0.0010737605
558352.0500235980,9.7954663866,0.0004119452,-0.0046466035,-0.1745179083,0.0008334311,-0.0018439396
558352.0600235980,9.7942694238,-0.0043216692,-0.0040285770,-0.1745287649,0.0007683273,-0.0009110466
558352.0700235980,9.7969605420,0.0056047381,-0.0060295070,-0.1745179083,0.0008442817,-0.0019198728
558352.0800235980,9.7940979016,-0.0053886636,-0.0069254820,-0.1744636251,0.0008117298,-0.0009652845
558352.0900235981,9.7963541725,0.0068219662,-0.0049563057,-0.1745070516,0.0008225805,-0.0017137685
558352.1000235979,9.7942770430,-0.0075244567,-0.0046400809,-0.1744636251,0.0008225805,-0.0013015599
558352.1100235980,9.7957444271,0.0045320474,-0.0060198454,-0.1744961950,0.0008008792,-0.0013557979
558352.1200235980,9.7951532961,-0.0006562994,-0.0061696519,-0.1745070516,0.0008334311,-0.0016378353
558352.1300235980,9.7948489072,0.0001048763,-0.0057092364,-0.1744527685,0.0008008792,-0.0010520653
558352.1400235980,9.7963840044,0.0001105736,-0.0045018457,-0.1744636251,0.0008442817,-0.0018439396
558352.1500235980,9.7951785407,-0.0043175704,-0.0047987382,-0.1744853384,0.0008008792,-0.0009218942
558352.1600235980,9.7964938701,0.0063658440,-0.0067879008,-0.1745179083,0.0008334311,-0.0019090252
558352.1700235980,9.7945658207,-0.0058448546,-0.0058619292,-0.1744853384,0.0008225805,-0.0009761321
558352.1800235980,9.7965133376,0.0060597486,-0.0045003939,-0.1745396215,0.0008225805,-0.0017463113
558352.1900235980,9.7944253561,-0.0070661118,-0.0049461599,-0.1745721914,0.0008117298,-0.0012907123
558352.2000235980,9.7968001298,0.0060620407,-0.0067905778,-0.1745721914,0.0008442817,-0.0013883407
558352.2100235980,9.7951635244,-0.0020293194,-0.0055602407,-0.1745504781,0.0008442817,-0.0016378353
558352.2200235981,9.7956213585,0.0004124316,-0.0043428527,-0.1745939047,0.0008117298,-0.0010520653
558352.2300235979,9.7948479181,0.0025448209,-0.0046405520,-0.1745721914,0.0008117298,-0.0018873300
558352.2400235980,9.7948576016,-0.0046229026,-0.0069314769,-0.1744853384,0.0008225805,-0.0009110466
558352.2500235980,9.7966409934,0.0071292427,-0.0070938403,-0.1744201986,0.0008334311,-0.0018981776
558352.2600235980,9.7945870729,-0.0066085307,-0.0035746316,-0.1744093420,0.0008334311,-0.0010086749
558352.2700235980,9.7949807061,0.0063588969,-0.0052501158,-0.1744201986,0.0008008792,-0.0016812257
558352.2800235980,9.7942589088,-0.0059984932,-0.0061644810,-0.1744201986,0.0008334311,-0.0013557979
558352.2900235980,9.7965022563,0.0048404360,-0.0064835788,-0.1744527685,0.0008225805,-0.0012690172
558352.3000235980,9.7968475870,-0.0011078354,-0.0043537002,-0.1744961950,0.0008442817,-0.0017137685
558352.3100235980,9.7951642340,-0.0009619088,-0.0049497134,-0.1744310552,0.0007683273,-0.0009978273
558352.3200235980,9.7957352740,0.0043800760,-0.0072399932,-0.1744961950,0.0008442817,-0.0018981776
558352.3300235980,9.7939539250,-0.0050847905,-0.0057039957,-0.1744961950,0.0008117298,-0.0009001990
558352.3400235981,9.7971228249,0.0056048078,-0.0048106977,-0.1745070516,0.0008442817,-0.0019090252
558352.3500235979,9.7945724508,-0.0066076975,-0.0054047487,-0.1745179083,0.0008225805,-0.0010629129
558352.3600235980,9.7966526409,0.0078910441,-0.0052633744,-0.1745504781,0.0008225805,-0.0016052926
558352.3700235980,9.7950265147,-0.0053856758,-0.0052554871,-0.1745396215,0.0008334311,-0.0013557979
558352.3800235980,9.7959114121,0.0027019331,-0.0051068926,-0.1745287649,0.0008334311,-0.0013449503
558352.3900235980,9.7948543475,-0.0003529128,-0.0052519164,-0.1745070516,0.0008334311,-0.0016595305
558352.4000235980,9.7951510312,0.0011737458,-0.0055587758,-0.1745179083,0.0008225805,-0.0010303701
558352.4100235980,9.7965178675,0.0023996581,-0.0057221461,-0.1745070516,0.0008442817,-0.0018439396
558352.4200235980,9.7944205681,-0.0061508809,-0.0050982511,-0.1744853384,0.0008008792,-0.0008893514
558352.4300235980,9.7966537161,0.0063660527,-0.0058741110,-0.1744527685,0.0008442817,-0.0019307204
558352.4400235980,9.7938074826,-0.0050857630,-0.0049401781,-0.1744093420,0.0008117298,-0.0010303701
558352.4500235980,9.7960424439,0.0072785742,-0.0055635980,-0.1744853384,0.0008117298,-0.0016486829
558352.4600235980,9.7942697319,-0.0075240401,-0.0055551395,-0.1744961950,0.0008334311,-0.0013991883
558352.4700235981,9.7959059144,0.0025497533,-0.0058695112,-0.1745396215,0.0008008792,-0.0012256268
558352.4800235979,9.7959137344,0.0014818566,-0.0054124702,-0.1745504781,0.0008551323,-0.0017680065
558352.4900235980,9.7942484296,-0.0008131335,-0.0049420312,-0.1745721914,0.0007791780,-0.0009110466
558352.5000235980,9.7963696977,0.0034662352,-0.0046528208,-0.1745830480,0.0008551323,-0.0019090252
558352.5100235980,9.7947164848,-0.0063016017,-0.0063209364,-0.1745504781,0.0008008792,-0.0009435894
558352.5200235980,9.7964891681,0.0081960281,-0.0064820442,-0.1744853384,0.0008551323,-0.0018113968
558352.5300235980,9.7948727899,-0.0050812472,-0.0052540788,-0.1744636251,0.0008008792,-0.0011496936
558352.5400235980,9.7962160877,0.0049906013,-0.0040408155,-0.1744961950,0.0008334311,-0.0014751214
558352.5500235980,9.7948672923,-0.0052334269,-0.0060166974,-0.1744419119,0.0008442817,-0.0015185118
558352.5600235980,9.7954398375,0.0031583324,-0.0066279747,-0.1744201986,0.0008225805,-0.0011388460
558352.5700235980,9.7962141022,0.0033132913,-0.0051091511,-0.1744853384,0.0008551323,-0.0018005492
558352.5800235980,9.7945691393,-0.0029476764,-0.0040304867,-0.1744961950,0.0007791780,-0.0009435894
558352.5900235981,9.7963623580,0.0031616674,-0.0057205286,-0.1745179083,0.0008334311,-0.0019307204
558352.6000235979,9.7945603517,-0.0056920499,-0.0064718984,-0.1744636251,0.0008334311,-0.0009435894
558352.6100235980,9.7964964792,0.0081956115,-0.0055669856,-0.1745287649,0.0008334311,-0.0018113968
558352.6200235980,9.7944284167,-0.0069137932,-0.0044885609,-0.1745721914,0.0008334311,-0.0011388460
558352.6300235980,9.7963558713,0.0054494323,-0.0054144628,-0.1745939047,0.0008008792,-0.0014859690
558352.6400235980,9.7947081846,-0.0038612405,-0.0061673106,-0.1745070516,0.0008551323,-0.0015510546
558352.6500235980,9.7960530377,0.0033131521,-0.0061754507,-0.1744527685,0.0008117298,-0.0011279984
558352.6600235980,9.7960596105,0.0019403404,-0.0060235687,-0.1744961950,0.0008225805,-0.0018005492
558352.6700235980,9.7941102588,-0.0035594516,-0.0044844888,-0.1743550588,0.0008008792,-0.0009110466
558352.6800235980,9.7957462405,0.0043794511,-0.0058674054,-0.1745179083,0.0008442817,-0.0019307204
558352.6900235980,9.7948643177,-0.0044707923,-0.0060163486,-0.1744853384,0.0008117298,-0.0009544369
558352.7000235990,9.7968040147,0.0085017076,-0.0051118543,-0.1745070516,0.0008442817,-0.0017571589
558352.7100235990,9.7945803567,-0.0067606410,-0.0044897599,-0.1745070516,0.0008225805,-0.0011822364
558352.7200235990,9.7965065641,0.0052976695,-0.0057208208,-0.1745504781,0.0008117298,-0.0015185118
558352.7300235990,9.7950114984,-0.0030974248,-0.0060169895,-0.1745287649,0.0008442817,-0.0014859690
558352.7400235990,9.7958963097,0.0040752308,-0.0063263429,-0.1744310552,0.0008334311,-0.0011713888
558352.7500235990,9.7954688236,0.0004118063,-0.0043415840,-0.1743116323,0.0008225805,-0.0017571589
558352.7600235990,9.7941030051,-0.0029490662,-0.0050942488,-0.1744093420,0.0008117298,-0.0009761321
558352.7700235990,9.7957347937,0.0057525405,-0.0066293264,-0.1745396215,0.0008117298,-0.0019090252
558352.7800235990,9.7941035140,-0.0040165463,-0.0055522664,-0.1745830480,0.0008334311,-0.0009761321
558352.7900235991,9.7966671196,0.0063652888,-0.0041965036,-0.1745287649,0.0008008792,-0.0017680065
558352.8000235989,9.7939611213,-0.0063051448,-0.0053995342,-0.1744527685,0.0008117298,-0.0011279984
558352.8100235990,9.7967983737,0.0068246059,-0.0066377192,-0.1744853384,0.0008442817,-0.0016052926
558352.8200235990,9.7942597044,-0.0040161293,-0.0050960058,-0.1744093420,0.0008225805,-0.0013557979
558352.8300235990,9.7960609724,0.0034651929,-0.0051078126,-0.1744093420,0.0008442817,-0.0013124075
558352.8400235990,9.7954734396,-0.0023333310,-0.0051053884,-0.1743984853,0.0008442817,-0.0016378353
558352.8500235990,9.7953018387,0.0022419207,-0.0052545367,-0.1744419119,0.0008008792,-0.0010846081
558352.8600235990,9.7959070756,0.0019397151,-0.0060223000,-0.1744527685,0.0008334311,-0.0018113968
558352.8700235990,9.7939431878,-0.0026442904,-0.0058553893,-0.1744853384,0.0008225805,-0.0009435894
558352.8800235990,9.7963570898,0.0054493629,-0.0052619530,-0.1745504781,0.0008768336,-0.0018656348
558352.8900235990,9.7939545485,-0.0049323331,-0.0055514162,-0.1745070516,0.0007574767,-0.0009978273
558352.9000235990,9.7961949789,0.0072791995,-0.0055648667,-0.1745287649,0.0008551323,-0.0017788541
558352.9100235990,9.7944145043,-0.0058455493,-0.0057081507,-0.1745396215,0.0008008792,-0.0011388460
558352.9200235991,9.7965042418,0.0065177460,-0.0054152432,-0.1745179083,0.0008442817,-0.0015727498
558352.9300235990,9.7939486281,-0.0031020795,-0.0053980693,-0.1744961950,0.0008008792,-0.0014208835
558352.9400235990,9.7954345119,0.0048360590,-0.0064746977,-0.1744961950,0.0008334311,-0.0012907123
558352.9500235990,9.7951599262,-0.0014191423,-0.0057124714,-0.1745287649,0.0008334311,-0.0016269878
558352.9600235990,9.7954657630,0.0002594877,-0.0047991830,-0.1744636251,0.0008225805,-0.0010846081
558352.9700235990,9.7962170481,0.0022456723,-0.0052621491,-0.1744636251,0.0008334311,-0.0018222444
558352.9800235990,9.7942458779,-0.0020329322,-0.0058576478,-0.1744636251,0.0008008792,-0.0009652845
558352.9900235990,9.7960567793,0.0042278970,-0.0052599736,-0.1744310552,0.0008442817,-0.0018656348
558353.0000235990,9.7950204508,-0.0050803442,-0.0058653866,-0.1744419119,0.0008117298,-0.0009544369
558353.0100235990,9.7966573716,0.0063658443,-0.0054165817,-0.1747567541,0.0008768336,-0.0018330920
558353.0200235990,9.7948727326,-0.0056912160,-0.0055593774,-0.1744853384,0.0008225805,-0.0010737605
558353.0300235990,9.7966538594,0.0078909746,-0.0051108646,-0.1745396215,0.0008225805,-0.0015944450
558353.0400235991,9.7938062354,-0.0053906780,-0.0052453372,-0.1745504781,0.0008334311,-0.0013774931
558353.0500235989,9.7960579404,0.0036178587,-0.0054127624,-0.1744853384,0.0008117298,-0.0012907123
558353.0600235990,9.7957659301,-0.0000439684,-0.0055644088,-0.1744961950,0.0008551323,-0.0017463113
558353.0700235990,9.7951521063,-0.0003512456,-0.0061695124,-0.1744853384,0.0007791780,-0.0009218942
558353.0800235990,9.7954465536,0.0033104427,-0.0057128464,-0.1745287649,0.0008442817,-0.0018873300
558353.0900235990,9.7947273940,-0.0069121955,-0.0052536472,-0.1744636251,0.0008117298,-0.0009110466
558353.1000235990,9.7960353049,0.0091088972,-0.0055627609,-0.1745070516,0.0008551323,-0.0018330920
558353.1100235990,9.7942547730,-0.0046258204,-0.0060113434,-0.1744636251,0.0008225805,-0.0011279984
558353.1200235990,9.7965077826,0.0052976001,-0.0055683110,-0.1744201986,0.0008225805,-0.0015076642
558353.1300235990,9.7944206542,-0.0052359277,-0.0046403033,-0.1744201986,0.0008334311,-0.0014751214
558353.1400235990,9.7957431799,0.0042271325,-0.0063250044,-0.1744636251,0.0008225805,-0.0012147792
558353.1500235990,9.7959125159,0.0014819261,-0.0055649800,-0.1745504781,0.0008659829,-0.0017463113
558353.1600235990,9.7941042522,-0.0026441512,-0.0047890898,-0.1745287649,0.0008225805,-0.0009218942
558353.1700235991,9.7952953233,0.0042247011,-0.0051011201,-0.1745721914,0.0008334311,-0.0019415680
558353.1800235990,9.7942602420,-0.0047786250,-0.0054013741,-0.1745179083,0.0008117298,-0.0009544369
558353.1900235990,9.7964922574,0.0086533311,-0.0058717959,-0.1745070516,0.0008442817,-0.0017571589
558353.2000235990,9.7942619980,-0.0055411902,-0.0055542327,-0.1745070516,0.0008225805,-0.0011713888
558353.2100235990,9.7965144700,0.0051447260,-0.0048058320,-0.1744961950,0.0008334311,-0.0014968166
558353.2200235990,9.7947112453,-0.0037089219,-0.0057097115,-0.1744961950,0.0008225805,-0.0014968166
558353.2300235990,9.7955839289,0.0040743969,-0.0072388640,-0.1744853384,0.0008117298,-0.0011388460
558353.2400235990,9.7954591329,0.0010223306,-0.0052563635,-0.1745070516,0.0008659829,-0.0018005492
558353.2500235990,9.7947253298,-0.0029472595,-0.0035742262,-0.1744093420,0.0007791780,-0.0009544369
558353.2600235990,9.7959030832,0.0048373099,-0.0051059161,-0.1743984853,0.0008442817,-0.0019090252
558353.2700235990,9.7943958898,-0.0029471212,-0.0066218838,-0.1744201986,0.0008008792,-0.0009544369
558353.2800235990,9.7971113208,0.0063679285,-0.0058779172,-0.1744419119,0.0008985348,-0.0018005492
558353.2900235991,9.7948806385,-0.0058441595,-0.0046443886,-0.1744419119,0.0008225805,-0.0010629129
558353.3000235989,9.7960448810,0.0072784353,-0.0052585785,-0.1745070516,0.0008334311,-0.0016486829
558353.3100235990,9.7945652544,-0.0053873433,-0.0057092101,-0.1744636251,0.0008117298,-0.0012907123
558353.3200235990,9.7963467755,0.0059074297,-0.0063293120,-0.1745070516,0.0008551323,-0.0013557979
558353.3300235990,9.7948717721,-0.0029462870,-0.0043380437,-0.1744961950,0.0008225805,-0.0015835974
558353.3400235990,9.7951559912,0.0020884213,-0.0044907890,-0.1745396215,0.0008225805,-0.0011171509
558353.3500235990,9.7952956888,0.0016322990,-0.0063223841,-0.1745396215,0.0008225805,-0.0017680065
558353.3600235990,9.7943850953,-0.0011165899,-0.0070785760,-0.1745179083,0.0008225805,-0.0009435894
558353.3700235990,9.7965143840,0.0042297728,-0.0052637798,-0.1745287649,0.0008551323,-0.0018873300
558353.3800235990,9.7944230625,-0.0055410510,-0.0044879331,-0.1744853384,0.0008117298,-0.0009218942
558353.3900235990,9.7955800799,0.0084969137,-0.0055592337,-0.1744636251,0.0008225805,-0.0018330920
558353.4000235990,9.7941039082,-0.0063039640,-0.0066208810,-0.1744527685,0.0008225805,-0.0010954557
558353.4100235990,9.7966470573,0.0068239112,-0.0064839407,-0.1744093420,0.0008334311,-0.0015619022
558353.4200235991,9.7950230025,-0.0038605455,-0.0049497700,-0.1745179083,0.0008442817,-0.0013991883
558353.4300235990,9.7960587361,0.0056002226,-0.0043442872,-0.1745721914,0.0008225805,-0.0013015599
558353.4400235990,9.7943924350,-0.0008120222,-0.0060108682,-0.1745830480,0.0008442817,-0.0016595305
558353.4500235990,9.7954553340,-0.0005023831,-0.0064771391,-0.1745504781,0.0008225805,-0.0010520653
558353.4600235990,9.7952988641,0.0030045552,-0.0052541879,-0.1745830480,0.0008768336,-0.0018439396
558353.4700235990,9.7947157251,-0.0014217820,-0.0040310579,-0.1745287649,0.0008008792,-0.0009110466
558353.4800235990,9.7952852383,0.0071226431,-0.0049472850,-0.1744961950,0.0008442817,-0.0018656348
558353.4900235990,9.7947145567,-0.0073689430,-0.0070839735,-0.1745179083,0.0008008792,-0.0009652845
558353.5000235990,9.7966447636,0.0083489720,-0.0060257139,-0.1745179083,0.0008876842,-0.0017788541
558353.5100235990,9.7945690246,-0.0041676140,-0.0046410838,-0.1744853384,0.0008225805,-0.0012147792
558353.5200235990,9.7958971914,0.0069725479,-0.0047999200,-0.1744310552,0.0008334311,-0.0013774931
558353.5300235990,9.7948576876,-0.0037079494,-0.0064735291,-0.1743767721,0.0008225805,-0.0016378353
558353.5400235991,9.7953076731,-0.0005032861,-0.0058658314,-0.1743333456,0.0008442817,-0.0010086749
558353.5500235989,9.7957439182,0.0055995275,-0.0055618278,-0.1744093420,0.0008442817,-0.0018873300
558353.5600235990,9.7942580057,-0.0026435954,-0.0046378487,-0.1744636251,0.0008334311,-0.0008785038
558353.5700235990,9.7963492412,0.0062122752,-0.0058716433,-0.1745396215,0.0008442817,-0.0018873300
558353.5800235990,9.7938060920,-0.0069156000,-0.0060085835,-0.1745179083,0.0008225805,-0.0010412177
558353.5900235990,9.7966442547,0.0094164521,-0.0055676963,-0.1745830480,0.0008551323,-0.0016812257
558353.6000235990,9.7941150181,-0.0047796669,-0.0044850468,-0.1745504781,0.0008225805,-0.0013015599
558353.6100235990,9.7960537474,0.0043805628,-0.0055649233,-0.1745179083,0.0008117298,-0.0013232551
558353.6200235990,9.7945479732,-0.0012690471,-0.0058598365,-0.1745504781,0.0008551323,-0.0016595305
558353.6300235990,9.7954530690,0.0013276622,-0.0058662630,-0.1745287649,0.0008117298,-0.0010412177
558353.6400235990,9.7957577447,0.0036163304,-0.0048001859,-0.1745179083,0.0008551323,-0.0018547872
558353.6500235990,9.7942530456,-0.0035582708,-0.0057058356,-0.1744527685,0.0007791780,-0.0009001990
558353.6600235990,9.7963492698,0.0065172596,-0.0057189940,-0.1744310552,0.0008659829,-0.0018547872
558353.6700235991,9.7939605837,-0.0055426491,-0.0050941659,-0.1744201986,0.0008008792,-0.0010303701
558353.6800235990,9.7966575436,0.0081957507,-0.0045006861,-0.1744636251,0.0008551323,-0.0016703781
558353.6900235990,9.7944121246,-0.0052354416,-0.0057078716,-0.1744527685,0.0008334311,-0.0013015599
558353.7000235990,9.7964962785,0.0060607207,-0.0066355305,-0.1745179083,0.0008334311,-0.0013774931
558353.7100235990,9.7942520852,-0.0008133418,-0.0044845019,-0.1745504781,0.0008442817,-0.0015727498
558353.7200235990,9.7951614028,0.0013256478,-0.0041861182,-0.1745504781,0.0008008792,-0.0011279984
558353.7300235990,9.7962115218,0.0017885082,-0.0061774170,-0.1745396215,0.0008442817,-0.0017463113
558353.7400235990,9.7950012988,-0.0014194204,-0.0064737515,-0.1744853384,0.0008225805,-0.0010303701
558353.7500235990,9.7959091758,0.0048369627,-0.0043433673,-0.1745504781,0.0008442817,-0.0018113968
558353.7600235990,9.7939595086,-0.0040176576,-0.0044834293,-0.1745287649,0.0008334311,-0.0009544369
558353.7700235990,9.7968074408,0.0060616241,-0.0058755192,-0.1744636251,0.0008225805,-0.0018439396
558353.7800236000,9.7945477438,-0.0037089222,-0.0070810306,-0.1744853384,0.0008442817,-0.0010412177
558353.7900236000,9.7965042991,0.0071277148,-0.0051099447,-0.1744636251,0.0008442817,-0.0016703781
558353.8000236000,9.7945804428,-0.0058456878,-0.0040318121,-0.1742573492,0.0008334311,-0.0012256268
558353.8100236000,9.7960483931,0.0057533050,-0.0055642955,-0.1743333456,0.0008225805,-0.0014751214
558353.8200236000,9.7948529856,-0.0018777653,-0.0061676725,-0.1744853384,0.0008442817,-0.0014208835
558353.8300236000,9.7961965055,0.0040767591,-0.0069389194,-0.1745287649,0.0008225805,-0.0012581696
558353.8400236000,9.7953191773,-0.0012664068,-0.0047986118,-0.1745179083,0.0008334311,-0.0016486829
558353.8500236000,9.7954646305,0.0011745103,-0.0044937450,-0.1745287649,0.0008225805,-0.0010846081
558353.8600236000,9.7962092282,0.0033135690,-0.0057191901,-0.1745287649,0.0008442817,-0.0018005492
558353.8700235999,9.7951628721,-0.0024867613,-0.0058654695,-0.1745070516,0.0008117298,-0.0009544369
558353.8800236000,9.7962051785,0.0056011951,-0.0051081047,-0.1745721914,0.0008551323,-0.0018656348
558353.8900236000,9.7941215908,-0.0061524786,-0.0043331649,-0.1745396215,0.0008117298,-0.0009652845
558353.9000236000,9.7966568627,0.0074333245,-0.0049585641,-0.1745504781,0.0008659829,-0.0017680065
558353.9100236000,9.7947152663,-0.0063015323,-0.0064734462,-0.1744636251,0.0008334311,-0.0011605412
558353.9200236000,9.7963511406,0.0069746320,-0.0052612554,-0.1744527685,0.0008442817,-0.0014859690
558353.9300236000,9.7944171420,-0.0037107974,-0.0043345862,-0.1744419119,0.0008117298,-0.0014642738
558353.9400236000,9.7959071329,0.0025496839,-0.0057170014,-0.1744527685,0.0008334311,-0.0011822364
558353.9500236000,9.7957568917,0.0010239978,-0.0061739595,-0.1744527685,0.0008442817,-0.0017246161
558353.9600236000,9.7948494735,-0.0003526350,-0.0058619554,-0.1744636251,0.0008225805,-0.0009652845
558353.9700236000,9.7960586214,0.0043802850,-0.0049548843,-0.1745070516,0.0008334311,-0.0018873300
558353.9800236000,9.7941088969,-0.0050843041,-0.0054002449,-0.1744636251,0.0008225805,-0.0009544369
558353.9900236001,9.7964951746,0.0072807278,-0.0061774432,-0.1744636251,0.0008334311,-0.0018330920
558354.0000235999,9.7948672923,-0.0052334269,-0.0060166974,-0.1744853384,0.0008551323,-0.0010412177
558354.0100236000,9.7964995111,0.0080429457,-0.0052620359,-0.1748327505,0.0008551323,-0.0016378353
558354.0200236000,9.7941149894,-0.0050846513,-0.0046376961,-0.1745179083,0.0008225805,-0.0013449503
558354.0300236000,9.7957402340,0.0052947515,-0.0061720064,-0.1745721914,0.0008225805,-0.0013124075
558354.0400236000,9.7954620215,-0.0006552572,-0.0057146601,-0.1746047613,0.0008659829,-0.0016486829
558354.0500236000,9.7948471512,0.0008674414,-0.0055563778,-0.1745287649,0.0007683273,-0.0010520653
558354.0600236000,9.7957468068,0.0039219398,-0.0060201244,-0.1744961950,0.0008876842,-0.0018547872
558354.0700236000,9.7940939666,-0.0018811000,-0.0057037995,-0.1745070516,0.0007791780,-0.0009110466
558354.0800236000,9.7966591563,0.0059082636,-0.0054167910,-0.1745070516,0.0008876842,-0.0018439396
558354.0900236000,9.7947262329,-0.0063021573,-0.0051008584,-0.1744201986,0.0008225805,-0.0009869797
558354.1000236000,9.7969619612,0.0077395594,-0.0048084523,-0.1744527685,0.0008334311,-0.0017680065
558354.1100236000,9.7945671252,-0.0049299708,-0.0052514716,-0.1744419119,0.0008225805,-0.0011822364
558354.1200235999,9.7964945797,0.0074332547,-0.0061773735,-0.1744636251,0.0008442817,-0.0015185118
558354.1300236000,9.7950241637,-0.0044705837,-0.0051025588,-0.1744961950,0.0008551323,-0.0013774931
558354.1400236000,9.7954449123,0.0052929454,-0.0049493908,-0.1744853384,0.0008442817,-0.0012907123
558354.1500236000,9.7950116991,-0.0009625340,-0.0049484446,-0.1745721914,0.0008334311,-0.0016595305
558354.1600236000,9.7942334420,0.0017801018,-0.0055508843,-0.1745830480,0.0008008792,-0.0009978273
558354.1700236000,9.7959066240,0.0036171640,-0.0052589839,-0.1745504781,0.0008768336,-0.0018656348
558354.1800236000,9.7950205942,-0.0035554222,-0.0051021402,-0.1745179083,0.0008117298,-0.0009218942
558354.1900236000,9.7961949502,0.0069742151,-0.0057175160,-0.1744961950,0.0008442817,-0.0018547872
558354.2000236000,9.7944091213,-0.0047777914,-0.0058601721,-0.1744636251,0.0008334311,-0.0009978273
558354.2100236000,9.7961901622,0.0078894460,-0.0058696072,-0.1744310552,0.0008442817,-0.0016812257
558354.2200236000,9.7948763881,-0.0056914243,-0.0051018481,-0.1744853384,0.0008551323,-0.0012364744
558354.2300236000,9.7971228536,0.0059097922,-0.0046580484,-0.1744527685,0.0008225805,-0.0014642738
558354.2400236001,9.7950085525,-0.0020298058,-0.0058639915,-0.1744853384,0.0008334311,-0.0015076642
558354.2500235999,9.7957474877,0.0046843660,-0.0055622463,-0.1744527685,0.0008334311,-0.0011605412
558354.2600236000,9.7960637749,0.0008726520,-0.0060240570,-0.1745179083,0.0008334311,-0.0017463113
558354.2700236000,9.7948470365,-0.0003524961,-0.0061669749,-0.1745179083,0.0008334311,-0.0009218942
558354.2800236000,9.7963553050,0.0059069436,-0.0052617437,-0.1745070516,0.0008442817,-0.0019198728
558354.2900236000,9.7936574134,-0.0047815428,-0.0044812406,-0.1745721914,0.0008334311,-0.0008893514
558354.3000236000,9.7964988875,0.0078904882,-0.0054146154,-0.1745830480,0.0008334311,-0.0018656348
558354.3100236000,9.7939628774,-0.0070677099,-0.0055523927,-0.1745287649,0.0008334311,-0.0011171509
558354.3200236000,9.7960436911,0.0075834891,-0.0052584389,-0.1744853384,0.0008551323,-0.0014642738
558354.3300236000,9.7951629295,-0.0018767925,-0.0055601709,-0.1744527685,0.0008117298,-0.0015944450
558354.3400236000,9.7953054368,0.0016317435,-0.0051023060,-0.1744853384,0.0008551323,-0.0009652845
558354.3500236000,9.7965185771,0.0034670688,-0.0051116188,-0.1744961950,0.0008334311,-0.0019524156
558354.3600236000,9.7937922943,-0.0046274184,-0.0066175762,-0.1745179083,0.0008334311,-0.0008242658
558354.3700235999,9.7969486723,0.0089602608,-0.0058754626,-0.1745287649,0.0008442817,-0.0018981776
558354.3800236000,9.7941240279,-0.0061526175,-0.0040281454,-0.1744853384,0.0008225805,-0.0010629129
558354.3900236000,9.7961950649,0.0081941526,-0.0051069189,-0.1744961950,0.0008334311,-0.0015619022
558354.4000236000,9.7942475480,-0.0037104505,-0.0064684541,-0.1745396215,0.0008442817,-0.0014534263
558354.4100236000,9.7954351069,0.0046835321,-0.0064747674,-0.1745179083,0.0008442817,-0.0011388460
558354.4200236000,9.7948606694,0.0020866152,-0.0032681734,-0.1745070516,0.0008442817,-0.0017680065
558354.4300236000,9.7950250453,-0.0015732666,-0.0035761358,-0.1745396215,0.0008225805,-0.0009544369
558354.4400236000,9.7963509686,0.0051447256,-0.0061771511,-0.1745830480,0.0008442817,-0.0019198728
558354.4500236000,9.7943988644,-0.0037097558,-0.0066222326,-0.1745070516,0.0008225805,-0.0009001990
558354.4600236000,9.7965038189,0.0085001793,-0.0044992778,-0.1745396215,0.0008551323,-0.0018222444
558354.4700236000,9.7938225849,-0.0064590608,-0.0037207279,-0.1744527685,0.0008117298,-0.0010737605
558354.4800236000,9.7964988302,0.0072805194,-0.0057199139,-0.1744310552,0.0008659829,-0.0015835974
558354.4900236001,9.7945525318,-0.0046241532,-0.0069289394,-0.1743984853,0.0008334311,-0.0013883407
558354.5000235999,9.7966658151,0.0054504051,-0.0048069612,-0.1744093420,0.0008551323,-0.0012581696
558354.5100236000,9.7947176245,-0.0006594251,-0.0034206700,-0.1744636251,0.0008334311,-0.0016703781
558354.5200236000,9.7951576326,0.0001059185,-0.0052542446,-0.1745070516,0.0007791780,-0.0009869797
558354.5300236000,9.7957352740,0.0043800760,-0.0072399932,-0.1745504781,0.0008876842,-0.0018873300
558354.5400236000,9.7948572074,-0.0023354849,-0.0058628622,-0.1745179083,0.0008442817,-0.0009001990
558354.5500236000,9.7965050087,0.0081951254,-0.0044994173,-0.1745504781,0.0008334311,-0.0018439396
558354.5600236000,9.7939678374,-0.0061530345,-0.0044844059,-0.1745179083,0.0008442817,-0.0010412177
558354.5700236000,9.7966466057,0.0085013601,-0.0057206246,-0.1745070516,0.0008225805,-0.0016378353
558354.5800236000,9.7948655649,-0.0041658774,-0.0057111896,-0.1745396215,0.0008659829,-0.0013883407
558354.5900236000,9.7960567793,0.0042278970,-0.0052599736,-0.1744961950,0.0008117298,-0.0011822364
558354.6000236000,9.7951618543,-0.0003518011,-0.0049494343,-0.1744961950,0.0008551323,-0.0017354637
558354.6100236000,9.7945432425,0.0002561527,-0.0057066291,-0.1744636251,0.0008117298,-0.0009544369
558354.6200235999,9.7963491838,0.0056023064,-0.0061769418,-0.1745070516,0.0008876842,-0.0018547872
558354.6300236000,9.7945629321,-0.0041672668,-0.0054036326,-0.1744527685,0.0008334311,-0.0009110466
558354.6400236000,9.7971247530,0.0066721491,-0.0040476606,-0.1744527685,0.0008442817,-0.0018439396
558354.6500236000,9.7942583425,-0.0055409819,-0.0060117619,-0.1744310552,0.0008225805,-0.0010737605
558354.6600236000,9.7960255856,0.0094144371,-0.0066301897,-0.1744853384,0.0008551323,-0.0015835974
558354.6700236000,9.7947215596,-0.0041669887,-0.0046423525,-0.1744961950,0.0008442817,-0.0013449503
558354.6800236000,9.7962209044,0.0043803548,-0.0037360750,-0.1745504781,0.0008551323,-0.0012690172
558354.6900236000,9.7950026320,-0.0001995523,-0.0057106446,-0.1745504781,0.0008117298,-0.0016812257
558354.7000236000,9.7951371187,0.0022419898,-0.0067783656,-0.1745179083,0.0008442817,-0.0010303701
558354.7100236000,9.7960597825,0.0037702468,-0.0051076731,-0.1744636251,0.0008442817,-0.0018330920
558354.7200236000,9.7945714903,-0.0038627685,-0.0041834150,-0.1744961950,0.0008225805,-0.0008893514
558354.7300236000,9.7969571158,0.0080448215,-0.0052658421,-0.1745287649,0.0008225805,-0.0019090252
558354.7400236001,9.7934877620,-0.0053911647,-0.0069204070,-0.1744853384,0.0008117298,-0.0009869797
558354.7500235999,9.7958797381,0.0092609377,-0.0058664419,-0.1744961950,0.0008659829,-0.0016378353
558354.7600236000,9.7945829371,-0.0052358579,-0.0034214940,-0.1744853384,0.0008442817,-0.0013015599
558354.7700236000,9.7963631536,0.0051440313,-0.0046520535,-0.1745070516,0.0008117298,-0.0013774931
558354.7800236000,9.7943906216,-0.0006594258,-0.0061633082,-0.1744093420,0.0008442817,-0.0015619022
558354.7900236000,9.7951329543,0.0033096782,-0.0067778773,-0.1744093420,0.0008117298,-0.0011171509
558354.8000236000,9.7960694446,0.0028547381,-0.0043455428,-0.1744419119,0.0008551323,-0.0017354637
558354.8100236000,9.7951720826,-0.0017248211,-0.0043400231,-0.1744310552,0.0008117298,-0.0009978273
558354.8200236000,9.7955859144,0.0057517069,-0.0061705284,-0.1745179083,0.0008442817,-0.0018222444
558354.8300236000,9.7934758637,-0.0023406264,-0.0069190119,-0.1745070516,0.0008334311,-0.0009978273
558354.8400236000,9.7959050400,0.0062096355,-0.0041902297,-0.1744961950,0.0008334311,-0.0016920733
558354.8500236010,9.7947306553,-0.0046249861,-0.0037275032,-0.1744310552,0.0008442817,-0.0011388460
558354.8600236010,9.7958916938,0.0068203681,-0.0055625385,-0.1744636251,0.0008225805,-0.0015727498
558354.8700236010,9.7948498677,-0.0026400527,-0.0069305701,-0.1744527685,0.0008225805,-0.0012690172
558354.8800236010,9.7957354173,0.0059049980,-0.0064767468,-0.1744961950,0.0008876842,-0.0013991883
558354.8900236010,9.7953312476,-0.0024870387,-0.0038841113,-0.1744527685,0.0008117298,-0.0015076642
558354.9000236010,9.7959115267,0.0039218707,-0.0044962956,-0.1744201986,0.0008551323,-0.0012256268
558354.9100236010,9.7952956601,0.0013273147,-0.0064750333,-0.1744093420,0.0008117298,-0.0016812257
558354.9200236010,9.7946927455,0.0004094437,-0.0060128476,-0.1744419119,0.0008225805,-0.0010086749
558354.9300236010,9.7962214706,0.0039228435,-0.0038887940,-0.1744527685,0.0008659829,-0.0018330920
558354.9400236011,9.7942616612,-0.0026438037,-0.0041803195,-0.1744961950,0.0008225805,-0.0009218942
558354.9500236009,9.7957319339,0.0077351127,-0.0060183805,-0.1746047613,0.0008225805,-0.0018330920
558354.9600236010,9.7942462721,-0.0043203499,-0.0069262624,-0.1746264746,0.0008551323,-0.0010629129
558354.9700236010,9.7965074171,0.0078900022,-0.0043470471,-0.1746156179,0.0008334311,-0.0016486829
558354.9800236010,9.7947295229,-0.0037099635,-0.0034220652,-0.1745504781,0.0008442817,-0.0013015599
558354.9900236010,9.7963511119,0.0066696476,-0.0054139047,-0.1745179083,0.0008442817,-0.0013124075
558355.0000236010,9.7949971344,-0.0003517320,-0.0064732632,-0.1744636251,0.0008442817,-0.0016269878
558355.0100236010,9.7946916130,0.0013244664,-0.0057074096,-0.1747893240,0.0008551323,-0.0009869797
558355.0200236010,9.7957626760,0.0042260215,-0.0038848483,-0.1744961950,0.0008442817,-0.0019090252
558355.0300236010,9.7944032869,-0.0020325847,-0.0052488775,-0.1744419119,0.0008117298,-0.0008351134
558355.0400236010,9.7972513911,0.0098766034,-0.0057250718,-0.1744636251,0.0008876842,-0.0018873300
558355.0500236010,9.7936578649,-0.0064589917,-0.0052445567,-0.1744201986,0.0008334311,-0.0010303701
558355.0600236011,9.7957441763,0.0083443871,-0.0041879844,-0.1744636251,0.0008225805,-0.0015619022
558355.0700236009,9.7945708667,-0.0040152260,-0.0043359945,-0.1744419119,0.0008442817,-0.0014317311
558355.0800236010,9.7960428955,0.0056011253,-0.0063269141,-0.1744419119,0.0008334311,-0.0011496936
558355.0900236010,9.7954494422,0.0016328549,-0.0061711430,-0.1745396215,0.0008659829,-0.0018222444
558355.1000236010,9.7945607532,-0.0014222684,-0.0043348086,-0.1745830480,0.0008225805,-0.0008676562
558355.1100236010,9.7963614549,0.0065165652,-0.0041938964,-0.1745939047,0.0008334311,-0.0019415680
558355.1200236010,9.7947171657,-0.0055391755,-0.0058630584,-0.1745504781,0.0008551323,-0.0009001990
558355.1300236010,9.7967865040,0.0101801286,-0.0064836748,-0.1745504781,0.0008442817,-0.0017137685
558355.1400236010,9.7941113626,-0.0047794586,-0.0049425761,-0.1745179083,0.0008442817,-0.0013232551
558355.1500236010,9.7959049253,0.0049896980,-0.0048008268,-0.1745070516,0.0008334311,-0.0012256268
558355.1600236010,9.7943956390,0.0008652184,-0.0047900228,-0.1745287649,0.0008225805,-0.0018005492
558355.1700236010,9.7957562107,0.0002615715,-0.0066318376,-0.1745070516,0.0008659829,-0.0008676562
558355.1800236010,9.7966489854,0.0078912524,-0.0057209036,-0.1744961950,0.0008442817,-0.0019307204
558355.1900236011,9.7936670181,-0.0063070203,-0.0040244089,-0.1744636251,0.0008334311,-0.0008893514
558355.2000236009,9.7958984673,0.0075824472,-0.0043421117,-0.1744636251,0.0008551323,-0.0017354637
558355.2100236010,9.7939400985,-0.0031015934,-0.0064656376,-0.1744853384,0.0008442817,-0.0012364744
558355.2200236010,9.7961822849,0.0083473739,-0.0066319467,-0.1744636251,0.0008334311,-0.0013774931
558355.2300236010,9.7951702979,-0.0012672403,-0.0043398138,-0.1744636251,0.0008334311,-0.0015835974
558355.2400236010,9.7953211914,0.0007158877,-0.0035776269,-0.1745504781,0.0008876842,-0.0010737605
558355.2500236010,9.7966662667,0.0037729562,-0.0055702773,-0.1744853384,0.0008551323,-0.0018113968
558355.2600236010,9.7948354750,-0.0001993443,-0.0075394930,-0.1745179083,0.0008117298,-0.0009001990
558355.2700236010,9.7960472893,0.0069733120,-0.0051062082,-0.1745721914,0.0008225805,-0.0018547872
558355.2800236010,9.7941252750,-0.0058477026,-0.0037229863,-0.1745396215,0.0008659829,-0.0009652845
558355.2900236010,9.7965019481,0.0080428068,-0.0049570164,-0.1745721914,0.0008985348,-0.0017246161
558355.3000236010,9.7936379459,-0.0044754474,-0.0067687475,-0.1744961950,0.0007791780,-0.0012473220
558355.3100236011,9.7963445392,0.0080424593,-0.0055657867,-0.1744636251,0.0008225805,-0.0013232551
558355.3200236009,9.7948683460,-0.0005062035,-0.0035743788,-0.1744093420,0.0008876842,-0.0016486829
558355.3300236010,9.7953163174,0.0007161654,-0.0041876660,-0.1743984853,0.0008442817,-0.0009761321
558355.3400236010,9.7961948355,0.0057542775,-0.0063281131,-0.1743767721,0.0008334311,-0.0018981776
558355.3500236010,9.7940890066,-0.0027957754,-0.0067717864,-0.1743984853,0.0008008792,-0.0008676562
558355.3600236010,9.7965086929,0.0084999015,-0.0038892388,-0.1744961950,0.0009419373,-0.0018222444
558355.3700236010,9.7935157590,-0.0056977462,-0.0035653319,-0.1744853384,0.0007791780,-0.0010629129
558355.3800236010,9.7961895673,0.0080419729,-0.0058695374,-0.1745830480,0.0008225805,-0.0015835974
558355.3900236010,9.7943934528,-0.0029469824,-0.0069269034,-0.1745287649,0.0008442817,-0.0013449503
558355.4000236010,9.7957481973,0.0057517767,-0.0049517190,-0.1745396215,0.0008442817,-0.0012907123
558355.4100236010,9.7947092097,0.0005609985,-0.0038776413,-0.1745504781,0.0008334311,-0.0017246161
558355.4200236010,9.7945475503,0.0007133862,-0.0049438711,-0.1745721914,0.0008117298,-0.0009110466
558355.4300236010,9.7965035035,0.0051453509,-0.0061784198,-0.1745939047,0.0008768336,-0.0019090252
558355.4400236011,9.7953225747,-0.0040114746,-0.0057149260,-0.1744527685,0.0008334311,-0.0009001990
558355.4500236009,9.7964984073,0.0092629527,-0.0048039486,-0.1744961950,0.0008225805,-0.0018330920
558355.4600236010,9.7938094681,-0.0034084530,-0.0038718425,-0.1746807577,0.0008551323,-0.0010520653
558355.4700236010,9.7969528367,0.0078925724,-0.0058759509,-0.1746047613,0.0008551323,-0.0015835974
558355.4800236010,9.7942523647,-0.0043206971,-0.0061637136,-0.1744201986,0.0008442817,-0.0013015599
558355.4900236010,9.7965102769,0.0059074300,-0.0049579930,-0.1744201986,0.0008551323,-0.0013341027
558355.5000236010,9.7942467309,0.0005594004,-0.0044838741,-0.1743984853,0.0008442817,-0.0016052926
558355.5100236010,9.7948423918,0.0020876568,-0.0055558198,-0.1743767721,0.0008225805,-0.0009978273
558355.5200236010,9.7959023449,0.0034649148,-0.0058690927,-0.1744527685,0.0008659829,-0.0018656348
558355.5300236010,9.7944032009,-0.0029475379,-0.0057068253,-0.1744636251,0.0008334311,-0.0008676562
558355.5400236010,9.7968101072,0.0085013604,-0.0043493055,-0.1745179083,0.0008551323,-0.0019198728
558355.5500236010,9.7933444663,-0.0043248654,-0.0052410427,-0.1745287649,0.0008008792,-0.0009869797
558355.5600236011,9.7961884061,0.0086520111,-0.0057167487,-0.1746156179,0.0008442817,-0.0016052926
558355.5700236009,9.7950199132,-0.0043178485,-0.0055600183,-0.1745830480,0.0008985348,-0.0013774931
558355.5800236010,9.7962046982,0.0069736596,-0.0044974379,-0.1744636251,0.0008117298,-0.0012364744
558355.5900236010,9.7943992658,0.0005600257,-0.0044851428,-0.1743659154,0.0008334311,-0.0016703781
558355.6000236010,9.7946994329,0.0002565696,-0.0052503686,-0.1743767721,0.0008225805,-0.0009869797
558355.6100236010,9.7962062823,0.0043811880,-0.0055661921,-0.1744310552,0.0008659829,-0.0018547872
558355.6200236010,9.7950121793,-0.0023349985,-0.0055591115,-0.1744310552,0.0008442817,-0.0009001990
558355.6300236010,9.7969534603,0.0080450299,-0.0057233714,-0.1744527685,0.0008442817,-0.0018439396
558355.6400236010,9.7944115297,-0.0050829147,-0.0057078019,-0.1744636251,0.0008225805,-0.0009978273
558355.6500236010,9.7964940422,0.0081957504,-0.0058720052,-0.1744961950,0.0008442817,-0.0016812257
558355.6600236010,9.7947300031,-0.0050824280,-0.0040327320,-0.1744527685,0.0008659829,-0.0012147792
558355.6700236010,9.7961993727,0.0086513862,-0.0043441608,-0.1745070516,0.0008334311,-0.0014317311
558355.6800236010,9.7950086098,-0.0014198370,-0.0055586929,-0.1745287649,0.0008442817,-0.0015076642
558355.6900236011,9.7954435217,0.0034631085,-0.0060177962,-0.1745396215,0.0008442817,-0.0011388460
558355.7000236009,9.7950082443,0.0011725651,-0.0043374290,-0.1745939047,0.0008334311,-0.0017246161
558355.7100236010,9.7953089777,0.0004115976,-0.0052553738,-0.1745396215,0.0008334311,-0.0009869797
558355.7200236010,9.7958971054,0.0060575947,-0.0052578678,-0.1745287649,0.0008876842,-0.0018222444
558355.7300236010,9.7942663632,-0.0044739878,-0.0044861761,-0.1744201986,0.0008117298,-0.0009001990
558355.7400236010,9.7963518215,0.0077370583,-0.0048033774,-0.1744201986,0.0008442817,-0.0018330920
558355.7500236010,9.7944158088,-0.0049306656,-0.0050976931,-0.1744419119,0.0008442817,-0.0010303701
558355.7600236010,9.7964941569,0.0094156880,-0.0052614081,-0.1744419119,0.0008442817,-0.0015944450
558355.7700236010,9.7938009098,-0.0037129513,-0.0050920601,-0.1744310552,0.0008225805,-0.0013341027
558355.7800236010,9.7963662142,0.0052963499,-0.0041944545,-0.1744419119,0.0008876842,-0.0012907123
558355.7900236010,9.7950063449,0.0004102082,-0.0049478168,-0.1744961950,0.0008659829,-0.0016378353
558355.8000236010,9.7957630416,0.0016336194,-0.0051061122,-0.1744419119,0.0008334311,-0.0010086749
558355.8100236011,9.7956003357,0.0036159829,-0.0054089561,-0.1745504781,0.0008225805,-0.0018439396
558355.8200236009,9.7947186710,-0.0024894010,-0.0041840559,-0.1745504781,0.0008442817,-0.0008893514
558355.8300236010,9.7963499794,0.0075846703,-0.0051084667,-0.1745830480,0.0008334311,-0.0018873300
558355.8400236010,9.7948715714,-0.0050811778,-0.0054065886,-0.1745396215,0.0008334311,-0.0009869797
558355.8500236010,9.7963392136,0.0097201860,-0.0054125096,-0.1745504781,0.0008551323,-0.0016378353
558355.8600236010,9.7936569045,-0.0037140627,-0.0040232230,-0.1744636251,0.0008442817,-0.0012690172
558355.8700236010,9.7960557328,0.0060578728,-0.0044965877,-0.1744310552,0.0008225805,-0.0013883407
558355.8800236010,9.7950110182,-0.0017249603,-0.0054063227,-0.1744636251,0.0008334311,-0.0014859690
558355.8900236010,9.7952910441,0.0040724520,-0.0057112289,-0.1744853384,0.0008551323,-0.0011496936
558355.9000236010,9.7957655359,0.0022434493,-0.0044957941,-0.1744527685,0.0008442817,-0.0017571589
558355.9100236010,9.7939482625,-0.0005096774,-0.0041768054,-0.1744093420,0.0008225805,-0.0009435894
558355.9200236020,9.7963564662,0.0052969054,-0.0054145325,-0.1744201986,0.0008659829,-0.0018656348
558355.9300236020,9.7944037097,-0.0040150180,-0.0061648429,-0.1743767721,0.0008334311,-0.0009218942
558355.9400236020,9.7963453348,0.0100248232,-0.0044973115,-0.1744310552,0.0008551323,-0.0017788541
558355.9500236020,9.7944243383,-0.0049311516,-0.0040301248,-0.1744961950,0.0008225805,-0.0011279984
558355.9600236020,9.7961992293,0.0071264642,-0.0051074072,-0.1745504781,0.0008551323,-0.0014968166
558355.9700236020,9.7948578023,-0.0024880119,-0.0058629320,-0.1745721914,0.0008442817,-0.0014642738
558355.9800236020,9.7959018074,0.0042274106,-0.0055637244,-0.1745396215,0.0008225805,-0.0011171509
558355.9900236020,9.7950052984,0.0022401840,-0.0041844309,-0.1745287649,0.0008985348,-0.0017354637
558356.0000236020,9.7947085574,0.0001035566,-0.0041828701,-0.1744853384,0.0008117298,-0.0009435894
558356.0100236021,9.7955853768,0.0065142026,-0.0058651601,-0.1747784674,0.0008876842,-0.0018873300
558356.0200236019,9.7948638088,-0.0034033122,-0.0055583310,-0.1744636251,0.0008334311,-0.0008785038
558356.0300236020,9.7962029708,0.0080412091,-0.0041919301,-0.1744201986,0.0008334311,-0.0018113968
558356.0400236020,9.7939631068,-0.0046278347,-0.0043311986,-0.1744527685,0.0008551323,-0.0010846081
558356.0500236020,9.7954276023,0.0091062572,-0.0052526664,-0.1744310552,0.0008225805,-0.0015293594
558356.0600236020,9.7950109321,-0.0026399135,-0.0058642705,-0.1744419119,0.0008551323,-0.0014317311
558356.0700236020,9.7959078999,0.0042270634,-0.0048011756,-0.1744636251,0.0008551323,-0.0011279984
558356.0800236020,9.7950102298,0.0028498751,-0.0032690934,-0.1745287649,0.0008876842,-0.0017680065
558356.0900236020,9.7946988380,0.0004090965,-0.0052502989,-0.1745504781,0.0008008792,-0.0009435894
558356.1000236020,9.7963449621,0.0060600260,-0.0064817520,-0.1745179083,0.0008225805,-0.0018439396
558356.1100236020,9.7947191512,-0.0038618655,-0.0047947228,-0.1745396215,0.0008117298,-0.0009544369
558356.1200236020,9.7969663263,0.0088067618,-0.0037403957,-0.1745070516,0.0008985348,-0.0017463113
558356.1300236020,9.7950302562,-0.0044709309,-0.0043400100,-0.1744961950,0.0008334311,-0.0010846081
558356.1400236021,9.7954177969,0.0084968439,-0.0067780430,-0.1744961950,0.0008117298,-0.0015619022
558356.1500236019,9.7941042522,-0.0026441512,-0.0047890898,-0.1745179083,0.0008442817,-0.0014100359
558356.1600236020,9.7962143029,0.0054481821,-0.0040406062,-0.1744961950,0.0008551323,-0.0011279984
558356.1700236020,9.7951547154,0.0014785219,-0.0049485973,-0.1744527685,0.0008442817,-0.0017680065
558356.1800236020,9.7945498153,-0.0011166590,-0.0055547472,-0.1744419119,0.0008551323,-0.0008676562
558356.1900236020,9.7957344282,0.0083449426,-0.0054080624,-0.1744310552,0.0008442817,-0.0019090252
558356.2000236020,9.7945714617,-0.0041677529,-0.0043360643,-0.1745396215,0.0008551323,-0.0008893514
558356.2100236020,9.7963458437,0.0089573431,-0.0049553291,-0.1746699011,0.0008442817,-0.0017463113
558356.2200236020,9.7938019850,-0.0052379427,-0.0057027967,-0.1745939047,0.0008334311,-0.0012039316
558356.2300236020,9.7964935333,0.0092632305,-0.0054139876,-0.1745179083,0.0008442817,-0.0014534263
558356.2400236020,9.7947138830,-0.0015741700,-0.0043361471,-0.1744527685,0.0008659829,-0.0014642738
558356.2500236020,9.7960633807,0.0031600697,-0.0049554424,-0.1744419119,0.0008551323,-0.0011279984
558356.2600236021,9.7949997434,0.0014780355,-0.0052523480,-0.1744961950,0.0008117298,-0.0017571589
558356.2700236019,9.7949948981,0.0017832977,-0.0057097378,-0.1745504781,0.0008008792,-0.0009435894
558356.2800236020,9.7960460995,0.0072783659,-0.0051060687,-0.1745504781,0.0009093854,-0.0018547872
558356.2900236020,9.7945732751,-0.0043203492,-0.0041836243,-0.1745504781,0.0008334311,-0.0009001990
558356.3000236020,9.7960478555,0.0065158007,-0.0052589272,-0.1745287649,0.0007900286,-0.0018113968
558356.3100236020,9.7934843072,-0.0032560656,-0.0063093914,-0.1744527685,0.0008225805,-0.0010846081
558356.3200236020,9.7961939897,0.0097191441,-0.0044961823,-0.1744201986,0.0009310867,-0.0014859690
558356.3300236020,9.7947258960,-0.0034047708,-0.0037269452,-0.1744310552,0.0008551323,-0.0014100359
558356.3400236020,9.7965252359,0.0030092103,-0.0045017890,-0.1744419119,0.0008225805,-0.0012147792
558356.3500236020,9.7948357044,0.0022405309,-0.0063182988,-0.1744527685,0.0008334311,-0.0017246161
558356.3600236020,9.7948436103,0.0020875873,-0.0054033100,-0.1744419119,0.0008551323,-0.0009435894
558356.3700236020,9.7962118946,0.0057533053,-0.0041929764,-0.1744419119,0.0008551323,-0.0018330920
558356.3800236020,9.7944170847,-0.0043207662,-0.0046398848,-0.1744093420,0.0008225805,-0.0008893514
558356.3900236021,9.7958822611,0.0101757520,-0.0051034746,-0.1744201986,0.0008659829,-0.0018222444
558356.4000236019,9.7941065746,-0.0038642277,-0.0050946673,-0.1745070516,0.0008225805,-0.0010520653
558356.4100236020,9.7955836781,0.0078867366,-0.0054070030,-0.1745504781,0.0008659829,-0.0015185118
558356.4200236020,9.7941121009,-0.0034070636,-0.0041793995,-0.1745179083,0.0008334311,-0.0014317311
558356.4300236020,9.7958983239,0.0060575253,-0.0051053580,-0.1745396215,0.0008551323,-0.0011822364
558356.4400236020,9.7954513703,0.0027001961,-0.0054081059,-0.1745396215,0.0008876842,-0.0016920733
558356.4500236020,9.7943894318,-0.0003543720,-0.0061631687,-0.1744961950,0.0008008792,-0.0009110466
558356.4600236020,9.7952978176,0.0048345311,-0.0044908021,-0.1744527685,0.0008334311,-0.0018873300
558356.4700236020,9.7948712346,-0.0021837913,-0.0040326754,-0.1744636251,0.0008876842,-0.0009110466
558356.4800236020,9.7968064804,0.0088065531,-0.0046541855,-0.1744961950,0.0009093854,-0.0017680065
558356.4900236020,9.7942578049,-0.0047784862,-0.0057063936,-0.1744961950,0.0008008792,-0.0010303701
558356.5000236020,9.7957416246,0.0071245884,-0.0051036010,-0.1745287649,0.0008008792,-0.0016812257
558356.5100236021,9.7948717435,-0.0032512714,-0.0044906929,-0.1745396215,0.0009093854,-0.0012039316
558356.5200236019,9.7966527556,0.0091109817,-0.0046527773,-0.1745287649,0.0009093854,-0.0014100359
558356.5300236020,9.7948463842,-0.0008099380,-0.0064722037,-0.1745721914,0.0007683273,-0.0015185118
558356.5400236020,9.7942432188,0.0020845307,-0.0041781570,-0.1745830480,0.0008117298,-0.0010086749
558356.5500236020,9.7956209643,0.0026998493,-0.0032742381,-0.1745396215,0.0008876842,-0.0019415680
558356.5600236020,9.7957676289,-0.0014165023,-0.0060225659,-0.1745070516,0.0008659829,-0.0008025706
558356.5700236020,9.7969476258,0.0107902366,-0.0051120767,-0.1745070516,0.0008225805,-0.0018547872
558356.5800236020,9.7947400880,-0.0079803700,-0.0041865671,-0.1744201986,0.0008008792,-0.0009869797
558356.5900236020,9.7954362179,0.0100207243,-0.0037271503,-0.1744527685,0.0008659829,-0.0015835974
558356.6000236020,9.7948681166,-0.0029460787,-0.0047955730,-0.1744419119,0.0008442817,-0.0014100359
558356.6100236020,9.7955810977,0.0063619535,-0.0064752688,-0.1743767721,0.0008334311,-0.0011171509
558356.6200236020,9.7954725078,0.0007165824,-0.0037314054,-0.1744636251,0.0008551323,-0.0017680065
558356.6300236020,9.7947078765,-0.0006588696,-0.0046407481,-0.1744853384,0.0008551323,-0.0008785038
558356.6400236021,9.7965025144,0.0075852955,-0.0051097354,-0.1745504781,0.0008117298,-0.0019090252
558356.6500236019,9.7941065172,-0.0044741965,-0.0053999659,-0.1745070516,0.0008551323,-0.0008893514
558356.6600236020,9.7972610818,0.0092660791,-0.0048102922,-0.1745070516,0.0008659829,-0.0017137685
558356.6700236020,9.7936586605,-0.0044766278,-0.0041760816,-0.1745287649,0.0008117298,-0.0011822364
558356.6800236020,9.7963500655,0.0084996234,-0.0046505188,-0.1744961950,0.0008659829,-0.0014208835
558356.6900236020,9.7948585406,-0.0011156168,-0.0050997554,-0.1745396215,0.0008442817,-0.0015076642
558356.7000236020,9.7959084088,0.0031595833,-0.0052591931,-0.1745070516,0.0008442817,-0.0010629129
558356.7100236020,9.7957674067,0.0027008217,-0.0040380556,-0.1744636251,0.0008659829,-0.0018005492
558356.7200236020,9.7940983604,-0.0005089133,-0.0044830936,-0.1744527685,0.0008334311,-0.0008676562
558356.7300236020,9.7957368079,0.0077348349,-0.0054083415,-0.1745070516,0.0008768336,-0.0018981776
558356.7400236020,9.7947244481,-0.0058445765,-0.0051006491,-0.1744201986,0.0008334311,-0.0009001990
558356.7500236020,9.7965056897,0.0089575517,-0.0040415393,-0.1744310552,0.0008551323,-0.0017463113
558356.7600236021,9.7942658256,-0.0037114921,-0.0041808078,-0.1744961950,0.0008659829,-0.0011605412
558356.7700236019,9.7960413975,0.0091085500,-0.0048002121,-0.1745070516,0.0008008792,-0.0014208835
558356.7800236020,9.7951719106,-0.0035547275,-0.0052559187,-0.1745287649,0.0008659829,-0.0014751214
558356.7900236020,9.7953001113,0.0033094702,-0.0049490289,-0.1745287649,0.0008442817,-0.0010954557
558356.8000236020,9.7950035136,0.0026977648,-0.0041842217,-0.1745504781,0.0008551323,-0.0018005492
558356.8100236020,9.7943932020,0.0008653573,-0.0050950423,-0.1745287649,0.0008225805,-0.0009218942
558356.8200236020,9.7960490454,0.0062107469,-0.0052590667,-0.1745287649,0.0008659829,-0.0018439396
558356.8300236020,9.7950253822,-0.0044706531,-0.0049500490,-0.1745070516,0.0008551323,-0.0009218942
558356.8400236020,9.7958913569,0.0097177546,-0.0041886253,-0.1744419119,0.0008442817,-0.0017463113
558356.8500236020,9.7948735569,-0.0034038677,-0.0043382529,-0.1744310552,0.0008334311,-0.0011496936
558356.8600236020,9.7958875007,0.0075830722,-0.0057146995,-0.1744636251,0.0008659829,-0.0013883407
558356.8700236020,9.7950139928,-0.0024875949,-0.0054066715,-0.1745287649,0.0008225805,-0.0015402070
558356.8800236020,9.7954551405,0.0039199254,-0.0043399796,-0.1746590444,0.0008876842,-0.0010629129
558356.8900236021,9.7959050400,0.0062096355,-0.0041902297,-0.1745721914,0.0008551323,-0.0018222444
558356.9000236019,9.7950158922,-0.0017252381,-0.0047962836,-0.1745070516,0.0008117298,-0.0008676562
558356.9100236020,9.7963493272,0.0071272284,-0.0054136954,-0.1744201986,0.0008551323,-0.0018439396
558356.9200236020,9.7942693664,-0.0049316380,-0.0043338756,-0.1743659154,0.0008876842,-0.0009652845
558356.9300236020,9.7958889773,0.0103278623,-0.0041883463,-0.1744419119,0.0008334311,-0.0016812257
558356.9400236020,9.7939473809,-0.0034069945,-0.0057032283,-0.1744961950,0.0008334311,-0.0012039316
558356.9500236020,9.7958868771,0.0074306147,-0.0058672790,-0.1745939047,0.0008659829,-0.0013774931
558356.9600236020,9.7945607245,-0.0017272528,-0.0044874579,-0.1745939047,0.0008876842,-0.0015510546
558356.9700236020,9.7954533558,0.0043775061,-0.0043397703,-0.1745504781,0.0008008792,-0.0010629129
558356.9800236020,9.7956082990,0.0040730081,-0.0041886688,-0.1745396215,0.0008876842,-0.0017680065
558356.9900236020,9.7937865745,-0.0006622741,-0.0053956845,-0.1745070516,0.0008117298,-0.0009110466
558357.0000236030,9.7962015803,0.0062113722,-0.0052603355,-0.1745070516,0.0008442817,-0.0018330920
558357.0100236030,9.7939566487,-0.0020350855,-0.0038724834,-0.1747567541,0.0008659829,-0.0009435894
558357.0200236030,9.7965099401,0.0088048165,-0.0035840798,-0.1744527685,0.0008442817,-0.0017571589
558357.0300236030,9.7941017005,-0.0038639499,-0.0057047064,-0.1744636251,0.0008008792,-0.0010629129
558357.0400236030,9.7957295542,0.0083452204,-0.0060181015,-0.1744419119,0.0009093854,-0.0015944450
558357.0500236030,9.7935001478,-0.0032569683,-0.0043267646,-0.1744419119,0.0008225805,-0.0012473220
558357.0600236030,9.7960565858,0.0086502054,-0.0031228140,-0.1744961950,0.0008334311,-0.0013449503
558357.0700236030,9.7945535568,-0.0002019142,-0.0046392701,-0.1745396215,0.0008876842,-0.0015402070
558357.0800236030,9.7954417083,0.0036157048,-0.0061702362,-0.1745721914,0.0008008792,-0.0010737605
558357.0900236031,9.7951517694,0.0025461409,-0.0047955992,-0.1745939047,0.0008876842,-0.0017463113
558357.1000236030,9.7944077667,0.0002545552,-0.0035702238,-0.1745504781,0.0008442817,-0.0009544369
558357.1100236030,9.7960504073,0.0077355994,-0.0043433106,-0.1745179083,0.0008334311,-0.0018222444
558357.1200236030,9.7947095465,-0.0023363880,-0.0052515545,-0.1743984853,0.0008551323,-0.0009110466
558357.1300236030,9.7963439156,0.0078900018,-0.0057183662,-0.1744961950,0.0008225805,-0.0018005492
558357.1400236030,9.7944225249,-0.0047785553,-0.0041825648,-0.1745070516,0.0008985348,-0.0010303701
558357.1500236030,9.7972685362,0.0107905845,-0.0031319873,-0.1744527685,0.0008442817,-0.0016486829
558357.1600236030,9.7940975648,-0.0024912771,-0.0055515688,-0.1744093420,0.0008225805,-0.0012473220
558357.1700236030,9.7958910415,0.0063629263,-0.0058677673,-0.1743984853,0.0008551323,-0.0013232551
558357.1800236030,9.7953198009,-0.0011139493,-0.0046460323,-0.1744419119,0.0008659829,-0.0015835974
558357.1900236030,9.7956150152,0.0042251184,-0.0032735405,-0.1744310552,0.0008117298,-0.0010520653
558357.2000236030,9.7956035110,0.0049882391,-0.0043407600,-0.1745179083,0.0008659829,-0.0017246161
558357.2100236031,9.7940897449,-0.0014233804,-0.0060086098,-0.1744961950,0.0008117298,-0.0009978273
558357.2200236029,9.7962051498,0.0052962107,-0.0052607540,-0.1745396215,0.0008985348,-0.0017354637
558357.2300236030,9.7954797042,-0.0005037718,-0.0034269440,-0.1744853384,0.0008334311,-0.0010412177
558357.2400236030,9.7963543733,0.0089568570,-0.0038877608,-0.1745070516,0.0008551323,-0.0016595305
558357.2500236030,9.7945568969,-0.0035569508,-0.0058608828,-0.1745070516,0.0008442817,-0.0011171509
558357.2600236030,9.7958892281,0.0065155226,-0.0060202073,-0.1744853384,0.0008442817,-0.0015185118
558357.2700236030,9.7947156964,-0.0017267664,-0.0041837071,-0.1744636251,0.0008551323,-0.0013774931
558357.2800236030,9.7962058881,0.0066686057,-0.0044975774,-0.1744636251,0.0008442817,-0.0012581696
558357.2900236030,9.7953132281,0.0002588624,-0.0047979143,-0.1744310552,0.0008551323,-0.0016052926
558357.3000236030,9.7956044715,0.0022433101,-0.0055620937,-0.1744093420,0.0008334311,-0.0009978273
558357.3100236030,9.7956065143,0.0045305889,-0.0041884595,-0.1744636251,0.0008551323,-0.0018005492
558357.3200236030,9.7944173427,-0.0015759066,-0.0032660414,-0.1744527685,0.0008334311,-0.0009001990
558357.3300236030,9.7971132202,0.0071302853,-0.0052675294,-0.1744527685,0.0008551323,-0.0018547872
558357.3400236031,9.7937912765,-0.0024924582,-0.0057015411,-0.1744201986,0.0008334311,-0.0009652845
558357.3500236030,9.7963537497,0.0088043995,-0.0040403403,-0.1744853384,0.0008659829,-0.0017137685
558357.3600236030,9.7950297186,-0.0037084352,-0.0040346417,-0.1745721914,0.0008334311,-0.0011171509
558357.3700236030,9.7963585663,0.0081941530,-0.0037355998,-0.1745939047,0.0008551323,-0.0015510546
558357.3800236030,9.7951683698,-0.0023345816,-0.0051028509,-0.1745504781,0.0008551323,-0.0012690172
558357.3900236030,9.7954342038,0.0080384299,-0.0049481352,-0.1745504781,0.0008225805,-0.0013774931
558357.4000236030,9.7945716624,-0.0020328621,-0.0032675194,-0.1745070516,0.0008442817,-0.0014642738
558357.4100236030,9.7952960042,0.0049871274,-0.0046432421,-0.1744419119,0.0008551323,-0.0011605412
558357.4200236030,9.7962225171,0.0020928676,-0.0046521799,-0.1745070516,0.0008659829,-0.0016812257
558357.4300236030,9.7953042183,0.0016318130,-0.0052548157,-0.1745070516,0.0008225805,-0.0009761321
558357.4400236030,9.7960570087,0.0066677721,-0.0040387794,-0.1744419119,0.0008551323,-0.0017788541
558357.4500236030,9.7945691393,-0.0029476764,-0.0040304867,-0.1743984853,0.0008334311,-0.0009110466
558357.4600236031,9.7968034198,0.0086542345,-0.0051117846,-0.1744201986,0.0008659829,-0.0018113968
558357.4700236029,9.7945550835,-0.0034043545,-0.0060133228,-0.1744527685,0.0008334311,-0.0009978273
558357.4800236030,9.7960487372,0.0094131178,-0.0037325043,-0.1745179083,0.0008659829,-0.0016378353
558357.4900236030,9.7939576952,-0.0038650613,-0.0046358693,-0.1745939047,0.0008225805,-0.0012256268
558357.5000236030,9.7960527869,0.0071254918,-0.0043435897,-0.1745939047,0.0008985348,-0.0013774931
558357.5100236030,9.7956248707,-0.0011126987,-0.0046485698,-0.1746047613,0.0008334311,-0.0015076642
558357.5200236030,9.7951422795,0.0052915560,-0.0046418338,-0.1745721914,0.0008442817,-0.0010954557
558357.5300236030,9.7948455385,0.0031549286,-0.0046402729,-0.1745830480,0.0008442817,-0.0017137685
558357.5400236030,9.7944076807,-0.0006603979,-0.0040281716,-0.1745070516,0.0008442817,-0.0009761321
558357.5500236030,9.7963638346,0.0059064575,-0.0041941754,-0.1744636251,0.0008551323,-0.0018222444
558357.5600236030,9.7945492490,-0.0006591477,-0.0054020282,-0.1744527685,0.0008442817,-0.0009110466
558357.5700236030,9.7961957745,0.0092615633,-0.0044963916,-0.1744201986,0.0008659829,-0.0017680065
558357.5800236030,9.7944268327,-0.0043213217,-0.0034198067,-0.1743659154,0.0008334311,-0.0010086749
558357.5900236031,9.7955953542,0.0089535223,-0.0034238878,-0.1743984853,0.0008442817,-0.0015944450
558357.6000236030,9.7945563594,-0.0027944551,-0.0055555145,-0.1744093420,0.0008551323,-0.0013015599
558357.6100236030,9.7955788614,0.0084969831,-0.0057117435,-0.1745287649,0.0008442817,-0.0013015599
558357.6200236030,9.7940978229,0.0002535824,-0.0041777254,-0.1745721914,0.0008659829,-0.0015727498
558357.6300236030,9.7951584282,0.0020882824,-0.0041857694,-0.1745830480,0.0008334311,-0.0010086749
558357.6400236030,9.7955986370,0.0049885168,-0.0049507991,-0.1745939047,0.0008551323,-0.0018330920
558357.6500236030,9.7945480018,-0.0009640627,-0.0057071872,-0.1745396215,0.0008442817,-0.0008242658
558357.6600236030,9.7965033387,0.0098726438,-0.0038886110,-0.1745504781,0.0008551323,-0.0018656348
558357.6700236030,9.7942748067,-0.0053894271,-0.0038765556,-0.1744961950,0.0008225805,-0.0009652845
558357.6800236030,9.7963483667,0.0098721574,-0.0041923618,-0.1744853384,0.0008876842,-0.0016378353
558357.6900236030,9.7945551408,-0.0027943857,-0.0057080243,-0.1744310552,0.0008334311,-0.0013015599
558357.7000236030,9.7954323617,0.0078860419,-0.0052532245,-0.1744201986,0.0008551323,-0.0012147792
558357.7100236031,9.7951686565,0.0007152624,-0.0035763582,-0.1744527685,0.0008334311,-0.0016703781
558357.7200236029,9.7948618593,0.0017815614,-0.0032683129,-0.1744419119,0.0008334311,-0.0009435894
558357.7300236030,9.7965042991,0.0071277148,-0.0051099447,-0.1744961950,0.0008551323,-0.0018656348
558357.7400236030,9.7945545746,-0.0023368744,-0.0055553052,-0.1744636251,0.0008551323,-0.0008568086
558357.7500236030,9.7966558736,0.0098732691,-0.0038898797,-0.1745721914,0.0008442817,-0.0018330920
558357.7600236030,9.7941175411,-0.0038648526,-0.0037220795,-0.1745830480,0.0008442817,-0.0010303701
558357.7700236030,9.7966509709,0.0095685624,-0.0046525680,-0.1745179083,0.0008442817,-0.0015619022
558357.7800236030,9.7948614005,-0.0030981890,-0.0057107013,-0.1745396215,0.0008551323,-0.0013232551
558357.7900236030,9.7963572045,0.0066693004,-0.0046513559,-0.1745287649,0.0008334311,-0.0012147792
558357.8000236030,9.7953159232,0.0030035831,-0.0031190513,-0.1745504781,0.0008659829,-0.0017246161
558357.8100236030,9.7944065769,0.0005596091,-0.0035700843,-0.1745179083,0.0008225805,-0.0008893514
558357.8200236030,9.7963547675,0.0066694393,-0.0049563754,-0.1745070516,0.0008876842,-0.0018873300
558357.8300236030,9.7942434409,-0.0020327933,-0.0061626673,-0.1744853384,0.0008442817,-0.0008676562
558357.8400236031,9.7957394456,0.0098695868,-0.0040347771,-0.1744636251,0.0008659829,-0.0018005492
558357.8500236030,9.7941241712,-0.0046276955,-0.0032648990,-0.1746047613,0.0008225805,-0.0010629129
558357.8600236030,9.7960420211,0.0092610075,-0.0046476326,-0.1746156179,0.0008442817,-0.0014968166
558357.8700236030,9.7947016979,-0.0015734756,-0.0058612447,-0.1744961950,0.0008442817,-0.0014425787
558357.8800236030,9.7957476024,0.0059043036,-0.0049516493,-0.1744636251,0.0008876842,-0.0011388460
558357.8900236030,9.7948692850,0.0030010823,-0.0017426573,-0.1744853384,0.0008551323,-0.0017246161
558357.9000236030,9.7950178777,-0.0000479280,-0.0037279480,-0.1744310552,0.0008334311,-0.0009001990
558357.9100236030,9.7972633181,0.0071310495,-0.0055738176,-0.1744201986,0.0008659829,-0.0018656348
558357.9200236030,9.7943995740,-0.0026423452,-0.0060117053,-0.1744310552,0.0008334311,-0.0008676562
558357.9300236030,9.7960506653,0.0104804590,-0.0029694672,-0.1744636251,0.0008442817,-0.0017571589
558357.9400236030,9.7941284217,-0.0047804308,-0.0028074395,-0.1744636251,0.0008442817,-0.0010954557
558357.9500236030,9.7971079520,0.0094179808,-0.0048089537,-0.1744636251,0.0008334311,-0.0014859690
558357.9600236031,9.7954625590,-0.0014177529,-0.0060200284,-0.1744527685,0.0008551323,-0.0013991883
558357.9700236029,9.7959032553,0.0066672163,-0.0041900204,-0.1744310552,0.0008225805,-0.0011279984
558357.9800236030,9.7945615775,0.0008650799,-0.0031136842,-0.1744093420,0.0008659829,-0.0017246161
558357.9900236030,9.7951661908,0.0004104169,-0.0040340270,-0.1744310552,0.0008117298,-0.0009001990
558358.0000236030,9.7966544257,0.0074334633,-0.0052635836,-0.1744201986,0.0008985348,-0.0018547872
558358.0100236030,9.7942549164,-0.0031008984,-0.0052480970,-0.1747567541,0.0008334311,-0.0008568086
558358.0200236030,9.7962103679,0.0089557457,-0.0028189237,-0.1745287649,0.0008334311,-0.0018222444
558358.0300236030,9.7936599651,-0.0035617441,-0.0035656240,-0.1745721914,0.0008334311,-0.0010412177
558358.0400236030,9.7971068482,0.0106379878,-0.0043508664,-0.1746156179,0.0008551323,-0.0014859690
558358.0500236030,9.7954782276,-0.0032485620,-0.0049532972,-0.1745504781,0.0008551323,-0.0013774931
558358.0600236030,9.7949903968,0.0057483726,-0.0043353363,-0.1745721914,0.0008551323,-0.0011713888
558358.0700236040,9.7954623369,0.0026995712,-0.0040355181,-0.1745179083,0.0008334311,-0.0017463113
558358.0800236040,9.7950135986,-0.0002001772,-0.0043380568,-0.1745070516,0.0008551323,-0.0008568086
558358.0900236040,9.7965073310,0.0069750490,-0.0048049949,-0.1744853384,0.0008442817,-0.0018656348
558358.1000236040,9.7941030624,-0.0023390974,-0.0047889502,-0.1743659154,0.0008551323,-0.0008893514
558358.1100236040,9.7966667541,0.0089576909,-0.0029752397,-0.1743984853,0.0008225805,-0.0016812257
558358.1200236040,9.7954909215,-0.0043167364,-0.0038862172,-0.1743550588,0.0008551323,-0.0011496936
558358.1300236040,9.7960365808,0.0097187965,-0.0051049526,-0.1744093420,0.0008551323,-0.0014751214
558358.1400236040,9.7939499899,-0.0015772270,-0.0044823132,-0.1743984853,0.0008442817,-0.0013557979
558358.1500236040,9.7961998529,0.0072789217,-0.0049548277,-0.1744636251,0.0008334311,-0.0012256268
558358.1600236041,9.7944118738,-0.0014231020,-0.0038760106,-0.1745179083,0.0008442817,-0.0016052926
558358.1700236039,9.7951465012,0.0048338363,-0.0043370236,-0.1745070516,0.0008334311,-0.0010412177
558358.1800236040,9.7956029161,0.0051407660,-0.0043406903,-0.1745504781,0.0008442817,-0.0017463113
558358.1900236040,9.7939475529,-0.0015770881,-0.0047873327,-0.1745287649,0.0008334311,-0.0009001990
558358.2000236040,9.7965080407,0.0080424597,-0.0041944676,-0.1745396215,0.0008768336,-0.0018656348
558358.2100236040,9.7938075686,-0.0041708098,-0.0044822303,-0.1745287649,0.0008334311,-0.0009001990
558358.2200236040,9.7968084658,0.0104838631,-0.0035858499,-0.1746047613,0.0008985348,-0.0017137685
558358.2300236040,9.7948752843,-0.0044714173,-0.0046437608,-0.1744961950,0.0008442817,-0.0011279984
558358.2400236040,9.7966587908,0.0085006657,-0.0041955270,-0.1744961950,0.0008551323,-0.0013883407
558358.2500236040,9.7942508667,-0.0008132724,-0.0046370117,-0.1744636251,0.0008334311,-0.0015076642
558358.2600236040,9.7952983839,0.0043770197,-0.0046435211,-0.1744853384,0.0008659829,-0.0010737605
558358.2700236040,9.7963806643,0.0034656102,-0.0032802330,-0.1744527685,0.0008551323,-0.0017680065
558358.2800236040,9.7940990700,0.0005584974,-0.0038725663,-0.1744201986,0.0008442817,-0.0008785038
558358.2900236039,9.7960504073,0.0077355994,-0.0043433106,-0.1744636251,0.0008551323,-0.0018439396
558358.3000236040,9.7937972830,-0.0034077586,-0.0053969401,-0.1744636251,0.0008225805,-0.0008785038
558358.3100236040,9.7961982975,0.0101763776,-0.0037334242,-0.1745070516,0.0008659829,-0.0017354637
558358.3200236040,9.7941211106,-0.0047800141,-0.0037224980,-0.1744419119,0.0008551323,-0.0011171509
558358.3300236040,9.7966521607,0.0092635086,-0.0046527075,-0.1744853384,0.0008225805,-0.0014317311
558358.3400236040,9.7937950180,-0.0015777134,-0.0047860640,-0.1745070516,0.0008985348,-0.0014859690
558358.3500236040,9.7959135122,0.0055991807,-0.0034279599,-0.1745287649,0.0008117298,-0.0010737605
558358.3600236040,9.7957668978,0.0037683018,-0.0035800380,-0.1745287649,0.0008985348,-0.0017137685
558358.3700236040,9.7942466449,-0.0003555528,-0.0049418219,-0.1744961950,0.0008225805,-0.0009218942
558358.3800236040,9.7957493872,0.0054467229,-0.0049518585,-0.1745179083,0.0008659829,-0.0018439396
558358.3900236040,9.7934996102,-0.0024944726,-0.0040213963,-0.1744961950,0.0008225805,-0.0008893514
558358.4000236040,9.7974192004,0.0103338373,-0.0035909946,-0.1745070516,0.0008876842,-0.0017463113
558358.4100236041,9.7950301989,-0.0050808997,-0.0046453085,-0.1744636251,0.0008442817,-0.0010846081
558358.4200236039,9.7964990596,0.0097203946,-0.0044987198,-0.1744310552,0.0008442817,-0.0014317311
558358.4300236040,9.7936493139,-0.0002062908,-0.0032590699,-0.1744093420,0.0008225805,-0.0014968166
558358.4400236040,9.7946925233,0.0045267678,-0.0040283374,-0.1744310552,0.0008442817,-0.0010086749
558358.4500236040,9.7959144727,0.0028542517,-0.0046492936,-0.1744527685,0.0008551323,-0.0018005492
558358.4600236040,9.7954693612,-0.0003506894,-0.0046469523,-0.1744636251,0.0008442817,-0.0009001990
558358.4700236040,9.7960492748,0.0086506221,-0.0040378726,-0.1745287649,0.0008551323,-0.0018439396
558358.4800236040,9.7939626839,-0.0026454014,-0.0034152332,-0.1745504781,0.0008442817,-0.0009110466
558358.4900236040,9.7966654496,0.0080428072,-0.0035856973,-0.1745504781,0.0008551323,-0.0017246161
558358.5000236040,9.7947173951,-0.0030993003,-0.0046418642,-0.1745396215,0.0008442817,-0.0010954557
558358.5100236040,9.7955790621,0.0106318739,-0.0046431986,-0.1745396215,0.0008551323,-0.0015402070
558358.5200236040,9.7941170609,-0.0024923881,-0.0031114127,-0.1744636251,0.0008334311,-0.0012690172
558358.5300236040,9.7963638919,0.0065164263,-0.0038888769,-0.1744419119,0.0008442817,-0.0012907123
558358.5400236039,9.7959269946,-0.0000438292,-0.0044981092,-0.1744853384,0.0008876842,-0.0015510546
558358.5500236040,9.7952966278,0.0051395849,-0.0044906626,-0.1744636251,0.0008225805,-0.0010412177
558358.5600236040,9.7957730190,0.0040729390,-0.0026648400,-0.1744853384,0.0008551323,-0.0017246161
558358.5700236040,9.7945596493,-0.0002022613,-0.0038767213,-0.1743984853,0.0008117298,-0.0009218942
558358.5800236040,9.7961998529,0.0072789217,-0.0049548277,-0.1744527685,0.0008876842,-0.0018222444
558358.5900236040,9.7950194617,-0.0026403996,-0.0047967022,-0.1744093420,0.0008225805,-0.0009001990
558358.6000236040,9.7965094312,0.0098722966,-0.0031260622,-0.1744527685,0.0008985348,-0.0017463113
558358.6100236040,9.7942712659,-0.0041692812,-0.0037234877,-0.1744636251,0.0007791780,-0.0010954557
558358.6200236040,9.7951340653,0.0086468704,-0.0040302602,-0.1745287649,0.0008551323,-0.0014751214
558358.6300236040,9.7947096039,-0.0017264192,-0.0049462559,-0.1745287649,0.0008442817,-0.0013991883
558358.6400236040,9.7960491601,0.0074306845,-0.0046484697,-0.1745179083,0.0008442817,-0.0011496936
558358.6500236040,9.7944140313,0.0020841144,-0.0018917794,-0.1745179083,0.0008442817,-0.0016595305
558358.6600236041,9.7947092097,0.0005609985,-0.0038776413,-0.1744419119,0.0008225805,-0.0009544369
558358.6700236039,9.7957445705,0.0060569694,-0.0052565990,-0.1744853384,0.0008876842,-0.0018222444
558358.6800236040,9.7948549138,-0.0008104241,-0.0054046354,-0.1744636251,0.0008551323,-0.0008893514
558358.6900236040,9.7963598709,0.0091090367,-0.0031251422,-0.1744419119,0.0008442817,-0.0017680065
558358.7000236040,9.7945866500,-0.0046260974,-0.0026586662,-0.1744636251,0.0008442817,-0.0009761321
558358.7100236040,9.7960359285,0.0092613547,-0.0054101814,-0.1745070516,0.0008225805,-0.0016486829
558358.7200236040,9.7947010743,-0.0017259331,-0.0060138242,-0.1744310552,0.0008442817,-0.0012147792
558358.7300236040,9.7962060888,0.0088034965,-0.0034290325,-0.1744636251,0.0008442817,-0.0013124075
558358.7400236040,9.7951904176,-0.0011158939,-0.0017470782,-0.1744961950,0.0008334311,-0.0015835974
558358.7500236040,9.7953055515,0.0028516811,-0.0044917089,-0.1745396215,0.0008334311,-0.0009761321
558358.7600236040,9.7958921740,0.0054479036,-0.0061732053,-0.1745504781,0.0008876842,-0.0018113968
558358.7700236040,9.7944064335,-0.0009653129,-0.0043333306,-0.1745070516,0.0008334311,-0.0008025706
558358.7800236040,9.7959119855,0.0088016210,-0.0020539072,-0.1745179083,0.0008442817,-0.0018547872
558358.7900236039,9.7937990391,-0.0041703238,-0.0055497986,-0.1744093420,0.0008225805,-0.0009218942
558358.8000236040,9.7969493819,0.0100276715,-0.0052649353,-0.1744201986,0.0008876842,-0.0016161402
558358.8100236040,9.7941073128,-0.0024918326,-0.0043314907,-0.1744093420,0.0008442817,-0.0012473220
558358.8200236040,9.7969765833,0.0077387261,-0.0029783352,-0.1743767721,0.0008659829,-0.0013015599
558358.8300236040,9.7954852878,0.0005633611,-0.0022063776,-0.1744419119,0.0008225805,-0.0015293594
558358.8400236040,9.7948431588,0.0037650362,-0.0046399939,-0.1744310552,0.0008442817,-0.0009978273
558358.8500236040,9.7957505196,0.0045317002,-0.0052572966,-0.1744853384,0.0008442817,-0.0018222444
558358.8600236040,9.7944082756,-0.0008129249,-0.0040282414,-0.1744961950,0.0008659829,-0.0008676562
558358.8700236040,9.7969797586,0.0091109823,-0.0019101391,-0.1746047613,0.0008551323,-0.0018330920
558358.8800236040,9.7938095254,-0.0027984842,-0.0035665440,-0.1745504781,0.0008334311,-0.0009218942
558358.8900236040,9.7961799339,0.0092624660,-0.0064790184,-0.1745939047,0.0008442817,-0.0016595305
558358.9000236040,9.7945630181,-0.0032523136,-0.0049456847,-0.1745830480,0.0008442817,-0.0011713888
558358.9100236041,9.7963726222,0.0086508310,-0.0017527637,-0.1745396215,0.0008551323,-0.0013883407
558358.9200236039,9.7948701881,-0.0003538155,-0.0032692895,-0.1745179083,0.0008225805,-0.0014859690
558358.9300236040,9.7954376299,0.0055983464,-0.0057118001,-0.1744636251,0.0008551323,-0.0010629129
558358.9400236040,9.7949973924,0.0023931276,-0.0050994197,-0.1744636251,0.0008659829,-0.0017788541
558358.9500236040,9.7947177105,0.0002555281,-0.0029627222,-0.1744419119,0.0008551323,-0.0008025706
558358.9600236040,9.7969706341,0.0092639953,-0.0029776377,-0.1744310552,0.0008442817,-0.0018981776
558358.9700236040,9.7941083306,-0.0046267928,-0.0052475259,-0.1744093420,0.0008334311,-0.0008459610
558358.9800236040,9.7958907333,0.0095652972,-0.0043412048,-0.1744201986,0.0008659829,-0.0016812257
558358.9900236040,9.7947264336,-0.0041672665,-0.0040323135,-0.1744527685,0.0008225805,-0.0012581696
558359.0000236040,9.7965105637,0.0089572740,-0.0034315002,-0.1744636251,0.0008442817,-0.0012581696
558359.0100236040,9.7950136846,0.0007147760,-0.0038801090,-0.1748870337,0.0008334311,-0.0015835974
558359.0200236040,9.7953024623,0.0023943781,-0.0051019572,-0.1745287649,0.0008334311,-0.0009761321
558359.0300236040,9.7962184960,0.0046854780,-0.0038884452,-0.1745939047,0.0008768336,-0.0018222444
558359.0400236039,9.7945674693,-0.0012701581,-0.0034196803,-0.1745179083,0.0008442817,-0.0008134182
558359.0500236040,9.7960427307,0.0103284181,-0.0040371053,-0.1745396215,0.0008334311,-0.0018439396
558359.0600236040,9.7941149894,-0.0050846513,-0.0046376961,-0.1745179083,0.0008442817,-0.0009652845
558359.0700236040,9.7957460757,0.0091067439,-0.0035775966,-0.1744961950,0.0008551323,-0.0016052926
558359.0800236040,9.7945758555,-0.0027955661,-0.0031153584,-0.1745396215,0.0008551323,-0.0013124075
558359.0900236040,9.7954421097,0.0078854864,-0.0040331464,-0.1744419119,0.0008225805,-0.0012039316
558359.1000236040,9.7950070831,0.0017826033,-0.0041846402,-0.1744961950,0.0008659829,-0.0016703781
558359.1100236040,9.7947050166,0.0013237025,-0.0040298022,-0.1744310552,0.0008225805,-0.0009110466
558359.1200236040,9.7957591926,0.0060561362,-0.0034264819,-0.1744419119,0.0008442817,-0.0018656348
558359.1300236040,9.7945601009,-0.0018797102,-0.0046400374,-0.1744201986,0.0008442817,-0.0008459610
558359.1400236050,9.7968023733,0.0104842103,-0.0043483987,-0.1744636251,0.0008659829,-0.0017788541
558359.1500236050,9.7938118764,-0.0037135763,-0.0037194723,-0.1745070516,0.0008442817,-0.0010412177
558359.1600236050,9.7962115864,0.0089556762,-0.0026664140,-0.1745287649,0.0008442817,-0.0015402070
558359.1700236050,9.7947236024,-0.0018797099,-0.0032687183,-0.1745396215,0.0008442817,-0.0013449503
558359.1800236050,9.7960479129,0.0071257695,-0.0049536287,-0.1745287649,0.0008442817,-0.0011713888
558359.1900236050,9.7953133428,0.0014788000,-0.0041873172,-0.1745504781,0.0008442817,-0.0016486829
558359.2000236050,9.7943994092,0.0020849477,-0.0037218965,-0.1745179083,0.0008659829,-0.0009435894
558359.2100236050,9.7962150125,0.0065155927,-0.0034300789,-0.1745396215,0.0008551323,-0.0018330920
558359.2200236050,9.7954807793,-0.0020287633,-0.0040376806,-0.1745287649,0.0008442817,-0.0008134182
558359.2300236051,9.7966485912,0.0101786701,-0.0046522890,-0.1744961950,0.0008442817,-0.0018222444
558359.2400236049,9.7947221831,-0.0040145312,-0.0044897730,-0.1745179083,0.0008442817,-0.0010086749
558359.2500236050,9.7959108530,0.0097166436,-0.0017484692,-0.1745179083,0.0008334311,-0.0015076642
558359.2600236050,9.7953385300,-0.0027924397,-0.0031217021,-0.1744636251,0.0008442817,-0.0014100359
558359.2700236050,9.7952906499,0.0063598697,-0.0046426143,-0.1744310552,0.0008225805,-0.0010954557
558359.2800236050,9.7957595294,0.0031587497,-0.0048003951,-0.1744853384,0.0008551323,-0.0017246161
558359.2900236050,9.7945573270,0.0010178151,-0.0035711437,-0.1744853384,0.0008225805,-0.0008785038
558359.3000236050,9.7960685128,0.0059046515,-0.0029715599,-0.1744636251,0.0008551323,-0.0018330920
558359.3100236050,9.7945631328,-0.0020323760,-0.0043350877,-0.1745287649,0.0008225805,-0.0008893514
558359.3200236050,9.7960311979,0.0107865544,-0.0052569741,-0.1745504781,0.0008876842,-0.0017463113
558359.3300236050,9.7950321557,-0.0037085740,-0.0037296222,-0.1745504781,0.0008225805,-0.0010737605
558359.3400236050,9.7962152133,0.0086504835,-0.0023615340,-0.1745396215,0.0008442817,-0.0014751214
558359.3500236050,9.7953246175,-0.0017241958,-0.0043412918,-0.1745070516,0.0008551323,-0.0014317311
558359.3600236051,9.7957470935,0.0069717837,-0.0044936317,-0.1745070516,0.0008334311,-0.0010629129
558359.3700236049,9.7946985012,0.0033064830,-0.0038763857,-0.1745179083,0.0008442817,-0.0017680065
558359.3800236050,9.7945669317,-0.0005076624,-0.0031143120,-0.1744201986,0.0008334311,-0.0008351134
558359.3900236050,9.7969718239,0.0089589415,-0.0029777772,-0.1744636251,0.0008551323,-0.0018547872
558359.4000236050,9.7945600435,-0.0024896790,-0.0049453360,-0.1744310552,0.0008442817,-0.0009001990
558359.4100236050,9.7964936766,0.0107881525,-0.0046507412,-0.1744636251,0.0008334311,-0.0017137685
558359.4200236050,9.7941181074,-0.0043223639,-0.0038747985,-0.1744636251,0.0008334311,-0.0010520653
558359.4300236050,9.7957491077,0.0089540781,-0.0032726468,-0.1744636251,0.0008225805,-0.0014751214
558359.4400236050,9.7948652281,-0.0012684909,-0.0043372764,-0.1744853384,0.0008442817,-0.0013991883
558359.4500236050,9.7960552239,0.0071253529,-0.0040385701,-0.1744419119,0.0008334311,-0.0011388460
558359.4600236050,9.7945574131,0.0019327683,-0.0031131959,-0.1745396215,0.0008442817,-0.0016812257
558359.4700236050,9.7948521399,0.0020871013,-0.0043357417,-0.1745504781,0.0008334311,-0.0009435894
558359.4800236051,9.7957555944,0.0066663133,-0.0035787127,-0.1746156179,0.0008551323,-0.0017788541
558359.4900236049,9.7945613481,-0.0015747953,-0.0043348784,-0.1745504781,0.0008334311,-0.0008676562
558359.5000236050,9.7966635788,0.0075854347,-0.0040434358,-0.1745070516,0.0008659829,-0.0017788541
558359.5100236050,9.7939553729,-0.0026449848,-0.0043302917,-0.1744961950,0.0008225805,-0.0009869797
558359.5200236050,9.7958933137,0.0110900803,-0.0032729390,-0.1744419119,0.0008876842,-0.0016595305
558359.5300236050,9.7938167217,-0.0040188384,-0.0032620825,-0.1744636251,0.0008225805,-0.0011496936
558359.5400236050,9.7962048129,0.0081935971,-0.0038868408,-0.1744853384,0.0008876842,-0.0013341027
558359.5500236050,9.7947062351,0.0013236331,-0.0038772925,-0.1745070516,0.0008225805,-0.0015619022
558359.5600236050,9.7945387986,0.0048311964,-0.0040269291,-0.1745287649,0.0008334311,-0.0009652845
558359.5700236050,9.7960688783,0.0033122494,-0.0041928238,-0.1745396215,0.0008659829,-0.0017680065
558359.5800236050,9.7954711746,-0.0005032858,-0.0044945123,-0.1745070516,0.0008334311,-0.0008785038
558359.5900236050,9.7963543733,0.0089568570,-0.0038877608,-0.1745179083,0.0008442817,-0.0018330920
558359.6000236050,9.7942641269,-0.0023389582,-0.0037226507,-0.1745287649,0.0008442817,-0.0009001990
558359.6100236051,9.7955942504,0.0101735293,-0.0029658005,-0.1745721914,0.0008442817,-0.0016595305
558359.6200236049,9.7951895073,-0.0043181953,-0.0034261504,-0.1745504781,0.0008659829,-0.0011388460
558359.6300236050,9.7960420497,0.0095659919,-0.0044949833,-0.1744961950,0.0008334311,-0.0013774931
558359.6400236050,9.7942589160,0.0005587061,-0.0029587765,-0.1745070516,0.0008442817,-0.0015076642
558359.6500236050,9.7962226891,0.0039227740,-0.0037362842,-0.1744419119,0.0008334311,-0.0010086749
558359.6600236050,9.7962178151,0.0039230518,-0.0043463233,-0.1744310552,0.0008551323,-0.0017788541
558359.6700236050,9.7948605547,0.0008666776,-0.0038787705,-0.1743984853,0.0008334311,-0.0008242658
558359.6800236050,9.7966637795,0.0097203255,-0.0029748909,-0.1744527685,0.0008551323,-0.0018656348
558359.6900236050,9.7945732751,-0.0043203492,-0.0041836243,-0.1744310552,0.0008334311,-0.0008676562
558359.7000236050,9.7966583679,0.0104830990,-0.0032795617,-0.1744527685,0.0008551323,-0.0016703781
558359.7100236050,9.7948802157,-0.0038617262,-0.0037284232,-0.1744636251,0.0008225805,-0.0012147792
558359.7200236050,9.7962061175,0.0091084809,-0.0032763833,-0.1744961950,0.0008442817,-0.0013124075
558359.7300236051,9.7944053584,0.0005596785,-0.0037225940,-0.1744961950,0.0008334311,-0.0015727498
558359.7400236049,9.7948516310,0.0031545814,-0.0038777242,-0.1744961950,0.0008442817,-0.0009869797
558359.7500236050,9.7957536663,0.0055989720,-0.0043417497,-0.1745396215,0.0008659829,-0.0018222444
558359.7600236050,9.7945621150,0.0001025842,-0.0034190525,-0.1744853384,0.0008442817,-0.0008025706
558359.7700236050,9.7960566718,0.0095651586,-0.0026648662,-0.1744527685,0.0008442817,-0.0018547872
558359.7800236050,9.7947264336,-0.0041672665,-0.0040323135,-0.1744310552,0.0008225805,-0.0009435894
558359.7900236050,9.7963459584,0.0101772807,-0.0043447320,-0.1744853384,0.0008442817,-0.0016269878
558359.8000236050,9.7945606671,-0.0023372216,-0.0047927565,-0.1744201986,0.0008659829,-0.0012690172
558359.8100236050,9.7952932877,0.0084946216,-0.0032690499,-0.1743550588,0.0008442817,-0.0012147792
558359.8200236050,9.7944109707,0.0019317958,-0.0023493784,-0.1744093420,0.0008442817,-0.0016486829
558359.8300236050,9.7946990387,0.0025439873,-0.0041817540,-0.1744093420,0.0008225805,-0.0008893514
558359.8400236050,9.7963633257,0.0069739376,-0.0037361579,-0.1744961950,0.0008659829,-0.0018656348
558359.8500236050,9.7944136585,-0.0018806827,-0.0038762199,-0.1744961950,0.0008442817,-0.0008025706
558359.8600236051,9.7961971650,0.0110914003,-0.0034279862,-0.1745287649,0.0008551323,-0.0018113968
558359.8700236049,9.7941187596,-0.0038649221,-0.0035695697,-0.1745287649,0.0008117298,-0.0010303701
558359.8800236050,9.7958889486,0.0100228779,-0.0043409956,-0.1744961950,0.0008659829,-0.0014642738
558359.8900236050,9.7947090090,-0.0015738923,-0.0049461862,-0.1746264746,0.0008551323,-0.0014317311
558359.9000236050,9.7956091520,0.0066653408,-0.0028148951,-0.1746699011,0.0008442817,-0.0010412177
558359.9100236050,9.7954716334,0.0043764646,-0.0020521240,-0.1745830480,0.0008334311,-0.0018113968
558359.9200236050,9.7944161529,-0.0012708528,-0.0032659018,-0.1744201986,0.0008225805,-0.0008134182
558359.9300236050,9.7961933375,0.0092617022,-0.0048014111,-0.1743659154,0.0008985348,-0.0018873300
558359.9400236050,9.7945643227,-0.0023374299,-0.0043352272,-0.1743333456,0.0008551323,-0.0009001990
558359.9500236050,9.7965155524,0.0101769338,-0.0022108641,-0.1743659154,0.0008551323,-0.0016378353
558359.9600236050,9.7939747256,-0.0041710178,-0.0026533820,-0.1744201986,0.0008225805,-0.0011713888
558359.9700236050,9.7955910464,0.0084962887,-0.0041866459,-0.1744636251,0.0008334311,-0.0013449503
558359.9800236051,9.7953114720,0.0010214276,-0.0046450557,-0.1744636251,0.0008551323,-0.0015185118
558359.9900236049,9.7954583158,0.0052921816,-0.0032717835,-0.1745179083,0.0008334311,-0.0009652845
558360.0000236050,9.7962379061,0.0037694138,-0.0019062369,-0.1745287649,0.0008659829,-0.0018005492
558360.0100236050,9.7948646905,-0.0005059952,-0.0040319081,-0.1748436071,0.0008334311,-0.0008459610
558360.0200236050,9.7963495279,0.0092621192,-0.0043451505,-0.1745830480,0.0008551323,-0.0018113968
558360.0300236050,9.7941206591,-0.0031025652,-0.0029591819,-0.1745287649,0.0008551323,-0.0009001990
558360.0400236050,9.7960663339,0.0086496499,-0.0019027360,-0.1745396215,0.0008334311,-0.0016595305
558360.0500236050,9.7941152188,-0.0026447762,-0.0034165019,-0.1745070516,0.0008117298,-0.0011605412
558360.0600236050,9.7966588482,0.0091106345,-0.0038902285,-0.1744853384,0.0008659829,-0.0013883407
558360.0700236050,9.7954724218,-0.0001983708,-0.0041893533,-0.1744527685,0.0008442817,-0.0013883407
558360.0800236050,9.7962203094,0.0045328817,-0.0037360052,-0.1744636251,0.0008876842,-0.0011713888
558360.0900236050,9.7944109994,0.0022367802,-0.0021967291,-0.1744310552,0.0008225805,-0.0016052926
558360.1000236050,9.7954654835,0.0037668430,-0.0031199713,-0.1744310552,0.0008442817,-0.0010086749
558360.1100236051,9.7963679990,0.0048387691,-0.0041946637,-0.1744093420,0.0008334311,-0.0017246161
558360.1200236049,9.7947157251,-0.0014217820,-0.0040310579,-0.1744853384,0.0008551323,-0.0009761321
558360.1300236050,9.7968246146,0.0072805896,-0.0031297855,-0.1745396215,0.0008876842,-0.0017246161
558360.1400236050,9.7944121032,0.0010167732,-0.0026548165,-0.1745721914,0.0008225805,-0.0009869797
558360.1500236050,9.7965093165,0.0086523590,-0.0037366593,-0.1745830480,0.0008551323,-0.0016052926
558360.1600236050,9.7950212751,-0.0027929959,-0.0046442622,-0.1746047613,0.0008442817,-0.0011279984
558360.1700236050,9.7955959205,0.0084960110,-0.0035766069,-0.1746047613,0.0008551323,-0.0014859690
558360.1800236050,9.7956336296,0.0013266904,-0.0023598073,-0.1745179083,0.0008551323,-0.0013232551
558360.1900236050,9.7956151012,0.0051400716,-0.0028155927,-0.1745179083,0.0008117298,-0.0012364744
558360.2000236050,9.7947092670,0.0011709673,-0.0035723427,-0.1745070516,0.0008659829,-0.0014968166
558360.2100236050,9.7954604948,0.0025471831,-0.0043406074,-0.1745179083,0.0008334311,-0.0011605412
558360.2200236060,9.7963681710,0.0066686755,-0.0032787681,-0.1744853384,0.0008442817,-0.0014208835
558360.2300236060,9.7947142271,0.0020856427,-0.0025043559,-0.1744961950,0.0008334311,-0.0014100359
558360.2400236060,9.7950239702,-0.0000482752,-0.0029653992,-0.1744527685,0.0008334311,-0.0012039316
558360.2500236060,9.7963650818,0.0062113725,-0.0038890164,-0.1744310552,0.0008659829,-0.0013883407
558360.2600236060,9.7959199990,0.0033114158,-0.0037340258,-0.1745070516,0.0008442817,-0.0014317311
558360.2700236060,9.7945566748,0.0005603732,-0.0038763725,-0.1745179083,0.0008225805,-0.0012039316
558360.2800236060,9.7951653451,0.0043752835,-0.0022020962,-0.1745287649,0.0008334311,-0.0013883407
558360.2900236060,9.7963813452,0.0042280365,-0.0028223549,-0.1745070516,0.0008334311,-0.0014317311
558360.3000236060,9.7959218124,0.0031588194,-0.0035815858,-0.1745070516,0.0008551323,-0.0012473220
558360.3100236061,9.7949981594,0.0040705070,-0.0041835939,-0.1745070516,0.0008442817,-0.0013232551
558360.3200236059,9.7951676387,0.0028502226,-0.0026603231,-0.1744853384,0.0008334311,-0.0014208835
558360.3300236060,9.7951657393,0.0020878658,-0.0032707109,-0.1745070516,0.0008117298,-0.0013015599
558360.3400236060,9.7959207086,0.0043788265,-0.0031234985,-0.1744961950,0.0008659829,-0.0012907123
558360.3500236060,9.7962214706,0.0039228435,-0.0038887940,-0.1745070516,0.0008442817,-0.0013883407
558360.3600236060,9.7954671249,0.0017843402,-0.0038834269,-0.1744961950,0.0008659829,-0.0013124075
558360.3700236060,9.7953251050,0.0034605389,-0.0017462542,-0.1744961950,0.0008117298,-0.0013232551
558360.3800236060,9.7948609275,0.0048314748,-0.0018943300,-0.1744527685,0.0008442817,-0.0013883407
558360.3900236060,9.7954574628,0.0026998489,-0.0046455572,-0.1744201986,0.0008225805,-0.0013124075
558360.4000236060,9.7954544309,0.0028525147,-0.0049505069,-0.1744853384,0.0008659829,-0.0013124075
558360.4100236060,9.7953214781,0.0037657316,-0.0020511342,-0.1745070516,0.0008334311,-0.0014100359
558360.4200236060,9.7947161839,0.0034579684,-0.0015886695,-0.1745287649,0.0008334311,-0.0013124075
558360.4300236061,9.7954648599,0.0036143855,-0.0032725508,-0.1745396215,0.0008334311,-0.0012907123
558360.4400236059,9.7949950414,0.0033082196,-0.0049464914,-0.1745830480,0.0008442817,-0.0013883407
558360.4500236060,9.7957716858,0.0028530709,-0.0034279468,-0.1745830480,0.0008225805,-0.0013449503
558360.4600236060,9.7947144565,0.0045255179,-0.0012831617,-0.1745396215,0.0008659829,-0.0013015599
558360.4700236060,9.7957729617,0.0034629702,-0.0029701385,-0.1745179083,0.0008225805,-0.0013449503
558360.4800236060,9.7960682261,0.0028548075,-0.0044980526,-0.1745287649,0.0008659829,-0.0013341027
558360.4900236060,9.7946954692,0.0034591488,-0.0041813354,-0.1744853384,0.0008442817,-0.0013232551
558360.5000236060,9.7945606744,0.0042199777,-0.0015870520,-0.1745070516,0.0008334311,-0.0013341027
558360.5100236060,9.7951694235,0.0023926418,-0.0026605323,-0.1744527685,0.0008442817,-0.0013341027
558360.5200236060,9.7954538933,0.0036150104,-0.0046451386,-0.1743984853,0.0008334311,-0.0013232551
558360.5300236060,9.7957542325,0.0051414607,-0.0044944688,-0.1743984853,0.0008551323,-0.0013341027
558360.5400236060,9.7956276804,0.0028519596,-0.0023591098,-0.1744093420,0.0008551323,-0.0013015599
558360.5500236060,9.7953189838,0.0031559017,-0.0026614523,-0.1744961950,0.0008334311,-0.0013232551
558360.5600236061,9.7954666447,0.0031568047,-0.0032727601,-0.1745830480,0.0008334311,-0.0013883407
558360.5700236059,9.7956106787,0.0034629005,-0.0041889478,-0.1745179083,0.0008442817,-0.0013015599
558360.5800236060,9.7942391117,0.0037621879,-0.0038723702,-0.1745179083,0.0008551323,-0.0013449503
558360.5900236060,9.7953195500,0.0026983904,-0.0028141713,-0.1744961950,0.0008225805,-0.0013449503
558360.6000236060,9.7944049642,0.0028470962,-0.0026539794,-0.1744961950,0.0008551323,-0.0013232551
558360.6100236060,9.7959206512,0.0037688577,-0.0034287970,-0.1744527685,0.0008334311,-0.0013232551
558360.6200236060,9.7956088939,0.0039204812,-0.0041887386,-0.1744961950,0.0008659829,-0.0013449503
558360.6300236060,9.7947057835,0.0030010820,-0.0031139764,-0.1745287649,0.0008334311,-0.0013124075
558360.6400236060,9.7956234013,0.0026997104,-0.0029692186,-0.1744419119,0.0008551323,-0.0013341027
558360.6500236060,9.7959255539,0.0040735643,-0.0026661087,-0.1744527685,0.0008334311,-0.0013883407
558360.6600236060,9.7951585429,0.0033082200,-0.0035751724,-0.1744636251,0.0008442817,-0.0013124075
558360.6700236060,9.7954557354,0.0037673985,-0.0043400493,-0.1744636251,0.0008551323,-0.0013124075
558360.6800236061,9.7950169459,0.0030019854,-0.0023539651,-0.1744636251,0.0008334311,-0.0013557979
558360.6900236059,9.7951688572,0.0028501532,-0.0025078133,-0.1745179083,0.0008442817,-0.0013232551
558360.7000236060,9.7954631038,0.0043769506,-0.0031196923,-0.1745179083,0.0008334311,-0.0013232551
558360.7100236060,9.7956131157,0.0034627616,-0.0038839283,-0.1745070516,0.0008442817,-0.0013449503
558360.7200236060,9.7954647739,0.0026994323,-0.0037304986,-0.1744961950,0.0008334311,-0.0013124075
558360.7300236060,9.7946985585,0.0039164518,-0.0035710871,-0.1744961950,0.0008334311,-0.0013341027
558360.7400236060,9.7960883458,0.0030061540,-0.0019053170,-0.1744527685,0.0008659829,-0.0013124075
558360.7500236060,9.7951688859,0.0031551376,-0.0023551640,-0.1743984853,0.0008117298,-0.0013124075
558360.7600236060,9.7954642076,0.0031569436,-0.0035777796,-0.1744310552,0.0008659829,-0.0013449503
558360.7700236060,9.7945478084,0.0034582458,-0.0035700276,-0.1744527685,0.0008008792,-0.0013449503
558360.7800236060,9.7945599648,0.0031525670,-0.0021975793,-0.1744310552,0.0008551323,-0.0013232551
558360.7900236060,9.7954782061,0.0030036529,-0.0019002420,-0.1744527685,0.0008334311,-0.0013232551
558360.8000236060,9.7954660784,0.0036143161,-0.0031200410,-0.1744853384,0.0008551323,-0.0013557979
558360.8100236061,9.7956144489,0.0046826297,-0.0031208215,-0.1745287649,0.0008551323,-0.0013232551
558360.8200236059,9.7940938018,0.0028461928,-0.0034139907,-0.1745830480,0.0008442817,-0.0013124075
558360.8300236060,9.7956240536,0.0031571523,-0.0026639898,-0.1745070516,0.0008334311,-0.0013557979
558360.8400236060,9.7950127528,0.0037646894,-0.0025061260,-0.1745070516,0.0008334311,-0.0013449503
558360.8500236060,9.7953110778,0.0033088453,-0.0035764411,-0.1745504781,0.0008334311,-0.0013015599
558360.8600236060,9.7950090399,0.0031549289,-0.0032689539,-0.1745504781,0.0008551323,-0.0013449503
558360.8700236060,9.7951669864,0.0023927807,-0.0029655519,-0.1745396215,0.0008334311,-0.0013341027
558360.8800236060,9.7951671011,0.0036127183,-0.0023549548,-0.1745070516,0.0008551323,-0.0013015599
558360.8900236060,9.7953129486,0.0037662177,-0.0031187025,-0.1744853384,0.0008334311,-0.0013341027
558360.9000236060,9.7956203121,0.0022424074,-0.0035794669,-0.1744201986,0.0008334311,-0.0013449503
558360.9100236060,9.7950072265,0.0033075253,-0.0034213939,-0.1744419119,0.0008225805,-0.0013341027
558360.9200236060,9.7953141671,0.0037661483,-0.0029661928,-0.1744419119,0.0008659829,-0.0013341027
558360.9300236061,9.7951598474,0.0042231037,-0.0029647148,-0.1744527685,0.0008334311,-0.0013232551
558360.9400236059,9.7950132904,0.0030021937,-0.0028114943,-0.1744853384,0.0008442817,-0.0013232551
558360.9500236060,9.7951633596,0.0026979734,-0.0032704319,-0.1744961950,0.0008225805,-0.0013341027
558360.9600236060,9.7954642650,0.0037669124,-0.0032724810,-0.1745396215,0.0008551323,-0.0013449503
558360.9700236060,9.7960791926,0.0028541826,-0.0031254648,-0.1744636251,0.0008334311,-0.0013124075
558360.9800236060,9.7956247059,0.0036145941,-0.0023587610,-0.1744853384,0.0008659829,-0.0013015599
558360.9900236060,9.7950187880,0.0031543734,-0.0020488758,-0.1744636251,0.0008117298,-0.0013449503
558361.0000236060,9.7950071405,0.0023925721,-0.0038793417,-0.1744853384,0.0008551323,-0.0013124075
558361.0100236060,9.7953105116,0.0037663566,-0.0034237221,-0.1747676107,0.0008551323,-0.0013124075
558361.0200236060,9.7963892799,0.0043800774,-0.0017547169,-0.1744419119,0.0008334311,-0.0013341027
558361.0300236060,9.7947094104,0.0026958893,-0.0028090964,-0.1744636251,0.0008225805,-0.0013015599
558361.0400236060,9.7954581151,0.0031572908,-0.0043403284,-0.1744093420,0.0008551323,-0.0013341027
558361.0500236060,9.7951598474,0.0042231037,-0.0029647148,-0.1744093420,0.0008225805,-0.0013774931
558361.0600236061,9.7957808676,0.0033100267,-0.0020551497,-0.1744853384,0.0008659829,-0.0012907123
558361.0700236059,9.7954732748,0.0023939618,-0.0028155796,-0.1744636251,0.0008117298,-0.0013015599
558361.0800236060,9.7954605235,0.0028521675,-0.0041879581,-0.1745504781,0.0008659829,-0.0013774931
558361.0900236060,9.7954672683,0.0033092622,-0.0031201806,-0.1745396215,0.0008117298,-0.0013232551
558361.1000236060,9.7948584618,0.0045266293,-0.0023519988,-0.1745721914,0.0008985348,-0.0012907123
558361.1100236060,9.7959328076,0.0034631789,-0.0020563487,-0.1745070516,0.0008117298,-0.0013341027
558361.1200236060,9.7950114770,0.0031547900,-0.0029639343,-0.1745396215,0.0008551323,-0.0013341027
558361.1300236060,9.7948540680,0.0031544425,-0.0035727046,-0.1744961950,0.0008334311,-0.0013015599
558361.1400236060,9.7954673543,0.0042242154,-0.0026622327,-0.1745504781,0.0008442817,-0.0013449503
558361.1500236060,9.7956253868,0.0043770204,-0.0019008829,-0.1745504781,0.0008334311,-0.0013232551
558361.1600236060,9.7954720276,0.0020890469,-0.0031207386,-0.1744527685,0.0008442817,-0.0012907123
558361.1700236060,9.7959236258,0.0030062231,-0.0034291458,-0.1744419119,0.0008334311,-0.0013557979
558361.1800236061,9.7954661071,0.0039193004,-0.0029673918,-0.1744201986,0.0008334311,-0.0013774931
558361.1900236059,9.7957639519,0.0048359208,-0.0034270400,-0.1743659154,0.0008334311,-0.0012690172
558361.2000236060,9.7954649173,0.0042243543,-0.0029672523,-0.1743659154,0.0008551323,-0.0013015599
558361.2100236060,9.7953279936,0.0017829511,-0.0022045508,-0.1744419119,0.0008225805,-0.0013557979
558361.2200236060,9.7953195787,0.0030033748,-0.0026615221,-0.1744636251,0.0008442817,-0.0013232551
558361.2300236060,9.7951525937,0.0048334891,-0.0035744748,-0.1745070516,0.0008225805,-0.0013232551
558361.2400236060,9.7956197745,0.0030049031,-0.0032740986,-0.1745287649,0.0008551323,-0.0013341027
558361.2500236060,9.7954780914,0.0017837153,-0.0025108391,-0.1745504781,0.0008225805,-0.0013232551
558361.2600236060,9.7954739844,0.0034613725,-0.0022050523,-0.1745504781,0.0008442817,-0.0013449503
558361.2700236060,9.7951556257,0.0046808234,-0.0032695250,-0.1744961950,0.0008334311,-0.0013341027
558361.2800236060,9.7948558814,0.0030018462,-0.0034202646,-0.1745721914,0.0008551323,-0.0012690172
558361.2900236070,9.7956312499,0.0019367980,-0.0023595283,-0.1745179083,0.0008334311,-0.0013341027
558361.3000236070,9.7957808676,0.0033100267,-0.0020551497,-0.1745070516,0.0008442817,-0.0013883407
558361.3100236070,9.7951617182,0.0046804762,-0.0025069762,-0.1744527685,0.0008225805,-0.0013124075
558361.3200236070,9.7960714300,0.0045320481,-0.0032772072,-0.1744853384,0.0008659829,-0.0013124075
558361.3300236070,9.7953158372,0.0020886299,-0.0035769991,-0.1744527685,0.0008117298,-0.0013341027
558361.3400236070,9.7951706133,0.0020875880,-0.0026606719,-0.1744527685,0.0008659829,-0.0013341027
558361.3500236070,9.7948530789,0.0055943871,-0.0025040202,-0.1744419119,0.0008225805,-0.0013341027
558361.3600236070,9.7951616895,0.0043754918,-0.0026596255,-0.1744527685,0.0008551323,-0.0013341027
558361.3700236070,9.7956245051,0.0014797034,-0.0034273059,-0.1744527685,0.0008117298,-0.0013015599
558361.3800236071,9.7948612930,0.0022390727,-0.0031155939,-0.1744636251,0.0008551323,-0.0013449503
558361.3900236069,9.7957742949,0.0046828384,-0.0022070317,-0.1745070516,0.0008442817,-0.0013557979
558361.4000236070,9.7947065218,0.0043734771,-0.0023507998,-0.1745179083,0.0008225805,-0.0012690172
558361.4100236070,9.7959271953,0.0020910616,-0.0034295643,-0.1745287649,0.0008442817,-0.0013124075
558361.4200236070,9.7957716858,0.0028530709,-0.0034279468,-0.1745287649,0.0008659829,-0.0013774931
558361.4300236070,9.7957754560,0.0040728002,-0.0023598205,-0.1745396215,0.0008334311,-0.0013232551
558361.4400236070,9.7951732223,0.0039173555,-0.0014397567,-0.1744636251,0.0008225805,-0.0012907123
558361.4500236070,9.7953158372,0.0020886299,-0.0035769991,-0.1744310552,0.0008442817,-0.0013449503
558361.4600236070,9.7956149005,0.0030051808,-0.0038841376,-0.1744527685,0.0008551323,-0.0013341027
558361.4700236070,9.7953105403,0.0040713410,-0.0032710728,-0.1744093420,0.0008551323,-0.0013232551
558361.4800236070,9.7962385297,0.0039218713,-0.0017536574,-0.1744853384,0.0008442817,-0.0013015599
558361.4900236070,9.7956277091,0.0031569439,-0.0022064605,-0.1744201986,0.0008008792,-0.0013341027
558361.5000236070,9.7959241920,0.0025487118,-0.0035818648,-0.1744636251,0.0008551323,-0.0013341027
558361.5100236071,9.7956150438,0.0045301028,-0.0031208912,-0.1744636251,0.0008334311,-0.0013341027
558361.5200236070,9.7957796778,0.0036150805,-0.0020550102,-0.1744853384,0.0008442817,-0.0013124075
558361.5300236070,9.7960871273,0.0030062234,-0.0020578267,-0.1745287649,0.0008334311,-0.0013341027
558361.5400236070,9.7947033465,0.0030012209,-0.0034189959,-0.1745721914,0.0008442817,-0.0013124075
558361.5500236070,9.7951525077,0.0039185360,-0.0040324226,-0.1745830480,0.0008225805,-0.0013341027
558361.5600236070,9.7957772694,0.0039202038,-0.0022073805,-0.1745504781,0.0008442817,-0.0013124075
558361.5700236070,9.7953239152,0.0037655927,-0.0017461147,-0.1745939047,0.0008225805,-0.0013124075
558361.5800236070,9.7959266864,0.0031585417,-0.0029715468,-0.1745830480,0.0008334311,-0.0013666455
558361.5900236070,9.7953147047,0.0030036525,-0.0032715611,-0.1745287649,0.0008225805,-0.0013341027
558361.6000236070,9.7960738384,0.0042269248,-0.0031248370,-0.1744961950,0.0008551323,-0.0013124075
558361.6100236070,9.7954666733,0.0034617891,-0.0031201108,-0.1744961950,0.0008225805,-0.0013015599
558361.6200236070,9.7956240536,0.0031571523,-0.0026639898,-0.1744310552,0.0008442817,-0.0013341027
558361.6300236071,9.7950121292,0.0036122319,-0.0026587056,-0.1744201986,0.0008117298,-0.0013449503
558361.6400236069,9.7953202023,0.0031558323,-0.0025089425,-0.1744201986,0.0008551323,-0.0013124075
558361.6500236070,9.7959279336,0.0034634567,-0.0026663877,-0.1744310552,0.0008334311,-0.0013341027
558361.6600236070,9.7954709238,0.0033090539,-0.0026626513,-0.1744310552,0.0008551323,-0.0013232551
558361.6700236070,9.7959298044,0.0039208291,-0.0022086492,-0.1744853384,0.0008334311,-0.0013232551
558361.6800236070,9.7954709811,0.0039190227,-0.0023573527,-0.1745830480,0.0008442817,-0.0013341027
558361.6900236070,9.7960822532,0.0030065012,-0.0026678657,-0.1745830480,0.0008334311,-0.0013015599
558361.7000236070,9.7951573244,0.0033082894,-0.0037276821,-0.1745504781,0.0008442817,-0.0013232551
558361.7100236070,9.7951664775,0.0034602608,-0.0025075343,-0.1745830480,0.0008334311,-0.0013341027
558361.7200236070,9.7956312786,0.0022417824,-0.0022068790,-0.1745396215,0.0008334311,-0.0013015599
558361.7300236070,9.7957754273,0.0037678158,-0.0025124697,-0.1745070516,0.0008334311,-0.0013232551
558361.7400236070,9.7959248730,0.0033111380,-0.0031239868,-0.1745070516,0.0008334311,-0.0013341027
558361.7500236070,9.7951567582,0.0037658007,-0.0035749631,-0.1744961950,0.0008225805,-0.0013124075
558361.7600236071,9.7956308271,0.0039192313,-0.0014435629,-0.1744961950,0.0008659829,-0.0013124075
558361.7700236070,9.7951749784,0.0031547904,-0.0015926153,-0.1744310552,0.0008225805,-0.0013449503
558361.7800236070,9.7953183315,0.0026984598,-0.0029666811,-0.1744527685,0.0008442817,-0.0013124075
558361.7900236070,9.7951476624,0.0042237981,-0.0044898124,-0.1744527685,0.0008334311,-0.0013124075
558361.8000236070,9.7953172277,0.0039184669,-0.0025085938,-0.1745179083,0.0008442817,-0.0013124075
558361.8100236070,9.7954867070,0.0026981824,-0.0009853230,-0.1745830480,0.0008334311,-0.0013015599
558361.8200236070,9.7956307411,0.0030042782,-0.0019015107,-0.1745830480,0.0008334311,-0.0013341027
558361.8300236070,9.7960592450,0.0045327425,-0.0048023048,-0.1745721914,0.0008225805,-0.0013774931
558361.8400236070,9.7951585429,0.0033082200,-0.0035751724,-0.1745504781,0.0008876842,-0.0013124075
558361.8500236070,9.7950261277,0.0034589412,-0.0009811680,-0.1744636251,0.0008334311,-0.0013124075
558361.8600236070,9.7954831088,0.0033083595,-0.0011375537,-0.1744961950,0.0008117298,-0.0013341027
558361.8700236070,9.7954587674,0.0036147327,-0.0040350996,-0.1744853384,0.0008225805,-0.0013124075
558361.8800236071,9.7957565262,0.0036163999,-0.0049526956,-0.1744853384,0.0008551323,-0.0013124075
558361.8900236069,9.7950176555,0.0040693960,-0.0017434377,-0.1744527685,0.0008334311,-0.0013449503
558361.9000236070,9.7951841029,0.0030017774,-0.0005251167,-0.1744853384,0.0008334311,-0.0013015599
558361.9100236070,9.7954721136,0.0030040001,-0.0026627908,-0.1743767721,0.0008334311,-0.0013124075
558361.9200236070,9.7956051811,0.0033107207,-0.0049515664,-0.1743442022,0.0008442817,-0.0013232551
558361.9300236070,9.7959242781,0.0034636650,-0.0031239170,-0.1743659154,0.0008551323,-0.0013341027
558361.9400236070,9.7951793149,0.0039170083,-0.0006772079,-0.1744636251,0.0008334311,-0.0013124075
558361.9500236070,9.7951731650,0.0033073867,-0.0017450553,-0.1744961950,0.0008008792,-0.0013232551
558361.9600236070,9.7953116154,0.0025463495,-0.0038818094,-0.1745504781,0.0008551323,-0.0013341027
558361.9700236070,9.7957669551,0.0043782706,-0.0032747395,-0.1745939047,0.0008334311,-0.0013232551
558361.9800236070,9.7950183364,0.0048318223,-0.0012855597,-0.1745939047,0.0008442817,-0.0013232551
558361.9900236070,9.7951761396,0.0025447521,-0.0017454040,-0.1745287649,0.0008334311,-0.0013124075
558362.0000236070,9.7960834431,0.0027014473,-0.0026680053,-0.1745287649,0.0008442817,-0.0013232551
558362.0100236071,9.7953063185,0.0045290606,-0.0035758830,-0.1747784674,0.0008442817,-0.0013232551
558362.0200236070,9.7951767632,0.0026972096,-0.0015928245,-0.1745070516,0.0008334311,-0.0013124075
558362.0300236070,9.7950218199,0.0030017076,-0.0017439260,-0.1744419119,0.0008334311,-0.0013341027
558362.0400236070,9.7953142531,0.0046811014,-0.0025082450,-0.1744527685,0.0008117298,-0.0013557979
558362.0500236070,9.7951676961,0.0034601914,-0.0023550245,-0.1744527685,0.0008225805,-0.0012907123
558362.0600236070,9.7956258670,0.0030045559,-0.0025115498,-0.1744527685,0.0008659829,-0.0013015599
558362.0700236070,9.7954684581,0.0030042084,-0.0031203201,-0.1744310552,0.0008225805,-0.0013557979
558362.0800236070,9.7953232342,0.0030031665,-0.0022039928,-0.1745287649,0.0008442817,-0.0013015599
558362.0900236070,9.7947047084,0.0045260734,-0.0025032398,-0.1745721914,0.0008334311,-0.0013124075
558362.1000236070,9.7956302035,0.0037667739,-0.0015961424,-0.1745830480,0.0008334311,-0.0013341027
558362.1100236070,9.7954727085,0.0028514732,-0.0026628605,-0.1745504781,0.0008117298,-0.0013232551
558362.1200236070,9.7948607841,0.0033065528,-0.0026575763,-0.1745179083,0.0008442817,-0.0013015599
558362.1300236071,9.7951622845,0.0042229649,-0.0026596953,-0.1745287649,0.0008442817,-0.0013341027
558362.1400236069,9.7957851181,0.0031572915,-0.0015976902,-0.1745070516,0.0008225805,-0.0013015599
558362.1500236070,9.7953232916,0.0036131353,-0.0018986942,-0.1745070516,0.0008442817,-0.0013124075
558362.1600236070,9.7956253008,0.0034620672,-0.0023588307,-0.1745070516,0.0008225805,-0.0013449503
558362.1700236070,9.7948547490,0.0039168688,-0.0031148266,-0.1744636251,0.0008334311,-0.0013124075
558362.1800236070,9.7951707853,0.0039174944,-0.0017447762,-0.1744310552,0.0008334311,-0.0013124075
558362.1900236070,9.7956380234,0.0026988771,-0.0011391015,-0.1743984853,0.0008225805,-0.0013341027
558362.2000236070,9.7953208546,0.0036132741,-0.0022037138,-0.1744419119,0.0008334311,-0.0013341027
558362.2100236070,9.7947010816,0.0048312661,-0.0028081198,-0.1745287649,0.0008334311,-0.0013124075
558362.2200236070,9.7954715187,0.0031565270,-0.0026627210,-0.1745070516,0.0008551323,-0.0013124075
558362.2300236070,9.7954878395,0.0017831598,-0.0012907610,-0.1745396215,0.0008225805,-0.0013124075
558362.2400236070,9.7956223549,0.0045296862,-0.0022058327,-0.1745287649,0.0008334311,-0.0013449503
558362.2500236070,9.7954606955,0.0046820739,-0.0032720625,-0.1745504781,0.0008117298,-0.0013015599
558362.2600236071,9.7950187593,0.0028493890,-0.0022015251,-0.1745396215,0.0008334311,-0.0012907123
558362.2700236070,9.7951731077,0.0026974179,-0.0020503538,-0.1745287649,0.0008334311,-0.0013232551
558362.2800236070,9.7957839569,0.0037673297,-0.0014449014,-0.1745504781,0.0008442817,-0.0013557979
558362.2900236070,9.7950049329,0.0048325861,-0.0029631670,-0.1744636251,0.0008334311,-0.0013015599
558362.3000236070,9.7951659113,0.0039177721,-0.0023548153,-0.1745070516,0.0008225805,-0.0013232551
558362.3100236070,9.7950175121,0.0025444740,-0.0025066841,-0.1744527685,0.0008334311,-0.0013449503
558362.3200236070,9.7954879255,0.0026981130,-0.0008328132,-0.1744636251,0.0008551323,-0.0012907123
558362.3300236070,9.7954716907,0.0049864334,-0.0017468254,-0.1744201986,0.0008117298,-0.0013124075
558362.3400236070,9.7950114770,0.0031547900,-0.0029639343,-0.1744201986,0.0008442817,-0.0013232551
558362.3500236070,9.7953140237,0.0022412263,-0.0037294391,-0.1744636251,0.0008225805,-0.0012907123
558362.3600236070,9.7945624304,0.0034574125,-0.0017399106,-0.1744310552,0.0008442817,-0.0013449503
558362.3700236080,9.7962416190,0.0043791743,-0.0011434091,-0.1745179083,0.0008225805,-0.0013341027
558362.3800236080,9.7951659113,0.0039177721,-0.0023548153,-0.1744853384,0.0008117298,-0.0012690172
558362.3900236080,9.7950120432,0.0026972787,-0.0031166534,-0.1745721914,0.0008225805,-0.0013124075
558362.4000236080,9.7953183315,0.0026984598,-0.0029666811,-0.1745939047,0.0008659829,-0.0013341027
558362.4100236080,9.7957851754,0.0037672603,-0.0012923917,-0.1745721914,0.0008225805,-0.0013124075
558362.4200236080,9.7957780077,0.0052925989,-0.0014442039,-0.1745939047,0.0008442817,-0.0013015599
558362.4300236080,9.7951694808,0.0030026106,-0.0023552338,-0.1744961950,0.0008117298,-0.0013232551
558362.4400236080,9.7943993805,0.0017799633,-0.0038745457,-0.1744636251,0.0008442817,-0.0013232551
558362.4500236080,9.7962337130,0.0045321179,-0.0020583979,-0.1744201986,0.0008442817,-0.0013124075
558362.4600236079,9.7950189600,0.0049842798,-0.0011329802,-0.1744201986,0.0008334311,-0.0013124075
558362.4700236080,9.7951719178,0.0030024718,-0.0020502143,-0.1744201986,0.0008225805,-0.0012907123
558362.4800236080,9.7950089252,0.0019349913,-0.0038795509,-0.1744527685,0.0008334311,-0.0013232551
558362.4900236080,9.7956198318,0.0036148719,-0.0029688000,-0.1744527685,0.0008117298,-0.0013883407
558362.5000236080,9.7948773057,0.0040680764,-0.0002170714,-0.1744636251,0.0008442817,-0.0012690172
558362.5100236080,9.7951805047,0.0036119545,-0.0006773474,-0.1744636251,0.0008334311,-0.0012907123
558362.5200236080,9.7947142557,0.0023906271,-0.0023517066,-0.1744853384,0.0008225805,-0.0013449503
558362.5300236080,9.7954647739,0.0026994323,-0.0037304986,-0.1745287649,0.0008442817,-0.0013015599
558362.5400236080,9.7951648075,0.0051377792,-0.0018967279,-0.1745504781,0.0008442817,-0.0012907123
558362.5500236080,9.7957882360,0.0039195789,-0.0008347926,-0.1744961950,0.0008225805,-0.0013341027
558362.5600236080,9.7954787724,0.0025461416,-0.0020529610,-0.1744636251,0.0008225805,-0.0013124075
558362.5700236080,9.7953177366,0.0028509868,-0.0029666113,-0.1744853384,0.0008225805,-0.0013232551
558362.5800236081,9.7953147620,0.0036136213,-0.0029662625,-0.1744201986,0.0008225805,-0.0013341027
558362.5900236079,9.7951605284,0.0049855300,-0.0025068367,-0.1744961950,0.0008442817,-0.0013015599
558362.6000236080,9.7953318211,0.0036126492,-0.0008311259,-0.1744636251,0.0008334311,-0.0012907123
558362.6100236080,9.7956349628,0.0025465585,-0.0015967005,-0.1745179083,0.0008008792,-0.0013449503
558362.6200236080,9.7953158945,0.0026985987,-0.0032717006,-0.1745070516,0.0008442817,-0.0013449503
558362.6300236080,9.7954680352,0.0049866417,-0.0022043547,-0.1745396215,0.0008225805,-0.0013124075
558362.6400236080,9.7948711558,0.0034584548,-0.0012849188,-0.1745070516,0.0008334311,-0.0013015599
558362.6500236080,9.7954837038,0.0031558326,-0.0011376235,-0.1745070516,0.0008225805,-0.0013232551
558362.6600236080,9.7951640119,0.0031554153,-0.0029652031,-0.1745939047,0.0008225805,-0.0013232551
558362.6700236080,9.7954655122,0.0040718274,-0.0029673220,-0.1746047613,0.0008442817,-0.0013015599
558362.6800236080,9.7957845805,0.0039197872,-0.0012923219,-0.1745721914,0.0008551323,-0.0013232551
558362.6900236080,9.7956428688,0.0023936150,-0.0006817117,-0.1745504781,0.0008225805,-0.0013015599
558362.7000236080,9.7953238865,0.0034606084,-0.0018987640,-0.1744853384,0.0008225805,-0.0013232551
558362.7100236079,9.7950085024,0.0039174246,-0.0029635856,-0.1744310552,0.0007791780,-0.0013341027
558362.7200236080,9.7956294939,0.0026993632,-0.0022066698,-0.1743659154,0.0008442817,-0.0013015599
558362.7300236080,9.7960884318,0.0039211072,-0.0014473691,-0.1744201986,0.0008334311,-0.0013232551
558362.7400236080,9.7956308844,0.0045292001,-0.0011382644,-0.1744527685,0.0008225805,-0.0013341027
558362.7500236080,9.7950176268,0.0037644116,-0.0018960870,-0.1744961950,0.0008117298,-0.0013015599
558362.7600236080,9.7945538436,0.0028479298,-0.0031127774,-0.1744853384,0.0008225805,-0.0013124075
558362.7700236080,9.7948674142,0.0025437099,-0.0022003958,-0.1744527685,0.0008225805,-0.0013449503
558362.7800236080,9.7953330109,0.0033075954,-0.0008312654,-0.1744636251,0.0008442817,-0.0013015599
558362.7900236080,9.7956247919,0.0045295473,-0.0019008132,-0.1744853384,0.0008117298,-0.0013124075
558362.8000236080,9.7954714613,0.0025465582,-0.0029680196,-0.1745070516,0.0008442817,-0.0013124075
558362.8100236080,9.7954684294,0.0026992240,-0.0032729693,-0.1745504781,0.0008334311,-0.0013232551
558362.8200236080,9.7959359256,0.0042254663,-0.0012934511,-0.1745721914,0.0008551323,-0.0013341027
558362.8300236081,9.7954794820,0.0036135522,-0.0014424337,-0.1745396215,0.0008117298,-0.0013124075
558362.8400236079,9.7954733608,0.0033089150,-0.0023576318,-0.1745179083,0.0008334311,-0.0013124075
558362.8500236080,9.7953184175,0.0036134130,-0.0025087333,-0.1745179083,0.0008117298,-0.0013124075
558362.8600236080,9.7953213634,0.0025457940,-0.0026617313,-0.1744636251,0.0008442817,-0.0013232551
558362.8700236080,9.7951763116,0.0043746585,-0.0008295084,-0.1744853384,0.0008225805,-0.0013124075
558362.8800236080,9.7954813241,0.0037659403,-0.0011373444,-0.1744636251,0.0008334311,-0.0013232551
558362.8900236080,9.7948650346,0.0031538176,-0.0022001168,-0.1744527685,0.0008225805,-0.0013124075
558362.9000236080,9.7953159805,0.0036135519,-0.0028137528,-0.1744853384,0.0008225805,-0.0013341027
558362.9100236080,9.7957797065,0.0039200649,-0.0019023609,-0.1744961950,0.0008334311,-0.0013232551
558362.9200236080,9.7951744122,0.0036123017,-0.0014398962,-0.1744961950,0.0008225805,-0.0012907123
558362.9300236080,9.7951743835,0.0033073173,-0.0015925455,-0.1744961950,0.0008225805,-0.0013232551
558362.9400236080,9.7947142271,0.0020856427,-0.0025043559,-0.1744961950,0.0008225805,-0.0013232551
558362.9500236080,9.7954691390,0.0037666347,-0.0026624420,-0.1745396215,0.0008225805,-0.0013232551
558362.9600236079,9.7957815772,0.0043774374,-0.0014446224,-0.1745396215,0.0008442817,-0.0013124075
558362.9700236080,9.7956295512,0.0033093320,-0.0019013712,-0.1745287649,0.0008117298,-0.0013124075
558362.9800236080,9.7948680952,0.0033061362,-0.0017425178,-0.1744853384,0.0008442817,-0.0013124075
558362.9900236080,9.7953195500,0.0026983904,-0.0028141713,-0.1744853384,0.0008117298,-0.0013124075
558363.0000236080,9.7950145949,0.0039170774,-0.0022010368,-0.1744636251,0.0008334311,-0.0013232551
558363.0100236080,9.7959334599,0.0039206208,-0.0017511199,-0.1747567541,0.0008334311,-0.0013015599
558363.0200236080,9.7951816372,0.0026969319,-0.0009827855,-0.1744310552,0.0008117298,-0.0013341027
558363.0300236080,9.7947167214,0.0026954727,-0.0018940378,-0.1745070516,0.0008008792,-0.0013232551
558363.0400236080,9.7957753700,0.0031578470,-0.0028177683,-0.1745179083,0.0008442817,-0.0013015599
558363.0500236080,9.7956187567,0.0051398633,-0.0023580634,-0.1744961950,0.0008334311,-0.0013232551
558363.0600236080,9.7954818617,0.0030034446,-0.0014427127,-0.1745179083,0.0008334311,-0.0013124075
558363.0700236080,9.7953274560,0.0025454468,-0.0018991825,-0.1745287649,0.0008225805,-0.0013015599
558363.0800236081,9.7950163797,0.0034594967,-0.0022012460,-0.1745396215,0.0008334311,-0.0013232551
558363.0900236079,9.7960804685,0.0034640819,-0.0026676565,-0.1745287649,0.0008225805,-0.0013449503
558363.1000236080,9.7960909262,0.0045309371,-0.0008370511,-0.1745504781,0.0008442817,-0.0013015599
558363.1100236080,9.7954812954,0.0034609559,-0.0012899937,-0.1745179083,0.0008117298,-0.0013232551
558363.1200236080,9.7948692563,0.0026960979,-0.0018953066,-0.1744636251,0.0008225805,-0.0013015599
558363.1300236080,9.7954721423,0.0033089845,-0.0025101415,-0.1744310552,0.0008225805,-0.0013015599
558363.1400236080,9.7951774441,0.0034596359,-0.0011349465,-0.1744527685,0.0008334311,-0.0013341027
558363.1500236080,9.7951738173,0.0037648286,-0.0014398265,-0.1744853384,0.0008225805,-0.0013341027
558363.1600236080,9.7950230384,0.0030016382,-0.0015914163,-0.1744093420,0.0008225805,-0.0013015599
558363.1700236080,9.7948589707,0.0034591491,-0.0028100163,-0.1743767721,0.0008117298,-0.0013232551
558363.1800236080,9.7963946054,0.0027023507,-0.0019079939,-0.1743767721,0.0008551323,-0.0013124075
558363.1900236080,9.7954837611,0.0037658014,-0.0008323249,-0.1744310552,0.0008225805,-0.0013124075
558363.2000236080,9.7956296086,0.0039193008,-0.0015960727,-0.1744853384,0.0008225805,-0.0013015599
558363.2100236079,9.7954727372,0.0031564575,-0.0025102113,-0.1745396215,0.0008225805,-0.0013124075
558363.2200236080,9.7953225533,0.0022407402,-0.0026618708,-0.1745396215,0.0008442817,-0.0013124075
558363.2300236080,9.7959353020,0.0040730088,-0.0014460306,-0.1745504781,0.0008225805,-0.0013341027
558363.2400236080,9.7956278525,0.0046818659,-0.0014432141,-0.1745830480,0.0008225805,-0.0013124075
558363.2500236080,9.7957863079,0.0028522376,-0.0015978297,-0.1745179083,0.0007791780,-0.0012907123
558363.2600236080,9.7957753987,0.0034628314,-0.0026651190,-0.1745070516,0.0008442817,-0.0013232551
558363.2700236080,9.7951707567,0.0036125100,-0.0018974255,-0.1744961950,0.0008334311,-0.0013449503
558363.2800236080,9.7948699373,0.0034585242,-0.0014374285,-0.1744853384,0.0008551323,-0.0012907123
558363.2900236080,9.7960835578,0.0039213849,-0.0020574082,-0.1744527685,0.0008117298,-0.0013124075
558363.3000236080,9.7948710984,0.0028484860,-0.0015902173,-0.1744419119,0.0008225805,-0.0013232551
558363.3100236080,9.7954824279,0.0025459333,-0.0015954318,-0.1743659154,0.0008442817,-0.0012690172
558363.3200236080,9.7960848050,0.0042262999,-0.0017522491,-0.1744093420,0.0008225805,-0.0013341027
558363.3300236081,9.7948632498,0.0036113983,-0.0021999075,-0.1744527685,0.0008225805,-0.0013124075
558363.3400236079,9.7948716647,0.0023909747,-0.0017429363,-0.1745070516,0.0008334311,-0.0012690172
558363.3500236080,9.7953263522,0.0037654539,-0.0014410952,-0.1745721914,0.0008225805,-0.0013341027
558363.3600236080,9.7951706993,0.0030025412,-0.0022027240,-0.1745287649,0.0008442817,-0.0013449503
558363.3700236080,9.7956277665,0.0037669127,-0.0019011620,-0.1745504781,0.0008225805,-0.0012907123
558363.3800236080,9.7954788584,0.0034610948,-0.0015950132,-0.1745287649,0.0008334311,-0.0013015599
558363.3900236080,9.7950242569,0.0030015687,-0.0014389065,-0.1745396215,0.0007900286,-0.0013232551
558363.4000236080,9.7954757978,0.0033087762,-0.0020526122,-0.1745179083,0.0008442817,-0.0013124075
558363.4100236080,9.7953245387,0.0039180502,-0.0015935352,-0.1744853384,0.0008008792,-0.0013232551
558363.4200236080,9.7959358969,0.0039204819,-0.0014461004,-0.1744527685,0.0008334311,-0.0013232551
558363.4300236080,9.7954769876,0.0030037223,-0.0020527518,-0.1744310552,0.0008117298,-0.0013015599
558363.4400236090,9.7956319596,0.0030042087,-0.0017490010,-0.1744201986,0.0008225805,-0.0013124075
558363.4500236090,9.7956308271,0.0039192313,-0.0014435629,-0.1744201986,0.0008334311,-0.0013124075
558363.4600236090,9.7951708140,0.0042224788,-0.0015921270,-0.1744853384,0.0008334311,-0.0012907123
558363.4700236090,9.7948607841,0.0033065528,-0.0026575763,-0.1745504781,0.0008008792,-0.0012690172
558363.4800236090,9.7954733034,0.0026989462,-0.0026629303,-0.1745830480,0.0008334311,-0.0013232551
558363.4900236090,9.7956404604,0.0026987383,-0.0008340819,-0.1745721914,0.0008008792,-0.0013124075
558363.5000236090,9.7953257286,0.0036129964,-0.0015936747,-0.1745396215,0.0008334311,-0.0013015599
558363.5100236090,9.7953178226,0.0037659399,-0.0025086635,-0.1745287649,0.0008117298,-0.0012907123
558363.5200236090,9.7945617782,0.0029999707,-0.0020451393,-0.1744961950,0.0008442817,-0.0013015599
558363.5300236091,9.7950340050,0.0030010132,-0.0002188285,-0.1745287649,0.0008117298,-0.0013124075
558363.5400236089,9.7950200925,0.0040692572,-0.0014384182,-0.1745179083,0.0008334311,-0.0013232551
558363.5500236090,9.7957845231,0.0033098184,-0.0015976204,-0.1744527685,0.0008225805,-0.0013232551
558363.5600236090,9.7951700757,0.0028500837,-0.0023553036,-0.1744527685,0.0008117298,-0.0013232551
558363.5700236090,9.7950157561,0.0033070392,-0.0023538256,-0.1744419119,0.0008225805,-0.0013015599
558363.5800236090,9.7948724316,0.0040683541,-0.0008271105,-0.1744201986,0.0008117298,-0.0012907123
558363.5900236090,9.7959394090,0.0023953516,-0.0017518175,-0.1744201986,0.0008117298,-0.0012690172
558363.6000236090,9.7957789682,0.0025476699,-0.0026655375,-0.1744527685,0.0008442817,-0.0013341027
558363.6100236090,9.7948608702,0.0042215060,-0.0021996285,-0.1745070516,0.0008117298,-0.0013341027
558363.6200236090,9.7960859948,0.0039212461,-0.0017523887,-0.1745287649,0.0008334311,-0.0012690172
558363.6300236090,9.7951750071,0.0034597748,-0.0014399660,-0.1745830480,0.0008117298,-0.0013232551
558363.6400236090,9.7953231769,0.0023931977,-0.0025092913,-0.1745504781,0.0008225805,-0.0013124075
558363.6500236091,9.7947046224,0.0036111202,-0.0029611876,-0.1745070516,0.0008225805,-0.0013015599
558363.6600236089,9.7954771023,0.0042236599,-0.0014421547,-0.1745070516,0.0008334311,-0.0013015599
558363.6700236090,9.7954793960,0.0026985990,-0.0019003815,-0.1744419119,0.0008117298,-0.0013124075
558363.6800236090,9.7960944383,0.0030058068,-0.0011427682,-0.1745179083,0.0008334311,-0.0013341027
558363.6900236090,9.7956362960,0.0037664267,-0.0008335937,-0.1744961950,0.0008008792,-0.0013341027
558363.7000236090,9.7956241970,0.0046820742,-0.0019007434,-0.1745179083,0.0008225805,-0.0013015599
558363.7100236090,9.7948656295,0.0030012906,-0.0022001866,-0.1745179083,0.0008225805,-0.0012907123
558363.7200236090,9.7954903052,0.0020880053,-0.0008330922,-0.1744636251,0.0008334311,-0.0013232551
558363.7300236090,9.7956259244,0.0036145247,-0.0022062512,-0.1744093420,0.0008117298,-0.0013015599
558363.7400236090,9.7956271716,0.0039194397,-0.0019010922,-0.1744093420,0.0008334311,-0.0013124075
558363.7500236090,9.7956326118,0.0034616506,-0.0014437722,-0.1744527685,0.0008225805,-0.0013015599
558363.7600236090,9.7956398082,0.0022412964,-0.0011393107,-0.1745070516,0.0008225805,-0.0013015599
558363.7700236090,9.7956362387,0.0031564579,-0.0011388922,-0.1745179083,0.0008008792,-0.0013232551
558363.7800236091,9.7953221017,0.0039181891,-0.0018985547,-0.1745396215,0.0008334311,-0.0013015599
558363.7900236089,9.7954757691,0.0030037918,-0.0022052615,-0.1745396215,0.0008334311,-0.0012907123
558363.8000236090,9.7957838709,0.0028523765,-0.0019028492,-0.1745504781,0.0008442817,-0.0013124075
558363.8100236090,9.7957894258,0.0036145250,-0.0008349321,-0.1744853384,0.0008225805,-0.0013341027
558363.8200236090,9.7954801056,0.0037660097,-0.0012898542,-0.1744853384,0.0008334311,-0.0013015599
558363.8300236090,9.7950176555,0.0040693960,-0.0017434377,-0.1744527685,0.0008008792,-0.0013232551
558363.8400236090,9.7947209432,0.0022377530,-0.0015892276,-0.1744419119,0.0008225805,-0.0013124075
558363.8500236090,9.7956434637,0.0022410881,-0.0006817815,-0.1744310552,0.0008442817,-0.0013124075
558363.8600236090,9.7962470592,0.0039213853,-0.0006860891,-0.1744527685,0.0008008792,-0.0013015599
558363.8700236090,9.7951768205,0.0033071784,-0.0012875260,-0.1744853384,0.0008117298,-0.0013124075
558363.8800236090,9.7950090686,0.0034599133,-0.0031163046,-0.1744853384,0.0008225805,-0.0012907123
558363.8900236090,9.7954806145,0.0026985296,-0.0017478718,-0.1745070516,0.0008117298,-0.0013341027
558363.9000236091,9.7954831375,0.0036133439,-0.0009849044,-0.1744961950,0.0008225805,-0.0013232551
558363.9100236089,9.7957834480,0.0048348098,-0.0009868839,-0.1744853384,0.0008008792,-0.0012690172
558363.9200236090,9.7963879466,0.0031602092,-0.0025178237,-0.1744961950,0.0008442817,-0.0013015599
558363.9300236090,9.7945665088,0.0014747709,-0.0021983467,-0.1744961950,0.0008117298,-0.0013124075
558363.9400236090,9.7950315393,0.0026961677,-0.0006764972,-0.1745179083,0.0008334311,-0.0013232551
558363.9500236090,9.7954759985,0.0054436669,-0.0009840674,-0.1744961950,0.0008225805,-0.0013124075
558363.9600236090,9.7954776399,0.0034611642,-0.0017475230,-0.1744961950,0.0008225805,-0.0013015599
558363.9700236090,9.7960895069,0.0023961158,-0.0020581057,-0.1744419119,0.0008117298,-0.0013015599
558363.9800236090,9.7962554741,0.0027009616,-0.0002291179,-0.1744310552,0.0008117298,-0.0013015599
558363.9900236090,9.7959402333,0.0046826999,-0.0005306931,-0.1744310552,0.0008117298,-0.0013015599
558364.0000236090,9.7951695955,0.0042225482,-0.0017446367,-0.1744527685,0.0008117298,-0.0013015599
558364.0100236090,9.7956251574,0.0019371452,-0.0031220771,-0.1747893240,0.0008334311,-0.0013015599
558364.0200236090,9.7957911532,0.0025469755,-0.0011404400,-0.1745070516,0.0008442817,-0.0013774931
558364.0300236091,9.7956399515,0.0037662184,-0.0003760644,-0.1745287649,0.0008117298,-0.0013124075
558364.0400236089,9.7957827671,0.0040723835,-0.0014447619,-0.1744527685,0.0008225805,-0.0012473220
558364.0500236090,9.7954781775,0.0026986685,-0.0020528913,-0.1745070516,0.0008117298,-0.0013232551
558364.0600236090,9.7954829655,0.0017834375,-0.0019008001,-0.1744961950,0.0008225805,-0.0013232551
558364.0700236090,9.7945722072,0.0037618414,-0.0003671832,-0.1745070516,0.0008225805,-0.0013124075
558364.0800236090,9.7948682099,0.0045260738,-0.0011319207,-0.1744853384,0.0008334311,-0.0013232551
558364.0900236090,9.7954824853,0.0031559020,-0.0012901332,-0.1744527685,0.0008008792,-0.0013015599
558364.1000236090,9.7950254181,0.0023915305,-0.0015916953,-0.1744419119,0.0008334311,-0.0012907123
558364.1100236090,9.7954800769,0.0034610253,-0.0014425035,-0.1744093420,0.0007791780,-0.0013124075
558364.1200236090,9.7956289850,0.0037668433,-0.0017486522,-0.1744310552,0.0008442817,-0.0012907123
558364.1300236090,9.7954812954,0.0034609559,-0.0012899937,-0.1744636251,0.0008225805,-0.0012690172
558364.1400236090,9.7953250476,0.0028505701,-0.0020515528,-0.1744853384,0.0008334311,-0.0013124075
558364.1500236091,9.7957844658,0.0026998496,-0.0019029190,-0.1745504781,0.0008225805,-0.0013341027
558364.1600236089,9.7950207448,0.0045266990,-0.0011331894,-0.1745287649,0.0008225805,-0.0013015599
558364.1700236090,9.7957887736,0.0031570832,-0.0011401609,-0.1745179083,0.0008334311,-0.0012690172
558364.1800236090,9.7959437168,0.0028525852,-0.0009890594,-0.1744961950,0.0008334311,-0.0013232551
558364.1900236090,9.7951756307,0.0036122322,-0.0012873865,-0.1745179083,0.0008117298,-0.0013015599
558364.2000236090,9.7947138042,0.0040680760,-0.0015883905,-0.1745396215,0.0008334311,-0.0013015599
558364.2100236090,9.7951822608,0.0028493893,-0.0008302060,-0.1745179083,0.0008117298,-0.0013232551
558364.2200236090,9.7948771050,0.0019331856,-0.0012856163,-0.1745070516,0.0008334311,-0.0013015599
558364.2300236090,9.7948681239,0.0036111206,-0.0015898685,-0.1745179083,0.0007791780,-0.0013232551
558364.2400236090,9.7954837611,0.0037658014,-0.0008323249,-0.1745179083,0.0008225805,-0.0013015599
558364.2500236090,9.7956343679,0.0026990854,-0.0015966307,-0.1744419119,0.0008117298,-0.0012690172
558364.2600236090,9.7953275707,0.0037653844,-0.0012885855,-0.1744636251,0.0008442817,-0.0013015599
558364.2700236090,9.7957936476,0.0031568054,-0.0005301219,-0.1744419119,0.0008008792,-0.0013232551
558364.2800236091,9.7945750957,0.0020842536,-0.0008254798,-0.1744310552,0.0008225805,-0.0012690172
558364.2900236089,9.7960810634,0.0033115550,-0.0026677262,-0.1744419119,0.0008008792,-0.0013341027
558364.3000236090,9.7954788871,0.0037660791,-0.0014423639,-0.1744636251,0.0008117298,-0.0013341027
558364.3100236090,9.7956435210,0.0028510569,-0.0003764829,-0.1745287649,0.0008008792,-0.0012581696
558364.3200236090,9.7953300077,0.0037652456,-0.0009835659,-0.1745721914,0.0008008792,-0.0013232551
558364.3300236090,9.7956276518,0.0025469752,-0.0025117590,-0.1745504781,0.0008117298,-0.0013341027
558364.3400236090,9.7954812381,0.0028509871,-0.0015952922,-0.1745504781,0.0008551323,-0.0012690172
558364.3500236090,9.7948767108,0.0042206033,-0.0002170017,-0.1745830480,0.0008008792,-0.0013232551
558364.3600236090,9.7956434637,0.0022410881,-0.0006817815,-0.1745939047,0.0008225805,-0.0013124075
558364.3700236090,9.7954805858,0.0023935452,-0.0019005210,-0.1745179083,0.0008117298,-0.0012907123
558364.3800236090,9.7959309368,0.0030058065,-0.0025140872,-0.1745070516,0.0008225805,-0.0013015599
558364.3900236090,9.7957930814,0.0036143167,-0.0003774029,-0.1744636251,0.0008117298,-0.0013124075
558364.4000236091,9.7956393566,0.0039187453,-0.0003759946,-0.1744419119,0.0008225805,-0.0012907123
558364.4100236089,9.7951724841,0.0025449604,-0.0022029333,-0.1744527685,0.0008117298,-0.0013124075
558364.4200236090,9.7953353619,0.0023925033,-0.0009841937,-0.1744527685,0.0008225805,-0.0013015599
558364.4300236090,9.7950212824,0.0037642033,-0.0014385577,-0.1745070516,0.0008117298,-0.0013015599
558364.4400236090,9.7956283901,0.0039193702,-0.0017485824,-0.1745070516,0.0008225805,-0.0013124075
558364.4500236090,9.7954806432,0.0030035140,-0.0015952225,-0.1745070516,0.0008225805,-0.0012690172
558364.4600236090,9.7953275133,0.0031554156,-0.0015938840,-0.1745287649,0.0008334311,-0.0013232551
558364.4700236090,9.7956350775,0.0037664961,-0.0009861034,-0.1747241842,0.0008008792,-0.0013124075
558364.4800236090,9.7953323874,0.0031551379,-0.0009838450,-0.1747241842,0.0008117298,-0.0013015599
558364.4900236090,9.7954769590,0.0026987379,-0.0022054010,-0.1746156179,0.0008225805,-0.0013015599
558364.5000236090,9.7947185635,0.0028478607,-0.0015889486,-0.1745504781,0.0008225805,-0.0013124075
558364.5100236100,9.7953372614,0.0031548601,-0.0003738059,-0.1745179083,0.0008117298,-0.0012690172
558364.5200236100,9.7951816945,0.0033069007,-0.0006774870,-0.1744853384,0.0008008792,-0.0013015599
558364.5300236100,9.7959388715,0.0031578473,-0.0014464492,-0.1744961950,0.0008225805,-0.0013232551
558364.5400236100,9.7960962804,0.0031581948,-0.0008376789,-0.1744419119,0.0008334311,-0.0012907123
558364.5500236100,9.7947259893,0.0040673817,-0.0000632929,-0.1744961950,0.0007791780,-0.0013124075
558364.5600236100,9.7956379661,0.0020889083,-0.0014444000,-0.1744636251,0.0008225805,-0.0013124075
558364.5700236100,9.7948716360,0.0020859903,-0.0018955856,-0.1744310552,0.0008008792,-0.0012690172
558364.5800236100,9.7959407996,0.0042251885,-0.0006834121,-0.1744853384,0.0008225805,-0.0012907123
558364.5900236100,9.7956392706,0.0030037921,-0.0008339424,-0.1744853384,0.0008008792,-0.0013124075
558364.6000236101,9.7951870775,0.0022391428,-0.0005254655,-0.1745504781,0.0008225805,-0.0012690172
558364.6100236099,9.7953281369,0.0033078731,-0.0014413045,-0.1745287649,0.0008008792,-0.0013449503
558364.6200236100,9.7953256712,0.0030030276,-0.0018989733,-0.1745721914,0.0008334311,-0.0013232551
558364.6300236100,9.7956392706,0.0030037921,-0.0008339424,-0.1745287649,0.0008117298,-0.0012581696
558364.6400236100,9.7954861981,0.0037656625,-0.0005273054,-0.1744853384,0.0008008792,-0.0013124075
558364.6500236100,9.7951858016,0.0016292434,-0.0009832738,-0.1744853384,0.0008008792,-0.0013124075
558364.6600236100,9.7954745219,0.0026988768,-0.0025104205,-0.1744310552,0.0008551323,-0.0012907123
558364.6700236100,9.7959378537,0.0052928075,-0.0005304140,-0.1744636251,0.0008117298,-0.0013124075
558364.6800236100,9.7953426730,0.0023920867,-0.0000691352,-0.1745070516,0.0008117298,-0.0012907123
558364.6900236100,9.7956379087,0.0014789395,-0.0017496985,-0.1744853384,0.0008117298,-0.0013015599
558364.7000236100,9.7951732223,0.0039173555,-0.0014397567,-0.1745179083,0.0008225805,-0.0013232551
558364.7100236100,9.7951737312,0.0028498754,-0.0018977743,-0.1744636251,0.0008225805,-0.0012690172
558364.7200236100,9.7965569744,0.0036173737,-0.0002312368,-0.1745287649,0.0008117298,-0.0012581696
558364.7300236101,9.7953402073,0.0020872412,-0.0005268040,-0.1745179083,0.0008117298,-0.0013341027
558364.7400236099,9.7953328963,0.0020876578,-0.0014418625,-0.1745396215,0.0008334311,-0.0013015599
558364.7500236100,9.7953209119,0.0042232429,-0.0018984152,-0.1745287649,0.0008117298,-0.0012907123
558364.7600236100,9.7956399229,0.0034612340,-0.0005287136,-0.1744853384,0.0008334311,-0.0013015599
558364.7700236100,9.7951901381,0.0023914614,-0.0000678665,-0.1745287649,0.0008008792,-0.0013015599
558364.7800236100,9.7954860834,0.0025457249,-0.0011379025,-0.1744961950,0.0008008792,-0.0013015599
558364.7900236100,9.7950157847,0.0036120236,-0.0022011763,-0.1745070516,0.0008117298,-0.0013232551
558364.8000236100,9.7956392993,0.0033087765,-0.0006812932,-0.1744636251,0.0008225805,-0.0012907123
558364.8100236100,9.7953420781,0.0025446136,-0.0000690654,-0.1744419119,0.0007791780,-0.0013124075
558364.8200236100,9.7954818903,0.0033084290,-0.0012900635,-0.1745070516,0.0008334311,-0.0013232551
558364.8300236100,9.7950175982,0.0034594272,-0.0020487363,-0.1744636251,0.0007683273,-0.0012907123
558364.8400236100,9.7951847265,0.0031542349,-0.0003725372,-0.1744419119,0.0008117298,-0.0012907123
558364.8500236101,9.7950273462,0.0034588717,-0.0008286582,-0.1744853384,0.0008008792,-0.0013015599
558364.8600236099,9.7963921684,0.0027024896,-0.0022130135,-0.1745070516,0.0008225805,-0.0013124075
558364.8700236100,9.7950236620,0.0031540957,-0.0014388368,-0.1744961950,0.0008117298,-0.0012907123
558364.8800236100,9.7950358184,0.0028484169,-0.0000663885,-0.1745287649,0.0008117298,-0.0013124075
558364.8900236100,9.7960980365,0.0023956297,-0.0009905374,-0.1744961950,0.0008334311,-0.0013015599
558364.9000236100,9.7953251337,0.0037655233,-0.0015936050,-0.1744527685,0.0008117298,-0.0013015599
558364.9100236100,9.7948686614,0.0028486249,-0.0018952368,-0.1745070516,0.0008117298,-0.0013015599
558364.9200236100,9.7950321342,0.0025436408,-0.0006765670,-0.1744527685,0.0008117298,-0.0012690172
558364.9300236100,9.7954977023,0.0030025419,0.0005399141,-0.1744636251,0.0008334311,-0.0013232551
558364.9400236100,9.7953299217,0.0028502924,-0.0014415137,-0.1744853384,0.0008117298,-0.0013015599
558364.9500236100,9.7953225533,0.0022407402,-0.0026618708,-0.1744527685,0.0008008792,-0.0013015599
558364.9600236100,9.7956362960,0.0037664267,-0.0008335937,-0.1744853384,0.0008334311,-0.0013124075
558364.9700236100,9.7955050133,0.0030021252,0.0014549727,-0.1744527685,0.0007791780,-0.0012581696
558364.9800236101,9.7954854598,0.0023932675,-0.0012904820,-0.1744093420,0.0008117298,-0.0012907123
558364.9900236099,9.7954666733,0.0034617891,-0.0031201108,-0.1744527685,0.0008117298,-0.0013557979
558365.0000236100,9.7954819190,0.0036134134,-0.0011374142,-0.1744961950,0.0008334311,-0.0012907123
558365.0100236100,9.7951884107,0.0034590109,0.0002376414,-0.1747893240,0.0007900286,-0.0012473220
558365.0200236100,9.7961016633,0.0020904370,-0.0006856574,-0.1744961950,0.0008008792,-0.0013232551
558365.0300236100,9.7959357248,0.0020905755,-0.0023619960,-0.1744961950,0.0008117298,-0.0013015599
558365.0400236100,9.7953221017,0.0039181891,-0.0018985547,-0.1744961950,0.0008225805,-0.0012690172
558365.0500236100,9.7950316253,0.0036111209,-0.0002185494,-0.1745396215,0.0008008792,-0.0013232551
558365.0600236100,9.7948910748,0.0014749105,0.0002392720,-0.1744853384,0.0008117298,-0.0012907123
558365.0700236100,9.7960865324,0.0031587503,-0.0020577570,-0.1745287649,0.0008008792,-0.0013015599
558365.0800236100,9.7951670725,0.0033077339,-0.0025076040,-0.1744961950,0.0008225805,-0.0013232551
558365.0900236100,9.7959486769,0.0037672606,0.0000789274,-0.1744961950,0.0008008792,-0.0012907123
558365.1000236101,9.7945939683,0.0019306852,0.0014620968,-0.1744853384,0.0008008792,-0.0012581696
558365.1100236099,9.7960920300,0.0033109301,-0.0012951384,-0.1744853384,0.0007791780,-0.0013232551
558365.1200236100,9.7954690817,0.0031566659,-0.0029677406,-0.1744310552,0.0008225805,-0.0013232551
558365.1300236100,9.7951805047,0.0036119545,-0.0006773474,-0.1743767721,0.0008117298,-0.0013015599
558365.1400236100,9.7950401262,0.0033056504,0.0006963696,-0.1745070516,0.0008117298,-0.0013232551
558365.1500236100,9.7953383652,0.0019348531,-0.0008318933,-0.1745396215,0.0007791780,-0.0013124075
558365.1600236100,9.7959345924,0.0030055981,-0.0020565580,-0.1745396215,0.0008117298,-0.0013015599
558365.1700236100,9.7954831088,0.0033083595,-0.0011375537,-0.1745179083,0.0008117298,-0.0012907123
558365.1800236100,9.7962591870,0.0033107221,0.0005337100,-0.1745179083,0.0008442817,-0.0013124075
558365.1900236100,9.7956538640,0.0026979744,0.0008435254,-0.1744961950,0.0007683273,-0.0013015599
558365.2000236100,9.7950174835,0.0022394897,-0.0026593334,-0.1744310552,0.0008334311,-0.0013124075
558365.2100236100,9.7945556856,0.0030003178,-0.0028076881,-0.1744419119,0.0008008792,-0.0013232551
558365.2200236100,9.7961091751,0.0042249111,0.0012979460,-0.1744853384,0.0008117298,-0.0012907123
558365.2300236101,9.7953445724,0.0031544435,0.0005412526,-0.1744853384,0.0007574767,-0.0012690172
558365.2400236099,9.7959345350,0.0023956294,-0.0023618565,-0.1744527685,0.0008008792,-0.0013232551
558365.2500236100,9.7950211963,0.0028492501,-0.0018965055,-0.1744853384,0.0008008792,-0.0013015599
558365.2600236100,9.7956453918,0.0033084293,0.0000812556,-0.1744636251,0.0008225805,-0.0012690172
558365.2700236100,9.7956435784,0.0034610256,-0.0000711844,-0.1744419119,0.0007791780,-0.0013341027
558365.2800236100,9.7951791428,0.0020871019,-0.0015931036,-0.1745070516,0.0008117298,-0.0013015599
558365.2900236100,9.7953287032,0.0028503618,-0.0015940235,-0.1745070516,0.0008117298,-0.0013015599
558365.3000236100,9.7953361289,0.0040698828,-0.0000683679,-0.1745070516,0.0008225805,-0.0013124075
558365.3100236100,9.7950363847,0.0023909056,-0.0002191075,-0.1744853384,0.0007791780,-0.0012581696
558365.3200236100,9.7957869315,0.0030046951,-0.0014452502,-0.1745179083,0.0008225805,-0.0012907123
558365.3300236100,9.7948729692,0.0033058584,-0.0011324788,-0.1745070516,0.0008008792,-0.0013232551
558365.3400236100,9.7953414545,0.0023921561,-0.0002216450,-0.1745504781,0.0008117298,-0.0012690172
558365.3500236101,9.7965593828,0.0033122504,-0.0000788666,-0.1744961950,0.0008008792,-0.0012690172
558365.3600236099,9.7950260417,0.0025439880,-0.0014391158,-0.1745396215,0.0007791780,-0.0013015599
558365.3700236100,9.7953316777,0.0020877272,-0.0015943723,-0.1745287649,0.0008117298,-0.0012907123
558365.3800236100,9.7951829704,0.0039168000,-0.0002196787,-0.1744636251,0.0008117298,-0.0013124075
558365.3900236100,9.7961024016,0.0034628320,0.0000775192,-0.1744636251,0.0008008792,-0.0013015599
558365.4000236100,9.7954848649,0.0025457944,-0.0012904122,-0.1744527685,0.0008117298,-0.0012690172
558365.4100236100,9.7948716647,0.0023909747,-0.0017429363,-0.1744961950,0.0008008792,-0.0013341027
558365.4200236100,9.7950285647,0.0034588023,-0.0006761485,-0.1744527685,0.0008117298,-0.0013124075
558365.4300236100,9.7951829417,0.0036118156,-0.0003723279,-0.1744853384,0.0008008792,-0.0012581696
558365.4400236100,9.7957948374,0.0028517516,-0.0005302614,-0.1744527685,0.0008225805,-0.0013232551
558365.4500236100,9.7957905010,0.0020895336,-0.0014456687,-0.1745179083,0.0007791780,-0.0013232551
558365.4600236100,9.7947240038,0.0023900716,-0.0011316286,-0.1745287649,0.0008117298,-0.0012907123
558365.4700236100,9.7950261851,0.0040689100,-0.0006758694,-0.1745396215,0.0008117298,-0.0013232551
558365.4800236101,9.7962531231,0.0036160537,-0.0000761896,-0.1745504781,0.0008225805,-0.0012907123
558365.4900236099,9.7951839595,0.0014768554,-0.0012883631,-0.1745504781,0.0007683273,-0.0012581696
558365.5000236100,9.7956263186,0.0013271070,-0.0032748659,-0.1745939047,0.0008334311,-0.0013232551
558365.5100236100,9.7951769639,0.0048321004,-0.0005242796,-0.1745070516,0.0007791780,-0.0013341027
558365.5200236100,9.7955033432,0.0046796436,0.0020657790,-0.1744853384,0.0008225805,-0.0012364744
558365.5300236100,9.7961016060,0.0014804682,-0.0009909560,-0.1744527685,0.0007791780,-0.0013015599
558365.5400236100,9.7959295750,0.0014809539,-0.0034298434,-0.1745070516,0.0008334311,-0.0013557979
558365.5500236100,9.7953336345,0.0034600528,-0.0006786859,-0.1744961950,0.0008008792,-0.0013015599
558365.5600236100,9.7950415168,0.0051354874,0.0017647750,-0.1744853384,0.0007791780,-0.0012581696
558365.5700236100,9.7954915524,0.0023929203,-0.0005279332,-0.1745070516,0.0007791780,-0.0013124075
558365.5800236100,9.7951753439,0.0005623883,-0.0028138792,-0.1745287649,0.0007791780,-0.0013015599
558365.5900236110,9.7951695668,0.0039175638,-0.0018972860,-0.1745504781,0.0008008792,-0.0013232551
558365.6000236110,9.7956400949,0.0052911403,0.0003871820,-0.1745070516,0.0008008792,-0.0013015599
558365.6100236110,9.7953396697,0.0028497369,-0.0002214357,-0.1744961950,0.0007791780,-0.0012364744
558365.6200236110,9.7962455827,0.0011765951,-0.0022124423,-0.1745287649,0.0008225805,-0.0013124075
558365.6300236110,9.7956283327,0.0033094014,-0.0020538810,-0.1745179083,0.0008008792,-0.0013449503
558365.6400236110,9.7948754636,0.0039156883,-0.0005221607,-0.1744961950,0.0008225805,-0.0012581696
558365.6500236110,9.7956527029,0.0033080127,0.0009963142,-0.1745070516,0.0007791780,-0.0012690172
558365.6600236110,9.7956458434,0.0016309804,-0.0006820605,-0.1745070516,0.0007791780,-0.0013341027
558365.6700236110,9.7953268037,0.0020880050,-0.0022044113,-0.1744853384,0.0008225805,-0.0013015599
558365.6800236111,9.7954753176,0.0046812407,-0.0014419454,-0.1745287649,0.0008117298,-0.0013124075
558365.6900236110,9.7948858065,0.0037626059,0.0006978476,-0.1745287649,0.0007791780,-0.0013015599
558365.7000236110,9.7958001917,0.0014790093,-0.0005308892,-0.1745287649,0.0008225805,-0.0012473220
558365.7100236110,9.7957808103,0.0027000579,-0.0023604483,-0.1744961950,0.0007791780,-0.0013232551
558365.7200236110,9.7953233202,0.0039181197,-0.0017460450,-0.1745396215,0.0008225805,-0.0013232551
558365.7300236110,9.7951889769,0.0030014996,0.0000849223,-0.1745721914,0.0007683273,-0.0012581696
558365.7400236110,9.7951925751,0.0023913225,0.0002371531,-0.1745721914,0.0008117298,-0.0013124075
558365.7500236110,9.7956404031,0.0020887695,-0.0011393805,-0.1745504781,0.0008008792,-0.0013341027
558365.7600236110,9.7962415616,0.0037692055,-0.0014487076,-0.1745721914,0.0008117298,-0.0012581696
558365.7700236110,9.7956387617,0.0040712722,-0.0003759249,-0.1744853384,0.0008008792,-0.0012907123
558365.7800236110,9.7948916697,0.0013223835,0.0002392022,-0.1744093420,0.0007791780,-0.0013015599
558365.7900236110,9.7950301774,0.0011713152,-0.0015922534,-0.1743659154,0.0008225805,-0.0013015599
558365.8000236111,9.7959365778,0.0046829082,-0.0009882223,-0.1743984853,0.0008225805,-0.0013232551
558365.8100236109,9.7953373187,0.0037648289,-0.0000685074,-0.1744310552,0.0008117298,-0.0012907123
558365.8200236110,9.7951875577,0.0008666783,-0.0011361323,-0.1744310552,0.0007791780,-0.0012690172
558365.8300236110,9.7957893685,0.0030045562,-0.0011402307,-0.1744636251,0.0007683273,-0.0013341027
558365.8400236110,9.7953353906,0.0026974877,-0.0008315445,-0.1745070516,0.0008334311,-0.0013124075
558365.8500236110,9.7963965622,0.0040746763,-0.0009923076,-0.1744527685,0.0007683273,-0.0012581696
558365.8600236110,9.7948868243,0.0016276457,-0.0002181875,-0.1744961950,0.0008117298,-0.0013232551
558365.8700236110,9.7953431532,0.0010196222,-0.0006798020,-0.1745070516,0.0008117298,-0.0013232551
558365.8800236110,9.7948761158,0.0043731302,-0.0002169319,-0.1744853384,0.0007791780,-0.0012690172
558365.8900236110,9.7956357011,0.0039189536,-0.0008335239,-0.1744853384,0.0008225805,-0.0013015599
558365.9000236110,9.7950350801,0.0014760218,-0.0008295650,-0.1744636251,0.0007683273,-0.0012907123
558365.9100236110,9.7945841342,0.0010162875,-0.0002159291,-0.1744853384,0.0008008792,-0.0012690172
558365.9200236110,9.7945691752,0.0039145072,-0.0006721330,-0.1744201986,0.0008225805,-0.0013341027
558365.9300236111,9.7956394140,0.0045287141,-0.0000706961,-0.1744527685,0.0008008792,-0.0013124075
558365.9400236110,9.7959485335,0.0022423386,-0.0006843189,-0.1744636251,0.0008225805,-0.0012473220
558365.9500236110,9.7953359569,0.0022399764,-0.0009842635,-0.1744636251,0.0007574767,-0.0013124075
558365.9600236110,9.7951919228,0.0019338806,-0.0000680757,-0.1744961950,0.0008117298,-0.0013232551
558365.9700236110,9.7954825139,0.0034608864,-0.0011374839,-0.1744853384,0.0007683273,-0.0012690172
558365.9800236110,9.7962501772,0.0046836727,0.0000768085,-0.1745070516,0.0008225805,-0.0013124075
558365.9900236110,9.7951858876,0.0025441966,-0.0005253260,-0.1744853384,0.0007791780,-0.0012907123
558366.0000236110,9.7947274586,0.0002549725,-0.0017426442,-0.1745396215,0.0008117298,-0.0012690172
558366.0100236110,9.7951763116,0.0043746585,-0.0008295084,-0.1748001806,0.0008225805,-0.0013341027
558366.0200236110,9.7956502658,0.0033081515,0.0006912947,-0.1745504781,0.0008008792,-0.0013124075
558366.0300236110,9.7956367762,0.0023939622,-0.0014442605,-0.1745287649,0.0008117298,-0.0012364744
558366.0400236110,9.7954915524,0.0023929203,-0.0005279332,-0.1743224889,0.0008008792,-0.0013341027
558366.0500236111,9.7944285673,0.0011683280,-0.0005196101,-0.1734865285,0.0007683273,-0.0013124075
558366.0600236109,9.7951991765,0.0013234952,0.0005416843,-0.1724117222,0.0007900286,-0.0012364744
558366.0700236110,9.7967192000,0.0030074746,0.0006822740,-0.1711306399,0.0007900286,-0.0013124075
558366.0800236110,9.7950412300,0.0020856434,0.0002382823,-0.1696541383,0.0007791780,-0.0012581696
558366.0900236110,9.7953389028,0.0011723574,-0.0011372616,-0.1687096116,0.0007357755,-0.0012147792
558366.1000236110,9.7954957741,0.0019352006,-0.0002231230,-0.1677542282,0.0007791780,-0.0012690172
558366.1100236110,9.7950436097,0.0014755357,0.0002380033,-0.1667662749,0.0007249248,-0.0012581696
558366.1200236110,9.7950333527,0.0025435714,-0.0005240572,-0.1663428664,0.0007900286,-0.0012039316
558366.1300236110,9.7948741304,0.0026958202,-0.0012852675,-0.1654960493,0.0007574767,-0.0012473220
558366.1400236110,9.7965726143,0.0014815802,0.0006828452,-0.1646383756,0.0007791780,-0.0012473220
558366.1500236110,9.7953536682,0.0026964461,0.0014561019,-0.1638566983,0.0007466261,-0.0011930840
558366.1600236110,9.7953426156,0.0017821179,-0.0003744337,-0.1628253185,0.0007249248,-0.0012147792
558366.1700236110,9.7956324971,0.0022417130,-0.0020543693,-0.1619350749,0.0007683273,-0.0012256268
558366.1800236111,9.7958057180,0.0019361734,0.0003843786,-0.1612076807,0.0007466261,-0.0011713888
558366.1900236110,9.7956568673,0.0022403242,0.0009958259,-0.1600894479,0.0007140742,-0.0011930840
558366.2000236110,9.7948898849,0.0017799643,0.0002394115,-0.1593729103,0.0007249248,-0.0012039316
558366.2100236110,9.7948782661,0.0013231474,-0.0014384051,-0.1582546775,0.0007357755,-0.0011822364
558366.2200236110,9.7953396697,0.0028497369,-0.0002214357,-0.1571907279,0.0007249248,-0.0011388460
558366.2300236110,9.7952010760,0.0020858521,0.0011520721,-0.1569735953,0.0007140742,-0.0011496936
558366.2400236110,9.7955029705,0.0007148464,0.0000813385,-0.1563113409,0.0007249248,-0.0011496936
558366.2500236110,9.7956367476,0.0020889778,-0.0015969098,-0.1552908177,0.0007249248,-0.0011822364
558366.2600236110,9.7957930240,0.0030043479,-0.0006827014,-0.1544657139,0.0007466261,-0.0011388460
558366.2700236110,9.7955122383,0.0020867554,0.0019120834,-0.1531194919,0.0007032236,-0.0011063033
558366.2800236110,9.7952003664,0.0010184414,0.0005415448,-0.1521532518,0.0006923730,-0.0011388460
558366.2900236110,9.7959478239,0.0011749280,-0.0012948463,-0.1515669939,0.0006815223,-0.0011279984
558366.3000236111,9.7954861408,0.0031556937,-0.0008326039,-0.1506658936,0.0006923730,-0.0010954557
558366.3100236109,9.7948857205,0.0028476527,0.0002398998,-0.1498842163,0.0006923730,-0.0010954557
558366.3200236110,9.7953559045,0.0005614165,0.0006925765,-0.1491133956,0.0007032236,-0.0011063033
558366.3300236110,9.7948856058,0.0016277151,-0.0003706973,-0.1480928725,0.0006381199,-0.0011171509
558366.3400236110,9.7950230098,0.0026966538,-0.0017440655,-0.1473437651,0.0007249248,-0.0010954557
558366.3500236110,9.7956525595,0.0017830907,0.0002330678,-0.1463340985,0.0006815223,-0.0010303701
558366.3600236110,9.7959696997,0.0005637093,0.0011450308,-0.1452158657,0.0006706717,-0.0010520653
558366.3700236110,9.7958014389,0.0017839243,-0.0002257302,-0.1446404644,0.0006706717,-0.0010954557
558366.3800236110,9.7951822034,0.0022394205,-0.0011355045,-0.1438370738,0.0006598211,-0.0010520653
558366.3900236110,9.7956494702,0.0013257877,-0.0003771805,-0.1428056940,0.0006815223,-0.0010303701
558366.4000236110,9.7962754218,0.0010224017,0.0014477222,-0.1419045938,0.0006598211,-0.0010520653
558366.4100236110,9.7950484264,0.0008652892,0.0005427437,-0.1408949272,0.0006489705,-0.0010303701
558366.4200236110,9.7962409667,0.0039217325,-0.0014486379,-0.1402435295,0.0006598211,-0.0010086749
558366.4300236111,9.7956520219,0.0025455864,0.0005384361,-0.1395487052,0.0006489705,-0.0010303701
558366.4400236110,9.7956651961,0.0001049474,0.0009948493,-0.1384304724,0.0006489705,-0.0009869797
558366.4500236110,9.7959606039,0.0010217067,0.0002301816,-0.1376379384,0.0006164186,-0.0010520653
558366.4600236110,9.7956411414,0.0034611645,-0.0003762039,-0.1367694081,0.0006489705,-0.0010303701
558366.4700236110,9.7951924891,0.0014763693,-0.0002207948,-0.1357923114,0.0006272692,-0.0009544369
558366.4800236110,9.7953487082,0.0017817707,0.0003881151,-0.1353580463,0.0006598211,-0.0009869797
558366.4900236110,9.7956664146,0.0001048780,0.0011473590,-0.1344026629,0.0006055680,-0.0010195225
558366.5000236110,9.7957947801,0.0022417828,-0.0008355600,-0.1332952867,0.0006164186,-0.0009761321
558366.5100236110,9.7953305166,0.0026977655,-0.0014415835,-0.1323073334,0.0006164186,-0.0009544369
558366.5200236110,9.7956537206,0.0011730525,0.0000802790,-0.1309719680,0.0006381199,-0.0009652845
558366.5300236110,9.7955139944,0.0013241903,0.0017592249,-0.1304725631,0.0006164186,-0.0009652845
558366.5400236110,9.7962614806,0.0017856612,0.0000754831,-0.1301142943,0.0006164186,-0.0009544369
558366.5500236111,9.7953311402,0.0028502229,-0.0012890040,-0.1292240507,0.0006055680,-0.0009544369
558366.5600236109,9.7954988347,0.0020875192,0.0002344761,-0.1284532300,0.0006272692,-0.0009327418
558366.5700236110,9.7958244185,-0.0000473014,0.0017560596,-0.1274218502,0.0005838667,-0.0008893514
558366.5800236110,9.7948934544,0.0008648028,0.0002389930,-0.1259887752,0.0005838667,-0.0009435894
558366.5900236110,9.7957899061,0.0022420605,-0.0014455990,-0.1253590907,0.0006055680,-0.0009218942
558366.6000236110,9.7951925751,0.0023913225,0.0002371531,-0.1245665567,0.0006055680,-0.0008676562
558366.6100236110,9.7958165698,0.0007156109,0.0011463693,-0.1235786035,0.0005513149,-0.0009001990
558366.6200236110,9.7948867670,0.0010176769,-0.0005234861,-0.1229489190,0.0005838667,-0.0009218942
558366.6300236110,9.7953346810,0.0016300770,-0.0014420718,-0.1219935356,0.0005838667,-0.0008568086
558366.6400236110,9.7953438915,0.0023920172,0.0000833746,-0.1211358619,0.0005621655,-0.0008785038
558366.6500236110,9.7949025789,0.0007117898,0.0013064915,-0.1203107580,0.0005404642,-0.0008893514
558366.6600236120,9.7947487681,0.0001012652,0.0008499520,-0.1192685216,0.0005513149,-0.0008459610
558366.6700236120,9.7956386470,0.0028513346,-0.0009865219,-0.1185302708,0.0005513149,-0.0009001990
558366.6800236120,9.7951913566,0.0023913920,0.0000846433,-0.1178897297,0.0005838667,-0.0008459610
558366.6900236120,9.7961210161,0.0005644040,0.0009912523,-0.1168800632,0.0005404642,-0.0008134182
558366.7000236120,9.7955072496,0.0008670956,0.0006914473,-0.1159789629,0.0005296136,-0.0008676562
558366.7100236120,9.7951876150,0.0014766471,-0.0008308338,-0.1150018663,0.0005404642,-0.0008568086
558366.7200236120,9.7950369509,0.0019333942,-0.0003718265,-0.1138727768,0.0005513149,-0.0007917230
558366.7300236120,9.7956555627,0.0013254405,0.0003853683,-0.1132865189,0.0005404642,-0.0008351134
558366.7400236120,9.7956669235,-0.0009626021,0.0006893415,-0.1123419921,0.0005296136,-0.0008134182
558366.7500236121,9.7951900521,0.0014765082,-0.0005258143,-0.1113866087,0.0005187630,-0.0008025706
558366.7600236119,9.7953354480,0.0033074565,-0.0005262459,-0.1108872038,0.0005513149,-0.0008242658
558366.7700236120,9.7950436384,0.0017805201,0.0003906525,-0.1097581143,0.0004970617,-0.0007591803
558366.7800236120,9.7955072783,0.0011720800,0.0008440966,-0.1088570141,0.0005296136,-0.0007808755
558366.7900236120,9.7950423338,0.0008656364,-0.0002198050,-0.1081730464,0.0004862111,-0.0008134182
558366.8000236120,9.7954846929,0.0007158880,-0.0022063079,-0.1069462473,0.0005187630,-0.0007700279
558366.8100236120,9.7956442593,0.0042234519,0.0003866937,-0.1064034159,0.0005187630,-0.0007591803
558366.8200236120,9.7952209089,-0.0008126454,0.0022183150,-0.1054046060,0.0005187630,-0.0007266375
558366.8300236120,9.7953529013,0.0010190667,0.0005402760,-0.1042863731,0.0004862111,-0.0007483327
558366.8400236120,9.7956361526,0.0022415047,-0.0015968400,-0.1038303947,0.0005187630,-0.0007808755
558366.8500236120,9.7956519359,0.0016306332,0.0000804883,-0.1031030005,0.0004970617,-0.0007157899
558366.8600236120,9.7955109911,0.0017818405,0.0016069244,-0.1021584738,0.0004753605,-0.0007266375
558366.8700236120,9.7952008752,-0.0000490387,0.0000835272,-0.1013550832,0.0004862111,-0.0007591803
558366.8800236119,9.7948861721,0.0011702038,-0.0005234163,-0.0999545780,0.0004862111,-0.0006940947
558366.8900236120,9.7953390175,0.0023922950,-0.0005266645,-0.0990317645,0.0004753605,-0.0007049423
558366.9000236120,9.7952010473,0.0017808677,0.0009994228,-0.0983912234,0.0004862111,-0.0007049423
558366.9100236120,9.7952044734,-0.0006592158,0.0002357579,-0.0974575533,0.0004319580,-0.0006940947
558366.9200236120,9.7956507174,0.0016307026,-0.0000720215,-0.0967735856,0.0004970617,-0.0006940947
558366.9300236120,9.7950382268,0.0025432936,0.0000859818,-0.0960244782,0.0004428086,-0.0007157899
558366.9400236120,9.7952021224,0.0002558762,0.0003886862,-0.0949822418,0.0004645099,-0.0006290091
558366.9500236120,9.7953553096,0.0007139434,0.0006926463,-0.0941788512,0.0004536593,-0.0006723995
558366.9600236120,9.7948904225,0.0010174686,-0.0000659568,-0.0932234679,0.0004645099,-0.0007049423
558366.9700236120,9.7953468661,0.0016293827,0.0000830258,-0.0921812314,0.0004428086,-0.0006398567
558366.9800236120,9.7956507461,0.0019356870,0.0000806278,-0.0916275433,0.0004645099,-0.0006290091
558366.9900236120,9.7953600976,-0.0002012875,0.0008447375,-0.0906504467,0.0004428086,-0.0006832471
558367.0000236121,9.7953485935,0.0005618331,-0.0002224820,-0.0895539271,0.0004428086,-0.0006398567
558367.0100236119,9.7962578251,0.0017858695,-0.0003820462,-0.0890002391,0.0004536593,-0.0006073140
558367.0200236120,9.7950424198,0.0017805896,0.0002381428,-0.0879145761,0.0004428086,-0.0006290091
558367.0300236120,9.7959660442,0.0005639176,0.0006875016,-0.0871328988,0.0004102568,-0.0005856188
558367.0400236120,9.7955005621,0.0010199697,-0.0000710317,-0.0863620781,0.0004319580,-0.0006073140
558367.0500236120,9.7953426156,0.0017821179,-0.0003744337,-0.0852655586,0.0004211074,-0.0006398567
558367.0600236120,9.7953487082,0.0017817707,0.0003881151,-0.0844513114,0.0004428086,-0.0005639236
558367.0700236120,9.7948964290,0.0001021682,0.0002386442,-0.0835827810,0.0003994061,-0.0005639236
558367.0800236120,9.7953521916,-0.0000483440,-0.0000702513,-0.0826056844,0.0004211074,-0.0006181615
558367.0900236120,9.7957990592,0.0023940319,-0.0002254512,-0.0821931325,0.0004102568,-0.0005964664
558367.1000236120,9.7956507174,0.0016307026,-0.0000720215,-0.0812268925,0.0004102568,-0.0005313808
558367.1100236120,9.7952064302,0.0007131098,0.0011514443,-0.0801086596,0.0003994061,-0.0005747712
558367.1200236120,9.7959617364,0.0001066840,-0.0000752565,-0.0793595522,0.0003885555,-0.0005964664
558367.1300236119,9.7961130814,0.0004123631,-0.0000763857,-0.0780241868,0.0004102568,-0.0005313808
558367.1400236120,9.7961042724,0.0039202045,0.0005352577,-0.0773727890,0.0003994061,-0.0005639236
558367.1500236120,9.7955041603,0.0004097926,0.0000811990,-0.0768950974,0.0003668543,-0.0004988380
558367.1600236120,9.7948982424,-0.0000504281,0.0003910842,-0.0759071441,0.0003777049,-0.0004879904
558367.1700236120,9.7956440299,0.0017835768,-0.0008345005,-0.0751037535,0.0003560036,-0.0005747712
558367.1800236120,9.7956502085,0.0026981828,0.0003859961,-0.0741809400,0.0003777049,-0.0005096856
558367.1900236120,9.7956603794,0.0007151940,0.0006901088,-0.0730844205,0.0003451530,-0.0004554476
558367.2000236120,9.7956578851,0.0001053640,0.0000797907,-0.0723461697,0.0003777049,-0.0005313808
558367.2100236120,9.7951972197,-0.0000488304,-0.0003740021,-0.0714993526,0.0003777049,-0.0005096856
558367.2200236120,9.7956513123,0.0014781757,-0.0000720912,-0.0704354029,0.0003451530,-0.0004446000
558367.2300236120,9.7959577153,0.0026992944,0.0006884782,-0.0697297220,0.0003777049,-0.0004879904
558367.2400236120,9.7958152940,0.0001057116,0.0006885610,-0.0687309121,0.0003451530,-0.0004879904
558367.2500236121,9.7953516541,0.0007141517,0.0002351170,-0.0678623818,0.0003343024,-0.0004446000
558367.2600236119,9.7953420494,0.0022396292,-0.0002217147,-0.0671567008,0.0003451530,-0.0005096856
558367.2700236120,9.7948940780,0.0010172603,0.0003915725,-0.0661687476,0.0003234518,-0.0004554476
558367.2800236120,9.7950514296,0.0004076390,0.0006950442,-0.0653545004,0.0003560036,-0.0004012097
558367.2900236120,9.7955017233,0.0004099315,-0.0002238205,-0.0645076833,0.0003126011,-0.0004554476
558367.3000236120,9.7955023756,0.0008673733,0.0000814083,-0.0633894505,0.0003234518,-0.0004554476
558367.3100236120,9.7956586520,0.0017827435,0.0009956166,-0.0624992069,0.0003451530,-0.0003903621
558367.3200236120,9.7955072496,0.0008670956,0.0006914473,-0.0617935260,0.0003234518,-0.0004229049
558367.3300236120,9.7953479412,0.0001043912,-0.0005277108,-0.0609141390,0.0003234518,-0.0004229049
558367.3400236120,9.7956470332,0.0013259266,-0.0006822000,-0.0602953111,0.0003343024,-0.0003795145
558367.3500236120,9.7950521679,0.0017800341,0.0014582208,-0.0591987915,0.0003126011,-0.0003903621
558367.3600236120,9.7953594740,-0.0003537450,0.0006921580,-0.0581999817,0.0003017505,-0.0003686669
558367.3700236120,9.7955023756,0.0008673733,0.0000814083,-0.0574074477,0.0002800493,-0.0003903621
558367.3800236119,9.7953492457,0.0010192750,0.0000827468,-0.0565172041,0.0003126011,-0.0003903621
558367.3900236120,9.7959570631,0.0022418526,0.0003832494,-0.0557680967,0.0002908999,-0.0003578193
558367.4000236120,9.7958117818,0.0016308419,0.0009942781,-0.0549755627,0.0003126011,-0.0003361241
558367.4100236120,9.7962692432,0.0001077957,0.0002272256,-0.0539441830,0.0002800493,-0.0003795145
558367.4200236120,9.7957954324,0.0026992247,-0.0005303312,-0.0533362117,0.0003126011,-0.0003361241
558367.4300236120,9.7947452273,0.0013214111,0.0010030198,-0.0523808283,0.0002800493,-0.0003578193
558367.4400236120,9.7956597558,0.0005627365,0.0005375293,-0.0512083124,0.0002800493,-0.0003035813
558367.4500236120,9.7948891753,0.0007125536,-0.0003711158,-0.0505460580,0.0002474974,-0.0003361241
558367.4600236120,9.7956524735,0.0008681375,-0.0002248800,-0.0496341011,0.0003017505,-0.0003361241
558367.4700236120,9.7945823494,0.0014738682,-0.0002157198,-0.0486027213,0.0002474974,-0.0003035813
558367.4800236120,9.7951992052,0.0016284796,0.0006943336,-0.0480056067,0.0002800493,-0.0003035813
558367.4900236120,9.7949013030,0.0001018905,0.0008486832,-0.0468222341,0.0002366468,-0.0002818861
558367.5000236121,9.7954974729,0.0005626667,-0.0006812800,-0.0459319905,0.0002474974,-0.0003144289
558367.5100236119,9.7961101355,0.0014799821,0.0000766123,-0.0454217289,0.0002691987,-0.0002818861
558367.5200236120,9.7945872521,0.0017785749,0.0005469685,-0.0444663456,0.0002691987,-0.0002601910
558367.5300236120,9.7959654492,0.0007164445,0.0006875713,-0.0435869586,0.0002366468,-0.0003144289
558367.5400236120,9.7959617650,0.0004116684,0.0000773928,-0.0427618547,0.0002474974,-0.0002710386
558367.5500236120,9.7958014102,0.0014789399,-0.0003783795,-0.0416219087,0.0002257962,-0.0002384958
558367.5600236120,9.7956519359,0.0016306332,0.0000804883,-0.0409270844,0.0002474974,-0.0002710386
558367.5700236120,9.7958183546,0.0002580302,0.0011461601,-0.0401019806,0.0002257962,-0.0002493434
558367.5800236120,9.7955054075,0.0007147076,0.0003863580,-0.0390814574,0.0002257962,-0.0002384958
558367.5900236120,9.7950381121,0.0013233560,-0.0005246153,-0.0384083464,0.0002040949,-0.0002493434
558367.6000236120,9.7956549391,0.0011729830,0.0002327888,-0.0374529630,0.0002366468,-0.0002059530
558367.6100236120,9.7959618797,0.0016316060,0.0006879899,-0.0365192929,0.0002149455,-0.0001951054
558367.6200236120,9.7941324786,-0.0005108575,-0.0002128204,-0.0357159023,0.0001932443,-0.0002168006
558367.6300236119,9.7961082361,0.0007176253,-0.0005337755,-0.0346085261,0.0002149455,-0.0002168006
558367.6400236120,9.7955079592,0.0019345063,0.0013019746,-0.0337617090,0.0002149455,-0.0001842578
558367.6500236120,9.7952009326,0.0005609301,0.0003888257,-0.0330885980,0.0002040949,-0.0001951054
558367.6600236120,9.7951978433,0.0001036271,-0.0002214226,-0.0319703652,0.0002040949,-0.0001951054
558367.6700236120,9.7961045806,0.0007178336,-0.0009913047,-0.0312538277,0.0002040949,-0.0001734102
558367.6800236120,9.7950443193,0.0025429464,0.0008485306,-0.0305155769,0.0002257962,-0.0001517150
558367.6900236120,9.7961192313,0.0010219847,0.0009914616,-0.0295601935,0.0001823937,-0.0001734102
558367.7000236120,9.7953442570,-0.0002003848,-0.0011378894,-0.0289522222,0.0001715430,-0.0001625626
558367.7100236120,9.7951985529,0.0011710377,0.0003891048,-0.0280076955,0.0001823937,-0.0001842578
558367.7200236120,9.7956647159,0.0014774119,0.0016055161,-0.0268243229,0.0001606924,-0.0001625626
558367.7300236130,9.7953534962,0.0008665398,0.0005402063,-0.0259883624,0.0001932443,-0.0000974771
558367.7400236130,9.7956493842,0.0004108345,-0.0008351283,-0.0246312838,0.0001715430,-0.0001191722
558367.7500236130,9.7956470905,0.0019358954,-0.0003769015,-0.0240775957,0.0001823937,-0.0001517150
558367.7600236130,9.7955115574,0.0013243292,0.0014542054,-0.0237627534,0.0001498418,-0.0000757819
558367.7700236130,9.7950508920,0.0011701347,0.0010004125,-0.0229159363,0.0001172899,-0.0001083246
558367.7800236130,9.7956506027,0.0004107651,-0.0006826185,-0.0220148361,0.0001715430,-0.0001625626
558367.7900236130,9.7958001057,0.0005640561,-0.0009888370,-0.0209508864,0.0001606924,-0.0000757819
558367.8000236130,9.7956592756,0.0019352010,0.0011481961,-0.0196589475,0.0001606924,-0.0000757819
558367.8100236130,9.7953571804,0.0011713158,0.0011503848,-0.0189206967,0.0001389912,-0.0001083246
558367.8200236131,9.7947420233,-0.0003558295,-0.0002178256,-0.0181173062,0.0001498418,-0.0000432391
558367.8300236129,9.7948867670,0.0010176769,-0.0005234861,-0.0171402095,0.0001172899,-0.0000757819
558367.8400236130,9.7951943885,0.0022387262,0.0003895931,-0.0165756648,0.0001606924,-0.0001083246
558367.8500236130,9.7949073669,-0.0002034411,0.0014585827,-0.0156094248,0.0001281405,-0.0000215439
558367.8600236130,9.7956573475,0.0008678597,0.0003851590,-0.0146648980,0.0001172899,-0.0000540867
558367.8700236130,9.7954902478,0.0014780365,-0.0011383908,-0.0138832207,0.0001172899,-0.0000649343
558367.8800236130,9.7951942165,0.0004088198,-0.0005263026,-0.0128735542,0.0001389912,0.0000109989
558367.8900236130,9.7955128046,0.0016292441,0.0017593644,-0.0120701636,0.0000847381,-0.0000215439
558367.9000236130,9.7955102528,0.0004094454,0.0008437478,-0.0113427695,0.0001281405,-0.0000649343
558367.9100236130,9.7951984096,-0.0003538842,-0.0003741416,-0.0103005331,0.0001064393,0.0000001513
558367.9200236130,9.7950351375,0.0020859906,-0.0005242665,-0.0094645726,0.0001064393,-0.0000215439
558367.9300236130,9.7953529299,0.0013240511,0.0006929253,-0.0086503254,0.0001172899,-0.0000323915
558367.9400236130,9.7949006508,-0.0003555514,0.0005434544,-0.0076298022,0.0000847381,0.0000435417
558367.9500236131,9.7953432106,0.0016295910,-0.0003745035,-0.0069349780,0.0000955887,0.0000001513
558367.9600236129,9.7958153513,0.0007156804,0.0009938596,-0.0059470247,0.0001064393,0.0000001513
558367.9700236130,9.7955102528,0.0004094454,0.0008437478,-0.0049590714,0.0000738874,0.0000543893
558367.9800236130,9.7958037899,0.0008688322,-0.0003786585,-0.0041991074,0.0000738874,0.0000001513
558367.9900236130,9.7956530971,0.0010205950,-0.0000723005,-0.0033957168,0.0000847381,0.0000001513
558368.0000236130,9.7955066834,0.0013246069,0.0008441663,-0.0026248961,0.0000955887,0.0000869320
558368.0100236130,9.7953541771,0.0016289660,0.0009980843,-0.0019300718,0.0000738874,0.0000435417
558368.0200236130,9.7951960012,-0.0000487610,-0.0005265118,-0.0007901258,0.0000630368,0.0000326941
558368.0300236130,9.7956512550,0.0008682069,-0.0003773897,0.0000458347,0.0000738874,0.0000760844
558368.0400236130,9.7953475183,0.0020868245,0.0003882546,0.0000024082,0.0001064393,0.0000435417
558368.0500236130,9.7952058640,0.0011706211,0.0013041633,-0.0000953015,0.0000955887,0.0000326941
558368.0600236130,9.7945804787,0.0010164958,-0.0006734583,-0.0001387280,0.0000413356,0.0000977796
558368.0700236131,9.7956410267,0.0022412269,-0.0009868010,-0.0001495846,0.0000738874,0.0000326941
558368.0800236129,9.7950478601,0.0013228005,0.0006954628,-0.0002255810,0.0000738874,0.0000218465
558368.0900236130,9.7958153513,0.0007156804,0.0009938596,-0.0001930112,0.0000738874,0.0000977796
558368.1000236130,9.7954957741,0.0019352006,-0.0002231230,-0.0001821545,0.0000630368,0.0000218465
558368.1100236130,9.7961016347,0.0017854526,-0.0008383067,-0.0001930112,0.0000738874,0.0000218465
558368.1200236130,9.7951918942,0.0016288963,-0.0002207250,-0.0001604413,0.0000847381,0.0000977796
558368.1300236130,9.7955031139,0.0022397684,0.0008445849,-0.0001170148,0.0000738874,0.0000760844
558368.1400236130,9.7954998812,0.0002575434,-0.0005289098,-0.0001387280,0.0000413356,0.0000218465
558368.1500236130,9.7950271455,0.0013239810,-0.0018972031,-0.0001821545,0.0000847381,0.0000760844
558368.1600236130,9.7951925751,0.0023913225,0.0002371531,-0.0001170148,0.0000738874,0.0000218465
558368.1700236130,9.7958068791,0.0013261352,0.0002315898,-0.0001061581,0.0000847381,0.0000543893
558368.1800236130,9.7958062842,0.0014786621,0.0002316596,-0.0001387280,0.0000738874,0.0000869320
558368.1900236130,9.7950357037,0.0016284793,-0.0006769855,-0.0000953015,0.0000630368,0.0000326941
558368.2000236131,9.7956488753,0.0014783146,-0.0003771107,-0.0001278714,0.0000847381,0.0000543893
558368.2100236129,9.7939765176,0.0019286007,0.0005521132,-0.0001604413,0.0000738874,0.0000869320
558368.2200236130,9.7961131675,0.0013273163,0.0003815621,-0.0000735882,0.0000630368,0.0000435417
558368.2300236130,9.7953420207,0.0019346448,-0.0003743640,-0.0001278714,0.0000738874,0.0000326941
558368.2400236130,9.7961089457,0.0017850360,0.0000767519,-0.0000410183,0.0000955887,0.0000760844
558368.2500236130,9.7953463285,0.0023918784,0.0003883941,-0.0001387280,0.0000738874,0.0000326941
558368.2600236130,9.7951996567,-0.0000489693,-0.0000689826,-0.0000627316,0.0000738874,0.0000869320
558368.2700236130,9.7959533502,0.0016320921,-0.0003795784,-0.0000953015,0.0000738874,0.0000543893
558368.2800236130,9.7951852927,0.0026967235,-0.0005252562,-0.0001061581,0.0000738874,0.0000326941
558368.2900236130,9.7950436097,0.0014755357,0.0002380033,-0.0001278714,0.0000738874,0.0000869320
558368.3000236130,9.7949001992,0.0013218975,0.0013067705,-0.0000518750,0.0000738874,0.0000760844
558368.3100236130,9.7953481133,0.0019342976,0.0003881848,-0.0000735882,0.0000847381,0.0000001513
558368.3200236131,9.7950320769,0.0019336720,-0.0009818655,-0.0000301617,0.0000738874,0.0000869320
558368.3300236129,9.7950332954,0.0019336026,-0.0008293558,-0.0001170148,0.0000738874,0.0000543893
558368.3400236130,9.7950532717,0.0005600271,0.0010001335,-0.0000301617,0.0000738874,0.0000326941
558368.3500236130,9.7950485124,0.0017802424,0.0010006916,-0.0001061581,0.0000738874,0.0000760844
558368.3600236130,9.7951779530,0.0023921558,-0.0015929640,-0.0000735882,0.0000847381,0.0000977796
558368.3700236130,9.7961028532,0.0017853831,-0.0006857969,-0.0000193051,0.0000847381,0.0000218465
558368.3800236130,9.7958171648,0.0005630840,0.0011462996,-0.0001061581,0.0000738874,0.0000543893
558368.3900236130,9.7950436384,0.0017805201,0.0003906525,0.0000132648,0.0000955887,0.0000760844
558368.4000236130,9.7953280509,0.0023929199,-0.0018992523,-0.0000735882,0.0000413356,0.0000218465
558368.4100236130,9.7948922646,0.0011698566,0.0002391325,-0.0001061581,0.0000630368,0.0000977796
558368.4200236130,9.7953553956,0.0016288966,0.0011505941,-0.0000193051,0.0000738874,0.0000869320
558368.4300236130,9.7958026574,0.0017838548,-0.0000732204,-0.0000518750,0.0000847381,0.0000109989
558368.4400236130,9.7951918081,0.0007139431,-0.0006786728,-0.0000410183,0.0001064393,0.0000760844
558368.4500236131,9.7951864826,0.0023916697,-0.0005253957,0.0000132648,0.0000630368,0.0000869320
558368.4600236129,9.7951985529,0.0011710377,0.0003891048,-0.0000410183,0.0000413356,0.0000326941
558368.4700236130,9.7948952965,0.0010171908,0.0005440822,-0.0001061581,0.0000738874,0.0000760844
558368.4800236130,9.7954939607,0.0020877970,-0.0003755630,0.0000024082,0.0001064393,0.0000869320
558368.4900236130,9.7959424696,0.0025476702,-0.0012942185,-0.0000410183,0.0001281405,0.0000109989
558368.5000236130,9.7945907643,0.0002534446,0.0002412514,-0.0000627316,0.0000738874,0.0000977796
558368.5100236130,9.7956580284,0.0016302860,0.0008430371,-0.0000193051,0.0000413356,0.0000543893
558368.5200236130,9.7951846405,0.0022392817,-0.0008304850,0.0000132648,0.0000413356,0.0000218465
558368.5300236130,9.7948807318,0.0016279929,-0.0009807363,-0.0000193051,0.0000955887,0.0000977796
558368.5400236130,9.7961132535,0.0022422695,0.0008395099,-0.0000953015,0.0001172899,0.0000760844
558368.5500236130,9.7950515443,0.0016275766,0.0013056413,0.0000024082,0.0000847381,0.0000326941
558368.5600236130,9.7948824879,0.0008654277,-0.0011335949,0.0000024082,0.0000196343,0.0000869320
558368.5700236131,9.7950272028,0.0019339498,-0.0015919046,-0.0000193051,0.0000304849,0.0000435417
558368.5800236129,9.7945812456,0.0026938752,0.0002423675,-0.0000410183,0.0000738874,0.0000218465
558368.5900236130,9.7955169403,0.0002565713,0.0016062268,-0.0000301617,0.0001172899,0.0000869320
558368.6000236130,9.7956494989,0.0016307721,-0.0002245312,0.0000241214,0.0001281405,0.0000869320
558368.6100236130,9.7947209432,0.0022377530,-0.0015892276,0.0000024082,-0.0000129176,0.0000218465
558368.6200236130,9.7953444004,0.0013245371,-0.0003746430,-0.0000410183,0.0000196343,0.0000869320
558368.6300236130,9.7955109911,0.0017818405,0.0016069244,-0.0000518750,0.0001064393,0.0000760844
558368.6400236130,9.7955006195,0.0016299385,0.0002342668,-0.0000518750,0.0001064393,0.0000109989
558368.6500236130,9.7953382792,0.0010198999,-0.0012898411,0.0000566913,0.0001172899,0.0000760844
558368.6600236130,9.7954988061,0.0017825348,0.0000818268,0.0000241214,0.0000196343,0.0000760844
558368.6700236130,9.7953530160,0.0022390043,0.0011508731,-0.0000410183,0.0000087837,0.0000218465
558368.6800236130,9.7951924604,0.0011713849,-0.0003734440,-0.0000627316,0.0000955887,0.0000760844
558368.6900236130,9.7950302348,0.0017812840,-0.0012869548,-0.0000518750,0.0001064393,0.0000543893
558368.7000236131,9.7958081550,0.0019360346,0.0006893981,0.0000675479,0.0001064393,0.0000326941
558368.7100236129,9.7949026363,0.0013217586,0.0016117901,0.0000241214,0.0000738874,0.0000760844
558368.7200236130,9.7956519072,0.0013256488,-0.0000721610,-0.0000084485,0.0000847381,0.0000543893
558368.7300236130,9.7953389601,0.0017823262,-0.0008319630,-0.0000193051,0.0000196343,0.0000326941
558368.7400236130,9.7955018093,0.0013248847,0.0002341273,-0.0000410183,0.0000630368,0.0000760844
558368.7500236130,9.7953511452,0.0017816318,0.0006931346,-0.0000518750,0.0000847381,0.0000543893
558368.7600236130,9.7958056320,0.0010212203,-0.0000735692,0.0000675479,0.0000955887,0.0000326941
558368.7700236130,9.7957965935,0.0020891864,-0.0006831200,-0.0000084485,0.0000847381,0.0000543893
558368.7800236130,9.7953486795,0.0014767863,0.0002354658,0.0000566913,0.0000630368,0.0000435417
558368.7900236130,9.7956537493,0.0014780369,0.0002329283,0.0000241214,0.0000630368,0.0000435417
558368.8000236130,9.7951973344,0.0011711072,0.0002365950,0.0000241214,0.0001064393,0.0000760844
558368.8100236140,9.7959515081,0.0014797040,-0.0006846677,-0.0000193051,0.0000847381,0.0000760844
558368.8200236140,9.7953389888,0.0020873106,-0.0006793137,-0.0000193051,0.0000087837,0.0000326941
558368.8300236140,9.7959594140,0.0013267605,0.0002303211,-0.0000301617,0.0000738874,0.0000543893
558368.8400236140,9.7956573762,0.0011728441,0.0005378083,0.0000024082,0.0000955887,0.0000760844
558368.8500236140,9.7953462712,0.0017819096,0.0000830955,0.0000892612,0.0000738874,0.0000435417
558368.8600236140,9.7962638603,0.0011755536,0.0000752041,-0.0000301617,0.0001281405,0.0000760844
558368.8700236140,9.7947379163,0.0013218277,0.0000879612,0.0000458347,0.0000304849,0.0000543893
558368.8800236140,9.7950393879,0.0019332554,-0.0000668070,0.0000132648,0.0000087837,0.0000326941
558368.8900236140,9.7953419920,0.0016296604,-0.0005270133,0.0000132648,0.0001064393,0.0000435417
558368.9000236141,9.7959570344,0.0019368682,0.0002306001,0.0000132648,0.0000955887,0.0000869320
558368.9100236139,9.7956544303,0.0022404631,0.0006908064,0.0000132648,0.0001064393,0.0000218465
558368.9200236140,9.7956543442,0.0013255099,0.0002328586,0.0000132648,0.0000847381,0.0000869320
558368.9300236140,9.7957935329,0.0019368678,-0.0011407190,0.0000024082,0.0000087837,0.0000869320
558368.9400236140,9.7956470332,0.0013259266,-0.0006822000,-0.0000410183,0.0000738874,0.0000435417
558368.9500236140,9.7951997714,0.0011709683,0.0005416145,0.0001001178,0.0000955887,0.0000760844
558368.9600236140,9.7954988347,0.0020875192,0.0002344761,-0.0000735882,0.0000847381,0.0000435417
558368.9700236140,9.7951954923,0.0010187191,-0.0000684943,0.0000675479,0.0001064393,0.0000435417
558368.9800236140,9.7957977260,0.0011741638,-0.0009885580,0.0000675479,0.0000630368,0.0000869320
558368.9900236140,9.7954957741,0.0019352006,-0.0002231230,0.0000132648,-0.0000129176,0.0000543893
