t(s),roll(rad),pitch(rad),yaw(rad),roll(deg),pitch(deg),yaw(deg)
553964.8661135000,0.0055770341,-0.0111674919,0.2202251623,0.3195405155,-0.6398501510,12.6179723416
553965.5011245001,0.0054995532,-0.0112009979,0.2023571634,0.3151011862,-0.6417699067,11.5942114170
553966.5011425000,0.0055303316,-0.0112313576,0.2066925758,0.3168646597,-0.6435093874,11.8426122476
553967.5011605000,0.0054754333,-0.0111640790,0.2030928664,0.3137192216,-0.6396546063,11.6363640924
553968.5011795000,0.0055181849,-0.0111705057,0.2028447361,0.3161687058,-0.6400228291,11.6221472754
553969.5011975000,0.0055175061,-0.0112254213,0.2017136991,0.3161298107,-0.6431692619,11.5573436270
553970.5012155001,0.0055122776,-0.0111944777,0.2164053504,0.3158302399,-0.6413963279,12.3991132439
553971.5012335000,0.0055180145,-0.0112071479,0.1895772594,0.3161589408,-0.6421222769,10.8619768534
553972.5012510000,0.0055116501,-0.0112071978,0.2117625356,0.3157942909,-0.6421251336,12.1330995489
553973.5012690000,0.0055121287,-0.0112130994,0.1851014691,0.3158217104,-0.6424632698,10.6055329616
553974.5012870000,0.0055421976,-0.0112624012,0.2105657140,0.3175445299,-0.6452880537,12.0645267208
553975.5013050000,0.0055116658,-0.0111644240,0.2058523002,0.3157951904,-0.6396743784,11.7944680029
553976.5013230001,0.0055185555,-0.0112069852,0.2078536933,0.3161899378,-0.6421129506,11.9091393837
553977.5013420000,0.0055240412,-0.0112005404,0.2034683518,0.3165042467,-0.6417436914,11.6578778246
553978.5013600000,0.0055484446,-0.0112500835,0.1827050128,0.3179024572,-0.6445823058,10.4682261298
553979.5013780000,0.0054811824,-0.0111520783,0.2048217400,0.3140486171,-0.6389670218,11.7354212558
553980.5013960000,0.0054936247,-0.0112129969,0.1842066488,0.3147615111,-0.6424574002,10.5542635347
553981.5014140001,0.0055362217,-0.0111885568,0.2244464180,0.3172021358,-0.6410570815,12.8598324756
553982.5014320000,0.0055241526,-0.0111893540,0.2184781667,0.3165106312,-0.6411027613,12.5178768687
553983.5014500000,0.0054937688,-0.0112124666,0.2204933461,0.3147697650,-0.6424270151,12.6333381407
553984.5014680000,0.0054870990,-0.0111949860,0.1820278448,0.3143876171,-0.6414254468,10.4294272601
553985.5014860000,0.0055061315,-0.0112374717,0.1988146280,0.3154780968,-0.6438596987,11.3912390925
553986.5015040000,0.0054992462,-0.0111401749,0.2303034127,0.3150835982,-0.6382850040,13.1954135545
553987.5015230000,0.0055304042,-0.0112130108,0.2275971222,0.3168688225,-0.6424581966,13.0403545305
553988.5015410000,0.0054997313,-0.0111704153,0.2176775286,0.3151113925,-0.6400176512,12.4720036814
553989.5015590000,0.0055060081,-0.0112318371,0.2051590374,0.3154710257,-0.6435368639,11.7547469718
553990.5015770000,0.0055240629,-0.0112063526,0.2081168597,0.3165054910,-0.6420767082,11.9242177082
553991.5015950000,0.0055482930,-0.0112074178,0.2091571441,0.3178937708,-0.6421377369,11.9838216129
553992.5016129999,0.0055058959,-0.0112374496,0.2140333859,0.3154645982,-0.6438584336,12.2632096861
553993.5016310000,0.0055237394,-0.0112195550,0.2091629208,0.3164869550,-0.6428331495,11.9841525933
553994.5016490000,0.0054812135,-0.0112315135,0.2071677237,0.3140504020,-0.6435183215,11.8698362210
553995.5016675000,0.0055117671,-0.0112254825,0.2114862538,0.3158009948,-0.6431727686,12.1172697673
553996.5016860000,0.0054635992,-0.0112307935,0.2256347432,0.3130411725,-0.6434770655,12.9279184943
553997.5017039999,0.0055363002,-0.0112010167,0.2118985636,0.3172066353,-0.6417709843,12.1408933816
553998.5017220000,0.0054812993,-0.0111826291,0.2130975898,0.3140553177,-0.6407174518,12.2095925223
553999.5017400000,0.0055300415,-0.0111766744,0.2179408791,0.3168480411,-0.6403762720,12.4870925553
554000.5017580000,0.0055117616,-0.0112073280,0.2041591911,0.3158006772,-0.6421325914,11.6974599991
554001.5017770000,0.0055060581,-0.0111825162,0.2124570993,0.3154738888,-0.6407109800,12.1728951192
554002.5017940000,0.0054934103,-0.0112070118,0.2403728317,0.3147492264,-0.6421144795,13.7723487655
554003.5018120001,0.0055118244,-0.0112066096,0.2117457164,0.3158042779,-0.6420914351,12.1321358794
554004.5018300000,0.0055358722,-0.0112258040,0.2294441594,0.3171821125,-0.6431911905,13.1461819700
554005.5018485000,0.0054632236,-0.0112252917,0.2206819652,0.3130196520,-0.6431618373,12.6441452233
554006.5018670000,0.0054932153,-0.0112497267,0.1967991376,0.3147380510,-0.6445618610,11.2757599969
554007.5018850000,0.0055175899,-0.0112196037,0.2138571160,0.3161346138,-0.6428359414,12.2531101676
554008.5019030001,0.0055424612,-0.0112257703,0.2279057140,0.3175596367,-0.6431892623,13.0580355392
554009.5019210000,0.0055366034,-0.0112006019,0.1949236854,0.3172240095,-0.6417472191,11.1683045001
554010.5019390000,0.0054690308,-0.0111826336,0.1915177882,0.3133523816,-0.6407177106,10.9731609645
554011.5019570000,0.0055056180,-0.0111828623,0.1962195165,0.3154486743,-0.6407308103,11.2425501533
554012.5019750000,0.0055179837,-0.0112131838,0.1949136329,0.3161571788,-0.6424681069,11.1677285347
554013.5019930000,0.0055058398,-0.0112435652,0.1888930319,0.3154613854,-0.6442088351,10.8227735086
554014.5020109999,0.0054812879,-0.0111948598,0.2014871991,0.3140546632,-0.6414182164,11.5443661368
554015.5020300000,0.0054997247,-0.0111944254,0.2255860248,0.3151110163,-0.6413933311,12.9251271389
554016.5020480000,0.0055118549,-0.0112070637,0.2217665220,0.3158060217,-0.6421174514,12.7062857460
554017.5020660000,0.0054447301,-0.0112312761,0.2170722855,0.3119600559,-0.6435047178,12.4373258101
554018.5020840000,0.0055362469,-0.0111888657,0.2063189561,0.3172035806,-0.6410747844,11.8212054205
554019.5021019999,0.0054936902,-0.0112191461,0.1993263057,0.3147652641,-0.6428097223,11.4205560635
554020.5021200000,0.0054872368,-0.0112559939,0.2221294573,0.3143955104,-0.6449209452,12.7270804103
554021.5021380000,0.0055057899,-0.0111945765,0.2052803392,0.3154585254,-0.6414019841,11.7616970540
554022.5021560000,0.0054814074,-0.0111825940,0.2271516433,0.3140615098,-0.6407154397,13.0148304710
554023.5021740000,0.0055302462,-0.0112070913,0.1974965686,0.3168597672,-0.6421190327,11.3157198513
554024.5021929999,0.0054998029,-0.0112071836,0.2335327011,0.3151154970,-0.6421243218,13.3804381500
554025.5022110000,0.0054995524,-0.0111888234,0.2010979939,0.3151011409,-0.6410723557,11.5220663164
554026.5022290000,0.0055117729,-0.0112071850,0.2110655630,0.3158013234,-0.6421243997,12.0931659622
554027.5022470000,0.0054873498,-0.0112013029,0.2303764164,0.3144019819,-0.6417873806,13.1995963568
554028.5022650000,0.0054997296,-0.0112126418,0.2151737807,0.3151112941,-0.6424370496,12.3285494933
554029.5022830000,0.0055058158,-0.0112191263,0.1920916241,0.3154600087,-0.6428085856,11.0060393419
554030.5023010001,0.0054814251,-0.0112252314,0.2306446328,0.3140625244,-0.6431583842,13.2149640254
554031.5023190000,0.0055119306,-0.0112070804,0.2334098402,0.3158103591,-0.6421184087,13.3733987405
554032.5023370000,0.0054629619,-0.0111764137,0.2167968261,0.3130046627,-0.6403613378,12.4215431467
554033.5023550000,0.0054752222,-0.0112192196,0.2253164141,0.3137071257,-0.6428139297,12.9096795818
554034.5023740000,0.0054934519,-0.0111947401,0.2150709111,0.3147516113,-0.6414113594,12.3226555029
554035.5023920001,0.0055425516,-0.0111887150,0.2223509381,0.3175648133,-0.6410661504,12.7397703250
554036.5024100000,0.0054873842,-0.0112071124,0.2323788806,0.3144039529,-0.6421202426,13.3143291081
554037.5024280000,0.0055361798,-0.0112011081,0.1893639575,0.3171997393,-0.6417762183,10.8497555585
554038.5024460000,0.0055119340,-0.0112194790,0.2202411193,0.3158105539,-0.6428287936,12.6188866111
554039.5024640000,0.0054998082,-0.0111947543,0.2117098815,0.3151157981,-0.6414121739,12.1300826912
554040.5024820000,0.0055178683,-0.0112196642,0.2028981688,0.3161505661,-0.6428394034,11.6252087447
554041.5000005000,0.0055118034,-0.0112563950,0.1894314770,0.3158030720,-0.6449439246,10.8536241398
554042.4975185000,0.0054936503,-0.0112071567,0.1880935958,0.3147629742,-0.6421227785,10.7769691920
554043.4975365000,0.0055115263,-0.0112132562,0.1899766666,0.3157871967,-0.6424722573,10.8848612004
554044.4975550000,0.0055060512,-0.0112129779,0.2004835612,0.3154734946,-0.6424563117,11.4868619200
554045.4975735000,0.0055177890,-0.0111891268,0.2173712054,0.3161460208,-0.6410897422,12.4544526587
554046.4975914999,0.0055121577,-0.0111943228,0.2208432320,0.3158233711,-0.6413874518,12.6533851277
554047.4976095000,0.0054754090,-0.0112128504,0.2159684404,0.3137178264,-0.6424490063,12.3740801414
554048.4976275000,0.0054999505,-0.0112068488,0.2441301677,0.3151239499,-0.6421051391,13.9876282591
554049.4976455000,0.0055057392,-0.0111948717,0.1931635922,0.3154556198,-0.6414189026,11.0674585907
554050.4976635000,0.0055239970,-0.0112072721,0.1887425962,0.3165017167,-0.6421293931,10.8141541783
554051.4976815000,0.0055300572,-0.0112008434,0.1986945476,0.3168489358,-0.6417610514,11.3843589891
554052.4976995001,0.0055061001,-0.0111763957,0.2081550138,0.3154762994,-0.6403603059,11.9264037744
554053.4977175000,0.0054813962,-0.0111823031,0.2232051026,0.3140608693,-0.6406987714,12.7887103463
554054.4977365000,0.0054751914,-0.0111886534,0.2342675538,0.3137053587,-0.6410626175,13.4225421092
554055.4977545000,0.0055115894,-0.0111828807,0.2452440302,0.3157908121,-0.6407318688,14.0514478828
554056.4977725000,0.0054875550,-0.0111825925,0.1922544813,0.3144137438,-0.6407153529,11.0153703736
554057.4977905001,0.0055543685,-0.0112074805,0.2028002316,0.3182418751,-0.6421413313,11.6195973572
554058.4978085000,0.0055120277,-0.0111888042,0.1885112749,0.3158159216,-0.6410712593,10.8009004434
554059.4978265000,0.0054570774,-0.0112190939,0.2128399370,0.3126675017,-0.6428067289,12.1948301012
554060.4978445000,0.0055057273,-0.0112430895,0.2037970976,0.3154549375,-0.6441815799,11.6767135667
554061.4978625000,0.0054932412,-0.0111706132,0.2193601601,0.3147395394,-0.6400289904,12.5684113643
554062.4978805000,0.0055117862,-0.0112070009,0.2170690871,0.3158020870,-0.6421138518,12.4371425548
554063.4978990000,0.0054934969,-0.0112007930,0.2159051466,0.3147541889,-0.6417581667,12.3704536734
554064.4979175000,0.0055242541,-0.0111950313,0.2176950169,0.3165164452,-0.6414280423,12.4730056878
554065.4979355000,0.0055242677,-0.0111827578,0.2306943060,0.3165172256,-0.6407248225,13.2178100907
554066.4979535000,0.0055058679,-0.0111883369,0.2023607318,0.3154629905,-0.6410444827,11.5944158700
554067.4979715000,0.0055240757,-0.0112193819,0.2139979419,0.3165062224,-0.6428232310,12.2611788946
554068.4979894999,0.0055117200,-0.0112011923,0.2096001548,0.3157982924,-0.6417810432,12.0092042575
554069.4980075000,0.0054447797,-0.0112006313,0.2060983213,0.3119628985,-0.6417489035,11.8085639772
554070.4980255000,0.0055118889,-0.0111886502,0.2243720178,0.3158079708,-0.6410624359,12.8555696629
554071.4980435000,0.0054936854,-0.0112012193,0.1999777407,0.3147649856,-0.6417825937,11.4578805412
554072.4980615000,0.0054693154,-0.0112245379,0.2192634899,0.3133686894,-0.6431186510,12.5628725703
554073.4980804999,0.0055057712,-0.0111887772,0.2287919325,0.3154574520,-0.6410697137,13.1088121191
554074.4980980000,0.0054630259,-0.0112008332,0.2200686638,0.3130083263,-0.6417604703,12.6090056383
554075.4981165000,0.0055119163,-0.0112253466,0.2154682831,0.3158095411,-0.6431649854,12.3454232385
554076.4981345000,0.0055299284,-0.0111888774,0.2210447764,0.3168415592,-0.6410754518,12.6649327724
554077.4981525000,0.0054693681,-0.0112372189,0.2266087153,0.3133717105,-0.6438452181,12.9837229893
554078.4981705000,0.0055052872,-0.0111830232,0.2218223952,0.3154297235,-0.6407400335,12.7094870476
554079.4981885001,0.0055060551,-0.0111884090,0.1865689173,0.3154737174,-0.6410486151,10.6896115502
554080.4982065000,0.0054997110,-0.0111825845,0.2096805905,0.3151102279,-0.6407148962,12.0138128797
554081.4982245000,0.0055117240,-0.0111949462,0.2116699980,0.3157985248,-0.6414231714,12.1277975366
554082.4982425000,0.0055300634,-0.0111830432,0.2156869311,0.3168492915,-0.6407411759,12.3579508498
554083.4982615000,0.0054814187,-0.0112073582,0.2165702150,0.3140621586,-0.6421343263,12.4085592872
554084.4982795001,0.0054809027,-0.0111829936,0.1980284945,0.3140325946,-0.6407383370,11.3461969558
554085.4982975000,0.0055245866,-0.0112374333,0.2234709140,0.3165354951,-0.6438574986,12.8039402183
554086.4983155000,0.0055116642,-0.0112195350,0.2065233605,0.3157950972,-0.6428320017,11.8329169292
554087.4983335000,0.0055299772,-0.0111951826,0.2161211597,0.3168443521,-0.6414367142,12.3828303133
554088.4983515000,0.0054937493,-0.0112068882,0.2136313955,0.3147686511,-0.6421073927,12.2401773340
554089.4983695000,0.0055117475,-0.0111889277,0.2091791177,0.3157998708,-0.6410783363,11.9850806064
554090.4983874999,0.0055119349,-0.0111947241,0.2069254642,0.3158106059,-0.6414104444,11.8559557731
554091.4984055000,0.0055177938,-0.0111765402,0.1922353334,0.3161462967,-0.6403685831,11.0142732754
554092.4984245000,0.0054939837,-0.0112005548,0.2391709869,0.3147820765,-0.6417445192,13.7034881294
554093.4984425000,0.0054812124,-0.0112132433,0.1630362008,0.3140503388,-0.6424715159,9.3412862132
554094.4984605000,0.0055360907,-0.0111889627,0.2135800864,0.3171946296,-0.6410803373,12.2372375390
554095.4984784999,0.0054998787,-0.0112198147,0.2222824272,0.3151198358,-0.6428480266,12.7358449368
554096.4984965000,0.0055482032,-0.0112138789,0.2192387325,0.3178886281,-0.6425079347,12.5614540778
554097.4985145000,0.0055180842,-0.0112139313,0.2001167172,0.3161629367,-0.6425109326,11.4658433045
554098.4985325000,0.0055120577,-0.0112258497,0.1785709006,0.3158176430,-0.6431938107,10.2313589500
554099.4985505000,0.0054996246,-0.0112368740,0.2249538031,0.3151052758,-0.6438254540,12.8889035006
554100.4985685000,0.0055239241,-0.0112073958,0.2193573826,0.3164975395,-0.6421364772,12.5682522298
554101.4985870000,0.0054996112,-0.0111825254,0.1812440759,0.3151045093,-0.6407115120,10.3845206126
554102.4986060000,0.0055360331,-0.0111586750,0.2011528607,0.3171913308,-0.6393449828,11.5252099532
554103.4986235000,0.0055116682,-0.0112134071,0.2150771465,0.3157953253,-0.6424809028,12.3230127649
554104.4986415000,0.0055119980,-0.0112257883,0.1957663229,0.3158142229,-0.6431902922,11.2165840709
554105.4986595000,0.0055181446,-0.0112556284,0.1981179733,0.3161663978,-0.6449000055,11.3513237133
554106.4986775001,0.0055056682,-0.0112132829,0.2064767270,0.3154515503,-0.6424737863,11.8302450267
554107.4986955000,0.0055180971,-0.0111766245,0.2253702486,0.3161636729,-0.6403734105,12.9127640719
554108.4987135000,0.0054876321,-0.0111889675,0.1853066257,0.3144181607,-0.6410806176,10.6172875680
554109.4987315000,0.0055118628,-0.0112072800,0.2293231658,0.3158064739,-0.6421298434,13.1392495452
554110.4987495000,0.0055240222,-0.0112134736,0.2050399820,0.3165031581,-0.6424847134,11.7479255979
554111.4987680000,0.0054871297,-0.0111522117,0.2184701814,0.3143893750,-0.6389746614,12.5174193448
554112.4987865000,0.0055121783,-0.0112434370,0.2134280312,0.3158245535,-0.6442014889,12.2285254162
554113.4988045000,0.0055118585,-0.0112071392,0.1844008779,0.3158062284,-0.6421217765,10.5653920432
554114.4988225000,0.0055117062,-0.0112072321,0.2209114557,0.3157975046,-0.6421270990,12.6572940574
554115.4988405000,0.0054628001,-0.0112558674,0.2028805611,0.3129953888,-0.6449136994,11.6241998990
554116.4988585000,0.0055299520,-0.0112256174,0.2047562574,0.3168429119,-0.6431804977,11.7316693757
554117.4988764999,0.0054690404,-0.0111949230,0.2418699224,0.3133529313,-0.6414218414,13.8581257466
554118.4988945000,0.0055243222,-0.0112435765,0.2012960204,0.3165203454,-0.6442094825,11.5334124005
554119.4989125000,0.0055300379,-0.0112261553,0.2101597839,0.3168478312,-0.6432113163,12.0412686391
554120.4989305000,0.0054815096,-0.0111891142,0.1943774162,0.3140673652,-0.6410890219,11.1370055787
554121.4989495000,0.0055055508,-0.0112078281,0.2202257797,0.3154448230,-0.6421612451,12.6180077141
554122.4989674999,0.0054752318,-0.0112016907,0.1998269302,0.3137076726,-0.6418096030,11.4492397361
554123.4989855000,0.0055114517,-0.0112378032,0.2027862079,0.3157829200,-0.6438786954,11.6187938581
554124.4990035000,0.0054811462,-0.0112132368,0.2173258463,0.3140465444,-0.6424711453,12.4518537739
554125.4990215000,0.0054938322,-0.0111761778,0.2284363551,0.3147734003,-0.6403478218,13.0884390360
554126.4990395000,0.0055058143,-0.0111459180,0.1804947011,0.3154599208,-0.6386140593,10.3415846003
554127.4990580000,0.0054936314,-0.0111764457,0.2069401055,0.3147618937,-0.6403631708,11.8567946585
554128.4990755001,0.0055118481,-0.0111766904,0.1899257610,0.3158056332,-0.6403771874,10.8819445239
554129.4990935000,0.0055239700,-0.0112070159,0.2193838591,0.3165001643,-0.6421147100,12.5697692186
554130.4991115000,0.0055059209,-0.0112312505,0.2018386082,0.3154660304,-0.6435032539,11.5645003924
554131.4991305000,0.0054938911,-0.0112069015,0.2151568550,0.3147767704,-0.6421081560,12.3275797258
554132.4991485000,0.0055424136,-0.0112011995,0.1968772868,0.3175569092,-0.6417814542,11.2802376149
554133.4991665001,0.0055119036,-0.0112376202,0.2127590955,0.3158088147,-0.6438682114,12.1901982224
554134.4991845000,0.0055176438,-0.0111707437,0.2031990880,0.3161376998,-0.6400364697,11.6424501443
554135.4992025000,0.0054875895,-0.0112313815,0.2196824816,0.3144157201,-0.6435107571,12.5868790296
554136.4992205000,0.0055118065,-0.0112315059,0.2185650373,0.3158032502,-0.6435178847,12.5228541872
554137.4992385000,0.0055244648,-0.0112255164,0.2053819925,0.3165285144,-0.6431747110,11.7675213557
554138.4992565000,0.0054752655,-0.0112430703,0.1892511533,0.3137096050,-0.6441804780,10.8432923544
554139.4992744999,0.0054875920,-0.0111579330,0.2130325420,0.3144158626,-0.6393024698,12.2058655527
554140.4992930000,0.0055423500,-0.0111949681,0.2105065462,0.3175532610,-0.6414244259,12.0611366566
554141.4993115000,0.0054812504,-0.0112008729,0.2080407009,0.3140525121,-0.6417627425,11.9198541295
554142.4993295000,0.0055299908,-0.0112073135,0.2287149023,0.3168451307,-0.6421317642,13.1043986111
554143.4993475000,0.0054875341,-0.0111886338,0.2206075376,0.3144125466,-0.6410614947,12.6398808309
554144.4993654999,0.0054999091,-0.0112067195,0.2159025425,0.3151215771,-0.6420977304,12.3703044719
554145.4993835000,0.0055057672,-0.0112192607,0.1671340176,0.3154572225,-0.6428162884,9.5760738224
554146.4994015000,0.0055119044,-0.0112008923,0.2350688958,0.3158088600,-0.6417638552,13.4684556247
554147.4994195000,0.0054999324,-0.0112070262,0.2370565491,0.3151229161,-0.6421153028,13.5823397695
554148.4994375000,0.0055361987,-0.0112073922,0.2415816749,0.3172008193,-0.6421362736,13.8416103775
554149.4994555000,0.0054937170,-0.0112192236,0.2006604741,0.3147668005,-0.6428141640,11.4969982792
554150.4994745000,0.0055483172,-0.0112253092,0.2227787433,0.3178951596,-0.6431628397,12.7642817560
554151.4994925000,0.0054754973,-0.0112187675,0.2052064027,0.3137228839,-0.6427880291,11.7574608033
554152.4995105000,0.0055059431,-0.0112069830,0.2015339903,0.3154673029,-0.6421128253,11.5470470733
554153.4995285000,0.0055119011,-0.0112130537,0.2047027957,0.3158086702,-0.6424606546,11.7286062463
554154.4995465000,0.0054931406,-0.0111767065,0.2262222350,0.3147337712,-0.6403781129,12.9615792988
554155.4995645001,0.0055001113,-0.0112313452,0.2168689985,0.3151331626,-0.6435086791,12.4256783186
554156.4995825000,0.0055178913,-0.0112497032,0.2188384101,0.3161518839,-0.6445605131,12.5385172955
554157.4996005000,0.0055121212,-0.0111887697,0.2065448926,0.3158212802,-0.6410692830,11.8341506241
554158.4996185000,0.0055544662,-0.0111402649,0.1823485885,0.3182474734,-0.6382901640,10.4478045201
554159.4996370000,0.0055180805,-0.0112130051,0.1992022367,0.3161627264,-0.6424578666,11.4134474326
554160.4996555001,0.0054935361,-0.0111888017,0.2308858175,0.3147564311,-0.6410711156,13.2287828925
554161.4996735000,0.0054691719,-0.0111951818,0.2080681406,0.3133604665,-0.6414366674,11.9214263069
554162.4996915000,0.0055060338,-0.0111648010,0.2233194993,0.3154724986,-0.6396959753,12.7952647925
554163.4997095000,0.0055001192,-0.0112016255,0.1868266330,0.3151336191,-0.6418058634,10.7043775728
554164.4997275000,0.0055359954,-0.0112010977,0.2216064800,0.3171891702,-0.6417756267,12.6971160171
554165.4997455000,0.0055424667,-0.0112198898,0.2225354357,0.3175599506,-0.6428523348,12.7503412586
554166.4997634999,0.0054993739,-0.0111895557,0.2107607217,0.3150909145,-0.6411143148,12.0756998425
554167.4997815000,0.0054877639,-0.0112072320,0.2069360742,0.3144257103,-0.6421270954,11.8565636805
554168.4997995000,0.0054936216,-0.0112136973,0.2220785542,0.3147613302,-0.6424975288,12.7241638784
554169.4998180000,0.0055117452,-0.0112075238,0.2066719464,0.3157997405,-0.6421438127,11.8414302714
554170.4998365000,0.0055304031,-0.0112198404,0.1924936805,0.3168687538,-0.6428495035,11.0290754760
554171.4998544999,0.0055056695,-0.0112261000,0.1840151296,0.3154516237,-0.6432081528,10.5432902931
554172.4998725000,0.0055242918,-0.0112258566,0.2095359027,0.3165186057,-0.6431942032,12.0055228825
554173.4998905000,0.0055057651,-0.0112016987,0.2164621431,0.3154571023,-0.6418100614,12.4023672230
554174.4999085000,0.0055486121,-0.0112443043,0.2264073292,0.3179120543,-0.6442511775,12.9721844161
554175.4999265000,0.0054939200,-0.0112014798,0.2153964258,0.3147784272,-0.6417975170,12.3413061200
554176.4999445000,0.0055242889,-0.0112073859,0.2272479542,0.3165184385,-0.6421359124,13.0203486781
554177.4999625001,0.0055181589,-0.0111889012,0.2232890250,0.3161672169,-0.6410768158,12.7935187436
554178.4999805000,0.0055059641,-0.0112257653,0.2163778073,0.3154685066,-0.6431889746,12.3975351412
554179.4999995000,0.0054875212,-0.0112134997,0.2154719086,0.3144118055,-0.6424862091,12.3456309678
554180.5000175000,0.0055056466,-0.0112016968,0.2350615379,0.3154503155,-0.6418099516,13.4680340482
554181.5000355000,0.0054631384,-0.0112073685,0.2009229630,0.3130147730,-0.6421349151,11.5120377897
554182.5000535001,0.0055428678,-0.0112191330,0.2059839379,0.3175829339,-0.6428089679,11.8020102910
554183.5000715000,0.0055117650,-0.0111828999,0.2291333190,0.3158008711,-0.6407329683,13.1283721268
554184.5000895000,0.0055180833,-0.0111888469,0.2209482747,0.3161628821,-0.6410737038,12.6594036335
554185.5001085000,0.0055179602,-0.0111831329,0.2008825080,0.3161558331,-0.6407463178,11.5097198891
554186.5001255000,0.0055302397,-0.0112261120,0.2077011382,0.3168593971,-0.6432088384,11.9003986217
554187.5001435000,0.0054813460,-0.0112014860,0.2510980006,0.3140579926,-0.6417978725,14.3868556769
554188.5001614999,0.0055363518,-0.0112014894,0.2062021587,0.3172095897,-0.6417980650,11.8145134213
554189.5001805000,0.0055174685,-0.0111895861,0.1837714607,0.3161276580,-0.6411160553,10.5293290902
554190.5001985000,0.0055308019,-0.0112066852,0.1918806258,0.3168916083,-0.6420957668,10.9939500306
554191.5002165000,0.0054934062,-0.0112011042,0.2240450959,0.3147489876,-0.6417759983,12.8368384156
554192.5002345000,0.0055363096,-0.0112198341,0.2201847476,0.3172071744,-0.6428491389,12.6156567490
554193.5002530001,0.0055179610,-0.0112015162,0.2155196005,0.3161558766,-0.6417996039,12.3483635082
554194.5002705000,0.0055302811,-0.0111770724,0.2044878485,0.3168617650,-0.6403990772,11.7162906784
554195.5002890000,0.0055363127,-0.0112199797,0.1947982655,0.3172073497,-0.6428574836,11.1611184701
554196.5003065000,0.0054878092,-0.0111827834,0.2393673493,0.3144283039,-0.6407262943,13.7147388657
554197.5003245000,0.0055058818,-0.0112197639,0.2012933507,0.3154637884,-0.6428451196,11.5332594374
554198.5003430001,0.0055362215,-0.0112015079,0.2061341175,0.3172021244,-0.6417991249,11.8106149471
554199.5003615000,0.0054816205,-0.0111769920,0.2063469326,0.3140737195,-0.6403944699,11.8228083562
554200.5003795000,0.0055118078,-0.0112074829,0.2253439164,0.3158033259,-0.6421414684,12.9112553466
554201.5003975000,0.0055488163,-0.0112322476,0.1987526801,0.3179237551,-0.6435603825,11.3876897341
554202.5004155000,0.0055483560,-0.0112141961,0.1934030289,0.3178973830,-0.6425261084,11.0811773034
554203.5004335000,0.0055181723,-0.0112254118,0.2104826313,0.3161679834,-0.6431687221,12.0597664338
554204.5004515001,0.0055238899,-0.0112323226,0.1984419002,0.3164955805,-0.6435646788,11.3698833608
554205.5004695000,0.0054998208,-0.0112071898,0.2095073854,0.3151165215,-0.6421246739,12.0038889602
554206.5004875000,0.0054997418,-0.0112071757,0.2000976447,0.3151119931,-0.6421238669,11.4647505296
554207.5005055000,0.0054872444,-0.0112069996,0.2072285735,0.3143959468,-0.6421137805,11.8733226550
554208.5005240000,0.0055298900,-0.0111953569,0.2178406330,0.3168393608,-0.6414467009,12.4813488784
554209.5005425001,0.0055304433,-0.0111761785,0.2208911346,0.3168710587,-0.6403478575,12.6561297439
554210.5005605000,0.0054997830,-0.0111885864,0.2302272635,0.3151143542,-0.6410587775,13.1910505293
554211.5005785000,0.0055303584,-0.0112316957,0.2350771329,0.3168661947,-0.6435287604,13.4689275779
554212.5005965000,0.0055056141,-0.0112010837,0.1879068086,0.3154484516,-0.6417748226,10.7662670763
554213.5006145000,0.0054689761,-0.0111949867,0.1906059555,0.3133492500,-0.6414254892,10.9209167994
554214.5006325000,0.0055058990,-0.0112067559,0.2260531496,0.3154647756,-0.6420998143,12.9518914157
554215.5006504999,0.0055060612,-0.0112017213,0.2108759481,0.3154740692,-0.6418113522,12.0823018283
554216.5006685000,0.0055241392,-0.0112375353,0.2211224193,0.3165098620,-0.6438633426,12.6693813800
554217.5006865000,0.0055241310,-0.0111894699,0.2069588419,0.3165093896,-0.6411094018,11.8578681727
554218.5007055000,0.0055120186,-0.0111831000,0.1965670106,0.3158154048,-0.6407444340,11.2624600973
554219.5007235000,0.0055300749,-0.0111710642,0.1959407747,0.3168499508,-0.6400548301,11.2265794242
554220.5007414999,0.0055118108,-0.0111833806,0.1950646335,0.3158034952,-0.6407605099,11.1763802333
554221.5007595000,0.0054874557,-0.0112138806,0.2008154003,0.3144080505,-0.6425080297,11.5058748996
554222.5007775000,0.0055121048,-0.0112009081,0.2097916700,0.3158203433,-0.6417647636,12.0201772704
554223.5007955000,0.0055059307,-0.0112259230,0.2133476109,0.3154665896,-0.6431980110,12.2239176725
554224.5008135000,0.0055361855,-0.0112201443,0.1922004927,0.3172000634,-0.6428669145,11.0122770497
554225.5008315000,0.0055117522,-0.0112077091,0.2068428060,0.3158001405,-0.6421544313,11.8512198082
554226.5008495001,0.0055118891,-0.0112262574,0.2205896762,0.3158079835,-0.6432171680,12.6388574506
554227.5008675000,0.0055179754,-0.0111710911,0.2148399378,0.3161567044,-0.6400563720,12.3094217088
554228.5008865000,0.0055364977,-0.0112444328,0.1937663629,0.3172179534,-0.6442585431,11.1019948086
554229.5009045000,0.0055239934,-0.0112071925,0.1786357733,0.3165015076,-0.6421248282,10.2350758810
554230.5009225000,0.0055180246,-0.0111955502,0.2223504075,0.3161595221,-0.6414577764,12.7397399230
554231.5009405001,0.0055364936,-0.0112563397,0.2160558631,0.3172177148,-0.6449407558,12.3790890947
554232.5009585000,0.0055117973,-0.0111772729,0.2358728449,0.3158027243,-0.6404105624,13.5145185162
554233.5009765000,0.0055178137,-0.0112136539,0.1946011009,0.3161474383,-0.6424950396,11.1498217699
554234.5009945000,0.0054692425,-0.0111956466,0.2304414834,0.3133645140,-0.6414633001,13.2033244233
554235.5010125000,0.0055181257,-0.0111826845,0.2044244779,0.3161653151,-0.6407206280,11.7126598133
554236.5010305000,0.0054690149,-0.0111953794,0.1995900458,0.3133514710,-0.6414479871,11.4356672550
554237.5010485000,0.0055301978,-0.0112070956,0.2048635226,0.3168569919,-0.6421192767,11.7378152216
554238.5010675000,0.0054445975,-0.0111826191,0.2317732612,0.3119524574,-0.6407168758,13.2796296681
554239.5010855000,0.0054631140,-0.0111947698,0.2110786854,0.3130133771,-0.6414130601,12.0939178161
554240.5011035000,0.0055056983,-0.0111948575,0.2104301243,0.3154532762,-0.6414180862,12.0567580057
554241.5011215000,0.0055060678,-0.0111834129,0.2184930698,0.3154744451,-0.6407623571,12.5187307503
554242.5011394999,0.0055299369,-0.0112132883,0.1986643038,0.3168420446,-0.6424740926,11.3826261486
554243.5011575000,0.0054751970,-0.0111953020,0.2391837452,0.3137056789,-0.6414435552,13.7042191301
554244.5011755000,0.0054996000,-0.0111892168,0.2174361094,0.3151038715,-0.6410948958,12.4581713822
554245.5011935000,0.0055056379,-0.0111954728,0.1941100673,0.3154498152,-0.6414533400,11.1216876170
554246.5012115000,0.0054811446,-0.0112074789,0.2223442057,0.3140464530,-0.6421412376,12.7393845835
554247.5012300001,0.0055058699,-0.0112016749,0.1979788242,0.3154631093,-0.6418086950,11.3433510596
554248.5012485000,0.0055181713,-0.0112196699,0.1983329846,0.3161679244,-0.6428397323,11.3636429581
554249.5012660000,0.0054933699,-0.0111649930,0.1924424698,0.3147469109,-0.6397069792,11.0261413166
554250.5012840000,0.0055240034,-0.0111894680,0.2449189432,0.3165020793,-0.6411092939,14.0328217666
554251.5013020000,0.0055362744,-0.0112322406,0.2003427491,0.3172051590,-0.6435599834,11.4787939813
554252.5013200000,0.0054936156,-0.0111952959,0.2063841835,0.3147609893,-0.6414432080,11.8249426737
554253.5013379999,0.0055057413,-0.0111772300,0.1972899671,0.3154557394,-0.6404081081,11.3038824529
554254.5013560000,0.0055423510,-0.0112258670,0.1940779211,0.3175533192,-0.6431948016,11.1198457744
554255.5013740000,0.0055486803,-0.0112012327,0.1884686727,0.3179159655,-0.6417833586,10.7984595134
554256.5013920000,0.0055118424,-0.0112199246,0.2112059213,0.3158053044,-0.6428543267,12.1012078994
554257.5014110000,0.0054995096,-0.0111954012,0.2125400687,0.3150986883,-0.6414492395,12.1776489116
554258.5014289999,0.0055120333,-0.0111771956,0.2092976330,0.3158162428,-0.6404061352,11.9918710336
554259.5014470000,0.0054572595,-0.0111831624,0.2261386217,0.3126779386,-0.6407480073,12.9567886091
554260.5014650000,0.0055360616,-0.0112255291,0.2152926704,0.3171929675,-0.6431754412,12.3353613749
554261.5014830000,0.0055119874,-0.0112014800,0.2090516827,0.3158136148,-0.6417975297,11.9777791176
554262.5015010000,0.0055239942,-0.0112444379,0.2303803811,0.3165015516,-0.6442588349,13.1998235204
554263.5015190000,0.0054996817,-0.0111953955,0.2022532349,0.3151085474,-0.6414489137,11.5882567518
554264.5015370001,0.0055242803,-0.0112199777,0.2058865823,0.3165179441,-0.6428573696,11.7964322233
554265.5015550000,0.0054934439,-0.0112016407,0.1813023212,0.3147511503,-0.6418067384,10.3878578208
554266.5015730000,0.0054939044,-0.0111767781,0.1886094537,0.3147775347,-0.6403822118,10.8065256709
554267.5015920000,0.0054814415,-0.0111892826,0.2063738513,0.3140634648,-0.6410986676,11.8243506836
554268.5016095000,0.0055178658,-0.0112376809,0.1909860164,0.3161504202,-0.6438716871,10.9426926842
554269.5016274999,0.0055057542,-0.0112321495,0.2135343423,0.3154564769,-0.6435547633,12.2346165931
554270.5016460000,0.0054568263,-0.0111953622,0.1893260179,0.3126531188,-0.6414470054,10.8475817767
554271.5016640000,0.0055303270,-0.0111894165,0.2047785019,0.3168643954,-0.6411063434,11.7329438947
554272.5016820000,0.0054992973,-0.0112200906,0.1873457865,0.3150865263,-0.6428638378,10.7341228778
554273.5017000000,0.0054996149,-0.0111771847,0.2149004987,0.3151047240,-0.6404055090,12.3128915931
554274.5017180000,0.0055057901,-0.0112137663,0.2151948271,0.3154585346,-0.6425014829,12.3297553655
554275.5017359999,0.0055427149,-0.0111645729,0.2074083920,0.3175741735,-0.6396829090,11.8836254984
554276.5017540000,0.0055180878,-0.0112136156,0.2008003082,0.3161631444,-0.6424928445,11.5050101849
554277.5017730000,0.0055300640,-0.0111834339,0.2163592567,0.3168493254,-0.6407635613,12.3964722693
554278.5017905000,0.0055485666,-0.0111772745,0.2208445263,0.3179094458,-0.6404106568,12.6534592829
554279.5018090000,0.0055121015,-0.0111773571,0.1932362597,0.3158201507,-0.6404153904,11.0716221281
554280.5018269999,0.0055175748,-0.0111896311,0.2035584204,0.3161337483,-0.6411186372,11.6630383752
554281.5018450000,0.0055246390,-0.0112013714,0.2400298615,0.3165384957,-0.6417913061,13.7526980187
554282.5018630000,0.0054936042,-0.0112445573,0.2287855355,0.3147603327,-0.6442656750,13.1084456005
554283.5018810000,0.0055179419,-0.0112628719,0.2165726971,0.3161547833,-0.6453150247,12.4087015034
554284.5018990000,0.0055119756,-0.0111953322,0.2169986694,0.3158129398,-0.6414452862,12.4331079166
554285.5019170000,0.0055367658,-0.0112504989,0.2034812659,0.3172333107,-0.6446061067,11.6586177478
554286.5019350001,0.0055299742,-0.0111708710,0.2093435902,0.3168441812,-0.6400437594,11.9945041860
554287.5019540000,0.0054754619,-0.0112135642,0.1867760262,0.3137208586,-0.6424899027,10.7014780141
554288.5019720000,0.0055119420,-0.0112013292,0.1919552455,0.3158110114,-0.6417888872,10.9982254213
554289.5019900000,0.0054936731,-0.0112136404,0.2137858936,0.3147642802,-0.6424942650,12.2490294254
554290.5020080000,0.0054999934,-0.0112257177,0.2241027277,0.3151264096,-0.6431862454,12.8401404771
554291.5020260001,0.0055118885,-0.0111650956,0.2161202899,0.3158079506,-0.6397128558,12.3827804786
554292.5020440000,0.0055303488,-0.0112440059,0.2095296084,0.3168656462,-0.6442340811,12.0051622457
554293.5020620000,0.0055239755,-0.0111957448,0.1935736922,0.3165004835,-0.6414689274,11.0909555873
554294.5020800000,0.0055244589,-0.0112133184,0.2123361585,0.3165281791,-0.6424758172,12.1659657193
554295.5020980000,0.0055301219,-0.0112139811,0.2215968864,0.3168526471,-0.6425137894,12.6965663462
554296.5021160000,0.0055119330,-0.0112197144,0.2300740977,0.3158104970,-0.6428422849,13.1822747734
554297.5021350000,0.0055121600,-0.0112137234,0.1929616374,0.3158235032,-0.6424990241,11.0558874299
554298.5021540000,0.0055304201,-0.0111954677,0.1780863237,0.3168697326,-0.6414530514,10.2035947362
554299.5021710000,0.0055240420,-0.0112260191,0.2089774219,0.3165042944,-0.6432035134,11.9735242876
554300.5021890000,0.0054876522,-0.0112071853,0.2107164052,0.3144193097,-0.6421244177,12.0731606899
554301.5022070000,0.0055423198,-0.0112078911,0.2232590410,0.3175515332,-0.6421648548,12.7918007887
554302.5022249999,0.0055364030,-0.0111893024,0.2060022663,0.3172125239,-0.6410998040,11.8030604315
554303.5022430000,0.0054691783,-0.0112257694,0.1971981447,0.3133608337,-0.6431892067,11.2986214207
554304.5022610000,0.0054938034,-0.0112015274,0.2001170780,0.3147717504,-0.6418002465,11.4658639767
554305.5022790000,0.0054992876,-0.0112319117,0.1964616172,0.3150859723,-0.6435411371,11.2564215035
554306.5022970000,0.0055306078,-0.0111896551,0.1746489305,0.3168804869,-0.6411200138,10.0066466132
554307.5023159999,0.0055242684,-0.0112435318,0.2078752782,0.3165172660,-0.6442069165,11.9103761052
554308.5023340000,0.0054995698,-0.0112015552,0.1978919032,0.3151021399,-0.6418018361,11.3383708553
554309.5023520000,0.0054995896,-0.0111832102,0.2191005547,0.3151032736,-0.6407507443,12.5535370747
554310.5023700000,0.0055306233,-0.0111952746,0.2200761049,0.3168813726,-0.6414419840,12.6094319827
554311.5023880000,0.0054993364,-0.0111774281,0.2062696007,0.3150887661,-0.6404194560,11.8183775624
554312.5024060000,0.0055059194,-0.0111829897,0.2147041444,0.3154659443,-0.6407381138,12.3016413185
554313.5024240001,0.0055179192,-0.0112136703,0.1925622709,0.3161534841,-0.6424959802,11.0330054133
554314.5024420000,0.0055059794,-0.0111830758,0.2132195397,0.3154693826,-0.6407430444,12.2165797363
554315.5024600000,0.0055057493,-0.0112259958,0.1847871915,0.3154561953,-0.6432021785,10.5875261833
554316.5024790000,0.0055182820,-0.0111954199,0.2043753521,0.3161742685,-0.6414503092,11.7098451091
554317.4999970000,0.0054931430,-0.0111960860,0.1957094406,0.3147339083,-0.6414884746,11.2133249550
554318.4975155001,0.0054938752,-0.0111888102,0.2213775300,0.3147758640,-0.6410716043,12.6839981469
554319.4975335000,0.0055179998,-0.0111953557,0.2163460301,0.3161581026,-0.6414466311,12.3957144386
554320.4975515000,0.0054935747,-0.0112137272,0.2087921892,0.3147586447,-0.6424992432,11.9629112364
554321.4975695000,0.0054872283,-0.0112260932,0.2171151293,0.3143950238,-0.6432077610,12.4397805762
554322.4975875000,0.0055245080,-0.0111892766,0.2166528780,0.3165309918,-0.6410983274,12.4132955277
554323.4976055000,0.0054877197,-0.0112379596,0.2067367965,0.3144231798,-0.6438876564,11.8451459121
554324.4976234999,0.0055058495,-0.0112134154,0.2031501032,0.3154619366,-0.6424813745,11.6396435217
554325.4976415000,0.0055061164,-0.0112318282,0.2387235890,0.3154772320,-0.6435363534,13.6778541188
554326.4976595000,0.0054935708,-0.0111771684,0.2341769744,0.3147584208,-0.6404045787,13.4173522933
554327.4976775000,0.0055182701,-0.0112016425,0.2031185024,0.3161735895,-0.6418068397,11.6378329272
554328.4976965000,0.0055424991,-0.0112381089,0.1957014659,0.3175618047,-0.6438962113,11.2128680379
554329.4977144999,0.0055181949,-0.0112259523,0.2534385027,0.3161692811,-0.6431996865,14.5209565712
554330.4977325000,0.0054814323,-0.0112563385,0.2123336295,0.3140629382,-0.6449406865,12.1658208201
554331.4977505000,0.0055181919,-0.0112075314,0.2220590321,0.3161691056,-0.6421442475,12.7230453400
554332.4977685000,0.0054879585,-0.0112008797,0.2227637193,0.3144368617,-0.6417631313,12.7634209459
554333.4977865000,0.0055059410,-0.0111892996,0.2093246118,0.3154671813,-0.6410996440,11.9934168033
554334.4978045000,0.0054752981,-0.0112012882,0.2371625936,0.3137114709,-0.6417865364,13.5884156697
554335.4978225001,0.0055117907,-0.0112020083,0.2151817469,0.3158023428,-0.6418277952,12.3290059264
554336.4978405000,0.0055239923,-0.0112202058,0.2310309693,0.3165014472,-0.6428704378,13.2370994755
554337.4978585000,0.0055119670,-0.0111773851,0.2081399848,0.3158124483,-0.6404169935,11.9255426778
554338.4978770000,0.0055061085,-0.0111763635,0.2082378416,0.3154767770,-0.6403584587,11.9311494609
554339.4978955000,0.0055058303,-0.0112259861,0.2080627702,0.3154608383,-0.6432016262,11.9211186064
554340.4979135001,0.0055179152,-0.0111833043,0.2130952443,0.3161532526,-0.6407561360,12.2094581301
554341.4979315000,0.0054999200,-0.0111891915,0.1865357687,0.3151222051,-0.6410934506,10.6877122738
554342.4979495000,0.0055058044,-0.0112261112,0.2186510821,0.3154593568,-0.6432087931,12.5277841887
554343.4979675000,0.0054752810,-0.0112254556,0.1905402699,0.3137104905,-0.6431712304,10.9171532897
554344.4979855000,0.0055060519,-0.0112013168,0.1983449624,0.3154735375,-0.6417881776,11.3643292359
554345.4980035000,0.0055180697,-0.0111771219,0.2101874741,0.3161621054,-0.6404019115,12.0428551738
554346.4980215000,0.0054998059,-0.0111891110,0.2330889193,0.3151156663,-0.6410888340,13.3550113298
554347.4980395000,0.0055180505,-0.0112077760,0.1830251024,0.3161610040,-0.6421582613,10.4865659152
554348.4980585000,0.0055364255,-0.0111894366,0.2096545295,0.3172138158,-0.6411074917,12.0123196935
554349.4980765000,0.0054813970,-0.0112317915,0.2032716766,0.3140609134,-0.6435342503,11.6466091631
554350.4980945000,0.0054878850,-0.0112078007,0.1844164450,0.3144326464,-0.6421596790,10.5662839695
554351.4981124999,0.0054996605,-0.0112501904,0.2310956133,0.3151073335,-0.6445884261,13.2408033073
554352.4981305000,0.0054874022,-0.0112140685,0.2305531856,0.3144049845,-0.6425187986,13.2097244865
554353.4981485000,0.0054569295,-0.0112016736,0.2006849348,0.3126590309,-0.6418086230,11.4983997774
554354.4981665000,0.0055182453,-0.0111896777,0.2272460141,0.3161721649,-0.6411213061,13.0202375194
554355.4981850000,0.0055179315,-0.0111834152,0.2029451483,0.3161541885,-0.6407624903,11.6279004719
554356.4982024999,0.0054996687,-0.0112018067,0.2304918733,0.3151078027,-0.6418162484,13.2062115542
554357.4982205000,0.0054999979,-0.0112379943,0.1831201737,0.3151266677,-0.6438896463,10.4920130972
554358.4982395000,0.0055423989,-0.0112387141,0.1930182642,0.3175560629,-0.6439308852,11.0591319051
554359.4982575000,0.0055120136,-0.0112382610,0.2004330609,0.3158151136,-0.6439049251,11.4839684667
554360.4982755000,0.0055241488,-0.0112200372,0.2006563102,0.3165104111,-0.6428607775,11.4967597053
554361.4982935000,0.0054873616,-0.0112443034,0.2037127966,0.3144026580,-0.6442511281,11.6718834805
554362.4983115001,0.0054998609,-0.0112075141,0.1989722108,0.3151188197,-0.6421432566,11.4002679194
554363.4983295000,0.0055302964,-0.0111955164,0.2195503972,0.3168626453,-0.6414558388,12.5793111498
554364.4983475000,0.0054817234,-0.0112007935,0.2182583671,0.3140796159,-0.6417581939,12.5052832757
554365.4983655000,0.0055243407,-0.0112013941,0.2071102983,0.3165214077,-0.6417926093,11.8665459863
554366.4983835000,0.0054995974,-0.0111892454,0.1844971353,0.3151037224,-0.6410965360,10.5709071863
554367.4984015001,0.0055180706,-0.0111831925,0.1981293041,0.3161621563,-0.6407497292,11.3519729242
554368.4984200000,0.0055119800,-0.0111955732,0.1689646223,0.3158131892,-0.6414590960,9.6809597476
554369.4984375000,0.0054811751,-0.0111647868,0.2057918315,0.3140482020,-0.6396951631,11.7910034027
554370.4984565000,0.0054874170,-0.0112016122,0.2441677408,0.3144058337,-0.6418051042,13.9897810424
554371.4984745000,0.0055121177,-0.0111888271,0.2083089354,0.3158210819,-0.6410725693,11.9352228318
554372.4984925000,0.0055790079,-0.0112140281,0.2084809570,0.3196536068,-0.6425164806,11.9450789461
554373.4985105000,0.0055241260,-0.0111650762,0.1877917492,0.3165091058,-0.6397117436,10.7596746544
554374.4985285000,0.0055180848,-0.0112320846,0.1788565730,0.3161629700,-0.6435510455,10.2477267710
554375.4985465000,0.0055120158,-0.0111953911,0.2230778046,0.3158152425,-0.6414486585,12.7814167049
554376.4985645000,0.0054872629,-0.0112076154,0.2069716776,0.3143970038,-0.6421490605,11.8586036059
554377.4985825000,0.0055122853,-0.0112069524,0.2008267937,0.3158306847,-0.6421110741,11.5065276910
554378.4986010001,0.0054996535,-0.0112016058,0.2163305431,0.3151069342,-0.6418047367,12.3948270970
554379.4986195000,0.0055301511,-0.0112444088,0.1915440332,0.3168543182,-0.6442571662,10.9746646943
554380.4986375000,0.0055061361,-0.0111890860,0.2264125273,0.3154783572,-0.6410874055,12.9724822420
554381.4986555000,0.0055180894,-0.0112075641,0.2295877456,0.3161632344,-0.6421461230,13.1544088530
554382.4986735000,0.0055487700,-0.0111715503,0.1985392913,0.3179211029,-0.6400826853,11.3754634592
554383.4986914999,0.0055239651,-0.0112439106,0.1816180567,0.3164998848,-0.6442286230,10.4059481322
554384.4987095001,0.0055060854,-0.0112255574,0.2242418463,0.3154754577,-0.6431770592,12.8481113859
554385.4987275000,0.0055243122,-0.0112319864,0.1981905159,0.3165197712,-0.6435454147,11.3554800984
554386.4987455000,0.0055362504,-0.0111957315,0.2199289604,0.3172037800,-0.6414681629,12.6010012240
554387.4987635000,0.0055055435,-0.0111832469,0.2036457688,0.3154444046,-0.6407528469,11.6680430703
554388.4987820000,0.0055242140,-0.0112203195,0.2315872165,0.3165141451,-0.6428769540,13.2689700944
554389.4988005001,0.0055117368,-0.0112196070,0.2143893735,0.3157992545,-0.6428361291,12.2836062766
554390.4988185000,0.0055183089,-0.0111705067,0.2380241400,0.3161758107,-0.6400228864,13.6377786414
554391.4988365000,0.0055119662,-0.0112076058,0.2050188466,0.3158124018,-0.6421485134,11.7467146312
554392.4988545000,0.0054690823,-0.0112197540,0.2000297066,0.3133553339,-0.6428445535,11.4608579628
554393.4988725000,0.0054814835,-0.0112196598,0.1987991966,0.3140658715,-0.6428391558,11.3903549386
554394.4988905001,0.0055298493,-0.0112077559,0.2022121669,0.3168370239,-0.6421571096,11.5859037315
554395.4989085000,0.0055178459,-0.0111832405,0.2187593413,0.3161492796,-0.6407524834,12.5339869874
554396.4989265000,0.0055063314,-0.0112320053,0.1992759117,0.3154895486,-0.6435464964,11.4176687018
554397.4989445000,0.0054996760,-0.0112134909,0.2086549820,0.3151082237,-0.6424856995,11.9550498439
554398.4989630000,0.0055361558,-0.0112323056,0.1975222014,0.3171983619,-0.6435637044,11.3171885024
554399.4989815000,0.0054998236,-0.0112076350,0.1873827897,0.3151166824,-0.6421501852,10.7362430033
554400.4989994999,0.0054996956,-0.0112260151,0.1718412117,0.3151093480,-0.6432032835,9.8457761757
554401.4990175000,0.0055361099,-0.0111953638,0.2155299911,0.3171957321,-0.6414470954,12.3489588509
554402.4990355000,0.0055183547,-0.0111832657,0.2101671714,0.3161784362,-0.6407539274,12.0416919132
554403.4990535000,0.0054939521,-0.0112006979,0.2129917361,0.3147802660,-0.6417527195,12.2035275483
554404.4990715000,0.0055302772,-0.0111771281,0.2223701954,0.3168615431,-0.6404022656,12.7408736831
554405.4990894999,0.0055301655,-0.0112077546,0.2113064516,0.3168551455,-0.6421570341,12.1069678589
554406.4991075000,0.0054935698,-0.0111832630,0.2330628289,0.3147583642,-0.6407537739,13.3535164557
554407.4991255000,0.0055178855,-0.0112445319,0.2141445037,0.3161515523,-0.6442642199,12.2695762675
554408.4991440000,0.0055179898,-0.0112262715,0.2145566311,0.3161575274,-0.6432179755,12.2931894261
554409.4991625000,0.0055177298,-0.0112202228,0.2404169743,0.3161426287,-0.6428714124,13.7748779485
554410.4991805000,0.0055063474,-0.0111829608,0.2039660461,0.3154904659,-0.6407364590,11.6863936040
554411.4991990000,0.0055304150,-0.0112198060,0.2137638980,0.3168694391,-0.6428475334,12.2477691694
554412.4992165000,0.0055361388,-0.0111590037,0.2045895736,0.3171973858,-0.6393638156,11.7221191001
554413.4992345000,0.0054816560,-0.0112012167,0.2335143906,0.3140757512,-0.6417824397,13.3793890367
554414.4992525000,0.0054932652,-0.0112261086,0.2273411592,0.3147409089,-0.6432086435,13.0256889344
554415.4992705000,0.0054936118,-0.0112202258,0.2051175756,0.3147607702,-0.6428715852,11.7523713831
554416.4992885001,0.0055059162,-0.0112008439,0.2039520607,0.3154657597,-0.6417610801,11.6855923018
554417.4993070000,0.0055240839,-0.0112077816,0.1897900727,0.3165066938,-0.6421585812,10.8741701618
554418.4993245000,0.0054811055,-0.0112199738,0.2175704066,0.3140442135,-0.6428571425,12.4658660434
554419.4993435000,0.0055057363,-0.0112137666,0.2181267272,0.3154554538,-0.6425014985,12.4977408676
554420.4993615000,0.0054998005,-0.0112077498,0.1919589785,0.3151153592,-0.6421567612,10.9984393086
554421.4993795000,0.0055119038,-0.0112381488,0.2205467241,0.3158088220,-0.6438984972,12.6363964784
554422.4993975000,0.0054874585,-0.0111890429,0.2279140734,0.3144082127,-0.6410849361,13.0585144969
554423.4994155000,0.0054999745,-0.0112257081,0.2081335208,0.3151253272,-0.6431856936,11.9251723180
554424.4994335000,0.0054935286,-0.0112014890,0.2299332211,0.3147560025,-0.6417980443,13.1742031393
554425.4994530000,0.0054997501,-0.0111648851,0.2070420835,0.3151124695,-0.6397007941,11.8626375672
554426.4994695000,0.0055118515,-0.0112259427,0.2282115094,0.3158058301,-0.6431991351,13.0755563250
554427.4994874999,0.0054875499,-0.0112318257,0.1998682723,0.3144134472,-0.6435362100,11.4516084618
554428.4995055000,0.0054814667,-0.0111952461,0.2165046802,0.3140649080,-0.6414403520,12.4048044187
554429.4995245000,0.0054937419,-0.0112011537,0.2011893506,0.3147682253,-0.6417788320,11.5273006700
554430.4995425000,0.0055238535,-0.0111896144,0.2179125815,0.3164934943,-0.6411176808,12.4854712243
554431.4995605000,0.0055180302,-0.0112442963,0.2027563968,0.3161598394,-0.6442507233,11.6170858069
554432.4995784999,0.0054693115,-0.0112134543,0.2311664048,0.3133684635,-0.6424836032,13.2448593613
554433.4995965000,0.0055179028,-0.0111896626,0.2306723483,0.3161525407,-0.6411204400,13.2165520061
554434.4996145000,0.0055363418,-0.0111959179,0.2037147106,0.3172090204,-0.6414788422,11.6719931435
554435.4996325000,0.0054995586,-0.0111955226,0.2131314314,0.3151014973,-0.6414561929,12.2115315001
554436.4996505000,0.0054817688,-0.0111949414,0.1989465498,0.3140822190,-0.6414228932,11.3987976545
554437.4996685000,0.0055178595,-0.0112017633,0.2010083250,0.3161500637,-0.6418137588,11.5169286714
554438.4996865001,0.0054509948,-0.0111588019,0.1929937110,0.3123189959,-0.6393522555,11.0577251102
554439.4997055000,0.0055119846,-0.0112196576,0.2338612446,0.3158134548,-0.6428390270,13.3992623091
554440.4997235000,0.0055115244,-0.0111960927,0.1833356502,0.3157870896,-0.6414888575,10.5043589922
554441.4997415000,0.0055363830,-0.0112326701,0.2140829035,0.3172113811,-0.6435845910,12.2660468370
554442.4997595000,0.0054631093,-0.0112252979,0.2202726330,0.3130131078,-0.6431621912,12.6206922147
554443.4997775001,0.0055605704,-0.0111898704,0.1739911747,0.3185972170,-0.6411323468,9.9689599816
554444.4997955000,0.0054996586,-0.0111894624,0.1913301987,0.3151072241,-0.6411089725,10.9624128773
554445.4998135000,0.0055302320,-0.0112261292,0.2181306949,0.3168589533,-0.6432098223,12.4979681981
554446.4998315000,0.0054996846,-0.0112137693,0.2078795882,0.3151087140,-0.6425016506,11.9106230510
554447.4998500000,0.0055176867,-0.0112199949,0.1902569428,0.3161401605,-0.6428583541,10.9009198428
554448.4998675000,0.0055302747,-0.0112383719,0.2059461336,0.3168614026,-0.6439112776,11.7998442628
554449.4998860001,0.0054816218,-0.0112132942,0.1737278330,0.3140737920,-0.6424744300,9.9538716172
554450.4999045000,0.0055241079,-0.0112138469,0.1936829880,0.3165080661,-0.6425061005,11.0972177780
554451.4999225000,0.0055057211,-0.0111954753,0.2165510035,0.3154545828,-0.6414534869,12.4074585526
554452.4999405000,0.0054817632,-0.0112316957,0.2193592155,0.3140818936,-0.6435287607,12.5683572461
554453.4999585000,0.0055301592,-0.0112324025,0.2069879599,0.3168547847,-0.6435692552,11.8595365139
554454.4999774999,0.0054940436,-0.0112079989,0.1959332130,0.3147855121,-0.6421710341,11.2261461697
554455.4999945000,0.0055060587,-0.0112313103,0.2051680551,0.3154739258,-0.6435066798,11.7552636462
554456.5000125000,0.0055118122,-0.0111832762,0.2142094262,0.3158035764,-0.6407545280,12.2732960544
554457.5000305000,0.0055178734,-0.0111772034,0.1824121923,0.3161508595,-0.6404065824,10.4514487510
554458.5000485000,0.0055059722,-0.0112563735,0.2121850376,0.3154689669,-0.6449426938,12.1573071313
554459.5000670000,0.0055239830,-0.0111955813,0.2056089100,0.3165009108,-0.6414595590,11.7805227746
554460.5000855001,0.0054691970,-0.0112317225,0.2126073753,0.3133619059,-0.6435302946,12.1815053008
554461.5001035000,0.0054994338,-0.0111960158,0.1944210857,0.3150943468,-0.6414844499,11.1395076613
554462.5001215000,0.0055185545,-0.0112196143,0.2037839457,0.3161898815,-0.6428365487,11.6759600203
554463.5001395000,0.0054874293,-0.0111771699,0.1893961300,0.3144065413,-0.6404046640,10.8515989048
554464.5001575000,0.0055121694,-0.0112199741,0.2025278695,0.3158240417,-0.6428571602,11.6039921573
554465.5001755001,0.0055241487,-0.0111958621,0.1980967996,0.3165104040,-0.6414756437,11.3501105538
554466.5001935000,0.0054999655,-0.0112320663,0.2111765084,0.3151248097,-0.6435499947,12.0995226657
554467.5002115000,0.0055481722,-0.0111956554,0.1857728337,0.3178868536,-0.6414638045,10.6439993192
554468.5002295000,0.0055302251,-0.0111647159,0.1948233612,0.3168585590,-0.6396910980,11.1625563454
554469.5002480000,0.0055116117,-0.0112202325,0.2064671279,0.3157920899,-0.6428719683,11.8296950361
554470.5002665001,0.0055056984,-0.0112198687,0.2330256081,0.3154532821,-0.6428511260,13.3513838601
554471.5002855000,0.0055302652,-0.0111835091,0.2182000744,0.3168608537,-0.6407678742,12.5019433500
554472.5003025000,0.0055177038,-0.0112259988,0.2142472911,0.3161411380,-0.6432023496,12.2754655500
554473.5003205000,0.0055119688,-0.0112140882,0.2063411208,0.3158125500,-0.6425199249,11.8224753631
554474.5003400000,0.0055239328,-0.0111894995,0.1905758390,0.3164980374,-0.6411110943,10.9191912526
554475.5003565000,0.0055242503,-0.0112194300,0.2199169115,0.3165162271,-0.6428259850,12.6003108711
554476.5003750001,0.0054876557,-0.0111831188,0.1883840490,0.3144195101,-0.6407455090,10.7936109351
554477.5003925000,0.0055364315,-0.0112137985,0.2380181498,0.3172141603,-0.6425033240,13.6374354288
554478.5004105000,0.0054813020,-0.0112502619,0.2209411720,0.3140554690,-0.6445925234,12.6589966739
554479.5004290000,0.0055244246,-0.0112320266,0.2121415698,0.3165262139,-0.6435477214,12.1548166097
554480.5004475000,0.0054813975,-0.0112074345,0.2124671531,0.3140609402,-0.6421386962,12.1734711593
554481.5004654999,0.0055181500,-0.0111830460,0.2419748995,0.3161667059,-0.6407413392,13.8641404919
554482.5004835000,0.0055484471,-0.0111896534,0.2336720677,0.3179025999,-0.6411199138,13.3884232689
554483.5005015000,0.0055182067,-0.0112139992,0.2011121795,0.3161699552,-0.6425148266,11.5228790948
554484.5005195000,0.0055120459,-0.0111895294,0.1796592568,0.3158169655,-0.6411128075,10.2937171672
554485.5005375000,0.0055483923,-0.0112016661,0.1898564552,0.3178994594,-0.6418081924,10.8779735955
554486.5005555000,0.0055362721,-0.0112081994,0.2306670129,0.3172050282,-0.6421825229,13.2162463149
554487.5005735001,0.0055365785,-0.0112197197,0.1988922274,0.3172225783,-0.6428425880,11.3956852067
554488.5005915000,0.0055123017,-0.0111706275,0.2059558212,0.3158316252,-0.6400298108,11.8003993205
554489.5006095000,0.0055057434,-0.0112075828,0.2261977657,0.3154558618,-0.6421471955,12.9601773075
554490.5006285000,0.0055362937,-0.0112017503,0.2289115615,0.3172062659,-0.6418130170,13.1156663584
554491.5006465000,0.0054936569,-0.0112259399,0.2129171303,0.3147633521,-0.6431989750,12.1992529539
554492.5006645001,0.0055060953,-0.0111952315,0.1940593843,0.3154760217,-0.6414395151,11.1187836974
554493.5006825000,0.0055177432,-0.0112445395,0.1948160934,0.3161433961,-0.6442646583,11.1621399305
554494.5007005000,0.0055179560,-0.0112382965,0.2406044405,0.3161555927,-0.6439069575,13.7856189702
554495.5007190000,0.0054694391,-0.0112130792,0.2257651954,0.3133757772,-0.6424621149,12.9353928564
554496.5007365000,0.0055059588,-0.0111831073,0.2202487721,0.3154682012,-0.6407448526,12.6193250848
554497.5007545000,0.0055242935,-0.0112012509,0.2203692886,0.3165187040,-0.6417844026,12.6262301720
554498.5007724999,0.0055420187,-0.0112018523,0.2089216737,0.3175342834,-0.6418188613,11.9703301502
554499.5007905000,0.0054878387,-0.0111649030,0.2178962623,0.3144299989,-0.6397018195,12.4845362034
554500.5008090000,0.0055179549,-0.0112014070,0.2234017729,0.3161555289,-0.6417933479,12.7999787241
554501.5008275000,0.0055243239,-0.0112012081,0.2197975501,0.3165204439,-0.6417819520,12.5934719658
554502.5008455000,0.0054996481,-0.0112076535,0.2006325685,0.3151066259,-0.6421512444,11.4953994095
554503.5008634999,0.0054813057,-0.0112075867,0.2116972103,0.3140556832,-0.6421474191,12.1293566863
554504.5008815000,0.0055178217,-0.0112201369,0.2166016188,0.3161478935,-0.6428664907,12.4103585916
554505.5008995000,0.0054875348,-0.0112321665,0.1976179057,0.3144125833,-0.6435557365,11.3226719545
554506.5009175000,0.0055119526,-0.0112017466,0.2037057083,0.3158116232,-0.6418128007,11.6714773485
554507.5009355000,0.0055118847,-0.0112070639,0.1953899055,0.3158077328,-0.6421174615,11.1950169439
554508.5009535000,0.0055058125,-0.0112200608,0.2264542770,0.3154598213,-0.6428621273,12.9748743229
554509.5009715001,0.0054813264,-0.0112322813,0.2156802269,0.3140568686,-0.6435623103,12.3575667233
554510.5009905000,0.0054817272,-0.0111953931,0.1974149909,0.3140798308,-0.6414487769,11.3110457886
554511.5010085000,0.0055300314,-0.0112510158,0.1930839137,0.3168474602,-0.6446357217,11.0628933441
554512.5010265000,0.0055422948,-0.0112203536,0.2085856972,0.3175501000,-0.6428789046,11.9510801183
554513.5010445000,0.0055058176,-0.0111894658,0.2180397921,0.3154601094,-0.6411091655,12.4927598534
554514.5010625001,0.0055122886,-0.0112258661,0.1972568297,0.3158308725,-0.6431947462,11.3019838207
554515.5010805000,0.0054630644,-0.0111771180,0.1923573671,0.3130105311,-0.6404016878,11.0212652946
554516.5010985000,0.0055060679,-0.0112078813,0.2014675925,0.3154744519,-0.6421642937,11.5432427615
554517.5011165000,0.0055058568,-0.0112140105,0.1642095584,0.3154623589,-0.6425154743,9.4085146544
554518.5011345000,0.0055058980,-0.0112203099,0.1917281557,0.3154647186,-0.6428764042,10.9852141338
554519.5011525000,0.0054811257,-0.0112199487,0.2042966663,0.3140453679,-0.6428557041,11.7053367454
554520.5011710000,0.0055063178,-0.0111950755,0.2109428898,0.3154887699,-0.6414305749,12.0861373052
554521.5011895000,0.0055117885,-0.0112570174,0.2176363442,0.3158022161,-0.6449795880,12.4696439895
554522.5012075000,0.0055180360,-0.0112079951,0.2239178313,0.3161601758,-0.6421708172,12.8295466932
554523.5012255000,0.0055485996,-0.0112202459,0.2182121762,0.3179113367,-0.6428727348,12.5026367337
554524.5012459999,0.0055240004,-0.0112507496,0.2026098369,0.3165019075,-0.6446204696,11.6086885425
554525.5012610001,0.0054815853,-0.0112020105,0.1791818348,0.3140717030,-0.6418279231,10.2663629012
554526.5012790000,0.0054873389,-0.0112140762,0.2212230098,0.3144013577,-0.6425192373,12.6751447918
554527.5012970000,0.0054875107,-0.0112381831,0.2123952444,0.3144112019,-0.6439004636,12.1693510902
554528.5013150000,0.0054934864,-0.0112140362,0.2282448754,0.3147535827,-0.6425169451,13.0774680553
554529.5013330000,0.0055240603,-0.0112083178,0.2096310916,0.3165053391,-0.6421893044,12.0109768047
554530.5013514999,0.0055057350,-0.0111956785,0.2161008871,0.3154553772,-0.6414651246,12.3816687805
554531.5013700000,0.0055181928,-0.0112202939,0.2091815062,0.3161691572,-0.6428754858,11.9852174550
554532.5013880000,0.0054936005,-0.0112262283,0.1880645962,0.3147601234,-0.6432155036,10.7753076399
554533.5014060000,0.0054934870,-0.0112078759,0.2152173971,0.3147536216,-0.6421639873,12.3310485336
554534.5014240000,0.0054936940,-0.0112196647,0.1990216839,0.3147654787,-0.6428394362,11.4031025197
554535.5014420000,0.0054933583,-0.0112200392,0.2065245976,0.3147462475,-0.6428608934,11.8329878096
554536.5014599999,0.0055178253,-0.0111832486,0.2001972158,0.3161481004,-0.6407529443,11.4704555331
554537.5014780000,0.0054939646,-0.0112135534,0.2042197518,0.3147809831,-0.6424892836,11.7009298701
554538.5014960000,0.0055240501,-0.0111954759,0.2010936909,0.3165047555,-0.6414535210,11.5218197765
554539.5015140000,0.0055364485,-0.0112018150,0.2059418982,0.3172151316,-0.6418167210,11.7996015928
554540.5015325000,0.0055123145,-0.0112258440,0.1760431316,0.3158323562,-0.6431934829,10.0865284516
554541.5015509999,0.0055118577,-0.0112019424,0.2197509001,0.3158061858,-0.6418240227,12.5907991218
554542.5015690000,0.0055486818,-0.0112080553,0.2010164857,0.3179160495,-0.6421742628,11.5173962406
554543.5015870000,0.0054936059,-0.0112445959,0.2144663861,0.3147604307,-0.6442678866,12.2880187714
554544.5016050000,0.0054814195,-0.0111958837,0.2129951395,0.3140622006,-0.6414768851,12.2037225497
554545.5016230000,0.0055182583,-0.0112445208,0.2201370938,0.3161729110,-0.6442635826,12.6129263872
554546.5016410000,0.0055176936,-0.0112083447,0.1985804993,0.3161405538,-0.6421908474,11.3778245010
554547.5016590001,0.0054752097,-0.0112133398,0.2292371690,0.3137064089,-0.6424770439,13.1343222923
554548.5016770000,0.0054995071,-0.0112081345,0.2239893306,0.3150985483,-0.6421788030,12.8336433008
554549.5016950000,0.0055176305,-0.0111837743,0.2312587252,0.3161369401,-0.6407830685,13.2501489303
554550.5017130000,0.0054998003,-0.0112136857,0.1772560482,0.3151153455,-0.6424968661,10.1560234565
554551.5017320000,0.0055056393,-0.0112078162,0.1872802918,0.3154498974,-0.6421605636,10.7303703068
554552.5017504999,0.0055239912,-0.0112136576,0.2073870350,0.3165013821,-0.6424952524,11.8824018290
554553.5017680000,0.0054758369,-0.0112009661,0.1855281229,0.3137423415,-0.6417680854,10.6299784254
554554.5017860000,0.0055059826,-0.0112014247,0.2048658543,0.3154695660,-0.6417943626,11.7379488179
554555.5018040000,0.0055362297,-0.0111955762,0.2056898563,0.3172025969,-0.6414592632,11.7851606564
554556.5018220000,0.0055120854,-0.0112323654,0.1976416323,0.3158192272,-0.6435671316,11.3240313862
554557.5018400000,0.0054936798,-0.0112018979,0.2052063887,0.3147646663,-0.6418214744,11.7574600017
554558.5018579999,0.0055423289,-0.0112267099,0.1862415000,0.3175520556,-0.6432430968,10.6708519215
554559.5018765000,0.0055120224,-0.0112321544,0.2104603209,0.3158156173,-0.6435550447,12.0584881439
554560.5018950000,0.0054934023,-0.0112252748,0.2238100935,0.3147487688,-0.6431608723,12.8233737675
554561.5019130000,0.0055242319,-0.0111831980,0.2067788461,0.3165151740,-0.6407500451,11.8475551764
554562.5019310000,0.0054814739,-0.0111585826,0.1773605714,0.3140653187,-0.6393396886,10.1620121927
554563.5019489999,0.0055241458,-0.0112077000,0.1925188730,0.3165102412,-0.6421539081,11.0305188988
554564.5019670000,0.0055117756,-0.0112377946,0.1991725975,0.3158014778,-0.6438781997,11.4117492335
554565.5019850000,0.0055123193,-0.0112142976,0.2197599872,0.3158326311,-0.6425319245,12.5913197734
554566.5020030000,0.0055121332,-0.0112010305,0.2054187300,0.3158219688,-0.6417717732,11.7696262609
554567.5020210000,0.0055119749,-0.0112017995,0.2025814368,0.3158129008,-0.6418158347,11.6070613379
554568.5020390000,0.0055060068,-0.0112201068,0.1926592517,0.3154709515,-0.6428647636,11.0385620068
554569.5020570001,0.0055179288,-0.0112079143,0.2054227275,0.3161540304,-0.6421661879,11.7698553018
554570.5020755000,0.0055544850,-0.0112020989,0.2175720739,0.3182485470,-0.6418329903,12.4659615743
554571.5020930000,0.0055122016,-0.0111894817,0.1712379538,0.3158258870,-0.6411100740,9.8112120450
554572.5021120000,0.0055368073,-0.0112142593,0.2304721582,0.3172356920,-0.6425297286,13.2050819584
554573.5021300000,0.0055423964,-0.0112073630,0.2195225671,0.3175559206,-0.6421346012,12.5777166000
554574.5021480001,0.0054935581,-0.0112018773,0.2052782147,0.3147576932,-0.6418202896,11.7615753258
554575.5021660000,0.0054873599,-0.0111955749,0.2293467187,0.3144025637,-0.6414591895,13.1405990272
554576.5021840000,0.0055181125,-0.0112322933,0.2167879853,0.3161645554,-0.6435629990,12.4210366048
554577.5022020000,0.0054936729,-0.0112139653,0.2016683202,0.3147642732,-0.6425128832,11.5547436118
554578.5022200000,0.0055060247,-0.0111895108,0.2416157580,0.3154719771,-0.6411117421,13.8435631997
554579.5022380000,0.0054877915,-0.0111832706,0.2041310061,0.3144272926,-0.6407542043,11.6958451149
554580.5022559999,0.0055056557,-0.0112324695,0.1851704813,0.3154508323,-0.6435730952,10.6094870717
554581.5022750000,0.0054876125,-0.0112261209,0.2045208335,0.3144170354,-0.6432093506,11.7181805813
554582.5022930000,0.0055485975,-0.0111835556,0.1971760146,0.3179112172,-0.6407705350,11.2973534593
554583.5023110000,0.0054874322,-0.0112262175,0.2037688637,0.3144067078,-0.6432148850,11.6750958873
554584.5023300000,0.0055180912,-0.0111957903,0.1850241863,0.3161633394,-0.6414715327,10.6011049801
554585.5023474999,0.0055307644,-0.0112201914,0.2552475387,0.3168894577,-0.6428696106,14.6246066999
554586.5023650000,0.0055304162,-0.0111767884,0.2395812551,0.3168695065,-0.6403828051,13.7269947648
554587.5023830000,0.0055055949,-0.0112204121,0.2155196527,0.3154473535,-0.6428822566,12.3483665034
554588.5024010000,0.0054506928,-0.0112507024,0.2150604638,0.3123016925,-0.6446177631,12.3220569177
554589.5024190000,0.0055182164,-0.0112018136,0.1982769421,0.3161705084,-0.6418166396,11.3604319550
554590.5024370000,0.0055059673,-0.0112141692,0.2068369162,0.3154686858,-0.6425245671,11.8508823435
554591.5024550000,0.0055238647,-0.0111835991,0.2149506523,0.3164941367,-0.6407730295,12.3157651813
554592.5024735000,0.0054510189,-0.0111950005,0.2001526543,0.3123203789,-0.6414262780,11.4679023515
554593.4999919999,0.0055177805,-0.0112088425,0.2166022470,0.3161455338,-0.6422193709,12.4103945834
554594.4975105000,0.0054692940,-0.0111895654,0.1981190464,0.3133674623,-0.6411148745,11.3513852001
554595.4975285000,0.0054934268,-0.0112013989,0.2148901489,0.3147501705,-0.6417928815,12.3122985930
554596.4975465001,0.0055056654,-0.0112021134,0.2150301306,0.3154513931,-0.6418338187,12.3203189527
554597.4975645000,0.0055246057,-0.0112014165,0.2040273330,0.3165365908,-0.6417938881,11.6899050890
554598.4975825000,0.0055119898,-0.0111834034,0.2392986473,0.3158137498,-0.6407618134,13.7108025314
554599.4976005000,0.0054997202,-0.0112324451,0.2016804712,0.3151107556,-0.6435716961,11.5554398099
554600.4976185000,0.0054995879,-0.0112204438,0.2098767587,0.3151031732,-0.6428840753,12.0250524911
554601.4976365000,0.0054812049,-0.0111956885,0.1950864590,0.3140499054,-0.6414656998,11.1776307400
554602.4976550000,0.0055664436,-0.0112085330,0.2232838811,0.3189337267,-0.6422016368,12.7932240229
554603.4976725000,0.0054756121,-0.0111893847,0.2314670458,0.3137294655,-0.6411045167,13.2620848232
554604.4976915000,0.0055119251,-0.0112136334,0.1959929373,0.3158100459,-0.6424938671,11.2295681233
554605.4977095000,0.0055118777,-0.0112019841,0.2035766494,0.3158073268,-0.6418264120,11.6640828168
554606.4977275000,0.0055055236,-0.0112202209,0.2024131529,0.3154432651,-0.6428713053,11.5974193789
554607.4977454999,0.0054998180,-0.0111897730,0.2059079712,0.3151163598,-0.6411267660,11.7976577166
554608.4977635000,0.0055361276,-0.0112076337,0.1788608196,0.3171967462,-0.6421501115,10.2479700831
554609.4977820000,0.0055120702,-0.0112020093,0.2220431207,0.3158183583,-0.6418278559,12.7221336883
554610.4977995000,0.0055000690,-0.0111954875,0.1887217364,0.3151307426,-0.6414541807,10.8129590001
554611.4978185000,0.0054997144,-0.0112079628,0.1893947342,0.3151104234,-0.6421689663,10.8515189326
554612.4978354999,0.0055486373,-0.0112140684,0.1894500628,0.3179135012,-0.6425187917,10.8546890294
554613.4978535000,0.0055241425,-0.0112264992,0.1853741632,0.3165100520,-0.6432310220,10.6211571837
554614.4978725000,0.0054874537,-0.0111957182,0.2140792705,0.3144079379,-0.6414674010,12.2658386793
554615.4978905000,0.0055301110,-0.0112081912,0.2009661800,0.3168520233,-0.6421820511,11.5145139361
554616.4979085000,0.0054870939,-0.0112081677,0.2089809772,0.3143873244,-0.6421807062,11.9737279944
554617.4979265000,0.0055301694,-0.0112199029,0.2182408792,0.3168553668,-0.6428530804,12.5042812947
554618.4979445001,0.0055058874,-0.0111891914,0.2103504445,0.3154641079,-0.6410934443,12.0521926873
554619.4979625000,0.0054996348,-0.0112077489,0.2122773566,0.3151058623,-0.6421567093,12.1625966182
554620.4979805000,0.0054996907,-0.0112199039,0.2186614657,0.3151090643,-0.6428531377,12.5283791254
554621.4979985000,0.0054630717,-0.0111829439,0.1981813449,0.3130109523,-0.6407354868,11.3549546427
554622.4980170000,0.0054509629,-0.0112015757,0.2069985774,0.3123171663,-0.6418030141,11.8601448529
554623.4980345001,0.0055359986,-0.0112261013,0.2278258347,0.3171893524,-0.6432082277,13.0534587936
554624.4980525000,0.0054995065,-0.0112020566,0.2314757201,0.3150985123,-0.6418305653,13.2625818231
554625.4980715000,0.0054997321,-0.0111895627,0.2056370498,0.3151114377,-0.6411147182,11.7821350624
554626.4980895000,0.0054936584,-0.0112142946,0.1954301626,0.3147634387,-0.6425317500,11.1973235089
554627.4981075000,0.0055117315,-0.0112140282,0.2198605141,0.3157989549,-0.6425164876,12.5970795417
554628.4981255000,0.0055366408,-0.0112021135,0.2156634638,0.3172261531,-0.6418338245,12.3566062704
554629.4981434999,0.0055480936,-0.0112143194,0.2313977696,0.3178823485,-0.6425331734,13.2581155843
554630.4981615000,0.0055486153,-0.0112198291,0.2304128067,0.3179122383,-0.6428488545,13.2016813684
554631.4981795000,0.0055118906,-0.0112140660,0.2391156158,0.3158080710,-0.6425186557,13.7003156030
554632.4981975000,0.0054994244,-0.0111837085,0.2175869846,0.3150938061,-0.6407792952,12.4668158928
554633.4982155000,0.0054936525,-0.0112079190,0.1920909676,0.3147631047,-0.6421664539,11.0060017286
554634.4982334999,0.0055241277,-0.0112078504,0.2181418262,0.3165092015,-0.6421625232,12.4986059751
554635.4982525000,0.0055244129,-0.0112323080,0.1971118810,0.3165255411,-0.6435638449,11.2936788749
554636.4982705000,0.0054690940,-0.0111646988,0.1995753045,0.3133560012,-0.6396901201,11.4348226428
554637.4982885000,0.0055303385,-0.0111893448,0.2109898172,0.3168650573,-0.6411022318,12.0888260439
554638.4983065000,0.0055422784,-0.0112265138,0.1962016863,0.3175491620,-0.6432318613,11.2415285572
554639.4983244999,0.0055056563,-0.0111958664,0.2105190253,0.3154508680,-0.6414758924,12.0618516576
554640.4983425001,0.0054934201,-0.0112081026,0.2368516089,0.3147497894,-0.6421769754,13.5705975594
554641.4983605000,0.0055306691,-0.0112504731,0.1861138586,0.3168839995,-0.6446046273,10.6635386093
554642.4983785000,0.0055298693,-0.0112140398,0.2259923731,0.3168381713,-0.6425171522,12.9484091807
554643.4983965000,0.0055122294,-0.0112069475,0.2104314398,0.3158274826,-0.6421107927,12.0568333758
554644.4984145000,0.0055302098,-0.0112139824,0.2318829312,0.3168576835,-0.6425138650,13.2859132966
554645.4984329999,0.0055179326,-0.0112018541,0.2283600601,0.3161542475,-0.6418189633,13.0840676529
554646.4984510000,0.0055487618,-0.0112017402,0.1762078024,0.3179206315,-0.6418124368,10.0959633954
554647.4984690000,0.0055179771,-0.0112384788,0.2056739024,0.3161567971,-0.6439174025,11.7842465632
554648.4984875000,0.0055238771,-0.0111836161,0.2159589439,0.3164948470,-0.6407740013,12.3735360325
554649.4985055000,0.0055669702,-0.0111953743,0.1982397375,0.3189638962,-0.6414476998,11.3583002921
554650.4985235000,0.0054749568,-0.0112261720,0.1866161467,0.3136919185,-0.6432122767,10.6923175950
554651.4985415000,0.0055058425,-0.0112198375,0.1861040182,0.3154615405,-0.6428493334,10.6629747936
554652.4985595000,0.0054996857,-0.0112137543,0.2025363203,0.3151087798,-0.6425007956,11.6044763527
554653.4985775000,0.0055181394,-0.0112441969,0.1909886040,0.3161661006,-0.6442450276,10.9428409415
554654.4985955000,0.0054810745,-0.0112016448,0.2156281193,0.3140424350,-0.6418069683,12.3545811797
554655.4986140000,0.0055240591,-0.0112262917,0.2153807641,0.3165052749,-0.6432191357,12.3404087685
554656.4986324999,0.0055120817,-0.0112196335,0.1941255115,0.3158190173,-0.6428376485,11.1225725030
554657.4986505000,0.0054938122,-0.0112016925,0.2128261875,0.3147722530,-0.6418097048,12.1940423111
554658.4986690000,0.0055421548,-0.0112326261,0.1954778877,0.3175420777,-0.6435820684,11.2000579541
554659.4986865000,0.0054998660,-0.0111956246,0.2102124367,0.3151191114,-0.6414620398,12.0442854218
554660.4987045000,0.0055178583,-0.0112322521,0.2251707729,0.3161499928,-0.6435606373,12.9013349546
554661.4987224999,0.0054878680,-0.0111769961,0.1976930356,0.3144316727,-0.6403947056,11.3269765798
554662.4987405000,0.0055181253,-0.0111648862,0.2091621053,0.3161652915,-0.6397008562,11.9841058663
554663.4987585000,0.0054814784,-0.0112016207,0.2024419651,0.3140655781,-0.6418055904,11.5990701983
554664.4987765000,0.0055240656,-0.0112264251,0.2234992192,0.3165056469,-0.6432267777,12.8055619871
554665.4987945000,0.0054752810,-0.0112323339,0.1949101599,0.3137104927,-0.6435653238,11.1675295446
554666.4988130000,0.0055179831,-0.0111959201,0.2161353643,0.3161571416,-0.6414789701,12.3836441797
554667.4988315001,0.0055241374,-0.0112324027,0.2022898400,0.3165097576,-0.6435692665,11.5903540694
554668.4988495000,0.0054996122,-0.0111961215,0.2149489175,0.3151045695,-0.6414905096,12.3156657809
554669.4988675000,0.0054937475,-0.0112132660,0.2099179208,0.3147685427,-0.6424728157,12.0274109051
554670.4988855000,0.0055057354,-0.0112446743,0.2214506318,0.3154554000,-0.6442723800,12.6881865753
554671.4989035000,0.0055241404,-0.0112201389,0.2142072168,0.3165099328,-0.6428666050,12.2731694648
554672.4989215001,0.0055059683,-0.0111957271,0.2430395852,0.3154687464,-0.6414679098,13.9251424874
554673.4989395000,0.0055788104,-0.0112082445,0.2421705759,0.3196422930,-0.6421851028,13.8753519192
554674.4989575000,0.0054940632,-0.0111954324,0.2016584249,0.3147866327,-0.6414510289,11.5541766525
554675.4989755000,0.0054815608,-0.0112136895,0.2044024160,0.3140703012,-0.6424970792,11.7113957572
554676.4989935000,0.0055179299,-0.0112080235,0.2072194739,0.3161540925,-0.6421724446,11.8728012902
554677.4990125000,0.0054814095,-0.0112078952,0.1978807522,0.3140616277,-0.6421650903,11.3377319497
554678.4990305000,0.0055118752,-0.0112020291,0.2324355161,0.3158071859,-0.6418289916,13.3175740787
554679.4990485000,0.0055053836,-0.0112142062,0.1979791629,0.3154352423,-0.6425266842,11.3433704630
554680.4990665000,0.0055303003,-0.0112022508,0.2001177511,0.3168628644,-0.6418416911,11.4659025452
554681.4990845000,0.0055058075,-0.0111893681,0.2037954396,0.3154595352,-0.6411035674,11.6766185707
554682.4991025000,0.0055300476,-0.0112018333,0.2307116072,0.3168483855,-0.6418177738,13.2188013781
554683.4991204999,0.0055302581,-0.0112263428,0.2219513810,0.3168604510,-0.6432220600,12.7168773876
554684.4991385000,0.0054933860,-0.0111896442,0.2299314897,0.3147478315,-0.6411193859,13.1741039344
554685.4991565000,0.0054812602,-0.0112445183,0.2173800249,0.3140530773,-0.6442634401,12.4549579744
554686.4991745000,0.0055243560,-0.0112020066,0.2091240398,0.3165222838,-0.6418276975,11.9819248773
554687.4991935000,0.0054934117,-0.0111775087,0.2224125141,0.3147493030,-0.6404240753,12.7432983685
554688.4992114999,0.0054751299,-0.0111954450,0.2078952460,0.3137018359,-0.6414517476,11.9115201746
554689.4992295000,0.0055058960,-0.0112078780,0.1937181340,0.3154646022,-0.6421641089,11.0992314948
554690.4992475000,0.0055181891,-0.0112078962,0.1987472917,0.3161689484,-0.6421651518,11.3873810068
554691.4992655000,0.0055181694,-0.0112202267,0.2388784118,0.3161678166,-0.6428716379,13.6867248124
554692.4992835000,0.0055183320,-0.0111836129,0.2190571628,0.3161771323,-0.6407738177,12.5510509022
554693.4993015000,0.0054873317,-0.0112137760,0.1645661260,0.3144009448,-0.6425020357,9.4289444727
554694.4993195001,0.0055178952,-0.0111593187,0.1911162192,0.3161521063,-0.6393818658,10.9501527579
554695.4993375000,0.0055303757,-0.0112013975,0.1877771312,0.3168671885,-0.6417928030,10.7588371040
554696.4993555000,0.0054812684,-0.0112324425,0.2127171535,0.3140535465,-0.6435715468,12.1877951260
554697.4993740000,0.0054814364,-0.0111893405,0.2207176281,0.3140631695,-0.6411019839,12.6461885525
554698.4993925000,0.0055181667,-0.0112265011,0.2177881416,0.3161676613,-0.6432311321,12.4783413394
554699.4994105001,0.0055362966,-0.0111712352,0.2086917493,0.3172064312,-0.6400646281,11.9571564530
554700.4994285000,0.0055058728,-0.0111713579,0.2193852380,0.3154632734,-0.6400716617,12.5698482265
554701.4994465000,0.0055241426,-0.0111894601,0.2244264454,0.3165100542,-0.6411088412,12.8586881345
554702.4994645000,0.0055241666,-0.0112079670,0.2289609358,0.3165114301,-0.6421692065,13.1184952927
554703.4994825000,0.0055241300,-0.0112386086,0.1919439427,0.3165093355,-0.6439248416,10.9975778193
554704.4995005000,0.0055118875,-0.0111955863,0.2145620566,0.3158078882,-0.6414598423,12.2935002891
554705.4995190001,0.0055363279,-0.0112140918,0.1778413308,0.3172082198,-0.6425201292,10.1895576751
554706.4995365000,0.0055115775,-0.0112018558,0.1906057254,0.3157901288,-0.6418190582,10.9209036143
554707.4995545000,0.0055178759,-0.0112080410,0.2055009737,0.3161510037,-0.6421734453,11.7743384760
554708.4995735000,0.0054876595,-0.0112195190,0.2085504026,0.3144197298,-0.6428310892,11.9490578868
554709.4995915000,0.0055178848,-0.0111958624,0.1966428042,0.3161515084,-0.6414756664,11.2668027511
554710.4996094999,0.0054876861,-0.0112200958,0.1962836852,0.3144212545,-0.6428641358,11.2462267464
554711.4996275000,0.0055484059,-0.0111652399,0.2080435827,0.3179002388,-0.6397211209,11.9200192437
554712.4996455000,0.0054935874,-0.0111837606,0.2072080079,0.3147593745,-0.6407822825,11.8721443343
554713.4996635000,0.0054750460,-0.0111953486,0.1937494968,0.3136970284,-0.6414462262,11.1010284517
554714.4996815000,0.0055488188,-0.0112075482,0.2120115857,0.3179238973,-0.6421452104,12.1473690673
554715.4996995000,0.0055116813,-0.0112020627,0.2100627193,0.3157960783,-0.6418309152,12.0357072465
554716.4997175001,0.0055178616,-0.0112325202,0.2171157703,0.3161501813,-0.6435759983,12.4398173050
554717.4997355000,0.0055179636,-0.0112018774,0.2214710191,0.3161560235,-0.6418202980,12.6893546815
554718.4997535000,0.0055423846,-0.0111776394,0.2010023984,0.3175552465,-0.6404315650,11.5165890999
554719.4997725000,0.0055180116,-0.0112262440,0.2317626652,0.3161587753,-0.6432164025,13.2790225622
554720.4997905000,0.0054998411,-0.0112203208,0.2210405388,0.3151176807,-0.6428770273,12.6646899748
554721.4998085001,0.0055117638,-0.0112015766,0.2189565155,0.3158008046,-0.6418030614,12.5452842340
554722.4998265000,0.0055301086,-0.0111898279,0.2236800980,0.3168518833,-0.6411299102,12.8159255762
554723.4998445000,0.0054877220,-0.0112261327,0.1818202885,0.3144233097,-0.6432100217,10.4175351616
554724.4998625000,0.0055118839,-0.0111957293,0.1846070607,0.3158076862,-0.6414680400,10.5772054472
554725.4998805000,0.0055115705,-0.0111958981,0.2245046909,0.3157897271,-0.6414777098,12.8631712682
554726.4998990000,0.0054938270,-0.0112322141,0.2102440152,0.3147731002,-0.6435584633,12.0460947390
554727.4999164999,0.0054877071,-0.0112133815,0.1866023920,0.3144224549,-0.6424794347,10.6915295089
554728.4999350000,0.0055302659,-0.0112017223,0.2123522835,0.3168608953,-0.6418114123,12.1668896167
554729.4999535000,0.0054873523,-0.0111894096,0.2208353247,0.3144021289,-0.6411059446,12.6529320755
554730.4999715000,0.0054872711,-0.0112261586,0.2013166221,0.3143974775,-0.6432115053,11.5345927927
554731.4999895000,0.0055178069,-0.0111590269,0.2088520366,0.3161470470,-0.6393651442,11.9663402387
554732.5000074999,0.0054934277,-0.0111893681,0.1786457439,0.3147502204,-0.6411035659,10.2356471549
554733.5000255000,0.0054812847,-0.0112018128,0.2402193405,0.3140544793,-0.6418165979,13.7635543667
554734.5000435000,0.0055303779,-0.0111829437,0.2465189038,0.3168673152,-0.6407354771,14.1244927595
554735.5000615000,0.0055241762,-0.0112018523,0.1892610395,0.3165119831,-0.6418188586,10.8438587906
554736.5000795000,0.0055057526,-0.0112018683,0.2671716137,0.3154563889,-0.6418197750,15.3078058720
554737.5000975000,0.0055363460,-0.0111836292,0.2049658967,0.3172092580,-0.6407747508,11.7436808234
554738.5001160000,0.0055177240,-0.0111958704,0.2090767354,0.3161422979,-0.6414761232,11.9792145318
554739.5001345000,0.0054814237,-0.0112321489,0.1906672582,0.3140624434,-0.6435547251,10.9244291878
554740.5001525000,0.0055428425,-0.0111833112,0.2001637092,0.3175814837,-0.6407565318,11.4685357485
554741.5001705000,0.0055178717,-0.0112141594,0.2044990683,0.3161507612,-0.6425240050,11.7169335299
554742.5001885000,0.0054815397,-0.0111894491,0.2033101082,0.3140690907,-0.6411082108,11.6488111325
554743.5002065001,0.0054753958,-0.0112077234,0.1852257002,0.3137170716,-0.6421552468,10.6126508815
554744.5002245000,0.0055424312,-0.0112264365,0.2058648283,0.3175579171,-0.6432274280,11.7951858119
554745.5002425000,0.0054937398,-0.0112203288,0.2264332679,0.3147681031,-0.6428774836,12.9736705926
554746.5002605000,0.0055180181,-0.0112324887,0.2198492035,0.3161591467,-0.6435741960,12.5964314927
554747.5002785000,0.0055118197,-0.0112258035,0.2138849310,0.3158040035,-0.6431911640,12.2547038490
554748.5002965000,0.0055302691,-0.0112324925,0.2134789050,0.3168610770,-0.6435744132,12.2314402720
554749.5003150000,0.0054874659,-0.0112202381,0.2405092903,0.3144086388,-0.6428722905,13.7801672707
554750.5003335000,0.0054934675,-0.0112200510,0.2149637987,0.3147525040,-0.6428615665,12.3165184160
554751.5003515000,0.0055302755,-0.0112022241,0.1837093872,0.3168614483,-0.6418401597,10.5257725452
554752.5003695000,0.0054995431,-0.0112202923,0.1988237320,0.3151006097,-0.6428753928,11.3917607132
554753.5003875000,0.0055054957,-0.0111771717,0.2172733695,0.3154416683,-0.6404047651,12.4488470705
554754.5004054999,0.0054453991,-0.0111949510,0.1992099004,0.3119983848,-0.6414234464,11.4138865278
554755.5004235000,0.0055054236,-0.0111960120,0.1765049082,0.3154375350,-0.6414842326,10.1129863018
554756.5004415000,0.0054875705,-0.0112569515,0.1853319477,0.3144146296,-0.6449758122,10.6187384140
554757.5004595000,0.0055180715,-0.0111895907,0.1866917887,0.3161622095,-0.6411163203,10.6966515605
554758.5004780000,0.0054932690,-0.0112385836,0.1670855321,0.3147411305,-0.6439234068,9.5732958048
554759.5004954999,0.0055058500,-0.0112322685,0.2308464140,0.3154619686,-0.6435615778,13.2265252386
554760.5005145000,0.0054875035,-0.0112377979,0.2049234095,0.3144107898,-0.6438783891,11.7412464860
554761.5005325000,0.0055058133,-0.0111770904,0.1988662189,0.3154598657,-0.6404001086,11.3941950287
554762.5005505000,0.0055179446,-0.0112322526,0.1807931334,0.3161549347,-0.6435606708,10.3586835110
554763.5005685000,0.0054996580,-0.0112074854,0.2135166245,0.3151071911,-0.6421416101,12.2336014412
554764.5005865000,0.0055243084,-0.0111708847,0.1962036044,0.3165195541,-0.6400445471,11.2416384554
554765.5006045001,0.0055240866,-0.0112079502,0.2051405020,0.3165068494,-0.6421682448,11.7536849702
554766.5006225000,0.0054872997,-0.0111769241,0.2004883748,0.3143991126,-0.6403905813,11.4871377192
554767.5006405000,0.0055120625,-0.0111890585,0.2422793637,0.3158179173,-0.6410858279,13.8815850034
554768.5006585000,0.0054752647,-0.0112137072,0.2323375598,0.3137095601,-0.6424980970,13.3119615966
554769.5006765000,0.0054934331,-0.0112259176,0.1934268974,0.3147505319,-0.6431976992,11.0825448677
554770.5006949999,0.0054997358,-0.0112260600,0.2292943273,0.3151116507,-0.6432058568,13.1375972220
554771.5007135000,0.0055238497,-0.0111894776,0.1858529417,0.3164932734,-0.6411098387,10.6485891709
554772.5007315000,0.0054692979,-0.0112015354,0.2297235353,0.3133676889,-0.6418007048,13.1621890255
554773.5007495000,0.0055177931,-0.0112196682,0.1889444898,0.3161462556,-0.6428396371,10.8257218250
554774.5007675000,0.0054754427,-0.0112134794,0.2242643480,0.3137197567,-0.6424850436,12.8494006381
554775.5007855000,0.0055302939,-0.0111953334,0.1914874032,0.3168625024,-0.6414453550,10.9714200330
554776.5008034999,0.0055361820,-0.0112322223,0.1984734719,0.3171998630,-0.6435589333,11.3716922880
554777.5008215000,0.0055177556,-0.0112078922,0.1887569312,0.3161441069,-0.6421649184,10.8149755094
554778.5008395000,0.0054756555,-0.0112195505,0.2031596327,0.3137319484,-0.6428328905,11.6401895191
554779.5008575000,0.0055298712,-0.0112384995,0.1862667786,0.3168382784,-0.6439185894,10.6723002753
554780.5008755000,0.0055123453,-0.0112071640,0.1959075075,0.3158341233,-0.6421231983,11.2246733523
554781.5008944999,0.0054751581,-0.0112014384,0.2275017437,0.3137034529,-0.6417951452,13.0348897482
554782.5009125000,0.0054997350,-0.0112259524,0.1972799189,0.3151116040,-0.6431996915,11.3033067370
554783.5009305000,0.0055118266,-0.0112200213,0.2085266427,0.3158044019,-0.6428598679,11.9476965402
554784.5009485000,0.0055056614,-0.0112078379,0.1920489414,0.3154511636,-0.6421618090,11.0035938002
554785.5009665000,0.0055363699,-0.0112198341,0.2498977182,0.3172106305,-0.6428491431,14.3180845643
554786.5009850000,0.0055181241,-0.0112440442,0.1868213184,0.3161652214,-0.6442362784,10.7040730654
554787.5010025001,0.0055360719,-0.0112141082,0.2364807650,0.3171935573,-0.6425210690,13.5493497696
554788.5010205000,0.0055177788,-0.0112019150,0.2068566689,0.3161454384,-0.6418224521,11.8520140943
554789.5010385000,0.0055060299,-0.0111833424,0.2081119031,0.3154722738,-0.6407583231,11.9239337130
554790.5010565000,0.0054998288,-0.0112198493,0.1993072215,0.3151169759,-0.6428500137,11.4194626210
554791.5010755000,0.0055060435,-0.0112263968,0.2282068160,0.3154730530,-0.6432251572,13.0752874124
554792.5010935001,0.0055177942,-0.0111710430,0.2405263203,0.3161463192,-0.6400536150,13.7811430152
554793.5011115000,0.0055125094,-0.0112321218,0.1808209228,0.3158435234,-0.6435531723,10.3602757221
554794.5011295000,0.0055056810,-0.0112080968,0.2461341815,0.3154522861,-0.6421766444,14.1024497961
554795.5011475000,0.0054754723,-0.0112200507,0.2333326731,0.3137214557,-0.6428615526,13.3689773897
554796.5011655000,0.0054811907,-0.0112385424,0.2243803221,0.3140490911,-0.6439210466,12.8560454619
554797.5011835000,0.0054752514,-0.0111895626,0.2126307225,0.3137087982,-0.6411147088,12.1828429934
554798.5012015000,0.0054815811,-0.0112261295,0.2267285093,0.3140714638,-0.6432098400,12.9905866761
554799.5012195000,0.0054936376,-0.0111830067,0.2196341030,0.3147622511,-0.6407390876,12.5841071392
554800.5012375000,0.0055179889,-0.0112081098,0.2043631144,0.3161574728,-0.6421773883,11.7091439417
554801.5012555000,0.0054815610,-0.0111893142,0.2140186705,0.3140703081,-0.6411004784,12.2623665562
554802.5012735000,0.0054876905,-0.0112077990,0.2331288564,0.3144215053,-0.6421595806,13.3572995559
554803.5012920001,0.0055367722,-0.0112079515,0.2096859534,0.3172336796,-0.6421683165,12.0141201538
554804.5013100000,0.0054874783,-0.0112196659,0.2133248976,0.3144093475,-0.6428395017,12.2226162970
554805.5013280000,0.0054876639,-0.0112139759,0.2373688962,0.3144199826,-0.6425134902,13.6002359383
554806.5013460000,0.0054878299,-0.0111768104,0.1898074495,0.3144294902,-0.6403840644,10.8751657744
554807.5013640000,0.0055364022,-0.0112323686,0.2103518500,0.3172124793,-0.6435673139,12.0522732176
554808.5013820000,0.0055182695,-0.0112078988,0.2171114268,0.3161735536,-0.6421653010,12.4395684422
554809.5014000000,0.0055237838,-0.0111955541,0.2133953728,0.3164895003,-0.6414580016,12.2266542279
554810.5014180000,0.0054820030,-0.0111827606,0.1908077607,0.3140956359,-0.6407249864,10.9324793863
554811.5014360000,0.0055058588,-0.0112139528,0.2038492108,0.3154624729,-0.6425121696,11.6796994377
554812.5014550000,0.0054507162,-0.0112069918,0.2086561979,0.3123030310,-0.6421133309,11.9551195097
554813.5014730000,0.0055118322,-0.0112138060,0.2168368400,0.3158047251,-0.6425037577,12.4238357765
554814.5014909999,0.0055362906,-0.0111833294,0.2105150944,0.3172060877,-0.6407575770,12.0616264307
554815.5015090000,0.0055059563,-0.0112136212,0.2113590375,0.3154680571,-0.6424931680,12.1099808107
554816.5015270000,0.0055057208,-0.0112015901,0.2246091971,0.3154545642,-0.6418038348,12.8691590318
554817.5015450000,0.0055120488,-0.0112258513,0.2220397610,0.3158171353,-0.6431938998,12.7219411919
554818.5015630000,0.0055304326,-0.0112324031,0.2029321323,0.3168704441,-0.6435692901,11.6271547112
554819.5015810000,0.0054937628,-0.0112317733,0.1911895324,0.3147694196,-0.6435332071,10.9543532939
554820.5015990000,0.0055304906,-0.0112505282,0.1920606850,0.3168737715,-0.6446077804,11.0042666611
554821.5016170000,0.0055059755,-0.0111897186,0.2202263141,0.3154691555,-0.6411236525,12.6180383355
554822.5016360000,0.0055239528,-0.0112509145,0.2233514624,0.3164991793,-0.6446299186,12.7970961439
554823.5016540000,0.0054934477,-0.0112380408,0.2168376586,0.3147513679,-0.6438923083,12.4238826754
554824.5016720000,0.0055063106,-0.0112197073,0.2148954498,0.3154883562,-0.6428418783,12.3126023090
554825.5016900001,0.0055181296,-0.0112135520,0.1842394193,0.3161655396,-0.6424892029,10.5561411456
554826.5017080000,0.0054875284,-0.0112136903,0.1975239731,0.3144122191,-0.6424971242,11.3172900134
554827.5017260000,0.0054936283,-0.0112075087,0.2347471857,0.3147617141,-0.6421429470,13.4500229912
554828.5017440000,0.0055180248,-0.0111957903,0.2336682082,0.3161595330,-0.6414715305,13.3882021337
554829.5017620000,0.0055302767,-0.0112446584,0.1763506693,0.3168615154,-0.6442714679,10.1041490655
554830.5017800000,0.0055055404,-0.0112139242,0.2125583033,0.3154442300,-0.6425105300,12.1786936820
554831.5017980000,0.0054698984,-0.0112201073,0.2156413429,0.3134020903,-0.6428647961,12.3553388371
554832.5018170000,0.0055483655,-0.0112383806,0.2080752532,0.3178979235,-0.6439117775,11.9218338281
554833.5018350000,0.0054874382,-0.0112017377,0.2036421724,0.3144070493,-0.6418122912,11.6678370083
554834.5018530000,0.0055059570,-0.0112324394,0.1966474525,0.3154680966,-0.6435713712,11.2670690774
554835.5018710000,0.0054997030,-0.0112445420,0.2255577318,0.3151097714,-0.6442647988,12.9235060667
554836.5018889999,0.0055120725,-0.0112569872,0.2176035434,0.3158184911,-0.6449778545,12.4677646436
554837.5019070000,0.0055297612,-0.0112198131,0.2011619637,0.3168319785,-0.6428479364,11.5257315162
554838.5019250000,0.0055123720,-0.0111954931,0.2085829827,0.3158356495,-0.6414545031,11.9509245851
554839.5019430000,0.0054995913,-0.0112079912,0.2219336333,0.3151033698,-0.6421705924,12.7158605210
554840.5019610000,0.0054692035,-0.0112138762,0.1848878392,0.3133622790,-0.6425077770,10.5932928708
554841.5019789999,0.0055302425,-0.0111957247,0.1787831716,0.3168595533,-0.6414677737,10.2435211811
554842.5019980000,0.0054691017,-0.0112018435,0.2149167249,0.3133564461,-0.6418183551,12.3138212814
554843.5020160000,0.0055115800,-0.0112200542,0.2303874550,0.3157902742,-0.6428617523,13.2002288261
554844.5020340000,0.0055124191,-0.0112198465,0.2203706061,0.3158383497,-0.6428498496,12.6263056584
554845.5020525000,0.0055362831,-0.0112136048,0.2139809143,0.3172056546,-0.6424922287,12.2602032881
554846.5020700000,0.0054935377,-0.0112015624,0.1836114610,0.3147565226,-0.6418022481,10.5201617847
554847.5020880000,0.0055300534,-0.0112078776,0.2115104513,0.3168487219,-0.6421640811,12.1186561844
554848.5021060000,0.0055364342,-0.0112138700,0.2115242869,0.3172143155,-0.6425074245,12.1194489061
554849.5021240000,0.0054874466,-0.0111771864,0.1906110015,0.3144075292,-0.6404056063,10.9212059149
554850.5021430000,0.0054934320,-0.0112319647,0.1867173453,0.3147504684,-0.6435441741,10.6981158473
554851.5021600000,0.0054940466,-0.0112622889,0.2033112333,0.3147856812,-0.6452816189,11.6488755962
554852.5021784999,0.0054629342,-0.0111894015,0.1804307923,0.3130030712,-0.6411054809,10.3379228954
554853.5021970000,0.0054875047,-0.0112138973,0.2568648718,0.3144108598,-0.6425089872,14.7172730617
554854.5022150000,0.0054813019,-0.0112137340,0.2198670618,0.3140554666,-0.6424996312,12.5974546977
554855.5022330000,0.0054812804,-0.0111955399,0.2384810903,0.3140542336,-0.6414571843,13.6639599704
554856.5022510000,0.0055060277,-0.0112013666,0.2011381091,0.3154721509,-0.6417910333,11.5243647529
554857.5022690000,0.0055421687,-0.0112198077,0.2313932559,0.3175428771,-0.6428476304,13.2578569721
554858.5022870000,0.0055368008,-0.0111953658,0.2164187574,0.3172353156,-0.6414472094,12.3998814062
554859.5023055000,0.0055182355,-0.0112014499,0.2017376879,0.3161716050,-0.6417958024,11.5587180839
554860.5023240000,0.0055118647,-0.0111955316,0.1867062360,0.3158065857,-0.6414567111,10.6974793339
554861.5023410000,0.0055056853,-0.0112382252,0.2043169641,0.3154525291,-0.6439028737,11.7064997260
554862.5023590000,0.0055179363,-0.0112077455,0.2223536505,0.3161544599,-0.6421565159,12.7399257357
554863.5023769999,0.0055423109,-0.0112081529,0.2038193711,0.3175510257,-0.6421798588,11.6779897451
554864.5023960000,0.0055182336,-0.0112069638,0.2263798445,0.3161714980,-0.6421117297,12.9706096565
554865.5024140000,0.0055240648,-0.0112200303,0.2141966085,0.3165055992,-0.6428603833,12.2725616503
554866.5024320000,0.0055424142,-0.0112076583,0.2177701035,0.3175569438,-0.6421515209,12.4773078326
554867.5024500000,0.0054992992,-0.0111587557,0.2015510852,0.3150866363,-0.6393496055,11.5480265363
554868.5024680000,0.0055058744,-0.0111892869,0.2009415199,0.3154633653,-0.6410989164,11.5131010166
554869.5024860000,0.0054939424,-0.0112259594,0.1884889612,0.3147797124,-0.6432000925,10.7996219613
554870.5000044999,0.0055055824,-0.0112080887,0.2177500550,0.3154466345,-0.6421761761,12.4761591407
554871.4975225000,0.0055299961,-0.0111958163,0.2218993849,0.3168454349,-0.6414730213,12.7138982312
554872.4975405000,0.0054998342,-0.0112015358,0.1984648106,0.3151172868,-0.6418007241,11.3711960271
554873.4975585000,0.0054811916,-0.0112316436,0.2010443261,0.3140491472,-0.6435257765,11.5189913802
554874.4975765001,0.0054999068,-0.0112075968,0.2282229414,0.3151214448,-0.6421479944,13.0762113307
554875.4975955000,0.0055177246,-0.0112200655,0.2197697647,0.3161423336,-0.6428624014,12.5918799829
554876.4976135000,0.0055120750,-0.0112015325,0.1758656403,0.3158186340,-0.6418005364,10.0763589521
554877.4976315000,0.0055117995,-0.0111955093,0.2190054296,0.3158028486,-0.6414554345,12.5480868065
554878.4976495000,0.0054937804,-0.0111953347,0.1978401575,0.3147704325,-0.6414454306,11.3354060447
554879.4976675001,0.0054996803,-0.0112014085,0.2280634314,0.3151084705,-0.6417934312,13.0670720782
554880.4976855000,0.0054753534,-0.0111954093,0.2154856124,0.3137146389,-0.6414497006,12.3464161351
554881.4977035000,0.0054929618,-0.0112077113,0.2329663222,0.3147235297,-0.6421545571,13.3479870335
554882.4977215000,0.0054876327,-0.0112194496,0.2167194210,0.3144181929,-0.6428271081,12.4171081606
554883.4977395000,0.0055179575,-0.0112015743,0.1978656613,0.3161556744,-0.6418029340,11.3368673036
554884.4977580000,0.0054751610,-0.0111954890,0.2098537509,0.3137036182,-0.6414542668,12.0237342392
554885.4977760001,0.0054994745,-0.0112197464,0.2193291326,0.3150966793,-0.6428441167,12.5666336213
554886.4977945000,0.0055180202,-0.0112078918,0.1787106509,0.3161592660,-0.6421648958,10.2393660506
554887.4978125000,0.0055302150,-0.0112263044,0.2072605463,0.3168579782,-0.6432198625,11.8751545626
554888.4978305000,0.0054936706,-0.0111953448,0.1900495648,0.3147641379,-0.6414460053,10.8890379598
554889.4978485000,0.0055119910,-0.0112010324,0.2102769509,0.3158138233,-0.6417718854,12.0479818160
554890.4978664999,0.0054691163,-0.0111769791,0.2405706972,0.3133572802,-0.6403937303,13.7836856241
554891.4978845000,0.0054813159,-0.0111892633,0.1959450741,0.3140562665,-0.6410975654,11.2268257596
554892.4979025000,0.0055057436,-0.0112199423,0.1779024520,0.3154558717,-0.6428553403,10.1930596654
554893.4979205000,0.0055362657,-0.0111532089,0.2080045193,0.3172046603,-0.6390317999,11.9177810774
554894.4979385000,0.0054936216,-0.0112011710,0.2431470405,0.3147613324,-0.6417798224,13.9312992213
554895.4979565000,0.0055118413,-0.0112195070,0.2147775228,0.3158052434,-0.6428303979,12.3058455911
554896.4979755001,0.0054750932,-0.0112076710,0.2090450004,0.3136997331,-0.6421522489,11.9773962526
554897.4979925000,0.0054998206,-0.0111586377,0.2154197502,0.3151165082,-0.6393428466,12.3426425123
554898.4980115000,0.0055301817,-0.0112382598,0.2054945981,0.3168560718,-0.6439048581,11.7739731856
554899.4980295000,0.0055181402,-0.0111710276,0.2131076763,0.3161661440,-0.6400527361,12.2101704352
554900.4980475000,0.0055360515,-0.0112081039,0.1634675288,0.3171923865,-0.6421770477,9.3659994876
554901.4980655001,0.0054933362,-0.0112258756,0.1937929160,0.3147449804,-0.6431952913,11.1035161864
554902.4980835000,0.0055062129,-0.0111703900,0.2077960280,0.3154827605,-0.6400162049,11.9058354062
554903.4981015000,0.0055176459,-0.0111773882,0.2208078861,0.3161378256,-0.6404171686,12.6513599578
554904.4981195000,0.0054875133,-0.0111890429,0.2131351594,0.3144113542,-0.6410849334,12.2117451023
554905.4981375000,0.0054935941,-0.0112259475,0.1992620600,0.3147597545,-0.6431994120,11.4168750542
554906.4981560000,0.0054999389,-0.0111772898,0.1914520677,0.3151232886,-0.6404115326,10.9693954597
554907.4981745000,0.0055175396,-0.0111894529,0.1968728678,0.3161317333,-0.6411084277,11.2799844258
554908.4981925000,0.0055120610,-0.0111889168,0.2109340720,0.3158178340,-0.6410777110,12.0856320820
554909.4982115000,0.0054691443,-0.0112074796,0.2064665473,0.3133588847,-0.6421412787,11.8296617707
554910.4982285000,0.0055055681,-0.0112198473,0.2317260438,0.3154458163,-0.6428498968,13.2769243140
554911.4982465000,0.0054753884,-0.0112076528,0.2158535370,0.3137166455,-0.6421512045,12.3674966634
554912.4982644999,0.0055241478,-0.0112383155,0.2204837935,0.3165103547,-0.6439080470,12.6327908168
554913.4982825000,0.0054749409,-0.0112077922,0.1981941996,0.3136910052,-0.6421591927,11.3556911631
554914.4983005000,0.0054937964,-0.0112258730,0.2110026325,0.3147713452,-0.6431951459,12.0895603094
554915.4983185000,0.0055059713,-0.0112134136,0.2200024336,0.3154689183,-0.6424812744,12.6052109268
554916.4983365000,0.0055116537,-0.0112079512,0.1954901112,0.3157944944,-0.6421682999,11.2007583091
554917.4983554999,0.0054935288,-0.0111834449,0.2165533745,0.3147560161,-0.6407641942,12.4075943983
554918.4983735000,0.0054752654,-0.0112260952,0.2155410908,0.3137095980,-0.6432078755,12.3495948168
554919.4983915000,0.0055303463,-0.0112202982,0.1856563419,0.3168655013,-0.6428757342,10.6373248299
554920.4984095000,0.0055176004,-0.0112325522,0.1930519094,0.3161352184,-0.6435778360,11.0610596350
554921.4984275000,0.0055061102,-0.0112132906,0.2292207555,0.3154768765,-0.6424742253,13.1333818686
554922.4984455000,0.0054937953,-0.0112258165,0.2030323981,0.3147712844,-0.6431919055,11.6328995154
554923.4984635001,0.0054691251,-0.0112013246,0.1891220378,0.3133577851,-0.6417886234,10.8358945787
554924.4984815000,0.0054936741,-0.0112379729,0.1701982974,0.3147643378,-0.6438884188,9.7516441189
554925.4984995000,0.0055241245,-0.0112077666,0.1943358238,0.3165090172,-0.6421577217,11.1346225120
554926.4985175000,0.0054872982,-0.0112137572,0.2081198030,0.3143990275,-0.6425009591,11.9243863443
554927.4985365000,0.0055120742,-0.0112199208,0.2334563949,0.3158185859,-0.6428541106,13.3760661258
554928.4985545001,0.0055002359,-0.0112191436,0.2410266491,0.3151403007,-0.6428095768,13.8098097449
554929.4985725000,0.0055116499,-0.0112199919,0.2274720121,0.3157942803,-0.6428581804,13.0331862498
554930.4985905000,0.0055422929,-0.0112016798,0.2399294802,0.3175499915,-0.6418089733,13.7469465967
554931.4986085000,0.0054935076,-0.0112198955,0.2026059013,0.3147547996,-0.6428526580,11.6084630501
554932.4986265000,0.0054752100,-0.0112078046,0.2554699746,0.3137064234,-0.6421599002,14.6373513391
554933.4986445000,0.0055125252,-0.0112012288,0.2229049918,0.3158444265,-0.6417831370,12.7715152647
554934.4986624999,0.0055178560,-0.0111827604,0.2095922771,0.3161498598,-0.6407249766,12.0087528963
554935.4986805000,0.0055118295,-0.0112382734,0.2198174547,0.3158045652,-0.6439056371,12.5946124204
554936.4986985000,0.0054813213,-0.0111892150,0.2134942372,0.3140565739,-0.6410947960,12.2323187397
554937.4987175000,0.0055179297,-0.0111955126,0.2116955103,0.3161540840,-0.6414556194,12.1292592835
554938.4987355000,0.0054816563,-0.0112319187,0.1939659752,0.3140757708,-0.6435415356,11.1134317470
554939.4987534999,0.0054812898,-0.0112319280,0.1887058041,0.3140547727,-0.6435420696,10.8120461455
554940.4987715000,0.0054933904,-0.0111890650,0.2154626093,0.3147480848,-0.6410861997,12.3450981572
554941.4987895000,0.0054699152,-0.0111580726,0.2183083375,0.3134030554,-0.6393104674,12.5081463696
554942.4988075000,0.0055058161,-0.0112015421,0.2237225734,0.3154600227,-0.6418010865,12.8183592377
554943.4988255000,0.0054816211,-0.0112501319,0.2178788275,0.3140737557,-0.6445850754,12.4835372633
554944.4988435000,0.0054815697,-0.0111586684,0.1968085942,0.3140708117,-0.6393446060,11.2763018188
554945.4988615001,0.0055178471,-0.0111770100,0.2198106862,0.3161493495,-0.6403955019,12.5942246140
554946.4988795000,0.0055243569,-0.0112503741,0.1971762929,0.3165223360,-0.6445989516,11.2973694045
554947.4988980000,0.0054997633,-0.0111705464,0.1840975633,0.3151132228,-0.6400251645,10.5480133943
554948.4989165000,0.0055118534,-0.0111955254,0.2095899769,0.3158059361,-0.6414563527,12.0086211033
554949.4989350000,0.0055054134,-0.0112018323,0.2008080309,0.3154369506,-0.6418177140,11.5054526649
554950.4989525001,0.0055180133,-0.0111953581,0.1955005599,0.3161588753,-0.6414467720,11.2013569745
554951.4989705000,0.0054995794,-0.0111893365,0.2244687725,0.3151026886,-0.6411017574,12.8611132994
554952.4989885000,0.0054936702,-0.0112381099,0.2022049782,0.3147641145,-0.6438962695,11.5854918471
554953.4990065000,0.0054813000,-0.0112318677,0.2067503769,0.3140553553,-0.6435386137,11.8459240077
554954.4990245000,0.0055488532,-0.0111830471,0.2034935371,0.3179258699,-0.6407414023,11.6593208335
554955.4990425000,0.0054935441,-0.0111708910,0.2249468217,0.3147568904,-0.6400449080,12.8885034978
554956.4990620000,0.0054937802,-0.0111892760,0.2332722832,0.3147704173,-0.6410982890,13.3655173029
554957.4990785000,0.0054813454,-0.0112136936,0.2259768152,0.3140579594,-0.6424973177,12.9475177814
554958.4990975000,0.0055117443,-0.0112322458,0.2108470596,0.3157996888,-0.6435602785,12.0806466350
554959.4991155000,0.0055122101,-0.0112138811,0.2239608593,0.3158263748,-0.6425080587,12.8320120137
554960.4991335000,0.0055301950,-0.0111887032,0.1894557949,0.3168568353,-0.6410654697,10.8550174521
554961.4991514999,0.0054935505,-0.0112075858,0.2253410214,0.3147572563,-0.6421473639,12.9110894799
554962.4991695000,0.0055058482,-0.0112075192,0.2058954876,0.3154618649,-0.6421435469,11.7969424596
554963.4991885000,0.0055055011,-0.0112138721,0.2239582987,0.3154419798,-0.6425075414,12.8318653017
554964.4992055000,0.0055426459,-0.0111834212,0.2061655038,0.3175702176,-0.6407628341,11.8124132496
554965.4992235000,0.0055364309,-0.0112624563,0.2128894018,0.3172141238,-0.6452912143,12.1976642271
554966.4992415000,0.0054931861,-0.0111834153,0.1984651636,0.3147363811,-0.6407624944,11.3712162532
554967.4992595001,0.0055061032,-0.0112195068,0.1948888700,0.3154764747,-0.6428303877,11.1663097279
554968.4992785000,0.0055426954,-0.0111952978,0.1890060849,0.3175730532,-0.6414433125,10.8292509688
554969.4992965000,0.0054813674,-0.0111831385,0.1957903471,0.3140592183,-0.6407466364,11.2179605581
554970.4993145000,0.0054752853,-0.0111763721,0.2187551746,0.3137107397,-0.6403589504,12.5337482502
554971.4993325000,0.0054993235,-0.0112504359,0.2066150142,0.3150880295,-0.6446024966,11.8381683000
554972.4993509999,0.0055303920,-0.0112016509,0.1853815931,0.3168681228,-0.6418073197,10.6215828869
554973.4993685000,0.0054937590,-0.0112132272,0.2234134396,0.3147692030,-0.6424705945,12.8006471741
554974.4993865000,0.0054934525,-0.0111953607,0.2221264698,0.3147516444,-0.6414469186,12.7269092349
554975.4994045000,0.0054813270,-0.0111892577,0.1988403037,0.3140569053,-0.6410972415,11.3927102018
554976.4994225000,0.0055240823,-0.0111832688,0.2101511448,0.3165065990,-0.6407541031,12.0407736561
554977.4994405000,0.0055059301,-0.0112381934,0.2148330262,0.3154665592,-0.6439010516,12.3090257038
554978.4994590000,0.0054933954,-0.0112077912,0.2280533356,0.3147483739,-0.6421591352,13.0664936310
554979.4994775000,0.0054812594,-0.0111955236,0.2029111318,0.3140530329,-0.6414562492,11.6259514697
554980.4994955000,0.0055120169,-0.0112254261,0.2197139064,0.3158153065,-0.6431695406,12.5886795348
554981.4995135000,0.0055179953,-0.0112075901,0.2152068421,0.3161578402,-0.6421476118,12.3304437735
554982.4995325000,0.0055057398,-0.0112260359,0.2046758554,0.3154556533,-0.6432044777,11.7270626840
554983.4995494999,0.0055242836,-0.0111896614,0.2244579458,0.3165181353,-0.6411203700,12.8604929742
554984.4995675000,0.0054994972,-0.0112257606,0.2071452211,0.3150979813,-0.6431887035,11.8685469147
554985.4995855000,0.0055116488,-0.0112258901,0.1843458167,0.3157942119,-0.6431961243,10.5622372692
554986.4996035000,0.0055365294,-0.0112263036,0.2242405534,0.3172197657,-0.6432198170,12.8480373049
554987.4996215000,0.0055548811,-0.0112196276,0.2202433120,0.3182712421,-0.6428373075,12.6190122456
554988.4996409999,0.0054876281,-0.0112012556,0.1919081386,0.3144179297,-0.6417846717,10.9955263942
554989.4996585000,0.0055181293,-0.0111586089,0.2260027197,0.3161655173,-0.6393411927,12.9490019988
554990.4996765000,0.0055301476,-0.0112321516,0.1727076889,0.3168541175,-0.6435548790,9.8954216652
554991.4996945000,0.0055176977,-0.0112137561,0.1966797132,0.3161407915,-0.6425008981,11.2689174802
554992.4997125000,0.0055420891,-0.0111706096,0.2083462734,0.3175383168,-0.6400287831,11.9373621421
554993.4997305000,0.0054575023,-0.0111881061,0.2195547181,0.3126918479,-0.6410312600,12.5795587188
554994.4997485001,0.0054934637,-0.0112070013,0.2132395797,0.3147522846,-0.6421138731,12.2177279447
554995.4997665000,0.0054994252,-0.0111644588,0.2036911327,0.3150938527,-0.6396763697,11.6706422256
554996.4997845000,0.0055302764,-0.0112376249,0.2087101324,0.3168614993,-0.6438684790,11.9582097269
554997.4998025000,0.0055118931,-0.0112192055,0.1871064600,0.3158082137,-0.6428131223,10.7204104797
554998.4998210000,0.0054997764,-0.0112195610,0.2101790415,0.3151139777,-0.6428334961,12.0423720201
554999.4998404999,0.0055118774,-0.0111944346,0.2055516629,0.3158073134,-0.6413938572,11.7772427575
555000.4998575000,0.0055180893,-0.0112192791,0.2052908218,0.3161632283,-0.6428173395,11.7622976612
555001.4998755000,0.0055180372,-0.0112377874,0.2273457220,0.3161602439,-0.6438777900,13.0259503598
555002.4998935000,0.0055118750,-0.0112375243,0.2144782237,0.3158071733,-0.6438627165,12.2886970139
555003.4999115000,0.0054998127,-0.0112373310,0.2243765421,0.3151160554,-0.6438516403,12.8558288849
555004.4999295000,0.0055119431,-0.0111948621,0.2278552571,0.3158110790,-0.6414183532,13.0551445746
555005.4999474999,0.0055058781,-0.0111889199,0.2083601955,0.3154635767,-0.6410778858,11.9381598227
555006.4999655000,0.0055304480,-0.0111642120,0.2181362731,0.3168713319,-0.6396622314,12.4982878098
555007.4999835000,0.0054875920,-0.0112008542,0.2165863853,0.3144158611,-0.6417616705,12.4094857769
555008.5000015000,0.0054935145,-0.0111887165,0.2229480951,0.3147551953,-0.6410662347,12.7739848985
555009.5000195000,0.0054692048,-0.0112190604,0.1976234670,0.3133623542,-0.6428048106,11.3229905927
555010.5000384999,0.0055118927,-0.0111459695,0.2024135180,0.3158081860,-0.6386170094,11.5974402989
555011.5000565000,0.0055178959,-0.0112379590,0.1817103611,0.3161521450,-0.6438876215,10.4112367867
555012.5000745000,0.0055059377,-0.0112309692,0.2003658469,0.3154669906,-0.6434871340,11.4801173855
555013.5000925000,0.0055058038,-0.0112009686,0.2069536757,0.3154593186,-0.6417682278,11.8575721740
555014.5001105000,0.0055058751,-0.0111887015,0.2416571239,0.3154634060,-0.6410653758,13.8459332866
555015.5001284999,0.0055058725,-0.0111946950,0.2130056728,0.3154632574,-0.6414087750,12.2043260637
555016.5001465001,0.0055120264,-0.0112070010,0.2032800677,0.3158158498,-0.6421138579,11.6470899406
555017.5001645000,0.0055666710,-0.0111891122,0.2239654245,0.3189467554,-0.6410889060,12.8322735803
555018.5001825000,0.0055180706,-0.0111888027,0.2151280399,0.3161621551,-0.6410711713,12.3259287394
555019.5002015000,0.0054938609,-0.0112188318,0.1769881984,0.3147750455,-0.6427917152,10.1406767910
555020.5002195000,0.0054876271,-0.0112496958,0.1838629500,0.3144178739,-0.6445600897,10.5345710440
555021.5002375001,0.0054813407,-0.0112009196,0.2210995593,0.3140576870,-0.6417654220,12.6680716001
555022.5002555000,0.0055180006,-0.0112010678,0.2544716683,0.3161581441,-0.6417739138,14.5801525994
555023.5002735000,0.0055178097,-0.0112254966,0.1984860227,0.3161472062,-0.6431735773,11.3724113934
555024.5002915000,0.0054691377,-0.0111767156,0.2442224823,0.3133585059,-0.6403786299,13.9929174983
555025.5003105000,0.0054936924,-0.0112132226,0.2203663770,0.3147653901,-0.6424703304,12.6260633508
555026.5003275000,0.0055239990,-0.0112200417,0.1799850346,0.3165018310,-0.6428610347,10.3123828580
555027.5003455000,0.0055119593,-0.0111893480,0.2141883249,0.3158120021,-0.6411024137,12.2720870384
555028.5003635000,0.0054933932,-0.0112136072,0.2034220062,0.3147482484,-0.6424923668,11.6552224175
555029.5003820000,0.0055057583,-0.0112258397,0.2082046860,0.3154567145,-0.6431932371,11.9292497833
555030.5004005000,0.0055057543,-0.0111955088,0.1897014204,0.3154564837,-0.6414554061,10.8690907558
555031.5004185000,0.0055057533,-0.0111954179,0.2080207847,0.3154564254,-0.6414501931,11.9187130116
555032.5004364999,0.0055242671,-0.0112007106,0.2260753390,0.3165171889,-0.6417534468,12.9531627756
555033.5004545000,0.0054996692,-0.0112376646,0.1870446285,0.3151078315,-0.6438707514,10.7168677927
555034.5004725000,0.0054936516,-0.0112130057,0.1914026031,0.3147630490,-0.6424579014,10.9665613433
555035.5004905000,0.0055118778,-0.0112193487,0.2113123014,0.3158073338,-0.6428213285,12.1073030293
555036.5005100000,0.0055361236,-0.0111829633,0.1938575677,0.3171965152,-0.6407365991,11.1072204557
555037.5005264999,0.0055057844,-0.0112070664,0.2370983040,0.3154582087,-0.6421176037,13.5847321490
555038.5005445000,0.0054998285,-0.0112255101,0.2299373851,0.3151169589,-0.6431743539,13.1744417181
555039.5005635000,0.0055115690,-0.0112372833,0.1933723079,0.3157896419,-0.6438489079,11.0794171147
555040.5005810000,0.0054932187,-0.0111828307,0.1747063196,0.3147382483,-0.6407290003,10.0099347697
555041.5005995000,0.0054875412,-0.0112009492,0.2064087427,0.3144129511,-0.6417671180,11.8263498124
555042.5006175000,0.0054939660,-0.0112130128,0.2216465545,0.3147810659,-0.6424583068,12.6994121185
555043.5006355001,0.0054935603,-0.0111948547,0.2031162702,0.3147578214,-0.6414179243,11.6377050313
555044.5006535000,0.0055303436,-0.0111944901,0.1968206138,0.3168653501,-0.6413970340,11.2769904894
555045.5006715000,0.0054877006,-0.0111763034,0.1903456602,0.3144220809,-0.6403550145,10.9060029802
555046.5006895000,0.0055363969,-0.0112132354,0.1974079876,0.3172121757,-0.6424710614,11.3106445333
555047.5007075000,0.0055119674,-0.0112070309,0.2289926724,0.3158124711,-0.6421155707,13.1203136690
555048.5007265001,0.0055057766,-0.0111825797,0.1696851402,0.3154577631,-0.6407146216,9.7222423777
555049.5007435000,0.0054995859,-0.0112314913,0.2258154205,0.3151030607,-0.6435170494,12.9382705458
555050.5007625000,0.0054936221,-0.0112255206,0.2031672803,0.3147613623,-0.6431749524,11.6406276988
555051.5007805000,0.0055239878,-0.0112072791,0.2338250047,0.3165011860,-0.6421297906,13.3971859165
555052.5007985000,0.0055061214,-0.0112125771,0.1821470233,0.3154775155,-0.6424333468,10.4362556833
555053.5008165000,0.0054874005,-0.0112009800,0.2099843721,0.3144048904,-0.6417688776,12.0312182828
555054.5008345000,0.0054997601,-0.0112072916,0.2006122705,0.3151130395,-0.6421305065,11.4942364182
555055.5008525000,0.0055058469,-0.0112191851,0.2293690404,0.3154617875,-0.6428119546,13.1418779680
555056.5008705000,0.0055301571,-0.0112438260,0.2033113864,0.3168546629,-0.6442237752,11.6488843694
555057.5008885000,0.0055303439,-0.0111951154,0.2099253574,0.3168653638,-0.6414328647,12.0278369924
555058.5009065000,0.0055305824,-0.0112438616,0.2376226814,0.3168790315,-0.6442258178,13.6147767628
555059.5009244999,0.0054937248,-0.0112258067,0.1880344348,0.3147672447,-0.6431913428,10.7735795199
555060.5009435000,0.0054934892,-0.0111894357,0.2023775565,0.3147537482,-0.6411074389,11.5953798552
555061.5009615000,0.0055423866,-0.0112258624,0.2217950689,0.3175553604,-0.6431945375,12.7079213625
555062.5009795000,0.0055608837,-0.0111957381,0.2287420416,0.3186151680,-0.6414685433,13.1059535801
555063.5009975000,0.0054812583,-0.0112313220,0.2047584109,0.3140529642,-0.6435073471,11.7317927657
555064.5010154999,0.0054997756,-0.0112189894,0.2131163822,0.3151139315,-0.6428007454,12.2106692479
555065.5010335001,0.0055120208,-0.0112130402,0.1842001714,0.3158155260,-0.6424598807,10.5538924069
555066.5010525000,0.0054448463,-0.0112249723,0.2047851481,0.3119667138,-0.6431435384,11.7333246910
555067.5010705000,0.0055058105,-0.0112254285,0.1857661658,0.3154597037,-0.6431696774,10.6436172748
555068.5010875000,0.0055241126,-0.0111705564,0.2291151431,0.3165083358,-0.6400257382,13.1273307197
555069.5011055000,0.0054632169,-0.0111882610,0.2203726243,0.3130192687,-0.6410401370,12.6264212928
555070.5011245001,0.0054998689,-0.0111763392,0.2021755305,0.3151192779,-0.6403570647,11.5838046182
555071.5011425000,0.0055059877,-0.0112255254,0.2302023115,0.3154698594,-0.6431752292,13.1896208803
555072.5011605000,0.0055058611,-0.0112009040,0.2024376547,0.3154626051,-0.6417645277,11.5988232272
555073.5011785000,0.0055060759,-0.0111641460,0.2372556444,0.3154749084,-0.6396584451,13.5937470891
555074.5011965000,0.0054876105,-0.0111763287,0.2009164079,0.3144169196,-0.6403564631,11.5116622101
555075.5012145001,0.0054752055,-0.0112137910,0.1926757977,0.3137061652,-0.6425028939,11.0395100247
555076.5012325000,0.0055118937,-0.0112016419,0.2063696520,0.3158082479,-0.6418068056,11.8241100766
555077.5012500000,0.0055117887,-0.0112314312,0.2096032511,0.3158022288,-0.6435136048,12.0093816583
555078.5012680000,0.0055121567,-0.0111703991,0.2146814341,0.3158233136,-0.6400167259,12.3003401155
555079.5012860000,0.0054999031,-0.0112317894,0.2128829863,0.3151212351,-0.6435341312,12.1972966456
555080.5013050000,0.0055056966,-0.0111893066,0.2094467577,0.3154531801,-0.6411000415,12.0004152492
555081.5013230001,0.0054814463,-0.0112256374,0.1871777484,0.3140637410,-0.6431816466,10.7244950033
555082.5013410000,0.0055238577,-0.0111953683,0.2374671194,0.3164937327,-0.6414473552,13.6058637161
555083.5013590000,0.0055121939,-0.0112071440,0.2167653669,0.3158254476,-0.6421220494,12.4197406676
555084.5013770000,0.0054631694,-0.0111943531,0.1962561929,0.3130165494,-0.6413891845,11.2446515584
555085.5013950000,0.0055241246,-0.0112071924,0.2107106236,0.3165090265,-0.6421248261,12.0728294311
555086.5014130000,0.0055118701,-0.0111827257,0.2263001228,0.3158068963,-0.6407229859,12.9660419413
555087.5014310000,0.0055118528,-0.0112440909,0.2020533762,0.3158059056,-0.6442389509,11.5768056954
555088.5014490000,0.0055178696,-0.0112320243,0.1980094968,0.3161506410,-0.6435475881,11.3451084699
555089.5014670000,0.0055059431,-0.0112137136,0.2597056312,0.3154673030,-0.6424984626,14.8800365810
555090.5014860000,0.0054388008,-0.0112256449,0.1956008792,0.3116203306,-0.6431820760,11.2071048493
555091.5015040000,0.0054939060,-0.0112008565,0.2330514964,0.3147776276,-0.6417618047,13.3528671522
555092.5015219999,0.0055060837,-0.0112191769,0.1903441563,0.3154753571,-0.6428114883,10.9059168132
555093.5015400000,0.0054813791,-0.0112071954,0.2056498678,0.3140598900,-0.6421249993,11.7828694835
555094.5015585000,0.0054875348,-0.0111952247,0.2236186663,0.3144125863,-0.6414391279,12.8124058011
555095.5015760000,0.0055361010,-0.0111834277,0.1894606404,0.3171952229,-0.6407632052,10.8552950795
555096.5015940000,0.0054754400,-0.0111952386,0.2067825857,0.3137196022,-0.6414399250,11.8477694399
555097.5016119999,0.0054940341,-0.0111886584,0.1966072893,0.3147849642,-0.6410629056,11.2647679008
555098.5016300000,0.0054750284,-0.0111833019,0.2010094326,0.3136960202,-0.6407560016,11.5169921279
555099.5016480000,0.0055181390,-0.0112198629,0.2143406263,0.3161660732,-0.6428507896,12.2808132630
555100.5016670000,0.0055241699,-0.0111832849,0.2090858451,0.3165116198,-0.6407550238,11.9797364800
555101.5016850000,0.0055181324,-0.0112318863,0.2063567126,0.3161656995,-0.6435396812,11.8233687053
555102.5017030000,0.0054996052,-0.0112014683,0.2348079403,0.3151041695,-0.6417968574,13.4535039760
555103.5017210001,0.0055186726,-0.0112067501,0.2150310598,0.3161966508,-0.6420994840,12.3203721890
555104.5017390000,0.0054873407,-0.0111881735,0.2203362260,0.3144014642,-0.6410351217,12.6243358263
555105.5017570000,0.0055239531,-0.0111828710,0.2158580925,0.3164992012,-0.6407313126,12.3677576729
555106.5017750000,0.0054936858,-0.0111463395,0.2526188577,0.3147650084,-0.6386382114,14.4739943741
555107.5017930000,0.0055359903,-0.0112139365,0.2189765651,0.3171888806,-0.6425112347,12.5464329901
555108.5018110001,0.0055119228,-0.0112504144,0.2259732847,0.3158099143,-0.6446012635,12.9473154952
555109.5018290000,0.0054998923,-0.0112070926,0.1947286777,0.3151206142,-0.6421191079,11.1571313834
555110.5018480000,0.0055058702,-0.0111885087,0.2091972792,0.3154631243,-0.6410543303,11.9861211840
555111.5018660000,0.0055056621,-0.0112012828,0.2230132853,0.3154512030,-0.6417862287,12.7777200227
555112.5018840000,0.0054692558,-0.0112129964,0.2003974146,0.3133652727,-0.6424573674,11.4819260817
555113.5019020000,0.0055364786,-0.0112133233,0.1939091206,0.3172168588,-0.6424761004,11.1101742200
555114.5019200000,0.0055055647,-0.0112011931,0.2314865821,0.3154456228,-0.6417810903,13.2632041698
555115.5019380000,0.0054998528,-0.0112067821,0.2081401039,0.3151183555,-0.6421013163,11.9255495034
555116.5019560000,0.0054872340,-0.0112196458,0.1860919840,0.3143953509,-0.6428383496,10.6622852845
555117.5019740000,0.0054999840,-0.0112184001,0.2381080342,0.3151258709,-0.6427669764,13.6425854277
555118.5019920000,0.0055179591,-0.0111950101,0.1832204481,0.3161557651,-0.6414268292,10.4977583971
555119.5020099999,0.0055667318,-0.0112010721,0.2097898544,0.3189502407,-0.6417741580,12.0200732445
555120.5020290000,0.0055057179,-0.0111890113,0.2033645692,0.3154543988,-0.6410831247,11.6519315185
555121.5020470000,0.0055239482,-0.0112252884,0.2095082936,0.3164989195,-0.6431616506,12.0039409947
555122.5020650000,0.0054812378,-0.0112133293,0.2190605530,0.3140517897,-0.6424764435,12.5512451434
555123.5020830000,0.0054876625,-0.0112065767,0.2049685191,0.3144198991,-0.6420895481,11.7438310746
555124.5021010000,0.0054752146,-0.0111825293,0.2011834550,0.3137066913,-0.6407117360,11.5269628809
555125.5021190000,0.0055059202,-0.0111947362,0.2189593823,0.3154659897,-0.6414111342,12.5454484877
555126.5021370000,0.0055177643,-0.0112071179,0.1923905629,0.3161446045,-0.6421205589,11.0231672706
555127.5021550000,0.0054938797,-0.0112071306,0.2118823541,0.3147761224,-0.6421212850,12.1399646406
555128.5021735000,0.0054872736,-0.0111703960,0.2268985231,0.3143976157,-0.6400165437,13.0003277517
555129.5021915000,0.0055237071,-0.0112011340,0.2014602274,0.3164851029,-0.6417777052,11.5428207670
555130.5022100001,0.0055243139,-0.0112068465,0.1929257846,0.3165198703,-0.6421050070,11.0538332149
555131.5022280000,0.0054815010,-0.0111946502,0.1879659340,0.3140668737,-0.6414062093,10.7696547115
555132.5022460000,0.0055359594,-0.0111888709,0.1941063576,0.3171871089,-0.6410750782,11.1214750685
555133.5022640000,0.0055060148,-0.0111829488,0.2199489792,0.3154714100,-0.6407357694,12.6021482136
555134.5022820000,0.0054936007,-0.0112314478,0.2102493450,0.3147601329,-0.6435145562,12.0464001157
555135.5023000001,0.0055177273,-0.0112437484,0.2083500502,0.3161424867,-0.6442193287,11.9375785388
555136.5023180000,0.0055305813,-0.0112190508,0.1877260657,0.3168789649,-0.6428042590,10.7559112704
555137.5023360000,0.0055059141,-0.0111948136,0.2315649202,0.3154656376,-0.6414155745,13.2676926107
555138.5023540000,0.0055118515,-0.0112072782,0.2095331329,0.3158058294,-0.6421297415,12.0053641844
555139.5023720000,0.0054937132,-0.0112502664,0.2195532836,0.3147665801,-0.6445927822,12.5794765305
555140.5023910000,0.0054629568,-0.0112199991,0.1925087876,0.3130043675,-0.6428585952,11.0299410509
555141.5024089999,0.0055301616,-0.0112140604,0.2181109555,0.3168549197,-0.6425183321,12.4968372138
555142.5024270000,0.0055117081,-0.0112136647,0.2217259753,0.3157976092,-0.6424956603,12.7039625908
555143.5024450000,0.0055120068,-0.0112194934,0.2053598965,0.3158147277,-0.6428296220,11.7662553532
555144.5024630000,0.0055178630,-0.0112262286,0.2310983235,0.3161502608,-0.6432155172,13.2409585891
555145.5024820000,0.0054693359,-0.0111826206,0.2187354009,0.3133698653,-0.6407169666,12.5326153002
555146.5000004999,0.0054993738,-0.0112138480,0.2110766277,0.3150909095,-0.6425061601,12.0937999227
555147.4975175000,0.0054816164,-0.0112318201,0.2021905870,0.3140734832,-0.6435358859,11.5846672902
555148.4975355000,0.0054932331,-0.0111945630,0.2472064477,0.3147390747,-0.6414012153,14.1638861230
555149.4975535000,0.0055057888,-0.0111948231,0.2189473304,0.3154584615,-0.6414161139,12.5447579687
555150.4975720000,0.0055180340,-0.0111763906,0.2043150030,0.3161600603,-0.6403600143,11.7063873646
555151.4975904999,0.0055114672,-0.0112559852,0.1950185141,0.3157838084,-0.6449204451,11.1737377869
555152.4976085001,0.0055119148,-0.0111767464,0.2076625986,0.3158094529,-0.6403803946,11.8981904621
555153.4976265000,0.0054936862,-0.0111887532,0.2006930802,0.3147650351,-0.6410683350,11.4988664736
555154.4976445000,0.0055121470,-0.0112066336,0.2485200179,0.3158227599,-0.6420928084,14.2391481476
555155.4976625000,0.0054692195,-0.0112130511,0.2389861572,0.3133631952,-0.6424605031,13.6928981675
555156.4976805000,0.0055425608,-0.0111949150,0.2212208931,0.3175653419,-0.6414213807,12.6750235126
555157.4976985001,0.0055055199,-0.0112011840,0.2055604019,0.3154430529,-0.6417805712,11.7777434621
555158.4977165000,0.0055178712,-0.0112378477,0.2056147318,0.3161507334,-0.6438812416,11.7808563396
555159.4977345000,0.0054814179,-0.0111763762,0.1902393067,0.3140621116,-0.6403591843,10.8999093700
555160.4977525000,0.0054994238,-0.0112135279,0.2145686744,0.3150937755,-0.6424878202,12.2938794587
555161.4977715000,0.0055057711,-0.0112003832,0.2392922861,0.3154574481,-0.6417346866,13.7104380608
555162.4977895000,0.0054936844,-0.0111763584,0.2050641729,0.3147649328,-0.6403581654,11.7493116362
555163.4978075000,0.0054997988,-0.0112005513,0.2100158510,0.3151152567,-0.6417443173,12.0330218937
555164.4978255000,0.0055117295,-0.0112013868,0.2094186225,0.3157988410,-0.6417921858,11.9988032198
555165.4978435000,0.0055361096,-0.0112007711,0.1869852300,0.3171957176,-0.6417569138,10.7134645095
555166.4978615000,0.0054999498,-0.0112134539,0.2161239161,0.3151239095,-0.6424835839,12.3829882454
555167.4978795000,0.0054754185,-0.0112063459,0.1920444003,0.3137183725,-0.6420763228,11.0033336170
555168.4978974999,0.0055363470,-0.0112193218,0.1829004866,0.3172093182,-0.6428197909,10.4794259554
555169.4979155000,0.0055241069,-0.0112011620,0.1873996207,0.3165080108,-0.6417793085,10.7372073486
555170.4979335000,0.0055118823,-0.0112314802,0.2253096255,0.3158075913,-0.6435164146,12.9092906270
555171.4979525000,0.0055423824,-0.0111646494,0.2419442029,0.3175551213,-0.6396872906,13.8623817062
555172.4979715000,0.0054752797,-0.0112252663,0.2305867698,0.3137104205,-0.6431603822,13.2116487209
555173.4979884999,0.0055057252,-0.0112314242,0.2015288901,0.3154548146,-0.6435132074,11.5467548553
555174.4980065000,0.0054995949,-0.0112190138,0.1958354814,0.3151035791,-0.6428021423,11.2205465629
555175.4980245000,0.0054630141,-0.0111885237,0.2113561412,0.3130076496,-0.6410551854,12.1098148651
555176.4980425000,0.0054997309,-0.0112253491,0.2297671436,0.3151113706,-0.6431651276,13.1646875963
555177.4980605000,0.0054566325,-0.0112010725,0.2072087740,0.3126420154,-0.6417741800,11.8721882265
555178.4980785000,0.0054994786,-0.0112007748,0.1808643423,0.3150969109,-0.6417571208,10.3627634771
555179.4980969999,0.0055240653,-0.0112011026,0.2196984354,0.3165056284,-0.6417759040,12.5877931159
555180.4981145000,0.0054996339,-0.0112069661,0.2130314037,0.3151058114,-0.6421118601,12.2058003379
555181.4981325000,0.0055301958,-0.0112132388,0.2355556995,0.3168568788,-0.6424712580,13.4963474197
555182.4981515000,0.0055058625,-0.0112375635,0.2200097635,0.3154626823,-0.6438649597,12.6056309024
555183.4981695000,0.0055056994,-0.0111887755,0.2236138780,0.3154533392,-0.6410696159,12.8121314515
555184.4981875001,0.0055058474,-0.0112253177,0.2119789585,0.3154618201,-0.6431633280,12.1454996648
555185.4982065000,0.0055119648,-0.0112191675,0.2174221369,0.3158123205,-0.6428109497,12.4573708172
555186.4982235000,0.0054810084,-0.0112006124,0.2007769958,0.3140386485,-0.6417478166,11.5036744854
555187.4982425000,0.0054818903,-0.0111886400,0.1951647752,0.3140891794,-0.6410618504,11.1821179279
555188.4982595000,0.0055055547,-0.0111889032,0.2291365151,0.3154450490,-0.6410769298,13.1285552449
555189.4982775000,0.0055180978,-0.0112254382,0.2120273613,0.3161637135,-0.6431702309,12.1482729441
555190.4982954999,0.0055120485,-0.0111947369,0.2344364749,0.3158171127,-0.6414111787,13.4322205760
555191.4983145000,0.0055239314,-0.0112132206,0.2289756125,0.3164979547,-0.6424702136,13.1193362095
555192.4983330000,0.0054994869,-0.0112132973,0.2107810382,0.3150973869,-0.6424746112,12.0768638876
555193.4983505000,0.0054999604,-0.0112192357,0.1915775083,0.3151245159,-0.6428148567,10.9765826768
555194.4983685000,0.0055179171,-0.0111708945,0.2252979709,0.3161533610,-0.6400451055,12.9086228641
555195.4983864999,0.0054938106,-0.0112316594,0.2110828744,0.3147721635,-0.6435266806,12.0941578320
555196.4984045000,0.0054691640,-0.0112130821,0.2138579209,0.3133600122,-0.6424622782,12.2531562804
555197.4984225000,0.0054871795,-0.0111647277,0.2240946661,0.3143922276,-0.6396917785,12.8396785813
555198.4984405000,0.0054690858,-0.0112431725,0.2141338524,0.3133555339,-0.6441863340,12.2689659947
555199.4984585000,0.0054996187,-0.0112015117,0.2148016876,0.3151049400,-0.6417993428,12.3072301321
555200.4984770000,0.0054876069,-0.0112248704,0.2120837288,0.3144167125,-0.6431376972,12.1515025617
555201.4984955001,0.0054934726,-0.0112071281,0.2062502343,0.3147527928,-0.6421211377,11.8172679517
555202.4985135000,0.0054875043,-0.0112131313,0.2219286376,0.3144108367,-0.6424650958,12.7155742867
555203.4985315000,0.0055178179,-0.0112131286,0.2118189127,0.3161476792,-0.6424649422,12.1363297174
555204.4985495000,0.0054752929,-0.0112192646,0.2041483300,0.3137111748,-0.6428165104,11.6968377013
555205.4985675000,0.0054874785,-0.0112072211,0.1980555999,0.3144093603,-0.6421264699,11.3477499825
555206.4985855001,0.0055121210,-0.0112309729,0.1871867056,0.3158212669,-0.6434873470,10.7250082125
555207.4986035000,0.0055606354,-0.0112318176,0.1861625226,0.3186009399,-0.6435357433,10.6663268464
555208.4986215000,0.0054873142,-0.0112071434,0.2057599977,0.3143999474,-0.6421220153,11.7891794600
555209.4986395000,0.0054940010,-0.0112129977,0.2403705950,0.3147830682,-0.6424574423,13.7722206128
555210.4986575000,0.0055425632,-0.0112377604,0.2031568780,0.3175654794,-0.6438762398,11.6400316873
555211.4986765001,0.0054627769,-0.0112068771,0.2341304630,0.3129940591,-0.6421067594,13.4146873858
555212.4986950000,0.0054934857,-0.0112436651,0.1996811595,0.3147535434,-0.6442145546,11.4408876848
555213.4987125000,0.0055182216,-0.0111883666,0.2082174450,0.3161708059,-0.6410461867,11.9299808199
555214.4987305000,0.0054754789,-0.0112251390,0.1966642236,0.3137218306,-0.6431530917,11.2680299941
555215.4987485000,0.0055120285,-0.0112313418,0.2044378707,0.3158159703,-0.6435084858,11.7134271631
555216.4987665000,0.0055237875,-0.0112071275,0.2299721326,0.3164897135,-0.6421211087,13.1764326058
555217.4987844999,0.0054877816,-0.0112316456,0.1827707960,0.3144267271,-0.6435258899,10.4719952262
555218.4988025000,0.0055360029,-0.0112014252,0.1905104633,0.3171895996,-0.6417943866,10.9154454989
555219.4988205000,0.0055365513,-0.0112187884,0.1788849551,0.3172210234,-0.6427892288,10.2493529464
555220.4988390000,0.0054933758,-0.0111828350,0.2136621674,0.3147472488,-0.6407292493,12.2419404310
555221.4988575000,0.0054933526,-0.0111826801,0.2064891257,0.3147459171,-0.6407203755,11.8309554205
555222.4988754999,0.0054694317,-0.0112252450,0.2185259291,0.3133753525,-0.6431591604,12.5206134510
555223.4988935000,0.0055302255,-0.0112072845,0.1945376199,0.3168585791,-0.6421301019,11.1461845763
555224.4989115000,0.0054992730,-0.0112010532,0.1970004614,0.3150851342,-0.6417730718,11.2872950020
555225.4989295000,0.0055179186,-0.0112254211,0.2236136377,0.3161534446,-0.6431692504,12.8121176837
555226.4989475000,0.0055059244,-0.0111945702,0.2097022606,0.3154662297,-0.6414016264,12.0150544868
555227.4989655000,0.0055000391,-0.0112067442,0.2053470637,0.3151290289,-0.6420991445,11.7655200837
555228.4989835001,0.0054996923,-0.0111642574,0.2192372660,0.3151091578,-0.6396648317,12.5613700540
555229.4990015000,0.0055238092,-0.0112437056,0.2109056382,0.3164909529,-0.6442168774,12.0840029456
555230.4990200000,0.0054997839,-0.0112074119,0.1891736976,0.3151144039,-0.6421374007,10.8388544671
555231.4990385000,0.0055422524,-0.0112134122,0.2079417985,0.3175476716,-0.6424811929,11.9141874390
555232.4990565000,0.0055241973,-0.0112006518,0.2029186445,0.3165131916,-0.6417500775,11.6263819121
555233.4990745001,0.0054688619,-0.0112010331,0.2075586108,0.3133427071,-0.6417719223,11.8922323994
555234.4990925000,0.0055119656,-0.0112130727,0.1933442229,0.3158123644,-0.6424617424,11.0778079658
555235.4991105000,0.0054999306,-0.0111887070,0.1879073236,0.3151228101,-0.6410656897,10.7662965838
555236.4991285000,0.0054996785,-0.0111946631,0.2031284772,0.3151083673,-0.6414069497,11.6384044440
555237.4991465000,0.0054996081,-0.0112008769,0.2240986265,0.3151043322,-0.6417629712,12.8399054903
555238.4991645000,0.0055059876,-0.0112193183,0.2030258842,0.3154698493,-0.6428195868,11.6325262991
555239.4991824999,0.0055241818,-0.0112189725,0.2058888521,0.3165123003,-0.6427997775,11.7965622722
555240.4992015000,0.0055057799,-0.0112253435,0.2085862657,0.3154579533,-0.6431648074,11.9511126871
555241.4992195000,0.0055302770,-0.0112621547,0.2056096248,0.3168615337,-0.6452739319,11.7805637262
555242.4992375000,0.0055237242,-0.0112438094,0.2462634427,0.3164860826,-0.6442228266,14.1098559142
555243.4992555000,0.0055057940,-0.0112133190,0.2053345844,0.3154587566,-0.6424758506,11.7648050761
555244.4992734999,0.0054932866,-0.0111764764,0.2160110379,0.3147421405,-0.6403649250,12.3765208024
555245.4992915000,0.0055123903,-0.0111761112,0.2063574957,0.3158367006,-0.6403440011,11.8234135740
555246.4993095000,0.0054812305,-0.0112071166,0.1840018879,0.3140513726,-0.6421204828,10.5425316003
555247.4993275000,0.0054872312,-0.0111888287,0.2049775575,0.3143951877,-0.6410726644,11.7443489384
555248.4993455000,0.0054812561,-0.0111766262,0.2195282371,0.3140528410,-0.6403735080,12.5780414676
555249.4993635000,0.0055057919,-0.0112315822,0.1746767356,0.3154586359,-0.6435222595,10.0082397272
555250.4993825000,0.0055362448,-0.0112193747,0.1918965941,0.3172034598,-0.6428228212,10.9948649460
555251.4994005000,0.0054816181,-0.0112190638,0.1995599271,0.3140735831,-0.6428050039,11.4339415847
555252.4994185000,0.0055058231,-0.0112189786,0.2089203567,0.3154604280,-0.6428001267,11.9702546910
555253.4994365000,0.0055179022,-0.0112194563,0.2154745822,0.3161525074,-0.6428274964,12.3457841534
555254.4994545000,0.0055241715,-0.0112253638,0.2224570609,0.3165117128,-0.6431659709,12.7458507114
555255.4994725001,0.0055116112,-0.0111949023,0.2139116138,0.3157920622,-0.6414206525,12.2562326598
555256.4994905000,0.0054815961,-0.0112192248,0.2267515767,0.3140723202,-0.6428142293,12.9919083402
555257.4995085000,0.0054690669,-0.0112069968,0.2117038952,0.3133544495,-0.6421136171,12.1297397018
555258.4995265000,0.0054879151,-0.0112125008,0.2092535173,0.3144343750,-0.6424289716,11.9893433891
555259.4995445000,0.0055300743,-0.0112317558,0.1965060722,0.3168499170,-0.6435322018,11.2589685854
555260.4995635001,0.0055302328,-0.0112133173,0.2168446086,0.3168590007,-0.6424757584,12.4242808851
555261.4995815000,0.0054873329,-0.0112194150,0.1996038674,0.3144010167,-0.6428251299,11.4364591758
555262.4995995000,0.0055056876,-0.0112375241,0.1901624577,0.3154526640,-0.6438627035,10.8955062489
555263.4996175000,0.0054939119,-0.0112253398,0.2106536463,0.3147779663,-0.6431645967,12.0695648731
555264.4996355000,0.0054933477,-0.0112556514,0.2206401106,0.3147456415,-0.6449013206,12.6417471302
555265.4996545000,0.0055180362,-0.0111826567,0.1943571705,0.3161601854,-0.6407190332,11.1358455859
555266.4996714999,0.0055363787,-0.0112499156,0.2260914688,0.3172111335,-0.6445726832,12.9540869451
555267.4996895000,0.0055180520,-0.0112374669,0.2128069798,0.3161610923,-0.6438594269,12.1929417924
555268.4997075000,0.0055057316,-0.0111949116,0.2233849868,0.3154551829,-0.6414211868,12.7990169509
555269.4997255000,0.0055241463,-0.0112070061,0.1930944560,0.3165102687,-0.6421141523,11.0634973759
555270.4997445000,0.0054873716,-0.0112192654,0.2216165126,0.3144032345,-0.6428165590,12.6976908411
555271.4997624999,0.0054877323,-0.0112067957,0.1960830362,0.3144239023,-0.6421020932,11.2347304097
555272.4997805000,0.0054876297,-0.0111885837,0.1899718472,0.3144180193,-0.6410586263,10.8845850699
555273.4997985000,0.0054871923,-0.0112009968,0.2053147630,0.3143929575,-0.6417698421,11.7636693908
555274.4998175000,0.0055179297,-0.0112376560,0.1837259991,0.3161540809,-0.6438702606,10.5267243356
555275.4998345000,0.0055058641,-0.0112620555,0.2082260565,0.3154627781,-0.6452682479,11.9304742213
555276.4998525000,0.0055177202,-0.0112072899,0.2007150313,0.3161420825,-0.6421304133,11.5001241762
555277.4998705001,0.0055122963,-0.0112374189,0.1920097970,0.3158313119,-0.6438566737,11.0013509912
555278.4998885000,0.0055301680,-0.0112068425,0.1989121418,0.3168552878,-0.6421047744,11.3968262217
555279.4999070000,0.0054874191,-0.0112070410,0.2218887819,0.3144059540,-0.6421161501,12.7132907234
555280.4999255000,0.0055243177,-0.0112008197,0.2154576243,0.3165200869,-0.6417596949,12.3448125382
555281.4999435000,0.0055179368,-0.0112317234,0.2019474856,0.3161544926,-0.6435303455,11.5707386099
555282.4999615001,0.0054690381,-0.0112251494,0.2083797826,0.3133527994,-0.6431536850,11.9392820786
555283.4999795000,0.0055239099,-0.0111889439,0.2079302018,0.3164967247,-0.6410792602,11.9135229981
555284.4999975000,0.0054937753,-0.0112065645,0.1903209917,0.3147701366,-0.6420888491,10.9045895797
555285.5000155000,0.0054872376,-0.0112071601,0.2195850682,0.3143955581,-0.6421229766,12.5812976546
555286.5000335000,0.0054935756,-0.0112253075,0.2480225705,0.3147586977,-0.6431627422,14.2106465114
555287.5000515000,0.0054874333,-0.0112377867,0.2424917317,0.3144067658,-0.6438777469,13.8937527913
555288.5000705000,0.0054998437,-0.0112128499,0.2154150475,0.3151178297,-0.6424489779,12.3423730668
555289.5000880000,0.0055419481,-0.0112255274,0.2233155112,0.3175302342,-0.6431753444,12.7950362908
555290.5001065000,0.0055362064,-0.0112376907,0.2002542637,0.3172012630,-0.6438722491,11.4737241411
555291.5001245000,0.0054938219,-0.0112250803,0.2250914737,0.3147728082,-0.6431497238,12.8967914453
555292.5001425000,0.0054871313,-0.0112133926,0.2174043753,0.3143894679,-0.6424800685,12.4563531499
555293.5001604999,0.0055058472,-0.0112437202,0.2205480150,0.3154618077,-0.6442177119,12.6364704376
555294.5001785000,0.0055422621,-0.0112315745,0.1839464202,0.3175482286,-0.6435218172,10.5393535362
555295.5001965000,0.0054568920,-0.0112253041,0.2228671183,0.3126568821,-0.6431625495,12.7693452683
555296.5002145000,0.0055243221,-0.0112132112,0.2315212965,0.3165203421,-0.6424696751,13.2651931596
555297.5002325000,0.0054997832,-0.0112249501,0.2041735116,0.3151143668,-0.6431422646,11.6982805012
555298.5002505000,0.0054996012,-0.0112132362,0.1799087606,0.3151039389,-0.6424711063,10.3080126796
555299.5002695000,0.0055607612,-0.0112316629,0.1887729952,0.3186081452,-0.6435268839,10.8158959085
555300.5002875000,0.0055180881,-0.0112008826,0.2111282400,0.3161631589,-0.6417633000,12.0967570908
555301.5003055000,0.0055056868,-0.0112256096,0.2113872459,0.3154526183,-0.6431800520,12.1115970325
555302.5003235000,0.0055058304,-0.0112621710,0.2012532227,0.3154608449,-0.6452748690,11.5309602756
555303.5003415000,0.0054997649,-0.0112068799,0.1853117760,0.3151133168,-0.6421069224,10.6175826609
555304.5003595001,0.0054876536,-0.0112185623,0.2192236503,0.3144193886,-0.6427762748,12.5605899320
555305.5003775000,0.0054873322,-0.0111948496,0.2205569988,0.3144009748,-0.6414176351,12.6369851739
555306.5003955000,0.0055301556,-0.0112009967,0.2220631792,0.3168545739,-0.6417698390,12.7232829562
555307.5004135000,0.0055056568,-0.0111825759,0.2007766392,0.3154508991,-0.6407144009,11.5036540527
555308.5004315000,0.0054996984,-0.0111886176,0.2141360447,0.3151095073,-0.6410605694,12.2690916044
555309.5004505001,0.0055118888,-0.0111827822,0.2072036919,0.3158079645,-0.6407262256,11.8718970468
555310.5004690000,0.0054813547,-0.0112006555,0.1949296009,0.3140584884,-0.6417502894,11.1686434364
555311.5004865000,0.0054936033,-0.0111886383,0.1997135647,0.3147602853,-0.6410617528,11.4427443680
555312.5005045000,0.0055299616,-0.0112500288,0.2088392867,0.3168434600,-0.6445791694,11.9656097232
555313.5005225000,0.0054874224,-0.0111825759,0.2473678930,0.3144061444,-0.6407144036,14.1731362535
555314.5005405000,0.0055363735,-0.0112071468,0.2026885935,0.3172108357,-0.6421222126,11.6132009619
555315.5005584999,0.0055119147,-0.0112254552,0.1885691241,0.3158094485,-0.6431712034,10.8042149593
555316.5005765000,0.0055240404,-0.0112070535,0.2195543821,0.3165041991,-0.6421168680,12.5795394672
555317.5005945000,0.0054751960,-0.0112556839,0.2028899655,0.3137056222,-0.6449031849,11.6247387273
555318.5006125000,0.0055056698,-0.0112072352,0.1993464727,0.3154516413,-0.6421272767,11.4217115493
555319.5006315000,0.0055117951,-0.0112131018,0.2052107859,0.3158025964,-0.6424634059,11.7577119400
555320.5006494999,0.0055178942,-0.0112315532,0.2142756736,0.3161520492,-0.6435205957,12.2770917490
555321.5006675000,0.0055183088,-0.0112010609,0.2124000527,0.3161758060,-0.6417735154,12.1696265885
555322.5006855000,0.0054930762,-0.0111825995,0.2138292675,0.3147300842,-0.6407157551,12.2515145646
555323.5007035000,0.0054879468,-0.0111820943,0.1864483636,0.3144361878,-0.6406868108,10.6827043295
555324.5007215000,0.0054997112,-0.0112253396,0.1982827270,0.3151102429,-0.6431645832,11.3607634064
555325.5007395000,0.0054935180,-0.0112131929,0.2040008266,0.3147553980,-0.6424686276,11.6883863814
555326.5007575001,0.0055179691,-0.0112437638,0.2042864278,0.3161563383,-0.6442202134,11.7047501234
555327.5007755000,0.0055119013,-0.0112073747,0.2217372530,0.3158086796,-0.6421352713,12.7046087565
555328.5007940000,0.0055304238,-0.0112008610,0.2252165211,0.3168699450,-0.6417620595,12.9039561373
555329.5008125000,0.0055424152,-0.0112136480,0.2137789668,0.3175570005,-0.6424947033,12.2486325436
555330.5008305000,0.0055054736,-0.0112005442,0.2002972579,0.3154403994,-0.6417439129,11.4761875246
555331.5008485001,0.0055360840,-0.0111768224,0.2038292066,0.3171942456,-0.6403847530,11.6785532790
555332.5008665000,0.0054933827,-0.0112376407,0.2091815109,0.3147476444,-0.6438693859,11.9852177239
555333.5008845000,0.0055054567,-0.0112133850,0.1823440703,0.3154394341,-0.6424796325,10.4475456446
555334.5009025000,0.0055423607,-0.0112132953,0.1932724163,0.3175538754,-0.6424744955,11.0736937480
555335.5009205000,0.0055240886,-0.0111953282,0.2075734546,0.3165069649,-0.6414450553,11.8930828887
555336.5009385000,0.0055303656,-0.0112132088,0.2300033878,0.3168666087,-0.6424695366,13.1782233971
555337.5009564999,0.0054873895,-0.0112004190,0.2089935541,0.3144042568,-0.6417367357,11.9744485958
555338.5009755000,0.0054934268,-0.0111765046,0.1926696986,0.3147501709,-0.6403665455,11.0391605699
555339.5009935000,0.0054935317,-0.0112008809,0.2321345109,0.3147561799,-0.6417632005,13.3003277555
555340.5010115000,0.0054997015,-0.0112193318,0.2119324924,0.3151096847,-0.6428203583,12.1428373556
555341.5010295000,0.0054751171,-0.0111944714,0.2043980777,0.3137011049,-0.6413959647,11.7111471928
555342.5010480001,0.0055056880,-0.0112320349,0.2213585923,0.3154526845,-0.6435481962,12.6829130981
555343.5010655000,0.0054813191,-0.0112310215,0.2337352920,0.3140564525,-0.6434901317,13.3920457524
555344.5010835000,0.0055239786,-0.0112072342,0.2215213658,0.3165006614,-0.6421272219,12.6922393349
555345.5011015000,0.0055180586,-0.0112070249,0.2041138068,0.3161614663,-0.6421152281,11.6948596712
555346.5011195000,0.0054996121,-0.0112011514,0.2191876289,0.3151045646,-0.6417787018,12.5585260556
555347.5011374999,0.0055115389,-0.0112011187,0.1989450673,0.3157879167,-0.6417768251,11.3987127087
555348.5011565000,0.0055057490,-0.0112190520,0.2096523010,0.3154561813,-0.6428043279,12.0121920116
555349.5011745000,0.0055058075,-0.0111765349,0.2124829432,0.3154595322,-0.6403682802,12.1743758611
555350.5011925000,0.0054874550,-0.0111947972,0.2293739524,0.3144080095,-0.6414146299,13.1421594054
555351.5012105000,0.0055116615,-0.0112071949,0.2010685504,0.3157949408,-0.6421249661,11.5203793299
555352.5012285000,0.0054690441,-0.0112436323,0.2038513819,0.3133531424,-0.6442126794,11.6798238300
555353.5012475001,0.0055059649,-0.0112194120,0.2200346484,0.3154685521,-0.6428249558,12.6070566993
555354.5012640000,0.0055300938,-0.0112255855,0.1870491384,0.3168510346,-0.6431786733,10.7171261894
555355.5012820000,0.0054997615,-0.0112131770,0.2031618395,0.3151131233,-0.6424677181,11.6403159615
555356.5013000000,0.0055243837,-0.0111942115,0.2170004206,0.3165238708,-0.6413810721,12.4332082526
555357.5013190000,0.0054567945,-0.0112069441,0.2049238692,0.3126512971,-0.6421105990,11.7412728252
555358.5013369999,0.0054752528,-0.0111702893,0.2040310815,0.3137088791,-0.6400104348,11.6901198581
555359.5013550000,0.0055362737,-0.0112072455,0.1874522955,0.3172051156,-0.6421278666,10.7402253943
555360.5013730000,0.0054752303,-0.0111948049,0.2113601078,0.3137075880,-0.6414150725,12.1100421363
555361.5013910000,0.0054814928,-0.0111884683,0.2378691945,0.3140664012,-0.6410520127,13.6289009182
555362.5014090000,0.0054998952,-0.0112187783,0.2083985757,0.3151207833,-0.6427886486,11.9403588448
555363.5014270000,0.0055119046,-0.0112132563,0.2217967948,0.3158088686,-0.6424722581,12.7080202540
555364.5014450001,0.0055242162,-0.0112255081,0.2074008345,0.3165142721,-0.6431742380,11.8831924870
555365.5014640000,0.0055361230,-0.0112316463,0.2011136130,0.3171964853,-0.6435259298,11.5229612288
555366.5014810000,0.0054997231,-0.0112011480,0.1997904839,0.3151109216,-0.6417785069,11.4471515143
555367.5015000000,0.0055298768,-0.0112135240,0.1837929091,0.3168386042,-0.6424875965,10.5305579932
555368.5015180000,0.0054754448,-0.0112312679,0.2015027145,0.3137198766,-0.6435042470,11.5452551022
555369.5015360001,0.0055302954,-0.0112372922,0.2367714001,0.3168625879,-0.6438494141,13.5660019340
555370.5015540000,0.0055117171,-0.0112133216,0.2009460019,0.3157981268,-0.6424759993,11.5133578188
555371.5015720000,0.0055117838,-0.0112438059,0.2109942479,0.3158019507,-0.6442226211,12.0890799055
555372.5015900000,0.0055424687,-0.0112374874,0.2240450687,0.3175600621,-0.6438605977,12.8368368558
555373.5016080000,0.0054877536,-0.0112192343,0.2132183874,0.3144251213,-0.6428147729,12.2165137111
555374.5016270000,0.0054998281,-0.0112436198,0.1873590868,0.3151169357,-0.6442119621,10.7348849279
555375.5016439999,0.0055173245,-0.0112071750,0.1928104789,0.3161194095,-0.6421238298,11.0472266861
555376.5016620000,0.0054999127,-0.0112190743,0.2004210041,0.3151217852,-0.6428056062,11.4832776616
555377.5016805000,0.0054995259,-0.0112071759,0.2297313435,0.3150996214,-0.6421238800,13.1626364032
555378.5016990000,0.0055115727,-0.0112255714,0.2181240588,0.3157898536,-0.6431778648,12.4975879823
555379.5017170000,0.0054875933,-0.0112132765,0.2061586704,0.3144159378,-0.6424734189,11.8120217261
555380.5017349999,0.0054933157,-0.0112008694,0.2036434774,0.3147438053,-0.6417625455,11.6679117778
555381.5017530000,0.0055059557,-0.0111889770,0.2104990654,0.3154680254,-0.6410811588,12.0607080387
555382.5017710000,0.0054749602,-0.0112431366,0.2210339504,0.3136921105,-0.6441842762,12.6643124852
555383.5017890000,0.0055238465,-0.0112072916,0.2138154391,0.3164930919,-0.6421305058,12.2507222570
555384.5018070000,0.0054875648,-0.0111824248,0.2068956613,0.3144143044,-0.6407057458,11.8542481895
555385.5018250000,0.0055055270,-0.0111827469,0.1983765945,0.3154434639,-0.6407241995,11.3661416195
555386.5018435000,0.0054932859,-0.0112072124,0.2211481738,0.3147420991,-0.6421259734,12.6708570075
555387.5018620000,0.0055122288,-0.0112132778,0.1986723356,0.3158274434,-0.6424734929,11.3830863346
555388.5018800000,0.0054873395,-0.0111947459,0.1957753015,0.3144013933,-0.6414116900,11.2170985084
555389.5018980000,0.0055182126,-0.0112371785,0.1883259714,0.3161702904,-0.6438429007,10.7902833348
555390.5019170000,0.0054994785,-0.0112131918,0.1939419489,0.3150969049,-0.6424685657,11.1120551422
555391.5019340001,0.0055243661,-0.0112376256,0.2109176468,0.3165228629,-0.6438685205,12.0846909873
555392.5019520000,0.0055179603,-0.0112253288,0.2190887087,0.3161558371,-0.6431639611,12.5528583457
555393.5019700000,0.0054938680,-0.0112132173,0.2269094713,0.3147754513,-0.6424700270,13.0009550376
555394.5019880000,0.0055175515,-0.0112196750,0.2061826284,0.3161324129,-0.6428400252,11.8133944151
555395.5020060000,0.0054875601,-0.0112246044,0.2278126447,0.3144140318,-0.6431224581,13.0527030612
555396.5020240000,0.0055181498,-0.0112131546,0.2185447617,0.3161666915,-0.6424664363,12.5216924797
555397.5020440000,0.0055057308,-0.0112009154,0.1860094461,0.3154551351,-0.6417651806,10.6575562085
555398.5020610000,0.0055055025,-0.0111951793,0.2251634676,0.3154420592,-0.6414365265,12.9009163964
555399.5020790000,0.0055239731,-0.0112375813,0.1992961966,0.3165003445,-0.6438659787,11.4188309392
555400.5020970000,0.0054813707,-0.0112255711,0.1935473084,0.3140594092,-0.6431778476,11.0894439076
555401.5021150000,0.0055481403,-0.0112013265,0.2123976412,0.3178850252,-0.6417887316,12.1694884202
555402.5021329999,0.0055241543,-0.0112067038,0.2203482999,0.3165107264,-0.6420968297,12.6250276044
555403.5021510000,0.0055420881,-0.0112623240,0.2049630844,0.3175382570,-0.6452836308,11.7435196914
555404.5021690000,0.0055118087,-0.0112134733,0.1859172025,0.3158033733,-0.6424846922,10.6522710414
555405.5021870000,0.0054934080,-0.0112008302,0.2168059561,0.3147490958,-0.6417602994,12.4220662576
555406.5022060000,0.0055180376,-0.0111829822,0.1846869034,0.3161602642,-0.6407376823,10.5817800977
555407.5022239999,0.0055359518,-0.0112133012,0.2168884898,0.3171866721,-0.6424748355,12.4267950878
555408.5022420000,0.0055364865,-0.0112312487,0.2166820159,0.3172173124,-0.6435031501,12.4149650064
555409.5022600000,0.0055544444,-0.0112317552,0.1775618705,0.3182462189,-0.6435321699,10.1735457835
555410.5022780000,0.0054872723,-0.0112191698,0.2214996941,0.3143975437,-0.6428110769,12.6909976348
555411.5022960000,0.0054935149,-0.0112193680,0.1530912462,0.3147552162,-0.6428224374,8.7714822851
555412.5023140000,0.0055178099,-0.0112253751,0.2040484074,0.3161472178,-0.6431666182,11.6911125609
555413.5023330001,0.0055487009,-0.0112194934,0.1933354279,0.3179171420,-0.6428296204,11.0773040482
555414.5023500000,0.0054999181,-0.0112066129,0.1816995512,0.3151220950,-0.6420916226,10.4106174257
555415.5023685000,0.0055117203,-0.0112072390,0.1996269843,0.3157983117,-0.6421274973,11.4377836767
555416.5023880000,0.0055606798,-0.0112073108,0.2060519913,0.3186034852,-0.6421316066,11.8059094638
555417.5024050000,0.0055238671,-0.0112194952,0.1999287021,0.3164942691,-0.6428297256,11.4550708358
555418.5024230001,0.0054994884,-0.0112070585,0.2225880244,0.3150974720,-0.6421171543,12.7533543670
555419.5024420000,0.0055056799,-0.0112255271,0.2214885641,0.3154522212,-0.6431753263,12.6903599329
555420.5024590000,0.0055055374,-0.0112194211,0.2062622444,0.3154440570,-0.6428254796,11.8179560773
555421.5024770000,0.0055179288,-0.0112069754,0.1979306833,0.3161540342,-0.6421123936,11.3405927886
555422.4999955001,0.0054745831,-0.0111956882,0.2077064147,0.3136705048,-0.6414656853,11.9007009423
555423.4975135000,0.0054811425,-0.0112133118,0.1988734481,0.3140463346,-0.6424754430,11.3946092311
555424.4975314999,0.0055059492,-0.0112319144,0.2140361145,0.3154676514,-0.6435412936,12.2633660237
555425.4975495000,0.0055296852,-0.0112376033,0.2151691140,0.3168276242,-0.6438672415,12.3282821118
555426.4975680000,0.0054934534,-0.0111945765,0.1691754741,0.3147516957,-0.6414019893,9.6930406614
555427.4975865000,0.0055300180,-0.0112500703,0.2089690338,0.3168466928,-0.6445815487,11.9730436862
555428.4976045000,0.0055116735,-0.0112131967,0.2347055667,0.3157956273,-0.6424688468,13.4476383981
555429.4976224999,0.0054812812,-0.0112254707,0.2273295824,0.3140542814,-0.6431720967,13.0250256298
555430.4976405000,0.0055237917,-0.0112193240,0.2072971252,0.3164899506,-0.6428199170,11.8772503807
555431.4976585000,0.0055243181,-0.0112620812,0.2029851430,0.3165201102,-0.6452697211,11.6301919990
555432.4976765000,0.0055061600,-0.0112373177,0.2117768305,0.3154797299,-0.6438508756,12.1339185849
555433.4976945000,0.0055117069,-0.0111705532,0.2213451900,0.3157975430,-0.6400255557,12.6821452006
555434.4977125000,0.0054689203,-0.0112132881,0.2141264174,0.3133460489,-0.6424740821,12.2685399998
555435.4977305001,0.0055113909,-0.0112013092,0.1980768821,0.3157794350,-0.6417877431,11.3489693658
555436.4977490000,0.0054751779,-0.0112374111,0.2160680841,0.3137045841,-0.6438562290,12.3797893065
555437.4977675000,0.0055360082,-0.0112075511,0.1776144169,0.3171899048,-0.6421453766,10.1765564717
555438.4977855000,0.0054874089,-0.0112313957,0.2166951027,0.3144053711,-0.6435115723,12.4157148285
555439.4978035000,0.0055121445,-0.0112309402,0.2242067028,0.3158226151,-0.6434854716,12.8460978068
555440.4978215001,0.0055119793,-0.0112375744,0.2105398920,0.3158131484,-0.6438655857,12.0630472289
555441.4978395000,0.0054933938,-0.0111827245,0.2138412113,0.3147482824,-0.6407229189,12.2521988907
555442.4978575000,0.0055057217,-0.0111885741,0.2101780200,0.3154546138,-0.6410580743,12.0423134922
555443.4978755000,0.0054813076,-0.0112194971,0.2015850764,0.3140557889,-0.6428298302,11.5499740899
555444.4978935000,0.0054810204,-0.0112134953,0.2158968677,0.3140393343,-0.6424859551,12.3699793295
555445.4979115000,0.0054998085,-0.0112431458,0.1884570734,0.3151158155,-0.6441848009,10.7977949224
555446.4979305000,0.0055177479,-0.0111888897,0.2036504439,0.3161436653,-0.6410761551,11.6683109303
555447.4979485000,0.0055238554,-0.0112135145,0.2191640970,0.3164935996,-0.6424870520,12.5571777801
555448.4979665000,0.0055114754,-0.0112501729,0.2290392356,0.3157842792,-0.6445874286,13.1229815453
555449.4979845000,0.0055056284,-0.0111948601,0.1992245631,0.3154492730,-0.6414182357,11.4147266393
555450.4980025000,0.0054812442,-0.0112255582,0.2340679026,0.3140521600,-0.6431771055,13.4111029400
555451.4980204999,0.0054871814,-0.0111889353,0.2270446177,0.3143923359,-0.6410787680,13.0086983560
555452.4980385000,0.0054754535,-0.0112003128,0.1941333126,0.3137203742,-0.6417306515,11.1230194724
555453.4980565000,0.0055362952,-0.0112133572,0.2278428842,0.3172063509,-0.6424780438,13.0544356542
555454.4980745000,0.0054873062,-0.0112252462,0.2247218748,0.3143994889,-0.6431592292,12.8756149927
555455.4980925000,0.0055056116,-0.0112132473,0.2379791294,0.3154483060,-0.6424717423,13.6351997293
555456.4981104999,0.0055241493,-0.0112011174,0.2191573702,0.3165104426,-0.6417767500,12.5567923635
555457.4981295000,0.0055298662,-0.0112072819,0.1822208523,0.3168379939,-0.6421299521,10.4404857786
555458.4981485000,0.0054751054,-0.0112189690,0.1811063516,0.3137004347,-0.6427995765,10.3766295912
555459.4981655000,0.0054571467,-0.0111824204,0.2057428976,0.3126714756,-0.6407054909,11.7881996976
555460.4981835000,0.0055362244,-0.0112499822,0.2286089260,0.3172022902,-0.6445764984,13.0983266178
555461.4982015000,0.0055423042,-0.0111890475,0.1952422209,0.3175506384,-0.6410852004,11.1865552382
555462.4982195001,0.0054811201,-0.0111765763,0.1973514725,0.3140450503,-0.6403706538,11.3074064571
555463.4982375000,0.0054932997,-0.0111827535,0.1987776437,0.3147428900,-0.6407245780,11.3891200474
555464.4982555000,0.0055114785,-0.0112133245,0.2102257737,0.3157844567,-0.6424761693,12.0450495793
555465.4982740000,0.0054997633,-0.0112067572,0.1809798298,0.3151132237,-0.6420998913,10.3693804241
555466.4982925000,0.0055240296,-0.0112072035,0.2142160530,0.3165035840,-0.6421254615,12.2736757392
555467.4983105001,0.0054810784,-0.0112317039,0.1917377610,0.3140426571,-0.6435292316,10.9857644779
555468.4983285000,0.0055236653,-0.0111949781,0.1961443303,0.3164827101,-0.6414249946,11.2382423032
555469.4983465000,0.0054874670,-0.0111946117,0.1964473147,0.3144087005,-0.6414040053,11.2556020272
555470.4983645000,0.0055056600,-0.0112013712,0.2012452139,0.3154510824,-0.6417912926,11.5305014030
555471.4983835000,0.0054937332,-0.0112433108,0.2126894690,0.3147677254,-0.6441942574,12.1862089224
555472.4984005000,0.0055058525,-0.0111764782,0.2261127218,0.3154621110,-0.6403650279,12.9553046519
555473.4984184999,0.0055179949,-0.0112438421,0.2030290914,0.3161578195,-0.6442246983,11.6327100532
555474.4984365000,0.0055423219,-0.0112254310,0.2382867388,0.3175516526,-0.6431698173,13.6528244479
555475.4984560000,0.0055059470,-0.0112253631,0.1988424346,0.3154675242,-0.6431659318,11.3928322903
555476.4984735000,0.0055118098,-0.0111888736,0.2186137434,0.3158034370,-0.6410752327,12.5256448378
555477.4984915000,0.0054933336,-0.0112072002,0.2215755343,0.3147448282,-0.6421252695,12.6953429603
555478.4985094999,0.0054937516,-0.0112491445,0.2128764164,0.3147687816,-0.6445285007,12.1969202199
555479.4985275000,0.0055179118,-0.0112316447,0.2323468541,0.3161530578,-0.6435258384,13.3124941235
555480.4985455000,0.0055178518,-0.0112254194,0.1849948649,0.3161496224,-0.6431691552,10.5994249927
555481.4985635000,0.0055242390,-0.0112009118,0.1760428230,0.3165155810,-0.6417649733,10.0865107725
555482.4985815000,0.0055176792,-0.0112195940,0.2158726652,0.3161397329,-0.6428353833,12.3685926262
555483.4985995000,0.0055059691,-0.0112191112,0.2171206342,0.3154687925,-0.6428077228,12.4400959872
555484.4986180000,0.0054813474,-0.0111701610,0.2047289148,0.3140580706,-0.6400030835,11.7301027649
555485.4986365000,0.0054936803,-0.0112375557,0.2160336205,0.3147646923,-0.6438645157,12.3778146885
555486.4986545000,0.0055176132,-0.0112073196,0.2160925230,0.3161359485,-0.6421321127,12.3811895514
555487.4986725000,0.0054754444,-0.0112253495,0.1924960051,0.3137198564,-0.6431651506,11.0292086677
555488.4986905000,0.0054936396,-0.0112132844,0.2049436319,0.3147623620,-0.6424738697,11.7424051480
555489.4987085001,0.0055419229,-0.0112193618,0.2164335681,0.3175287935,-0.6428220780,12.4007299989
555490.4987265000,0.0054874454,-0.0111950012,0.2046992102,0.3144074610,-0.6414263189,11.7284008163
555491.4987445000,0.0055180018,-0.0111882973,0.2051905585,0.3161582117,-0.6410422159,11.7565529987
555492.4987625000,0.0055239338,-0.0112316269,0.2020698018,0.3164980903,-0.6435248212,11.5777468089
555493.4987805000,0.0054690876,-0.0111947601,0.1927885497,0.3133556397,-0.6414125091,11.0459702347
555494.4987989999,0.0055482347,-0.0112135426,0.2099084876,0.3178904318,-0.6424886625,12.0268704241
555495.4988175000,0.0054810920,-0.0112193428,0.1940212242,0.3140434414,-0.6428209937,11.1165972832
555496.4988365000,0.0054997979,-0.0111950002,0.1835750889,0.3151152059,-0.6414262647,10.5180778179
555497.4988535000,0.0054995218,-0.0112190576,0.1927457737,0.3150993908,-0.6428046506,11.0435193535
555498.4988715000,0.0055361402,-0.0112193588,0.2173362539,0.3171974700,-0.6428219075,12.4524500829
555499.4988895000,0.0055236559,-0.0112075135,0.2051376601,0.3164821725,-0.6421432251,11.7535221443
555500.4989074999,0.0055177773,-0.0112315905,0.2109100322,0.3161453518,-0.6435227308,12.0842547012
555501.4989255000,0.0055362536,-0.0112317025,0.2214578601,0.3172039675,-0.6435291502,12.6886007235
555502.4989435000,0.0054690821,-0.0112009526,0.2432097062,0.3133553209,-0.6417673100,13.9348897037
555503.4989615000,0.0055546798,-0.0112073300,0.1846583934,0.3182597091,-0.6421327072,10.5801465913
555504.4989805000,0.0055547933,-0.0112249976,0.2310086082,0.3182662138,-0.6431449886,13.2358182824
555505.4989984999,0.0055238738,-0.0112134207,0.2176556492,0.3164946545,-0.6424816784,12.4707500856
555506.4990165000,0.0054812222,-0.0112254121,0.2103144514,0.3140508988,-0.6431687391,12.0501304363
555507.4990345000,0.0055298726,-0.0111951818,0.2363710700,0.3168383620,-0.6414366658,13.5430647073
555508.4990525000,0.0054875266,-0.0112252578,0.2012593726,0.3144121140,-0.6431598974,11.5313126357
555509.4990705000,0.0055241593,-0.0112009724,0.2122995937,0.3165110106,-0.6417684441,12.1638707139
555510.4990885000,0.0054935411,-0.0112128904,0.1883219742,0.3147567211,-0.6424512943,10.7900543129
555511.4991070000,0.0055242298,-0.0111885580,0.2278182218,0.3165150545,-0.6410571500,13.0530226045
555512.4991245000,0.0055056685,-0.0112071268,0.2245450535,0.3154515697,-0.6421210680,12.8654838741
555513.4991430000,0.0054996955,-0.0112313014,0.2269357887,0.3151093428,-0.6435061703,13.0024629103
555514.4991615000,0.0054875793,-0.0112008064,0.2432931822,0.3144151338,-0.6417589315,13.9396725256
555515.4991795000,0.0055239209,-0.0111891689,0.2178440153,0.3164973523,-0.6410921568,12.4815426679
555516.4991975001,0.0055116876,-0.0112191499,0.2156116273,0.3157964385,-0.6428099416,12.3536362604
555517.4992155000,0.0054754308,-0.0112187412,0.2155913339,0.3137190743,-0.6427865238,12.3524735313
555518.4992335000,0.0055179044,-0.0112315634,0.2249628276,0.3161526345,-0.6435211815,12.8894205676
555519.4992515000,0.0055059734,-0.0112131212,0.2157469599,0.3154690355,-0.6424645213,12.3613902442
555520.4992695000,0.0055177762,-0.0112009057,0.1938407598,0.3161452867,-0.6417646238,11.1062574350
555521.4992875000,0.0055240767,-0.0112193706,0.2313222979,0.3165062788,-0.6428225823,13.2537913788
555522.4993055000,0.0054871622,-0.0112254918,0.2068154606,0.3143912377,-0.6431733031,11.8496530325
555523.4993245000,0.0055118983,-0.0111708441,0.2005610839,0.3158085076,-0.6400422200,11.4913036403
555524.4993425000,0.0054814754,-0.0112063505,0.2057086039,0.3140654057,-0.6420765866,11.7862348112
555525.4993605000,0.0055178585,-0.0112010776,0.1829852246,0.3161500055,-0.6417744701,10.4842810835
555526.4993785000,0.0055301364,-0.0112254657,0.1989297980,0.3168534760,-0.6431718095,11.3978378421
555527.4993964999,0.0054934419,-0.0111951895,0.1908087618,0.3147510381,-0.6414371110,10.9325367477
555528.4994145000,0.0055299511,-0.0112132251,0.2406179500,0.3168428598,-0.6424704755,13.7863930125
555529.4994325000,0.0055298406,-0.0111891218,0.2265397454,0.3168365254,-0.6410894557,12.9797713050
555530.4994505000,0.0055118856,-0.0112189142,0.1930890219,0.3158077805,-0.6427964355,11.0631860224
555531.4994685000,0.0054934008,-0.0112131774,0.2037272014,0.3147486795,-0.6424677399,11.6727088104
555532.4994870001,0.0055179251,-0.0111826077,0.2026104173,0.3161538221,-0.6407162232,11.6087217939
555533.4995055000,0.0055180422,-0.0112192061,0.2048126367,0.3161605270,-0.6428131611,11.7348996715
555534.4995240000,0.0054997911,-0.0112315794,0.2151045971,0.3151148168,-0.6435220970,12.3245855662
555535.4995415000,0.0054994634,-0.0112252161,0.2059876201,0.3150960426,-0.6431575080,11.8022212648
555536.4995595000,0.0055424782,-0.0112132491,0.2245158767,0.3175606075,-0.6424718470,12.8638121711
555537.4995775000,0.0055056342,-0.0111888460,0.2569788247,0.3154496028,-0.6410736510,14.7238020783
555538.4995955001,0.0055238346,-0.0112011615,0.2282563853,0.3164924107,-0.6417792783,13.0781275226
555539.4996135000,0.0054693216,-0.0111763607,0.1895156956,0.3133690421,-0.6403582973,10.8584495122
555540.4996315000,0.0054995998,-0.0112192269,0.2103102236,0.3151038566,-0.6428143494,12.0498882018
555541.4996495000,0.0055242426,-0.0112804328,0.2228775843,0.3165157840,-0.6463211886,12.7699449258
555542.4996685000,0.0055300651,-0.0112439881,0.2152009210,0.3168493934,-0.6442330621,12.3301045208
555543.4996865001,0.0055179172,-0.0111883661,0.2209285020,0.3161533691,-0.6410461577,12.6582707367
555544.4997045000,0.0055423005,-0.0112072063,0.2034218251,0.3175504256,-0.6421256212,11.6552120393
555545.4997225000,0.0054997206,-0.0112007797,0.2276088891,0.3151107790,-0.6417574069,13.0410287257
555546.4997405000,0.0055177551,-0.0111706546,0.1974487584,0.3161440793,-0.6400313650,11.3129805239
555547.4997585000,0.0055052856,-0.0112135405,0.2022004265,0.3154296304,-0.6424885427,11.5852310556
555548.4997765000,0.0055242625,-0.0112132155,0.1866387722,0.3165169272,-0.6424699228,10.6936139426
555549.4997955000,0.0055297943,-0.0112439544,0.1902511702,0.3168338754,-0.6442311312,10.9005890981
555550.4998125000,0.0054877078,-0.0111821124,0.1929623134,0.3144224961,-0.6406878484,11.0559261654
555551.4998305000,0.0055056410,-0.0112131924,0.1996629233,0.3154499929,-0.6424685996,11.4398428292
555552.4998495000,0.0055178795,-0.0112256019,0.2059165533,0.3161512085,-0.6431796102,11.7981494366
555553.4998675000,0.0055117800,-0.0112011381,0.2071121039,0.3158017329,-0.6417779385,11.8666494411
555554.4998854999,0.0054568919,-0.0112007302,0.1814786867,0.3126568724,-0.6417545655,10.3979628192
555555.4999035000,0.0055055947,-0.0112193255,0.1849779242,0.3154473396,-0.6428200029,10.5984543600
555556.4999215000,0.0055059654,-0.0111576180,0.2105718521,0.3154685772,-0.6392844202,12.0648784094
555557.4999395000,0.0055119969,-0.0112068249,0.2204970239,0.3158141604,-0.6421037664,12.6335488671
555558.4999575000,0.0055361573,-0.0112072637,0.2057449232,0.3171984479,-0.6421289107,11.7883157582
555559.4999755000,0.0054996527,-0.0112314430,0.2055920950,0.3151068882,-0.6435142823,11.7795593420
555560.4999935001,0.0055179866,-0.0112009521,0.2216960664,0.3161573446,-0.6417672811,12.7022489399
555561.5000125000,0.0054873225,-0.0111890792,0.1878327890,0.3144004194,-0.6410870125,10.7620260650
555562.5000305000,0.0054875942,-0.0112553507,0.2092901624,0.3144159871,-0.6448840942,11.9914429993
555563.5000485000,0.0055302784,-0.0111887390,0.2263870800,0.3168616146,-0.6410675247,12.9710242191
555564.5000665000,0.0055119585,-0.0111947471,0.2187842979,0.3158119616,-0.6414117642,12.5354168951
555565.5000845001,0.0054996804,-0.0112316661,0.2102396439,0.3151084737,-0.6435270657,12.0458442822
555566.5001025000,0.0055360420,-0.0112194503,0.1965602679,0.3171918444,-0.6428271486,11.2620737706
555567.5001205000,0.0054996716,-0.0112069585,0.2381407259,0.3151079726,-0.6421114241,13.6444585247
555568.5001385000,0.0055120290,-0.0111953418,0.1848986023,0.3158159963,-0.6414458353,10.5939095506
555569.5001565000,0.0055118412,-0.0112247130,0.2419339900,0.3158052381,-0.6431286837,13.8617965452
555570.5001749999,0.0055058151,-0.0111948003,0.1989294026,0.3154599676,-0.6414148113,11.3978151920
555571.5001935000,0.0055364276,-0.0112437039,0.2030215969,0.3172139334,-0.6442167814,11.6322806545
555572.5002115000,0.0055119448,-0.0111702810,0.1946076306,0.3158111722,-0.6400099593,11.1501958928
555573.5002295000,0.0055426931,-0.0111767714,0.2163106285,0.3175729222,-0.6403818296,12.3936860787
555574.5002475000,0.0055116528,-0.0112129129,0.2077752480,0.3157944463,-0.6424525880,11.9046447955
555575.5002655000,0.0055057870,-0.0111948551,0.2179551411,0.3154583606,-0.6414179469,12.4879097107
555576.5002834999,0.0055426224,-0.0112068345,0.2155782815,0.3175688735,-0.6421043186,12.3517256843
555577.5003020000,0.0055058486,-0.0111826339,0.2189296264,0.3154618878,-0.6407177266,12.5437436053
555578.5003195000,0.0055060593,-0.0112680224,0.2186341515,0.3154739621,-0.6456101296,12.5268141408
555579.5003375000,0.0055057977,-0.0112194090,0.1823514192,0.3154589710,-0.6428247831,10.4479667078
555580.5003560000,0.0055054009,-0.0111949846,0.2095162703,0.3154362382,-0.6414253712,12.0043980265
555581.5003744999,0.0055121343,-0.0112373679,0.2076774090,0.3158220312,-0.6438537524,11.8990390331
555582.5003925000,0.0054998396,-0.0112127208,0.1885115076,0.3151175978,-0.6424415785,10.8009137766
555583.5004105000,0.0054752094,-0.0112070779,0.2062529284,0.3137063903,-0.6421182646,11.8174223071
555584.5004285000,0.0055301109,-0.0112011269,0.2148925107,0.3168520127,-0.6417772997,12.3124339139
555585.5004465000,0.0055115758,-0.0112192160,0.2075245966,0.3157900294,-0.6428137278,11.8902835299
555586.5004645000,0.0055062045,-0.0112189517,0.2048808515,0.3154822813,-0.6427985802,11.7388080949
555587.5004825001,0.0054996368,-0.0112196520,0.2194758636,0.3151059747,-0.6428387066,12.5750406910
555588.5005005000,0.0054935721,-0.0112313376,0.1760752929,0.3147584972,-0.6435082455,10.0883711600
555589.5005190000,0.0054814300,-0.0111882577,0.1882488422,0.3140628062,-0.6410399469,10.7858641574
555590.5005375000,0.0055300804,-0.0112132471,0.2227951881,0.3168502648,-0.6424717352,12.7652239729
555591.5005555000,0.0055179964,-0.0111828480,0.1902893931,0.3161579030,-0.6407299956,10.9027791079
555592.5005735001,0.0054995593,-0.0112253880,0.1940263033,0.3151015374,-0.6431673546,11.1168882933
555593.5005915000,0.0054934237,-0.0111950031,0.2273722471,0.3147499920,-0.6414264272,13.0274701394
555594.5006095000,0.0055182765,-0.0112010370,0.2214750485,0.3161739525,-0.6417721447,12.6895855487
555595.5006275000,0.0055116783,-0.0112125545,0.2110633366,0.3157959041,-0.6424320495,12.0930383974
555596.5006455000,0.0055300985,-0.0111888412,0.1989488237,0.3168513026,-0.6410733805,11.3989279354
555597.5006635000,0.0054934727,-0.0112376195,0.2093379190,0.3147527979,-0.6438681687,11.9941792504
555598.5006815000,0.0055240469,-0.0111827128,0.2141879524,0.3165045710,-0.6407222491,12.2720656936
555599.5007005000,0.0055055505,-0.0112132957,0.2057817406,0.3154448078,-0.6424745199,11.7904252349
555600.5007185000,0.0055238872,-0.0112013381,0.2020922261,0.3164954210,-0.6417893958,11.5790316252
555601.5007365000,0.0054809424,-0.0112006890,0.2263124284,0.3140348646,-0.6417522086,12.9667469983
555602.5007545000,0.0055185739,-0.0111883972,0.1937764971,0.3161909935,-0.6410479380,11.1025754540
555603.5007724999,0.0054688873,-0.0111703040,0.1944749312,0.3133441594,-0.6400112766,11.1425927801
555604.5007905000,0.0054872506,-0.0112011432,0.2012052956,0.3143963016,-0.6417782335,11.5282142548
555605.5008085000,0.0054933831,-0.0112071210,0.1884575933,0.3147476656,-0.6421207313,10.7978247140
555606.5008265000,0.0055120820,-0.0112377920,0.1872839089,0.3158190367,-0.6438780546,10.7305775510
555607.5008445000,0.0054932595,-0.0112435122,0.2014339659,0.3147405874,-0.6442057942,11.5413160943
555608.5008624999,0.0055057633,-0.0111702293,0.1989158391,0.3154570012,-0.6400069932,11.3970380580
555609.5008815000,0.0054814715,-0.0112007668,0.1732391314,0.3140651849,-0.6417566671,9.9258710765
555610.5008995000,0.0054996798,-0.0111886931,0.2253356457,0.3151084439,-0.6410648932,12.9107814726
555611.5009175000,0.0054753316,-0.0112249631,0.2151607591,0.3137133939,-0.6431430124,12.3278034151
555612.5009355000,0.0054692702,-0.0111888465,0.1951999490,0.3133660982,-0.6410736834,11.1841332361
555613.5009535000,0.0054870802,-0.0112376236,0.1888624910,0.3143865394,-0.6438684065,10.8210236433
555614.5009715001,0.0054876032,-0.0112376533,0.2040481017,0.3144165042,-0.6438701058,11.6910950428
555615.5009895000,0.0055304553,-0.0111944206,0.2229060469,0.3168717487,-0.6413930554,12.7715757157
555616.5010075000,0.0055116714,-0.0111827581,0.2491455985,0.3157955112,-0.6407248427,14.2749912757
555617.5010255000,0.0055238863,-0.0112014301,0.2070614413,0.3164953719,-0.6417946710,11.8637466849
555618.5010440000,0.0054995560,-0.0112375347,0.2028844943,0.3151013466,-0.6438633119,11.6244252532
555619.5010625001,0.0055056895,-0.0112436895,0.2124199113,0.3154527709,-0.6442159533,12.1707643999
555620.5010805000,0.0054997803,-0.0111586996,0.2080238413,0.3151142007,-0.6393463930,11.9188881464
555621.5010985000,0.0054871562,-0.0112125901,0.2097346143,0.3143908931,-0.6424340914,12.0169082157
555622.5011165000,0.0054993779,-0.0111828329,0.2197131754,0.3150911453,-0.6407291309,12.5886376557
555623.5011345000,0.0054935485,-0.0111947746,0.2232075957,0.3147571442,-0.6414133350,12.7888531890
555624.5011525000,0.0054936482,-0.0112070398,0.2179771490,0.3147628583,-0.6421160792,12.4891706695
555625.5011720000,0.0055176932,-0.0111950429,0.2003455080,0.3161405344,-0.6414287073,11.4789520531
555626.5011885000,0.0054933723,-0.0112193746,0.1953073141,0.3147470481,-0.6428228129,11.1902848076
555627.5012065000,0.0054995417,-0.0111823755,0.1905397358,0.3151005262,-0.6407029202,10.9171226902
555628.5012255000,0.0055240906,-0.0112011922,0.1942658789,0.3165070763,-0.6417810413,11.1306149635
555629.5012459999,0.0055119398,-0.0112253340,0.1812419224,0.3158108868,-0.6431642641,10.3843972240
555630.5012610001,0.0054691106,-0.0112130652,0.2182001772,0.3133569524,-0.6424613136,12.5019492433
555631.5012790000,0.0054570061,-0.0112313659,0.2343639409,0.3126634165,-0.6435098665,13.4280646827
555632.5012970000,0.0055117144,-0.0112070060,0.2196503859,0.3157979714,-0.6421141439,12.5850400779
555633.5013150000,0.0054813490,-0.0112256504,0.2029462152,0.3140581617,-0.6431823911,11.6279615964
555634.5013335000,0.0054934861,-0.0111820410,0.2219334469,0.3147535702,-0.6406837546,12.7158498401
555635.5013510000,0.0055118588,-0.0112437259,0.2121005913,0.3158062454,-0.6442180385,12.1524687124
555636.5013689999,0.0055056425,-0.0112073424,0.2190017797,0.3154500800,-0.6421334185,12.5478776836
555637.5013880000,0.0055178775,-0.0111950357,0.2285220547,0.3161510919,-0.6414282964,13.0933492577
555638.5014060000,0.0055238642,-0.0112009426,0.2232684867,0.3164941051,-0.6417667395,12.7923419847
555639.5014240000,0.0054631036,-0.0112129679,0.1896507428,0.3130127793,-0.6424557365,10.8661871443
555640.5014420000,0.0055118881,-0.0112009959,0.1900025573,0.3158079238,-0.6417697940,10.8863446280
555641.5014599999,0.0054997387,-0.0112249701,0.2047797176,0.3151118160,-0.6431434091,11.7330135476
555642.5014780000,0.0055363091,-0.0112072409,0.2254035135,0.3172071461,-0.6421276022,12.9146700108
555643.5014960000,0.0055483116,-0.0112195519,0.2017840648,0.3178948393,-0.6428329732,11.5613752833
555644.5015140000,0.0054874653,-0.0112131547,0.2296550431,0.3144086037,-0.6424664402,13.1582647107
555645.5015320000,0.0055116197,-0.0111826689,0.2443934675,0.3157925462,-0.6407197307,14.0027142287
555646.5015500000,0.0054997488,-0.0111887405,0.1917696675,0.3151123935,-0.6410676100,10.9875925854
555647.5015695000,0.0055122314,-0.0112309825,0.2453465462,0.3158275937,-0.6434878962,14.0573216133
555648.5015870000,0.0055183308,-0.0112250789,0.2353112419,0.3161770674,-0.6431496450,13.4823410322
555649.5016050000,0.0054750624,-0.0112254602,0.1949747965,0.3136979683,-0.6431714900,11.1712329533
555650.5016230000,0.0055241021,-0.0112009388,0.2089999208,0.3165077349,-0.6417665183,11.9748133819
555651.5016410000,0.0054691856,-0.0112010115,0.2313765954,0.3133612498,-0.6417706833,13.2569023956
555652.5016590001,0.0055180864,-0.0112435156,0.2095767360,0.3161630634,-0.6442059923,12.0078624558
555653.5016770000,0.0054996655,-0.0112069261,0.2087216847,0.3151076232,-0.6421095683,11.9588716250
555654.5016950000,0.0055242851,-0.0111884865,0.1884036056,0.3165182209,-0.6410530578,10.7947314438
555655.5017130000,0.0054933775,-0.0111949214,0.2116567320,0.3147473481,-0.6414217470,12.1270374480
555656.5017320000,0.0055058008,-0.0112132886,0.2558609680,0.3154591508,-0.6424741136,14.6597536067
555657.5017500001,0.0054689659,-0.0112315659,0.2299110270,0.3133486671,-0.6435213216,13.1729315121
555658.5017680000,0.0054510394,-0.0111821959,0.1814382256,0.3123215537,-0.6406926327,10.3956445716
555659.5017860000,0.0055485480,-0.0112193382,0.2081205259,0.3179083837,-0.6428207268,11.9244277654
555660.5018040000,0.0054996321,-0.0112189595,0.2216697059,0.3151057057,-0.6427990301,12.7007385915
555661.5018220000,0.0055116677,-0.0112072287,0.1778469283,0.3157952958,-0.6421269034,10.1898783893
555662.5018400000,0.0055299946,-0.0111890065,0.1788283771,0.3168453492,-0.6410828484,10.2461112625
555663.5018579999,0.0055122052,-0.0112557239,0.2248029178,0.3158260963,-0.6449054735,12.8802584116
555664.5018760000,0.0055301524,-0.0112194118,0.2064255723,0.3168543915,-0.6428249430,11.8273140761
555665.5018950000,0.0055302268,-0.0111766462,0.2235613829,0.3168586553,-0.6403746586,12.8091236997
555666.5019130000,0.0054936152,-0.0112011426,0.2191624200,0.3147609672,-0.6417781955,12.5570816930
555667.5019310000,0.0055363998,-0.0112247620,0.2210167891,0.3172123446,-0.6431314907,12.6633292185
555668.5019489999,0.0055178059,-0.0112011694,0.2213214413,0.3161469912,-0.6417797319,12.6807845004
555669.5019670000,0.0055242588,-0.0112313829,0.2348063530,0.3165167153,-0.6435108373,13.4534130318
555670.5019850000,0.0055544778,-0.0112071985,0.1993215376,0.3182481351,-0.6421251767,11.4202828683
555671.5020030000,0.0055121488,-0.0112009482,0.1881850349,0.3158228596,-0.6417670596,10.7822082680
555672.5020210000,0.0055116174,-0.0112316845,0.2166985493,0.3157924166,-0.6435281190,12.4159123016
555673.5020390000,0.0055429598,-0.0112186454,0.2036087666,0.3175882042,-0.6427810350,11.6659229987
555674.5020570001,0.0055301232,-0.0111888397,0.1980647673,0.3168527193,-0.6410732910,11.3482752352
555675.5020760000,0.0055057728,-0.0112375807,0.2106156504,0.3154575443,-0.6438659445,12.0673878660
555676.5020940000,0.0055177275,-0.0111765627,0.2001482447,0.3161424988,-0.6403698725,11.4676496973
555677.5021120000,0.0054872720,-0.0112133204,0.1955298016,0.3143975271,-0.6424759336,11.2030324017
555678.5021300000,0.0055300319,-0.0112070807,0.2081632662,0.3168474904,-0.6421184226,11.9268766009
555679.5021480001,0.0055543865,-0.0112011151,0.2191862407,0.3182429040,-0.6417766234,12.5584465171
555680.5021660000,0.0054818732,-0.0112064769,0.2193100787,0.3140882004,-0.6420838287,12.5655419145
555681.5021840000,0.0055115309,-0.0112012466,0.2069444235,0.3157874603,-0.6417841566,11.8570420576
555682.5022020000,0.0054934176,-0.0111947482,0.2066018222,0.3147496457,-0.6414118220,11.8374124492
555683.5022200000,0.0054875867,-0.0111826155,0.2098068424,0.3144155585,-0.6407166706,12.0210465811
555684.5022390001,0.0055300385,-0.0112253894,0.2125090187,0.3168478672,-0.6431674344,12.1758698782
555685.5022570000,0.0055240401,-0.0112193330,0.2289386140,0.3165041821,-0.6428204325,13.1172163491
555686.5022750000,0.0054875089,-0.0111822358,0.1927799625,0.3144111023,-0.6406949195,11.0454782271
555687.5022930000,0.0054751409,-0.0111703061,0.2203486994,0.3137024635,-0.6400113928,12.6250504980
555688.5023110000,0.0055119150,-0.0112374458,0.2129638435,0.3158094668,-0.6438582146,12.2019294213
555689.5023290000,0.0055300621,-0.0112377205,0.1993726877,0.3168492168,-0.6438739574,11.4232135574
555690.5023469999,0.0054934225,-0.0111886041,0.2366056557,0.3147499225,-0.6410597909,13.5565054832
555691.5023650000,0.0054934430,-0.0112071321,0.2147099768,0.3147511015,-0.6421213694,12.3019754880
555692.5023830000,0.0054997059,-0.0112130398,0.1752696063,0.3151099352,-0.6424598568,10.0422087154
555693.5024010000,0.0055123716,-0.0112189651,0.2032737078,0.3158356294,-0.6427993480,11.6467255408
555694.5024200000,0.0055361881,-0.0112133408,0.2169219172,0.3172002122,-0.6424771043,12.4287103419
555695.5024379999,0.0055057556,-0.0112070654,0.2269945927,0.3154565567,-0.6421175476,13.0058321317
555696.5024560000,0.0055181491,-0.0111765134,0.1987828103,0.3161666534,-0.6403670451,11.3894160690
555697.5024740000,0.0054752616,-0.0112131252,0.2005586668,0.3137093814,-0.6424647507,11.4911651516
555698.4999925001,0.0054808918,-0.0111951742,0.1893184151,0.3140319706,-0.6414362317,10.8471461682
555699.4975105000,0.0055240062,-0.0112133518,0.1934830349,0.3165022402,-0.6424777331,11.0857613074
555700.4975285000,0.0055243422,-0.0112070857,0.2013412848,0.3165214941,-0.6421187115,11.5360058604
555701.4975465001,0.0055119000,-0.0112316956,0.2415151829,0.3158086093,-0.6435287550,13.8378006703
555702.4975645000,0.0055481638,-0.0112318358,0.1923534587,0.3178863713,-0.6435367863,11.0210413591
555703.4975825000,0.0055057378,-0.0112190341,0.2178258632,0.3154555409,-0.6428033053,12.4805026299
555704.4976010000,0.0055178190,-0.0111948331,0.2127979915,0.3161477417,-0.6414166861,12.1924268040
555705.4976195000,0.0054994804,-0.0112254622,0.1874336701,0.3150970188,-0.6431716089,10.7391582367
555706.4976375001,0.0055057627,-0.0112193684,0.2296301373,0.3154569635,-0.6428224553,13.1568377169
555707.4976555000,0.0055056276,-0.0112254619,0.2023402700,0.3154492231,-0.6431715875,11.5932434983
555708.4976735000,0.0054694765,-0.0111760742,0.2348899089,0.3133779185,-0.6403418815,13.4582004283
555709.4976915000,0.0055054882,-0.0112006106,0.2249857355,0.3154412406,-0.6417477175,12.8907330953
555710.4977095000,0.0055303715,-0.0111893042,0.2236677380,0.3168669443,-0.6410999064,12.8152174033
555711.4977275000,0.0055059663,-0.0112492891,0.1821696706,0.3154686290,-0.6445367888,10.4375532794
555712.4977454999,0.0055178359,-0.0112193218,0.2148919211,0.3161487069,-0.6428197854,12.3124001333
555713.4977635000,0.0054630708,-0.0111948264,0.2164273364,0.3130109024,-0.6414163061,12.4003729468
555714.4977825000,0.0055117456,-0.0112131461,0.1758505726,0.3157997579,-0.6424659489,10.0754956364
555715.4978005000,0.0055481288,-0.0112134219,0.2196228850,0.3178843661,-0.6424817496,12.5834643956
555716.4978185000,0.0055177895,-0.0111888516,0.1937942865,0.3161460527,-0.6410739746,11.1035947079
555717.4978364999,0.0054875231,-0.0111823472,0.1875133159,0.3144119151,-0.6407013000,10.7437216009
555718.4978545000,0.0054751982,-0.0112191509,0.2121921551,0.3137057497,-0.6428099970,12.1577149335
555719.4978725000,0.0054993578,-0.0112192040,0.2109977829,0.3150899904,-0.6428130395,12.0892824454
555720.4978905000,0.0054934057,-0.0112620911,0.2090683254,0.3147489617,-0.6452702900,11.9787326736
555721.4979085000,0.0055116326,-0.0112013315,0.2202751855,0.3157932883,-0.6417890176,12.6208384588
555722.4979265000,0.0054872944,-0.0112010799,0.2118317375,0.3143988091,-0.6417746064,12.1370645245
555723.4979455000,0.0054933382,-0.0112314678,0.2251713588,0.3147450960,-0.6435157052,12.9013685250
555724.4979635000,0.0055120692,-0.0112188651,0.1993825091,0.3158182987,-0.6427936234,11.4237762828
555725.4979815000,0.0055056672,-0.0112315426,0.2106042164,0.3154514958,-0.6435199860,12.0667327456
555726.4979995000,0.0055117605,-0.0112256071,0.1926903554,0.3158006138,-0.6431799076,11.0403441169
555727.4980175000,0.0055180711,-0.0112497637,0.2107249145,0.3161621824,-0.6445639778,12.0736482374
555728.4980355001,0.0054934686,-0.0112253846,0.1963941400,0.3147525629,-0.6431671602,11.2525553405
555729.4980535000,0.0055115665,-0.0112379348,0.2116832117,0.3157894971,-0.6438862325,12.1285546268
555730.4980715000,0.0054754421,-0.0112429617,0.2099586672,0.3137197216,-0.6441742546,12.0297454999
555731.4980895000,0.0054751978,-0.0111885780,0.2302287944,0.3137057258,-0.6410582997,13.1911382412
555732.4981080000,0.0055115197,-0.0111948998,0.2147747407,0.3157868203,-0.6414205105,12.3056861865
555733.4981265001,0.0054997563,-0.0112008104,0.2278756437,0.3151128229,-0.6417591621,13.0563126382
555734.4981445000,0.0055238994,-0.0111948375,0.2183404038,0.3164961203,-0.6414169397,12.5099836370
555735.4981625000,0.0055058749,-0.0112131199,0.1909909790,0.3154633951,-0.6424644449,10.9429770209
555736.4981805000,0.0055363902,-0.0112073556,0.2227241944,0.3172117913,-0.6421341731,12.7611563342
555737.4981985000,0.0055118864,-0.0111822869,0.1889071577,0.3158078306,-0.6406978421,10.8235828566
555738.4982165000,0.0055241315,-0.0112131800,0.2010537920,0.3165094190,-0.6424678895,11.5195337390
555739.4982344999,0.0055241400,-0.0112193300,0.1760434228,0.3165099072,-0.6428202569,10.0865451395
555740.4982525000,0.0054996079,-0.0111885503,0.1941464545,0.3151043215,-0.6410567091,11.1237724531
555741.4982705000,0.0055298689,-0.0112074558,0.2152744430,0.3168381497,-0.6421399153,12.3343170192
555742.4982885000,0.0055178728,-0.0112681861,0.1821900859,0.3161508238,-0.6456195071,10.4387229914
555743.4983075000,0.0054876137,-0.0112249711,0.1995948758,0.3144171028,-0.6431434699,11.4359439977
555744.4983254999,0.0055177010,-0.0112072770,0.1963153785,0.3161409810,-0.6421296705,11.2480426436
555745.4983435000,0.0054630336,-0.0111887189,0.2163806733,0.3130087712,-0.6410663709,12.3976993498
555746.4983615000,0.0055236991,-0.0112316147,0.1902453710,0.3164846477,-0.6435241166,10.9002568297
555747.4983795000,0.0055118714,-0.0111948402,0.2088397826,0.3158069703,-0.6414170941,11.9656381354
555748.4983975000,0.0054693039,-0.0112251382,0.2084736364,0.3133680310,-0.6431530446,11.9446595070
555749.4984155000,0.0055176359,-0.0112499168,0.2431579743,0.3161372507,-0.6445727503,13.9319256809
555750.4984335001,0.0055180594,-0.0111886136,0.2105425673,0.3161615133,-0.6410603383,12.0632005142
555751.4984525000,0.0054871707,-0.0111950382,0.2176687423,0.3143917208,-0.6414284386,12.4715002675
555752.4984705000,0.0054934784,-0.0112010511,0.2168569998,0.3147531244,-0.6417729564,12.4249908487
555753.4984885000,0.0055058470,-0.0112192828,0.2223149053,0.3154617943,-0.6428175516,12.7377057962
555754.4985065000,0.0054994239,-0.0112073340,0.1907997335,0.3150937766,-0.6421329363,10.9320194609
555755.4985245001,0.0054997563,-0.0111946691,0.1999711217,0.3151128219,-0.6414072932,11.4575012981
555756.4985425000,0.0055058417,-0.0112369702,0.1935777786,0.3154614915,-0.6438309688,11.0911897198
555757.4985605000,0.0055181752,-0.0112130577,0.1872909719,0.3161681479,-0.6424608823,10.7309822323
555758.4985785000,0.0055241112,-0.0112132212,0.2092885549,0.3165082599,-0.6424702499,11.9913508980
555759.4985965000,0.0055544723,-0.0112315854,0.2136458007,0.3182478205,-0.6435224384,12.2410026884
555760.4986150000,0.0055058619,-0.0112435964,0.2255290681,0.3154626510,-0.6442106225,12.9218637591
555761.4986335000,0.0055176571,-0.0111768718,0.2127041307,0.3161384657,-0.6403875813,12.1870489739
555762.4986515000,0.0055178998,-0.0112254465,0.2248395794,0.3161523681,-0.6431707050,12.8823589666
555763.4986695000,0.0054754413,-0.0111882995,0.2003215396,0.3137196785,-0.6410423389,11.4775787659
555764.4986875000,0.0055056524,-0.0112193688,0.1935942268,0.3154506439,-0.6428224815,11.0921321350
555765.4987055000,0.0054689390,-0.0111642586,0.1836445649,0.3133471218,-0.6396649000,10.5220584992
555766.4987234999,0.0054750777,-0.0111824070,0.2322796245,0.3136988453,-0.6407047249,13.3086421535
555767.4987415000,0.0054691315,-0.0112010173,0.1997129807,0.3133581533,-0.6417710200,11.4427109061
555768.4987595000,0.0055057731,-0.0112253631,0.2150325777,0.3154575634,-0.6431659319,12.3204591629
555769.4987775000,0.0055059888,-0.0111881801,0.1940823371,0.3154699214,-0.6410354983,11.1200987926
555770.4987965000,0.0055180209,-0.0112009911,0.2311421250,0.3161593106,-0.6417695178,13.2434682293
555771.4988144999,0.0055057372,-0.0112190790,0.2231537716,0.3154555070,-0.6428058776,12.7857692977
555772.4988325000,0.0055544733,-0.0112012792,0.2072010490,0.3182478790,-0.6417860249,11.8717456174
555773.4988505000,0.0054997113,-0.0112254003,0.2133823167,0.3151102482,-0.6431680595,12.2259061678
555774.4988685000,0.0054873676,-0.0112194046,0.1865933143,0.3144030059,-0.6428245313,10.6910093945
555775.4988865000,0.0055054268,-0.0112009160,0.1942183897,0.3154377215,-0.6417652121,11.1278940358
555776.4989045000,0.0055000240,-0.0112006745,0.2344636705,0.3151281610,-0.6417513757,13.4337787715
555777.4989225001,0.0055361917,-0.0112255925,0.2205817996,0.3172004174,-0.6431790750,12.6384061547
555778.4989410000,0.0055240139,-0.0112193175,0.1873083835,0.3165026822,-0.6428195412,10.7319798394
555779.4989590000,0.0054934276,-0.0112193404,0.2197696951,0.3147502179,-0.6428208514,12.5918759922
555780.4989775000,0.0055056515,-0.0112132253,0.2004060539,0.3154505957,-0.6424704839,11.4824210749
555781.4989955000,0.0055060570,-0.0112378273,0.2047641874,0.3154738255,-0.6438800723,11.7321237360
555782.4990135001,0.0054934693,-0.0112431839,0.2011335237,0.3147526069,-0.6441869878,11.5241020282
555783.4990315000,0.0054936727,-0.0112313659,0.2159245439,0.3147642599,-0.6435098645,12.3715650608
555784.4990495000,0.0055363743,-0.0112132207,0.2218460696,0.3172108785,-0.6424702207,12.7108434922
555785.4990675000,0.0054996520,-0.0112068245,0.2321011848,0.3151068511,-0.6421037464,13.2984183094
555786.4990855000,0.0054874015,-0.0111825950,0.1896534164,0.3144049483,-0.6407154976,10.8663403296
555787.4991035000,0.0055179252,-0.0112375953,0.2117881919,0.3161538245,-0.6438667802,12.1345695457
555788.4991214999,0.0054995171,-0.0112191643,0.1902555383,0.3150991214,-0.6428107652,10.9008393756
555789.4991405000,0.0055122099,-0.0112069867,0.2140459806,0.3158263606,-0.6421130405,12.2639313111
555790.4991585000,0.0054936265,-0.0112252421,0.1927808495,0.3147616132,-0.6431589950,11.0455290482
555791.4991765000,0.0055238324,-0.0112012141,0.1977788820,0.3164922860,-0.6417822930,11.3318952128
555792.4991945000,0.0055059403,-0.0112314063,0.2541934482,0.3154671423,-0.6435121817,14.5642117592
555793.4992124999,0.0054874325,-0.0112131800,0.2001584197,0.3144067244,-0.6424678870,11.4682326823
555794.4992305000,0.0054873639,-0.0112310805,0.2258679065,0.3144027942,-0.6434935107,12.9412777689
555795.4992485000,0.0055183351,-0.0112005408,0.1909063850,0.3161773132,-0.6417437188,10.9381301418
555796.4992665000,0.0054996365,-0.0111886909,0.1958544002,0.3151059577,-0.6410647663,11.2216305289
555797.4992845000,0.0055178538,-0.0112131974,0.1671467063,0.3161497363,-0.6424688845,9.5768008283
555798.4993034999,0.0055056334,-0.0112010326,0.1837017715,0.3154495580,-0.6417718927,10.5253361983
555799.4993215000,0.0055116792,-0.0111949791,0.2032268672,0.3157959581,-0.6414250538,11.6440417767
555800.4993395000,0.0054751370,-0.0112376029,0.2078764908,0.3137022408,-0.6438672156,11.9104455815
555801.4993575000,0.0054996616,-0.0112191163,0.2205353286,0.3151073963,-0.6428080166,12.6357435624
555802.4993755000,0.0054997444,-0.0111822682,0.2256047639,0.3151121446,-0.6406967736,12.9262008094
555803.4993935000,0.0054752067,-0.0112069698,0.2067481539,0.3137062366,-0.6421120682,11.8457966396
555804.4994115001,0.0055300745,-0.0112011929,0.2056083089,0.3168499285,-0.6417810765,11.7804883340
555805.4994295000,0.0055238487,-0.0111950052,0.2243705455,0.3164932158,-0.6414265512,12.8554853034
555806.4994475000,0.0054692952,-0.0112131260,0.2088943922,0.3133675294,-0.6424647963,11.9687670368
555807.4994665000,0.0055114646,-0.0112129568,0.1934637315,0.3157836599,-0.6424551019,11.0846553042
555808.4994845000,0.0054998895,-0.0111885270,0.2117396479,0.3151204582,-0.6410553789,12.1317881810
555809.4995025001,0.0054875399,-0.0112008294,0.2171108821,0.3144128757,-0.6417602530,12.4395372292
555810.4995205000,0.0054567850,-0.0112130038,0.2107500979,0.3126507485,-0.6424577923,12.0750911396
555811.4995385000,0.0055115679,-0.0112132089,0.2113470270,0.3157895790,-0.6424695447,12.1092926587
555812.4995565000,0.0054871278,-0.0112011528,0.2053688321,0.3143892621,-0.6417787791,11.7667673203
555813.4995745000,0.0054998786,-0.0112192885,0.2001001719,0.3151198317,-0.6428178824,11.4648953301
555814.4995925000,0.0055424118,-0.0112558102,0.2222167668,0.3175568019,-0.6449104190,12.7320828736
555815.4996104999,0.0055180919,-0.0112191441,0.2115393991,0.3161633746,-0.6428096047,12.1203147713
555816.4996290000,0.0055240893,-0.0112437919,0.1939082673,0.3165070008,-0.6442218236,11.1101253297
555817.4996475000,0.0055117508,-0.0111706488,0.2255206723,0.3158000563,-0.6400310309,12.9213827177
555818.4996655000,0.0054874525,-0.0112069669,0.1911041462,0.3144078694,-0.6421119052,10.9494610258
555819.4996835000,0.0054933878,-0.0111828415,0.1812890415,0.3147479340,-0.6407296209,10.3870969491
555820.4997014999,0.0055055374,-0.0111703578,0.2209818628,0.3154440570,-0.6400143601,12.6613280855
555821.4997195000,0.0054997536,-0.0112066571,0.2195589107,0.3151126695,-0.6420941564,12.5797989373
555822.4997375000,0.0055117420,-0.0112376735,0.2032742723,0.3157995537,-0.6438712631,11.6467578869
555823.4997555000,0.0055059089,-0.0112191124,0.1994612621,0.3154653406,-0.6428077909,11.4282884965
555824.4997735000,0.0055179493,-0.0111888504,0.1995490077,0.3161552082,-0.6410739029,11.4333159445
555825.4997915000,0.0054631278,-0.0111824488,0.1863540034,0.3130141641,-0.6407071227,10.6772978893
555826.4998105000,0.0055543076,-0.0111890868,0.1932006994,0.3182383851,-0.6410874502,11.0695846760
555827.4998290000,0.0055119280,-0.0112254911,0.1919083511,0.3158102087,-0.6431732611,10.9955385719
555828.4998465000,0.0055180681,-0.0112250732,0.2044592216,0.3161620134,-0.6431493206,11.7146504826
555829.4998645000,0.0055180379,-0.0112377117,0.2007365213,0.3161602824,-0.6438734501,11.5013554664
555830.4998825000,0.0054751746,-0.0112133385,0.2055694430,0.3137043950,-0.6424769692,11.7782614797
555831.4999005001,0.0055363369,-0.0111825656,0.2075362593,0.3172087411,-0.6407138127,11.8909517535
555832.4999185000,0.0055116682,-0.0112193789,0.1759265157,0.3157953235,-0.6428230591,10.0798468524
555833.4999365000,0.0055304671,-0.0112193776,0.2097805506,0.3168724249,-0.6428229833,12.0195401705
555834.4999545000,0.0054995416,-0.0112310619,0.1843676604,0.3151005235,-0.6434924479,10.5634888219
555835.4999735000,0.0055362236,-0.0112010637,0.2095241845,0.3172022459,-0.6417736762,12.0048514765
555836.4999915001,0.0055357957,-0.0111953707,0.1790148431,0.3171777298,-0.6414474888,10.2567949816
555837.5000095000,0.0055060096,-0.0112251092,0.2375169661,0.3154711102,-0.6431513806,13.6087197222
555838.5000275000,0.0055119141,-0.0111583259,0.2229311524,0.3158094175,-0.6393249806,12.7730141534
555839.5000455000,0.0054996871,-0.0111767506,0.1884207823,0.3151088589,-0.6403806392,10.7957155981
555840.5000635000,0.0055057381,-0.0112493644,0.1706659135,0.3154555574,-0.6445411034,9.7784365496
555841.5000815000,0.0055302956,-0.0112252117,0.2258065410,0.3168625995,-0.6431572548,12.9377617855
555842.5000994999,0.0054935922,-0.0112130679,0.2002954478,0.3147596496,-0.6424614669,11.4760838164
555843.5001175000,0.0054870806,-0.0112072701,0.2054245638,0.3143865590,-0.6421292789,11.7699605163
555844.5001365000,0.0054689366,-0.0111947673,0.2024676205,0.3133469840,-0.6414129175,11.6005401449
555845.5001555000,0.0054812880,-0.0112312777,0.2280267723,0.3140546713,-0.6435048128,13.0649716678
555846.5001725000,0.0054940406,-0.0111703316,0.1973680067,0.3147853383,-0.6400128580,11.3083537977
555847.5001904999,0.0054873341,-0.0112431070,0.1774752045,0.3144010875,-0.6441825793,10.1685801886
555848.5002085000,0.0055179666,-0.0112193437,0.2293101942,0.3161561992,-0.6428210426,13.1385063270
555849.5002265000,0.0054995738,-0.0112193640,0.2017077772,0.3151023666,-0.6428222058,11.5570043277
555850.5002445000,0.0055056965,-0.0112435058,0.1984502868,0.3154531733,-0.6442054277,11.3703638768
555851.5002625000,0.0055056517,-0.0112072113,0.2205701115,0.3154506050,-0.6421259066,12.6377364773
555852.5002810000,0.0055053691,-0.0112194361,0.2151302249,0.3154344128,-0.6428263391,12.3260539326
555853.5002989999,0.0055241702,-0.0112131665,0.1998386916,0.3165116379,-0.6424671178,11.4499136140
555854.5003175000,0.0055243249,-0.0112067371,0.1757227658,0.3165205042,-0.6420987365,10.0681728459
555855.0803270000,0.0056685672,-0.0113606428,0.1917272912,0.3247849748,-0.6509168866,10.9851646021
