t(s),acc_x,acc_y,acc_z,gyro_x,gyro_y,gyro_z
559012.0000242130,-0.0897216797,0.0070190430,9.7817993167,-0.0005425347,0.0000108507,0.0000325521
559012.0100242130,-0.0904846191,0.0067138672,9.7816467288,0.0004774306,-0.0000217014,0.0000325521
559012.0200242130,-0.0869750977,0.0012207031,9.7814941409,-0.0006184896,-0.0000000000,0.0000325521
559012.0300242130,-0.0871276855,0.0097656250,9.7817993167,0.0004774306,-0.0000000000,0.0000325521
559012.0400242130,-0.0895690918,0.0013732910,9.7811889652,-0.0004774306,0.0000108507,0.0000325521
559012.0500242130,-0.0910949707,0.0093078613,9.7813415531,0.0001736111,-0.0000000000,0.0000217014
559012.0600242130,-0.0881958008,0.0012207031,9.7810363773,-0.0001302083,-0.0000000000,0.0000217014
559012.0700242131,-0.0866699219,0.0090026855,9.7814941409,-0.0001627604,-0.0000000000,0.0000325521
559012.0800242129,-0.0894165039,0.0050354004,9.7814941409,0.0002170139,-0.0000000000,0.0000325521
559012.0900242130,-0.0903320313,0.0050354004,9.7817993167,-0.0005099826,-0.0000000000,0.0000325521
559012.1000242130,-0.0863647461,0.0068664551,9.7816467288,0.0004774306,-0.0000325521,0.0000325521
559012.1100242130,-0.0866699219,0.0018310547,9.7813415531,-0.0006184896,0.0000108507,0.0000217014
559012.1200242130,-0.0898742676,0.0100708008,9.7814941409,0.0004557292,-0.0000000000,0.0000325521
559012.1300242130,-0.0895690918,0.0010681152,9.7814941409,-0.0004882812,-0.0000000000,0.0000325521
559012.1400242130,-0.0880432129,0.0091552734,9.7814941409,0.0001519097,-0.0000108507,0.0000325521
559012.1500242130,-0.0871276855,0.0012207031,9.7813415531,-0.0000651042,0.0000217014,0.0000325521
559012.1600242130,-0.0897216797,0.0100708008,9.7811889652,-0.0002278646,-0.0000000000,0.0000217014
559012.1700242130,-0.0900268555,0.0050354004,9.7816467288,0.0002821181,-0.0000000000,0.0000325521
559012.1800242130,-0.0874328613,0.0035095215,9.7816467288,-0.0005642361,-0.0000000000,0.0000217014
559012.1900242131,-0.0863647461,0.0065612793,9.7813415531,0.0004774306,-0.0000000000,0.0000325521
559012.2000242129,-0.0894165039,0.0033569336,9.7805786136,-0.0006401910,0.0000108507,0.0000217014
559012.2100242130,-0.0898742676,0.0097656250,9.7810363773,0.0003797743,-0.0000000000,0.0000217014
559012.2200242130,-0.0875854492,-0.0004577637,9.7819519046,-0.0003363715,-0.0000000000,0.0000434028
559012.2300242130,-0.0871276855,0.0099182129,9.7816467288,0.0000434028,-0.0000000000,0.0000325521
559012.2400242130,-0.0892639160,0.0035095215,9.7813415531,0.0000217014,-0.0000000000,0.0000217014
559012.2500242130,-0.0901794434,0.0073242188,9.7814941409,-0.0003580729,0.0000108507,0.0000217014
559012.2600242130,-0.0886535645,0.0030517578,9.7813415531,0.0003797743,-0.0000217014,0.0000434028
559012.2700242130,-0.0871276855,0.0047302246,9.7810363773,-0.0005859375,0.0000217014,0.0000217014
559012.2800242130,-0.0880432129,0.0099182129,9.7813415531,0.0004991319,-0.0000217014,0.0000542535
559012.2900242130,-0.0895690918,0.0007629395,9.7813415531,-0.0005750868,0.0000108507,0.0000217014
559012.3000242130,-0.0888061523,0.0093078613,9.7805786136,0.0004014757,-0.0000217014,0.0000325521
559012.3100242130,-0.0871276855,0.0010681152,9.7817993167,-0.0003038194,-0.0000000000,0.0000108507
559012.3200242131,-0.0895690918,0.0105285645,9.7819519046,-0.0000542535,-0.0000000000,0.0000325521
559012.3300242129,-0.0892639160,0.0024414063,9.7816467288,0.0001193576,0.0000217014,0.0000325521
559012.3400242130,-0.0888061523,0.0061035156,9.7811889652,-0.0004882812,-0.0000108507,0.0000325521
559012.3500242130,-0.0877380371,0.0065612793,9.7807312015,0.0005208333,-0.0000217014,0.0000542535
559012.3600242130,-0.0881958008,0.0033569336,9.7811889652,-0.0006401910,0.0000325521,0.0000434028
559012.3700242130,-0.0892639160,0.0093078613,9.7819519046,0.0004665799,-0.0000217014,0.0000217014
559012.3800242130,-0.0886535645,-0.0001525879,9.7810363773,-0.0004557292,-0.0000000000,0.0000217014
559012.3900242130,-0.0875854492,0.0106811523,9.7817993167,0.0001085069,0.0000108507,0.0000325521
559012.4000242130,-0.0881958008,0.0018310547,9.7817993167,-0.0000434028,-0.0000000000,0.0000325521
559012.4100242130,-0.0895690918,0.0079345703,9.7813415531,-0.0002712674,0.0000108507,0.0000325521
559012.4200242130,-0.0886535645,0.0039672852,9.7810363773,0.0003255208,-0.0000217014,0.0000325521
559012.4300242130,-0.0891113281,0.0053405762,9.7813415531,-0.0005316840,0.0000217014,0.0000217014
559012.4400242131,-0.0875854492,0.0077819824,9.7814941409,0.0004665799,-0.0000000000,0.0000325521
559012.4500242129,-0.0886535645,0.0013732910,9.7807312015,-0.0005967882,0.0000108507,0.0000325521
559012.4600242130,-0.0886535645,0.0086975098,9.7816467288,0.0003906250,-0.0000000000,0.0000434028
559012.4700242130,-0.0881958008,0.0018310547,9.7819519046,-0.0004665799,0.0000108507,0.0000434028
559012.4800242130,-0.0891113281,0.0100708008,9.7816467288,0.0001953125,-0.0000000000,0.0000217014
559012.4900242130,-0.0886535645,0.0004577637,9.7817993167,-0.0001627604,-0.0000000000,0.0000217014
559012.5000242130,-0.0880432129,0.0097656250,9.7814941409,-0.0000976562,-0.0000000000,0.0000217014
559012.5100242130,-0.0888061523,0.0035095215,9.7813415531,0.0001844618,-0.0000000000,0.0000217014
559012.5200242130,-0.0886535645,0.0065612793,9.7817993167,-0.0005316840,-0.0000000000,0.0000325521
559012.5300242130,-0.0891113281,0.0065612793,9.7808837894,0.0004882812,-0.0000217014,0.0000542535
559012.5400242130,-0.0875854492,0.0021362305,9.7814941409,-0.0006401910,0.0000217014,0.0000325521
559012.5500242130,-0.0886535645,0.0102233887,9.7819519046,0.0004557292,-0.0000000000,0.0000325521
559012.5600242130,-0.0885009766,0.0006103516,9.7813415531,-0.0004665799,0.0000108507,0.0000325521
559012.5700242131,-0.0885009766,0.0099182129,9.7816467288,0.0001736111,-0.0000108507,0.0000217014
559012.5800242129,-0.0880432129,0.0018310547,9.7811889652,-0.0000759549,-0.0000000000,0.0000217014
559012.5900242130,-0.0881958008,0.0094604492,9.7814941409,-0.0002712674,-0.0000000000,0.0000434028
559012.6000242130,-0.0891113281,0.0035095215,9.7811889652,0.0002712674,-0.0000000000,0.0000325521
559012.6100242130,-0.0885009766,0.0050354004,9.7816467288,-0.0005642361,0.0000108507,0.0000434028
559012.6200242130,-0.0881958008,0.0083923340,9.7808837894,0.0005533854,-0.0000434028,0.0000325521
559012.6300242130,-0.0880432129,0.0012207031,9.7819519046,-0.0006293403,0.0000108507,0.0000325521
559012.6400242130,-0.0888061523,0.0108337402,9.7816467288,0.0003689236,-0.0000000000,0.0000325521
559012.6500242130,-0.0888061523,-0.0000000000,9.7817993167,-0.0002929687,-0.0000000000,0.0000217014
559012.6600242130,-0.0875854492,0.0097656250,9.7816467288,-0.0001193576,0.0000108507,0.0000325521
559012.6700242130,-0.0883483887,0.0039672852,9.7817993167,0.0001736111,-0.0000000000,0.0000434028
559012.6800242130,-0.0894165039,0.0061035156,9.7817993167,-0.0004774306,-0.0000000000,0.0000325521
559012.6900242131,-0.0892639160,0.0065612793,9.7810363773,0.0004774306,-0.0000217014,0.0000651042
559012.7000242129,-0.0892639160,0.0030517578,9.7805786136,-0.0006293403,0.0000217014,0.0000108507
559012.7100242130,-0.0877380371,0.0094604492,9.7810363773,0.0004448785,-0.0000325521,0.0000325521
559012.7200242130,-0.0891113281,0.0007629395,9.7814941409,-0.0004991319,0.0000108507,0.0000325521
559012.7300242130,-0.0880432129,0.0090026855,9.7817993167,0.0001844618,-0.0000000000,0.0000434028
559012.7400242130,-0.0885009766,0.0016784668,9.7817993167,-0.0001410590,0.0000108507,0.0000325521
559012.7500242130,-0.0883483887,0.0100708008,9.7817993167,-0.0001410590,0.0000108507,0.0000325521
559012.7600242130,-0.0889587402,0.0019836426,9.7805786136,0.0001844618,-0.0000108507,0.0000108507
559012.7700242130,-0.0886535645,0.0067138672,9.7814941409,-0.0003906250,0.0000108507,0.0000325521
559012.7800242130,-0.0891113281,0.0074768066,9.7810363773,0.0003689236,-0.0000000000,0.0000325521
559012.7900242130,-0.0891113281,0.0035095215,9.7817993167,-0.0006401910,0.0000217014,0.0000325521
559012.8000242130,-0.0881958008,0.0080871582,9.7808837894,0.0004882812,-0.0000217014,0.0000542535
559012.8100242130,-0.0862121582,0.0007629395,9.7813415531,-0.0005425347,-0.0000108507,0.0000325521
559012.8200242131,-0.0894165039,0.0114440918,9.7819519046,0.0002929687,-0.0000000000,0.0000325521
559012.8300242129,-0.0895690918,0.0007629395,9.7821044925,-0.0002170139,-0.0000000000,0.0000217014
559012.8400242130,-0.0874328613,0.0076293945,9.7822570804,-0.0001410590,0.0000108507,0.0000325521
559012.8500242130,-0.0877380371,0.0044250488,9.7814941409,0.0002604167,0.0000108507,0.0000325521
559012.8600242130,-0.0900268555,0.0057983398,9.7808837894,-0.0005642361,0.0000217014,0.0000325521
559012.8700242130,-0.0898742676,0.0073242188,9.7817993167,0.0004882812,-0.0000217014,0.0000217014
559012.8800242130,-0.0881958008,0.0009155273,9.7814941409,-0.0006184896,-0.0000000000,0.0000325521
559012.8900242130,-0.0868225098,0.0103759766,9.7814941409,0.0004340278,-0.0000434028,0.0000108507
559012.9000242130,-0.0886535645,0.0006103516,9.7821044925,-0.0003689236,0.0000325521,0.0000217014
559012.9100242130,-0.0895690918,0.0103759766,9.7811889652,0.0000434028,0.0000108507,0.0000325521
559012.9200242130,-0.0869750977,0.0015258789,9.7819519046,0.0000000000,0.0000217014,0.0000325521
559012.9300242130,-0.0881958008,0.0080871582,9.7825622562,-0.0003580729,-0.0000000000,0.0000325521
559012.9400242131,-0.0885009766,0.0047302246,9.7801208499,0.0003797743,-0.0000000000,0.0000325521
559012.9500242129,-0.0897216797,0.0041198730,9.7813415531,-0.0006293403,-0.0000000000,0.0000325521
559012.9600242130,-0.0885009766,0.0088500977,9.7810363773,0.0004991319,-0.0000325521,0.0000325521
559012.9700242130,-0.0869750977,0.0009155273,9.7811889652,-0.0005533854,0.0000434028,0.0000325521
559012.9800242130,-0.0885009766,0.0112915039,9.7824096683,0.0003038194,-0.0000000000,0.0000325521
559012.9900242130,-0.0903320313,0.0004577637,9.7810363773,-0.0002821181,-0.0000108507,0.0000434028
559013.0000242130,-0.0885009766,0.0085449219,9.7816467288,-0.0000651042,-0.0000542535,0.0000325521
559013.0100242130,-0.0862121582,0.0035095215,9.7810363773,0.0001085069,0.0000108507,0.0000217014
559013.0200242130,-0.0895690918,0.0067138672,9.7810363773,-0.0003689236,0.0000108507,0.0000434028
559013.0300242130,-0.0907897949,0.0062561035,9.7816467288,0.0003797743,0.0000108507,0.0000434028
559013.0400242130,-0.0878906250,0.0035095215,9.7816467288,-0.0005642361,0.0000325521,0.0000108507
559013.0500242140,-0.0859069824,0.0093078613,9.7808837894,0.0004665799,0.0000108507,0.0000325521
559013.0600242140,-0.0891113281,0.0030517578,9.7813415531,-0.0005859375,0.0000325521,0.0000217014
559013.0700242140,-0.0903320313,0.0085449219,9.7811889652,0.0003146701,-0.0000542535,0.0000325521
559013.0800242140,-0.0878906250,-0.0000000000,9.7804260257,-0.0003363715,-0.0000108507,0.0000325521
559013.0900242140,-0.0865173340,0.0106811523,9.7816467288,0.0000542535,-0.0000108507,0.0000217014
559013.1000242140,-0.0883483887,0.0032043457,9.7821044925,0.0000325521,-0.0000000000,0.0000325521
559013.1100242140,-0.0912475586,0.0074768066,9.7824096683,-0.0003906250,0.0000434028,0.0000108507
559013.1200242140,-0.0875854492,0.0042724609,9.7824096683,0.0004123264,0.0000108507,0.0000434028
559013.1300242140,-0.0862121582,0.0042724609,9.7817993167,-0.0006293403,0.0000325521,0.0000325521
559013.1400242141,-0.0878906250,0.0097656250,9.7808837894,0.0004774306,-0.0000000000,0.0000542535
559013.1500242139,-0.0917053223,0.0016784668,9.7802734378,-0.0005316840,-0.0000434028,0.0000325521
559013.1600242140,-0.0889587402,0.0086975098,9.7810363773,0.0002929687,-0.0000542535,0.0000217014
559013.1700242140,-0.0854492188,0.0015258789,9.7811889652,-0.0002495660,-0.0000000000,0.0000434028
559013.1800242140,-0.0886535645,0.0112915039,9.7819519046,-0.0000217014,0.0000108507,0.0000217014
559013.1900242140,-0.0909423828,0.0013732910,9.7811889652,0.0000217014,-0.0000000000,0.0000434028
559013.2000242140,-0.0886535645,0.0065612793,9.7816467288,-0.0003255208,0.0000108507,0.0000325521
559013.2100242140,-0.0869750977,0.0056457520,9.7824096683,0.0003580729,0.0000217014,0.0000651042
559013.2200242140,-0.0883483887,0.0051879883,9.7810363773,-0.0005642361,0.0000325521,0.0000217014
559013.2300242140,-0.0907897949,0.0073242188,9.7808837894,0.0004882812,-0.0000000000,0.0000325521
559013.2400242140,-0.0892639160,0.0009155273,9.7804260257,-0.0005859375,-0.0000542535,0.0000217014
559013.2500242140,-0.0866699219,0.0108337402,9.7811889652,0.0003689236,-0.0000542535,0.0000217014
559013.2600242140,-0.0878906250,0.0015258789,9.7813415531,-0.0003797743,0.0000217014,0.0000325521
559013.2700242141,-0.0915527344,0.0090026855,9.7825622562,0.0000434028,0.0000108507,0.0000325521
559013.2800242139,-0.0878906250,0.0015258789,9.7816467288,-0.0000217014,0.0000217014,0.0000434028
559013.2900242140,-0.0868225098,0.0090026855,9.7821044925,-0.0002495660,0.0000434028,0.0000217014
559013.3000242140,-0.0875854492,0.0054931641,9.7814941409,0.0002821181,-0.0000000000,0.0000108507
559013.3100242140,-0.0900268555,0.0036621094,9.7802734378,-0.0005316840,-0.0000325521,0.0000325521
559013.3200242140,-0.0889587402,0.0065612793,9.7805786136,0.0004774306,-0.0000651042,0.0000325521
559013.3300242140,-0.0868225098,0.0033569336,9.7813415531,-0.0006184896,-0.0000108507,0.0000325521
559013.3400242140,-0.0885009766,0.0097656250,9.7819519046,0.0004123264,0.0000108507,0.0000325521
559013.3500242140,-0.0889587402,0.0001525879,9.7821044925,-0.0004665799,0.0000651042,0.0000325521
559013.3600242140,-0.0889587402,0.0100708008,9.7824096683,0.0001844618,0.0000325521,0.0000108507
559013.3700242140,-0.0878906250,0.0021362305,9.7811889652,-0.0001085069,-0.0000108507,0.0000325521
559013.3800242140,-0.0875854492,0.0074768066,9.7802734378,-0.0002495660,-0.0000542535,0.0000325521
559013.3900242141,-0.0886535645,0.0032043457,9.7811889652,0.0002929687,-0.0000651042,0.0000434028
559013.4000242139,-0.0903320313,0.0062561035,9.7821044925,-0.0005642361,0.0000651042,0.0000217014
559013.4100242140,-0.0865173340,0.0073242188,9.7814941409,0.0004774306,0.0000325521,0.0000542535
559013.4200242140,-0.0871276855,0.0012207031,9.7814941409,-0.0006510417,0.0000434028,0.0000434028
559013.4300242140,-0.0903320313,0.0099182129,9.7817993167,0.0004448785,-0.0000651042,0.0000217014
559013.4400242140,-0.0894165039,0.0010681152,9.7804260257,-0.0004014757,-0.0000651042,0.0000434028
559013.4500242140,-0.0877380371,0.0103759766,9.7813415531,0.0000868056,-0.0000325521,0.0000325521
559013.4600242140,-0.0869750977,0.0015258789,9.7828674320,-0.0000325521,0.0000542535,0.0000325521
559013.4700242140,-0.0900268555,0.0076293945,9.7827148441,-0.0003038194,0.0000759549,0.0000434028
559013.4800242140,-0.0897216797,0.0044250488,9.7808837894,0.0003255208,-0.0000000000,0.0000325521
559013.4900242140,-0.0878906250,0.0050354004,9.7810363773,-0.0005642361,-0.0000434028,0.0000217014
559013.5000242140,-0.0877380371,0.0070190430,9.7808837894,0.0005208333,-0.0000434028,0.0000217014
559013.5100242140,-0.0894165039,0.0012207031,9.7811889652,-0.0005967882,-0.0000325521,0.0000217014
559013.5200242141,-0.0891113281,0.0108337402,9.7817993167,0.0003797743,0.0000217014,0.0000434028
559013.5300242139,-0.0878906250,0.0006103516,9.7822570804,-0.0004014757,0.0000651042,0.0000325521
559013.5400242140,-0.0872802734,0.0086975098,9.7817993167,0.0000542535,0.0000108507,0.0000434028
559013.5500242140,-0.0881958008,0.0015258789,9.7811889652,0.0000108507,-0.0000325521,0.0000217014
559013.5600242140,-0.0910949707,0.0083923340,9.7814941409,-0.0002821181,-0.0000325521,0.0000217014
559013.5700242140,-0.0894165039,0.0051879883,9.7811889652,0.0003689236,-0.0000651042,0.0000325521
559013.5800242140,-0.0865173340,0.0033569336,9.7817993167,-0.0006401910,-0.0000000000,0.0000108507
559013.5900242140,-0.0868225098,0.0080871582,9.7821044925,0.0005316840,0.0000759549,0.0000542535
559013.6000242140,-0.0900268555,0.0019836426,9.7817993167,-0.0005967882,0.0000759549,0.0000217014
559013.6100242140,-0.0891113281,0.0105285645,9.7813415531,0.0003255208,-0.0000542535,0.0000434028
559013.6200242140,-0.0856018066,0.0007629395,9.7814941409,-0.0003255208,-0.0000434028,0.0000217014
559013.6300242140,-0.0886535645,0.0082397461,9.7808837894,0.0000868056,-0.0000434028,0.0000217014
559013.6400242141,-0.0901794434,0.0019836426,9.7816467288,-0.0000542535,0.0000217014,0.0000325521
559013.6500242139,-0.0894165039,0.0091552734,9.7822570804,-0.0002712674,0.0000651042,0.0000325521
559013.6600242140,-0.0862121582,0.0038146973,9.7816467288,0.0002929687,-0.0000000000,0.0000325521
559013.6700242140,-0.0878906250,0.0038146973,9.7814941409,-0.0005533854,-0.0000000000,0.0000434028
559013.6800242140,-0.0906372070,0.0086975098,9.7814941409,0.0005316840,-0.0000759549,0.0000217014
559013.6900242140,-0.0881958008,0.0013732910,9.7805786136,-0.0006293403,-0.0000000000,0.0000217014
559013.7000242140,-0.0866699219,0.0100708008,9.7822570804,0.0004014757,-0.0000000000,0.0000325521
559013.7100242140,-0.0877380371,0.0006103516,9.7821044925,-0.0004014757,0.0000868056,0.0000217014
559013.7200242140,-0.0897216797,0.0108337402,9.7821044925,0.0000434028,-0.0000000000,0.0000325521
559013.7300242140,-0.0891113281,0.0021362305,9.7813415531,-0.0000217014,-0.0000325521,0.0000434028
559013.7400242140,-0.0871276855,0.0073242188,9.7807312015,-0.0002929687,-0.0000000000,0.0000325521
559013.7500242140,-0.0877380371,0.0044250488,9.7813415531,0.0003689236,-0.0000325521,0.0000217014
559013.7600242140,-0.0903320313,0.0050354004,9.7816467288,-0.0005750868,0.0000651042,0.0000434028
559013.7700242141,-0.0891113281,0.0083923340,9.7813415531,0.0005208333,-0.0000542535,0.0000217014
559013.7800242139,-0.0866699219,0.0015258789,9.7813415531,-0.0006184896,-0.0000000000,0.0000217014
559013.7900242140,-0.0885009766,0.0097656250,9.7819519046,0.0003797743,0.0000108507,0.0000325521
559013.8000242140,-0.0892639160,0.0016784668,9.7808837894,-0.0003906250,-0.0000000000,0.0000434028
559013.8100242140,-0.0883483887,0.0099182129,9.7819519046,0.0000542535,-0.0000000000,0.0000434028
559013.8200242140,-0.0885009766,0.0007629395,9.7814941409,0.0000217014,0.0000108507,0.0000325521
559013.8300242140,-0.0878906250,0.0070190430,9.7808837894,-0.0002929687,-0.0000000000,0.0000108507
559013.8400242140,-0.0891113281,0.0068664551,9.7808837894,0.0003689236,-0.0000000000,0.0000217014
559013.8500242140,-0.0894165039,0.0044250488,9.7816467288,-0.0005967882,-0.0000000000,0.0000434028
559013.8600242140,-0.0883483887,0.0070190430,9.7814941409,0.0004557292,0.0000108507,0.0000325521
559013.8700242140,-0.0881958008,0.0013732910,9.7817993167,-0.0005750868,0.0000108507,0.0000217014
559013.8800242140,-0.0891113281,0.0106811523,9.7808837894,0.0003797743,-0.0000325521,0.0000434028
559013.8900242141,-0.0889587402,0.0009155273,9.7819519046,-0.0003797743,0.0000325521,0.0000325521
559013.9000242139,-0.0892639160,0.0093078613,9.7814941409,0.0000868056,-0.0000000000,0.0000217014
559013.9100242140,-0.0878906250,0.0015258789,9.7813415531,-0.0000217014,-0.0000325521,0.0000108507
559013.9200242140,-0.0883483887,0.0082397461,9.7819519046,-0.0002495660,0.0000108507,0.0000325521
559013.9300242140,-0.0877380371,0.0047302246,9.7810363773,0.0002278646,-0.0000000000,0.0000434028
559013.9400242140,-0.0892639160,0.0047302246,9.7810363773,-0.0005099826,0.0000217014,0.0000217014
559013.9500242140,-0.0886535645,0.0071716309,9.7808837894,0.0004882812,-0.0000434028,0.0000325521
559013.9600242140,-0.0886535645,0.0025939941,9.7821044925,-0.0006293403,0.0000325521,0.0000217014
559013.9700242140,-0.0878906250,0.0103759766,9.7814941409,0.0004665799,-0.0000217014,0.0000108507
559013.9800242140,-0.0885009766,-0.0000000000,9.7813415531,-0.0004448785,-0.0000000000,0.0000325521
559013.9900242140,-0.0886535645,0.0105285645,9.7821044925,0.0000868056,-0.0000000000,0.0000217014
559014.0000242140,-0.0878906250,0.0021362305,9.7813415531,-0.0000108507,-0.0000000000,0.0000434028
559014.0100242140,-0.0880432129,0.0082397461,9.7817993167,-0.0003363715,0.0000217014,0.0000325521
559014.0200242141,-0.0881958008,0.0045776367,9.7817993167,0.0004448785,-0.0000000000,0.0000217014
559014.0300242139,-0.0897216797,0.0042724609,9.7813415531,-0.0006401910,0.0000108507,0.0000217014
559014.0400242140,-0.0889587402,0.0088500977,9.7814941409,0.0004882812,-0.0000217014,0.0000217014
559014.0500242140,-0.0872802734,0.0003051758,9.7816467288,-0.0005642361,-0.0000000000,0.0000325521
559014.0600242140,-0.0888061523,0.0103759766,9.7816467288,0.0002821181,-0.0000000000,0.0000217014
559014.0700242140,-0.0897216797,0.0013732910,9.7819519046,-0.0001953125,-0.0000000000,0.0000217014
559014.0800242140,-0.0892639160,0.0097656250,9.7817993167,-0.0001302083,-0.0000000000,0.0000217014
559014.0900242140,-0.0865173340,0.0033569336,9.7814941409,0.0002061632,-0.0000000000,0.0000217014
559014.1000242140,-0.0878906250,0.0065612793,9.7814941409,-0.0004665799,0.0000108507,0.0000325521
559014.1100242140,-0.0900268555,0.0073242188,9.7813415531,0.0004557292,-0.0000217014,0.0000325521
559014.1200242140,-0.0874328613,0.0018310547,9.7805786136,-0.0006401910,0.0000108507,0.0000434028
559014.1300242150,-0.0869750977,0.0090026855,9.7817993167,0.0004665799,-0.0000000000,0.0000325521
559014.1400242150,-0.0898742676,0.0012207031,9.7814941409,-0.0004991319,0.0000108507,0.0000434028
559014.1500242150,-0.0895690918,0.0096130371,9.7808837894,0.0001953125,-0.0000325521,0.0000217014
559014.1600242150,-0.0866699219,0.0019836426,9.7817993167,-0.0001193576,0.0000108507,0.0000217014
559014.1700242150,-0.0889587402,0.0091552734,9.7816467288,-0.0001844618,-0.0000000000,0.0000217014
559014.1800242150,-0.0881958008,0.0022888184,9.7810363773,0.0002278646,-0.0000000000,0.0000325521
559014.1900242150,-0.0888061523,0.0054931641,9.7813415531,-0.0005316840,-0.0000000000,0.0000434028
559014.2000242150,-0.0872802734,0.0071716309,9.7821044925,0.0004448785,-0.0000000000,0.0000217014
559014.2100242150,-0.0883483887,0.0024414063,9.7808837894,-0.0006293403,0.0000108507,0.0000217014
559014.2200242151,-0.0880432129,0.0091552734,9.7822570804,0.0004557292,-0.0000000000,0.0000217014
559014.2300242150,-0.0881958008,0.0009155273,9.7814941409,-0.0004557292,-0.0000000000,0.0000325521
559014.2400242150,-0.0885009766,0.0100708008,9.7813415531,0.0001736111,-0.0000325521,0.0000217014
559014.2500242150,-0.0878906250,0.0006103516,9.7811889652,-0.0001193576,0.0000108507,0.0000325521
559014.2600242150,-0.0886535645,0.0085449219,9.7817993167,-0.0002278646,0.0000108507,0.0000325521
559014.2700242150,-0.0886535645,0.0038146973,9.7813415531,0.0002604167,-0.0000108507,0.0000434028
559014.2800242150,-0.0878906250,0.0059509277,9.7816467288,-0.0005425347,0.0000217014,0.0000325521
559014.2900242150,-0.0885009766,0.0073242188,9.7811889652,0.0004991319,-0.0000000000,0.0000325521
559014.3000242150,-0.0885009766,0.0013732910,9.7817993167,-0.0006401910,-0.0000000000,0.0000325521
559014.3100242150,-0.0880432129,0.0102233887,9.7814941409,0.0004123264,-0.0000217014,0.0000325521
559014.3200242150,-0.0885009766,0.0012207031,9.7816467288,-0.0004014757,0.0000325521,0.0000217014
559014.3300242150,-0.0894165039,0.0100708008,9.7810363773,0.0000651042,-0.0000108507,0.0000217014
559014.3400242151,-0.0880432129,0.0022888184,9.7813415531,-0.0000217014,-0.0000000000,0.0000325521
559014.3500242149,-0.0881958008,0.0079345703,9.7811889652,-0.0002712674,0.0000108507,0.0000325521
559014.3600242150,-0.0885009766,0.0039672852,9.7817993167,0.0002929687,-0.0000000000,0.0000325521
559014.3700242150,-0.0885009766,0.0054931641,9.7819519046,-0.0005316840,-0.0000000000,0.0000108507
559014.3800242150,-0.0888061523,0.0077819824,9.7816467288,0.0004557292,-0.0000000000,0.0000325521
559014.3900242150,-0.0877380371,0.0016784668,9.7814941409,-0.0006293403,-0.0000000000,0.0000325521
559014.4000242150,-0.0877380371,0.0093078613,9.7810363773,0.0004123264,-0.0000000000,0.0000325521
559014.4100242150,-0.0898742676,0.0019836426,9.7805786136,-0.0004448785,0.0000108507,0.0000217014
559014.4200242150,-0.0883483887,0.0099182129,9.7811889652,0.0001736111,-0.0000000000,0.0000108507
559014.4300242150,-0.0874328613,-0.0000000000,9.7813415531,-0.0000976562,-0.0000000000,0.0000434028
559014.4400242150,-0.0892639160,0.0096130371,9.7821044925,-0.0001627604,0.0000108507,0.0000325521
559014.4500242150,-0.0909423828,0.0050354004,9.7810363773,0.0001844618,-0.0000000000,0.0000325521
559014.4600242150,-0.0880432129,0.0056457520,9.7810363773,-0.0004882812,-0.0000000000,0.0000325521
559014.4700242151,-0.0874328613,0.0050354004,9.7814941409,0.0004340278,0.0000108507,0.0002495660
559014.4800242150,-0.0898742676,0.0027465820,9.7814941409,-0.0006293403,0.0000325521,0.0009114583
559014.4900242150,-0.0910949707,0.0085449219,9.7817993167,0.0004665799,-0.0000217014,0.0025824653
559014.5000242150,-0.0898742676,-0.0003051758,9.7814941409,-0.0005533854,-0.0000000000,0.0042860243
559014.5100242150,-0.0885009766,0.0067138672,9.7814941409,0.0001844618,-0.0000000000,0.0056749132
559014.5200242150,-0.0898742676,0.0003051758,9.7814941409,-0.0002495660,-0.0000000000,0.0067925347
559014.5300242150,-0.0883483887,0.0091552734,9.7817993167,-0.0001627604,-0.0000000000,0.0076280382
559014.5400242150,-0.0888061523,0.0019836426,9.7811889652,0.0000542535,-0.0000000000,0.0083007812
559014.5500242150,-0.0895690918,0.0051879883,9.7808837894,-0.0005099826,-0.0000000000,0.0093424479
559014.5600242150,-0.0874328613,0.0050354004,9.7814941409,0.0003580729,-0.0000000000,0.0099500868
559014.5700242150,-0.0889587402,0.0018310547,9.7821044925,-0.0007161458,0.0000325521,0.0107638889
559014.5800242150,-0.0909423828,0.0090026855,9.7816467288,0.0003580729,-0.0000325521,0.0115993924
559014.5900242151,-0.0885009766,-0.0000000000,9.7816467288,-0.0006184896,0.0000108507,0.0123480903
559014.6000242149,-0.0894165039,0.0090026855,9.7816467288,0.0000868056,-0.0000108507,0.0135091146
559014.6100242150,-0.0894165039,0.0013732910,9.7813415531,-0.0002495660,0.0000108507,0.0144205729
559014.6200242150,-0.0907897949,0.0074768066,9.7814941409,-0.0002821181,-0.0000000000,0.0152126736
559014.6300242150,-0.0897216797,0.0030517578,9.7813415531,0.0000976562,-0.0000108507,0.0162760417
559014.6400242150,-0.0880432129,0.0045776367,9.7811889652,-0.0006076389,-0.0000000000,0.0170464410
559014.6500242150,-0.0885009766,0.0061035156,9.7811889652,0.0003255208,-0.0000000000,0.0178276910
559014.6600242150,-0.0900268555,0.0018310547,9.7817993167,-0.0008246528,-0.0000000000,0.0189019097
559014.6700242150,-0.0897216797,0.0083923340,9.7814941409,0.0002929687,-0.0000000000,0.0195638021
559014.6800242150,-0.0888061523,-0.0000000000,9.7814941409,-0.0006618924,0.0000108507,0.0205729167
559014.6900242150,-0.0886535645,0.0088500977,9.7816467288,0.0000759549,-0.0000108507,0.0215928819
559014.7000242150,-0.0891113281,0.0010681152,9.7816467288,-0.0003363715,0.0000217014,0.0221462674
559014.7100242150,-0.0904846191,0.0076293945,9.7821044925,-0.0003580729,-0.0000108507,0.0231987847
559014.7200242151,-0.0868225098,0.0036621094,9.7808837894,0.0000108507,-0.0000542535,0.0240776910
559014.7300242150,-0.0886535645,0.0044250488,9.7816467288,-0.0007703993,0.0000434028,0.0246853299
559014.7400242150,-0.0909423828,0.0064086914,9.7811889652,0.0003146701,-0.0000000000,0.0259223090
559014.7500242150,-0.0894165039,0.0015258789,9.7817993167,-0.0008572049,-0.0000000000,0.0266493056
559014.7600242150,-0.0868225098,0.0083923340,9.7814941409,0.0001844618,-0.0000000000,0.0275065104
559014.7700242150,-0.0872802734,0.0009155273,9.7827148441,-0.0005967882,0.0000434028,0.0287977431
559014.7800242150,-0.0915527344,0.0088500977,9.7804260257,-0.0001736111,-0.0000217014,0.0292426215
559014.7900242150,-0.0888061523,0.0004577637,9.7811889652,-0.0002712674,-0.0000000000,0.0299479167
559014.8000242150,-0.0888061523,0.0073242188,9.7817993167,-0.0005316840,0.0000108507,0.0310004340
559014.8100242150,-0.0877380371,0.0044250488,9.7813415531,0.0000542535,-0.0000000000,0.0316623264
559014.8200242150,-0.0914001465,0.0038146973,9.7807312015,-0.0008572049,0.0000217014,0.0326931424
559014.8300242150,-0.0888061523,0.0065612793,9.7822570804,0.0002821181,-0.0000108507,0.0337131076
559014.8400242151,-0.0875854492,0.0010681152,9.7816467288,-0.0008789062,0.0000108507,0.0342881944
559014.8500242149,-0.0900268555,0.0093078613,9.7822570804,0.0000434028,-0.0000000000,0.0355360243
559014.8600242150,-0.0897216797,0.0006103516,9.7816467288,-0.0006510417,0.0000217014,0.0363932292
559014.8700242150,-0.0892639160,0.0073242188,9.7810363773,-0.0002387153,-0.0000000000,0.0371310764
559014.8800242150,-0.0894165039,0.0022888184,9.7816467288,-0.0002495660,-0.0000108507,0.0381184896
559014.8900242150,-0.0888061523,0.0074768066,9.7811889652,-0.0007161458,0.0000217014,0.0386935764
559014.9000242150,-0.0895690918,0.0041198730,9.7808837894,0.0001085069,-0.0000108507,0.0396592882
559014.9100242150,-0.0901794434,0.0021362305,9.7813415531,-0.0009440104,0.0000217014,0.0407769097
559014.9200242150,-0.0885009766,0.0085449219,9.7811889652,0.0001627604,-0.0000000000,0.0413845486
559014.9300242150,-0.0881958008,0.0010681152,9.7813415531,-0.0009331597,0.0000108507,0.0423394097
559014.9400242150,-0.0903320313,0.0091552734,9.7819519046,-0.0000759549,-0.0000108507,0.0433485243
559014.9500242150,-0.0888061523,0.0004577637,9.7817993167,-0.0005316840,0.0000108507,0.0438585069
559014.9600242150,-0.0895690918,0.0079345703,9.7816467288,-0.0005208333,-0.0000000000,0.0449327257
559014.9700242151,-0.0889587402,0.0036621094,9.7813415531,-0.0000651042,-0.0000108507,0.0458875868
559014.9800242150,-0.0889587402,0.0039672852,9.7814941409,-0.0009765625,0.0000325521,0.0465169271
559014.9900242150,-0.0895690918,0.0065612793,9.7810363773,0.0001410590,-0.0000217014,0.0476562500
559015.0000242150,-0.0895690918,0.0004577637,9.7816467288,-0.0010308160,-0.0000000000,0.0483723958
559015.0100242150,-0.0886535645,0.0111389160,9.7811889652,0.0000000000,-0.0000000000,0.0490017361
559015.0200242150,-0.0888061523,0.0004577637,9.7817993167,-0.0007161458,0.0000108507,0.0502061632
559015.0300242150,-0.0898742676,0.0073242188,9.7811889652,-0.0004340278,0.0000217014,0.0509982639
559015.0400242150,-0.0894165039,0.0027465820,9.7813415531,-0.0003255208,-0.0000000000,0.0520290799
559015.0500242150,-0.0878906250,0.0068664551,9.7822570804,-0.0008463542,0.0000217014,0.0529947917
559015.0600242150,-0.0881958008,0.0048828125,9.7813415531,-0.0000325521,-0.0000000000,0.0533528646
559015.0700242150,-0.0909423828,0.0009155273,9.7814941409,-0.0010959201,0.0000108507,0.0543945312
559015.0800242150,-0.0903320313,0.0091552734,9.7819519046,0.0000976562,-0.0000217014,0.0555013021
559015.0900242151,-0.0885009766,0.0019836426,9.7807312015,-0.0009982639,0.0000217014,0.0561306424
559015.1000242149,-0.0885009766,0.0091552734,9.7816467288,-0.0002278646,0.0000108507,0.0571940104
559015.1100242150,-0.0888061523,-0.0000000000,9.7816467288,-0.0005967882,-0.0000000000,0.0580295139
559015.1200242150,-0.0895690918,0.0077819824,9.7822570804,-0.0007486979,-0.0000000000,0.0588433160
559015.1300242150,-0.0878906250,0.0047302246,9.7814941409,-0.0001519097,0.0000108507,0.0598524306
559015.1400242150,-0.0872802734,0.0041198730,9.7813415531,-0.0011284722,0.0000108507,0.0604166667
559015.1500242150,-0.0888061523,0.0065612793,9.7813415531,0.0000325521,0.0000108507,0.0612630208
559015.1600242150,-0.0898742676,-0.0000000000,9.7819519046,-0.0010525174,0.0000217014,0.0625000000
559015.1700242150,-0.0888061523,0.0106811523,9.7810363773,-0.0001844618,-0.0000108507,0.0631184896
559015.1800242150,-0.0898742676,0.0016784668,9.7813415531,-0.0008463542,0.0000217014,0.0640950521
559015.1900242150,-0.0892639160,0.0079345703,9.7816467288,-0.0005208333,-0.0000000000,0.0649305556
559015.2000242160,-0.0892639160,0.0013732910,9.7813415531,-0.0005533854,0.0000108507,0.0655598958
559015.2100242160,-0.0889587402,0.0070190430,9.7819519046,-0.0007812500,-0.0000000000,0.0667209201
559015.2200242160,-0.0886535645,0.0050354004,9.7814941409,-0.0003363715,-0.0000108507,0.0676540799
559015.2300242160,-0.0880432129,0.0045776367,9.7817993167,-0.0009765625,0.0000325521,0.0682834201
559015.2400242160,-0.0888061523,0.0056457520,9.7810363773,-0.0001193576,-0.0000000000,0.0693142361
559015.2500242160,-0.0892639160,0.0032043457,9.7811889652,-0.0012044271,0.0000217014,0.0701063368
559015.2600242160,-0.0889587402,0.0085449219,9.7819519046,-0.0001085069,-0.0000000000,0.0709526910
559015.2700242160,-0.0880432129,-0.0000000000,9.7811889652,-0.0010633681,0.0000217014,0.0720703125
559015.2800242160,-0.0894165039,0.0093078613,9.7814941409,-0.0004123264,-0.0000000000,0.0726779514
559015.2900242161,-0.0898742676,0.0009155273,9.7817993167,-0.0006727431,0.0000217014,0.0736436632
559015.3000242159,-0.0883483887,0.0085449219,9.7817993167,-0.0008355035,-0.0000108507,0.0746310764
559015.3100242160,-0.0885009766,0.0041198730,9.7814941409,-0.0003363715,0.0000325521,0.0751953125
559015.3200242160,-0.0886535645,0.0038146973,9.7819519046,-0.0011610243,0.0000217014,0.0762261285
559015.3300242160,-0.0903320313,0.0077819824,9.7814941409,-0.0001519097,-0.0000325521,0.0771484375
559015.3400242160,-0.0895690918,0.0018310547,9.7816467288,-0.0012586806,0.0000108507,0.0779079861
559015.3500242160,-0.0885009766,0.0090026855,9.7814941409,-0.0001953125,0.0000108507,0.0790690104
559015.3600242160,-0.0874328613,0.0010681152,9.7813415531,-0.0010633681,0.0000108507,0.0797417535
559015.3700242160,-0.0892639160,0.0091552734,9.7819519046,-0.0004991319,0.0000108507,0.0802625868
559015.3800242160,-0.0904846191,0.0006103516,9.7810363773,-0.0007378472,0.0000108507,0.0814887153
559015.3900242160,-0.0877380371,0.0080871582,9.7814941409,-0.0009223090,-0.0000000000,0.0822265625
559015.4000242160,-0.0880432129,0.0041198730,9.7808837894,-0.0004231771,-0.0000217014,0.0830620660
559015.4100242160,-0.0886535645,0.0042724609,9.7814941409,-0.0012152778,0.0000434028,0.0842122396
559015.4200242159,-0.0898742676,0.0067138672,9.7813415531,-0.0001844618,-0.0000217014,0.0848524306
559015.4300242160,-0.0897216797,0.0013732910,9.7817993167,-0.0013020833,0.0000108507,0.0858506944
559015.4400242160,-0.0878906250,0.0099182129,9.7814941409,-0.0002604167,0.0000217014,0.0867513021
559015.4500242160,-0.0885009766,0.0019836426,9.7816467288,-0.0011501736,0.0000325521,0.0874565972
559015.4600242160,-0.0915527344,0.0082397461,9.7821044925,-0.0006727431,-0.0000108507,0.0885850694
559015.4700242160,-0.0900268555,0.0021362305,9.7807312015,-0.0007052951,-0.0000000000,0.0894422743
559015.4800242160,-0.0871276855,0.0077819824,9.7822570804,-0.0010633681,0.0000434028,0.0902018229
559015.4900242160,-0.0885009766,0.0047302246,9.7814941409,-0.0003797743,-0.0000000000,0.0911892361
559015.5000242160,-0.0889587402,0.0033569336,9.7808837894,-0.0013129340,0.0000217014,0.0917751736
559015.5100242160,-0.0889587402,0.0077819824,9.7821044925,-0.0002495660,0.0000108507,0.0926757812
559015.5200242160,-0.0895690918,0.0016784668,9.7814941409,-0.0013563368,-0.0000000000,0.0938259549
559015.5300242160,-0.0872802734,0.0099182129,9.7817993167,-0.0004014757,0.0000108507,0.0944661458
559015.5400242161,-0.0895690918,0.0007629395,9.7816467288,-0.0011501736,0.0000325521,0.0953776042
559015.5500242159,-0.0888061523,0.0086975098,9.7819519046,-0.0007486979,-0.0000108507,0.0964626736
559015.5600242160,-0.0888061523,0.0019836426,9.7807312015,-0.0006510417,-0.0000000000,0.0970594618
559015.5700242160,-0.0883483887,0.0062561035,9.7808837894,-0.0012695312,0.0000325521,0.0980468750
559015.5800242160,-0.0878906250,0.0054931641,9.7813415531,-0.0003146701,-0.0000000000,0.0989366319
559015.5900242160,-0.0889587402,0.0019836426,9.7805786136,-0.0014756944,0.0000325521,0.0995768229
559015.6000242160,-0.0894165039,0.0097656250,9.7817993167,-0.0003580729,0.0000108507,0.1007269965
559015.6100242160,-0.0872802734,0.0021362305,9.7816467288,-0.0012695312,-0.0000000000,0.1014756944
559015.6200242160,-0.0881958008,0.0083923340,9.7813415531,-0.0006835937,0.0000217014,0.1021050347
559015.6300242160,-0.0895690918,0.0009155273,9.7819519046,-0.0009006076,-0.0000000000,0.1034179687
559015.6400242160,-0.0898742676,0.0080871582,9.7814941409,-0.0011067708,-0.0000000000,0.1040690104
559015.6500242160,-0.0894165039,0.0039672852,9.7817993167,-0.0005533854,0.0000108507,0.1050998264
559015.6600242160,-0.0886535645,0.0047302246,9.7819519046,-0.0013997396,0.0000217014,0.1061197917
559015.6700242159,-0.0892639160,0.0070190430,9.7813415531,-0.0004557292,0.0000108507,0.1065646701
559015.6800242160,-0.0892639160,0.0024414063,9.7816467288,-0.0014756944,-0.0000000000,0.1076605903
559015.6900242160,-0.0891113281,0.0085449219,9.7810363773,-0.0004014757,0.0000108507,0.1085720486
559015.7000242160,-0.0878906250,0.0021362305,9.7807312015,-0.0013454861,0.0000325521,0.1092230903
559015.7100242160,-0.0883483887,0.0093078613,9.7814941409,-0.0007595486,-0.0000000000,0.1101236979
559015.7200242160,-0.0875854492,0.0009155273,9.7813415531,-0.0009874132,0.0000325521,0.1110026042
559015.7300242160,-0.0885009766,0.0068664551,9.7817993167,-0.0011284722,0.0000325521,0.1117621528
559015.7400242160,-0.0892639160,0.0045776367,9.7811889652,-0.0006293403,-0.0000000000,0.1130642361
559015.7500242160,-0.0880432129,0.0056457520,9.7811889652,-0.0014973958,0.0000108507,0.1137152778
559015.7600242160,-0.0889587402,0.0065612793,9.7819519046,-0.0004231771,-0.0000000000,0.1144531250
559015.7700242160,-0.0885009766,0.0009155273,9.7811889652,-0.0015190972,0.0000325521,0.1155815972
559015.7800242160,-0.0880432129,0.0100708008,9.7813415531,-0.0005099826,-0.0000000000,0.1163085937
559015.7900242161,-0.0880432129,0.0010681152,9.7811889652,-0.0013780382,0.0000325521,0.1172960069
559015.8000242159,-0.0883483887,0.0086975098,9.7816467288,-0.0009006076,-0.0000000000,0.1181206597
559015.8100242160,-0.0881958008,0.0021362305,9.7814941409,-0.0009223090,0.0000108507,0.1188476562
559015.8200242160,-0.0894165039,0.0077819824,9.7813415531,-0.0013129340,0.0000108507,0.1199110243
559015.8300242160,-0.0883483887,0.0054931641,9.7816467288,-0.0006401910,-0.0000000000,0.1208333333
559015.8400242160,-0.0878906250,0.0045776367,9.7814941409,-0.0015733507,0.0000217014,0.1215386285
559015.8500242160,-0.0895690918,0.0071716309,9.7810363773,-0.0004882812,0.0000217014,0.1226453993
559015.8600242160,-0.0877380371,0.0015258789,9.7811889652,-0.0016059028,0.0000325521,0.1233723958
559015.8700242160,-0.0874328613,0.0102233887,9.7816467288,-0.0006076389,-0.0000000000,0.1240993924
559015.8800242160,-0.0880432129,0.0021362305,9.7808837894,-0.0013997396,0.0000325521,0.1251519097
559015.8900242160,-0.0880432129,0.0079345703,9.7814941409,-0.0009874132,0.0000217014,0.1258463542
559015.9000242160,-0.0897216797,0.0019836426,9.7814941409,-0.0009657118,-0.0000108507,0.1268446181
559015.9100242160,-0.0888061523,0.0088500977,9.7816467288,-0.0013780382,0.0000108507,0.1278103299
559015.9200242159,-0.0872802734,0.0061035156,9.7810363773,-0.0007052951,0.0000217014,0.1281901042
559015.9300242160,-0.0895690918,0.0028991699,9.7808837894,-0.0016927083,0.0000108507,0.1292643229
559015.9400242160,-0.0886535645,0.0064086914,9.7819519046,-0.0004882812,0.0000217014,0.1303493924
559015.9500242160,-0.0883483887,0.0018310547,9.7816467288,-0.0016384549,0.0000325521,0.1311957465
559015.9600242160,-0.0888061523,0.0119018555,9.7811889652,-0.0007595486,-0.0000000000,0.1323025174
559015.9700242160,-0.0888061523,0.0010681152,9.7817993167,-0.0013454861,0.0000325521,0.1330186632
559015.9800242160,-0.0885009766,0.0074768066,9.7813415531,-0.0011935764,0.0000217014,0.1335177951
559015.9900242160,-0.0888061523,0.0039672852,9.7814941409,-0.0009223090,-0.0000000000,0.1348198785
559016.0000242160,-0.0878906250,0.0067138672,9.7819519046,-0.0016276042,0.0000325521,0.1355034722
559016.0100242160,-0.0877380371,0.0067138672,9.7811889652,-0.0005967882,0.0000108507,0.1364691840
559016.0200242160,-0.0895690918,0.0003051758,9.7813415531,-0.0017903646,0.0000434028,0.1373914930
559016.0300242160,-0.0886535645,0.0106811523,9.7816467288,-0.0006076389,-0.0000000000,0.1380750868
559016.0400242161,-0.0869750977,0.0010681152,9.7813415531,-0.0015733507,0.0000325521,0.1390950521
559016.0500242159,-0.0883483887,0.0090026855,9.7814941409,-0.0010742187,0.0000108507,0.1399305555
559016.0600242160,-0.0885009766,0.0025939941,9.7817993167,-0.0011176215,0.0000217014,0.1405490451
559016.0700242160,-0.0900268555,0.0070190430,9.7816467288,-0.0015733507,0.0000325521,0.1416341146
559016.0800242160,-0.0878906250,0.0065612793,9.7816467288,-0.0007161458,-0.0000108507,0.1425781250
559016.0900242160,-0.0880432129,0.0025939941,9.7817993167,-0.0017903646,0.0000542535,0.1434027778
559016.1000242160,-0.0881958008,0.0083923340,9.7821044925,-0.0006401910,0.0000325521,0.1444769965
559016.1100242160,-0.0881958008,0.0027465820,9.7810363773,-0.0017144097,0.0000542535,0.1451388889
559016.1200242160,-0.0883483887,0.0096130371,9.7816467288,-0.0009006076,-0.0000000000,0.1459743924
559016.1300242160,-0.0875854492,-0.0001525879,9.7816467288,-0.0014648437,0.0000325521,0.1470486111
559016.1400242160,-0.0875854492,0.0091552734,9.7813415531,-0.0012369792,0.0000325521,0.1476019965
559016.1500242160,-0.0892639160,0.0033569336,9.7813415531,-0.0011284722,-0.0000000000,0.1485351562
559016.1600242160,-0.0885009766,0.0077819824,9.7811889652,-0.0015625000,0.0000217014,0.1496202257
559016.1700242159,-0.0868225098,0.0051879883,9.7811889652,-0.0008246528,0.0000325521,0.1503689236
559016.1800242160,-0.0878906250,0.0030517578,9.7814941409,-0.0018012153,0.0000325521,0.1514322917
559016.1900242160,-0.0881958008,0.0091552734,9.7816467288,-0.0007812500,-0.0000000000,0.1522677951
559016.2000242160,-0.0881958008,0.0025939941,9.7816467288,-0.0018337674,0.0000325521,0.1529188368
559016.2100242160,-0.0869750977,0.0079345703,9.7814941409,-0.0008572049,0.0000108507,0.1539822049
559016.2200242160,-0.0880432129,0.0019836426,9.7811889652,-0.0016059028,0.0000108507,0.1546115451
559016.2300242160,-0.0885009766,0.0100708008,9.7817993167,-0.0012044271,0.0000325521,0.1552083333
559016.2400242160,-0.0886535645,0.0013732910,9.7811889652,-0.0012803819,-0.0000000000,0.1565755208
559016.2500242160,-0.0881958008,0.0064086914,9.7811889652,-0.0016167535,0.0000217014,0.1573350694
559016.2600242160,-0.0881958008,0.0054931641,9.7817993167,-0.0009331597,0.0000434028,0.1582682292
559016.2700242170,-0.0875854492,0.0061035156,9.7816467288,-0.0018554687,0.0000434028,0.1593532986
559016.2800242170,-0.0866699219,0.0082397461,9.7822570804,-0.0008246528,0.0000108507,0.1598849826
559016.2900242170,-0.0869750977,0.0009155273,9.7819519046,-0.0018554687,0.0000542535,0.1608072917
559016.3000242170,-0.0885009766,0.0100708008,9.7813415531,-0.0009114583,0.0000108507,0.1617947049
559016.3100242170,-0.0885009766,0.0024414063,9.7814941409,-0.0017361111,0.0000217014,0.1624565972
559016.3200242170,-0.0875854492,0.0102233887,9.7813415531,-0.0013237847,0.0000108507,0.1635959201
559016.3300242170,-0.0871276855,0.0012207031,9.7813415531,-0.0012695312,0.0000108507,0.1643229167
559016.3400242170,-0.0875854492,0.0068664551,9.7814941409,-0.0017578125,0.0000434028,0.1650716146
559016.3500242170,-0.0883483887,0.0067138672,9.7817993167,-0.0008246528,0.0000325521,0.1662977430
559016.3600242171,-0.0874328613,0.0035095215,9.7816467288,-0.0020290799,-0.0000000000,0.1668945312
559016.3700242169,-0.0871276855,0.0093078613,9.7816467288,-0.0008572049,0.0000217014,0.1677083333
559016.3800242170,-0.0880432129,0.0004577637,9.7814941409,-0.0018229167,0.0000434028,0.1688585069
559016.3900242170,-0.0878906250,0.0106811523,9.7811889652,-0.0012695312,-0.0000000000,0.1694552951
559016.4000242170,-0.0881958008,0.0024414063,9.7817993167,-0.0014539931,0.0000325521,0.1704752604
559016.4100242170,-0.0874328613,0.0080871582,9.7816467288,-0.0016818576,0.0000542535,0.1712673611
559016.4200242170,-0.0874328613,0.0047302246,9.7814941409,-0.0010308160,0.0000217014,0.1720594618
559016.4300242170,-0.0885009766,0.0050354004,9.7819519046,-0.0019965278,0.0000108507,0.1731662326
559016.4400242170,-0.0871276855,0.0085449219,9.7817993167,-0.0008897569,0.0000108507,0.1740451389
559016.4500242170,-0.0871276855,0.0015258789,9.7819519046,-0.0020182292,0.0000759549,0.1747612847
559016.4600242170,-0.0878906250,0.0105285645,9.7810363773,-0.0010525174,-0.0000000000,0.1756184896
559016.4700242170,-0.0869750977,0.0025939941,9.7811889652,-0.0017686632,0.0000108507,0.1757269965
559016.4800242170,-0.0866699219,0.0100708008,9.7810363773,-0.0014105903,0.0000325521,0.1753363715
559016.4900242171,-0.0868225098,0.0038146973,9.7819519046,-0.0013346354,0.0000325521,0.1747721354
559016.5000242169,-0.0869750977,0.0083923340,9.7814941409,-0.0018229167,0.0000108507,0.1744140625
559016.5100242170,-0.0868225098,0.0065612793,9.7816467288,-0.0009874132,0.0000325521,0.1742078993
559016.5200242170,-0.0868225098,0.0051879883,9.7813415531,-0.0020724826,0.0000759549,0.1741536458
559016.5300242170,-0.0863647461,0.0093078613,9.7814941409,-0.0009548611,-0.0000000000,0.1741644965
559016.5400242170,-0.0866699219,0.0016784668,9.7819519046,-0.0019422743,0.0000759549,0.1742296007
559016.5500242170,-0.0872802734,0.0106811523,9.7816467288,-0.0010525174,-0.0000000000,0.1742947049
559016.5600242170,-0.0871276855,0.0045776367,9.7811889652,-0.0018012153,0.0000325521,0.1743489583
559016.5700242170,-0.0869750977,0.0109863281,9.7813415531,-0.0012803819,0.0000217014,0.1743381076
559016.5800242170,-0.0863647461,0.0012207031,9.7810363773,-0.0015625000,0.0000325521,0.1743815104
559016.5900242170,-0.0868225098,0.0091552734,9.7817993167,-0.0015950521,0.0000108507,0.1744032118
559016.6000242170,-0.0865173340,0.0056457520,9.7814941409,-0.0012152778,0.0000325521,0.1744140625
559016.6100242171,-0.0854492188,0.0073242188,9.7813415531,-0.0018771701,0.0000325521,0.1744032118
559016.6200242169,-0.0863647461,0.0080871582,9.7811889652,-0.0010199653,0.0000108507,0.1743706597
559016.6300242170,-0.0878906250,0.0042724609,9.7819519046,-0.0019314236,0.0000542535,0.1743815104
559016.6400242170,-0.0868225098,0.0088500977,9.7814941409,-0.0009874132,0.0000217014,0.1743923611
559016.6500242170,-0.0859069824,0.0044250488,9.7811889652,-0.0019856771,0.0000542535,0.1743489583
559016.6600242170,-0.0865173340,0.0099182129,9.7816467288,-0.0010742187,0.0000217014,0.1744032118
559016.6700242170,-0.0863647461,0.0018310547,9.7811889652,-0.0018337674,0.0000542535,0.1743923611
559016.6800242170,-0.0880432129,0.0105285645,9.7819519046,-0.0012695312,0.0000217014,0.1744140625
559016.6900242170,-0.0872802734,0.0038146973,9.7813415531,-0.0014756944,0.0000108507,0.1744032118
559016.7000242170,-0.0852966309,0.0097656250,9.7816467288,-0.0016493056,0.0000325521,0.1744140625
559016.7100242170,-0.0868225098,0.0053405762,9.7813415531,-0.0011393229,0.0000108507,0.1744140625
559016.7200242170,-0.0874328613,0.0070190430,9.7810363773,-0.0019856771,0.0000217014,0.1743923611
559016.7300242170,-0.0869750977,0.0083923340,9.7814941409,-0.0009331597,0.0000108507,0.1744357639
559016.7400242171,-0.0863647461,0.0038146973,9.7813415531,-0.0020182292,0.0000325521,0.1745008680
559016.7500242169,-0.0865173340,0.0102233887,9.7813415531,-0.0009548611,0.0000108507,0.1745334201
559016.7600242170,-0.0880432129,0.0022888184,9.7813415531,-0.0018880208,0.0000542535,0.1745334201
559016.7700242170,-0.0868225098,0.0112915039,9.7811889652,-0.0012044271,-0.0000000000,0.1745117187
559016.7800242170,-0.0859069824,0.0030517578,9.7813415531,-0.0015516493,0.0000325521,0.1745117187
559016.7900242170,-0.0863647461,0.0097656250,9.7819519046,-0.0016493056,0.0000651042,0.1744574653
559016.8000242170,-0.0869750977,0.0054931641,9.7811889652,-0.0011284722,0.0000108507,0.1744791667
559016.8100242170,-0.0875854492,0.0067138672,9.7810363773,-0.0020182292,0.0000542535,0.1744466146
559016.8200242170,-0.0865173340,0.0086975098,9.7811889652,-0.0008789062,0.0000217014,0.1745442708
559016.8300242170,-0.0863647461,0.0036621094,9.7810363773,-0.0020073785,0.0000217014,0.1745225694
559016.8400242170,-0.0865173340,0.0114440918,9.7819519046,-0.0010525174,0.0000217014,0.1745551215
559016.8500242170,-0.0869750977,0.0013732910,9.7814941409,-0.0017903646,0.0000542535,0.1745008680
559016.8600242171,-0.0872802734,0.0103759766,9.7817993167,-0.0013997396,-0.0000000000,0.1745117187
559016.8700242169,-0.0866699219,0.0044250488,9.7813415531,-0.0013671875,0.0000325521,0.1745551215
559016.8800242170,-0.0866699219,0.0083923340,9.7813415531,-0.0018120660,0.0000325521,0.1745551215
559016.8900242170,-0.0868225098,0.0073242188,9.7814941409,-0.0010199653,-0.0000000000,0.1745442708
559016.9000242170,-0.0880432129,0.0045776367,9.7817993167,-0.0020073785,0.0000325521,0.1745117187
559016.9100242170,-0.0865173340,0.0094604492,9.7811889652,-0.0009548611,0.0000108507,0.1745442708
559016.9200242170,-0.0860595703,0.0039672852,9.7817993167,-0.0019748264,0.0000542535,0.1745117187
559016.9300242170,-0.0872802734,0.0108337402,9.7822570804,-0.0010742187,0.0000217014,0.1745117187
559016.9400242170,-0.0866699219,0.0025939941,9.7816467288,-0.0017469618,0.0000325521,0.1745442708
559016.9500242170,-0.0862121582,0.0111389160,9.7816467288,-0.0013997396,0.0000108507,0.1745117187
559016.9600242170,-0.0866699219,0.0039672852,9.7808837894,-0.0013129340,0.0000325521,0.1745551215
559016.9700242170,-0.0877380371,0.0080871582,9.7816467288,-0.0017903646,0.0000542535,0.1744791667
559016.9800242170,-0.0860595703,0.0068664551,9.7816467288,-0.0010308160,0.0000108507,0.1745008680
559016.9900242171,-0.0856018066,0.0054931641,9.7811889652,-0.0020724826,0.0000542535,0.1745117187
559017.0000242169,-0.0866699219,0.0100708008,9.7816467288,-0.0009331597,0.0000108507,0.1745876736
559017.0100242170,-0.0874328613,0.0025939941,9.7816467288,-0.0019639757,0.0000651042,0.1749023437
559017.0200242170,-0.0868225098,0.0112915039,9.7817993167,-0.0011393229,-0.0000000000,0.1746419271
559017.0300242170,-0.0857543945,0.0030517578,9.7811889652,-0.0016384549,0.0000217014,0.1745985243
559017.0400242170,-0.0859069824,0.0102233887,9.7814941409,-0.0015082465,0.0000542535,0.1745876736
559017.0500242170,-0.0869750977,0.0042724609,9.7810363773,-0.0012695312,0.0000108507,0.1745442708
559017.0600242170,-0.0871276855,0.0076293945,9.7808837894,-0.0018771701,0.0000542535,0.1745225694
559017.0700242170,-0.0857543945,0.0077819824,9.7819519046,-0.0009657118,0.0000325521,0.1744791667
559017.0800242170,-0.0865173340,0.0053405762,9.7811889652,-0.0020616319,0.0000542535,0.1745117187
559017.0900242170,-0.0874328613,0.0099182129,9.7813415531,-0.0009006076,0.0000108507,0.1745225694
559017.1000242170,-0.0878906250,0.0010681152,9.7810363773,-0.0019097222,0.0000542535,0.1745334201
559017.1100242171,-0.0880432129,0.0122070313,9.7814941409,-0.0012152778,0.0000108507,0.1745334201
559017.1200242169,-0.0865173340,0.0045776367,9.7810363773,-0.0015407986,0.0000217014,0.1745551215
559017.1300242170,-0.0863647461,0.0094604492,9.7816467288,-0.0016276042,0.0000542535,0.1745768229
559017.1400242170,-0.0869750977,0.0039672852,9.7810363773,-0.0011501736,0.0000108507,0.1746310764
559017.1500242170,-0.0874328613,0.0070190430,9.7811889652,-0.0019097222,0.0000542535,0.1745768229
559017.1600242170,-0.0860595703,0.0088500977,9.7814941409,-0.0009331597,0.0000217014,0.1745876736
559017.1700242170,-0.0857543945,0.0044250488,9.7814941409,-0.0020616319,0.0000542535,0.1745659722
559017.1800242170,-0.0875854492,0.0094604492,9.7814941409,-0.0009765625,0.0000325521,0.1745768229
559017.1900242170,-0.0869750977,0.0025939941,9.7814941409,-0.0018988715,0.0000217014,0.1745225694
559017.2000242170,-0.0869750977,0.0115966797,9.7811889652,-0.0012152778,0.0000217014,0.1745442708
559017.2100242170,-0.0859069824,0.0032043457,9.7819519046,-0.0015407986,0.0000325521,0.1745442708
559017.2200242170,-0.0872802734,0.0096130371,9.7816467288,-0.0016167535,0.0000325521,0.1745117187
559017.2300242170,-0.0866699219,0.0056457520,9.7810363773,-0.0011501736,0.0000325521,0.1745442708
559017.2400242171,-0.0872802734,0.0064086914,9.7813415531,-0.0019205729,0.0000651042,0.1745985243
559017.2500242169,-0.0868225098,0.0096130371,9.7813415531,-0.0009548611,0.0000108507,0.1745768229
559017.2600242170,-0.0852966309,0.0044250488,9.7817993167,-0.0020616319,0.0000542535,0.1745334201
559017.2700242170,-0.0871276855,0.0093078613,9.7813415531,-0.0010091146,0.0000217014,0.1745334201
559017.2800242170,-0.0859069824,0.0033569336,9.7817993167,-0.0018229167,0.0000542535,0.1745442708
559017.2900242170,-0.0863647461,0.0112915039,9.7817993167,-0.0011935764,0.0000434028,0.1745551215
559017.3000242170,-0.0869750977,0.0033569336,9.7811889652,-0.0015950521,0.0000108507,0.1745442708
559017.3100242170,-0.0863647461,0.0105285645,9.7819519046,-0.0015299479,0.0000325521,0.1745768229
559017.3200242170,-0.0865173340,0.0045776367,9.7813415531,-0.0012478299,0.0000325521,0.1745985243
559017.3300242170,-0.0871276855,0.0074768066,9.7817993167,-0.0019205729,0.0000651042,0.1746093750
559017.3400242170,-0.0860595703,0.0082397461,9.7816467288,-0.0009223090,0.0000108507,0.1745876736
559017.3500242180,-0.0875854492,0.0036621094,9.7817993167,-0.0020616319,0.0000542535,0.1745551215
559017.3600242180,-0.0854492188,0.0109863281,9.7817993167,-0.0009440104,0.0000217014,0.1745876736
559017.3700242180,-0.0856018066,0.0022888184,9.7813415531,-0.0018880208,0.0000325521,0.1745659722
559017.3800242180,-0.0877380371,0.0103759766,9.7817993167,-0.0012803819,0.0000217014,0.1745659722
559017.3900242180,-0.0865173340,0.0028991699,9.7811889652,-0.0015299479,0.0000217014,0.1745225694
559017.4000242180,-0.0868225098,0.0106811523,9.7816467288,-0.0016276042,0.0000651042,0.1745551215
559017.4100242180,-0.0866699219,0.0051879883,9.7814941409,-0.0011935764,0.0000325521,0.1745768229
559017.4200242180,-0.0860595703,0.0059509277,9.7819519046,-0.0018771701,0.0000325521,0.1745876736
559017.4300242180,-0.0866699219,0.0080871582,9.7814941409,-0.0009765625,0.0000108507,0.1746419271
559017.4400242181,-0.0866699219,0.0053405762,9.7807312015,-0.0020182292,0.0000651042,0.1745985243
559017.4500242179,-0.0862121582,0.0103759766,9.7814941409,-0.0009874132,0.0000108507,0.1746419271
559017.4600242180,-0.0866699219,0.0024414063,9.7811889652,-0.0019314236,0.0000651042,0.1745985243
559017.4700242180,-0.0860595703,0.0105285645,9.7816467288,-0.0011393229,0.0000217014,0.1745334201
559017.4800242180,-0.0863647461,0.0035095215,9.7813415531,-0.0016601562,0.0000325521,0.1745551215
559017.4900242180,-0.0860595703,0.0105285645,9.7808837894,-0.0013997396,0.0000108507,0.1745876736
559017.5000242180,-0.0856018066,0.0039672852,9.7814941409,-0.0013671875,0.0000542535,0.1745768229
559017.5100242180,-0.0877380371,0.0086975098,9.7819519046,-0.0017469618,0.0000542535,0.1745768229
559017.5200242180,-0.0865173340,0.0061035156,9.7816467288,-0.0011067708,0.0000217014,0.1745659722
559017.5300242180,-0.0871276855,0.0059509277,9.7814941409,-0.0020507812,0.0000651042,0.1745551215
559017.5400242180,-0.0865173340,0.0088500977,9.7813415531,-0.0008897569,0.0000325521,0.1745768229
559017.5500242180,-0.0866699219,0.0024414063,9.7813415531,-0.0019856771,0.0000542535,0.1745551215
559017.5600242181,-0.0862121582,0.0125122070,9.7821044925,-0.0010308160,0.0000325521,0.1745659722
559017.5700242179,-0.0874328613,0.0022888184,9.7810363773,-0.0017578125,0.0000542535,0.1745985243
559017.5800242180,-0.0869750977,0.0106811523,9.7822570804,-0.0014431424,0.0000217014,0.1745659722
559017.5900242180,-0.0856018066,0.0042724609,9.7813415531,-0.0013020833,0.0000434028,0.1745985243
559017.6000242180,-0.0863647461,0.0077819824,9.7816467288,-0.0018988715,0.0000651042,0.1745985243
559017.6100242180,-0.0875854492,0.0083923340,9.7811889652,-0.0009223090,0.0000108507,0.1745876736
559017.6200242180,-0.0871276855,0.0039672852,9.7816467288,-0.0020833333,0.0000651042,0.1745876736
559017.6300242180,-0.0863647461,0.0105285645,9.7813415531,-0.0009223090,0.0000217014,0.1745551215
559017.6400242180,-0.0852966309,0.0035095215,9.7811889652,-0.0018880208,0.0000651042,0.1746202257
559017.6500242180,-0.0875854492,0.0111389160,9.7811889652,-0.0012803819,0.0000325521,0.1745985243
559017.6600242180,-0.0865173340,0.0024414063,9.7814941409,-0.0015407986,0.0000217014,0.1745876736
559017.6700242180,-0.0863647461,0.0097656250,9.7814941409,-0.0015842014,0.0000542535,0.1745985243
559017.6800242180,-0.0856018066,0.0067138672,9.7817993167,-0.0011393229,0.0000434028,0.1746202257
559017.6900242181,-0.0871276855,0.0076293945,9.7817993167,-0.0019314236,0.0000651042,0.1745985243
559017.7000242179,-0.0878906250,0.0073242188,9.7816467288,-0.0009657118,0.0000217014,0.1746093750
559017.7100242180,-0.0865173340,0.0038146973,9.7813415531,-0.0020182292,0.0000542535,0.1745659722
559017.7200242180,-0.0859069824,0.0114440918,9.7816467288,-0.0009657118,0.0000108507,0.1746310764
559017.7300242180,-0.0862121582,0.0036621094,9.7808837894,-0.0019097222,0.0000651042,0.1746636285
559017.7400242180,-0.0874328613,0.0105285645,9.7817993167,-0.0012152778,0.0000325521,0.1746527778
559017.7500242180,-0.0863647461,0.0022888184,9.7807312015,-0.0015625000,0.0000217014,0.1746527778
559017.7600242180,-0.0869750977,0.0105285645,9.7814941409,-0.0015407986,0.0000325521,0.1746419271
559017.7700242180,-0.0848388672,0.0053405762,9.7811889652,-0.0012152778,0.0000434028,0.1746419271
559017.7800242180,-0.0862121582,0.0080871582,9.7813415531,-0.0018988715,0.0000651042,0.1746093750
559017.7900242180,-0.0877380371,0.0068664551,9.7814941409,-0.0009765625,0.0000325521,0.1745659722
559017.8000242180,-0.0866699219,0.0047302246,9.7813415531,-0.0020616319,0.0000217014,0.1745985243
559017.8100242181,-0.0859069824,0.0122070313,9.7821044925,-0.0009331597,0.0000325521,0.1746310764
559017.8200242179,-0.0859069824,0.0030517578,9.7813415531,-0.0019422743,0.0000651042,0.1746527778
559017.8300242180,-0.0856018066,0.0102233887,9.7810363773,-0.0010959201,0.0000217014,0.1746419271
559017.8400242180,-0.0869750977,0.0025939941,9.7814941409,-0.0016710069,0.0000542535,0.1746093750
559017.8500242180,-0.0866699219,0.0122070313,9.7817993167,-0.0015082465,-0.0000000000,0.1745876736
559017.8600242180,-0.0856018066,0.0041198730,9.7814941409,-0.0012369792,0.0000434028,0.1745985243
559017.8700242180,-0.0875854492,0.0065612793,9.7816467288,-0.0019205729,0.0000542535,0.1745659722
559017.8800242180,-0.0866699219,0.0085449219,9.7811889652,-0.0009006076,0.0000325521,0.1746310764
559017.8900242180,-0.0866699219,0.0051879883,9.7810363773,-0.0020724826,0.0000325521,0.1746093750
559017.9000242180,-0.0856018066,0.0106811523,9.7811889652,-0.0009548611,0.0000217014,0.1746636285
559017.9100242180,-0.0860595703,0.0009155273,9.7790527347,-0.0018880208,0.0000651042,0.1746202257
559017.9200242180,-0.0875854492,0.0122070313,9.7798156741,-0.0012478299,0.0000325521,0.1745985243
559017.9300242180,-0.0883483887,0.0045776367,9.7843933109,-0.0015625000,0.0000217014,0.1745985243
559017.9400242181,-0.0854492188,0.0102233887,9.7880554202,-0.0017035590,0.0000217014,0.1745985243
559017.9500242179,-0.0852966309,0.0048828125,9.7848510745,-0.0010959201,0.0000434028,0.1745551215
559017.9600242180,-0.0866699219,0.0070190430,9.7766113284,-0.0018988715,0.0000868056,0.1746093750
559017.9700242180,-0.0883483887,0.0085449219,9.7737121585,-0.0008897569,0.0000108507,0.1746310764
559017.9800242180,-0.0849914551,0.0028991699,9.7778320316,-0.0020182292,0.0000651042,0.1746527778
559017.9900242180,-0.0851440430,0.0106811523,9.7808837894,-0.0010199653,0.0000217014,0.1746527778
559018.0000242180,-0.0872802734,0.0033569336,9.7859191898,-0.0018446181,0.0000651042,0.1746744792
559018.0100242180,-0.0877380371,0.0137329102,9.7880554202,-0.0013780382,0.0000325521,0.1749457465
559018.0200242180,-0.0863647461,0.0041198730,9.7846984866,-0.0014105903,0.0000217014,0.1747178819
559018.0300242180,-0.0848388672,0.0071716309,9.7793579105,-0.0017361111,0.0000651042,0.1748589410
559018.0400242180,-0.0848388672,0.0056457520,9.7734069827,-0.0009657118,0.0000868056,0.1747938368
559018.0500242180,-0.0875854492,0.0064086914,9.7781372074,-0.0020290799,0.0000651042,0.1746202257
559018.0600242181,-0.0871276855,0.0109863281,9.7822570804,-0.0009657118,-0.0000000000,0.1745876736
559018.0700242179,-0.0851440430,0.0025939941,9.7845458988,-0.0020073785,0.0000542535,0.1745225694
559018.0800242180,-0.0860595703,0.0117492676,9.7853088382,-0.0011284722,0.0000325521,0.1745442708
559018.0900242180,-0.0871276855,0.0041198730,9.7848510745,-0.0016493056,0.0000325521,0.1745876736
559018.1000242180,-0.0868225098,0.0117492676,9.7805786136,-0.0014214410,0.0000542535,0.1745768229
559018.1100242180,-0.0848388672,0.0025939941,9.7785949710,-0.0013563368,0.0000542535,0.1745985243
559018.1200242180,-0.0851440430,0.0073242188,9.7790527347,-0.0018012153,0.0000651042,0.1745876736
559018.1300242180,-0.0883483887,0.0071716309,9.7804260257,-0.0009657118,0.0000434028,0.1746310764
559018.1400242180,-0.0878906250,0.0062561035,9.7817993167,-0.0020507812,0.0000651042,0.1746636285
559018.1500242180,-0.0857543945,0.0112915039,9.7831726077,-0.0009440104,-0.0000108507,0.1746636285
559018.1600242180,-0.0846862793,0.0019836426,9.7830200199,-0.0019639757,0.0000759549,0.1746527778
559018.1700242180,-0.0885009766,0.0119018555,9.7821044925,-0.0011610243,0.0000759549,0.1746527778
559018.1800242180,-0.0883483887,0.0032043457,9.7813415531,-0.0015625000,0.0000217014,0.1746744792
559018.1900242181,-0.0842285156,0.0099182129,9.7805786136,-0.0016384549,0.0000542535,0.1745985243
559018.2000242179,-0.0845336914,0.0061035156,9.7811889652,-0.0011501736,0.0000434028,0.1745659722
559018.2100242180,-0.0880432129,0.0067138672,9.7799682620,-0.0019314236,0.0000651042,0.1745551215
559018.2200242180,-0.0886535645,0.0079345703,9.7814941409,-0.0009223090,0.0000217014,0.1745876736
559018.2300242180,-0.0868225098,0.0056457520,9.7822570804,-0.0020507812,0.0000759549,0.1745876736
559018.2400242180,-0.0846862793,0.0112915039,9.7822570804,-0.0009874132,0.0000108507,0.1745659722
559018.2500242180,-0.0856018066,0.0013732910,9.7817993167,-0.0018554687,0.0000759549,0.1745768229
559018.2600242180,-0.0880432129,0.0117492676,9.7819519046,-0.0012912326,0.0000434028,0.1745768229
559018.2700242180,-0.0866699219,0.0036621094,9.7811889652,-0.0014431424,0.0000108507,0.1745985243
559018.2800242180,-0.0852966309,0.0096130371,9.7807312015,-0.0016818576,0.0000651042,0.1745876736
559018.2900242180,-0.0849914551,0.0064086914,9.7810363773,-0.0010742187,0.0000434028,0.1745659722
559018.3000242180,-0.0877380371,0.0064086914,9.7810363773,-0.0019748264,0.0000651042,0.1746419271
559018.3100242181,-0.0883483887,0.0091552734,9.7811889652,-0.0009223090,-0.0000000000,0.1746527778
559018.3200242179,-0.0851440430,0.0036621094,9.7819519046,-0.0020290799,0.0000651042,0.1746527778
559018.3300242180,-0.0840759277,0.0109863281,9.7824096683,-0.0010416667,0.0000217014,0.1746527778
559018.3400242180,-0.0863647461,0.0041198730,9.7813415531,-0.0017903646,0.0000759549,0.1746093750
559018.3500242180,-0.0878906250,0.0103759766,9.7813415531,-0.0013237847,0.0000325521,0.1746202257
559018.3600242180,-0.0863647461,0.0038146973,9.7811889652,-0.0013346354,0.0000325521,0.1746202257
559018.3700242180,-0.0852966309,0.0102233887,9.7811889652,-0.0017686632,0.0000868056,0.1745442708
559018.3800242180,-0.0863647461,0.0065612793,9.7810363773,-0.0010633681,0.0000217014,0.1746093750
559018.3900242180,-0.0872802734,0.0051879883,9.7816467288,-0.0019856771,0.0000759549,0.1746093750
559018.4000242180,-0.0860595703,0.0091552734,9.7813415531,-0.0009548611,0.0000325521,0.1746310764
559018.4100242180,-0.0846862793,0.0047302246,9.7813415531,-0.0019422743,0.0000542535,0.1745985243
559018.4200242190,-0.0862121582,0.0112915039,9.7816467288,-0.0010199653,0.0000434028,0.1746093750
559018.4300242190,-0.0866699219,0.0025939941,9.7817993167,-0.0018229167,0.0000542535,0.1745768229
559018.4400242190,-0.0863647461,0.0105285645,9.7816467288,-0.0012478299,0.0000217014,0.1745768229
559018.4500242190,-0.0848388672,0.0036621094,9.7817993167,-0.0014865451,0.0000325521,0.1745659722
559018.4600242190,-0.0854492188,0.0106811523,9.7822570804,-0.0017035590,0.0000759549,0.1745876736
559018.4700242190,-0.0868225098,0.0057983398,9.7813415531,-0.0010742187,0.0000217014,0.1746093750
559018.4800242190,-0.0874328613,0.0061035156,9.7814941409,-0.0019856771,0.0000651042,0.1745876736
559018.4900242190,-0.0845336914,0.0097656250,9.7816467288,-0.0008897569,0.0000217014,0.1746310764
559018.5000242190,-0.0859069824,0.0038146973,9.7814941409,-0.0020073785,0.0000868056,0.1746202257
559018.5100242191,-0.0862121582,0.0111389160,9.7824096683,-0.0010416667,0.0000325521,0.1746093750
559018.5200242189,-0.0871276855,0.0025939941,9.7811889652,-0.0018337674,0.0000542535,0.1745985243
559018.5300242190,-0.0869750977,0.0114440918,9.7817993167,-0.0013563368,0.0000325521,0.1745551215
559018.5400242190,-0.0856018066,0.0038146973,9.7808837894,-0.0013780382,0.0000651042,0.1746202257
559018.5500242190,-0.0865173340,0.0088500977,9.7813415531,-0.0017686632,0.0000651042,0.1746310764
559018.5600242190,-0.0872802734,0.0073242188,9.7816467288,-0.0010199653,0.0000108507,0.1746419271
559018.5700242190,-0.0863647461,0.0056457520,9.7813415531,-0.0020073785,0.0000542535,0.1746093750
559018.5800242190,-0.0857543945,0.0102233887,9.7810363773,-0.0009223090,0.0000217014,0.1746744792
559018.5900242190,-0.0849914551,0.0042724609,9.7813415531,-0.0019965278,0.0000868056,0.1746419271
559018.6000242190,-0.0860595703,0.0109863281,9.7814941409,-0.0010633681,0.0000325521,0.1746093750
559018.6100242190,-0.0860595703,0.0028991699,9.7814941409,-0.0017578125,0.0000542535,0.1745442708
559018.6200242190,-0.0854492188,0.0114440918,9.7821044925,-0.0013129340,0.0000651042,0.1745659722
559018.6300242190,-0.0860595703,0.0042724609,9.7813415531,-0.0013997396,0.0000325521,0.1745768229
559018.6400242191,-0.0859069824,0.0086975098,9.7817993167,-0.0017578125,0.0000759549,0.1745876736
559018.6500242190,-0.0871276855,0.0064086914,9.7814941409,-0.0010525174,0.0000325521,0.1745876736
559018.6600242190,-0.0852966309,0.0057983398,9.7814941409,-0.0020182292,0.0000759549,0.1745985243
559018.6700242190,-0.0849914551,0.0106811523,9.7819519046,-0.0008897569,0.0000325521,0.1746202257
559018.6800242190,-0.0869750977,0.0027465820,9.7811889652,-0.0020073785,0.0000651042,0.1746093750
559018.6900242190,-0.0872802734,0.0115966797,9.7813415531,-0.0010308160,0.0000108507,0.1745659722
559018.7000242190,-0.0849914551,0.0036621094,9.7810363773,-0.0017035590,0.0000542535,0.1746310764
559018.7100242190,-0.0848388672,0.0109863281,9.7816467288,-0.0014539931,0.0000542535,0.1746527778
559018.7200242190,-0.0863647461,0.0041198730,9.7811889652,-0.0013563368,0.0000434028,0.1746636285
559018.7300242190,-0.0877380371,0.0074768066,9.7821044925,-0.0018120660,0.0000759549,0.1746527778
559018.7400242190,-0.0869750977,0.0071716309,9.7811889652,-0.0010091146,0.0000217014,0.1746527778
559018.7500242190,-0.0851440430,0.0070190430,9.7817993167,-0.0019639757,0.0000651042,0.1746202257
559018.7600242191,-0.0852966309,0.0097656250,9.7814941409,-0.0009765625,0.0000651042,0.1745768229
559018.7700242189,-0.0871276855,0.0038146973,9.7813415531,-0.0019965278,0.0000325521,0.1745225694
559018.7800242190,-0.0866699219,0.0109863281,9.7814941409,-0.0010091146,0.0000325521,0.1745876736
559018.7900242190,-0.0848388672,0.0036621094,9.7810363773,-0.0017903646,0.0000759549,0.1746310764
559018.8000242190,-0.0857543945,0.0120544434,9.7819519046,-0.0013671875,0.0000325521,0.1746527778
559018.8100242190,-0.0865173340,0.0030517578,9.7814941409,-0.0014105903,0.0000434028,0.1746853299
559018.8200242190,-0.0868225098,0.0094604492,9.7816467288,-0.0016818576,0.0000651042,0.1746744792
559018.8300242190,-0.0854492188,0.0067138672,9.7813415531,-0.0010959201,-0.0000000000,0.1746636285
559018.8400242190,-0.0848388672,0.0071716309,9.7810363773,-0.0020073785,0.0000759549,0.1746202257
559018.8500242190,-0.0863647461,0.0090026855,9.7819519046,-0.0008789062,0.0000651042,0.1746310764
559018.8600242190,-0.0862121582,0.0032043457,9.7811889652,-0.0020616319,0.0000651042,0.1745659722
559018.8700242190,-0.0856018066,0.0126647949,9.7817993167,-0.0010091146,0.0000325521,0.1745876736
559018.8800242190,-0.0852966309,0.0027465820,9.7814941409,-0.0017469618,0.0000542535,0.1746419271
559018.8900242191,-0.0856018066,0.0103759766,9.7817993167,-0.0014756944,0.0000542535,0.1746310764
559018.9000242190,-0.0863647461,0.0048828125,9.7814941409,-0.0011935764,0.0000434028,0.1746202257
559018.9100242190,-0.0866699219,0.0070190430,9.7811889652,-0.0019205729,0.0000542535,0.1745876736
559018.9200242190,-0.0848388672,0.0080871582,9.7810363773,-0.0009440104,0.0000217014,0.1745876736
559018.9300242190,-0.0852966309,0.0050354004,9.7811889652,-0.0020507812,0.0000976562,0.1745659722
559018.9400242190,-0.0874328613,0.0099182129,9.7813415531,-0.0009440104,0.0000434028,0.1745659722
559018.9500242190,-0.0857543945,0.0035095215,9.7816467288,-0.0019097222,0.0000542535,0.1745985243
559018.9600242190,-0.0852966309,0.0119018555,9.7817993167,-0.0010959201,0.0000217014,0.1746636285
559018.9700242190,-0.0843811035,0.0028991699,9.7813415531,-0.0016601562,0.0000651042,0.1746636285
559018.9800242190,-0.0868225098,0.0103759766,9.7821044925,-0.0014756944,0.0000651042,0.1746744792
559018.9900242190,-0.0872802734,0.0053405762,9.7810363773,-0.0013129340,0.0000217014,0.1746853299
559019.0000242190,-0.0859069824,0.0076293945,9.7819519046,-0.0018337674,0.0000759549,0.1746527778
559019.0100242191,-0.0849914551,0.0073242188,9.7813415531,-0.0010091146,0.0000434028,0.1749348958
559019.0200242189,-0.0854492188,0.0057983398,9.7813415531,-0.0019856771,0.0000759549,0.1746202257
559019.0300242190,-0.0866699219,0.0100708008,9.7811889652,-0.0009006076,0.0000325521,0.1745876736
559019.0400242190,-0.0859069824,0.0041198730,9.7813415531,-0.0019856771,0.0000759549,0.1746202257
559019.0500242190,-0.0851440430,0.0112915039,9.7813415531,-0.0010633681,0.0000325521,0.1746310764
559019.0600242190,-0.0845336914,0.0027465820,9.7817993167,-0.0017469618,0.0000759549,0.1746093750
559019.0700242190,-0.0877380371,0.0125122070,9.7816467288,-0.0013671875,0.0000325521,0.1746310764
559019.0800242190,-0.0860595703,0.0041198730,9.7798156741,-0.0013997396,0.0000651042,0.1746202257
559019.0900242190,-0.0851440430,0.0090026855,9.7817993167,-0.0017578125,0.0000651042,0.1746419271
559019.1000242190,-0.0849914551,0.0065612793,9.7833251956,-0.0010416667,0.0000325521,0.1746310764
559019.1100242190,-0.0860595703,0.0068664551,9.7819519046,-0.0020073785,0.0000868056,0.1745985243
559019.1200242190,-0.0877380371,0.0109863281,9.7822570804,-0.0009223090,0.0000108507,0.1746310764
559019.1300242190,-0.0854492188,0.0025939941,9.7813415531,-0.0020290799,0.0000651042,0.1746636285
559019.1400242191,-0.0836181641,0.0112915039,9.7813415531,-0.0009874132,0.0000651042,0.1746527778
559019.1500242190,-0.0868225098,0.0047302246,9.7801208499,-0.0017578125,0.0000542535,0.1746419271
559019.1600242190,-0.0875854492,0.0109863281,9.7813415531,-0.0014431424,0.0000542535,0.1746202257
559019.1700242190,-0.0852966309,0.0035095215,9.7821044925,-0.0012803819,0.0000434028,0.1745876736
559019.1800242190,-0.0840759277,0.0088500977,9.7821044925,-0.0018446181,0.0000651042,0.1745442708
559019.1900242190,-0.0859069824,0.0094604492,9.7821044925,-0.0009657118,0.0000217014,0.1745551215
559019.2000242190,-0.0874328613,0.0054931641,9.7810363773,-0.0020833333,0.0000868056,0.1745225694
559019.2100242190,-0.0857543945,0.0096130371,9.7814941409,-0.0008789062,0.0000217014,0.1745876736
559019.2200242190,-0.0849914551,0.0025939941,9.7805786136,-0.0018988715,0.0000651042,0.1745985243
559019.2300242190,-0.0852966309,0.0134277344,9.7813415531,-0.0011827257,0.0000434028,0.1746202257
559019.2400242190,-0.0868225098,0.0032043457,9.7810363773,-0.0015842014,0.0000325521,0.1746419271
559019.2500242190,-0.0859069824,0.0090026855,9.7817993167,-0.0015842014,0.0000325521,0.1746527778
559019.2600242191,-0.0842285156,0.0056457520,9.7813415531,-0.0011827257,0.0000651042,0.1746636285
559019.2700242189,-0.0857543945,0.0097656250,9.7819519046,-0.0019097222,0.0000542535,0.1746744792
559019.2800242190,-0.0857543945,0.0088500977,9.7816467288,-0.0009548611,0.0000434028,0.1746310764
559019.2900242190,-0.0857543945,0.0030517578,9.7814941409,-0.0020182292,0.0000868056,0.1746202257
559019.3000242190,-0.0852966309,0.0102233887,9.7814941409,-0.0009006076,0.0000108507,0.1746419271
559019.3100242190,-0.0851440430,0.0044250488,9.7811889652,-0.0018988715,0.0000759549,0.1745876736
559019.3200242190,-0.0859069824,0.0125122070,9.7816467288,-0.0012261285,0.0000651042,0.1745551215
559019.3300242190,-0.0860595703,0.0021362305,9.7816467288,-0.0016276042,0.0000651042,0.1745117187
559019.3400242190,-0.0859069824,0.0097656250,9.7816467288,-0.0014756944,0.0000542535,0.1745442708
559019.3500242190,-0.0845336914,0.0051879883,9.7811889652,-0.0012261285,0.0000759549,0.1745768229
559019.3600242190,-0.0854492188,0.0093078613,9.7814941409,-0.0018771701,0.0000651042,0.1745117187
559019.3700242190,-0.0865173340,0.0080871582,9.7813415531,-0.0009657118,0.0000325521,0.1746093750
559019.3800242190,-0.0868225098,0.0035095215,9.7808837894,-0.0020616319,0.0000651042,0.1746419271
559019.3900242191,-0.0848388672,0.0114440918,9.7814941409,-0.0009006076,0.0000325521,0.1746636285
559019.4000242190,-0.0836181641,0.0036621094,9.7807312015,-0.0018988715,0.0000759549,0.1747178819
559019.4100242190,-0.0863647461,0.0120544434,9.7819519046,-0.0012261285,0.0000434028,0.1746636285
559019.4200242190,-0.0866699219,0.0028991699,9.7813415531,-0.0014973958,0.0000651042,0.1746527778
559019.4300242190,-0.0865173340,0.0108337402,9.7813415531,-0.0015733507,0.0000542535,0.1746527778
559019.4400242190,-0.0843811035,0.0067138672,9.7811889652,-0.0011610243,0.0000325521,0.1746202257
559019.4500242190,-0.0848388672,0.0076293945,9.7817993167,-0.0019422743,0.0000868056,0.1746419271
559019.4600242190,-0.0871276855,0.0080871582,9.7817993167,-0.0009548611,0.0000325521,0.1746202257
559019.4700242190,-0.0863647461,0.0045776367,9.7811889652,-0.0020182292,0.0000542535,0.1746527778
559019.4800242190,-0.0846862793,0.0112915039,9.7814941409,-0.0009440104,0.0000651042,0.1746310764
559019.4900242190,-0.0831604004,0.0038146973,9.7808837894,-0.0019097222,0.0000759549,0.1746202257
559019.5000242200,-0.0874328613,0.0111389160,9.7817993167,-0.0011067708,0.0000217014,0.1746419271
559019.5100242200,-0.0866699219,0.0030517578,9.7821044925,-0.0016818576,0.0000542535,0.1746310764
559019.5200242200,-0.0842285156,0.0112915039,9.7821044925,-0.0014865451,0.0000325521,0.1745768229
559019.5300242200,-0.0837707520,0.0057983398,9.7814941409,-0.0013020833,0.0000759549,0.1746310764
559019.5400242200,-0.0869750977,0.0083923340,9.7808837894,-0.0018229167,0.0000868056,0.1746093750
559019.5500242200,-0.0863647461,0.0073242188,9.7817993167,-0.0009548611,0.0000325521,0.1746310764
559019.5600242200,-0.0849914551,0.0065612793,9.7810363773,-0.0020290799,0.0000542535,0.1746202257
559019.5700242200,-0.0836181641,0.0102233887,9.7817993167,-0.0009006076,0.0000325521,0.1746310764
559019.5800242200,-0.0848388672,0.0022888184,9.7814941409,-0.0019748264,0.0000868056,0.1746202257
559019.5900242199,-0.0874328613,0.0115966797,9.7814941409,-0.0011067708,0.0000325521,0.1745768229
559019.6000242200,-0.0860595703,0.0035095215,9.7817993167,-0.0017144097,0.0000651042,0.1745659722
559019.6100242200,-0.0843811035,0.0111389160,9.7821044925,-0.0014431424,0.0000542535,0.1745985243
559019.6200242200,-0.0842285156,0.0039672852,9.7813415531,-0.0012912326,0.0000434028,0.1746202257
559019.6300242200,-0.0868225098,0.0082397461,9.7810363773,-0.0018012153,0.0000759549,0.1745876736
559019.6400242200,-0.0857543945,0.0076293945,9.7814941409,-0.0010199653,0.0000217014,0.1746310764
559019.6500242200,-0.0848388672,0.0062561035,9.7813415531,-0.0019965278,0.0000759549,0.1746202257
559019.6600242200,-0.0848388672,0.0094604492,9.7813415531,-0.0009223090,0.0000651042,0.1746527778
559019.6700242200,-0.0859069824,0.0036621094,9.7811889652,-0.0019639757,0.0000868056,0.1746744792
559019.6800242200,-0.0860595703,0.0123596191,9.7821044925,-0.0010416667,0.0000651042,0.1746202257
559019.6900242200,-0.0851440430,0.0032043457,9.7811889652,-0.0017144097,0.0000868056,0.1746744792
559019.7000242200,-0.0857543945,0.0106811523,9.7817993167,-0.0014105903,0.0000651042,0.1746310764
559019.7100242201,-0.0856018066,0.0045776367,9.7816467288,-0.0012912326,0.0000325521,0.1746310764
559019.7200242199,-0.0859069824,0.0086975098,9.7819519046,-0.0018554687,0.0000868056,0.1745985243
559019.7300242200,-0.0856018066,0.0074768066,9.7808837894,-0.0009548611,0.0000434028,0.1745551215
559019.7400242200,-0.0848388672,0.0044250488,9.7814941409,-0.0020290799,0.0000868056,0.1745768229
559019.7500242200,-0.0856018066,0.0111389160,9.7814941409,-0.0009006076,0.0000868056,0.1746093750
559019.7600242200,-0.0857543945,0.0038146973,9.7814941409,-0.0018988715,0.0000759549,0.1745334201
559019.7700242200,-0.0849914551,0.0117492676,9.7822570804,-0.0011284722,0.0000108507,0.1745551215
559019.7800242200,-0.0846862793,0.0027465820,9.7813415531,-0.0016818576,0.0000651042,0.1745442708
559019.7900242200,-0.0862121582,0.0109863281,9.7817993167,-0.0014756944,0.0000651042,0.1745985243
559019.8000242200,-0.0856018066,0.0045776367,9.7810363773,-0.0012803819,0.0000325521,0.1745985243
559019.8100242200,-0.0854492188,0.0082397461,9.7816467288,-0.0018012153,0.0000759549,0.1746093750
559019.8200242200,-0.0845336914,0.0074768066,9.7814941409,-0.0010308160,0.0000434028,0.1746744792
559019.8300242200,-0.0849914551,0.0065612793,9.7810363773,-0.0019965278,0.0000325521,0.1746527778
559019.8400242199,-0.0862121582,0.0102233887,9.7814941409,-0.0008789062,0.0000759549,0.1746310764
559019.8500242200,-0.0854492188,0.0036621094,9.7813415531,-0.0019856771,0.0000759549,0.1746419271
559019.8600242200,-0.0857543945,0.0106811523,9.7816467288,-0.0010525174,0.0000434028,0.1746527778
559019.8700242200,-0.0846862793,0.0038146973,9.7816467288,-0.0017144097,0.0000651042,0.1746419271
559019.8800242200,-0.0857543945,0.0112915039,9.7822570804,-0.0014105903,0.0000759549,0.1746310764
559019.8900242200,-0.0857543945,0.0036621094,9.7813415531,-0.0013020833,0.0000108507,0.1746310764
559019.9000242200,-0.0856018066,0.0085449219,9.7819519046,-0.0017578125,0.0000759549,0.1746093750
559019.9100242200,-0.0846862793,0.0085449219,9.7816467288,-0.0010742187,0.0000325521,0.1746093750
559019.9200242200,-0.0842285156,0.0064086914,9.7811889652,-0.0019748264,0.0000759549,0.1745551215
559019.9300242200,-0.0854492188,0.0082397461,9.7811889652,-0.0009440104,0.0000434028,0.1745876736
559019.9400242200,-0.0859069824,0.0028991699,9.7810363773,-0.0020073785,0.0000651042,0.1745985243
559019.9500242200,-0.0857543945,0.0126647949,9.7819519046,-0.0009657118,0.0000325521,0.1746310764
559019.9600242201,-0.0840759277,0.0028991699,9.7819519046,-0.0018120660,0.0000868056,0.1746310764
559019.9700242199,-0.0857543945,0.0105285645,9.7816467288,-0.0013020833,0.0000651042,0.1746744792
559019.9800242200,-0.0848388672,0.0032043457,9.7807312015,-0.0013780382,0.0000651042,0.1746419271
559019.9900242200,-0.0860595703,0.0106811523,9.7816467288,-0.0017361111,0.0000651042,0.1746093750
559020.0000242200,-0.0845336914,0.0070190430,9.7816467288,-0.0010959201,0.0000434028,0.1745551215
559020.0100242200,-0.0845336914,0.0061035156,9.7811889652,-0.0019314236,0.0000868056,0.1748480903
559020.0200242200,-0.0862121582,0.0085449219,9.7811889652,-0.0009223090,0.0000325521,0.1745442708
559020.0300242200,-0.0854492188,0.0053405762,9.7810363773,-0.0019965278,0.0000759549,0.1745551215
559020.0400242200,-0.0851440430,0.0119018555,9.7817993167,-0.0009874132,0.0000217014,0.1745768229
559020.0500242200,-0.0848388672,0.0024414063,9.7814941409,-0.0018337674,0.0000759549,0.1745876736
559020.0600242200,-0.0852966309,0.0115966797,9.7821044925,-0.0012912326,0.0000434028,0.1746202257
559020.0700242200,-0.0851440430,0.0035095215,9.7810363773,-0.0014539931,0.0000651042,0.1746744792
559020.0800242200,-0.0852966309,0.0105285645,9.7814941409,-0.0017035590,0.0000759549,0.1746419271
559020.0900242199,-0.0839233398,0.0070190430,9.7816467288,-0.0010199653,0.0000325521,0.1746744792
559020.1000242200,-0.0849914551,0.0059509277,9.7816467288,-0.0020182292,0.0000868056,0.1746419271
559020.1100242200,-0.0860595703,0.0096130371,9.7816467288,-0.0008680556,0.0000325521,0.1746636285
559020.1200242200,-0.0849914551,0.0028991699,9.7811889652,-0.0019965278,0.0000759549,0.1746202257
559020.1300242200,-0.0852966309,0.0126647949,9.7819519046,-0.0010959201,0.0000651042,0.1746093750
559020.1400242200,-0.0846862793,0.0032043457,9.7814941409,-0.0016276042,0.0000759549,0.1745876736
559020.1500242200,-0.0851440430,0.0114440918,9.7814941409,-0.0015082465,0.0000651042,0.1745876736
559020.1600242200,-0.0863647461,0.0039672852,9.7810363773,-0.0012044271,0.0000759549,0.1745985243
559020.1700242200,-0.0851440430,0.0074768066,9.7817993167,-0.0018880208,0.0000651042,0.1745659722
559020.1800242200,-0.0849914551,0.0088500977,9.7816467288,-0.0009331597,0.0000434028,0.1745442708
559020.1900242200,-0.0846862793,0.0045776367,9.7813415531,-0.0020507812,0.0000868056,0.1746093750
559020.2000242200,-0.0854492188,0.0106811523,9.7816467288,-0.0009440104,0.0000325521,0.1746310764
559020.2100242201,-0.0851440430,0.0032043457,9.7811889652,-0.0018880208,0.0000868056,0.1746636285
559020.2200242199,-0.0849914551,0.0117492676,9.7813415531,-0.0011393229,0.0000434028,0.1746636285
559020.2300242200,-0.0837707520,0.0032043457,9.7814941409,-0.0016601562,0.0000651042,0.1746527778
559020.2400242200,-0.0854492188,0.0109863281,9.7819519046,-0.0014756944,0.0000651042,0.1747070312
559020.2500242200,-0.0856018066,0.0048828125,9.7811889652,-0.0012695312,0.0000434028,0.1746744792
559020.2600242200,-0.0843811035,0.0083923340,9.7816467288,-0.0018229167,0.0000976562,0.1746419271
559020.2700242200,-0.0851440430,0.0082397461,9.7810363773,-0.0010308160,0.0000325521,0.1746310764
559020.2800242200,-0.0840759277,0.0045776367,9.7814941409,-0.0019314236,0.0000976562,0.1746202257
559020.2900242200,-0.0862121582,0.0100708008,9.7813415531,-0.0008897569,0.0000651042,0.1745876736
559020.3000242200,-0.0854492188,0.0050354004,9.7814941409,-0.0019856771,0.0000759549,0.1745768229
559020.3100242200,-0.0840759277,0.0115966797,9.7819519046,-0.0010525174,0.0000325521,0.1745659722
559020.3200242200,-0.0846862793,0.0021362305,9.7811889652,-0.0017903646,0.0001085069,0.1745768229
559020.3300242200,-0.0862121582,0.0114440918,9.7819519046,-0.0012803819,0.0000325521,0.1745659722
559020.3400242199,-0.0854492188,0.0051879883,9.7813415531,-0.0014648437,0.0000759549,0.1745876736
559020.3500242200,-0.0848388672,0.0106811523,9.7821044925,-0.0016384549,0.0000759549,0.1746310764
559020.3600242200,-0.0834655762,0.0048828125,9.7811889652,-0.0011067708,0.0000434028,0.1746419271
559020.3700242200,-0.0849914551,0.0068664551,9.7811889652,-0.0019097222,0.0000759549,0.1746636285
559020.3800242200,-0.0856018066,0.0102233887,9.7813415531,-0.0008789062,0.0000651042,0.1747287326
559020.3900242200,-0.0859069824,0.0045776367,9.7813415531,-0.0020724826,0.0000651042,0.1746961805
559020.4000242200,-0.0845336914,0.0115966797,9.7821044925,-0.0010091146,0.0000759549,0.1746744792
559020.4100242200,-0.0842285156,0.0022888184,9.7834777835,-0.0017144097,0.0000759549,0.1746636285
559020.4200242200,-0.0852966309,0.0115966797,9.7825622562,-0.0014105903,0.0000542535,0.1746419271
559020.4300242200,-0.0852966309,0.0061035156,9.7760009769,-0.0012369792,0.0000759549,0.1746636285
559020.4400242200,-0.0845336914,0.0068664551,9.7789001468,-0.0018771701,0.0000759549,0.1745985243
559020.4500242200,-0.0849914551,0.0082397461,9.7825622562,-0.0009331597,0.0000325521,0.1746093750
559020.4600242201,-0.0848388672,0.0054931641,9.7817993167,-0.0020724826,0.0000976562,0.1745659722
559020.4700242199,-0.0846862793,0.0109863281,9.7840881351,-0.0009223090,0.0000651042,0.1745876736
559020.4800242200,-0.0859069824,0.0041198730,9.7819519046,-0.0018880208,0.0000651042,0.1745985243
559020.4900242200,-0.0846862793,0.0109863281,9.7824096683,-0.0012152778,0.0000434028,0.1746419271
559020.5000242200,-0.0843811035,0.0039672852,9.7805786136,-0.0015082465,0.0000651042,0.1745876736
559020.5100242200,-0.0845336914,0.0100708008,9.7808837894,-0.0015516493,0.0000759549,0.1746310764
559020.5200242200,-0.0860595703,0.0056457520,9.7795104984,-0.0012261285,0.0000434028,0.1746853299
559020.5300242200,-0.0851440430,0.0077819824,9.7817993167,-0.0018229167,0.0000759549,0.1746419271
559020.5400242200,-0.0840759277,0.0076293945,9.7819519046,-0.0010416667,0.0000434028,0.1746202257
559020.5500242200,-0.0848388672,0.0059509277,9.7825622562,-0.0019205729,0.0000868056,0.1745876736
559020.5600242200,-0.0862121582,0.0099182129,9.7819519046,-0.0009440104,0.0000434028,0.1745876736
559020.5700242210,-0.0854492188,0.0033569336,9.7819519046,-0.0019639757,0.0000542535,0.1745551215
559020.5800242210,-0.0852966309,0.0114440918,9.7816467288,-0.0010525174,0.0000434028,0.1744900174
559020.5900242210,-0.0836181641,0.0028991699,9.7816467288,-0.0017361111,0.0000651042,0.1745551215
559020.6000242210,-0.0860595703,0.0119018555,9.7814941409,-0.0013780382,0.0000868056,0.1746527778
559020.6100242210,-0.0851440430,0.0032043457,9.7817993167,-0.0013237847,0.0000651042,0.1746419271
559020.6200242210,-0.0859069824,0.0088500977,9.7808837894,-0.0017903646,0.0000759549,0.1746419271
559020.6300242210,-0.0843811035,0.0080871582,9.7814941409,-0.0009548611,0.0000434028,0.1745876736
559020.6400242210,-0.0849914551,0.0057983398,9.7814941409,-0.0020616319,0.0000759549,0.1745985243
559020.6500242210,-0.0849914551,0.0105285645,9.7816467288,-0.0008789062,0.0000325521,0.1746527778
559020.6600242211,-0.0848388672,0.0032043457,9.7822570804,-0.0019314236,0.0000868056,0.1746093750
559020.6700242209,-0.0845336914,0.0119018555,9.7814941409,-0.0011284722,0.0000434028,0.1746202257
559020.6800242210,-0.0848388672,0.0024414063,9.7805786136,-0.0016601562,0.0000542535,0.1745985243
559020.6900242210,-0.0862121582,0.0111389160,9.7819519046,-0.0013671875,0.0000868056,0.1746202257
559020.7000242210,-0.0851440430,0.0038146973,9.7807312015,-0.0013671875,0.0000434028,0.1746419271
559020.7100242210,-0.0842285156,0.0099182129,9.7816467288,-0.0017252604,0.0000868056,0.1746310764
559020.7200242210,-0.0839233398,0.0070190430,9.7817993167,-0.0010525174,0.0000434028,0.1746093750
559020.7300242210,-0.0843811035,0.0057983398,9.7816467288,-0.0019965278,0.0000976562,0.1746419271
559020.7400242210,-0.0845336914,0.0106811523,9.7824096683,-0.0008463542,0.0000434028,0.1746093750
559020.7500242210,-0.0856018066,0.0039672852,9.7814941409,-0.0019748264,0.0000868056,0.1745985243
559020.7600242210,-0.0842285156,0.0126647949,9.7814941409,-0.0010308160,0.0000434028,0.1745768229
559020.7700242210,-0.0846862793,0.0027465820,9.7813415531,-0.0017903646,0.0000651042,0.1746419271
559020.7800242211,-0.0856018066,0.0112915039,9.7822570804,-0.0013237847,0.0000759549,0.1746636285
559020.7900242209,-0.0860595703,0.0042724609,9.7808837894,-0.0013888889,0.0000325521,0.1746853299
559020.8000242210,-0.0845336914,0.0094604492,9.7814941409,-0.0017252604,0.0000759549,0.1746636285
559020.8100242210,-0.0839233398,0.0068664551,9.7811889652,-0.0010633681,0.0000651042,0.1746093750
559020.8200242210,-0.0857543945,0.0057983398,9.7816467288,-0.0019422743,0.0000976562,0.1745768229
559020.8300242210,-0.0862121582,0.0086975098,9.7811889652,-0.0008789062,0.0000325521,0.1746093750
559020.8400242210,-0.0842285156,0.0038146973,9.7813415531,-0.0019965278,0.0000651042,0.1745225694
559020.8500242210,-0.0849914551,0.0128173828,9.7821044925,-0.0009765625,0.0000434028,0.1745442708
559020.8600242210,-0.0854492188,0.0030517578,9.7810363773,-0.0018554687,0.0000868056,0.1745659722
559020.8700242210,-0.0854492188,0.0099182129,9.7813415531,-0.0012369792,0.0000434028,0.1746202257
559020.8800242210,-0.0843811035,0.0028991699,9.7811889652,-0.0014648437,0.0000759549,0.1745985243
559020.8900242210,-0.0857543945,0.0115966797,9.7821044925,-0.0015625000,0.0000759549,0.1746093750
559020.9000242210,-0.0839233398,0.0062561035,9.7813415531,-0.0011935764,0.0000759549,0.1745768229
559020.9100242211,-0.0857543945,0.0067138672,9.7811889652,-0.0018880208,0.0000651042,0.1746310764
559020.9200242209,-0.0854492188,0.0064086914,9.7814941409,-0.0009440104,0.0000434028,0.1746744792
559020.9300242210,-0.0840759277,0.0062561035,9.7821044925,-0.0020182292,0.0000976562,0.1746744792
559020.9400242210,-0.0843811035,0.0117492676,9.7819519046,-0.0009223090,0.0000434028,0.1747287326
559020.9500242210,-0.0837707520,0.0021362305,9.7816467288,-0.0019422743,0.0000759549,0.1746636285
559020.9600242210,-0.0859069824,0.0106811523,9.7816467288,-0.0010416667,0.0000759549,0.1746419271
559020.9700242210,-0.0856018066,0.0033569336,9.7811889652,-0.0016384549,0.0000868056,0.1745985243
559020.9800242210,-0.0846862793,0.0122070313,9.7821044925,-0.0015082465,0.0000759549,0.1745442708
559020.9900242210,-0.0842285156,0.0051879883,9.7811889652,-0.0011827257,0.0000434028,0.1745768229
559021.0000242210,-0.0851440430,0.0057983398,9.7814941409,-0.0019205729,0.0000868056,0.1745876736
559021.0100242210,-0.0859069824,0.0090026855,9.7813415531,-0.0008572049,0.0000434028,0.1748697917
559021.0200242210,-0.0840759277,0.0056457520,9.7816467288,-0.0020290799,0.0000868056,0.1745659722
559021.0300242211,-0.0839233398,0.0111389160,9.7819519046,-0.0009331597,0.0000434028,0.1745876736
559021.0400242209,-0.0851440430,0.0019836426,9.7813415531,-0.0018337674,0.0000759549,0.1745985243
559021.0500242210,-0.0856018066,0.0117492676,9.7811889652,-0.0012803819,0.0000434028,0.1746202257
559021.0600242210,-0.0843811035,0.0039672852,9.7807312015,-0.0014214410,0.0000759549,0.1746202257
559021.0700242210,-0.0837707520,0.0096130371,9.7817993167,-0.0017035590,0.0000759549,0.1746636285
559021.0800242210,-0.0854492188,0.0061035156,9.7813415531,-0.0010199653,0.0000651042,0.1745768229
559021.0900242210,-0.0856018066,0.0070190430,9.7813415531,-0.0019965278,0.0000868056,0.1746202257
559021.1000242210,-0.0846862793,0.0105285645,9.7813415531,-0.0008463542,0.0000759549,0.1746527778
559021.1100242210,-0.0842285156,0.0024414063,9.7811889652,-0.0020182292,0.0000759549,0.1745768229
559021.1200242210,-0.0846862793,0.0120544434,9.7814941409,-0.0010308160,0.0000651042,0.1746093750
559021.1300242210,-0.0845336914,0.0042724609,9.7811889652,-0.0016601562,0.0000868056,0.1745659722
559021.1400242210,-0.0843811035,0.0111389160,9.7821044925,-0.0014648437,0.0000651042,0.1745985243
559021.1500242210,-0.0837707520,0.0039672852,9.7811889652,-0.0012261285,0.0000651042,0.1745985243
559021.1600242211,-0.0849914551,0.0077819824,9.7819519046,-0.0018120660,0.0000868056,0.1745768229
559021.1700242209,-0.0842285156,0.0096130371,9.7819519046,-0.0009440104,0.0000434028,0.1746202257
559021.1800242210,-0.0849914551,0.0054931641,9.7811889652,-0.0020616319,0.0000759549,0.1746419271
559021.1900242210,-0.0846862793,0.0096130371,9.7810363773,-0.0009331597,0.0000434028,0.1746419271
559021.2000242210,-0.0831604004,0.0027465820,9.7817993167,-0.0018880208,0.0000976562,0.1746527778
559021.2100242210,-0.0849914551,0.0134277344,9.7817993167,-0.0011176215,0.0000651042,0.1746202257
559021.2200242210,-0.0848388672,0.0027465820,9.7810363773,-0.0016384549,0.0000651042,0.1746310764
559021.2300242210,-0.0846862793,0.0090026855,9.7807312015,-0.0014214410,0.0000759549,0.1746419271
559021.2400242210,-0.0852966309,0.0051879883,9.7814941409,-0.0012152778,0.0000759549,0.1746202257
559021.2500242210,-0.0839233398,0.0086975098,9.7819519046,-0.0018988715,0.0000868056,0.1746527778
559021.2600242210,-0.0846862793,0.0085449219,9.7813415531,-0.0009223090,0.0000651042,0.1746310764
559021.2700242210,-0.0849914551,0.0041198730,9.7813415531,-0.0020507812,0.0000325521,0.1746093750
559021.2800242211,-0.0846862793,0.0114440918,9.7816467288,-0.0008789062,0.0000759549,0.1746310764
559021.2900242209,-0.0837707520,0.0030517578,9.7819519046,-0.0018554687,0.0000976562,0.1745985243
559021.3000242210,-0.0851440430,0.0111389160,9.7816467288,-0.0012369792,0.0000434028,0.1745985243
559021.3100242210,-0.0852966309,0.0036621094,9.7816467288,-0.0014214410,0.0000651042,0.1745768229
559021.3200242210,-0.0849914551,0.0117492676,9.7814941409,-0.0017252604,0.0000759549,0.1745225694
559021.3300242210,-0.0837707520,0.0062561035,9.7813415531,-0.0010742187,0.0000434028,0.1745876736
559021.3400242210,-0.0848388672,0.0061035156,9.7821044925,-0.0019314236,0.0001085069,0.1745876736
559021.3500242210,-0.0857543945,0.0091552734,9.7821044925,-0.0008680556,0.0000434028,0.1745876736
559021.3600242210,-0.0851440430,0.0044250488,9.7810363773,-0.0019965278,0.0000759549,0.1746202257
559021.3700242210,-0.0839233398,0.0128173828,9.7816467288,-0.0009657118,0.0000759549,0.1746636285
559021.3800242210,-0.0845336914,0.0018310547,9.7813415531,-0.0018229167,0.0000868056,0.1746310764
559021.3900242210,-0.0857543945,0.0111389160,9.7819519046,-0.0013020833,0.0000759549,0.1746419271
559021.4000242210,-0.0842285156,0.0039672852,9.7810363773,-0.0014105903,0.0000651042,0.1746310764
559021.4100242211,-0.0840759277,0.0111389160,9.7811889652,-0.0016601562,0.0000759549,0.1746527778
559021.4200242209,-0.0840759277,0.0068664551,9.7810363773,-0.0010525174,0.0000868056,0.1746636285
559021.4300242210,-0.0851440430,0.0056457520,9.7810363773,-0.0019422743,0.0001085069,0.1746527778
559021.4400242210,-0.0839233398,0.0093078613,9.7824096683,-0.0008572049,0.0000217014,0.1746310764
559021.4500242210,-0.0839233398,0.0054931641,9.7813415531,-0.0020182292,0.0000976562,0.1746093750
559021.4600242210,-0.0848388672,0.0111389160,9.7811889652,-0.0010091146,0.0000434028,0.1746202257
559021.4700242210,-0.0846862793,0.0007629395,9.7814941409,-0.0017252604,0.0000868056,0.1745985243
559021.4800242210,-0.0849914551,0.0129699707,9.7821044925,-0.0013346354,0.0000868056,0.1746310764
559021.4900242210,-0.0839233398,0.0056457520,9.7816467288,-0.0013129340,0.0000542535,0.1745551215
559021.5000242210,-0.0839233398,0.0083923340,9.7817993167,-0.0018771701,0.0000868056,0.1745985243
559021.5100242210,-0.0846862793,0.0068664551,9.7819519046,-0.0008789062,0.0000868056,0.1746093750
559021.5200242210,-0.0854492188,0.0045776367,9.7819519046,-0.0021158854,0.0000759549,0.1746093750
559021.5300242211,-0.0836181641,0.0123596191,9.7814941409,-0.0008680556,0.0000434028,0.1746202257
559021.5400242209,-0.0831604004,0.0027465820,9.7796630863,-0.0018337674,0.0000976562,0.1746093750
559021.5500242210,-0.0846862793,0.0125122070,9.7810363773,-0.0012803819,0.0000434028,0.1746202257
559021.5600242210,-0.0851440430,0.0035095215,9.7824096683,-0.0013346354,0.0000868056,0.1745985243
559021.5700242210,-0.0851440430,0.0086975098,9.7817993167,-0.0017903646,0.0000651042,0.1745659722
559021.5800242210,-0.0842285156,0.0070190430,9.7825622562,-0.0010308160,0.0000325521,0.1746310764
559021.5900242210,-0.0842285156,0.0080871582,9.7824096683,-0.0019748264,0.0000868056,0.1746527778
559021.6000242210,-0.0856018066,0.0099182129,9.7819519046,-0.0009223090,0.0000651042,0.1746419271
559021.6100242210,-0.0852966309,0.0033569336,9.7811889652,-0.0019422743,0.0000759549,0.1746093750
559021.6200242210,-0.0842285156,0.0105285645,9.7811889652,-0.0010091146,0.0000434028,0.1746419271
559021.6300242210,-0.0828552246,0.0039672852,9.7802734378,-0.0018012153,0.0000868056,0.1746527778
559021.6400242220,-0.0849914551,0.0117492676,9.7816467288,-0.0012369792,0.0000759549,0.1746744792
559021.6500242220,-0.0863647461,0.0022888184,9.7808837894,-0.0014973958,0.0000542535,0.1746419271
559021.6600242220,-0.0846862793,0.0102233887,9.7816467288,-0.0016167535,0.0000542535,0.1746527778
559021.6700242220,-0.0822448730,0.0061035156,9.7822570804,-0.0011067708,0.0000759549,0.1746419271
559021.6800242220,-0.0839233398,0.0073242188,9.7816467288,-0.0019314236,0.0000976562,0.1746202257
559021.6900242220,-0.0872802734,0.0099182129,9.7814941409,-0.0008572049,0.0000325521,0.1746310764
559021.7000242220,-0.0851440430,0.0039672852,9.7816467288,-0.0020073785,0.0000868056,0.1745768229
559021.7100242220,-0.0822448730,0.0114440918,9.7817993167,-0.0009765625,0.0000434028,0.1746310764
559021.7200242220,-0.0836181641,0.0027465820,9.7807312015,-0.0017686632,0.0000759549,0.1746310764
559021.7300242221,-0.0865173340,0.0117492676,9.7817993167,-0.0013346354,0.0000651042,0.1745659722
559021.7400242219,-0.0846862793,0.0033569336,9.7819519046,-0.0013671875,0.0000542535,0.1745876736
559021.7500242220,-0.0833129883,0.0097656250,9.7825622562,-0.0016493056,0.0000868056,0.1745659722
559021.7600242220,-0.0837707520,0.0071716309,9.7816467288,-0.0010742187,0.0000868056,0.1745659722
559021.7700242220,-0.0846862793,0.0059509277,9.7811889652,-0.0019205729,0.0000651042,0.1746419271
559021.7800242220,-0.0848388672,0.0094604492,9.7814941409,-0.0009331597,0.0000651042,0.1746202257
559021.7900242220,-0.0849914551,0.0032043457,9.7807312015,-0.0020182292,0.0000976562,0.1746202257
559021.8000242220,-0.0846862793,0.0111389160,9.7813415531,-0.0009440104,0.0000325521,0.1746202257
559021.8100242220,-0.0831604004,0.0051879883,9.7814941409,-0.0017469618,0.0000976562,0.1745659722
559021.8200242220,-0.0846862793,0.0117492676,9.7817993167,-0.0013129340,0.0000868056,0.1745985243
559021.8300242220,-0.0840759277,0.0018310547,9.7816467288,-0.0013888889,0.0000325521,0.1745985243
559021.8400242220,-0.0833129883,0.0086975098,9.7819519046,-0.0016818576,0.0000976562,0.1745876736
559021.8500242220,-0.0836181641,0.0079345703,9.7808837894,-0.0010199653,0.0000651042,0.1745876736
559021.8600242221,-0.0846862793,0.0079345703,9.7808837894,-0.0020724826,0.0000759549,0.1746093750
559021.8700242219,-0.0843811035,0.0080871582,9.7817993167,-0.0008463542,0.0000759549,0.1746202257
559021.8800242220,-0.0833129883,0.0022888184,9.7813415531,-0.0019314236,0.0000868056,0.1746093750
559021.8900242220,-0.0836181641,0.0135803223,9.7816467288,-0.0010416667,0.0000651042,0.1746093750
559021.9000242220,-0.0848388672,0.0035095215,9.7810363773,-0.0017252604,0.0000868056,0.1746527778
559021.9100242220,-0.0851440430,0.0093078613,9.7821044925,-0.0014431424,0.0000759549,0.1746744792
559021.9200242220,-0.0839233398,0.0035095215,9.7813415531,-0.0012369792,0.0000434028,0.1746636285
559021.9300242220,-0.0834655762,0.0099182129,9.7821044925,-0.0017903646,0.0001302083,0.1746527778
559021.9400242220,-0.0851440430,0.0090026855,9.7813415531,-0.0010091146,0.0000434028,0.1745551215
559021.9500242220,-0.0849914551,0.0048828125,9.7810363773,-0.0019422743,0.0000868056,0.1745876736
559021.9600242220,-0.0834655762,0.0086975098,9.7814941409,-0.0009006076,0.0000759549,0.1745876736
559021.9700242220,-0.0842285156,0.0045776367,9.7807312015,-0.0019422743,0.0000759549,0.1745659722
559021.9800242221,-0.0843811035,0.0120544434,9.7816467288,-0.0010416667,0.0000759549,0.1745659722
559021.9900242219,-0.0846862793,0.0027465820,9.7821044925,-0.0017903646,0.0000868056,0.1745985243
559022.0000242220,-0.0839233398,0.0106811523,9.7814941409,-0.0012912326,0.0000434028,0.1745985243
559022.0100242220,-0.0840759277,0.0047302246,9.7808837894,-0.0013997396,0.0000759549,0.1749023437
559022.0200242220,-0.0842285156,0.0106811523,9.7816467288,-0.0016384549,0.0000868056,0.1746419271
559022.0300242220,-0.0840759277,0.0051879883,9.7814941409,-0.0011393229,0.0000434028,0.1746419271
559022.0400242220,-0.0843811035,0.0065612793,9.7814941409,-0.0018554687,0.0000868056,0.1746636285
559022.0500242220,-0.0843811035,0.0091552734,9.7824096683,-0.0009331597,0.0000434028,0.1747178819
559022.0600242220,-0.0836181641,0.0048828125,9.7811889652,-0.0020724826,0.0000868056,0.1746636285
559022.0700242220,-0.0840759277,0.0103759766,9.7819519046,-0.0009223090,0.0000651042,0.1746527778
559022.0800242220,-0.0846862793,0.0007629395,9.7811889652,-0.0018229167,0.0000759549,0.1746527778
559022.0900242220,-0.0840759277,0.0122070313,9.7819519046,-0.0012152778,0.0000651042,0.1746527778
559022.1000242220,-0.0839233398,0.0053405762,9.7811889652,-0.0014214410,0.0000868056,0.1745876736
559022.1100242221,-0.0842285156,0.0094604492,9.7817993167,-0.0017361111,0.0000651042,0.1745985243
559022.1200242219,-0.0848388672,0.0054931641,9.7816467288,-0.0010308160,0.0000759549,0.1746093750
559022.1300242220,-0.0846862793,0.0065612793,9.7822570804,-0.0019639757,0.0000976562,0.1746419271
559022.1400242220,-0.0834655762,0.0108337402,9.7816467288,-0.0008897569,0.0000434028,0.1746419271
559022.1500242220,-0.0834655762,0.0036621094,9.7814941409,-0.0019748264,0.0000868056,0.1745985243
559022.1600242220,-0.0839233398,0.0097656250,9.7822570804,-0.0009874132,0.0000651042,0.1746310764
559022.1700242220,-0.0843811035,0.0027465820,9.7810363773,-0.0017469618,0.0000759549,0.1746419271
559022.1800242220,-0.0848388672,0.0125122070,9.7817993167,-0.0013020833,0.0000759549,0.1746636285
559022.1900242220,-0.0834655762,0.0036621094,9.7811889652,-0.0014648437,0.0000651042,0.1746419271
559022.2000242220,-0.0836181641,0.0088500977,9.7817993167,-0.0016167535,0.0000976562,0.1745985243
559022.2100242220,-0.0842285156,0.0064086914,9.7808837894,-0.0010525174,0.0000434028,0.1746093750
559022.2200242220,-0.0848388672,0.0071716309,9.7817993167,-0.0019856771,0.0000976562,0.1745659722
559022.2300242221,-0.0836181641,0.0088500977,9.7817993167,-0.0008138021,0.0000434028,0.1745551215
559022.2400242219,-0.0834655762,0.0019836426,9.7817993167,-0.0020290799,0.0001085069,0.1746093750
559022.2500242220,-0.0848388672,0.0128173828,9.7821044925,-0.0010199653,0.0000651042,0.1746093750
559022.2600242220,-0.0836181641,0.0035095215,9.7813415531,-0.0017144097,0.0000868056,0.1746093750
559022.2700242220,-0.0848388672,0.0106811523,9.7814941409,-0.0014105903,0.0000759549,0.1746310764
559022.2800242220,-0.0839233398,0.0032043457,9.7817993167,-0.0012695312,0.0000651042,0.1746527778
559022.2900242220,-0.0843811035,0.0083923340,9.7813415531,-0.0017361111,0.0000868056,0.1745985243
559022.3000242220,-0.0837707520,0.0079345703,9.7814941409,-0.0010199653,0.0000759549,0.1746310764
559022.3100242220,-0.0849914551,0.0068664551,9.7814941409,-0.0019856771,0.0000868056,0.1746093750
559022.3200242220,-0.0845336914,0.0091552734,9.7822570804,-0.0009006076,0.0000651042,0.1746636285
559022.3300242220,-0.0836181641,0.0019836426,9.7813415531,-0.0019856771,0.0000868056,0.1746961805
559022.3400242220,-0.0837707520,0.0114440918,9.7813415531,-0.0009765625,0.0000759549,0.1746636285
559022.3500242220,-0.0849914551,0.0045776367,9.7811889652,-0.0017686632,0.0000759549,0.1746527778
559022.3600242221,-0.0859069824,0.0106811523,9.7814941409,-0.0012803819,0.0000759549,0.1746636285
559022.3700242219,-0.0830078125,0.0021362305,9.7813415531,-0.0014105903,0.0000868056,0.1746419271
559022.3800242220,-0.0840759277,0.0096130371,9.7816467288,-0.0016601562,0.0000759549,0.1746093750
559022.3900242220,-0.0854492188,0.0083923340,9.7814941409,-0.0010742187,0.0000651042,0.1745334201
559022.4000242220,-0.0843811035,0.0062561035,9.7810363773,-0.0020073785,0.0000976562,0.1745768229
559022.4100242220,-0.0842285156,0.0074768066,9.7816467288,-0.0008138021,0.0000434028,0.1746093750
559022.4200242220,-0.0820922852,0.0042724609,9.7816467288,-0.0019422743,0.0001085069,0.1745876736
559022.4300242220,-0.0866699219,0.0132751465,9.7816467288,-0.0010308160,0.0000759549,0.1745768229
559022.4400242220,-0.0852966309,0.0009155273,9.7810363773,-0.0017686632,0.0000759549,0.1746310764
559022.4500242220,-0.0827026367,0.0115966797,9.7813415531,-0.0013346354,0.0000651042,0.1745876736
559022.4600242220,-0.0827026367,0.0048828125,9.7808837894,-0.0013563368,0.0000976562,0.1746527778
559022.4700242220,-0.0848388672,0.0091552734,9.7825622562,-0.0017686632,0.0000759549,0.1745985243
559022.4800242221,-0.0849914551,0.0061035156,9.7834777835,-0.0010091146,0.0000651042,0.1746310764
559022.4900242219,-0.0846862793,0.0056457520,9.7821044925,-0.0019205729,0.0000868056,0.1746202257
559022.5000242220,-0.0830078125,0.0105285645,9.7801208499,-0.0008897569,0.0000651042,0.1746419271
559022.5100242220,-0.0836181641,0.0025939941,9.7804260257,-0.0019965278,0.0001085069,0.1745985243
559022.5200242220,-0.0857543945,0.0115966797,9.7814941409,-0.0009548611,0.0000651042,0.1745768229
559022.5300242220,-0.0842285156,0.0036621094,9.7804260257,-0.0017578125,0.0000651042,0.1745985243
559022.5400242220,-0.0834655762,0.0117492676,9.7813415531,-0.0013671875,0.0000868056,0.1745768229
559022.5500242220,-0.0825500488,0.0027465820,9.7819519046,-0.0012912326,0.0000651042,0.1745442708
559022.5600242220,-0.0846862793,0.0085449219,9.7816467288,-0.0017252604,0.0000868056,0.1745551215
559022.5700242220,-0.0848388672,0.0097656250,9.7816467288,-0.0010308160,0.0000325521,0.1745008680
559022.5800242220,-0.0834655762,0.0059509277,9.7811889652,-0.0019856771,0.0000976562,0.1745117187
559022.5900242220,-0.0833129883,0.0080871582,9.7817993167,-0.0009223090,0.0000651042,0.1746527778
559022.6000242220,-0.0840759277,0.0030517578,9.7814941409,-0.0019314236,0.0001193576,0.1747612847
559022.6100242221,-0.0849914551,0.0122070313,9.7811889652,-0.0009874132,0.0000325521,0.1747938368
559022.6200242219,-0.0845336914,0.0030517578,9.7813415531,-0.0017686632,0.0000976562,0.1746961805
559022.6300242220,-0.0822448730,0.0106811523,9.7819519046,-0.0012912326,0.0000759549,0.1745985243
559022.6400242220,-0.0843811035,0.0033569336,9.7817993167,-0.0013780382,0.0000976562,0.1745876736
559022.6500242220,-0.0846862793,0.0106811523,9.7819519046,-0.0016493056,0.0000759549,0.1745442708
559022.6600242220,-0.0849914551,0.0074768066,9.7814941409,-0.0011501736,0.0000434028,0.1745551215
559022.6700242220,-0.0828552246,0.0065612793,9.7805786136,-0.0018446181,0.0000976562,0.1745876736
559022.6800242220,-0.0827026367,0.0074768066,9.7819519046,-0.0009006076,0.0000759549,0.1745768229
559022.6900242220,-0.0840759277,0.0044250488,9.7814941409,-0.0019856771,0.0000976562,0.1745008680
559022.7000242220,-0.0848388672,0.0119018555,9.7819519046,-0.0009440104,0.0000434028,0.1745225694
559022.7100242220,-0.0833129883,0.0018310547,9.7808837894,-0.0018554687,0.0000868056,0.1745225694
559022.7200242230,-0.0820922852,0.0102233887,9.7814941409,-0.0012695312,0.0000759549,0.1745985243
559022.7300242230,-0.0834655762,0.0036621094,9.7813415531,-0.0013780382,0.0000868056,0.1746419271
559022.7400242230,-0.0839233398,0.0100708008,9.7817993167,-0.0017035590,0.0000759549,0.1746093750
559022.7500242230,-0.0846862793,0.0068664551,9.7813415531,-0.0010199653,0.0000651042,0.1746527778
559022.7600242230,-0.0831604004,0.0056457520,9.7813415531,-0.0019314236,0.0000976562,0.1746419271
559022.7700242230,-0.0843811035,0.0102233887,9.7819519046,-0.0008463542,0.0000651042,0.1746527778
559022.7800242230,-0.0846862793,0.0041198730,9.7813415531,-0.0019856771,0.0000976562,0.1746527778
559022.7900242230,-0.0842285156,0.0120544434,9.7814941409,-0.0010416667,0.0000651042,0.1745551215
559022.8000242230,-0.0827026367,0.0016784668,9.7808837894,-0.0017144097,0.0000759549,0.1745442708
559022.8100242231,-0.0849914551,0.0112915039,9.7810363773,-0.0013346354,0.0000976562,0.1745551215
559022.8200242230,-0.0845336914,0.0051879883,9.7821044925,-0.0013237847,0.0000759549,0.1745659722
559022.8300242230,-0.0845336914,0.0091552734,9.7821044925,-0.0017035590,0.0000759549,0.1745551215
559022.8400242230,-0.0843811035,0.0067138672,9.7813415531,-0.0010525174,0.0000759549,0.1746202257
559022.8500242230,-0.0834655762,0.0067138672,9.7814941409,-0.0019422743,0.0000868056,0.1746202257
559022.8600242230,-0.0845336914,0.0093078613,9.7814941409,-0.0008789062,0.0000759549,0.1746527778
559022.8700242230,-0.0837707520,0.0035095215,9.7813415531,-0.0019748264,0.0000976562,0.1745985243
559022.8800242230,-0.0845336914,0.0120544434,9.7824096683,-0.0009440104,0.0000651042,0.1746419271
559022.8900242230,-0.0827026367,0.0019836426,9.7811889652,-0.0017469618,0.0000868056,0.1746093750
559022.9000242230,-0.0833129883,0.0114440918,9.7817993167,-0.0013346354,0.0000976562,0.1746419271
559022.9100242230,-0.0856018066,0.0033569336,9.7817993167,-0.0013129340,0.0000434028,0.1746853299
559022.9200242230,-0.0854492188,0.0088500977,9.7808837894,-0.0018120660,0.0000868056,0.1746527778
559022.9300242231,-0.0827026367,0.0080871582,9.7816467288,-0.0009548611,0.0000434028,0.1746527778
559022.9400242229,-0.0834655762,0.0042724609,9.7811889652,-0.0019639757,0.0000976562,0.1746093750
559022.9500242230,-0.0839233398,0.0106811523,9.7811889652,-0.0008680556,0.0000759549,0.1746202257
559022.9600242230,-0.0857543945,0.0028991699,9.7810363773,-0.0019205729,0.0000868056,0.1745985243
559022.9700242230,-0.0840759277,0.0108337402,9.7819519046,-0.0010959201,0.0000325521,0.1746202257
559022.9800242230,-0.0822448730,0.0039672852,9.7813415531,-0.0016818576,0.0000976562,0.1746310764
559022.9900242230,-0.0833129883,0.0112915039,9.7819519046,-0.0013671875,0.0000759549,0.1746636285
559023.0000242230,-0.0846862793,0.0036621094,9.7816467288,-0.0013237847,0.0000759549,0.1746636285
559023.0100242230,-0.0848388672,0.0096130371,9.7811889652,-0.0017035590,0.0000759549,0.1749240451
559023.0200242230,-0.0831604004,0.0061035156,9.7814941409,-0.0010199653,0.0000759549,0.1746961805
559023.0300242230,-0.0827026367,0.0057983398,9.7813415531,-0.0019639757,0.0000976562,0.1746853299
559023.0400242230,-0.0848388672,0.0103759766,9.7814941409,-0.0008572049,0.0000651042,0.1746636285
559023.0500242230,-0.0845336914,0.0030517578,9.7813415531,-0.0019965278,0.0000759549,0.1745659722
559023.0600242231,-0.0842285156,0.0123596191,9.7821044925,-0.0010416667,0.0000434028,0.1745876736
559023.0700242230,-0.0836181641,0.0030517578,9.7813415531,-0.0016601562,0.0000868056,0.1745442708
559023.0800242230,-0.0837707520,0.0109863281,9.7817993167,-0.0013888889,0.0000759549,0.1745442708
559023.0900242230,-0.0840759277,0.0036621094,9.7811889652,-0.0012695312,0.0000759549,0.1745551215
559023.1000242230,-0.0840759277,0.0082397461,9.7814941409,-0.0017361111,0.0000868056,0.1745551215
559023.1100242230,-0.0840759277,0.0073242188,9.7816467288,-0.0009657118,0.0000651042,0.1746093750
559023.1200242230,-0.0842285156,0.0056457520,9.7814941409,-0.0020290799,0.0001085069,0.1746202257
559023.1300242230,-0.0843811035,0.0100708008,9.7816467288,-0.0008355035,0.0000434028,0.1746202257
559023.1400242230,-0.0846862793,0.0016784668,9.7817993167,-0.0019422743,0.0000976562,0.1746202257
559023.1500242230,-0.0836181641,0.0135803223,9.7822570804,-0.0010742187,0.0000868056,0.1746636285
559023.1600242230,-0.0836181641,0.0028991699,9.7808837894,-0.0015733507,0.0000651042,0.1746744792
559023.1700242230,-0.0839233398,0.0091552734,9.7816467288,-0.0015299479,0.0000759549,0.1746853299
559023.1800242231,-0.0837707520,0.0053405762,9.7810363773,-0.0011393229,0.0000651042,0.1746527778
559023.1900242229,-0.0836181641,0.0082397461,9.7822570804,-0.0019097222,0.0000759549,0.1746202257
559023.2000242230,-0.0843811035,0.0090026855,9.7814941409,-0.0008680556,0.0000868056,0.1745768229
559023.2100242230,-0.0836181641,0.0024414063,9.7813415531,-0.0020290799,0.0000868056,0.1745659722
559023.2200242230,-0.0836181641,0.0123596191,9.7822570804,-0.0008789062,0.0000759549,0.1745768229
559023.2300242230,-0.0836181641,0.0025939941,9.7810363773,-0.0018229167,0.0000868056,0.1745659722
559023.2400242230,-0.0831604004,0.0105285645,9.7810363773,-0.0012478299,0.0000651042,0.1745551215
559023.2500242230,-0.0836181641,0.0036621094,9.7808837894,-0.0013997396,0.0000759549,0.1746202257
559023.2600242230,-0.0828552246,0.0086975098,9.7813415531,-0.0017035590,0.0000976562,0.1746636285
559023.2700242230,-0.0840759277,0.0074768066,9.7811889652,-0.0009874132,0.0000434028,0.1746744792
559023.2800242230,-0.0840759277,0.0047302246,9.7824096683,-0.0019856771,0.0000976562,0.1746636285
559023.2900242230,-0.0843811035,0.0109863281,9.7816467288,-0.0008463542,0.0000651042,0.1746419271
559023.3000242230,-0.0831604004,0.0025939941,9.7811889652,-0.0019639757,0.0000868056,0.1746636285
559023.3100242231,-0.0834655762,0.0108337402,9.7813415531,-0.0010525174,0.0000651042,0.1746527778
559023.3200242230,-0.0834655762,0.0021362305,9.7813415531,-0.0016167535,0.0001085069,0.1746419271
559023.3300242230,-0.0840759277,0.0112915039,9.7813415531,-0.0014648437,0.0000868056,0.1745985243
559023.3400242230,-0.0839233398,0.0050354004,9.7811889652,-0.0012152778,0.0000651042,0.1746202257
559023.3500242230,-0.0825500488,0.0076293945,9.7817993167,-0.0018120660,0.0001085069,0.1745985243
559023.3600242230,-0.0830078125,0.0079345703,9.7814941409,-0.0009006076,0.0000651042,0.1745768229
559023.3700242230,-0.0848388672,0.0048828125,9.7814941409,-0.0020507812,0.0001085069,0.1745551215
559023.3800242230,-0.0834655762,0.0103759766,9.7819519046,-0.0008680556,0.0000434028,0.1745659722
559023.3900242230,-0.0833129883,0.0021362305,9.7810363773,-0.0018880208,0.0000759549,0.1745985243
559023.4000242230,-0.0834655762,0.0122070313,9.7817993167,-0.0012152778,0.0000976562,0.1745876736
559023.4100242230,-0.0837707520,0.0038146973,9.7804260257,-0.0013997396,0.0000651042,0.1746310764
559023.4200242230,-0.0839233398,0.0086975098,9.7824096683,-0.0017469618,0.0000976562,0.1746093750
559023.4300242231,-0.0834655762,0.0073242188,9.7811889652,-0.0009223090,0.0000434028,0.1746527778
559023.4400242229,-0.0837707520,0.0051879883,9.7811889652,-0.0020182292,0.0001085069,0.1746636285
559023.4500242230,-0.0837707520,0.0103759766,9.7819519046,-0.0008680556,0.0000759549,0.1746419271
559023.4600242230,-0.0833129883,0.0018310547,9.7814941409,-0.0019422743,0.0000976562,0.1746202257
559023.4700242230,-0.0833129883,0.0119018555,9.7816467288,-0.0010742187,0.0000651042,0.1745876736
559023.4800242230,-0.0837707520,0.0039672852,9.7808837894,-0.0015842014,0.0000868056,0.1745876736
559023.4900242230,-0.0837707520,0.0097656250,9.7821044925,-0.0014214410,0.0000759549,0.1746202257
559023.5000242230,-0.0837707520,0.0044250488,9.7813415531,-0.0012261285,0.0000759549,0.1745985243
559023.5100242230,-0.0840759277,0.0083923340,9.7817993167,-0.0018229167,0.0000868056,0.1745876736
559023.5200242230,-0.0836181641,0.0077819824,9.7813415531,-0.0009440104,0.0000434028,0.1745876736
559023.5300242230,-0.0825500488,0.0053405762,9.7811889652,-0.0019965278,0.0000976562,0.1745008680
559023.5400242230,-0.0833129883,0.0105285645,9.7817993167,-0.0008789062,0.0000759549,0.1745551215
559023.5500242230,-0.0843811035,0.0021362305,9.7813415531,-0.0018988715,0.0000868056,0.1745876736
559023.5600242231,-0.0837707520,0.0114440918,9.7813415531,-0.0010633681,0.0000759549,0.1746093750
559023.5700242230,-0.0831604004,0.0027465820,9.7817993167,-0.0016384549,0.0000759549,0.1746310764
559023.5800242230,-0.0830078125,0.0117492676,9.7816467288,-0.0014105903,0.0001085069,0.1746853299
559023.5900242230,-0.0840759277,0.0022888184,9.7805786136,-0.0012803819,0.0000651042,0.1746636285
559023.6000242230,-0.0840759277,0.0083923340,9.7821044925,-0.0017578125,0.0000868056,0.1746419271
559023.6100242230,-0.0831604004,0.0091552734,9.7813415531,-0.0009440104,0.0000759549,0.1746202257
559023.6200242230,-0.0828552246,0.0047302246,9.7807312015,-0.0019965278,0.0001410590,0.1746636285
559023.6300242230,-0.0833129883,0.0090026855,9.7816467288,-0.0008463542,0.0000434028,0.1746744792
559023.6400242230,-0.0839233398,0.0028991699,9.7813415531,-0.0019205729,0.0001085069,0.1746527778
559023.6500242230,-0.0840759277,0.0126647949,9.7819519046,-0.0010525174,0.0000651042,0.1746202257
559023.6600242230,-0.0830078125,0.0013732910,9.7811889652,-0.0016710069,0.0000976562,0.1745442708
559023.6700242230,-0.0833129883,0.0097656250,9.7814941409,-0.0013780382,0.0000976562,0.1745659722
559023.6800242231,-0.0823974609,0.0045776367,9.7811889652,-0.0011935764,0.0000868056,0.1745442708
559023.6900242229,-0.0839233398,0.0083923340,9.7811889652,-0.0018554687,0.0000542535,0.1745008680
559023.7000242230,-0.0831604004,0.0080871582,9.7814941409,-0.0008463542,0.0000759549,0.1745768229
559023.7100242230,-0.0828552246,0.0025939941,9.7811889652,-0.0020616319,0.0000651042,0.1746202257
559023.7200242230,-0.0842285156,0.0119018555,9.7821044925,-0.0008680556,0.0000759549,0.1746527778
559023.7300242230,-0.0834655762,0.0016784668,9.7816467288,-0.0018229167,0.0000868056,0.1746093750
559023.7400242230,-0.0834655762,0.0126647949,9.7816467288,-0.0012912326,0.0000651042,0.1746419271
559023.7500242230,-0.0819396973,0.0039672852,9.7810363773,-0.0013346354,0.0000868056,0.1746419271
559023.7600242230,-0.0837707520,0.0073242188,9.7819519046,-0.0016710069,0.0000976562,0.1746093750
559023.7700242230,-0.0848388672,0.0071716309,9.7814941409,-0.0010199653,0.0000434028,0.1745876736
559023.7800242230,-0.0827026367,0.0065612793,9.7816467288,-0.0019748264,0.0001085069,0.1745985243
559023.7900242240,-0.0828552246,0.0090026855,9.7814941409,-0.0008789062,0.0000434028,0.1745876736
559023.8000242240,-0.0830078125,0.0018310547,9.7810363773,-0.0019422743,0.0001085069,0.1746093750
559023.8100242240,-0.0840759277,0.0122070313,9.7819519046,-0.0009657118,0.0000651042,0.1745551215
559023.8200242240,-0.0831604004,0.0032043457,9.7808837894,-0.0017252604,0.0000759549,0.1745985243
559023.8300242240,-0.0834655762,0.0099182129,9.7821044925,-0.0013780382,0.0000868056,0.1745985243
559023.8400242240,-0.0837707520,0.0028991699,9.7814941409,-0.0012803819,0.0000868056,0.1746527778
559023.8500242240,-0.0843811035,0.0088500977,9.7810363773,-0.0017903646,0.0000759549,0.1746093750
559023.8600242240,-0.0837707520,0.0080871582,9.7813415531,-0.0009548611,0.0000434028,0.1746310764
559023.8700242240,-0.0825500488,0.0041198730,9.7816467288,-0.0019965278,0.0001085069,0.1746419271
559023.8800242241,-0.0828552246,0.0100708008,9.7811889652,-0.0008572049,0.0000651042,0.1746527778
559023.8900242239,-0.0834655762,0.0028991699,9.7810363773,-0.0018880208,0.0000976562,0.1746093750
559023.9000242240,-0.0842285156,0.0115966797,9.7821044925,-0.0011067708,0.0000759549,0.1746093750
559023.9100242240,-0.0825500488,0.0027465820,9.7807312015,-0.0015950521,0.0000759549,0.1745876736
559023.9200242240,-0.0819396973,0.0102233887,9.7824096683,-0.0014648437,0.0000976562,0.1745442708
559023.9300242240,-0.0848388672,0.0045776367,9.7811889652,-0.0012478299,0.0000759549,0.1745117187
559023.9400242240,-0.0839233398,0.0073242188,9.7810363773,-0.0017578125,0.0000759549,0.1745768229
559023.9500242240,-0.0834655762,0.0071716309,9.7821044925,-0.0008680556,0.0000651042,0.1745768229
559023.9600242240,-0.0823974609,0.0044250488,9.7810363773,-0.0020290799,0.0000976562,0.1746202257
559023.9700242240,-0.0836181641,0.0117492676,9.7824096683,-0.0008463542,0.0000325521,0.1746419271
559023.9800242240,-0.0840759277,0.0013732910,9.7807312015,-0.0019097222,0.0001085069,0.1746527778
559023.9900242240,-0.0837707520,0.0122070313,9.7824096683,-0.0011610243,0.0000759549,0.1746744792
559024.0000242240,-0.0827026367,0.0035095215,9.7814941409,-0.0014214410,0.0000759549,0.1746744792
559024.0100242239,-0.0830078125,0.0090026855,9.7814941409,-0.0016601562,0.0000976562,0.1749457465
559024.0200242240,-0.0833129883,0.0062561035,9.7819519046,-0.0009548611,0.0000434028,0.1746527778
559024.0300242240,-0.0837707520,0.0064086914,9.7810363773,-0.0019965278,0.0000976562,0.1746093750
559024.0400242240,-0.0837707520,0.0086975098,9.7819519046,-0.0008355035,0.0000651042,0.1746310764
559024.0500242240,-0.0817871094,0.0028991699,9.7811889652,-0.0019639757,0.0000759549,0.1745768229
559024.0600242240,-0.0820922852,0.0122070313,9.7814941409,-0.0009874132,0.0000868056,0.1745551215
559024.0700242240,-0.0839233398,0.0025939941,9.7814941409,-0.0017144097,0.0000868056,0.1745551215
559024.0800242240,-0.0845336914,0.0094604492,9.7817993167,-0.0013020833,0.0000759549,0.1745768229
559024.0900242240,-0.0828552246,0.0035095215,9.7813415531,-0.0012695312,0.0000434028,0.1746310764
559024.1000242240,-0.0827026367,0.0094604492,9.7819519046,-0.0018012153,0.0001085069,0.1746636285
559024.1100242240,-0.0831604004,0.0077819824,9.7816467288,-0.0008897569,0.0000434028,0.1746636285
559024.1200242240,-0.0834655762,0.0033569336,9.7819519046,-0.0020507812,0.0000976562,0.1746636285
559024.1300242241,-0.0839233398,0.0103759766,9.7821044925,-0.0008463542,0.0000651042,0.1746527778
559024.1400242239,-0.0817871094,0.0028991699,9.7807312015,-0.0018771701,0.0000976562,0.1746419271
559024.1500242240,-0.0833129883,0.0123596191,9.7822570804,-0.0011176215,0.0000759549,0.1746527778
559024.1600242240,-0.0830078125,0.0025939941,9.7804260257,-0.0015516493,0.0000759549,0.1745985243
559024.1700242240,-0.0842285156,0.0086975098,9.7817993167,-0.0015407986,0.0000759549,0.1746310764
559024.1800242240,-0.0822448730,0.0050354004,9.7816467288,-0.0010742187,0.0000651042,0.1745768229
559024.1900242240,-0.0825500488,0.0068664551,9.7813415531,-0.0019639757,0.0000868056,0.1745008680
559024.2000242240,-0.0840759277,0.0096130371,9.7821044925,-0.0008463542,0.0000651042,0.1746202257
559024.2100242240,-0.0845336914,0.0030517578,9.7808837894,-0.0019965278,0.0000976562,0.1745768229
559024.2200242240,-0.0831604004,0.0109863281,9.7817993167,-0.0009331597,0.0000434028,0.1746527778
559024.2300242240,-0.0807189941,0.0032043457,9.7810363773,-0.0017144097,0.0000868056,0.1746419271
559024.2400242240,-0.0833129883,0.0122070313,9.7817993167,-0.0013129340,0.0000868056,0.1746527778
559024.2500242240,-0.0851440430,0.0024414063,9.7802734378,-0.0013346354,0.0000759549,0.1746419271
559024.2600242239,-0.0836181641,0.0074768066,9.7816467288,-0.0017686632,0.0000976562,0.1746636285
559024.2700242240,-0.0823974609,0.0085449219,9.7811889652,-0.0009006076,0.0000434028,0.1746202257
559024.2800242240,-0.0831604004,0.0053405762,9.7814941409,-0.0020073785,0.0000976562,0.1746202257
559024.2900242240,-0.0836181641,0.0096130371,9.7822570804,-0.0008355035,0.0000759549,0.1746527778
559024.3000242240,-0.0837707520,0.0021362305,9.7813415531,-0.0018988715,0.0000868056,0.1746527778
559024.3100242240,-0.0831604004,0.0114440918,9.7814941409,-0.0011067708,0.0000434028,0.1746636285
559024.3200242240,-0.0817871094,0.0028991699,9.7810363773,-0.0016601562,0.0001085069,0.1746310764
559024.3300242240,-0.0822448730,0.0100708008,9.7817993167,-0.0013780382,0.0000759549,0.1746310764
559024.3400242240,-0.0843811035,0.0038146973,9.7805786136,-0.0012478299,0.0000868056,0.1746202257
559024.3500242240,-0.0842285156,0.0083923340,9.7819519046,-0.0017686632,0.0000868056,0.1745876736
559024.3600242240,-0.0825500488,0.0068664551,9.7811889652,-0.0009006076,0.0000651042,0.1746310764
559024.3700242240,-0.0814819336,0.0045776367,9.7807312015,-0.0020182292,0.0000868056,0.1745876736
559024.3800242241,-0.0839233398,0.0106811523,9.7819519046,-0.0008789062,0.0000759549,0.1746202257
559024.3900242239,-0.0843811035,0.0027465820,9.7810363773,-0.0018988715,0.0000868056,0.1745768229
559024.4000242240,-0.0820922852,0.0112915039,9.7821044925,-0.0010742187,0.0000868056,0.1745659722
559024.4100242240,-0.0834655762,0.0027465820,9.7808837894,-0.0015407986,0.0000651042,0.1745659722
559024.4200242240,-0.0830078125,0.0100708008,9.7816467288,-0.0014756944,0.0000759549,0.1745876736
559024.4300242240,-0.0828552246,0.0042724609,9.7810363773,-0.0011610243,0.0000759549,0.1745876736
559024.4400242240,-0.0842285156,0.0074768066,9.7811889652,-0.0018446181,0.0000868056,0.1746093750
559024.4500242240,-0.0833129883,0.0080871582,9.7817993167,-0.0008680556,0.0000434028,0.1746744792
559024.4600242240,-0.0825500488,0.0033569336,9.7808837894,-0.0020507812,0.0000868056,0.1746419271
559024.4700242240,-0.0825500488,0.0109863281,9.7817993167,-0.0008680556,0.0000651042,0.1746744792
559024.4800242240,-0.0822448730,0.0025939941,9.7807312015,-0.0018229167,0.0001085069,0.1746636285
559024.4900242240,-0.0828552246,0.0114440918,9.7821044925,-0.0011827257,0.0000759549,0.1746527778
559024.5000242240,-0.0836181641,0.0024414063,9.7810363773,-0.0014648437,0.0000651042,0.1746310764
559024.5100242239,-0.0825500488,0.0099182129,9.7816467288,-0.0015842014,0.0000759549,0.1746419271
559024.5200242240,-0.0827026367,0.0057983398,9.7817993167,-0.0010959201,0.0000759549,0.1745768229
559024.5300242240,-0.0843811035,0.0064086914,9.7816467288,-0.0019422743,0.0000868056,0.1745768229
559024.5400242240,-0.0834655762,0.0080871582,9.7816467288,-0.0008355035,0.0000434028,0.1745551215
559024.5500242240,-0.0827026367,0.0041198730,9.7810363773,-0.0019748264,0.0001085069,0.1745768229
559024.5600242240,-0.0827026367,0.0117492676,9.7817993167,-0.0009548611,0.0000759549,0.1746093750
559024.5700242240,-0.0836181641,0.0018310547,9.7810363773,-0.0018120660,0.0000868056,0.1746093750
559024.5800242240,-0.0840759277,0.0102233887,9.7817993167,-0.0011935764,0.0000759549,0.1745768229
559024.5900242240,-0.0834655762,0.0038146973,9.7808837894,-0.0014431424,0.0000651042,0.1745659722
559024.6000242240,-0.0820922852,0.0102233887,9.7811889652,-0.0015625000,0.0000976562,0.1745442708
559024.6100242240,-0.0825500488,0.0044250488,9.7816467288,-0.0011393229,0.0000651042,0.1745551215
559024.6200242240,-0.0842285156,0.0065612793,9.7816467288,-0.0018012153,0.0000868056,0.1745768229
559024.6300242241,-0.0834655762,0.0088500977,9.7814941409,-0.0009440104,0.0000325521,0.1746202257
559024.6400242239,-0.0820922852,0.0045776367,9.7808837894,-0.0020073785,0.0001085069,0.1747395833
559024.6500242240,-0.0825500488,0.0094604492,9.7813415531,-0.0008789062,0.0000651042,0.1748480903
559024.6600242240,-0.0833129883,0.0021362305,9.7807312015,-0.0019097222,0.0000759549,0.1747721354
559024.6700242240,-0.0833129883,0.0119018555,9.7819519046,-0.0010091146,0.0000759549,0.1746527778
559024.6800242240,-0.0827026367,0.0025939941,9.7813415531,-0.0016276042,0.0000759549,0.1745768229
559024.6900242240,-0.0817871094,0.0097656250,9.7807312015,-0.0014105903,0.0000759549,0.1746310764
559024.7000242240,-0.0831604004,0.0039672852,9.7822570804,-0.0012044271,0.0001085069,0.1746310764
559024.7100242240,-0.0833129883,0.0074768066,9.7816467288,-0.0018229167,0.0000542535,0.1746636285
559024.7200242240,-0.0834655762,0.0083923340,9.7819519046,-0.0009331597,0.0000759549,0.1746419271
559024.7300242240,-0.0819396973,0.0044250488,9.7811889652,-0.0019856771,0.0000868056,0.1746419271
559024.7400242240,-0.0836181641,0.0106811523,9.7811889652,-0.0008572049,0.0000651042,0.1746202257
559024.7500242240,-0.0837707520,0.0025939941,9.7813415531,-0.0018771701,0.0000976562,0.1746636285
559024.7600242239,-0.0830078125,0.0109863281,9.7813415531,-0.0010308160,0.0000759549,0.1746202257
559024.7700242240,-0.0823974609,0.0021362305,9.7810363773,-0.0016710069,0.0000542535,0.1746419271
559024.7800242240,-0.0822448730,0.0100708008,9.7814941409,-0.0013671875,0.0000976562,0.1746202257
559024.7900242240,-0.0830078125,0.0044250488,9.7814941409,-0.0013020833,0.0000759549,0.1746202257
559024.8000242240,-0.0840759277,0.0091552734,9.7817993167,-0.0017578125,0.0000759549,0.1745985243
559024.8100242240,-0.0831604004,0.0067138672,9.7825622562,-0.0009331597,0.0000868056,0.1746419271
559024.8200242240,-0.0827026367,0.0035095215,9.7810363773,-0.0019748264,0.0001085069,0.1745876736
559024.8300242240,-0.0840759277,0.0097656250,9.7816467288,-0.0008463542,0.0000325521,0.1746310764
559024.8400242240,-0.0833129883,0.0024414063,9.7813415531,-0.0019205729,0.0000976562,0.1746093750
559024.8500242240,-0.0828552246,0.0108337402,9.7821044925,-0.0010525174,0.0000651042,0.1746310764
559024.8600242250,-0.0833129883,0.0030517578,9.7813415531,-0.0016384549,0.0000976562,0.1746527778
559024.8700242250,-0.0836181641,0.0109863281,9.7816467288,-0.0014214410,0.0000868056,0.1746744792
559024.8800242250,-0.0837707520,0.0038146973,9.7813415531,-0.0011827257,0.0000759549,0.1746636285
559024.8900242250,-0.0811767578,0.0064086914,9.7821044925,-0.0018446181,0.0001085069,0.1746636285
559024.9000242250,-0.0820922852,0.0096130371,9.7822570804,-0.0008680556,0.0000868056,0.1745876736
559024.9100242250,-0.0846862793,0.0047302246,9.7802734378,-0.0020182292,0.0000868056,0.1745334201
559024.9200242250,-0.0837707520,0.0088500977,9.7805786136,-0.0009223090,0.0000434028,0.1745225694
559024.9300242250,-0.0816345215,0.0018310547,9.7814941409,-0.0018337674,0.0000976562,0.1745442708
559024.9400242250,-0.0810241699,0.0122070313,9.7836303714,-0.0010742187,0.0000868056,0.1745659722
559024.9500242251,-0.0833129883,0.0042724609,9.7810363773,-0.0015950521,0.0001085069,0.1745876736
559024.9600242249,-0.0849914551,0.0068664551,9.7811889652,-0.0014648437,0.0000759549,0.1746527778
559024.9700242250,-0.0831604004,0.0033569336,9.7819519046,-0.0011610243,0.0000434028,0.1747178819
559024.9800242250,-0.0811767578,0.0097656250,9.7810363773,-0.0018120660,0.0001193576,0.1747395833
559024.9900242250,-0.0819396973,0.0080871582,9.7810363773,-0.0009548611,0.0000434028,0.1746961805
559025.0000242250,-0.0851440430,0.0022888184,9.7807312015,-0.0019856771,0.0000976562,0.1746202257
559025.0100242250,-0.0836181641,0.0096130371,9.7821044925,-0.0008029514,0.0000434028,0.1749457465
559025.0200242250,-0.0814819336,0.0038146973,9.7813415531,-0.0018771701,0.0000868056,0.1745659722
559025.0300242250,-0.0810241699,0.0125122070,9.7817993167,-0.0010959201,0.0000868056,0.1745876736
559025.0400242250,-0.0842285156,0.0001525879,9.7811889652,-0.0015625000,0.0000976562,0.1745551215
559025.0500242250,-0.0851440430,0.0088500977,9.7822570804,-0.0015625000,0.0000542535,0.1745659722
559025.0600242250,-0.0819396973,0.0061035156,9.7808837894,-0.0010199653,0.0000868056,0.1745551215
559025.0700242250,-0.0810241699,0.0061035156,9.7816467288,-0.0020290799,0.0001085069,0.1746202257
559025.0800242251,-0.0822448730,0.0085449219,9.7825622562,-0.0007703993,0.0000651042,0.1746419271
559025.0900242249,-0.0849914551,0.0003051758,9.7814941409,-0.0019639757,0.0000976562,0.1746093750
559025.1000242250,-0.0834655762,0.0122070313,9.7819519046,-0.0010199653,0.0000434028,0.1745876736
559025.1100242250,-0.0811767578,0.0022888184,9.7814941409,-0.0015516493,0.0000759549,0.1746310764
559025.1200242250,-0.0816345215,0.0094604492,9.7816467288,-0.0015625000,0.0000868056,0.1746419271
559025.1300242250,-0.0840759277,0.0047302246,9.7811889652,-0.0010416667,0.0000759549,0.1746202257
559025.1400242250,-0.0834655762,0.0064086914,9.7821044925,-0.0019314236,0.0000759549,0.1746202257
559025.1500242250,-0.0827026367,0.0096130371,9.7816467288,-0.0007812500,0.0000434028,0.1745768229
559025.1600242250,-0.0816345215,0.0016784668,9.7813415531,-0.0020182292,0.0001085069,0.1745659722
559025.1700242250,-0.0828552246,0.0109863281,9.7822570804,-0.0009657118,0.0000651042,0.1745768229
559025.1800242250,-0.0848388672,0.0022888184,9.7804260257,-0.0017361111,0.0000868056,0.1745551215
559025.1900242250,-0.0833129883,0.0108337402,9.7816467288,-0.0013129340,0.0000434028,0.1746202257
559025.2000242251,-0.0808715820,0.0024414063,9.7811889652,-0.0013020833,0.0000868056,0.1745985243
559025.2100242249,-0.0811767578,0.0077819824,9.7819519046,-0.0017144097,0.0000868056,0.1745985243
559025.2200242250,-0.0843811035,0.0070190430,9.7816467288,-0.0008897569,0.0000651042,0.1746202257
559025.2300242250,-0.0836181641,0.0051879883,9.7808837894,-0.0019639757,0.0000868056,0.1746093750
559025.2400242250,-0.0822448730,0.0093078613,9.7813415531,-0.0008789062,0.0000759549,0.1746310764
559025.2500242250,-0.0822448730,0.0021362305,9.7814941409,-0.0018771701,0.0000868056,0.1746093750
559025.2600242250,-0.0825500488,0.0112915039,9.7824096683,-0.0010416667,0.0000651042,0.1745768229
559025.2700242250,-0.0839233398,0.0030517578,9.7811889652,-0.0016384549,0.0000868056,0.1746093750
559025.2800242250,-0.0823974609,0.0100708008,9.7816467288,-0.0013780382,0.0000868056,0.1745876736
559025.2900242250,-0.0816345215,0.0027465820,9.7805786136,-0.0012261285,0.0000434028,0.1745768229
559025.3000242250,-0.0817871094,0.0080871582,9.7824096683,-0.0017578125,0.0001085069,0.1746093750
559025.3100242250,-0.0830078125,0.0070190430,9.7814941409,-0.0009657118,0.0000651042,0.1745876736
559025.3200242250,-0.0839233398,0.0038146973,9.7813415531,-0.0019856771,0.0000976562,0.1745985243
559025.3300242251,-0.0825500488,0.0094604492,9.7817993167,-0.0008572049,0.0000759549,0.1745768229
559025.3400242249,-0.0820922852,0.0025939941,9.7813415531,-0.0018988715,0.0000868056,0.1745768229
559025.3500242250,-0.0837707520,0.0114440918,9.7824096683,-0.0010199653,0.0000759549,0.1746310764
559025.3600242250,-0.0842285156,0.0016784668,9.7813415531,-0.0016384549,0.0000976562,0.1746310764
559025.3700242250,-0.0833129883,0.0093078613,9.7817993167,-0.0013997396,0.0000542535,0.1746527778
559025.3800242250,-0.0814819336,0.0044250488,9.7816467288,-0.0012695312,0.0000868056,0.1746202257
559025.3900242250,-0.0827026367,0.0079345703,9.7814941409,-0.0017578125,0.0001085069,0.1746093750
559025.4000242250,-0.0840759277,0.0056457520,9.7814941409,-0.0009657118,0.0000651042,0.1746419271
559025.4100242250,-0.0825500488,0.0039672852,9.7816467288,-0.0019639757,0.0000976562,0.1746527778
559025.4200242250,-0.0830078125,0.0105285645,9.7817993167,-0.0008029514,0.0000759549,0.1746419271
559025.4300242250,-0.0823974609,0.0019836426,9.7807312015,-0.0019314236,0.0000976562,0.1746744792
559025.4400242250,-0.0833129883,0.0106811523,9.7819519046,-0.0010525174,0.0000651042,0.1746419271
559025.4500242251,-0.0822448730,0.0012207031,9.7811889652,-0.0015733507,0.0000651042,0.1745985243
559025.4600242249,-0.0831604004,0.0105285645,9.7817993167,-0.0015082465,0.0000868056,0.1746093750
559025.4700242250,-0.0834655762,0.0044250488,9.7817993167,-0.0010959201,0.0000434028,0.1746202257
559025.4800242250,-0.0833129883,0.0056457520,9.7813415531,-0.0018554687,0.0001085069,0.1746636285
559025.4900242250,-0.0827026367,0.0070190430,9.7811889652,-0.0008463542,0.0000325521,0.1746419271
559025.5000242250,-0.0825500488,0.0047302246,9.7814941409,-0.0020073785,0.0000976562,0.1745876736
559025.5100242250,-0.0828552246,0.0106811523,9.7822570804,-0.0009006076,0.0000759549,0.1746202257
559025.5200242250,-0.0831604004,0.0007629395,9.7799682620,-0.0018446181,0.0000868056,0.1746636285
559025.5300242250,-0.0823974609,0.0108337402,9.7807312015,-0.0011501736,0.0000759549,0.1746744792
559025.5400242250,-0.0823974609,0.0039672852,9.7813415531,-0.0014648437,0.0000868056,0.1746527778
559025.5500242250,-0.0823974609,0.0093078613,9.7819519046,-0.0015299479,0.0000651042,0.1746310764
559025.5600242250,-0.0828552246,0.0036621094,9.7816467288,-0.0010742187,0.0000976562,0.1745876736
559025.5700242250,-0.0845336914,0.0074768066,9.7810363773,-0.0018554687,0.0000759549,0.1745768229
559025.5800242251,-0.0813293457,0.0074768066,9.7830200199,-0.0009331597,0.0000325521,0.1745225694
559025.5900242249,-0.0805664063,0.0033569336,9.7804260257,-0.0019639757,0.0001193576,0.1745334201
559025.6000242250,-0.0840759277,0.0094604492,9.7825622562,-0.0008680556,0.0000759549,0.1745768229
559025.6100242250,-0.0845336914,0.0035095215,9.7814941409,-0.0018771701,0.0000868056,0.1745985243
559025.6200242250,-0.0830078125,0.0103759766,9.7807312015,-0.0010308160,0.0000434028,0.1748155382
559025.6300242250,-0.0807189941,0.0010681152,9.7810363773,-0.0016167535,0.0000976562,0.1748046875
559025.6400242250,-0.0823974609,0.0102233887,9.7821044925,-0.0013237847,0.0000759549,0.1747070312
559025.6500242250,-0.0845336914,0.0039672852,9.7814941409,-0.0013129340,0.0000759549,0.1746419271
559025.6600242250,-0.0827026367,0.0082397461,9.7817993167,-0.0017361111,0.0000759549,0.1745117187
559025.6700242250,-0.0820922852,0.0050354004,9.7819519046,-0.0009440104,0.0000651042,0.1745659722
559025.6800242250,-0.0820922852,0.0044250488,9.7814941409,-0.0019314236,0.0001085069,0.1745985243
559025.6900242250,-0.0837707520,0.0096130371,9.7814941409,-0.0007812500,0.0000759549,0.1746310764
559025.7000242251,-0.0837707520,0.0025939941,9.7808837894,-0.0019422743,0.0000868056,0.1746093750
559025.7100242249,-0.0820922852,0.0111389160,9.7814941409,-0.0009874132,0.0000434028,0.1745876736
559025.7200242250,-0.0811767578,0.0007629395,9.7811889652,-0.0017035590,0.0000976562,0.1746093750
559025.7300242250,-0.0823974609,0.0103759766,9.7821044925,-0.0013020833,0.0000868056,0.1745985243
559025.7400242250,-0.0837707520,0.0045776367,9.7813415531,-0.0012695312,0.0000651042,0.1745985243
559025.7500242250,-0.0828552246,0.0083923340,9.7821044925,-0.0017252604,0.0000651042,0.1746093750
559025.7600242250,-0.0823974609,0.0048828125,9.7819519046,-0.0009765625,0.0000759549,0.1746310764
559025.7700242250,-0.0816345215,0.0054931641,9.7813415531,-0.0019097222,0.0000976562,0.1745768229
559025.7800242250,-0.0834655762,0.0100708008,9.7816467288,-0.0008572049,0.0000759549,0.1746310764
559025.7900242250,-0.0830078125,0.0032043457,9.7808837894,-0.0019965278,0.0000868056,0.1746202257
559025.8000242250,-0.0819396973,0.0094604492,9.7817993167,-0.0009331597,0.0000434028,0.1746310764
559025.8100242250,-0.0810241699,0.0007629395,9.7811889652,-0.0017144097,0.0001085069,0.1746093750
559025.8200242250,-0.0830078125,0.0109863281,9.7817993167,-0.0012695312,0.0000868056,0.1745985243
559025.8300242251,-0.0839233398,0.0042724609,9.7808837894,-0.0013237847,0.0000651042,0.1746527778
559025.8400242249,-0.0817871094,0.0076293945,9.7824096683,-0.0017144097,0.0001085069,0.1745768229
559025.8500242250,-0.0822448730,0.0056457520,9.7821044925,-0.0009440104,0.0000325521,0.1746093750
559025.8600242250,-0.0823974609,0.0047302246,9.7813415531,-0.0019856771,0.0001085069,0.1745551215
559025.8700242250,-0.0825500488,0.0106811523,9.7813415531,-0.0007921007,0.0000434028,0.1746093750
559025.8800242250,-0.0822448730,0.0015258789,9.7805786136,-0.0018988715,0.0000976562,0.1746093750
559025.8900242250,-0.0822448730,0.0111389160,9.7810363773,-0.0010633681,0.0000759549,0.1745659722
559025.9000242250,-0.0830078125,0.0012207031,9.7817993167,-0.0014865451,0.0000868056,0.1745659722
559025.9100242250,-0.0823974609,0.0096130371,9.7825622562,-0.0015625000,0.0000759549,0.1745985243
559025.9200242250,-0.0825500488,0.0061035156,9.7814941409,-0.0010525174,0.0000868056,0.1745551215
559025.9300242250,-0.0828552246,0.0048828125,9.7813415531,-0.0019639757,0.0000868056,0.1746202257
559025.9400242260,-0.0831604004,0.0076293945,9.7814941409,-0.0007812500,0.0000325521,0.1746310764
559025.9500242260,-0.0828552246,0.0024414063,9.7810363773,-0.0019639757,0.0000976562,0.1746527778
559025.9600242260,-0.0827026367,0.0123596191,9.7814941409,-0.0009548611,0.0000759549,0.1746419271
559025.9700242260,-0.0825500488,0.0012207031,9.7813415531,-0.0016601562,0.0000759549,0.1746636285
559025.9800242260,-0.0828552246,0.0094604492,9.7822570804,-0.0013671875,0.0001085069,0.1746310764
559025.9900242260,-0.0828552246,0.0038146973,9.7813415531,-0.0012803819,0.0000434028,0.1746310764
559026.0000242260,-0.0823974609,0.0082397461,9.7816467288,-0.0017035590,0.0000868056,0.1746093750
559026.0100242260,-0.0807189941,0.0067138672,9.7816467288,-0.0009006076,0.0000759549,0.1748914930
559026.0200242260,-0.0825500488,0.0042724609,9.7811889652,-0.0019205729,0.0000759549,0.1745985243
559026.0300242261,-0.0831604004,0.0090026855,9.7814941409,-0.0008463542,0.0000651042,0.1746310764
559026.0400242259,-0.0837707520,0.0024414063,9.7805786136,-0.0019205729,0.0000976562,0.1745876736
559026.0500242260,-0.0816345215,0.0112915039,9.7813415531,-0.0009765625,0.0000217014,0.1746202257
559026.0600242260,-0.0817871094,0.0016784668,9.7810363773,-0.0017035590,0.0001193576,0.1746419271
559026.0700242260,-0.0830078125,0.0106811523,9.7824096683,-0.0012803819,0.0000759549,0.1746419271
559026.0800242260,-0.0845336914,0.0024414063,9.7808837894,-0.0012912326,0.0000651042,0.1745985243
559026.0900242260,-0.0820922852,0.0074768066,9.7814941409,-0.0017144097,0.0000759549,0.1746636285
559026.1000242260,-0.0811767578,0.0068664551,9.7813415531,-0.0009223090,0.0000759549,0.1746419271
559026.1100242260,-0.0816345215,0.0042724609,9.7814941409,-0.0019965278,0.0000976562,0.1745876736
559026.1200242260,-0.0830078125,0.0099182129,9.7821044925,-0.0008355035,0.0000759549,0.1745551215
559026.1300242260,-0.0843811035,0.0019836426,9.7807312015,-0.0019314236,0.0000542535,0.1745225694
559026.1400242260,-0.0817871094,0.0108337402,9.7822570804,-0.0010091146,0.0000759549,0.1745442708
559026.1500242261,-0.0807189941,0.0024414063,9.7811889652,-0.0015625000,0.0000868056,0.1745225694
559026.1600242259,-0.0834655762,0.0094604492,9.7817993167,-0.0014539931,0.0000976562,0.1745225694
559026.1700242260,-0.0848388672,0.0036621094,9.7816467288,-0.0011176215,0.0000434028,0.1745659722
559026.1800242260,-0.0814819336,0.0070190430,9.7814941409,-0.0018554687,0.0000759549,0.1745985243
559026.1900242260,-0.0813293457,0.0085449219,9.7814941409,-0.0008463542,0.0000759549,0.1746310764
559026.2000242260,-0.0827026367,0.0030517578,9.7813415531,-0.0020290799,0.0001193576,0.1746093750
559026.2100242260,-0.0839233398,0.0105285645,9.7817993167,-0.0008680556,0.0000434028,0.1746310764
559026.2200242260,-0.0827026367,0.0007629395,9.7811889652,-0.0017469618,0.0000759549,0.1746744792
559026.2300242260,-0.0814819336,0.0103759766,9.7813415531,-0.0012478299,0.0000976562,0.1746853299
559026.2400242260,-0.0833129883,0.0028991699,9.7808837894,-0.0013237847,0.0000651042,0.1746636285
559026.2500242260,-0.0820922852,0.0079345703,9.7816467288,-0.0017361111,0.0000868056,0.1746744792
559026.2600242260,-0.0817871094,0.0064086914,9.7816467288,-0.0009440104,0.0000651042,0.1746202257
559026.2700242260,-0.0825500488,0.0042724609,9.7813415531,-0.0019748264,0.0000868056,0.1746419271
559026.2800242261,-0.0819396973,0.0090026855,9.7824096683,-0.0008029514,0.0000759549,0.1746202257
559026.2900242259,-0.0842285156,0.0016784668,9.7811889652,-0.0018771701,0.0000976562,0.1747178819
559026.3000242260,-0.0845336914,0.0120544434,9.7821044925,-0.0010633681,0.0000651042,0.1747287326
559026.3100242260,-0.0817871094,0.0019836426,9.7811889652,-0.0015842014,0.0000651042,0.1746419271
559026.3200242260,-0.0807189941,0.0079345703,9.7816467288,-0.0014431424,0.0000976562,0.1745442708
559026.3300242260,-0.0817871094,0.0039672852,9.7810363773,-0.0011284722,0.0000759549,0.1745551215
559026.3400242260,-0.0848388672,0.0068664551,9.7814941409,-0.0018771701,0.0000868056,0.1745876736
559026.3500242260,-0.0825500488,0.0079345703,9.7810363773,-0.0008138021,0.0000651042,0.1746636285
559026.3600242260,-0.0808715820,0.0027465820,9.7813415531,-0.0019748264,0.0000868056,0.1746636285
559026.3700242260,-0.0819396973,0.0099182129,9.7813415531,-0.0008680556,0.0000651042,0.1746636285
559026.3800242260,-0.0839233398,0.0018310547,9.7805786136,-0.0018120660,0.0000976562,0.1746310764
559026.3900242260,-0.0846862793,0.0115966797,9.7817993167,-0.0011610243,0.0000434028,0.1746202257
559026.4000242261,-0.0811767578,0.0028991699,9.7814941409,-0.0014431424,0.0000759549,0.1745551215
559026.4100242259,-0.0814819336,0.0088500977,9.7814941409,-0.0015625000,0.0000868056,0.1746527778
559026.4200242260,-0.0828552246,0.0053405762,9.7813415531,-0.0009657118,0.0000868056,0.1746744792
559026.4300242260,-0.0833129883,0.0048828125,9.7817993167,-0.0019639757,0.0000868056,0.1745768229
559026.4400242260,-0.0828552246,0.0094604492,9.7821044925,-0.0008029514,0.0000325521,0.1745768229
559026.4500242260,-0.0808715820,0.0013732910,9.7810363773,-0.0019856771,0.0000976562,0.1745334201
559026.4600242260,-0.0817871094,0.0100708008,9.7817993167,-0.0009331597,0.0000868056,0.1745659722
559026.4700242260,-0.0834655762,0.0015258789,9.7811889652,-0.0016601562,0.0000868056,0.1745985243
559026.4800242260,-0.0822448730,0.0108337402,9.7814941409,-0.0013563368,0.0000868056,0.1745985243
559026.4900242260,-0.0814819336,0.0024414063,9.7810363773,-0.0012152778,0.0000325521,0.1746527778
559026.5000242260,-0.0822448730,0.0065612793,9.7817993167,-0.0017361111,0.0001085069,0.1746527778
559026.5100242260,-0.0839233398,0.0065612793,9.7817993167,-0.0009440104,0.0000759549,0.1746419271
559026.5200242260,-0.0827026367,0.0047302246,9.7813415531,-0.0019422743,0.0000759549,0.1746093750
559026.5300242261,-0.0811767578,0.0082397461,9.7814941409,-0.0008463542,0.0000651042,0.1746636285
559026.5400242259,-0.0811767578,0.0018310547,9.7810363773,-0.0018988715,0.0001085069,0.1746636285
559026.5500242260,-0.0842285156,0.0117492676,9.7816467288,-0.0009765625,0.0000651042,0.1746527778
559026.5600242260,-0.0831604004,0.0013732910,9.7810363773,-0.0016167535,0.0000759549,0.1745659722
559026.5700242260,-0.0805664063,0.0085449219,9.7821044925,-0.0013888889,0.0000759549,0.1745334201
559026.5800242260,-0.0814819336,0.0042724609,9.7808837894,-0.0011827257,0.0000759549,0.1745117187
559026.5900242260,-0.0827026367,0.0076293945,9.7813415531,-0.0018446181,0.0001085069,0.1745876736
559026.6000242260,-0.0834655762,0.0057983398,9.7817993167,-0.0008138021,0.0000325521,0.1746310764
559026.6100242260,-0.0811767578,0.0021362305,9.7810363773,-0.0019748264,0.0000868056,0.1745985243
559026.6200242260,-0.0807189941,0.0111389160,9.7813415531,-0.0008463542,0.0000868056,0.1746202257
559026.6300242260,-0.0820922852,0.0022888184,9.7810363773,-0.0018446181,0.0000759549,0.1746093750
559026.6400242260,-0.0839233398,0.0099182129,9.7816467288,-0.0011501736,0.0000976562,0.1746202257
559026.6500242261,-0.0819396973,0.0009155273,9.7814941409,-0.0014431424,0.0000651042,0.1746310764
559026.6600242259,-0.0816345215,0.0093078613,9.7821044925,-0.0015625000,0.0000868056,0.1746310764
559026.6700242260,-0.0823974609,0.0054931641,9.7816467288,-0.0010199653,0.0000651042,0.1746310764
559026.6800242260,-0.0834655762,0.0047302246,9.7810363773,-0.0019205729,0.0000976562,0.1746527778
559026.6900242260,-0.0827026367,0.0080871582,9.7819519046,-0.0007921007,0.0000651042,0.1746636285
559026.7000242260,-0.0816345215,0.0018310547,9.7808837894,-0.0019965278,0.0000868056,0.1745985243
559026.7100242260,-0.0811767578,0.0108337402,9.7814941409,-0.0009440104,0.0000759549,0.1746093750
559026.7200242260,-0.0833129883,0.0021362305,9.7811889652,-0.0017361111,0.0000976562,0.1745659722
559026.7300242260,-0.0833129883,0.0097656250,9.7814941409,-0.0012478299,0.0000325521,0.1746310764
559026.7400242260,-0.0820922852,0.0004577637,9.7814941409,-0.0013129340,0.0000868056,0.1746419271
559026.7500242260,-0.0816345215,0.0074768066,9.7813415531,-0.0016167535,0.0000542535,0.1745876736
559026.7600242260,-0.0822448730,0.0076293945,9.7801208499,-0.0009657118,0.0000759549,0.1745768229
559026.7700242260,-0.0834655762,0.0044250488,9.7853088382,-0.0019314236,0.0000976562,0.1745985243
559026.7800242261,-0.0823974609,0.0082397461,9.7804260257,-0.0008355035,0.0000651042,0.1746419271
559026.7900242259,-0.0819396973,0.0010681152,9.7819519046,-0.0019422743,0.0000868056,0.1746636285
559026.8000242260,-0.0830078125,0.0115966797,9.7822570804,-0.0009440104,0.0000434028,0.1746202257
559026.8100242260,-0.0825500488,0.0012207031,9.7790527347,-0.0017035590,0.0000868056,0.1746419271
559026.8200242260,-0.0814819336,0.0091552734,9.7827148441,-0.0012369792,0.0000759549,0.1746744792
559026.8300242260,-0.0822448730,0.0024414063,9.7819519046,-0.0013671875,0.0000651042,0.1746310764
559026.8400242260,-0.0825500488,0.0076293945,9.7808837894,-0.0016276042,0.0000976562,0.1746093750
559026.8500242260,-0.0825500488,0.0051879883,9.7814941409,-0.0010308160,0.0000325521,0.1745768229
559026.8600242260,-0.0823974609,0.0053405762,9.7822570804,-0.0018988715,0.0000976562,0.1745659722
559026.8700242260,-0.0817871094,0.0071716309,9.7807312015,-0.0008355035,0.0000651042,0.1746310764
559026.8800242260,-0.0827026367,0.0012207031,9.7814941409,-0.0019422743,0.0000976562,0.1745985243
559026.8900242260,-0.0825500488,0.0103759766,9.7817993167,-0.0008680556,0.0000434028,0.1745659722
559026.9000242261,-0.0825500488,0.0024414063,9.7811889652,-0.0017578125,0.0000868056,0.1745659722
559026.9100242259,-0.0819396973,0.0096130371,9.7819519046,-0.0012261285,0.0000434028,0.1745659722
559026.9200242260,-0.0823974609,0.0010681152,9.7802734378,-0.0013888889,0.0000868056,0.1745551215
559026.9300242260,-0.0820922852,0.0077819824,9.7811889652,-0.0015842014,0.0000976562,0.1745985243
559026.9400242260,-0.0828552246,0.0047302246,9.7824096683,-0.0010199653,0.0000325521,0.1746744792
559026.9500242260,-0.0827026367,0.0056457520,9.7811889652,-0.0018771701,0.0000976562,0.1746961805
559026.9600242260,-0.0820922852,0.0076293945,9.7817993167,-0.0008463542,0.0000651042,0.1746961805
559026.9700242260,-0.0827026367,0.0030517578,9.7816467288,-0.0019422743,0.0000868056,0.1745985243
559026.9800242260,-0.0825500488,0.0088500977,9.7810363773,-0.0009223090,0.0000325521,0.1746093750
559026.9900242260,-0.0825500488,0.0006103516,9.7804260257,-0.0017686632,0.0000759549,0.1746093750
559027.0000242260,-0.0823974609,0.0111389160,9.7813415531,-0.0011827257,0.0000976562,0.1745876736
559027.0100242270,-0.0827026367,0.0021362305,9.7810363773,-0.0013563368,0.0000651042,0.1748480903
559027.0200242270,-0.0813293457,0.0071716309,9.7825622562,-0.0016384549,0.0000759549,0.1745876736
559027.0300242270,-0.0828552246,0.0056457520,9.7817993167,-0.0009874132,0.0000759549,0.1746093750
559027.0400242270,-0.0831604004,0.0056457520,9.7817993167,-0.0019097222,0.0000868056,0.1748263889
559027.0500242270,-0.0828552246,0.0080871582,9.7816467288,-0.0008463542,0.0000651042,0.1748263889
559027.0600242270,-0.0817871094,0.0018310547,9.7810363773,-0.0019639757,0.0001085069,0.1746419271
559027.0700242270,-0.0823974609,0.0091552734,9.7816467288,-0.0009223090,0.0000434028,0.1746636285
559027.0800242270,-0.0830078125,0.0016784668,9.7808837894,-0.0017252604,0.0000759549,0.1745985243
559027.0900242270,-0.0830078125,0.0102233887,9.7827148441,-0.0012152778,0.0000868056,0.1746527778
559027.1000242271,-0.0816345215,0.0019836426,9.7808837894,-0.0013563368,0.0000868056,0.1746202257
559027.1100242269,-0.0823974609,0.0071716309,9.7816467288,-0.0016493056,0.0000542535,0.1745985243
559027.1200242270,-0.0833129883,0.0053405762,9.7811889652,-0.0010091146,0.0000759549,0.1746202257
559027.1300242270,-0.0820922852,0.0042724609,9.7819519046,-0.0018988715,0.0000976562,0.1746202257
559027.1400242270,-0.0822448730,0.0082397461,9.7813415531,-0.0008355035,0.0000217014,0.1746202257
559027.1500242270,-0.0830078125,0.0021362305,9.7811889652,-0.0019205729,0.0000868056,0.1745985243
559027.1600242270,-0.0828552246,0.0093078613,9.7817993167,-0.0009331597,0.0000868056,0.1745659722
559027.1700242270,-0.0819396973,0.0016784668,9.7807312015,-0.0017469618,0.0000759549,0.1745551215
559027.1800242270,-0.0819396973,0.0103759766,9.7817993167,-0.0012044271,0.0000651042,0.1745768229
559027.1900242270,-0.0830078125,0.0018310547,9.7819519046,-0.0014214410,0.0000976562,0.1746202257
559027.2000242270,-0.0825500488,0.0083923340,9.7821044925,-0.0015842014,0.0000868056,0.1745985243
559027.2100242270,-0.0819396973,0.0047302246,9.7810363773,-0.0009765625,0.0000108507,0.1746419271
559027.2200242270,-0.0808715820,0.0048828125,9.7811889652,-0.0018771701,0.0001085069,0.1746310764
559027.2300242271,-0.0820922852,0.0083923340,9.7819519046,-0.0008680556,0.0000759549,0.1746636285
559027.2400242270,-0.0840759277,0.0022888184,9.7816467288,-0.0019422743,0.0000759549,0.1746527778
559027.2500242270,-0.0830078125,0.0106811523,9.7825622562,-0.0009548611,0.0000108507,0.1746310764
559027.2600242270,-0.0810241699,0.0007629395,9.7827148441,-0.0017361111,0.0000759549,0.1746310764
559027.2700242270,-0.0813293457,0.0093078613,9.7816467288,-0.0012152778,0.0000759549,0.1745985243
559027.2800242270,-0.0831604004,0.0019836426,9.7802734378,-0.0013237847,0.0001085069,0.1745985243
559027.2900242270,-0.0837707520,0.0073242188,9.7805786136,-0.0016384549,0.0001085069,0.1746310764
559027.3000242270,-0.0814819336,0.0044250488,9.7805786136,-0.0010091146,0.0000759549,0.1746093750
559027.3100242270,-0.0805664063,0.0047302246,9.7810363773,-0.0019314236,0.0000759549,0.1746527778
559027.3200242270,-0.0823974609,0.0085449219,9.7828674320,-0.0008355035,0.0000108507,0.1746527778
559027.3300242270,-0.0837707520,0.0015258789,9.7824096683,-0.0019205729,0.0000868056,0.1746419271
559027.3400242270,-0.0827026367,0.0097656250,9.7830200199,-0.0009331597,0.0000434028,0.1746310764
559027.3500242271,-0.0816345215,0.0015258789,9.7816467288,-0.0016710069,0.0001085069,0.1746527778
559027.3600242269,-0.0817871094,0.0094604492,9.7816467288,-0.0012261285,0.0001302083,0.1746527778
559027.3700242270,-0.0833129883,0.0021362305,9.7802734378,-0.0013563368,0.0000651042,0.1746202257
559027.3800242270,-0.0828552246,0.0074768066,9.7799682620,-0.0016167535,0.0000759549,0.1745876736
559027.3900242270,-0.0819396973,0.0048828125,9.7805786136,-0.0010199653,0.0000217014,0.1746527778
559027.4000242270,-0.0814819336,0.0048828125,9.7813415531,-0.0018880208,0.0001085069,0.1746744792
559027.4100242270,-0.0825500488,0.0082397461,9.7831726077,-0.0008355035,0.0000759549,0.1746527778
559027.4200242270,-0.0839233398,0.0018310547,9.7822570804,-0.0019422743,0.0000759549,0.1746202257
559027.4300242270,-0.0820922852,0.0094604492,9.7822570804,-0.0009223090,0.0000325521,0.1746093750
559027.4400242270,-0.0816345215,0.0015258789,9.7805786136,-0.0017361111,0.0000759549,0.1745876736
559027.4500242270,-0.0819396973,0.0103759766,9.7817993167,-0.0011827257,0.0000868056,0.1745876736
559027.4600242270,-0.0827026367,0.0015258789,9.7804260257,-0.0014431424,0.0000868056,0.1745442708
559027.4700242270,-0.0825500488,0.0085449219,9.7810363773,-0.0014865451,0.0000651042,0.1745117187
559027.4800242271,-0.0814819336,0.0039672852,9.7808837894,-0.0010959201,0.0000325521,0.1745768229
559027.4900242270,-0.0827026367,0.0062561035,9.7814941409,-0.0018120660,0.0000325521,0.1745876736
559027.5000242270,-0.0820922852,0.0061035156,9.7825622562,-0.0008897569,0.0000759549,0.1745876736
559027.5100242270,-0.0827026367,0.0030517578,9.7817993167,-0.0019422743,0.0001193576,0.1745876736
559027.5200242270,-0.0817871094,0.0099182129,9.7825622562,-0.0008680556,0.0000759549,0.1746310764
559027.5300242270,-0.0817871094,0.0013732910,9.7810363773,-0.0018446181,0.0000651042,0.1746419271
559027.5400242270,-0.0822448730,0.0096130371,9.7813415531,-0.0010633681,0.0000651042,0.1746636285
559027.5500242270,-0.0834655762,0.0007629395,9.7807312015,-0.0014865451,0.0000542535,0.1746419271
559027.5600242270,-0.0830078125,0.0090026855,9.7814941409,-0.0014865451,0.0000868056,0.1746853299
559027.5700242270,-0.0816345215,0.0033569336,9.7810363773,-0.0011176215,0.0000651042,0.1747070312
559027.5800242270,-0.0819396973,0.0050354004,9.7822570804,-0.0018337674,0.0000976562,0.1746961805
559027.5900242270,-0.0820922852,0.0074768066,9.7822570804,-0.0008463542,0.0000434028,0.1746093750
559027.6000242271,-0.0831604004,0.0038146973,9.7817993167,-0.0019639757,0.0000759549,0.1745768229
559027.6100242269,-0.0823974609,0.0094604492,9.7816467288,-0.0008138021,0.0000651042,0.1745768229
559027.6200242270,-0.0819396973,-0.0003051758,9.7807312015,-0.0018229167,0.0000868056,0.1745551215
559027.6300242270,-0.0814819336,0.0103759766,9.7816467288,-0.0011067708,0.0000434028,0.1745334201
559027.6400242270,-0.0831604004,0.0016784668,9.7816467288,-0.0014431424,0.0000542535,0.1745768229
559027.6500242270,-0.0830078125,0.0085449219,9.7817993167,-0.0015516493,0.0000868056,0.1745768229
559027.6600242270,-0.0822448730,0.0044250488,9.7816467288,-0.0010633681,0.0000759549,0.1746202257
559027.6700242270,-0.0808715820,0.0059509277,9.7819519046,-0.0018337674,0.0001085069,0.1746093750
559027.6800242270,-0.0816345215,0.0070190430,9.7822570804,-0.0008029514,0.0000976562,0.1745659722
559027.6900242270,-0.0831604004,0.0021362305,9.7801208499,-0.0019422743,0.0000325521,0.1745225694
559027.7000242270,-0.0825500488,0.0093078613,9.7808837894,-0.0009223090,-0.0000108507,0.1745442708
559027.7100242270,-0.0820922852,0.0006103516,9.7805786136,-0.0017686632,0.0000759549,0.1745442708
559027.7200242270,-0.0822448730,0.0097656250,9.7824096683,-0.0011935764,0.0001519097,0.1746310764
559027.7300242271,-0.0823974609,0.0024414063,9.7821044925,-0.0013780382,0.0001085069,0.1745876736
559027.7400242270,-0.0827026367,0.0080871582,9.7821044925,-0.0015842014,0.0000651042,0.1746310764
559027.7500242270,-0.0814819336,0.0045776367,9.7808837894,-0.0009331597,0.0000217014,0.1746310764
559027.7600242270,-0.0828552246,0.0035095215,9.7805786136,-0.0019856771,0.0000759549,0.1746419271
559027.7700242270,-0.0830078125,0.0086975098,9.7817993167,-0.0007269965,0.0000434028,0.1746310764
559027.7800242270,-0.0816345215,0.0004577637,9.7813415531,-0.0019422743,0.0001085069,0.1745985243
559027.7900242270,-0.0808715820,0.0099182129,9.7822570804,-0.0009874132,0.0000868056,0.1745768229
559027.8000242270,-0.0828552246,0.0025939941,9.7817993167,-0.0015733507,0.0000868056,0.1746093750
559027.8100242270,-0.0825500488,0.0090026855,9.7819519046,-0.0013888889,0.0000759549,0.1746310764
559027.8200242270,-0.0827026367,0.0012207031,9.7805786136,-0.0012044271,-0.0000000000,0.1745985243
559027.8300242270,-0.0819396973,0.0064086914,9.7816467288,-0.0016601562,0.0000325521,0.1746093750
559027.8400242270,-0.0823974609,0.0073242188,9.7817993167,-0.0010091146,0.0000434028,0.1746636285
559027.8500242271,-0.0828552246,0.0045776367,9.7814941409,-0.0018880208,0.0001193576,0.1746636285
559027.8600242269,-0.0823974609,0.0056457520,9.7821044925,-0.0008355035,0.0000868056,0.1746636285
559027.8700242270,-0.0816345215,0.0025939941,9.7819519046,-0.0019097222,0.0001085069,0.1745876736
559027.8800242270,-0.0813293457,0.0108337402,9.7811889652,-0.0008897569,0.0000108507,0.1746093750
559027.8900242270,-0.0834655762,0.0010681152,9.7799682620,-0.0017469618,0.0000108507,0.1745768229
559027.9000242270,-0.0830078125,0.0077819824,9.7817993167,-0.0011827257,0.0000217014,0.1746202257
559027.9100242270,-0.0810241699,0.0016784668,9.7814941409,-0.0013237847,0.0000868056,0.1746419271
559027.9200242270,-0.0801086426,0.0091552734,9.7824096683,-0.0016710069,0.0001519097,0.1745985243
559027.9300242270,-0.0837707520,0.0042724609,9.7816467288,-0.0009657118,0.0000868056,0.1746310764
559027.9400242270,-0.0823974609,0.0024414063,9.7811889652,-0.0019314236,0.0000325521,0.1746527778
559027.9500242270,-0.0816345215,0.0094604492,9.7811889652,-0.0007812500,-0.0000000000,0.1746093750
559027.9600242270,-0.0811767578,0.0001525879,9.7807312015,-0.0019097222,0.0001193576,0.1745985243
559027.9700242270,-0.0836181641,0.0100708008,9.7822570804,-0.0010091146,0.0001085069,0.1746202257
559027.9800242271,-0.0834655762,0.0016784668,9.7813415531,-0.0016384549,0.0000976562,0.1746527778
559027.9900242270,-0.0819396973,0.0086975098,9.7817993167,-0.0013888889,0.0000759549,0.1746744792
559028.0000242270,-0.0817871094,0.0022888184,9.7811889652,-0.0011827257,-0.0000000000,0.1746636285
559028.0100242270,-0.0819396973,0.0059509277,9.7804260257,-0.0017252604,0.0000542535,0.1748589410
559028.0200242270,-0.0830078125,0.0051879883,9.7813415531,-0.0009223090,0.0000651042,0.1745659722
559028.0300242270,-0.0828552246,0.0045776367,9.7819519046,-0.0019205729,0.0001193576,0.1745551215
559028.0400242270,-0.0811767578,0.0082397461,9.7827148441,-0.0008463542,0.0000976562,0.1746093750
559028.0500242270,-0.0814819336,-0.0000000000,9.7814941409,-0.0018988715,0.0000868056,0.1746093750
559028.0600242270,-0.0825500488,0.0091552734,9.7807312015,-0.0009657118,-0.0000000000,0.1746961805
559028.0700242270,-0.0831604004,0.0013732910,9.7807312015,-0.0015950521,0.0000325521,0.1746636285
559028.0800242270,-0.0823974609,0.0097656250,9.7821044925,-0.0013346354,0.0001085069,0.1747070312
559028.0900242280,-0.0822448730,0.0021362305,9.7819519046,-0.0012695312,0.0001193576,0.1746853299
559028.1000242280,-0.0822448730,0.0056457520,9.7822570804,-0.0016818576,0.0000868056,0.1746419271
559028.1100242280,-0.0828552246,0.0057983398,9.7801208499,-0.0009331597,-0.0000000000,0.1746202257
559028.1200242280,-0.0822448730,0.0042724609,9.7813415531,-0.0019314236,0.0000868056,0.1746419271
559028.1300242280,-0.0816345215,0.0071716309,9.7827148441,-0.0008029514,0.0000651042,0.1745876736
559028.1400242280,-0.0817871094,0.0010681152,9.7813415531,-0.0018988715,0.0001193576,0.1745768229
559028.1500242280,-0.0831604004,0.0108337402,9.7811889652,-0.0009440104,-0.0000000000,0.1746202257
559028.1600242280,-0.0825500488,0.0003051758,9.7810363773,-0.0016493056,0.0000868056,0.1745985243
559028.1700242280,-0.0816345215,0.0083923340,9.7821044925,-0.0013346354,0.0000868056,0.1746636285
559028.1800242279,-0.0810241699,0.0018310547,9.7811889652,-0.0012261285,0.0000434028,0.1746636285
559028.1900242280,-0.0823974609,0.0065612793,9.7810363773,-0.0017252604,0.0000542535,0.1746093750
559028.2000242280,-0.0822448730,0.0061035156,9.7824096683,-0.0009440104,0.0000976562,0.1746093750
559028.2100242280,-0.0816345215,0.0038146973,9.7814941409,-0.0019205729,0.0000325521,0.1745985243
559028.2200242280,-0.0828552246,0.0068664551,9.7822570804,-0.0008138021,0.0000651042,0.1746419271
559028.2300242280,-0.0820922852,0.0027465820,9.7816467288,-0.0018771701,0.0000976562,0.1746636285
559028.2400242280,-0.0820922852,0.0091552734,9.7795104984,-0.0009765625,0.0000325521,0.1746636285
559028.2500242280,-0.0837707520,-0.0013732910,9.7792053226,-0.0017252604,0.0000651042,0.1746419271
559028.2600242280,-0.0816345215,0.0096130371,9.7816467288,-0.0011827257,0.0000976562,0.1746202257
559028.2700242280,-0.0819396973,0.0025939941,9.7816467288,-0.0013346354,0.0000868056,0.1746419271
559028.2800242280,-0.0828552246,0.0068664551,9.7824096683,-0.0016384549,0.0000542535,0.1745876736
559028.2900242280,-0.0830078125,0.0036621094,9.7822570804,-0.0009657118,0.0000651042,0.1746202257
559028.3000242281,-0.0799560547,0.0050354004,9.7817993167,-0.0018880208,0.0000976562,0.1746310764
559028.3100242279,-0.0816345215,0.0082397461,9.7821044925,-0.0008355035,0.0000325521,0.1746202257
559028.3200242280,-0.0834655762,0.0019836426,9.7811889652,-0.0019314236,0.0000976562,0.1745985243
559028.3300242280,-0.0828552246,0.0079345703,9.7808837894,-0.0009548611,0.0000325521,0.1745768229
559028.3400242280,-0.0805664063,0.0006103516,9.7810363773,-0.0016818576,0.0000759549,0.1746310764
559028.3500242280,-0.0808715820,0.0091552734,9.7827148441,-0.0011501736,0.0000976562,0.1745985243
559028.3600242280,-0.0839233398,0.0016784668,9.7811889652,-0.0014431424,0.0000542535,0.1746419271
559028.3700242280,-0.0817871094,0.0077819824,9.7817993167,-0.0015299479,0.0000651042,0.1745442708
559028.3800242280,-0.0822448730,0.0028991699,9.7814941409,-0.0011067708,0.0000434028,0.1745876736
559028.3900242280,-0.0828552246,0.0062561035,9.7811889652,-0.0018446181,0.0000651042,0.1745768229
559028.4000242280,-0.0808715820,0.0080871582,9.7814941409,-0.0007595486,0.0000434028,0.1745876736
559028.4100242280,-0.0828552246,0.0010681152,9.7810363773,-0.0019965278,0.0000651042,0.1745876736
559028.4200242280,-0.0828552246,0.0091552734,9.7816467288,-0.0008572049,0.0000651042,0.1746093750
559028.4300242279,-0.0819396973,0.0021362305,9.7814941409,-0.0017144097,0.0000651042,0.1745985243
559028.4400242280,-0.0816345215,0.0100708008,9.7821044925,-0.0012803819,0.0000759549,0.1746419271
559028.4500242280,-0.0825500488,0.0009155273,9.7813415531,-0.0013346354,0.0000651042,0.1746310764
559028.4600242280,-0.0823974609,0.0065612793,9.7816467288,-0.0016276042,0.0000759549,0.1746636285
559028.4700242280,-0.0822448730,0.0042724609,9.7811889652,-0.0009657118,0.0000325521,0.1746419271
559028.4800242280,-0.0808715820,0.0047302246,9.7811889652,-0.0018880208,0.0000976562,0.1746093750
559028.4900242280,-0.0823974609,0.0076293945,9.7821044925,-0.0007921007,0.0000325521,0.1746419271
559028.5000242280,-0.0827026367,0.0006103516,9.7810363773,-0.0019422743,0.0000868056,0.1745876736
559028.5100242280,-0.0816345215,0.0100708008,9.7822570804,-0.0009223090,0.0000325521,0.1745551215
559028.5200242280,-0.0816345215,0.0006103516,9.7811889652,-0.0016601562,0.0000759549,0.1745876736
559028.5300242280,-0.0830078125,0.0099182129,9.7822570804,-0.0013346354,0.0000651042,0.1745442708
559028.5400242280,-0.0833129883,0.0022888184,9.7816467288,-0.0011827257,0.0000651042,0.1745659722
559028.5500242281,-0.0808715820,0.0050354004,9.7816467288,-0.0017686632,0.0000542535,0.1746093750
559028.5600242279,-0.0807189941,0.0064086914,9.7813415531,-0.0008138021,0.0000434028,0.1746310764
559028.5700242280,-0.0820922852,0.0030517578,9.7808837894,-0.0019965278,0.0000759549,0.1746527778
559028.5800242280,-0.0831604004,0.0094604492,9.7814941409,-0.0008463542,0.0000325521,0.1746419271
559028.5900242280,-0.0822448730,-0.0003051758,9.7813415531,-0.0018012153,0.0000651042,0.1746419271
559028.6000242280,-0.0817871094,0.0096130371,9.7822570804,-0.0011176215,0.0000651042,0.1746310764
559028.6100242280,-0.0808715820,0.0015258789,9.7814941409,-0.0013997396,0.0000759549,0.1745768229
559028.6200242280,-0.0830078125,0.0071716309,9.7816467288,-0.0015407986,0.0000976562,0.1746093750
559028.6300242280,-0.0831604004,0.0038146973,9.7816467288,-0.0010308160,0.0000325521,0.1746310764
559028.6400242280,-0.0819396973,0.0042724609,9.7816467288,-0.0018446181,0.0000651042,0.1746310764
559028.6500242280,-0.0811767578,0.0071716309,9.7808837894,-0.0008463542,0.0000759549,0.1746310764
559028.6600242280,-0.0834655762,0.0015258789,9.7810363773,-0.0019422743,0.0000868056,0.1746202257
559028.6700242280,-0.0828552246,0.0099182129,9.7819519046,-0.0008789062,0.0000434028,0.1746093750
559028.6800242279,-0.0814819336,0.0004577637,9.7814941409,-0.0017361111,0.0000759549,0.1746093750
559028.6900242280,-0.0808715820,0.0088500977,9.7814941409,-0.0011827257,0.0000651042,0.1745659722
559028.7000242280,-0.0825500488,0.0015258789,9.7807312015,-0.0013671875,0.0000651042,0.1743815104
559028.7100242280,-0.0823974609,0.0074768066,9.7817993167,-0.0016167535,0.0000651042,0.1745117187
559028.7200242280,-0.0827026367,0.0045776367,9.7821044925,-0.0010199653,0.0000325521,0.1746202257
559028.7300242280,-0.0819396973,0.0030517578,9.7813415531,-0.0018554687,0.0000759549,0.1746744792
559028.7400242280,-0.0808715820,0.0073242188,9.7819519046,-0.0007921007,0.0000325521,0.1747178819
559028.7500242280,-0.0822448730,0.0025939941,9.7808837894,-0.0019314236,0.0000868056,0.1746853299
559028.7600242280,-0.0831604004,0.0093078613,9.7822570804,-0.0009006076,0.0000651042,0.1746744792
559028.7700242280,-0.0822448730,-0.0003051758,9.7813415531,-0.0017144097,0.0000325521,0.1745876736
559028.7800242280,-0.0810241699,0.0083923340,9.7816467288,-0.0012695312,0.0000759549,0.1746527778
559028.7900242280,-0.0814819336,0.0024414063,9.7807312015,-0.0012695312,0.0000651042,0.1746419271
559028.8000242281,-0.0833129883,0.0073242188,9.7813415531,-0.0017361111,0.0000868056,0.1746093750
559028.8100242279,-0.0833129883,0.0061035156,9.7819519046,-0.0008138021,0.0000325521,0.1745768229
559028.8200242280,-0.0811767578,0.0009155273,9.7813415531,-0.0019856771,0.0000868056,0.1745659722
559028.8300242280,-0.0813293457,0.0088500977,9.7816467288,-0.0008029514,0.0000325521,0.1745768229
559028.8400242280,-0.0831604004,0.0009155273,9.7811889652,-0.0018120660,0.0000976562,0.1745876736
559028.8500242280,-0.0828552246,0.0096130371,9.7816467288,-0.0011935764,0.0000434028,0.1745442708
559028.8600242280,-0.0825500488,-0.0000000000,9.7807312015,-0.0013671875,0.0000759549,0.1745659722
559028.8700242280,-0.0807189941,0.0065612793,9.7817993167,-0.0015950521,0.0000759549,0.1746093750
559028.8800242280,-0.0825500488,0.0047302246,9.7816467288,-0.0009331597,0.0000434028,0.1746636285
559028.8900242280,-0.0820922852,0.0038146973,9.7817993167,-0.0019097222,0.0000976562,0.1746853299
559028.9000242280,-0.0822448730,0.0073242188,9.7817993167,-0.0008355035,0.0000434028,0.1747070312
559028.9100242280,-0.0827026367,0.0013732910,9.7810363773,-0.0019314236,0.0000651042,0.1746744792
559028.9200242280,-0.0814819336,0.0097656250,9.7817993167,-0.0009548611,0.0000759549,0.1746636285
559028.9300242279,-0.0814819336,0.0009155273,9.7811889652,-0.0016384549,0.0000651042,0.1745551215
559028.9400242280,-0.0837707520,0.0077819824,9.7813415531,-0.0012695312,0.0000651042,0.1746202257
559028.9500242280,-0.0825500488,0.0022888184,9.7813415531,-0.0013129340,0.0000651042,0.1746202257
559028.9600242280,-0.0807189941,0.0073242188,9.7821044925,-0.0016601562,0.0000651042,0.1745659722
559028.9700242280,-0.0811767578,0.0039672852,9.7816467288,-0.0009331597,0.0000325521,0.1745876736
559028.9800242280,-0.0828552246,0.0027465820,9.7816467288,-0.0019422743,0.0001193576,0.1745768229
559028.9900242280,-0.0834655762,0.0091552734,9.7819519046,-0.0007921007,0.0000108507,0.1746093750
559029.0000242280,-0.0822448730,0.0003051758,9.7813415531,-0.0018880208,0.0000759549,0.1745985243
559029.0100242280,-0.0805664063,0.0086975098,9.7817993167,-0.0010308160,0.0000868056,0.1749131944
559029.0200242280,-0.0819396973,0.0004577637,9.7814941409,-0.0014756944,0.0000651042,0.1746636285
559029.0300242280,-0.0825500488,0.0093078613,9.7816467288,-0.0014756944,0.0000759549,0.1745876736
559029.0400242280,-0.0828552246,0.0032043457,9.7810363773,-0.0011393229,0.0000434028,0.1746527778
559029.0500242281,-0.0814819336,0.0032043457,9.7813415531,-0.0018120660,0.0000651042,0.1746636285
559029.0600242279,-0.0802612305,0.0057983398,9.7816467288,-0.0008138021,0.0000651042,0.1746744792
559029.0700242280,-0.0823974609,0.0033569336,9.7813415531,-0.0019748264,0.0000976562,0.1746527778
559029.0800242280,-0.0840759277,0.0085449219,9.7819519046,-0.0008355035,0.0000325521,0.1746202257
559029.0900242280,-0.0820922852,-0.0006103516,9.7819519046,-0.0018120660,0.0000759549,0.1746310764
559029.1000242280,-0.0801086426,0.0088500977,9.7816467288,-0.0010633681,0.0000434028,0.1746527778
559029.1100242280,-0.0811767578,0.0012207031,9.7810363773,-0.0015082465,0.0000759549,0.1746419271
559029.1200242280,-0.0836181641,0.0076293945,9.7816467288,-0.0014648437,0.0000759549,0.1746636285
559029.1300242280,-0.0825500488,0.0027465820,9.7814941409,-0.0010742187,0.0000217014,0.1746093750
559029.1400242280,-0.0807189941,0.0042724609,9.7814941409,-0.0018554687,0.0000868056,0.1746310764
559029.1500242280,-0.0814819336,0.0064086914,9.7810363773,-0.0007269965,0.0000325521,0.1746636285
559029.1600242290,-0.0837707520,0.0012207031,9.7808837894,-0.0019965278,0.0000759549,0.1746527778
559029.1700242290,-0.0828552246,0.0088500977,9.7817993167,-0.0008897569,0.0000325521,0.1746744792
559029.1800242290,-0.0816345215,-0.0001525879,9.7811889652,-0.0017035590,0.0000542535,0.1746853299
559029.1900242290,-0.0813293457,0.0083923340,9.7811889652,-0.0013020833,0.0000434028,0.1746310764
559029.2000242290,-0.0828552246,0.0028991699,9.7816467288,-0.0012695312,0.0000759549,0.1746202257
559029.2100242290,-0.0830078125,0.0053405762,9.7816467288,-0.0016818576,0.0000759549,0.1745768229
559029.2200242290,-0.0823974609,0.0041198730,9.7808837894,-0.0008680556,0.0000325521,0.1745442708
559029.2300242290,-0.0811767578,0.0035095215,9.7813415531,-0.0019639757,0.0000651042,0.1745659722
559029.2400242290,-0.0816345215,0.0090026855,9.7819519046,-0.0008029514,0.0000325521,0.1745768229
559029.2500242291,-0.0820922852,-0.0010681152,9.7810363773,-0.0018880208,0.0000759549,0.1745876736
559029.2600242289,-0.0827026367,0.0083923340,9.7816467288,-0.0009874132,0.0000651042,0.1745659722
559029.2700242290,-0.0820922852,0.0018310547,9.7808837894,-0.0015516493,0.0000325521,0.1745225694
559029.2800242290,-0.0807189941,0.0080871582,9.7813415531,-0.0013563368,0.0000759549,0.1746310764
559029.2900242290,-0.0822448730,0.0012207031,9.7811889652,-0.0012044271,0.0000651042,0.1746527778
559029.3000242290,-0.0828552246,0.0054931641,9.7821044925,-0.0017144097,0.0000651042,0.1746527778
559029.3100242290,-0.0816345215,0.0054931641,9.7813415531,-0.0009331597,0.0000434028,0.1746202257
559029.3200242290,-0.0814819336,0.0022888184,9.7813415531,-0.0019639757,0.0000759549,0.1746202257
559029.3300242290,-0.0827026367,0.0071716309,9.7816467288,-0.0007921007,0.0000325521,0.1746527778
559029.3400242290,-0.0827026367,0.0004577637,9.7808837894,-0.0018337674,0.0000868056,0.1746636285
559029.3500242290,-0.0820922852,0.0099182129,9.7824096683,-0.0009657118,0.0000434028,0.1745876736
559029.3600242290,-0.0825500488,-0.0000000000,9.7814941409,-0.0016167535,0.0000325521,0.1745985243
559029.3700242291,-0.0828552246,0.0082397461,9.7817993167,-0.0013997396,0.0000759549,0.1746310764
559029.3800242289,-0.0820922852,0.0021362305,9.7811889652,-0.0011610243,0.0000651042,0.1746310764
559029.3900242290,-0.0817871094,0.0050354004,9.7816467288,-0.0018120660,0.0000651042,0.1746527778
559029.4000242290,-0.0813293457,0.0059509277,9.7819519046,-0.0007921007,0.0000651042,0.1746202257
559029.4100242290,-0.0813293457,0.0018310547,9.7811889652,-0.0019639757,0.0000759549,0.1746093750
559029.4200242290,-0.0816345215,0.0085449219,9.7811889652,-0.0008463542,0.0000434028,0.1746636285
559029.4300242290,-0.0827026367,0.0003051758,9.7810363773,-0.0018120660,0.0000759549,0.1746527778
559029.4400242290,-0.0822448730,0.0083923340,9.7814941409,-0.0010416667,0.0000434028,0.1746961805
559029.4500242290,-0.0810241699,0.0012207031,9.7811889652,-0.0015082465,0.0000542535,0.1746310764
559029.4600242290,-0.0808715820,0.0083923340,9.7817993167,-0.0014648437,0.0000759549,0.1746419271
559029.4700242290,-0.0830078125,0.0027465820,9.7808837894,-0.0010525174,0.0000434028,0.1746310764
559029.4800242290,-0.0825500488,0.0041198730,9.7814941409,-0.0018337674,0.0000759549,0.1745768229
559029.4900242290,-0.0819396973,0.0062561035,9.7817993167,-0.0007921007,0.0000325521,0.1745551215
559029.5000242291,-0.0814819336,0.0006103516,9.7811889652,-0.0019856771,0.0000868056,0.1745225694
559029.5100242289,-0.0828552246,0.0099182129,9.7816467288,-0.0008680556,0.0000651042,0.1745659722
559029.5200242290,-0.0813293457,-0.0000000000,9.7811889652,-0.0017252604,0.0000542535,0.1745659722
559029.5300242290,-0.0807189941,0.0076293945,9.7811889652,-0.0012369792,0.0000759549,0.1746202257
559029.5400242290,-0.0817871094,0.0013732910,9.7813415531,-0.0012478299,0.0000759549,0.1745985243
559029.5500242290,-0.0827026367,0.0067138672,9.7816467288,-0.0016384549,0.0000542535,0.1746527778
559029.5600242290,-0.0834655762,0.0033569336,9.7817993167,-0.0009874132,0.0000325521,0.1746636285
559029.5700242290,-0.0819396973,0.0027465820,9.7833251956,-0.0018554687,0.0000325521,0.1746527778
559029.5800242290,-0.0794982910,0.0079345703,9.7814941409,-0.0008138021,0.0000434028,0.1746310764
559029.5900242290,-0.0833129883,0.0007629395,9.7807312015,-0.0019748264,0.0000976562,0.1746093750
559029.6000242290,-0.0840759277,0.0086975098,9.7816467288,-0.0008463542,0.0000217014,0.1746961805
559029.6100242290,-0.0819396973,-0.0004577637,9.7807312015,-0.0017035590,0.0000542535,0.1746853299
559029.6200242291,-0.0799560547,0.0093078613,9.7821044925,-0.0012369792,0.0000651042,0.1746310764
559029.6300242289,-0.0804138184,0.0006103516,9.7811889652,-0.0012803819,0.0000651042,0.1746202257
559029.6400242290,-0.0848388672,0.0054931641,9.7814941409,-0.0017252604,0.0000759549,0.1746310764
559029.6500242290,-0.0833129883,0.0051879883,9.7821044925,-0.0008572049,0.0000325521,0.1746419271
559029.6600242290,-0.0790405273,0.0027465820,9.7821044925,-0.0019422743,0.0000651042,0.1746419271
559029.6700242290,-0.0807189941,0.0071716309,9.7821044925,-0.0008029514,0.0000759549,0.1745551215
559029.6800242290,-0.0846862793,-0.0009155273,9.7805786136,-0.0018554687,0.0000759549,0.1745659722
559029.6900242290,-0.0836181641,0.0093078613,9.7822570804,-0.0009874132,0.0000108507,0.1745551215
559029.7000242290,-0.0810241699,0.0016784668,9.7810363773,-0.0015407986,0.0000651042,0.1745442708
559029.7100242290,-0.0794982910,0.0061035156,9.7814941409,-0.0014648437,0.0000651042,0.1746202257
559029.7200242290,-0.0823974609,0.0018310547,9.7822570804,-0.0010742187,0.0000759549,0.1746419271
559029.7300242290,-0.0849914551,0.0039672852,9.7813415531,-0.0018120660,0.0000325521,0.1746636285
559029.7400242290,-0.0822448730,0.0071716309,9.7813415531,-0.0008029514,0.0000108507,0.1746527778
559029.7500242291,-0.0796508789,0.0010681152,9.7810363773,-0.0019422743,0.0000759549,0.1744683160
559029.7600242289,-0.0814819336,0.0071716309,9.7817993167,-0.0008463542,0.0000651042,0.1744791667
559029.7700242290,-0.0842285156,-0.0000000000,9.7811889652,-0.0017686632,0.0000759549,0.1745768229
559029.7800242290,-0.0834655762,0.0100708008,9.7816467288,-0.0011610243,0.0000325521,0.1746744792
559029.7900242290,-0.0805664063,-0.0001525879,9.7808837894,-0.0013888889,0.0000434028,0.1747070312
559029.8000242290,-0.0794982910,0.0053405762,9.7814941409,-0.0016167535,0.0000759549,0.1747178819
559029.8100242290,-0.0830078125,0.0038146973,9.7816467288,-0.0008897569,0.0000434028,0.1747070312
559029.8200242290,-0.0843811035,0.0047302246,9.7813415531,-0.0018988715,0.0000542535,0.1746202257
559029.8300242290,-0.0827026367,0.0074768066,9.7816467288,-0.0008355035,0.0000108507,0.1746310764
559029.8400242290,-0.0799560547,-0.0006103516,9.7814941409,-0.0019097222,0.0000868056,0.1745551215
559029.8500242290,-0.0814819336,0.0079345703,9.7817993167,-0.0009331597,0.0000651042,0.1745876736
559029.8600242290,-0.0833129883,0.0010681152,9.7813415531,-0.0016710069,0.0000651042,0.1745659722
559029.8700242291,-0.0831604004,0.0086975098,9.7817993167,-0.0012695312,0.0000434028,0.1745985243
559029.8800242289,-0.0810241699,-0.0001525879,9.7810363773,-0.0013020833,0.0000434028,0.1746310764
559029.8900242290,-0.0808715820,0.0059509277,9.7816467288,-0.0015950521,0.0000759549,0.1746636285
559029.9000242290,-0.0828552246,0.0051879883,9.7817993167,-0.0009657118,0.0000651042,0.1746419271
559029.9100242290,-0.0842285156,0.0035095215,9.7810363773,-0.0018880208,0.0000325521,0.1745876736
559029.9200242290,-0.0810241699,0.0064086914,9.7817993167,-0.0008572049,0.0000217014,0.1745768229
559029.9300242290,-0.0799560547,0.0003051758,9.7817993167,-0.0018554687,0.0000759549,0.1745876736
559029.9400242290,-0.0822448730,0.0080871582,9.7814941409,-0.0009006076,0.0000325521,0.1745768229
559029.9500242290,-0.0834655762,0.0003051758,9.7816467288,-0.0017144097,0.0000651042,0.1746093750
559029.9600242290,-0.0834655762,0.0076293945,9.7816467288,-0.0012044271,0.0000217014,0.1746527778
559029.9700242290,-0.0808715820,0.0004577637,9.7811889652,-0.0013020833,0.0000434028,0.1746419271
559029.9800242290,-0.0813293457,0.0062561035,9.7817993167,-0.0016601562,0.0000868056,0.1746093750
559029.9900242290,-0.0839233398,0.0051879883,9.7811889652,-0.0009331597,0.0000217014,0.1746419271
559030.0000242291,-0.0836181641,0.0024414063,9.7816467288,-0.0019205729,0.0000542535,0.1746419271
559030.0100242289,-0.0808715820,0.0065612793,9.7819519046,-0.0007378472,0.0000434028,0.1749782986
559030.0200242290,-0.0810241699,0.0003051758,9.7810363773,-0.0018554687,0.0000542535,0.1746636285
559030.0300242290,-0.0816345215,0.0096130371,9.7814941409,-0.0010199653,0.0000651042,0.1746527778
559030.0400242290,-0.0830078125,-0.0004577637,9.7813415531,-0.0015625000,0.0000651042,0.1746310764
559030.0500242290,-0.0828552246,0.0061035156,9.7813415531,-0.0014214410,0.0000217014,0.1746419271
559030.0600242290,-0.0814819336,0.0028991699,9.7814941409,-0.0010742187,0.0000759549,0.1746310764
559030.0700242290,-0.0819396973,0.0062561035,9.7813415531,-0.0017578125,0.0000325521,0.1745876736
559030.0800242290,-0.0823974609,0.0048828125,9.7816467288,-0.0009006076,0.0000108507,0.1746202257
559030.0900242290,-0.0827026367,0.0001525879,9.7816467288,-0.0018988715,0.0000759549,0.1746419271
559030.1000242290,-0.0816345215,0.0074768066,9.7816467288,-0.0008029514,0.0000217014,0.1746202257
559030.1100242290,-0.0822448730,0.0021362305,9.7810363773,-0.0018554687,0.0000651042,0.1746310764
559030.1200242291,-0.0819396973,0.0085449219,9.7819519046,-0.0010416667,0.0000325521,0.1746419271
559030.1300242289,-0.0831604004,-0.0015258789,9.7808837894,-0.0015299479,0.0000542535,0.1746310764
559030.1400242290,-0.0805664063,0.0073242188,9.7819519046,-0.0013671875,0.0000651042,0.1746419271
559030.1500242290,-0.0819396973,0.0039672852,9.7816467288,-0.0010959201,0.0000651042,0.1746310764
559030.1600242290,-0.0822448730,0.0054931641,9.7816467288,-0.0018446181,0.0000759549,0.1746310764
559030.1700242290,-0.0827026367,0.0042724609,9.7822570804,-0.0008463542,0.0000217014,0.1745768229
559030.1800242290,-0.0817871094,0.0007629395,9.7808837894,-0.0019748264,0.0000651042,0.1745117187
559030.1900242290,-0.0810241699,0.0086975098,9.7817993167,-0.0008355035,0.0000651042,0.1746093750
559030.2000242290,-0.0836181641,-0.0000000000,9.7811889652,-0.0017903646,0.0000759549,0.1746310764
559030.2100242290,-0.0820922852,0.0076293945,9.7821044925,-0.0010525174,0.0000325521,0.1746202257
559030.2200242290,-0.0810241699,0.0003051758,9.7807312015,-0.0014756944,0.0000542535,0.1746202257
559030.2300242300,-0.0825500488,0.0082397461,9.7819519046,-0.0013997396,0.0000651042,0.1746419271
559030.2400242300,-0.0833129883,0.0033569336,9.7813415531,-0.0011827257,0.0000217014,0.1745768229
559030.2500242300,-0.0819396973,0.0039672852,9.7814941409,-0.0017578125,0.0000651042,0.1745225694
559030.2600242300,-0.0814819336,0.0036621094,9.7816467288,-0.0008572049,0.0000325521,0.1745442708
559030.2700242300,-0.0808715820,0.0028991699,9.7817993167,-0.0019205729,0.0000651042,0.1745768229
559030.2800242300,-0.0823974609,0.0088500977,9.7816467288,-0.0008138021,0.0000325521,0.1746527778
559030.2900242300,-0.0833129883,-0.0004577637,9.7813415531,-0.0018446181,0.0000542535,0.1746527778
559030.3000242300,-0.0823974609,0.0071716309,9.7816467288,-0.0010091146,0.0000217014,0.1747070312
559030.3100242300,-0.0808715820,0.0003051758,9.7814941409,-0.0015516493,0.0000542535,0.1746853299
559030.3200242301,-0.0808715820,0.0091552734,9.7814941409,-0.0014648437,0.0000651042,0.1746744792
559030.3300242299,-0.0839233398,0.0022888184,9.7811889652,-0.0010742187,0.0000651042,0.1746636285
559030.3400242300,-0.0828552246,0.0032043457,9.7813415531,-0.0018120660,0.0000542535,0.1745985243
559030.3500242300,-0.0807189941,0.0065612793,9.7817993167,-0.0007812500,0.0000217014,0.1746202257
559030.3600242300,-0.0810241699,0.0016784668,9.7811889652,-0.0019422743,0.0000651042,0.1746419271
559030.3700242300,-0.0833129883,0.0079345703,9.7813415531,-0.0008463542,0.0000651042,0.1746636285
559030.3800242300,-0.0836181641,-0.0003051758,9.7813415531,-0.0018012153,0.0000651042,0.1746419271
559030.3900242300,-0.0814819336,0.0088500977,9.7821044925,-0.0010959201,0.0000108507,0.1746310764
559030.4000242300,-0.0813293457,0.0006103516,9.7811889652,-0.0014539931,0.0000542535,0.1745876736
559030.4100242300,-0.0817871094,0.0076293945,9.7816467288,-0.0014539931,0.0000542535,0.1745985243
559030.4200242300,-0.0831604004,0.0024414063,9.7810363773,-0.0010416667,0.0000434028,0.1745768229
559030.4300242300,-0.0816345215,0.0036621094,9.7821044925,-0.0018771701,0.0000542535,0.1746310764
559030.4400242300,-0.0810241699,0.0057983398,9.7816467288,-0.0007921007,0.0000325521,0.1746202257
559030.4500242301,-0.0825500488,0.0007629395,9.7811889652,-0.0019748264,0.0000651042,0.1746636285
559030.4600242299,-0.0825500488,0.0079345703,9.7819519046,-0.0008463542,0.0000217014,0.1746419271
559030.4700242300,-0.0836181641,-0.0000000000,9.7814941409,-0.0017361111,0.0000325521,0.1745985243
559030.4800242300,-0.0813293457,0.0082397461,9.7821044925,-0.0011393229,0.0000651042,0.1746202257
559030.4900242300,-0.0810241699,0.0006103516,9.7813415531,-0.0014214410,0.0000542535,0.1746310764
559030.5000242300,-0.0822448730,0.0059509277,9.7816467288,-0.0014865451,0.0000651042,0.1746310764
559030.5100242300,-0.0830078125,0.0024414063,9.7816467288,-0.0010959201,0.0000651042,0.1746527778
559030.5200242300,-0.0820922852,0.0047302246,9.7821044925,-0.0018012153,0.0000542535,0.1746419271
559030.5300242300,-0.0814819336,0.0061035156,9.7817993167,-0.0008463542,0.0000434028,0.1745768229
559030.5400242300,-0.0823974609,0.0007629395,9.7811889652,-0.0019314236,0.0000759549,0.1745659722
559030.5500242300,-0.0822448730,0.0076293945,9.7813415531,-0.0007921007,0.0000108507,0.1745659722
559030.5600242300,-0.0814819336,0.0013732910,9.7817993167,-0.0018120660,0.0000651042,0.1745442708
559030.5700242301,-0.0820922852,0.0079345703,9.7817993167,-0.0010959201,0.0000434028,0.1745551215
559030.5800242299,-0.0839233398,-0.0009155273,9.7805786136,-0.0014973958,0.0000325521,0.1745225694
559030.5900242300,-0.0833129883,0.0059509277,9.7817993167,-0.0014431424,0.0000542535,0.1745659722
559030.6000242300,-0.0805664063,0.0032043457,9.7819519046,-0.0010633681,0.0000325521,0.1745876736
559030.6100242300,-0.0814819336,0.0044250488,9.7814941409,-0.0018120660,0.0000868056,0.1746419271
559030.6200242300,-0.0839233398,0.0039672852,9.7810363773,-0.0008138021,0.0000434028,0.1746961805
559030.6300242300,-0.0830078125,0.0012207031,9.7813415531,-0.0019639757,0.0000325521,0.1746961805
559030.6400242300,-0.0805664063,0.0083923340,9.7822570804,-0.0008463542,0.0000434028,0.1747612847
559030.6500242300,-0.0814819336,-0.0004577637,9.7805786136,-0.0018337674,0.0000868056,0.1747612847
559030.6600242300,-0.0831604004,0.0076293945,9.7817993167,-0.0011176215,0.0000217014,0.1746419271
559030.6700242300,-0.0828552246,0.0004577637,9.7807312015,-0.0013671875,0.0000325521,0.1746310764
559030.6800242300,-0.0816345215,0.0057983398,9.7805786136,-0.0015516493,0.0000325521,0.1745768229
559030.6900242300,-0.0822448730,0.0030517578,9.7822570804,-0.0009765625,0.0000325521,0.1745659722
559030.7000242301,-0.0820922852,0.0033569336,9.7819519046,-0.0018880208,0.0000868056,0.1745334201
559030.7100242299,-0.0828552246,0.0064086914,9.7822570804,-0.0007812500,-0.0000000000,0.1745551215
559030.7200242300,-0.0825500488,-0.0001525879,9.7814941409,-0.0019314236,0.0000542535,0.1745985243
559030.7300242300,-0.0813293457,0.0080871582,9.7816467288,-0.0009223090,0.0000434028,0.1746419271
559030.7400242300,-0.0819396973,-0.0000000000,9.7808837894,-0.0015842014,0.0000325521,0.1745985243
559030.7500242300,-0.0833129883,0.0070190430,9.7819519046,-0.0013346354,0.0000434028,0.1745985243
559030.7600242300,-0.0822448730,0.0010681152,9.7816467288,-0.0011501736,0.0000325521,0.1746202257
559030.7700242300,-0.0814819336,0.0054931641,9.7813415531,-0.0017686632,0.0000108507,0.1746419271
559030.7800242300,-0.0817871094,0.0045776367,9.7814941409,-0.0008680556,0.0000434028,0.1745876736
559030.7900242300,-0.0820922852,0.0004577637,9.7810363773,-0.0019639757,0.0000651042,0.1746202257
559030.8000242300,-0.0827026367,0.0073242188,9.7819519046,-0.0007812500,0.0000108507,0.1746202257
559030.8100242300,-0.0827026367,-0.0006103516,9.7807312015,-0.0017686632,0.0000542535,0.1746310764
559030.8200242301,-0.0817871094,0.0085449219,9.7817993167,-0.0011393229,0.0000651042,0.1745768229
559030.8300242299,-0.0825500488,-0.0004577637,9.7814941409,-0.0013346354,0.0000434028,0.1746202257
559030.8400242300,-0.0823974609,0.0047302246,9.7816467288,-0.0016167535,0.0000542535,0.1745985243
559030.8500242300,-0.0819396973,0.0041198730,9.7814941409,-0.0009440104,0.0000434028,0.1746202257
559030.8600242300,-0.0820922852,0.0039672852,9.7817993167,-0.0019314236,0.0000542535,0.1746527778
559030.8700242300,-0.0820922852,0.0051879883,9.7816467288,-0.0007486979,0.0000434028,0.1746636285
559030.8800242300,-0.0817871094,-0.0016784668,9.7816467288,-0.0018988715,0.0000651042,0.1746636285
559030.8900242300,-0.0819396973,0.0097656250,9.7821044925,-0.0009331597,0.0000217014,0.1746527778
559030.9000242300,-0.0830078125,0.0010681152,9.7811889652,-0.0015842014,0.0000651042,0.1745876736
559030.9100242300,-0.0828552246,0.0062561035,9.7814941409,-0.0014539931,0.0000325521,0.1746419271
559030.9200242300,-0.0820922852,-0.0001525879,9.7816467288,-0.0010742187,0.0000325521,0.1746093750
559030.9300242300,-0.0801086426,0.0033569336,9.7810363773,-0.0018012153,0.0000651042,0.1745659722
559030.9400242300,-0.0823974609,0.0073242188,9.7819519046,-0.0007812500,0.0000108507,0.1745659722
559030.9500242301,-0.0837707520,0.0009155273,9.7813415531,-0.0019422743,0.0000759549,0.1745985243
559030.9600242299,-0.0823974609,0.0062561035,9.7816467288,-0.0008572049,-0.0000000000,0.1746419271
559030.9700242300,-0.0807189941,-0.0006103516,9.7810363773,-0.0017252604,0.0000651042,0.1746419271
559030.9800242300,-0.0822448730,0.0086975098,9.7817993167,-0.0011827257,0.0000325521,0.1745985243
559030.9900242300,-0.0836181641,0.0012207031,9.7808837894,-0.0013888889,0.0000325521,0.1746527778
559031.0000242300,-0.0816345215,0.0051879883,9.7816467288,-0.0015733507,0.0000651042,0.1746636285
559031.0100242300,-0.0801086426,0.0024414063,9.7808837894,-0.0009006076,0.0000434028,0.1749240451
559031.0200242300,-0.0828552246,0.0024414063,9.7813415531,-0.0019205729,0.0000759549,0.1746527778
559031.0300242300,-0.0834655762,0.0077819824,9.7810363773,-0.0007812500,-0.0000000000,0.1746419271
559031.0400242300,-0.0823974609,-0.0000000000,9.7808837894,-0.0019205729,0.0000651042,0.1746093750
559031.0500242300,-0.0810241699,0.0074768066,9.7813415531,-0.0009657118,0.0000217014,0.1746527778
559031.0600242300,-0.0813293457,-0.0009155273,9.7813415531,-0.0015842014,0.0000759549,0.1746310764
559031.0700242301,-0.0837707520,0.0076293945,9.7816467288,-0.0013020833,0.0000217014,0.1745985243
559031.0800242299,-0.0830078125,0.0003051758,9.7807312015,-0.0012044271,0.0000108507,0.1745659722
559031.0900242300,-0.0814819336,0.0048828125,9.7821044925,-0.0017035590,0.0000651042,0.1745768229
559031.1000242300,-0.0817871094,0.0041198730,9.7821044925,-0.0008897569,0.0000325521,0.1746202257
559031.1100242300,-0.0816345215,0.0013732910,9.7810363773,-0.0019639757,0.0000542535,0.1745876736
559031.1200242300,-0.0820922852,0.0071716309,9.7816467288,-0.0008029514,0.0000217014,0.1746202257
559031.1300242300,-0.0828552246,-0.0007629395,9.7814941409,-0.0018554687,0.0000651042,0.1746527778
559031.1400242300,-0.0811767578,0.0090026855,9.7813415531,-0.0010091146,0.0000217014,0.1746636285
559031.1500242300,-0.0811767578,-0.0004577637,9.7810363773,-0.0014648437,0.0000542535,0.1746310764
559031.1600242300,-0.0833129883,0.0057983398,9.7819519046,-0.0014973958,0.0000542535,0.1745985243
559031.1700242300,-0.0830078125,0.0022888184,9.7816467288,-0.0010308160,0.0000217014,0.1746419271
559031.1800242300,-0.0811767578,0.0044250488,9.7813415531,-0.0018554687,0.0000542535,0.1746310764
559031.1900242300,-0.0814819336,0.0059509277,9.7819519046,-0.0008355035,0.0000217014,0.1746310764
559031.2000242301,-0.0828552246,-0.0010681152,9.7813415531,-0.0019097222,0.0000759549,0.1745985243
559031.2100242299,-0.0837707520,0.0074768066,9.7816467288,-0.0008463542,-0.0000000000,0.1745659722
559031.2200242300,-0.0820922852,0.0006103516,9.7813415531,-0.0016818576,0.0000325521,0.1745659722
559031.2300242300,-0.0810241699,0.0083923340,9.7814941409,-0.0012261285,0.0000434028,0.1745985243
559031.2400242300,-0.0830078125,-0.0012207031,9.7814941409,-0.0013237847,0.0000651042,0.1745768229
559031.2500242300,-0.0836181641,0.0050354004,9.7822570804,-0.0016167535,0.0000542535,0.1746310764
559031.2600242300,-0.0831604004,0.0048828125,9.7814941409,-0.0009223090,0.0000325521,0.1746527778
559031.2700242300,-0.0814819336,0.0038146973,9.7811889652,-0.0019097222,0.0000542535,0.1746419271
559031.2800242300,-0.0814819336,0.0053405762,9.7817993167,-0.0007921007,0.0000434028,0.1746636285
559031.2900242300,-0.0830078125,-0.0015258789,9.7813415531,-0.0018771701,0.0000325521,0.1746419271
559031.3000242300,-0.0833129883,0.0090026855,9.7819519046,-0.0009223090,0.0000108507,0.1746419271
559031.3100242310,-0.0819396973,0.0004577637,9.7813415531,-0.0016167535,0.0000325521,0.1746310764
559031.3200242310,-0.0816345215,0.0068664551,9.7819519046,-0.0013563368,0.0000542535,0.1745876736
559031.3300242310,-0.0817871094,-0.0000000000,9.7811889652,-0.0011393229,0.0000325521,0.1745876736
559031.3400242310,-0.0827026367,0.0045776367,9.7817993167,-0.0017469618,0.0000651042,0.1745876736
559031.3500242310,-0.0827026367,0.0062561035,9.7813415531,-0.0008463542,-0.0000000000,0.1746527778
559031.3600242310,-0.0817871094,0.0012207031,9.7811889652,-0.0019205729,0.0000651042,0.1746527778
559031.3700242310,-0.0817871094,0.0050354004,9.7811889652,-0.0008138021,0.0000108507,0.1746636285
559031.3800242310,-0.0823974609,-0.0009155273,9.7814941409,-0.0018229167,0.0000542535,0.1745876736
559031.3900242310,-0.0820922852,0.0090026855,9.7819519046,-0.0010199653,0.0000325521,0.1746093750
559031.4000242311,-0.0831604004,-0.0000000000,9.7807312015,-0.0015516493,0.0000542535,0.1745876736
559031.4100242310,-0.0830078125,0.0054931641,9.7816467288,-0.0014105903,0.0000108507,0.1746202257
559031.4200242310,-0.0804138184,0.0016784668,9.7817993167,-0.0010742187,0.0000325521,0.1746419271
559031.4300242310,-0.0807189941,0.0047302246,9.7811889652,-0.0018337674,0.0000651042,0.1746310764
559031.4400242310,-0.0846862793,0.0051879883,9.7821044925,-0.0007921007,0.0000108507,0.1746310764
559031.4500242310,-0.0828552246,0.0001525879,9.7819519046,-0.0019856771,0.0000651042,0.1746093750
559031.4600242310,-0.0807189941,0.0079345703,9.7810363773,-0.0008138021,0.0000217014,0.1746202257
559031.4700242310,-0.0805664063,-0.0010681152,9.7813415531,-0.0017361111,0.0000542535,0.1745659722
559031.4800242310,-0.0834655762,0.0076293945,9.7813415531,-0.0011935764,0.0000434028,0.1745117187
559031.4900242310,-0.0831604004,0.0003051758,9.7810363773,-0.0012695312,-0.0000000000,0.1745659722
559031.5000242310,-0.0811767578,0.0045776367,9.7821044925,-0.0016818576,0.0000325521,0.1745876736
559031.5100242310,-0.0816345215,0.0035095215,9.7813415531,-0.0009440104,0.0000651042,0.1745768229
559031.5200242311,-0.0827026367,0.0013732910,9.7808837894,-0.0019097222,0.0000542535,0.1745876736
559031.5300242309,-0.0833129883,0.0062561035,9.7817993167,-0.0007921007,0.0000217014,0.1746527778
559031.5400242310,-0.0814819336,0.0004577637,9.7813415531,-0.0018446181,0.0000651042,0.1746527778
559031.5500242310,-0.0807189941,0.0080871582,9.7819519046,-0.0009331597,0.0000217014,0.1746636285
559031.5600242310,-0.0830078125,-0.0009155273,9.7810363773,-0.0016276042,0.0000542535,0.1745985243
559031.5700242310,-0.0849914551,0.0073242188,9.7819519046,-0.0012912326,0.0000325521,0.1746202257
559031.5800242310,-0.0811767578,0.0007629395,9.7811889652,-0.0012803819,0.0000217014,0.1745985243
559031.5900242310,-0.0807189941,0.0057983398,9.7814941409,-0.0017035590,0.0000542535,0.1746310764
559031.6000242310,-0.0823974609,0.0028991699,9.7821044925,-0.0008572049,0.0000651042,0.1746310764
559031.6100242310,-0.0833129883,0.0009155273,9.7811889652,-0.0019314236,0.0000217014,0.1746202257
559031.6200242310,-0.0831604004,0.0071716309,9.7810363773,-0.0007703993,-0.0000000000,0.1746202257
559031.6300242310,-0.0822448730,-0.0004577637,9.7811889652,-0.0018771701,0.0000325521,0.1746310764
559031.6400242310,-0.0808715820,0.0070190430,9.7824096683,-0.0010308160,0.0000217014,0.1745876736
559031.6500242311,-0.0823974609,-0.0006103516,9.7808837894,-0.0014973958,0.0000542535,0.1745768229
559031.6600242310,-0.0839233398,0.0064086914,9.7821044925,-0.0014648437,0.0000217014,0.1746202257
559031.6700242310,-0.0813293457,0.0022888184,9.7808837894,-0.0010091146,0.0000325521,0.1746202257
559031.6800242310,-0.0820922852,0.0027465820,9.7813415531,-0.0018554687,0.0000542535,0.1746310764
559031.6900242310,-0.0823974609,0.0057983398,9.7814941409,-0.0007595486,0.0000325521,0.1746527778
559031.7000242310,-0.0834655762,-0.0000000000,9.7813415531,-0.0019422743,0.0000325521,0.1746419271
559031.7100242310,-0.0807189941,0.0074768066,9.7822570804,-0.0009223090,0.0000108507,0.1746636285
559031.7200242310,-0.0820922852,-0.0003051758,9.7807312015,-0.0016601562,0.0000868056,0.1745876736
559031.7300242310,-0.0833129883,0.0070190430,9.7822570804,-0.0012478299,0.0000217014,0.1746527778
559031.7400242310,-0.0820922852,-0.0006103516,9.7819519046,-0.0012695312,0.0000217014,0.1746310764
559031.7500242310,-0.0808715820,0.0056457520,9.7817993167,-0.0015733507,0.0000325521,0.1746093750
559031.7600242310,-0.0825500488,0.0024414063,9.7813415531,-0.0010525174,0.0000325521,0.1746527778
559031.7700242311,-0.0833129883,0.0022888184,9.7811889652,-0.0017578125,0.0000651042,0.1746093750
559031.7800242309,-0.0827026367,0.0051879883,9.7810363773,-0.0008789062,0.0000217014,0.1746093750
559031.7900242310,-0.0816345215,0.0009155273,9.7816467288,-0.0019097222,0.0000542535,0.1746202257
559031.8000242310,-0.0808715820,0.0059509277,9.7822570804,-0.0008572049,0.0000108507,0.1746202257
559031.8100242310,-0.0827026367,-0.0001525879,9.7810363773,-0.0018012153,0.0000651042,0.1746310764
559031.8200242310,-0.0836181641,0.0077819824,9.7825622562,-0.0010308160,0.0000108507,0.1746202257
559031.8300242310,-0.0799560547,-0.0007629395,9.7822570804,-0.0015516493,0.0000217014,0.1746310764
559031.8400242310,-0.0814819336,0.0070190430,9.7813415531,-0.0013780382,0.0000651042,0.1746310764
559031.8500242310,-0.0852966309,0.0010681152,9.7808837894,-0.0011393229,0.0000217014,0.1745985243
559031.8600242310,-0.0817871094,0.0035095215,9.7822570804,-0.0018120660,0.0000217014,0.1745985243
559031.8700242310,-0.0798034668,0.0048828125,9.7807312015,-0.0007595486,0.0000217014,0.1746093750
559031.8800242310,-0.0822448730,-0.0000000000,9.7814941409,-0.0019639757,0.0000651042,0.1746093750
559031.8900242310,-0.0839233398,0.0079345703,9.7817993167,-0.0008355035,0.0000108507,0.1746419271
559031.9000242311,-0.0833129883,-0.0007629395,9.7808837894,-0.0017469618,0.0000217014,0.1746310764
559031.9100242310,-0.0804138184,0.0068664551,9.7824096683,-0.0012261285,0.0000217014,0.1746202257
559031.9200242310,-0.0825500488,0.0006103516,9.7814941409,-0.0012912326,0.0000325521,0.1745985243
559031.9300242310,-0.0834655762,0.0054931641,9.7819519046,-0.0016384549,0.0000542535,0.1745876736
559031.9400242310,-0.0825500488,0.0025939941,9.7811889652,-0.0009223090,0.0000108507,0.1746202257
559031.9500242310,-0.0822448730,0.0016784668,9.7811889652,-0.0018771701,0.0000325521,0.1746744792
559031.9600242310,-0.0814819336,0.0068664551,9.7814941409,-0.0007486979,0.0000325521,0.1746419271
559031.9700242310,-0.0831604004,-0.0001525879,9.7811889652,-0.0019097222,0.0000325521,0.1746636285
559031.9800242310,-0.0825500488,0.0076293945,9.7810363773,-0.0009657118,0.0000325521,0.1746961805
559031.9900242310,-0.0813293457,-0.0010681152,9.7816467288,-0.0015842014,0.0000217014,0.1746744792
559032.0000242310,-0.0816345215,0.0071716309,9.7819519046,-0.0013020833,0.0000325521,0.1746744792
559032.0100242310,-0.0827026367,0.0009155273,9.7813415531,-0.0012152778,0.0000217014,0.1749348958
559032.0200242311,-0.0828552246,0.0042724609,9.7814941409,-0.0016818576,0.0000108507,0.1746636285
559032.0300242309,-0.0819396973,0.0036621094,9.7816467288,-0.0008897569,0.0000325521,0.1746310764
559032.0400242310,-0.0810241699,0.0021362305,9.7816467288,-0.0019314236,0.0000542535,0.1746093750
559032.0500242310,-0.0822448730,0.0071716309,9.7814941409,-0.0007921007,0.0000108507,0.1745768229
559032.0600242310,-0.0834655762,-0.0018310547,9.7814941409,-0.0018771701,0.0000325521,0.1745334201
559032.0700242310,-0.0825500488,0.0070190430,9.7817993167,-0.0009657118,-0.0000000000,0.1745876736
559032.0800242310,-0.0816345215,-0.0004577637,9.7821044925,-0.0015516493,0.0000325521,0.1746419271
559032.0900242310,-0.0813293457,0.0079345703,9.7822570804,-0.0013237847,0.0000434028,0.1746527778
559032.1000242310,-0.0834655762,0.0001525879,9.7808837894,-0.0012044271,0.0000217014,0.1746202257
559032.1100242310,-0.0827026367,0.0038146973,9.7813415531,-0.0017361111,0.0000217014,0.1746527778
559032.1200242310,-0.0808715820,0.0042724609,9.7817993167,-0.0008572049,0.0000434028,0.1746636285
559032.1300242310,-0.0808715820,0.0019836426,9.7816467288,-0.0019422743,0.0000325521,0.1746202257
559032.1400242310,-0.0839233398,0.0071716309,9.7813415531,-0.0007812500,0.0000434028,0.1746202257
559032.1500242311,-0.0837707520,-0.0021362305,9.7805786136,-0.0018012153,0.0000108507,0.1746527778
559032.1600242310,-0.0801086426,0.0083923340,9.7825622562,-0.0011067708,-0.0000000000,0.1746310764
559032.1700242310,-0.0793457031,0.0003051758,9.7808837894,-0.0013888889,0.0000759549,0.1746419271
559032.1800242310,-0.0842285156,0.0054931641,9.7819519046,-0.0016167535,0.0000651042,0.1746527778
559032.1900242310,-0.0845336914,0.0019836426,9.7807312015,-0.0009223090,-0.0000000000,0.1746419271
559032.2000242310,-0.0819396973,0.0024414063,9.7814941409,-0.0018988715,0.0000651042,0.1746093750
559032.2100242310,-0.0801086426,0.0054931641,9.7816467288,-0.0007703993,0.0000108507,0.1746527778
559032.2200242310,-0.0831604004,-0.0004577637,9.7814941409,-0.0018771701,0.0000542535,0.1746527778
559032.2300242310,-0.0848388672,0.0073242188,9.7813415531,-0.0009440104,0.0000217014,0.1746636285
559032.2400242310,-0.0831604004,-0.0010681152,9.7814941409,-0.0016493056,-0.0000000000,0.1746527778
559032.2500242310,-0.0801086426,0.0071716309,9.7827148441,-0.0012478299,0.0000108507,0.1746636285
559032.2600242310,-0.0814819336,-0.0000000000,9.7816467288,-0.0012369792,0.0000434028,0.1746744792
559032.2700242311,-0.0836181641,0.0056457520,9.7814941409,-0.0016710069,0.0000325521,0.1746310764
559032.2800242309,-0.0845336914,0.0032043457,9.7811889652,-0.0008680556,-0.0000000000,0.1746202257
559032.2900242310,-0.0811767578,0.0013732910,9.7814941409,-0.0019314236,0.0000325521,0.1745876736
559032.3000242310,-0.0804138184,0.0062561035,9.7822570804,-0.0008138021,0.0000108507,0.1745659722
559032.3100242310,-0.0833129883,-0.0015258789,9.7814941409,-0.0018554687,0.0000542535,0.1746527778
559032.3200242310,-0.0837707520,0.0074768066,9.7817993167,-0.0010199653,0.0000434028,0.1746093750
559032.3300242310,-0.0820922852,-0.0003051758,9.7808837894,-0.0015299479,-0.0000000000,0.1745876736
559032.3400242310,-0.0813293457,0.0053405762,9.7819519046,-0.0013780382,0.0000542535,0.1745985243
559032.3500242310,-0.0827026367,0.0010681152,9.7814941409,-0.0011067708,0.0000325521,0.1746419271
559032.3600242310,-0.0843811035,0.0033569336,9.7810363773,-0.0017578125,0.0000217014,0.1746527778
559032.3700242310,-0.0823974609,0.0044250488,9.7813415531,-0.0008680556,0.0000108507,0.1746636285
559032.3800242320,-0.0811767578,0.0015258789,9.7814941409,-0.0019205729,0.0000542535,0.1745985243
559032.3900242320,-0.0814819336,0.0062561035,9.7817993167,-0.0008029514,0.0000108507,0.1746419271
559032.4000242320,-0.0831604004,-0.0007629395,9.7813415531,-0.0018229167,0.0000542535,0.1746419271
559032.4100242320,-0.0831604004,0.0080871582,9.7821044925,-0.0010091146,0.0000217014,0.1746310764
559032.4200242320,-0.0825500488,-0.0010681152,9.7810363773,-0.0015407986,0.0000325521,0.1746419271
559032.4300242320,-0.0816345215,0.0061035156,9.7822570804,-0.0014214410,0.0000217014,0.1746636285
559032.4400242320,-0.0816345215,0.0012207031,9.7816467288,-0.0010742187,0.0000325521,0.1746093750
559032.4500242320,-0.0830078125,0.0036621094,9.7817993167,-0.0018446181,0.0000108507,0.1745876736
559032.4600242320,-0.0820922852,0.0050354004,9.7816467288,-0.0007703993,0.0000108507,0.1745768229
559032.4700242321,-0.0839233398,-0.0003051758,9.7807312015,-0.0019639757,0.0000542535,0.1746093750
559032.4800242319,-0.0825500488,0.0070190430,9.7816467288,-0.0008355035,-0.0000000000,0.1746419271
559032.4900242320,-0.0817871094,-0.0013732910,9.7811889652,-0.0016601562,0.0000542535,0.1746636285
559032.5000242320,-0.0817871094,0.0068664551,9.7817993167,-0.0012803819,0.0000434028,0.1746636285
559032.5100242320,-0.0831604004,0.0010681152,9.7808837894,-0.0012152778,0.0000108507,0.1746419271
559032.5200242320,-0.0834655762,0.0041198730,9.7814941409,-0.0017469618,0.0000542535,0.1746310764
559032.5300242320,-0.0811767578,0.0038146973,9.7817993167,-0.0007921007,0.0000108507,0.1746419271
559032.5400242320,-0.0819396973,0.0007629395,9.7813415531,-0.0019748264,0.0000759549,0.1745985243
559032.5500242320,-0.0822448730,0.0073242188,9.7816467288,-0.0007812500,-0.0000000000,0.1746419271
559032.5600242320,-0.0851440430,-0.0018310547,9.7811889652,-0.0017686632,0.0000325521,0.1745985243
559032.5700242320,-0.0828552246,0.0077819824,9.7816467288,-0.0011610243,0.0000108507,0.1746310764
559032.5800242320,-0.0811767578,-0.0000000000,9.7810363773,-0.0013563368,0.0000217014,0.1745985243
559032.5900242320,-0.0814819336,0.0045776367,9.7817993167,-0.0016384549,0.0000325521,0.1745985243
559032.6000242319,-0.0836181641,0.0021362305,9.7816467288,-0.0008897569,-0.0000000000,0.1746093750
559032.6100242320,-0.0837707520,0.0021362305,9.7805786136,-0.0019314236,0.0000542535,0.1746093750
559032.6200242320,-0.0828552246,0.0070190430,9.7817993167,-0.0007703993,-0.0000000000,0.1746310764
559032.6300242320,-0.0807189941,-0.0021362305,9.7814941409,-0.0019205729,0.0000325521,0.1746527778
559032.6400242320,-0.0825500488,0.0065612793,9.7821044925,-0.0009548611,0.0000217014,0.1746527778
559032.6500242320,-0.0827026367,-0.0001525879,9.7810363773,-0.0015733507,0.0000108507,0.1745985243
559032.6600242320,-0.0837707520,0.0071716309,9.7814941409,-0.0013671875,-0.0000000000,0.1746202257
559032.6700242320,-0.0811767578,0.0007629395,9.7814941409,-0.0011935764,0.0000651042,0.1746527778
559032.6800242320,-0.0811767578,0.0027465820,9.7817993167,-0.0016710069,0.0000217014,0.1746310764
559032.6900242320,-0.0828552246,0.0035095215,9.7814941409,-0.0008789062,0.0000108507,0.1746093750
559032.7000242320,-0.0839233398,0.0032043457,9.7813415531,-0.0018988715,0.0000325521,0.1745551215
559032.7100242320,-0.0830078125,0.0057983398,9.7811889652,-0.0008355035,-0.0000000000,0.1746310764
559032.7200242321,-0.0816345215,-0.0015258789,9.7816467288,-0.0018880208,0.0000542535,0.1745768229
559032.7300242319,-0.0817871094,0.0067138672,9.7822570804,-0.0009548611,0.0000325521,0.1745768229
559032.7400242320,-0.0846862793,-0.0001525879,9.7802734378,-0.0015733507,0.0000108507,0.1745876736
559032.7500242320,-0.0836181641,0.0065612793,9.7821044925,-0.0012695312,-0.0000000000,0.1746202257
559032.7600242320,-0.0808715820,0.0003051758,9.7808837894,-0.0012912326,0.0000434028,0.1746202257
559032.7700242320,-0.0811767578,0.0042724609,9.7816467288,-0.0016276042,0.0000217014,0.1746527778
559032.7800242320,-0.0823974609,0.0010681152,9.7821044925,-0.0009548611,0.0000108507,0.1746744792
559032.7900242320,-0.0834655762,0.0032043457,9.7810363773,-0.0018446181,0.0000542535,0.1745876736
559032.8000242320,-0.0836181641,0.0053405762,9.7825622562,-0.0008029514,-0.0000000000,0.1746527778
559032.8100242320,-0.0804138184,-0.0016784668,9.7811889652,-0.0018880208,0.0000325521,0.1746744792
559032.8200242320,-0.0814819336,0.0062561035,9.7811889652,-0.0008789062,0.0000217014,0.1746527778
559032.8300242320,-0.0834655762,0.0001525879,9.7811889652,-0.0016710069,0.0000108507,0.1746419271
559032.8400242320,-0.0840759277,0.0076293945,9.7814941409,-0.0012044271,0.0000217014,0.1746310764
559032.8500242319,-0.0819396973,-0.0016784668,9.7813415531,-0.0013888889,0.0000325521,0.1746310764
559032.8600242320,-0.0816345215,0.0047302246,9.7816467288,-0.0014865451,0.0000217014,0.1745876736
559032.8700242320,-0.0837707520,0.0016784668,9.7816467288,-0.0010633681,-0.0000000000,0.1745768229
559032.8800242320,-0.0831604004,0.0041198730,9.7811889652,-0.0017686632,0.0000651042,0.1746093750
559032.8900242320,-0.0830078125,0.0039672852,9.7821044925,-0.0008680556,-0.0000000000,0.1746202257
559032.9000242320,-0.0805664063,-0.0000000000,9.7810363773,-0.0019205729,0.0000542535,0.1746093750
559032.9100242320,-0.0831604004,0.0064086914,9.7819519046,-0.0008138021,-0.0000000000,0.1746093750
559032.9200242320,-0.0827026367,-0.0000000000,9.7816467288,-0.0018337674,0.0000651042,0.1745551215
559032.9300242320,-0.0828552246,0.0073242188,9.7814941409,-0.0009874132,0.0000108507,0.1744140625
559032.9400242320,-0.0823974609,-0.0022888184,9.7816467288,-0.0015407986,0.0000108507,0.1745117187
559032.9500242320,-0.0814819336,0.0065612793,9.7811889652,-0.0013237847,0.0000434028,0.1745768229
559032.9600242320,-0.0827026367,0.0004577637,9.7810363773,-0.0011501736,0.0000108507,0.1746744792
559032.9700242321,-0.0837707520,0.0041198730,9.7814941409,-0.0017903646,0.0000325521,0.1746419271
559032.9800242319,-0.0828552246,0.0030517578,9.7821044925,-0.0008029514,-0.0000000000,0.1746636285
559032.9900242320,-0.0814819336,-0.0003051758,9.7813415531,-0.0019639757,0.0000759549,0.1746419271
559033.0000242320,-0.0820922852,0.0076293945,9.7819519046,-0.0008029514,-0.0000000000,0.1746527778
559033.0100242320,-0.0822448730,-0.0018310547,9.7810363773,-0.0017361111,0.0000325521,0.1749240451
559033.0200242320,-0.0840759277,0.0064086914,9.7819519046,-0.0011501736,-0.0000000000,0.1746310764
559033.0300242320,-0.0819396973,-0.0004577637,9.7811889652,-0.0013346354,0.0000217014,0.1746202257
559033.0400242320,-0.0820922852,0.0054931641,9.7814941409,-0.0016167535,0.0000217014,0.1745985243
559033.0500242320,-0.0819396973,0.0025939941,9.7813415531,-0.0009548611,0.0000108507,0.1745659722
559033.0600242320,-0.0833129883,0.0009155273,9.7814941409,-0.0018554687,0.0000217014,0.1745985243
559033.0700242320,-0.0836181641,0.0050354004,9.7821044925,-0.0008029514,-0.0000000000,0.1746310764
559033.0800242320,-0.0816345215,-0.0004577637,9.7811889652,-0.0018771701,0.0000217014,0.1746527778
559033.0900242320,-0.0822448730,0.0070190430,9.7813415531,-0.0009006076,0.0000108507,0.1746527778
559033.1000242319,-0.0828552246,-0.0024414063,9.7805786136,-0.0016493056,0.0000542535,0.1746310764
559033.1100242320,-0.0843811035,0.0071716309,9.7813415531,-0.0012912326,-0.0000000000,0.1746419271
559033.1200242320,-0.0822448730,-0.0000000000,9.7813415531,-0.0012152778,0.0000325521,0.1746419271
559033.1300242320,-0.0822448730,0.0032043457,9.7822570804,-0.0017361111,0.0000542535,0.1745876736
559033.1400242320,-0.0828552246,0.0025939941,9.7814941409,-0.0008029514,-0.0000000000,0.1746310764
559033.1500242320,-0.0840759277,0.0006103516,9.7810363773,-0.0019314236,0.0000651042,0.1746419271
559033.1600242320,-0.0820922852,0.0070190430,9.7817993167,-0.0007812500,-0.0000000000,0.1746419271
559033.1700242320,-0.0827026367,-0.0018310547,9.7810363773,-0.0018229167,0.0000325521,0.1746093750
559033.1800242320,-0.0830078125,0.0067138672,9.7814941409,-0.0011284722,0.0000217014,0.1746202257
559033.1900242320,-0.0830078125,-0.0013732910,9.7813415531,-0.0013997396,-0.0000000000,0.1746419271
559033.2000242320,-0.0819396973,0.0056457520,9.7817993167,-0.0015082465,0.0000325521,0.1746744792
559033.2100242320,-0.0820922852,0.0016784668,9.7817993167,-0.0009657118,0.0000217014,0.1746636285
559033.2200242321,-0.0839233398,0.0021362305,9.7814941409,-0.0018446181,0.0000108507,0.1746853299
559033.2300242319,-0.0828552246,0.0047302246,9.7816467288,-0.0008138021,-0.0000000000,0.1746744792
559033.2400242320,-0.0819396973,-0.0013732910,9.7810363773,-0.0019205729,0.0000325521,0.1746636285
559033.2500242320,-0.0823974609,0.0070190430,9.7819519046,-0.0008789062,-0.0000000000,0.1746636285
559033.2600242320,-0.0839233398,-0.0010681152,9.7805786136,-0.0017469618,0.0000542535,0.1746310764
559033.2700242320,-0.0831604004,0.0057983398,9.7819519046,-0.0010742187,-0.0000108507,0.1746093750
559033.2800242320,-0.0817871094,-0.0009155273,9.7810363773,-0.0013997396,-0.0000000000,0.1746527778
559033.2900242320,-0.0820922852,0.0059509277,9.7819519046,-0.0015299479,0.0000542535,0.1745985243
559033.3000242320,-0.0833129883,0.0009155273,9.7817993167,-0.0010091146,0.0000108507,0.1746419271
559033.3100242320,-0.0836181641,0.0025939941,9.7813415531,-0.0018337674,0.0000217014,0.1746093750
559033.3200242320,-0.0830078125,0.0050354004,9.7817993167,-0.0008355035,-0.0000108507,0.1746419271
559033.3300242320,-0.0811767578,-0.0007629395,9.7814941409,-0.0018880208,0.0000217014,0.1746093750
559033.3400242320,-0.0822448730,0.0051879883,9.7817993167,-0.0008463542,0.0000108507,0.1746527778
559033.3500242319,-0.0833129883,-0.0000000000,9.7816467288,-0.0017686632,0.0000325521,0.1746093750
559033.3600242320,-0.0825500488,0.0074768066,9.7816467288,-0.0010525174,-0.0000000000,0.1745876736
559033.3700242320,-0.0813293457,-0.0019836426,9.7810363773,-0.0016276042,0.0000542535,0.1745442708
559033.3800242320,-0.0819396973,0.0050354004,9.7814941409,-0.0012369792,0.0000325521,0.1746202257
559033.3900242320,-0.0828552246,0.0001525879,9.7817993167,-0.0012803819,0.0000217014,0.1746527778
559033.4000242320,-0.0842285156,0.0062561035,9.7816467288,-0.0016276042,0.0000217014,0.1746310764
559033.4100242320,-0.0825500488,0.0025939941,9.7810363773,-0.0009440104,-0.0000000000,0.1746310764
559033.4200242320,-0.0820922852,-0.0001525879,9.7816467288,-0.0019097222,0.0000325521,0.1746419271
559033.4300242320,-0.0827026367,0.0054931641,9.7813415531,-0.0007595486,0.0000325521,0.1746636285
559033.4400242320,-0.0840759277,-0.0006103516,9.7816467288,-0.0018880208,0.0000217014,0.1746202257
559033.4500242330,-0.0827026367,0.0080871582,9.7821044925,-0.0009874132,-0.0000000000,0.1745334201
559033.4600242330,-0.0822448730,-0.0021362305,9.7810363773,-0.0015407986,0.0000217014,0.1746093750
559033.4700242330,-0.0827026367,0.0044250488,9.7821044925,-0.0013346354,0.0000217014,0.1746527778
559033.4800242330,-0.0833129883,0.0009155273,9.7810363773,-0.0011610243,0.0000217014,0.1746310764
559033.4900242330,-0.0830078125,0.0051879883,9.7819519046,-0.0016818576,0.0000108507,0.1746419271
559033.5000242330,-0.0817871094,0.0019836426,9.7817993167,-0.0009657118,-0.0000108507,0.1746310764
559033.5100242330,-0.0830078125,-0.0000000000,9.7816467288,-0.0018554687,0.0000651042,0.1746093750
559033.5200242330,-0.0825500488,0.0047302246,9.7819519046,-0.0008355035,0.0000108507,0.1746310764
559033.5300242330,-0.0831604004,0.0010681152,9.7814941409,-0.0018771701,0.0000108507,0.1745876736
559033.5400242331,-0.0828552246,0.0061035156,9.7817993167,-0.0008897569,0.0000108507,0.1745768229
559033.5500242329,-0.0827026367,-0.0032043457,9.7813415531,-0.0017035590,-0.0000000000,0.1745876736
559033.5600242330,-0.0811767578,0.0064086914,9.7819519046,-0.0011610243,0.0000325521,0.1746527778
559033.5700242330,-0.0833129883,0.0004577637,9.7810363773,-0.0013346354,0.0000108507,0.1746310764
559033.5800242330,-0.0827026367,0.0044250488,9.7822570804,-0.0016167535,0.0000217014,0.1745008680
559033.5900242330,-0.0828552246,0.0010681152,9.7814941409,-0.0009331597,-0.0000108507,0.1744032118
559033.6000242330,-0.0827026367,0.0012207031,9.7813415531,-0.0018554687,0.0000542535,0.1745659722
559033.6100242330,-0.0828552246,0.0064086914,9.7817993167,-0.0007703993,-0.0000000000,0.1746093750
559033.6200242330,-0.0830078125,-0.0004577637,9.7817993167,-0.0019205729,0.0000217014,0.1746636285
559033.6300242330,-0.0819396973,0.0057983398,9.7810363773,-0.0009548611,0.0000217014,0.1746527778
559033.6400242330,-0.0828552246,-0.0019836426,9.7811889652,-0.0015625000,-0.0000000000,0.1746093750
559033.6500242330,-0.0840759277,0.0070190430,9.7819519046,-0.0013888889,0.0000325521,0.1746202257
559033.6600242330,-0.0825500488,0.0009155273,9.7805786136,-0.0011067708,0.0000108507,0.1745659722
559033.6700242331,-0.0823974609,0.0025939941,9.7816467288,-0.0018229167,0.0000108507,0.1745768229
559033.6800242329,-0.0816345215,0.0036621094,9.7819519046,-0.0007703993,0.0000108507,0.1745768229
559033.6900242330,-0.0834655762,0.0003051758,9.7808837894,-0.0019314236,0.0000217014,0.1745768229
559033.7000242330,-0.0834655762,0.0074768066,9.7819519046,-0.0008355035,0.0000325521,0.1746527778
559033.7100242330,-0.0833129883,-0.0030517578,9.7813415531,-0.0018012153,0.0000325521,0.1746853299
559033.7200242330,-0.0819396973,0.0056457520,9.7813415531,-0.0011176215,-0.0000000000,0.1746961805
559033.7300242330,-0.0820922852,0.0010681152,9.7811889652,-0.0013780382,0.0000217014,0.1746853299
559033.7400242330,-0.0843811035,0.0064086914,9.7816467288,-0.0015842014,0.0000108507,0.1746853299
559033.7500242330,-0.0836181641,-0.0006103516,9.7811889652,-0.0009548611,0.0000108507,0.1746636285
559033.7600242330,-0.0820922852,0.0007629395,9.7810363773,-0.0018880208,0.0000108507,0.1745876736
559033.7700242330,-0.0823974609,0.0071716309,9.7817993167,-0.0007595486,-0.0000000000,0.1744900174
559033.7800242330,-0.0837707520,-0.0000000000,9.7813415531,-0.0019422743,0.0000217014,0.1745551215
559033.7900242331,-0.0839233398,0.0059509277,9.7816467288,-0.0009548611,0.0000217014,0.1745659722
559033.8000242329,-0.0822448730,-0.0033569336,9.7810363773,-0.0015733507,0.0000108507,0.1745768229
559033.8100242330,-0.0827026367,0.0076293945,9.7814941409,-0.0012912326,-0.0000000000,0.1745768229
559033.8200242330,-0.0836181641,0.0016784668,9.7817993167,-0.0011935764,0.0000217014,0.1745985243
559033.8300242330,-0.0842285156,0.0024414063,9.7816467288,-0.0017469618,0.0000217014,0.1746419271
559033.8400242330,-0.0823974609,0.0015258789,9.7814941409,-0.0008029514,-0.0000000000,0.1746310764
559033.8500242330,-0.0813293457,0.0007629395,9.7811889652,-0.0019639757,0.0000325521,0.1745876736
559033.8600242330,-0.0823974609,0.0073242188,9.7821044925,-0.0007703993,-0.0000000000,0.1745876736
559033.8700242330,-0.0848388672,-0.0021362305,9.7808837894,-0.0018229167,0.0000217014,0.1745985243
559033.8800242330,-0.0834655762,0.0064086914,9.7821044925,-0.0011067708,0.0000108507,0.1746310764
559033.8900242330,-0.0808715820,-0.0010681152,9.7808837894,-0.0013671875,-0.0000000000,0.1746636285
559033.9000242330,-0.0819396973,0.0048828125,9.7816467288,-0.0015733507,0.0000325521,0.1746419271
559033.9100242330,-0.0843811035,0.0021362305,9.7810363773,-0.0010091146,-0.0000000000,0.1746527778
559033.9200242331,-0.0840759277,0.0019836426,9.7814941409,-0.0018337674,0.0000108507,0.1746853299
559033.9300242329,-0.0814819336,0.0042724609,9.7816467288,-0.0008029514,-0.0000000000,0.1746310764
559033.9400242330,-0.0811767578,-0.0001525879,9.7811889652,-0.0018988715,0.0000542535,0.1746419271
559033.9500242330,-0.0843811035,0.0070190430,9.7817993167,-0.0008463542,-0.0000000000,0.1746310764
559033.9600242330,-0.0852966309,-0.0015258789,9.7810363773,-0.0017361111,0.0000108507,0.1746419271
559033.9700242330,-0.0825500488,0.0062561035,9.7824096683,-0.0011827257,-0.0000000000,0.1746419271
559033.9800242330,-0.0796508789,-0.0000000000,9.7814941409,-0.0013671875,0.0000325521,0.1746419271
559033.9900242330,-0.0834655762,0.0053405762,9.7819519046,-0.0015625000,0.0000108507,0.1746310764
559034.0000242330,-0.0845336914,0.0009155273,9.7813415531,-0.0009874132,-0.0000000000,0.1746310764
559034.0100242330,-0.0836181641,0.0019836426,9.7813415531,-0.0018229167,0.0000108507,0.1749240451
559034.0200242330,-0.0804138184,0.0051879883,9.7816467288,-0.0008029514,-0.0000000000,0.1746419271
559034.0300242330,-0.0814819336,-0.0013732910,9.7814941409,-0.0019422743,0.0000542535,0.1745876736
559034.0400242331,-0.0839233398,0.0056457520,9.7819519046,-0.0008572049,-0.0000108507,0.1746310764
559034.0500242329,-0.0840759277,-0.0013732910,9.7814941409,-0.0016818576,0.0000108507,0.1745985243
559034.0600242330,-0.0817871094,0.0074768066,9.7822570804,-0.0012478299,0.0000108507,0.1746419271
559034.0700242330,-0.0817871094,-0.0010681152,9.7814941409,-0.0012695312,0.0000217014,0.1745985243
559034.0800242330,-0.0836181641,0.0030517578,9.7814941409,-0.0015950521,0.0000325521,0.1745551215
559034.0900242330,-0.0843811035,0.0032043457,9.7819519046,-0.0009006076,-0.0000000000,0.1745334201
559034.1000242330,-0.0830078125,0.0018310547,9.7810363773,-0.0019314236,0.0000217014,0.1745334201
559034.1100242330,-0.0825500488,0.0051879883,9.7822570804,-0.0008355035,0.0000217014,0.1745442708
559034.1200242330,-0.0822448730,-0.0030517578,9.7810363773,-0.0018771701,0.0000325521,0.1745876736
559034.1300242330,-0.0831604004,0.0067138672,9.7814941409,-0.0009440104,-0.0000000000,0.1746202257
559034.1400242330,-0.0840759277,0.0001525879,9.7811889652,-0.0015407986,0.0000217014,0.1746636285
559034.1500242330,-0.0836181641,0.0061035156,9.7816467288,-0.0013237847,0.0000108507,0.1746744792
559034.1600242330,-0.0813293457,-0.0016784668,9.7814941409,-0.0012369792,-0.0000000000,0.1746636285
559034.1700242331,-0.0819396973,0.0036621094,9.7813415531,-0.0016710069,0.0000217014,0.1746636285
559034.1800242329,-0.0839233398,0.0039672852,9.7816467288,-0.0009006076,-0.0000000000,0.1746527778
559034.1900242330,-0.0845336914,0.0013732910,9.7810363773,-0.0019314236,-0.0000000000,0.1745985243
559034.2000242330,-0.0825500488,0.0044250488,9.7822570804,-0.0007921007,-0.0000000000,0.1744900174
559034.2100242330,-0.0820922852,-0.0024414063,9.7808837894,-0.0018446181,0.0000108507,0.1744900174
559034.2200242330,-0.0831604004,0.0073242188,9.7814941409,-0.0009548611,0.0000217014,0.1745442708
559034.2300242330,-0.0842285156,-0.0003051758,9.7810363773,-0.0015950521,0.0000108507,0.1745985243
559034.2400242330,-0.0836181641,0.0054931641,9.7821044925,-0.0013780382,-0.0000000000,0.1746202257
559034.2500242330,-0.0820922852,-0.0012207031,9.7811889652,-0.0012261285,0.0000325521,0.1746419271
559034.2600242330,-0.0820922852,0.0044250488,9.7808837894,-0.0016167535,0.0000108507,0.1746093750
559034.2700242330,-0.0834655762,0.0027465820,9.7819519046,-0.0009657118,-0.0000000000,0.1746093750
559034.2800242330,-0.0848388672,0.0012207031,9.7816467288,-0.0018120660,0.0000108507,0.1746636285
559034.2900242331,-0.0819396973,0.0042724609,9.7817993167,-0.0008355035,-0.0000000000,0.1746202257
559034.3000242329,-0.0819396973,-0.0000000000,9.7814941409,-0.0019097222,0.0000108507,0.1745985243
559034.3100242330,-0.0836181641,0.0048828125,9.7819519046,-0.0008789062,-0.0000000000,0.1745768229
559034.3200242330,-0.0840759277,-0.0025939941,9.7810363773,-0.0017578125,0.0000108507,0.1746093750
559034.3300242330,-0.0836181641,0.0074768066,9.7819519046,-0.0011176215,-0.0000108507,0.1746636285
559034.3400242330,-0.0813293457,-0.0009155273,9.7816467288,-0.0014431424,0.0000325521,0.1746853299
559034.3500242330,-0.0820922852,0.0048828125,9.7813415531,-0.0013671875,0.0000217014,0.1746419271
559034.3600242330,-0.0842285156,-0.0004577637,9.7814941409,-0.0011935764,-0.0000000000,0.1746636285
559034.3700242330,-0.0839233398,0.0036621094,9.7816467288,-0.0017035590,0.0000108507,0.1746744792
559034.3800242330,-0.0833129883,0.0028991699,9.7816467288,-0.0009331597,-0.0000000000,0.1746744792
559034.3900242330,-0.0813293457,0.0004577637,9.7816467288,-0.0018771701,0.0000325521,0.1747178819
559034.4000242330,-0.0837707520,0.0041198730,9.7814941409,-0.0007921007,-0.0000000000,0.1746636285
559034.4100242330,-0.0846862793,-0.0013732910,9.7813415531,-0.0018771701,-0.0000000000,0.1746202257
559034.4200242331,-0.0830078125,0.0067138672,9.7821044925,-0.0008789062,0.0000108507,0.1745876736
559034.4300242329,-0.0814819336,-0.0016784668,9.7817993167,-0.0017035590,0.0000325521,0.1745442708
559034.4400242330,-0.0828552246,0.0061035156,9.7810363773,-0.0012152778,-0.0000000000,0.1745659722
559034.4500242330,-0.0848388672,-0.0018310547,9.7814941409,-0.0013346354,0.0000325521,0.1745551215
559034.4600242330,-0.0839233398,0.0047302246,9.7819519046,-0.0015625000,-0.0000000000,0.1746310764
559034.4700242330,-0.0813293457,0.0015258789,9.7814941409,-0.0009548611,-0.0000000000,0.1746310764
559034.4800242330,-0.0830078125,0.0009155273,9.7814941409,-0.0018880208,0.0000325521,0.1746527778
559034.4900242330,-0.0837707520,0.0041198730,9.7817993167,-0.0007703993,-0.0000000000,0.1746093750
559034.5000242330,-0.0833129883,-0.0015258789,9.7810363773,-0.0019205729,0.0000108507,0.1745876736
559034.5100242330,-0.0823974609,0.0074768066,9.7816467288,-0.0009223090,0.0000108507,0.1745768229
559034.5200242330,-0.0819396973,-0.0018310547,9.7813415531,-0.0016493056,0.0000108507,0.1745876736
559034.5300242340,-0.0837707520,0.0061035156,9.7817993167,-0.0012912326,-0.0000000000,0.1745985243
559034.5400242340,-0.0830078125,-0.0003051758,9.7811889652,-0.0011935764,0.0000108507,0.1746202257
559034.5500242340,-0.0837707520,0.0041198730,9.7816467288,-0.0017035590,-0.0000000000,0.1745876736
559034.5600242340,-0.0817871094,0.0028991699,9.7816467288,-0.0008789062,0.0000217014,0.1746093750
559034.5700242340,-0.0828552246,0.0009155273,9.7813415531,-0.0019639757,0.0000108507,0.1745768229
559034.5800242340,-0.0834655762,0.0054931641,9.7814941409,-0.0008029514,-0.0000325521,0.1745659722
559034.5900242340,-0.0833129883,-0.0022888184,9.7814941409,-0.0018554687,0.0000108507,0.1745551215
559034.6000242340,-0.0817871094,0.0067138672,9.7817993167,-0.0009874132,-0.0000000000,0.1746310764
559034.6100242340,-0.0834655762,-0.0009155273,9.7817993167,-0.0015407986,0.0000108507,0.1746527778
559034.6200242341,-0.0831604004,0.0057983398,9.7817993167,-0.0013780382,-0.0000000000,0.1746419271
559034.6300242339,-0.0827026367,-0.0007629395,9.7811889652,-0.0011067708,-0.0000000000,0.1746310764
559034.6400242340,-0.0833129883,0.0024414063,9.7816467288,-0.0018229167,0.0000108507,0.1746310764
559034.6500242340,-0.0823974609,0.0047302246,9.7814941409,-0.0008138021,-0.0000000000,0.1746636285
559034.6600242340,-0.0833129883,-0.0004577637,9.7811889652,-0.0019639757,0.0000108507,0.1746636285
559034.6700242340,-0.0836181641,0.0051879883,9.7814941409,-0.0007921007,-0.0000000000,0.1746093750
559034.6800242340,-0.0828552246,-0.0025939941,9.7814941409,-0.0017361111,0.0000217014,0.1746744792
559034.6900242340,-0.0831604004,0.0071716309,9.7824096683,-0.0011501736,-0.0000000000,0.1745985243
559034.7000242340,-0.0834655762,-0.0010681152,9.7813415531,-0.0013563368,0.0000217014,0.1745876736
559034.7100242340,-0.0834655762,0.0041198730,9.7817993167,-0.0015950521,-0.0000000000,0.1745659722
559034.7200242340,-0.0830078125,0.0010681152,9.7814941409,-0.0009657118,-0.0000000000,0.1746093750
559034.7300242340,-0.0822448730,0.0009155273,9.7817993167,-0.0018771701,0.0000108507,0.1746202257
559034.7400242341,-0.0839233398,0.0050354004,9.7810363773,-0.0007595486,-0.0000000000,0.1746419271
559034.7500242339,-0.0833129883,-0.0012207031,9.7813415531,-0.0019097222,0.0000217014,0.1745985243
559034.7600242340,-0.0827026367,0.0061035156,9.7813415531,-0.0009548611,-0.0000000000,0.1746310764
559034.7700242340,-0.0825500488,-0.0021362305,9.7811889652,-0.0016493056,-0.0000000000,0.1746419271
559034.7800242340,-0.0842285156,0.0054931641,9.7817993167,-0.0012369792,0.0000108507,0.1745985243
559034.7900242340,-0.0845336914,-0.0003051758,9.7813415531,-0.0013563368,-0.0000000000,0.1746202257
559034.8000242340,-0.0833129883,0.0044250488,9.7816467288,-0.0014648437,-0.0000000000,0.1746310764
559034.8100242340,-0.0817871094,-0.0000000000,9.7807312015,-0.0011067708,-0.0000000000,0.1746527778
559034.8200242340,-0.0842285156,0.0027465820,9.7814941409,-0.0017469618,-0.0000000000,0.1746636285
559034.8300242340,-0.0839233398,0.0028991699,9.7814941409,-0.0008463542,-0.0000000000,0.1746310764
559034.8400242340,-0.0828552246,-0.0000000000,9.7813415531,-0.0019748264,0.0000108507,0.1746419271
559034.8500242340,-0.0825500488,0.0059509277,9.7819519046,-0.0008463542,-0.0000108507,0.1746310764
559034.8600242340,-0.0828552246,-0.0018310547,9.7814941409,-0.0018337674,-0.0000000000,0.1746636285
559034.8700242341,-0.0842285156,0.0059509277,9.7817993167,-0.0010416667,-0.0000000000,0.1746744792
559034.8800242339,-0.0834655762,-0.0019836426,9.7817993167,-0.0014431424,0.0000108507,0.1746527778
559034.8900242340,-0.0828552246,0.0061035156,9.7816467288,-0.0014973958,0.0000108507,0.1746419271
559034.9000242340,-0.0823974609,0.0009155273,9.7808837894,-0.0010525174,-0.0000000000,0.1746310764
559034.9100242340,-0.0833129883,0.0013732910,9.7813415531,-0.0018446181,0.0000108507,0.1745985243
559034.9200242340,-0.0831604004,0.0035095215,9.7819519046,-0.0008355035,-0.0000000000,0.1746636285
559034.9300242340,-0.0833129883,0.0004577637,9.7813415531,-0.0019097222,0.0000542535,0.1746419271
559034.9400242340,-0.0823974609,0.0062561035,9.7813415531,-0.0008355035,-0.0000108507,0.1746310764
559034.9500242340,-0.0828552246,-0.0032043457,9.7813415531,-0.0017903646,0.0000108507,0.1746310764
559034.9600242340,-0.0833129883,0.0059509277,9.7819519046,-0.0011067708,-0.0000000000,0.1746093750
559034.9700242340,-0.0836181641,-0.0007629395,9.7814941409,-0.0014105903,-0.0000000000,0.1746310764
559034.9800242340,-0.0823974609,0.0056457520,9.7816467288,-0.0015733507,0.0000217014,0.1745985243
559034.9900242341,-0.0836181641,0.0009155273,9.7810363773,-0.0009765625,-0.0000000000,0.1745768229
559035.0000242339,-0.0836181641,0.0009155273,9.7808837894,-0.0018337674,-0.0000000000,0.1746419271
559035.0100242340,-0.0836181641,0.0050354004,9.7813415531,-0.0007595486,-0.0000000000,0.1749565972
559035.0200242340,-0.0828552246,-0.0007629395,9.7816467288,-0.0019314236,0.0000217014,0.1746527778
559035.0300242340,-0.0823974609,0.0056457520,9.7816467288,-0.0008789062,-0.0000325521,0.1746419271
559035.0400242340,-0.0833129883,-0.0027465820,9.7814941409,-0.0017035590,0.0000325521,0.1746419271
559035.0500242340,-0.0842285156,0.0065612793,9.7816467288,-0.0012369792,-0.0000000000,0.1746636285
559035.0600242340,-0.0823974609,-0.0003051758,9.7811889652,-0.0012478299,-0.0000108507,0.1746310764
559035.0700242340,-0.0822448730,0.0030517578,9.7817993167,-0.0016601562,0.0000108507,0.1746527778
559035.0800242340,-0.0839233398,0.0009155273,9.7813415531,-0.0008897569,-0.0000000000,0.1746636285
559035.0900242340,-0.0830078125,0.0012207031,9.7813415531,-0.0019097222,0.0000108507,0.1746202257
559035.1000242340,-0.0825500488,0.0053405762,9.7822570804,-0.0008463542,-0.0000000000,0.1746636285
559035.1100242340,-0.0828552246,-0.0024414063,9.7822570804,-0.0018446181,0.0000325521,0.1746310764
559035.1200242341,-0.0834655762,0.0053405762,9.7814941409,-0.0009440104,-0.0000000000,0.1745659722
559035.1300242339,-0.0840759277,0.0003051758,9.7810363773,-0.0017252604,-0.0000000000,0.1745768229
559035.1400242340,-0.0836181641,0.0061035156,9.7821044925,-0.0011501736,0.0000108507,0.1745551215
559035.1500242340,-0.0820922852,-0.0035095215,9.7821044925,-0.0014105903,-0.0000000000,0.1745442708
559035.1600242340,-0.0836181641,0.0045776367,9.7816467288,-0.0014756944,-0.0000000000,0.1745768229
559035.1700242340,-0.0833129883,0.0019836426,9.7817993167,-0.0010742187,-0.0000000000,0.1745659722
559035.1800242340,-0.0833129883,0.0030517578,9.7813415531,-0.0018446181,-0.0000000000,0.1746419271
559035.1900242340,-0.0820922852,0.0010681152,9.7813415531,-0.0008029514,-0.0000000000,0.1746419271
559035.2000242340,-0.0839233398,-0.0018310547,9.7816467288,-0.0019205729,0.0000325521,0.1746093750
559035.2100242340,-0.0833129883,0.0080871582,9.7816467288,-0.0008138021,-0.0000325521,0.1746202257
559035.2200242340,-0.0836181641,-0.0016784668,9.7811889652,-0.0017578125,0.0000217014,0.1746419271
559035.2300242340,-0.0833129883,0.0053405762,9.7816467288,-0.0011501736,-0.0000000000,0.1746636285
559035.2400242341,-0.0831604004,-0.0028991699,9.7813415531,-0.0013780382,-0.0000000000,0.1746419271
559035.2500242339,-0.0845336914,0.0054931641,9.7813415531,-0.0015407986,0.0000108507,0.1746093750
559035.2600242340,-0.0843811035,0.0025939941,9.7816467288,-0.0010308160,-0.0000000000,0.1746419271
559035.2700242340,-0.0837707520,0.0009155273,9.7816467288,-0.0018229167,-0.0000108507,0.1746527778
559035.2800242340,-0.0828552246,0.0024414063,9.7814941409,-0.0007812500,-0.0000000000,0.1746527778
559035.2900242340,-0.0828552246,-0.0010681152,9.7814941409,-0.0019314236,0.0000325521,0.1746093750
559035.3000242340,-0.0839233398,0.0074768066,9.7814941409,-0.0008463542,-0.0000108507,0.1746419271
559035.3100242340,-0.0854492188,-0.0025939941,9.7817993167,-0.0017578125,-0.0000000000,0.1746310764
559035.3200242340,-0.0833129883,0.0048828125,9.7821044925,-0.0012044271,-0.0000000000,0.1746527778
559035.3300242340,-0.0802612305,-0.0016784668,9.7814941409,-0.0012912326,0.0000108507,0.1745876736
559035.3400242340,-0.0828552246,0.0054931641,9.7814941409,-0.0015950521,0.0000108507,0.1746093750
559035.3500242340,-0.0843811035,0.0015258789,9.7814941409,-0.0009657118,-0.0000217014,0.1746093750
559035.3600242340,-0.0842285156,0.0003051758,9.7810363773,-0.0018880208,-0.0000000000,0.1746419271
559035.3700242341,-0.0814819336,0.0038146973,9.7814941409,-0.0007921007,-0.0000000000,0.1746310764
559035.3800242339,-0.0827026367,-0.0009155273,9.7811889652,-0.0019422743,0.0000108507,0.1745768229
559035.3900242340,-0.0842285156,0.0062561035,9.7816467288,-0.0008897569,-0.0000108507,0.1745659722
559035.4000242340,-0.0845336914,-0.0033569336,9.7808837894,-0.0016601562,-0.0000000000,0.1745551215
559035.4100242340,-0.0830078125,0.0064086914,9.7811889652,-0.0012369792,-0.0000108507,0.1745659722
559035.4200242340,-0.0816345215,-0.0004577637,9.7813415531,-0.0012369792,0.0000325521,0.1745442708
559035.4300242340,-0.0839233398,0.0030517578,9.7817993167,-0.0017578125,-0.0000000000,0.1745768229
559035.4400242340,-0.0849914551,0.0013732910,9.7816467288,-0.0008572049,-0.0000434028,0.1745876736
559035.4500242340,-0.0839233398,0.0001525879,9.7807312015,-0.0019205729,0.0000108507,0.1746202257
559035.4600242340,-0.0828552246,0.0048828125,9.7814941409,-0.0007812500,-0.0000000000,0.1746202257
559035.4700242340,-0.0823974609,-0.0024414063,9.7811889652,-0.0018337674,-0.0000000000,0.1745985243
559035.4800242340,-0.0836181641,0.0062561035,9.7814941409,-0.0009223090,0.0000108507,0.1746202257
559035.4900242341,-0.0846862793,-0.0010681152,9.7813415531,-0.0016167535,-0.0000217014,0.1746310764
559035.5000242339,-0.0839233398,0.0054931641,9.7813415531,-0.0013346354,-0.0000000000,0.1746527778
559035.5100242340,-0.0807189941,-0.0010681152,9.7808837894,-0.0011935764,0.0000217014,0.1746527778
559035.5200242340,-0.0840759277,0.0030517578,9.7816467288,-0.0017578125,-0.0000000000,0.1746419271
559035.5300242340,-0.0843811035,0.0024414063,9.7819519046,-0.0008463542,-0.0000000000,0.1746419271
559035.5400242340,-0.0849914551,0.0007629395,9.7816467288,-0.0019097222,-0.0000000000,0.1746202257
559035.5500242340,-0.0823974609,0.0050354004,9.7814941409,-0.0008355035,-0.0000325521,0.1746093750
559035.5600242340,-0.0817871094,-0.0033569336,9.7811889652,-0.0018554687,0.0000108507,0.1745985243
559035.5700242340,-0.0852966309,0.0053405762,9.7813415531,-0.0009765625,-0.0000000000,0.1746202257
559035.5800242340,-0.0848388672,-0.0004577637,9.7811889652,-0.0015842014,-0.0000000000,0.1745551215
559035.5900242340,-0.0834655762,0.0054931641,9.7811889652,-0.0013020833,-0.0000000000,0.1746419271
559035.6000242350,-0.0819396973,-0.0016784668,9.7816467288,-0.0012261285,-0.0000000000,0.1746419271
559035.6100242350,-0.0836181641,0.0022888184,9.7814941409,-0.0016493056,0.0000108507,0.1745876736
559035.6200242350,-0.0834655762,0.0025939941,9.7814941409,-0.0008897569,-0.0000108507,0.1745334201
559035.6300242350,-0.0842285156,0.0018310547,9.7814941409,-0.0019314236,-0.0000108507,0.1745659722
559035.6400242350,-0.0820922852,0.0038146973,9.7814941409,-0.0007921007,0.0000108507,0.1746093750
559035.6500242350,-0.0834655762,-0.0024414063,9.7816467288,-0.0019097222,-0.0000108507,0.1745876736
559035.6600242350,-0.0845336914,0.0067138672,9.7814941409,-0.0009440104,-0.0000000000,0.1746093750
559035.6700242350,-0.0836181641,-0.0016784668,9.7813415531,-0.0015733507,0.0000108507,0.1746527778
559035.6800242350,-0.0839233398,0.0057983398,9.7811889652,-0.0013237847,-0.0000000000,0.1746853299
559035.6900242351,-0.0827026367,-0.0010681152,9.7816467288,-0.0012152778,-0.0000108507,0.1746419271
559035.7000242349,-0.0834655762,0.0019836426,9.7819519046,-0.0017361111,0.0000217014,0.1745876736
559035.7100242350,-0.0836181641,0.0016784668,9.7817993167,-0.0009006076,-0.0000108507,0.1746202257
559035.7200242350,-0.0840759277,0.0009155273,9.7819519046,-0.0019097222,-0.0000000000,0.1745985243
559035.7300242350,-0.0842285156,0.0053405762,9.7816467288,-0.0008138021,-0.0000000000,0.1746310764
559035.7400242350,-0.0823974609,-0.0022888184,9.7811889652,-0.0018554687,-0.0000000000,0.1745876736
559035.7500242350,-0.0842285156,0.0050354004,9.7816467288,-0.0009006076,-0.0000108507,0.1746419271
559035.7600242350,-0.0842285156,-0.0013732910,9.7811889652,-0.0016276042,0.0000217014,0.1746636285
559035.7700242350,-0.0845336914,0.0076293945,9.7821044925,-0.0013237847,-0.0000000000,0.1747070312
559035.7800242350,-0.0823974609,-0.0018310547,9.7813415531,-0.0012695312,-0.0000108507,0.1746744792
559035.7900242350,-0.0828552246,0.0024414063,9.7817993167,-0.0016710069,-0.0000000000,0.1746744792
559035.8000242350,-0.0839233398,0.0010681152,9.7813415531,-0.0009006076,-0.0000108507,0.1746202257
559035.8100242350,-0.0852966309,0.0019836426,9.7811889652,-0.0018446181,0.0000217014,0.1745876736
559035.8200242351,-0.0836181641,0.0044250488,9.7816467288,-0.0008355035,-0.0000000000,0.1745551215
559035.8300242350,-0.0814819336,-0.0025939941,9.7811889652,-0.0019314236,-0.0000000000,0.1745659722
559035.8400242350,-0.0825500488,0.0042724609,9.7816467288,-0.0008897569,-0.0000000000,0.1745768229
559035.8500242350,-0.0859069824,-0.0010681152,9.7813415531,-0.0017035590,0.0000108507,0.1745876736
559035.8600242350,-0.0849914551,0.0067138672,9.7817993167,-0.0012152778,-0.0000000000,0.1746636285
559035.8700242350,-0.0823974609,-0.0025939941,9.7814941409,-0.0013237847,-0.0000000000,0.1746853299
559035.8800242350,-0.0817871094,0.0035095215,9.7817993167,-0.0015516493,-0.0000000000,0.1746744792
559035.8900242350,-0.0840759277,0.0019836426,9.7816467288,-0.0009765625,-0.0000000000,0.1746310764
559035.9000242350,-0.0852966309,0.0022888184,9.7814941409,-0.0018988715,-0.0000000000,0.1746419271
559035.9100242350,-0.0837707520,0.0039672852,9.7807312015,-0.0008029514,-0.0000325521,0.1746744792
559035.9200242350,-0.0823974609,-0.0027465820,9.7816467288,-0.0019097222,0.0000108507,0.1746527778
559035.9300242350,-0.0833129883,0.0062561035,9.7813415531,-0.0008789062,-0.0000108507,0.1746419271
559035.9400242351,-0.0852966309,-0.0010681152,9.7811889652,-0.0017035590,-0.0000000000,0.1745985243
559035.9500242349,-0.0845336914,0.0054931641,9.7819519046,-0.0011935764,-0.0000000000,0.1746419271
559035.9600242350,-0.0823974609,-0.0019836426,9.7811889652,-0.0013563368,-0.0000108507,0.1746310764
559035.9700242350,-0.0834655762,0.0042724609,9.7817993167,-0.0016167535,0.0000108507,0.1745985243
559035.9800242350,-0.0845336914,0.0019836426,9.7816467288,-0.0010308160,-0.0000000000,0.1745551215
559035.9900242350,-0.0848388672,0.0013732910,9.7813415531,-0.0018337674,-0.0000108507,0.1746310764
559036.0000242350,-0.0827026367,0.0021362305,9.7811889652,-0.0008029514,-0.0000000000,0.1746202257
559036.0100242350,-0.0823974609,-0.0009155273,9.7822570804,-0.0019205729,0.0000325521,0.1749131944
559036.0200242350,-0.0845336914,0.0062561035,9.7817993167,-0.0008680556,-0.0000108507,0.1746527778
559036.0300242350,-0.0849914551,-0.0027465820,9.7814941409,-0.0017469618,-0.0000108507,0.1746419271
559036.0400242350,-0.0827026367,0.0056457520,9.7821044925,-0.0011827257,-0.0000000000,0.1746419271
559036.0500242350,-0.0833129883,-0.0018310547,9.7811889652,-0.0013780382,-0.0000000000,0.1746636285
559036.0600242350,-0.0836181641,0.0051879883,9.7819519046,-0.0015625000,0.0000108507,0.1746527778
559036.0700242351,-0.0849914551,0.0007629395,9.7816467288,-0.0009874132,-0.0000217014,0.1746310764
559036.0800242350,-0.0836181641,0.0004577637,9.7816467288,-0.0018337674,-0.0000000000,0.1745659722
559036.0900242350,-0.0823974609,0.0036621094,9.7814941409,-0.0008463542,-0.0000000000,0.1746202257
559036.1000242350,-0.0836181641,-0.0009155273,9.7814941409,-0.0019097222,0.0000108507,0.1745985243
559036.1100242350,-0.0851440430,0.0061035156,9.7816467288,-0.0009006076,-0.0000217014,0.1745659722
559036.1200242350,-0.0836181641,-0.0035095215,9.7810363773,-0.0017469618,0.0000108507,0.1745768229
559036.1300242350,-0.0828552246,0.0056457520,9.7819519046,-0.0011067708,-0.0000000000,0.1745985243
559036.1400242350,-0.0836181641,-0.0015258789,9.7811889652,-0.0013780382,0.0000108507,0.1746527778
559036.1500242350,-0.0854492188,0.0054931641,9.7817993167,-0.0015625000,-0.0000108507,0.1746419271
559036.1600242350,-0.0842285156,0.0007629395,9.7814941409,-0.0010091146,-0.0000108507,0.1745659722
559036.1700242350,-0.0830078125,0.0009155273,9.7814941409,-0.0018771701,-0.0000000000,0.1746202257
559036.1800242350,-0.0834655762,0.0044250488,9.7819519046,-0.0008029514,-0.0000325521,0.1746527778
559036.1900242351,-0.0843811035,-0.0006103516,9.7811889652,-0.0019314236,0.0000108507,0.1746527778
559036.2000242349,-0.0846862793,0.0045776367,9.7813415531,-0.0008789062,-0.0000325521,0.1746527778
559036.2100242350,-0.0827026367,-0.0021362305,9.7814941409,-0.0017144097,-0.0000000000,0.1746527778
559036.2200242350,-0.0833129883,0.0067138672,9.7824096683,-0.0011501736,0.0000108507,0.1746310764
559036.2300242350,-0.0848388672,-0.0012207031,9.7816467288,-0.0014539931,-0.0000108507,0.1745985243
559036.2400242350,-0.0839233398,0.0045776367,9.7817993167,-0.0015082465,-0.0000000000,0.1745659722
559036.2500242350,-0.0830078125,-0.0000000000,9.7816467288,-0.0010525174,-0.0000434028,0.1745876736
559036.2600242350,-0.0839233398,0.0013732910,9.7821044925,-0.0017686632,0.0000108507,0.1746093750
559036.2700242350,-0.0840759277,0.0032043457,9.7810363773,-0.0008138021,-0.0000325521,0.1746202257
559036.2800242350,-0.0843811035,-0.0004577637,9.7805786136,-0.0019314236,0.0000108507,0.1745985243
559036.2900242350,-0.0836181641,0.0054931641,9.7817993167,-0.0008572049,-0.0000325521,0.1746093750
559036.3000242350,-0.0839233398,-0.0028991699,9.7811889652,-0.0017686632,-0.0000000000,0.1746310764
559036.3100242350,-0.0828552246,0.0053405762,9.7821044925,-0.0011393229,-0.0000000000,0.1746419271
559036.3200242351,-0.0833129883,-0.0010681152,9.7811889652,-0.0013346354,-0.0000000000,0.1746310764
559036.3300242350,-0.0842285156,0.0047302246,9.7817993167,-0.0016493056,-0.0000108507,0.1746527778
559036.3400242350,-0.0839233398,0.0006103516,9.7824096683,-0.0008897569,-0.0000325521,0.1746310764
559036.3500242350,-0.0833129883,-0.0003051758,9.7814941409,-0.0019422743,0.0000217014,0.1745876736
559036.3600242350,-0.0839233398,0.0061035156,9.7817993167,-0.0007595486,-0.0000108507,0.1745768229
559036.3700242350,-0.0843811035,-0.0021362305,9.7810363773,-0.0018988715,-0.0000000000,0.1745768229
559036.3800242350,-0.0851440430,0.0061035156,9.7813415531,-0.0010525174,-0.0000217014,0.1745876736
559036.3900242350,-0.0834655762,-0.0030517578,9.7817993167,-0.0014973958,-0.0000108507,0.1745985243
559036.4000242350,-0.0840759277,0.0059509277,9.7819519046,-0.0013563368,-0.0000000000,0.1745876736
559036.4100242350,-0.0845336914,-0.0000000000,9.7817993167,-0.0011935764,-0.0000108507,0.1746310764
559036.4200242350,-0.0842285156,0.0016784668,9.7811889652,-0.0017252604,-0.0000108507,0.1746093750
559036.4300242350,-0.0830078125,0.0013732910,9.7814941409,-0.0008897569,-0.0000434028,0.1746310764
559036.4400242351,-0.0836181641,0.0004577637,9.7813415531,-0.0018988715,0.0000108507,0.1746419271
559036.4500242349,-0.0837707520,0.0047302246,9.7814941409,-0.0008355035,-0.0000000000,0.1746961805
559036.4600242350,-0.0834655762,-0.0024414063,9.7808837894,-0.0018446181,0.0000108507,0.1746527778
559036.4700242350,-0.0843811035,0.0056457520,9.7816467288,-0.0009548611,-0.0000434028,0.1746310764
559036.4800242350,-0.0843811035,-0.0019836426,9.7813415531,-0.0015625000,-0.0000000000,0.1746310764
559036.4900242350,-0.0843811035,0.0061035156,9.7816467288,-0.0013563368,-0.0000000000,0.1746310764
559036.5000242350,-0.0828552246,-0.0019836426,9.7817993167,-0.0012369792,-0.0000000000,0.1746202257
559036.5100242350,-0.0834655762,0.0024414063,9.7813415531,-0.0016710069,-0.0000108507,0.1745225694
559036.5200242350,-0.0839233398,0.0028991699,9.7814941409,-0.0009223090,-0.0000217014,0.1745334201
559036.5300242350,-0.0833129883,0.0012207031,9.7814941409,-0.0018554687,0.0000108507,0.1745876736
559036.5400242350,-0.0830078125,0.0030517578,9.7819519046,-0.0008680556,-0.0000108507,0.1746310764
559036.5500242350,-0.0842285156,-0.0019836426,9.7821044925,-0.0018337674,-0.0000000000,0.1746310764
559036.5600242350,-0.0840759277,0.0054931641,9.7821044925,-0.0009223090,-0.0000108507,0.1746093750
559036.5700242351,-0.0845336914,-0.0006103516,9.7811889652,-0.0017469618,-0.0000108507,0.1746310764
559036.5800242350,-0.0843811035,0.0056457520,9.7814941409,-0.0011610243,-0.0000000000,0.1746527778
559036.5900242350,-0.0836181641,-0.0035095215,9.7813415531,-0.0013888889,-0.0000000000,0.1745985243
559036.6000242350,-0.0843811035,0.0053405762,9.7816467288,-0.0014865451,-0.0000000000,0.1745985243
559036.6100242350,-0.0840759277,0.0007629395,9.7817993167,-0.0010308160,-0.0000434028,0.1746093750
559036.6200242350,-0.0839233398,0.0007629395,9.7819519046,-0.0018880208,0.0000108507,0.1746093750
559036.6300242350,-0.0823974609,0.0028991699,9.7810363773,-0.0007812500,-0.0000108507,0.1746202257
559036.6400242350,-0.0834655762,-0.0019836426,9.7811889652,-0.0019422743,0.0000108507,0.1745551215
559036.6500242350,-0.0860595703,0.0067138672,9.7821044925,-0.0009223090,-0.0000325521,0.1746310764
559036.6600242350,-0.0848388672,-0.0021362305,9.7811889652,-0.0017144097,-0.0000434028,0.1745985243
559036.6700242360,-0.0827026367,0.0038146973,9.7813415531,-0.0011827257,-0.0000000000,0.1748155382
559036.6800242360,-0.0828552246,-0.0018310547,9.7813415531,-0.0013780382,-0.0000000000,0.1747612847
559036.6900242360,-0.0849914551,0.0062561035,9.7808837894,-0.0015082465,-0.0000000000,0.1746744792
559036.7000242360,-0.0839233398,-0.0000000000,9.7816467288,-0.0011067708,-0.0000108507,0.1745768229
559036.7100242360,-0.0846862793,0.0009155273,9.7814941409,-0.0018337674,-0.0000000000,0.1745659722
559036.7200242360,-0.0830078125,0.0024414063,9.7811889652,-0.0008138021,-0.0000000000,0.1745334201
559036.7300242360,-0.0842285156,0.0001525879,9.7819519046,-0.0019205729,0.0000108507,0.1745768229
559036.7400242360,-0.0863647461,0.0059509277,9.7811889652,-0.0008680556,-0.0000434028,0.1746093750
559036.7500242360,-0.0842285156,-0.0032043457,9.7816467288,-0.0017686632,-0.0000108507,0.1745985243
559036.7600242360,-0.0830078125,0.0042724609,9.7813415531,-0.0011176215,-0.0000000000,0.1746310764
559036.7700242359,-0.0840759277,-0.0009155273,9.7810363773,-0.0014214410,-0.0000108507,0.1746527778
559036.7800242360,-0.0840759277,0.0051879883,9.7816467288,-0.0014973958,-0.0000000000,0.1745985243
559036.7900242360,-0.0836181641,-0.0016784668,9.7813415531,-0.0010633681,-0.0000217014,0.1746202257
559036.8000242360,-0.0833129883,0.0018310547,9.7817993167,-0.0017469618,-0.0000108507,0.1745985243
559036.8100242360,-0.0836181641,0.0038146973,9.7813415531,-0.0008680556,-0.0000000000,0.1746202257
559036.8200242360,-0.0834655762,0.0003051758,9.7816467288,-0.0019205729,0.0000217014,0.1746744792
559036.8300242360,-0.0842285156,0.0057983398,9.7802734378,-0.0008572049,-0.0000651042,0.1746310764
559036.8400242360,-0.0837707520,-0.0056457520,9.7824096683,-0.0018554687,-0.0000000000,0.1746636285
559036.8500242360,-0.0823974609,0.0041198730,9.7825622562,-0.0010308160,-0.0000000000,0.1746636285
559036.8600242360,-0.0854492188,0.0021362305,9.7814941409,-0.0014431424,-0.0000108507,0.1746202257
559036.8700242360,-0.0860595703,0.0050354004,9.7813415531,-0.0015407986,-0.0000108507,0.1745659722
559036.8800242360,-0.0839233398,-0.0027465820,9.7819519046,-0.0010416667,-0.0000217014,0.1745551215
559036.8900242361,-0.0831604004,0.0003051758,9.7816467288,-0.0017686632,0.0000108507,0.1746419271
559036.9000242359,-0.0830078125,0.0064086914,9.7811889652,-0.0008355035,-0.0000000000,0.1746310764
559036.9100242360,-0.0845336914,0.0003051758,9.7819519046,-0.0019856771,-0.0000000000,0.1746202257
559036.9200242360,-0.0849914551,0.0019836426,9.7813415531,-0.0009006076,-0.0000434028,0.1746093750
559036.9300242360,-0.0830078125,-0.0041198730,9.7813415531,-0.0017144097,-0.0000000000,0.1745876736
559036.9400242360,-0.0846862793,0.0090026855,9.7814941409,-0.0010959201,-0.0000000000,0.1746202257
559036.9500242360,-0.0843811035,-0.0003051758,9.7808837894,-0.0014648437,-0.0000108507,0.1746419271
559036.9600242360,-0.0839233398,0.0021362305,9.7814941409,-0.0015299479,-0.0000000000,0.1746419271
559036.9700242360,-0.0833129883,-0.0024414063,9.7814941409,-0.0010308160,-0.0000217014,0.1746744792
559036.9800242360,-0.0842285156,0.0036621094,9.7814941409,-0.0018554687,-0.0000000000,0.1746744792
559036.9900242360,-0.0852966309,0.0057983398,9.7813415531,-0.0007921007,-0.0000108507,0.1746527778
559037.0000242360,-0.0839233398,-0.0035095215,9.7825622562,-0.0019856771,0.0000108507,0.1746527778
559037.0100242360,-0.0833129883,0.0042724609,9.7830200199,-0.0008246528,-0.0000325521,0.1749131944
559037.0200242359,-0.0856018066,-0.0000000000,9.7842407230,-0.0017361111,-0.0000108507,0.1746419271
559037.0300242360,-0.0851440430,0.0056457520,9.7789001468,-0.0011935764,0.0000108507,0.1746202257
559037.0400242360,-0.0831604004,-0.0033569336,9.7766113284,-0.0014105903,-0.0000108507,0.1746527778
559037.0500242360,-0.0831604004,0.0027465820,9.7807312015,-0.0015407986,-0.0000000000,0.1746527778
559037.0600242360,-0.0831604004,0.0019836426,9.7805786136,-0.0009548611,-0.0000217014,0.1745876736
559037.0700242360,-0.0846862793,0.0033569336,9.7831726077,-0.0019097222,-0.0000000000,0.1745876736
559037.0800242360,-0.0854492188,0.0033569336,9.7836303714,-0.0008138021,-0.0000325521,0.1746093750
559037.0900242360,-0.0828552246,-0.0033569336,9.7825622562,-0.0019314236,0.0000108507,0.1745985243
559037.1000242360,-0.0839233398,0.0067138672,9.7821044925,-0.0008789062,-0.0000325521,0.1746419271
559037.1100242360,-0.0830078125,-0.0010681152,9.7811889652,-0.0017686632,-0.0000000000,0.1746419271
559037.1200242360,-0.0845336914,0.0047302246,9.7802734378,-0.0011827257,-0.0000108507,0.1746636285
559037.1300242360,-0.0837707520,-0.0041198730,9.7801208499,-0.0013346354,-0.0000000000,0.1746419271
559037.1400242361,-0.0831604004,0.0039672852,9.7811889652,-0.0014973958,-0.0000000000,0.1745768229
559037.1500242359,-0.0831604004,0.0019836426,9.7827148441,-0.0010308160,-0.0000108507,0.1745876736
559037.1600242360,-0.0849914551,0.0024414063,9.7828674320,-0.0019097222,-0.0000108507,0.1745985243
559037.1700242360,-0.0849914551,0.0012207031,9.7833251956,-0.0008355035,-0.0000325521,0.1746419271
559037.1800242360,-0.0837707520,-0.0015258789,9.7811889652,-0.0019205729,-0.0000000000,0.1746202257
559037.1900242360,-0.0845336914,0.0071716309,9.7801208499,-0.0008029514,-0.0000325521,0.1746093750
559037.2000242360,-0.0846862793,-0.0019836426,9.7787475589,-0.0018012153,0.0000108507,0.1745876736
559037.2100242360,-0.0860595703,0.0042724609,9.7813415531,-0.0011067708,-0.0000217014,0.1745985243
559037.2200242360,-0.0830078125,-0.0030517578,9.7821044925,-0.0014105903,-0.0000108507,0.1745659722
559037.2300242360,-0.0833129883,0.0047302246,9.7824096683,-0.0015407986,-0.0000000000,0.1746310764
559037.2400242360,-0.0836181641,0.0003051758,9.7821044925,-0.0010959201,-0.0000434028,0.1746636285
559037.2500242360,-0.0859069824,0.0006103516,9.7813415531,-0.0018229167,-0.0000217014,0.1746744792
559037.2600242360,-0.0851440430,0.0021362305,9.7811889652,-0.0008355035,-0.0000000000,0.1747395833
559037.2700242359,-0.0837707520,0.0001525879,9.7817993167,-0.0019097222,-0.0000000000,0.1746527778
559037.2800242360,-0.0840759277,0.0054931641,9.7810363773,-0.0008463542,-0.0000325521,0.1746093750
559037.2900242360,-0.0845336914,-0.0036621094,9.7802734378,-0.0018446181,-0.0000000000,0.1745659722
559037.3000242360,-0.0852966309,0.0062561035,9.7814941409,-0.0010525174,-0.0000217014,0.1745768229
559037.3100242360,-0.0825500488,-0.0016784668,9.7816467288,-0.0014865451,-0.0000000000,0.1746093750
559037.3200242360,-0.0842285156,0.0053405762,9.7817993167,-0.0014648437,-0.0000000000,0.1745659722
559037.3300242360,-0.0825500488,-0.0012207031,9.7814941409,-0.0011067708,-0.0000434028,0.1745876736
559037.3400242360,-0.0860595703,0.0022888184,9.7813415531,-0.0017578125,-0.0000000000,0.1745659722
559037.3500242360,-0.0842285156,0.0027465820,9.7816467288,-0.0008355035,-0.0000325521,0.1745768229
559037.3600242360,-0.0846862793,-0.0000000000,9.7811889652,-0.0020073785,-0.0000000000,0.1745659722
559037.3700242360,-0.0834655762,0.0042724609,9.7814941409,-0.0008572049,-0.0000325521,0.1746202257
559037.3800242360,-0.0837707520,-0.0045776367,9.7816467288,-0.0018229167,-0.0000108507,0.1746093750
559037.3900242361,-0.0848388672,0.0068664551,9.7814941409,-0.0010308160,-0.0000000000,0.1746744792
559037.4000242359,-0.0842285156,-0.0006103516,9.7817993167,-0.0014756944,-0.0000000000,0.1746527778
559037.4100242360,-0.0836181641,0.0036621094,9.7821044925,-0.0015299479,-0.0000108507,0.1746527778
559037.4200242360,-0.0839233398,-0.0019836426,9.7816467288,-0.0010308160,-0.0000217014,0.1746093750
559037.4300242360,-0.0852966309,0.0022888184,9.7813415531,-0.0018337674,-0.0000217014,0.1746419271
559037.4400242360,-0.0854492188,0.0056457520,9.7813415531,-0.0008029514,-0.0000434028,0.1746419271
559037.4500242360,-0.0842285156,-0.0018310547,9.7817993167,-0.0019965278,0.0000108507,0.1746527778
559037.4600242360,-0.0840759277,0.0035095215,9.7816467288,-0.0008355035,-0.0000325521,0.1746419271
559037.4700242360,-0.0849914551,-0.0022888184,9.7814941409,-0.0017361111,-0.0000217014,0.1745876736
559037.4800242360,-0.0857543945,0.0068664551,9.7816467288,-0.0011393229,-0.0000108507,0.1745985243
559037.4900242360,-0.0842285156,-0.0022888184,9.7817993167,-0.0014539931,-0.0000108507,0.1745768229
559037.5000242360,-0.0846862793,0.0032043457,9.7814941409,-0.0014865451,-0.0000217014,0.1745985243
559037.5100242360,-0.0851440430,-0.0000000000,9.7814941409,-0.0010959201,-0.0000000000,0.1746527778
559037.5200242359,-0.0856018066,0.0032043457,9.7805786136,-0.0018229167,-0.0000108507,0.1746527778
559037.5300242360,-0.0845336914,0.0022888184,9.7817993167,-0.0008029514,-0.0000434028,0.1746636285
559037.5400242360,-0.0833129883,-0.0025939941,9.7814941409,-0.0019422743,-0.0000000000,0.1745876736
559037.5500242360,-0.0839233398,0.0064086914,9.7817993167,-0.0008463542,-0.0000542535,0.1746310764
559037.5600242360,-0.0849914551,-0.0033569336,9.7811889652,-0.0017686632,-0.0000000000,0.1746093750
559037.5700242360,-0.0846862793,0.0059509277,9.7817993167,-0.0011935764,-0.0000000000,0.1745985243
559037.5800242360,-0.0834655762,-0.0021362305,9.7814941409,-0.0013888889,-0.0000000000,0.1746202257
559037.5900242360,-0.0856018066,0.0036621094,9.7817993167,-0.0015733507,-0.0000217014,0.1746093750
559037.6000242360,-0.0848388672,0.0003051758,9.7808837894,-0.0009874132,-0.0000434028,0.1746093750
559037.6100242360,-0.0843811035,0.0009155273,9.7810363773,-0.0018446181,-0.0000108507,0.1745985243
559037.6200242360,-0.0831604004,0.0032043457,9.7827148441,-0.0008355035,-0.0000000000,0.1745551215
559037.6300242360,-0.0849914551,-0.0003051758,9.7799682620,-0.0019205729,-0.0000000000,0.1745768229
559037.6400242361,-0.0845336914,0.0051879883,9.7799682620,-0.0009331597,-0.0000542535,0.1745768229
559037.6500242359,-0.0845336914,-0.0035095215,9.7810363773,-0.0017469618,-0.0000000000,0.1746093750
559037.6600242360,-0.0848388672,0.0057983398,9.7822570804,-0.0010959201,-0.0000108507,0.1746093750
559037.6700242360,-0.0851440430,-0.0027465820,9.7821044925,-0.0015082465,-0.0000000000,0.1745985243
559037.6800242360,-0.0862121582,0.0071716309,9.7831726077,-0.0013671875,-0.0000217014,0.1745768229
559037.6900242360,-0.0851440430,-0.0024414063,9.7824096683,-0.0012478299,-0.0000542535,0.1745985243
559037.7000242360,-0.0831604004,0.0015258789,9.7804260257,-0.0017035590,-0.0000000000,0.1745551215
559037.7100242360,-0.0836181641,0.0019836426,9.7798156741,-0.0008463542,-0.0000108507,0.1746202257
559037.7200242360,-0.0868225098,0.0022888184,9.7804260257,-0.0019856771,0.0000108507,0.1746636285
559037.7300242360,-0.0862121582,0.0042724609,9.7816467288,-0.0008029514,-0.0000651042,0.1746744792
559037.7400242360,-0.0834655762,-0.0051879883,9.7819519046,-0.0018554687,-0.0000217014,0.1746744792
559037.7500242370,-0.0840759277,0.0067138672,9.7824096683,-0.0009657118,-0.0000108507,0.1746310764
559037.7600242370,-0.0852966309,-0.0006103516,9.7819519046,-0.0015625000,-0.0000000000,0.1746310764
559037.7700242370,-0.0877380371,0.0062561035,9.7817993167,-0.0014973958,-0.0000434028,0.1746527778
559037.7800242370,-0.0843811035,-0.0022888184,9.7810363773,-0.0011284722,-0.0000542535,0.1745768229
559037.7900242370,-0.0820922852,0.0009155273,9.7816467288,-0.0017686632,-0.0000000000,0.1746093750
559037.8000242370,-0.0845336914,0.0036621094,9.7811889652,-0.0008355035,-0.0000325521,0.1746202257
559037.8100242370,-0.0862121582,0.0004577637,9.7807312015,-0.0019639757,-0.0000000000,0.1746093750
559037.8200242370,-0.0856018066,0.0033569336,9.7816467288,-0.0008789062,-0.0000542535,0.1746527778
559037.8300242370,-0.0827026367,-0.0053405762,9.7819519046,-0.0018120660,-0.0000000000,0.1746853299
559037.8400242371,-0.0836181641,0.0076293945,9.7814941409,-0.0010308160,-0.0000000000,0.1746744792
559037.8500242369,-0.0852966309,0.0001525879,9.7819519046,-0.0015625000,-0.0000000000,0.1746093750
559037.8600242370,-0.0865173340,0.0036621094,9.7816467288,-0.0014648437,-0.0000542535,0.1746093750
559037.8700242370,-0.0837707520,-0.0028991699,9.7813415531,-0.0010416667,-0.0000542535,0.1746419271
559037.8800242370,-0.0837707520,0.0027465820,9.7813415531,-0.0018120660,-0.0000000000,0.1746093750
559037.8900242370,-0.0848388672,0.0050354004,9.7813415531,-0.0008355035,-0.0000108507,0.1746093750
559037.9000242370,-0.0848388672,-0.0027465820,9.7811889652,-0.0020073785,-0.0000000000,0.1745659722
559037.9100242370,-0.0846862793,0.0035095215,9.7814941409,-0.0008355035,-0.0000434028,0.1745876736
559037.9200242370,-0.0830078125,-0.0015258789,9.7814941409,-0.0017252604,-0.0000217014,0.1745876736
559037.9300242370,-0.0843811035,0.0082397461,9.7814941409,-0.0012369792,-0.0000000000,0.1746419271
559037.9400242370,-0.0837707520,-0.0027465820,9.7811889652,-0.0013346354,-0.0000108507,0.1745876736
559037.9500242370,-0.0852966309,0.0010681152,9.7814941409,-0.0016493056,-0.0000217014,0.1745551215
559037.9600242371,-0.0845336914,0.0013732910,9.7816467288,-0.0009440104,-0.0000542535,0.1745442708
559037.9700242369,-0.0846862793,0.0024414063,9.7816467288,-0.0019314236,-0.0000000000,0.1745551215
559037.9800242370,-0.0840759277,0.0036621094,9.7813415531,-0.0008138021,-0.0000000000,0.1745659722
559037.9900242370,-0.0845336914,-0.0044250488,9.7813415531,-0.0018880208,-0.0000000000,0.1745659722
559038.0000242370,-0.0857543945,0.0065612793,9.7813415531,-0.0009331597,-0.0000542535,0.1746202257
559038.0100242370,-0.0854492188,-0.0007629395,9.7816467288,-0.0016384549,-0.0000217014,0.1749240451
559038.0200242370,-0.0837707520,0.0050354004,9.7813415531,-0.0013346354,-0.0000108507,0.1746527778
559038.0300242370,-0.0842285156,-0.0032043457,9.7814941409,-0.0012261285,-0.0000217014,0.1746202257
559038.0400242370,-0.0854492188,0.0035095215,9.7817993167,-0.0017361111,-0.0000000000,0.1745551215
559038.0500242370,-0.0857543945,0.0036621094,9.7816467288,-0.0009006076,-0.0000542535,0.1746202257
559038.0600242370,-0.0842285156,-0.0001525879,9.7816467288,-0.0019205729,-0.0000000000,0.1746527778
559038.0700242370,-0.0839233398,0.0016784668,9.7816467288,-0.0008680556,-0.0000000000,0.1746527778
559038.0800242370,-0.0845336914,-0.0018310547,9.7811889652,-0.0018229167,-0.0000000000,0.1746527778
559038.0900242371,-0.0857543945,0.0071716309,9.7813415531,-0.0010091146,-0.0000542535,0.1746744792
559038.1000242369,-0.0854492188,-0.0028991699,9.7811889652,-0.0016167535,-0.0000217014,0.1746636285
559038.1100242370,-0.0836181641,0.0044250488,9.7817993167,-0.0013780382,-0.0000108507,0.1746419271
559038.1200242370,-0.0839233398,-0.0015258789,9.7810363773,-0.0011284722,-0.0000108507,0.1745659722
559038.1300242370,-0.0863647461,0.0042724609,9.7816467288,-0.0018012153,-0.0000108507,0.1745876736
559038.1400242370,-0.0856018066,0.0036621094,9.7808837894,-0.0008029514,-0.0000542535,0.1746202257
559038.1500242370,-0.0840759277,-0.0016784668,9.7811889652,-0.0019856771,-0.0000000000,0.1746419271
559038.1600242370,-0.0845336914,0.0050354004,9.7819519046,-0.0008355035,-0.0000108507,0.1746310764
559038.1700242370,-0.0846862793,-0.0022888184,9.7817993167,-0.0018229167,-0.0000000000,0.1746310764
559038.1800242370,-0.0846862793,0.0073242188,9.7811889652,-0.0011393229,-0.0000217014,0.1745768229
559038.1900242370,-0.0845336914,-0.0025939941,9.7813415531,-0.0014214410,-0.0000434028,0.1745876736
559038.2000242370,-0.0842285156,0.0039672852,9.7816467288,-0.0014973958,-0.0000000000,0.1745659722
559038.2100242371,-0.0837707520,-0.0000000000,9.7811889652,-0.0010091146,-0.0000108507,0.1745876736
559038.2200242369,-0.0862121582,0.0013732910,9.7817993167,-0.0019314236,-0.0000000000,0.1745551215
559038.2300242370,-0.0851440430,0.0039672852,9.7817993167,-0.0007812500,-0.0000542535,0.1745876736
559038.2400242370,-0.0851440430,-0.0028991699,9.7816467288,-0.0019856771,-0.0000000000,0.1745876736
559038.2500242370,-0.0843811035,0.0067138672,9.7816467288,-0.0009440104,-0.0000325521,0.1746527778
559038.2600242370,-0.0837707520,-0.0039672852,9.7817993167,-0.0016167535,-0.0000108507,0.1746636285
559038.2700242370,-0.0839233398,0.0054931641,9.7817993167,-0.0013671875,-0.0000434028,0.1746419271
559038.2800242370,-0.0856018066,0.0009155273,9.7816467288,-0.0011284722,-0.0000108507,0.1746202257
559038.2900242370,-0.0857543945,0.0027465820,9.7817993167,-0.0018337674,-0.0000108507,0.1746853299
559038.3000242370,-0.0837707520,0.0019836426,9.7811889652,-0.0008680556,-0.0000325521,0.1746636285
559038.3100242370,-0.0839233398,-0.0010681152,9.7817993167,-0.0019639757,-0.0000000000,0.1746419271
559038.3200242370,-0.0859069824,0.0056457520,9.7816467288,-0.0008355035,-0.0000651042,0.1746202257
559038.3300242370,-0.0856018066,-0.0015258789,9.7813415531,-0.0018120660,-0.0000217014,0.1746636285
559038.3400242371,-0.0854492188,0.0061035156,9.7817993167,-0.0010959201,-0.0000108507,0.1746419271
559038.3500242369,-0.0831604004,-0.0030517578,9.7816467288,-0.0014431424,-0.0000000000,0.1746527778
559038.3600242370,-0.0845336914,0.0041198730,9.7817993167,-0.0015516493,-0.0000108507,0.1746527778
559038.3700242370,-0.0865173340,0.0010681152,9.7813415531,-0.0009874132,-0.0000651042,0.1745768229
559038.3800242370,-0.0846862793,0.0015258789,9.7817993167,-0.0019422743,-0.0000000000,0.1746202257
559038.3900242370,-0.0834655762,0.0027465820,9.7816467288,-0.0007703993,-0.0000434028,0.1746093750
559038.4000242370,-0.0839233398,-0.0019836426,9.7813415531,-0.0019097222,-0.0000000000,0.1745876736
559038.4100242370,-0.0860595703,0.0076293945,9.7813415531,-0.0009331597,-0.0000542535,0.1745659722
559038.4200242370,-0.0857543945,-0.0022888184,9.7811889652,-0.0017361111,-0.0000108507,0.1746310764
559038.4300242370,-0.0843811035,0.0035095215,9.7824096683,-0.0012695312,-0.0000000000,0.1746853299
559038.4400242370,-0.0836181641,-0.0025939941,9.7811889652,-0.0013129340,-0.0000000000,0.1746419271
559038.4500242370,-0.0852966309,0.0051879883,9.7819519046,-0.0016276042,-0.0000108507,0.1745659722
559038.4600242371,-0.0866699219,0.0027465820,9.7811889652,-0.0010199653,-0.0000542535,0.1746093750
559038.4700242369,-0.0848388672,0.0001525879,9.7814941409,-0.0018446181,-0.0000000000,0.1746636285
559038.4800242370,-0.0833129883,0.0021362305,9.7819519046,-0.0008355035,-0.0000000000,0.1746310764
559038.4900242370,-0.0834655762,-0.0012207031,9.7816467288,-0.0019422743,-0.0000000000,0.1746419271
559038.5000242370,-0.0852966309,0.0065612793,9.7810363773,-0.0008789062,-0.0000434028,0.1746202257
559038.5100242370,-0.0857543945,-0.0024414063,9.7811889652,-0.0018012153,-0.0000108507,0.1746093750
559038.5200242370,-0.0845336914,0.0050354004,9.7817993167,-0.0011610243,-0.0000108507,0.1746310764
559038.5300242370,-0.0842285156,-0.0030517578,9.7802734378,-0.0013997396,-0.0000217014,0.1745659722
559038.5400242370,-0.0851440430,0.0054931641,9.7817993167,-0.0014865451,-0.0000217014,0.1745985243
559038.5500242370,-0.0865173340,0.0003051758,9.7813415531,-0.0011284722,-0.0000434028,0.1746202257
559038.5600242370,-0.0854492188,0.0015258789,9.7814941409,-0.0017578125,-0.0000108507,0.1746636285
559038.5700242370,-0.0830078125,0.0016784668,9.7819519046,-0.0009006076,-0.0000325521,0.1746527778
559038.5800242370,-0.0840759277,0.0004577637,9.7811889652,-0.0019856771,-0.0000000000,0.1745985243
559038.5900242371,-0.0868225098,0.0062561035,9.7808837894,-0.0008138021,-0.0000434028,0.1745876736
559038.6000242369,-0.0860595703,-0.0036621094,9.7814941409,-0.0018554687,-0.0000108507,0.1745876736
559038.6100242370,-0.0852966309,0.0067138672,9.7814941409,-0.0010091146,-0.0000217014,0.1745876736
559038.6200242370,-0.0846862793,-0.0022888184,9.7816467288,-0.0015516493,-0.0000217014,0.1746093750
559038.6300242370,-0.0848388672,0.0042724609,9.7811889652,-0.0014756944,-0.0000434028,0.1746093750
559038.6400242370,-0.0852966309,-0.0012207031,9.7817993167,-0.0011176215,-0.0000217014,0.1746310764
559038.6500242370,-0.0857543945,0.0021362305,9.7827148441,-0.0018120660,-0.0000108507,0.1746310764
559038.6600242370,-0.0859069824,0.0030517578,9.7814941409,-0.0008355035,-0.0000325521,0.1746093750
559038.6700242370,-0.0836181641,-0.0012207031,9.7813415531,-0.0019639757,-0.0000000000,0.1745768229
559038.6800242370,-0.0848388672,0.0039672852,9.7816467288,-0.0008463542,-0.0000542535,0.1745334201
559038.6900242370,-0.0849914551,-0.0025939941,9.7816467288,-0.0017686632,-0.0000108507,0.1743923611
559038.7000242370,-0.0843811035,0.0062561035,9.7813415531,-0.0011610243,-0.0000000000,0.1745008680
559038.7100242371,-0.0849914551,-0.0013732910,9.7805786136,-0.0014539931,-0.0000434028,0.1746310764
559038.7200242369,-0.0860595703,0.0038146973,9.7817993167,-0.0015299479,-0.0000434028,0.1746853299
559038.7300242370,-0.0862121582,-0.0007629395,9.7817993167,-0.0010525174,-0.0000434028,0.1746744792
559038.7400242370,-0.0852966309,0.0022888184,9.7821044925,-0.0017686632,-0.0000000000,0.1746961805
559038.7500242370,-0.0851440430,0.0044250488,9.7819519046,-0.0008897569,-0.0000542535,0.1746744792
559038.7600242370,-0.0848388672,-0.0006103516,9.7810363773,-0.0019422743,-0.0000000000,0.1746636285
559038.7700242370,-0.0866699219,0.0038146973,9.7811889652,-0.0009006076,-0.0000759549,0.1746093750
559038.7800242370,-0.0843811035,-0.0027465820,9.7811889652,-0.0018337674,-0.0000000000,0.1746419271
559038.7900242370,-0.0852966309,0.0071716309,9.7821044925,-0.0010308160,-0.0000000000,0.1746093750
559038.8000242370,-0.0845336914,-0.0027465820,9.7819519046,-0.0015625000,-0.0000434028,0.1745876736
559038.8100242370,-0.0857543945,0.0044250488,9.7814941409,-0.0014214410,-0.0000434028,0.1745985243
559038.8200242380,-0.0852966309,-0.0012207031,9.7816467288,-0.0010633681,-0.0000434028,0.1746419271
559038.8300242380,-0.0837707520,0.0028991699,9.7819519046,-0.0019097222,-0.0000108507,0.1746093750
559038.8400242380,-0.0840759277,0.0044250488,9.7814941409,-0.0008355035,-0.0000108507,0.1746419271
559038.8500242380,-0.0843811035,-0.0027465820,9.7807312015,-0.0019639757,-0.0000000000,0.1745768229
559038.8600242380,-0.0872802734,0.0048828125,9.7814941409,-0.0008572049,-0.0000651042,0.1746202257
559038.8700242380,-0.0854492188,-0.0016784668,9.7804260257,-0.0017035590,-0.0000217014,0.1745768229
559038.8800242380,-0.0842285156,0.0059509277,9.7817993167,-0.0012152778,-0.0000217014,0.1746202257
559038.8900242380,-0.0846862793,-0.0028991699,9.7813415531,-0.0014214410,-0.0000000000,0.1746419271
559038.9000242380,-0.0866699219,0.0038146973,9.7814941409,-0.0015516493,-0.0000542535,0.1746310764
559038.9100242381,-0.0860595703,0.0010681152,9.7817993167,-0.0010633681,-0.0000542535,0.1746636285
559038.9200242379,-0.0845336914,0.0012207031,9.7817993167,-0.0018337674,0.0000108507,0.1745876736
559038.9300242380,-0.0845336914,0.0028991699,9.7811889652,-0.0008897569,-0.0000434028,0.1745334201
559038.9400242380,-0.0859069824,-0.0018310547,9.7808837894,-0.0018771701,-0.0000000000,0.1745876736
559038.9500242380,-0.0863647461,0.0038146973,9.7817993167,-0.0009223090,-0.0000434028,0.1745659722
559038.9600242380,-0.0839233398,-0.0003051758,9.7822570804,-0.0018120660,-0.0000217014,0.1746093750
559038.9700242380,-0.0843811035,0.0056457520,9.7819519046,-0.0010308160,-0.0000108507,0.1746310764
559038.9800242380,-0.0852966309,-0.0030517578,9.7814941409,-0.0017144097,-0.0000000000,0.1745876736
559038.9900242380,-0.0859069824,0.0051879883,9.7807312015,-0.0012261285,-0.0000651042,0.1745876736
559039.0000242380,-0.0856018066,-0.0009155273,9.7814941409,-0.0013020833,-0.0000434028,0.1745876736
559039.0100242380,-0.0851440430,0.0032043457,9.7817993167,-0.0016818576,0.0000108507,0.1748589410
559039.0200242380,-0.0851440430,0.0015258789,9.7814941409,-0.0009223090,-0.0000434028,0.1746310764
559039.0300242380,-0.0852966309,-0.0000000000,9.7825622562,-0.0019422743,-0.0000108507,0.1745985243
559039.0400242381,-0.0849914551,0.0044250488,9.7814941409,-0.0008463542,-0.0000325521,0.1746419271
559039.0500242379,-0.0851440430,-0.0024414063,9.7814941409,-0.0019097222,-0.0000217014,0.1746093750
559039.0600242380,-0.0856018066,0.0044250488,9.7813415531,-0.0009657118,-0.0000217014,0.1746419271
559039.0700242380,-0.0857543945,-0.0025939941,9.7808837894,-0.0016276042,-0.0000000000,0.1746093750
559039.0800242380,-0.0854492188,0.0064086914,9.7813415531,-0.0012803819,-0.0000542535,0.1746419271
559039.0900242380,-0.0856018066,-0.0022888184,9.7816467288,-0.0013237847,-0.0000217014,0.1746202257
559039.1000242380,-0.0849914551,0.0033569336,9.7819519046,-0.0017035590,-0.0000000000,0.1745985243
559039.1100242380,-0.0860595703,0.0015258789,9.7810363773,-0.0009331597,-0.0000434028,0.1745876736
559039.1200242380,-0.0848388672,-0.0000000000,9.7816467288,-0.0019748264,-0.0000217014,0.1745985243
559039.1300242380,-0.0854492188,0.0030517578,9.7811889652,-0.0007812500,-0.0000325521,0.1746419271
559039.1400242380,-0.0848388672,-0.0009155273,9.7814941409,-0.0018880208,-0.0000217014,0.1746419271
559039.1500242380,-0.0851440430,0.0071716309,9.7817993167,-0.0009765625,-0.0000000000,0.1746744792
559039.1600242381,-0.0859069824,-0.0035095215,9.7811889652,-0.0017144097,-0.0000108507,0.1746310764
559039.1700242379,-0.0869750977,0.0039672852,9.7819519046,-0.0013020833,-0.0000542535,0.1746202257
559039.1800242380,-0.0849914551,-0.0007629395,9.7817993167,-0.0012369792,-0.0000434028,0.1746202257
559039.1900242380,-0.0851440430,0.0054931641,9.7819519046,-0.0017361111,-0.0000000000,0.1745768229
559039.2000242380,-0.0854492188,-0.0001525879,9.7811889652,-0.0008897569,-0.0000108507,0.1746310764
559039.2100242380,-0.0865173340,-0.0013732910,9.7813415531,-0.0019748264,-0.0000217014,0.1745985243
559039.2200242380,-0.0851440430,0.0054931641,9.7805786136,-0.0007921007,-0.0000651042,0.1746310764
559039.2300242380,-0.0843811035,-0.0010681152,9.7817993167,-0.0019097222,-0.0000000000,0.1746202257
559039.2400242380,-0.0859069824,0.0056457520,9.7814941409,-0.0010308160,-0.0000217014,0.1746310764
559039.2500242380,-0.0854492188,-0.0041198730,9.7819519046,-0.0016167535,-0.0000217014,0.1746527778
559039.2600242380,-0.0859069824,0.0068664551,9.7813415531,-0.0013129340,-0.0000434028,0.1746310764
559039.2700242380,-0.0839233398,0.0004577637,9.7819519046,-0.0012695312,-0.0000542535,0.1745876736
559039.2800242380,-0.0851440430,0.0015258789,9.7814941409,-0.0017252604,0.0000108507,0.1745985243
559039.2900242381,-0.0865173340,0.0001525879,9.7816467288,-0.0009006076,-0.0000325521,0.1745768229
559039.3000242379,-0.0869750977,0.0012207031,9.7816467288,-0.0019856771,-0.0000651042,0.1745768229
559039.3100242380,-0.0836181641,0.0056457520,9.7817993167,-0.0008463542,-0.0000542535,0.1746093750
559039.3200242380,-0.0851440430,-0.0033569336,9.7810363773,-0.0018771701,-0.0000000000,0.1745985243
559039.3300242380,-0.0863647461,0.0045776367,9.7807312015,-0.0009765625,-0.0000217014,0.1746419271
559039.3400242380,-0.0868225098,-0.0016784668,9.7816467288,-0.0015082465,-0.0000217014,0.1745768229
559039.3500242380,-0.0837707520,0.0064086914,9.7817993167,-0.0014214410,-0.0000542535,0.1745442708
559039.3600242380,-0.0843811035,-0.0019836426,9.7816467288,-0.0012369792,-0.0000434028,0.1746310764
559039.3700242380,-0.0866699219,0.0010681152,9.7821044925,-0.0017252604,-0.0000000000,0.1746419271
559039.3800242380,-0.0868225098,0.0024414063,9.7817993167,-0.0009223090,-0.0000325521,0.1746636285
559039.3900242380,-0.0851440430,0.0016784668,9.7814941409,-0.0019314236,-0.0000434028,0.1746419271
559039.4000242380,-0.0842285156,0.0044250488,9.7813415531,-0.0008463542,-0.0000434028,0.1746093750
559039.4100242381,-0.0859069824,-0.0036621094,9.7813415531,-0.0018337674,-0.0000000000,0.1746093750
559039.4200242379,-0.0871276855,0.0067138672,9.7816467288,-0.0010525174,-0.0000217014,0.1746419271
559039.4300242380,-0.0854492188,-0.0009155273,9.7807312015,-0.0015625000,-0.0000217014,0.1745659722
559039.4400242380,-0.0840759277,0.0054931641,9.7819519046,-0.0014973958,-0.0000108507,0.1745985243
559039.4500242380,-0.0837707520,-0.0009155273,9.7810363773,-0.0010633681,-0.0000434028,0.1746202257
559039.4600242380,-0.0868225098,0.0016784668,9.7813415531,-0.0018337674,-0.0000000000,0.1746093750
559039.4700242380,-0.0875854492,0.0039672852,9.7810363773,-0.0008029514,-0.0000651042,0.1746093750
559039.4800242380,-0.0848388672,-0.0016784668,9.7813415531,-0.0019748264,-0.0000217014,0.1746093750
559039.4900242380,-0.0843811035,0.0050354004,9.7816467288,-0.0009223090,-0.0000434028,0.1745876736
559039.5000242380,-0.0866699219,-0.0019836426,9.7811889652,-0.0017469618,-0.0000000000,0.1745985243
559039.5100242380,-0.0865173340,0.0056457520,9.7817993167,-0.0012478299,-0.0000217014,0.1745985243
559039.5200242380,-0.0851440430,-0.0019836426,9.7814941409,-0.0013671875,-0.0000434028,0.1746419271
559039.5300242380,-0.0834655762,0.0035095215,9.7819519046,-0.0015950521,-0.0000217014,0.1746419271
559039.5400242381,-0.0859069824,0.0006103516,9.7814941409,-0.0009548611,-0.0000325521,0.1746527778
559039.5500242379,-0.0865173340,0.0019836426,9.7816467288,-0.0018880208,-0.0000108507,0.1746093750
559039.5600242380,-0.0862121582,0.0035095215,9.7816467288,-0.0008789062,-0.0000542535,0.1746093750
559039.5700242380,-0.0843811035,-0.0027465820,9.7817993167,-0.0019205729,-0.0000000000,0.1746093750
559039.5800242380,-0.0849914551,0.0054931641,9.7811889652,-0.0008897569,-0.0000651042,0.1746202257
559039.5900242380,-0.0856018066,-0.0007629395,9.7814941409,-0.0017578125,-0.0000108507,0.1745985243
559039.6000242380,-0.0854492188,0.0061035156,9.7816467288,-0.0011935764,-0.0000108507,0.1746744792
559039.6100242380,-0.0852966309,-0.0035095215,9.7808837894,-0.0013997396,-0.0000542535,0.1746527778
559039.6200242380,-0.0848388672,0.0035095215,9.7817993167,-0.0015516493,-0.0000217014,0.1746636285
559039.6300242380,-0.0846862793,0.0010681152,9.7816467288,-0.0010742187,-0.0000542535,0.1746527778
559039.6400242380,-0.0866699219,0.0024414063,9.7810363773,-0.0018771701,-0.0000108507,0.1746636285
559039.6500242380,-0.0860595703,0.0030517578,9.7816467288,-0.0008572049,-0.0000325521,0.1746744792
559039.6600242381,-0.0842285156,-0.0028991699,9.7811889652,-0.0019314236,-0.0000217014,0.1746202257
559039.6700242379,-0.0845336914,0.0047302246,9.7816467288,-0.0008680556,-0.0000434028,0.1745876736
559039.6800242380,-0.0863647461,-0.0009155273,9.7816467288,-0.0017686632,-0.0000217014,0.1746419271
559039.6900242380,-0.0871276855,0.0067138672,9.7816467288,-0.0011827257,-0.0000542535,0.1746310764
559039.7000242380,-0.0845336914,-0.0032043457,9.7810363773,-0.0014431424,-0.0000542535,0.1745768229
559039.7100242380,-0.0846862793,0.0033569336,9.7816467288,-0.0015516493,-0.0000434028,0.1745551215
559039.7200242380,-0.0862121582,0.0006103516,9.7814941409,-0.0010308160,-0.0000434028,0.1745876736
559039.7300242380,-0.0860595703,0.0024414063,9.7819519046,-0.0018446181,-0.0000000000,0.1746310764
559039.7400242380,-0.0859069824,0.0027465820,9.7816467288,-0.0008789062,-0.0000651042,0.1746310764
559039.7500242380,-0.0846862793,-0.0025939941,9.7811889652,-0.0019422743,-0.0000108507,0.1745659722
559039.7600242380,-0.0852966309,0.0059509277,9.7811889652,-0.0008463542,-0.0000434028,0.1746419271
559039.7700242380,-0.0859069824,-0.0009155273,9.7807312015,-0.0018337674,-0.0000000000,0.1745876736
559039.7800242380,-0.0863647461,0.0054931641,9.7819519046,-0.0011827257,-0.0000434028,0.1746202257
559039.7900242381,-0.0852966309,-0.0036621094,9.7817993167,-0.0014214410,-0.0000217014,0.1745876736
559039.8000242379,-0.0849914551,0.0048828125,9.7816467288,-0.0015407986,-0.0000434028,0.1745985243
559039.8100242380,-0.0863647461,0.0018310547,9.7814941409,-0.0010091146,-0.0000542535,0.1746202257
559039.8200242380,-0.0854492188,0.0009155273,9.7816467288,-0.0019097222,-0.0000000000,0.1746419271
559039.8300242380,-0.0842285156,0.0022888184,9.7816467288,-0.0008463542,-0.0000325521,0.1746419271
559039.8400242380,-0.0854492188,-0.0018310547,9.7813415531,-0.0019422743,-0.0000217014,0.1746202257
559039.8500242380,-0.0868225098,0.0070190430,9.7814941409,-0.0009223090,-0.0000434028,0.1746202257
559039.8600242380,-0.0856018066,-0.0028991699,9.7810363773,-0.0017035590,-0.0000434028,0.1745876736
559039.8700242380,-0.0852966309,0.0054931641,9.7817993167,-0.0012478299,-0.0000217014,0.1746310764
559039.8800242380,-0.0849914551,-0.0016784668,9.7819519046,-0.0013020833,-0.0000217014,0.1746636285
559039.8900242380,-0.0859069824,0.0042724609,9.7814941409,-0.0016818576,-0.0000542535,0.1746527778
559039.9000242390,-0.0869750977,0.0015258789,9.7814941409,-0.0010091146,-0.0000542535,0.1746636285
559039.9100242390,-0.0851440430,-0.0003051758,9.7817993167,-0.0019422743,-0.0000108507,0.1746202257
559039.9200242390,-0.0851440430,0.0044250488,9.7819519046,-0.0008355035,-0.0000434028,0.1746310764
559039.9300242390,-0.0859069824,-0.0015258789,9.7816467288,-0.0019097222,-0.0000000000,0.1745768229
559039.9400242390,-0.0863647461,0.0053405762,9.7816467288,-0.0009331597,-0.0000542535,0.1745876736
559039.9500242390,-0.0852966309,-0.0028991699,9.7811889652,-0.0017252604,-0.0000217014,0.1746093750
559039.9600242390,-0.0854492188,0.0064086914,9.7821044925,-0.0012261285,-0.0000108507,0.1745985243
559039.9700242390,-0.0852966309,-0.0024414063,9.7822570804,-0.0013997396,-0.0000217014,0.1745876736
559039.9800242390,-0.0871276855,0.0035095215,9.7819519046,-0.0016276042,-0.0000108507,0.1745876736
559039.9900242391,-0.0868225098,0.0004577637,9.7817993167,-0.0009874132,-0.0000217014,0.1745768229
559040.0000242390,-0.0854492188,0.0016784668,9.7810363773,-0.0019097222,-0.0000217014,0.1745876736
559040.0100242390,-0.0842285156,0.0025939941,9.7814941409,-0.0008138021,-0.0000108507,0.1749131944
559040.0200242390,-0.0865173340,-0.0030517578,9.7813415531,-0.0019314236,-0.0000000000,0.1746202257
559040.0300242390,-0.0875854492,0.0059509277,9.7811889652,-0.0009657118,-0.0000651042,0.1746310764
559040.0400242390,-0.0859069824,-0.0013732910,9.7814941409,-0.0017144097,-0.0000108507,0.1746527778
559040.0500242390,-0.0843811035,0.0053405762,9.7822570804,-0.0012695312,-0.0000217014,0.1746310764
559040.0600242390,-0.0857543945,-0.0027465820,9.7807312015,-0.0013129340,-0.0000434028,0.1746419271
559040.0700242390,-0.0869750977,0.0042724609,9.7816467288,-0.0016384549,-0.0000217014,0.1746310764
559040.0800242390,-0.0857543945,0.0012207031,9.7814941409,-0.0009765625,-0.0000651042,0.1746202257
559040.0900242390,-0.0837707520,0.0012207031,9.7821044925,-0.0019097222,-0.0000108507,0.1745985243
559040.1000242390,-0.0866699219,0.0021362305,9.7819519046,-0.0008572049,-0.0000000000,0.1746202257
559040.1100242391,-0.0869750977,-0.0032043457,9.7810363773,-0.0019639757,-0.0000434028,0.1746202257
559040.1200242389,-0.0863647461,0.0088500977,9.7810363773,-0.0008789062,-0.0000759549,0.1746527778
559040.1300242390,-0.0852966309,-0.0021362305,9.7817993167,-0.0017469618,-0.0000108507,0.1746853299
559040.1400242390,-0.0839233398,0.0033569336,9.7817993167,-0.0012369792,-0.0000000000,0.1747178819
559040.1500242390,-0.0852966309,-0.0015258789,9.7811889652,-0.0013780382,-0.0000108507,0.1746853299
559040.1600242390,-0.0866699219,0.0056457520,9.7816467288,-0.0016276042,-0.0000434028,0.1746527778
559040.1700242390,-0.0854492188,0.0009155273,9.7810363773,-0.0010633681,-0.0000651042,0.1745876736
559040.1800242390,-0.0842285156,-0.0000000000,9.7821044925,-0.0018988715,-0.0000000000,0.1746093750
559040.1900242390,-0.0860595703,0.0027465820,9.7811889652,-0.0008029514,-0.0000325521,0.1745768229
559040.2000242390,-0.0866699219,-0.0007629395,9.7813415531,-0.0019314236,-0.0000108507,0.1745985243
559040.2100242390,-0.0869750977,0.0067138672,9.7816467288,-0.0009440104,-0.0000651042,0.1745768229
559040.2200242390,-0.0859069824,-0.0036621094,9.7824096683,-0.0017686632,-0.0000108507,0.1745876736
559040.2300242390,-0.0854492188,0.0054931641,9.7807312015,-0.0011610243,-0.0000000000,0.1745876736
559040.2400242391,-0.0863647461,-0.0009155273,9.7813415531,-0.0014105903,-0.0000108507,0.1745985243
559040.2500242390,-0.0862121582,0.0050354004,9.7814941409,-0.0015733507,-0.0000217014,0.1745659722
559040.2600242390,-0.0866699219,-0.0004577637,9.7810363773,-0.0010742187,-0.0000651042,0.1746310764
559040.2700242390,-0.0859069824,0.0013732910,9.7817993167,-0.0018120660,-0.0000108507,0.1746744792
559040.2800242390,-0.0846862793,0.0036621094,9.7813415531,-0.0008463542,-0.0000434028,0.1746961805
559040.2900242390,-0.0856018066,-0.0003051758,9.7811889652,-0.0020073785,-0.0000108507,0.1746419271
559040.3000242390,-0.0860595703,0.0047302246,9.7811889652,-0.0008897569,-0.0000434028,0.1746419271
559040.3100242390,-0.0857543945,-0.0042724609,9.7813415531,-0.0017578125,-0.0000217014,0.1746419271
559040.3200242390,-0.0852966309,0.0073242188,9.7816467288,-0.0012044271,-0.0000434028,0.1746527778
559040.3300242390,-0.0868225098,-0.0009155273,9.7813415531,-0.0013780382,-0.0000542535,0.1745876736
559040.3400242390,-0.0866699219,0.0035095215,9.7817993167,-0.0016276042,-0.0000434028,0.1745985243
559040.3500242390,-0.0862121582,-0.0003051758,9.7814941409,-0.0010308160,-0.0000651042,0.1746527778
559040.3600242391,-0.0859069824,0.0013732910,9.7816467288,-0.0018771701,-0.0000000000,0.1746202257
559040.3700242389,-0.0849914551,0.0044250488,9.7817993167,-0.0008680556,-0.0000108507,0.1746310764
559040.3800242390,-0.0862121582,-0.0010681152,9.7810363773,-0.0019748264,-0.0000434028,0.1746093750
559040.3900242390,-0.0862121582,0.0044250488,9.7817993167,-0.0009223090,-0.0000434028,0.1746310764
559040.4000242390,-0.0860595703,-0.0028991699,9.7821044925,-0.0017252604,-0.0000108507,0.1745876736
559040.4100242390,-0.0859069824,0.0064086914,9.7814941409,-0.0011284722,-0.0000108507,0.1745334201
559040.4200242390,-0.0852966309,-0.0003051758,9.7821044925,-0.0015407986,-0.0000217014,0.1745117187
559040.4300242390,-0.0854492188,0.0048828125,9.7813415531,-0.0014865451,-0.0000542535,0.1745117187
559040.4400242390,-0.0863647461,-0.0012207031,9.7808837894,-0.0011284722,-0.0000217014,0.1745551215
559040.4500242390,-0.0862121582,0.0025939941,9.7808837894,-0.0018120660,0.0000108507,0.1745876736
559040.4600242390,-0.0859069824,0.0028991699,9.7807312015,-0.0008463542,-0.0000325521,0.1746636285
559040.4700242390,-0.0856018066,-0.0009155273,9.7814941409,-0.0019639757,-0.0000217014,0.1747070312
559040.4800242390,-0.0862121582,0.0050354004,9.7816467288,-0.0008789062,-0.0000434028,0.1746636285
559040.4900242391,-0.0863647461,-0.0024414063,9.7822570804,-0.0018120660,-0.0000108507,0.1746419271
559040.5000242390,-0.0860595703,0.0061035156,9.7814941409,-0.0011284722,-0.0000434028,0.1746636285
559040.5100242390,-0.0856018066,-0.0012207031,9.7811889652,-0.0015407986,-0.0000434028,0.1746093750
559040.5200242390,-0.0863647461,0.0053405762,9.7821044925,-0.0014648437,-0.0000108507,0.1746202257
559040.5300242390,-0.0860595703,-0.0007629395,9.7810363773,-0.0010633681,-0.0000542535,0.1745876736
559040.5400242390,-0.0871276855,0.0025939941,9.7817993167,-0.0018880208,-0.0000000000,0.1745876736
559040.5500242390,-0.0862121582,0.0032043457,9.7805786136,-0.0008029514,-0.0000434028,0.1746310764
559040.5600242390,-0.0848388672,-0.0012207031,9.7814941409,-0.0020073785,-0.0000217014,0.1746419271
559040.5700242390,-0.0862121582,0.0068664551,9.7817993167,-0.0009223090,-0.0000542535,0.1745659722
559040.5800242390,-0.0874328613,-0.0024414063,9.7817993167,-0.0017361111,-0.0000217014,0.1745659722
559040.5900242390,-0.0869750977,0.0054931641,9.7819519046,-0.0012695312,-0.0000217014,0.1745442708
559040.6000242390,-0.0845336914,-0.0024414063,9.7810363773,-0.0013020833,-0.0000542535,0.1745551215
559040.6100242391,-0.0852966309,0.0044250488,9.7821044925,-0.0016601562,-0.0000217014,0.1745768229
559040.6200242389,-0.0862121582,0.0015258789,9.7813415531,-0.0010199653,-0.0000542535,0.1746093750
559040.6300242390,-0.0862121582,0.0001525879,9.7813415531,-0.0018988715,-0.0000108507,0.1746419271
559040.6400242390,-0.0860595703,0.0028991699,9.7811889652,-0.0008789062,-0.0000434028,0.1746419271
559040.6500242390,-0.0854492188,0.0001525879,9.7814941409,-0.0019205729,-0.0000217014,0.1746093750
559040.6600242390,-0.0865173340,0.0065612793,9.7814941409,-0.0009331597,-0.0000651042,0.1746093750
559040.6700242390,-0.0874328613,-0.0025939941,9.7819519046,-0.0017578125,-0.0000108507,0.1745876736
559040.6800242390,-0.0865173340,0.0045776367,9.7817993167,-0.0011284722,-0.0000108507,0.1745985243
559040.6900242390,-0.0849914551,-0.0016784668,9.7814941409,-0.0014865451,-0.0000434028,0.1745768229
559040.7000242390,-0.0854492188,0.0064086914,9.7811889652,-0.0014865451,-0.0000434028,0.1745442708
559040.7100242390,-0.0868225098,0.0010681152,9.7816467288,-0.0011827257,-0.0000542535,0.1745985243
559040.7200242390,-0.0863647461,0.0016784668,9.7813415531,-0.0018229167,-0.0000108507,0.1745876736
559040.7300242390,-0.0860595703,0.0012207031,9.7813415531,-0.0008897569,-0.0000542535,0.1745876736
559040.7400242391,-0.0843811035,-0.0006103516,9.7810363773,-0.0019314236,-0.0000108507,0.1746202257
559040.7500242390,-0.0862121582,0.0077819824,9.7816467288,-0.0008572049,-0.0000759549,0.1746202257
559040.7600242390,-0.0866699219,-0.0030517578,9.7813415531,-0.0018880208,-0.0000000000,0.1746202257
559040.7700242390,-0.0856018066,0.0053405762,9.7821044925,-0.0011610243,-0.0000217014,0.1745985243
559040.7800242390,-0.0860595703,-0.0022888184,9.7810363773,-0.0013888889,-0.0000217014,0.1746310764
559040.7900242390,-0.0857543945,0.0059509277,9.7819519046,-0.0016384549,-0.0000434028,0.1746419271
559040.8000242390,-0.0877380371,0.0015258789,9.7811889652,-0.0009874132,-0.0000542535,0.1746527778
559040.8100242390,-0.0860595703,-0.0000000000,9.7814941409,-0.0018988715,-0.0000108507,0.1746202257
559040.8200242390,-0.0857543945,0.0047302246,9.7811889652,-0.0008463542,-0.0000434028,0.1746419271
559040.8300242390,-0.0863647461,-0.0016784668,9.7811889652,-0.0019639757,-0.0000434028,0.1746093750
559040.8400242390,-0.0859069824,0.0059509277,9.7816467288,-0.0009765625,-0.0000217014,0.1746202257
559040.8500242390,-0.0868225098,-0.0018310547,9.7814941409,-0.0016710069,-0.0000217014,0.1746310764
559040.8600242391,-0.0852966309,0.0067138672,9.7816467288,-0.0013020833,-0.0000434028,0.1746419271
559040.8700242389,-0.0860595703,-0.0022888184,9.7813415531,-0.0013780382,-0.0000434028,0.1746419271
559040.8800242390,-0.0871276855,0.0038146973,9.7816467288,-0.0015842014,-0.0000434028,0.1746310764
559040.8900242390,-0.0869750977,0.0010681152,9.7816467288,-0.0010633681,-0.0000759549,0.1745876736
559040.9000242390,-0.0860595703,0.0015258789,9.7814941409,-0.0018554687,-0.0000217014,0.1746202257
559040.9100242390,-0.0856018066,0.0032043457,9.7817993167,-0.0009548611,-0.0000108507,0.1746419271
559040.9200242390,-0.0863647461,-0.0027465820,9.7813415531,-0.0018988715,-0.0000108507,0.1748046875
559040.9300242390,-0.0868225098,0.0062561035,9.7810363773,-0.0008680556,-0.0000868056,0.1747938368
559040.9400242390,-0.0860595703,-0.0007629395,9.7816467288,-0.0018554687,-0.0000108507,0.1746853299
559040.9500242390,-0.0852966309,0.0057983398,9.7814941409,-0.0011284722,-0.0000108507,0.1746202257
559040.9600242390,-0.0860595703,-0.0033569336,9.7819519046,-0.0014756944,-0.0000000000,0.1745876736
559040.9700242400,-0.0878906250,0.0056457520,9.7816467288,-0.0015407986,-0.0000434028,0.1745551215
559040.9800242400,-0.0860595703,0.0003051758,9.7819519046,-0.0011176215,-0.0000434028,0.1745876736
559040.9900242400,-0.0851440430,0.0016784668,9.7819519046,-0.0018988715,-0.0000217014,0.1746202257
559041.0000242400,-0.0852966309,0.0022888184,9.7814941409,-0.0008029514,-0.0000325521,0.1746093750
559041.0100242400,-0.0877380371,-0.0012207031,9.7805786136,-0.0019639757,-0.0000434028,0.1749131944
559041.0200242400,-0.0877380371,0.0065612793,9.7810363773,-0.0009223090,-0.0000868056,0.1746310764
559041.0300242400,-0.0857543945,-0.0030517578,9.7811889652,-0.0017903646,-0.0000108507,0.1746419271
559041.0400242400,-0.0859069824,0.0059509277,9.7816467288,-0.0012369792,-0.0000000000,0.1746310764
559041.0500242400,-0.0852966309,-0.0024414063,9.7813415531,-0.0014105903,-0.0000542535,0.1746527778
559041.0600242401,-0.0869750977,0.0051879883,9.7814941409,-0.0015516493,-0.0000434028,0.1746093750
559041.0700242399,-0.0869750977,0.0007629395,9.7814941409,-0.0010525174,-0.0000217014,0.1746093750
559041.0800242400,-0.0852966309,0.0009155273,9.7814941409,-0.0018880208,-0.0000217014,0.1746636285
559041.0900242400,-0.0860595703,0.0024414063,9.7811889652,-0.0008572049,-0.0000434028,0.1746527778
559041.1000242400,-0.0866699219,-0.0013732910,9.7813415531,-0.0019965278,-0.0000108507,0.1746093750
559041.1100242400,-0.0871276855,0.0064086914,9.7821044925,-0.0009223090,-0.0000868056,0.1745659722
559041.1200242400,-0.0857543945,-0.0022888184,9.7821044925,-0.0017578125,-0.0000217014,0.1745768229
559041.1300242400,-0.0854492188,0.0053405762,9.7817993167,-0.0011610243,-0.0000108507,0.1745876736
559041.1400242400,-0.0868225098,-0.0019836426,9.7810363773,-0.0014865451,-0.0000542535,0.1745768229
559041.1500242400,-0.0872802734,0.0056457520,9.7814941409,-0.0015082465,-0.0000108507,0.1745985243
559041.1600242400,-0.0854492188,-0.0003051758,9.7816467288,-0.0011067708,-0.0000434028,0.1746202257
559041.1700242400,-0.0860595703,0.0024414063,9.7816467288,-0.0018771701,-0.0000108507,0.1746093750
559041.1800242400,-0.0865173340,0.0033569336,9.7816467288,-0.0008680556,-0.0000434028,0.1746310764
559041.1900242399,-0.0869750977,-0.0004577637,9.7817993167,-0.0019856771,-0.0000217014,0.1746093750
559041.2000242400,-0.0859069824,0.0053405762,9.7808837894,-0.0008463542,-0.0000651042,0.1746419271
559041.2100242400,-0.0865173340,-0.0028991699,9.7814941409,-0.0018337674,-0.0000434028,0.1746310764
559041.2200242400,-0.0862121582,0.0071716309,9.7816467288,-0.0011610243,-0.0000434028,0.1746202257
559041.2300242400,-0.0859069824,-0.0015258789,9.7810363773,-0.0014539931,-0.0000217014,0.1745768229
559041.2400242400,-0.0869750977,0.0044250488,9.7807312015,-0.0016384549,-0.0000434028,0.1746093750
559041.2500242400,-0.0852966309,0.0003051758,9.7817993167,-0.0009765625,-0.0000651042,0.1745659722
559041.2600242400,-0.0857543945,0.0009155273,9.7814941409,-0.0018988715,-0.0000108507,0.1746093750
559041.2700242400,-0.0862121582,0.0047302246,9.7821044925,-0.0008572049,-0.0000108507,0.1746419271
559041.2800242400,-0.0868225098,-0.0010681152,9.7811889652,-0.0019856771,-0.0000217014,0.1746202257
559041.2900242400,-0.0868225098,0.0056457520,9.7814941409,-0.0009006076,-0.0000651042,0.1746310764
559041.3000242400,-0.0865173340,-0.0024414063,9.7819519046,-0.0017578125,-0.0000217014,0.1745985243
559041.3100242401,-0.0854492188,0.0064086914,9.7821044925,-0.0012478299,-0.0000108507,0.1745659722
559041.3200242399,-0.0860595703,-0.0013732910,9.7813415531,-0.0013888889,-0.0000217014,0.1745985243
559041.3300242400,-0.0869750977,0.0032043457,9.7811889652,-0.0016493056,-0.0000651042,0.1745876736
559041.3400242400,-0.0874328613,-0.0000000000,9.7817993167,-0.0009657118,-0.0000217014,0.1746202257
559041.3500242400,-0.0854492188,0.0025939941,9.7817993167,-0.0019097222,-0.0000000000,0.1745876736
559041.3600242400,-0.0856018066,0.0039672852,9.7813415531,-0.0008463542,-0.0000434028,0.1746093750
559041.3700242400,-0.0857543945,-0.0018310547,9.7810363773,-0.0019856771,-0.0000217014,0.1745768229
559041.3800242400,-0.0871276855,0.0061035156,9.7811889652,-0.0009440104,-0.0000651042,0.1745768229
559041.3900242400,-0.0875854492,-0.0016784668,9.7811889652,-0.0017469618,-0.0000434028,0.1746419271
559041.4000242400,-0.0852966309,0.0050354004,9.7819519046,-0.0012152778,-0.0000217014,0.1745985243
559041.4100242400,-0.0857543945,-0.0016784668,9.7819519046,-0.0013997396,-0.0000542535,0.1746419271
559041.4200242400,-0.0865173340,0.0053405762,9.7814941409,-0.0015950521,-0.0000108507,0.1746310764
559041.4300242400,-0.0877380371,0.0013732910,9.7807312015,-0.0010742187,-0.0000651042,0.1746202257
559041.4400242399,-0.0854492188,0.0010681152,9.7816467288,-0.0019097222,-0.0000108507,0.1746744792
559041.4500242400,-0.0856018066,0.0032043457,9.7808837894,-0.0008463542,-0.0000434028,0.1746527778
559041.4600242400,-0.0859069824,-0.0007629395,9.7816467288,-0.0019639757,-0.0000434028,0.1746202257
559041.4700242400,-0.0877380371,0.0062561035,9.7813415531,-0.0009331597,-0.0000759549,0.1746310764
559041.4800242400,-0.0883483887,-0.0028991699,9.7813415531,-0.0017578125,-0.0000434028,0.1745876736
559041.4900242400,-0.0851440430,0.0062561035,9.7816467288,-0.0012369792,-0.0000217014,0.1746419271
559041.5000242400,-0.0842285156,-0.0012207031,9.7811889652,-0.0013671875,-0.0000217014,0.1746527778
559041.5100242400,-0.0860595703,0.0041198730,9.7816467288,-0.0016710069,-0.0000108507,0.1745985243
559041.5200242400,-0.0885009766,0.0010681152,9.7817993167,-0.0010199653,-0.0000759549,0.1745768229
559041.5300242400,-0.0854492188,0.0003051758,9.7817993167,-0.0018880208,-0.0000217014,0.1746093750
559041.5400242400,-0.0845336914,0.0042724609,9.7817993167,-0.0008897569,-0.0000000000,0.1745768229
559041.5500242400,-0.0863647461,-0.0006103516,9.7813415531,-0.0019422743,-0.0000217014,0.1745768229
559041.5600242401,-0.0886535645,0.0054931641,9.7810363773,-0.0009440104,-0.0000651042,0.1745334201
559041.5700242399,-0.0877380371,-0.0030517578,9.7814941409,-0.0018120660,-0.0000542535,0.1745985243
559041.5800242400,-0.0845336914,0.0064086914,9.7816467288,-0.0011827257,-0.0000217014,0.1745876736
559041.5900242400,-0.0859069824,-0.0015258789,9.7814941409,-0.0015299479,-0.0000217014,0.1746419271
559041.6000242400,-0.0874328613,0.0051879883,9.7814941409,-0.0014539931,-0.0000217014,0.1745876736
559041.6100242400,-0.0875854492,-0.0007629395,9.7813415531,-0.0011501736,-0.0000651042,0.1745985243
559041.6200242400,-0.0857543945,0.0033569336,9.7819519046,-0.0018120660,-0.0000108507,0.1746527778
559041.6300242400,-0.0846862793,0.0033569336,9.7814941409,-0.0009548611,-0.0000434028,0.1746310764
559041.6400242400,-0.0866699219,-0.0009155273,9.7808837894,-0.0019639757,-0.0000000000,0.1745768229
559041.6500242400,-0.0883483887,0.0054931641,9.7811889652,-0.0008789062,-0.0000759549,0.1745768229
559041.6600242400,-0.0869750977,-0.0015258789,9.7819519046,-0.0018446181,-0.0000217014,0.1746202257
559041.6700242400,-0.0854492188,0.0062561035,9.7816467288,-0.0010525174,-0.0000434028,0.1746419271
559041.6800242400,-0.0859069824,-0.0028991699,9.7817993167,-0.0015842014,-0.0000108507,0.1746527778
559041.6900242399,-0.0881958008,0.0056457520,9.7810363773,-0.0014431424,-0.0000542535,0.1748155382
559041.7000242400,-0.0877380371,0.0001525879,9.7816467288,-0.0012044271,-0.0000651042,0.1747938368
559041.7100242400,-0.0856018066,0.0024414063,9.7813415531,-0.0018337674,-0.0000108507,0.1746961805
559041.7200242400,-0.0859069824,0.0013732910,9.7811889652,-0.0008680556,-0.0000542535,0.1746093750
559041.7300242400,-0.0875854492,-0.0000000000,9.7813415531,-0.0019748264,-0.0000108507,0.1745768229
559041.7400242400,-0.0877380371,0.0070190430,9.7810363773,-0.0008789062,-0.0000868056,0.1745442708
559041.7500242400,-0.0852966309,-0.0024414063,9.7819519046,-0.0018446181,-0.0000217014,0.1745225694
559041.7600242400,-0.0862121582,0.0056457520,9.7816467288,-0.0011176215,-0.0000217014,0.1745551215
559041.7700242400,-0.0866699219,-0.0010681152,9.7811889652,-0.0015516493,-0.0000217014,0.1745876736
559041.7800242400,-0.0859069824,0.0064086914,9.7821044925,-0.0014756944,-0.0000217014,0.1745659722
559041.7900242400,-0.0862121582,-0.0006103516,9.7810363773,-0.0012044271,-0.0000542535,0.1745985243
559041.8000242400,-0.0880432129,0.0027465820,9.7814941409,-0.0017686632,-0.0000108507,0.1745985243
559041.8100242401,-0.0859069824,0.0019836426,9.7817993167,-0.0008897569,-0.0000542535,0.1746310764
559041.8200242399,-0.0849914551,0.0001525879,9.7816467288,-0.0020073785,-0.0000217014,0.1746093750
559041.8300242400,-0.0875854492,0.0053405762,9.7816467288,-0.0008680556,-0.0000434028,0.1745768229
559041.8400242400,-0.0883483887,-0.0019836426,9.7814941409,-0.0019097222,-0.0000217014,0.1745876736
559041.8500242400,-0.0863647461,0.0065612793,9.7811889652,-0.0010525174,-0.0000217014,0.1745768229
559041.8600242400,-0.0852966309,-0.0032043457,9.7819519046,-0.0015950521,-0.0000217014,0.1745985243
559041.8700242400,-0.0871276855,0.0062561035,9.7816467288,-0.0013888889,-0.0000434028,0.1746310764
559041.8800242400,-0.0885009766,-0.0018310547,9.7819519046,-0.0012478299,-0.0000542535,0.1745659722
559041.8900242400,-0.0868225098,0.0032043457,9.7811889652,-0.0017361111,-0.0000217014,0.1746310764
559041.9000242400,-0.0854492188,0.0036621094,9.7810363773,-0.0009765625,-0.0000434028,0.1746310764
559041.9100242400,-0.0859069824,-0.0003051758,9.7813415531,-0.0020182292,-0.0000217014,0.1746093750
559041.9200242400,-0.0878906250,0.0044250488,9.7814941409,-0.0008029514,-0.0000542535,0.1746202257
559041.9300242400,-0.0874328613,-0.0018310547,9.7810363773,-0.0019097222,-0.0000434028,0.1746202257
559041.9400242399,-0.0857543945,0.0086975098,9.7814941409,-0.0010742187,-0.0000434028,0.1746202257
559041.9500242400,-0.0849914551,-0.0021362305,9.7814941409,-0.0015516493,-0.0000108507,0.1745985243
559041.9600242400,-0.0866699219,0.0035095215,9.7819519046,-0.0015625000,-0.0000434028,0.1745768229
559041.9700242400,-0.0888061523,0.0013732910,9.7816467288,-0.0010633681,-0.0000651042,0.1746310764
559041.9800242400,-0.0868225098,0.0027465820,9.7814941409,-0.0019097222,-0.0000000000,0.1746093750
559041.9900242400,-0.0857543945,0.0030517578,9.7814941409,-0.0008680556,-0.0000434028,0.1746744792
559042.0000242400,-0.0865173340,-0.0027465820,9.7814941409,-0.0019314236,-0.0000217014,0.1746636285
559042.0100242400,-0.0881958008,0.0065612793,9.7814941409,-0.0008897569,-0.0000651042,0.1749348958
559042.0200242400,-0.0869750977,-0.0015258789,9.7813415531,-0.0017686632,-0.0000217014,0.1746527778
559042.0300242400,-0.0856018066,0.0067138672,9.7814941409,-0.0012912326,-0.0000434028,0.1746202257
559042.0400242410,-0.0863647461,-0.0024414063,9.7814941409,-0.0013563368,-0.0000434028,0.1746527778
559042.0500242410,-0.0871276855,0.0044250488,9.7824096683,-0.0017035590,-0.0000542535,0.1746093750
559042.0600242410,-0.0881958008,0.0028991699,9.7813415531,-0.0009765625,-0.0000542535,0.1745876736
559042.0700242410,-0.0868225098,0.0006103516,9.7816467288,-0.0019422743,-0.0000000000,0.1746093750
559042.0800242410,-0.0871276855,0.0036621094,9.7813415531,-0.0008572049,-0.0000542535,0.1746093750
559042.0900242410,-0.0868225098,-0.0018310547,9.7813415531,-0.0019422743,-0.0000434028,0.1745985243
559042.1000242410,-0.0874328613,0.0074768066,9.7814941409,-0.0010199653,-0.0000217014,0.1746310764
559042.1100242410,-0.0865173340,-0.0013732910,9.7816467288,-0.0017361111,-0.0000434028,0.1745985243
559042.1200242410,-0.0854492188,0.0047302246,9.7819519046,-0.0012803819,-0.0000217014,0.1746310764
559042.1300242411,-0.0866699219,-0.0027465820,9.7810363773,-0.0013563368,-0.0000108507,0.1746310764
559042.1400242409,-0.0878906250,0.0061035156,9.7813415531,-0.0016276042,-0.0000217014,0.1745985243
559042.1500242410,-0.0872802734,0.0015258789,9.7816467288,-0.0010633681,-0.0000759549,0.1746310764
559042.1600242410,-0.0863647461,-0.0000000000,9.7814941409,-0.0019639757,-0.0000000000,0.1746093750
559042.1700242410,-0.0859069824,0.0028991699,9.7813415531,-0.0008138021,-0.0000434028,0.1745768229
559042.1800242410,-0.0877380371,-0.0010681152,9.7810363773,-0.0019856771,-0.0000217014,0.1746093750
559042.1900242410,-0.0869750977,0.0085449219,9.7817993167,-0.0009548611,-0.0000651042,0.1745876736
559042.2000242410,-0.0859069824,-0.0027465820,9.7817993167,-0.0017144097,-0.0000000000,0.1746093750
559042.2100242410,-0.0860595703,0.0051879883,9.7819519046,-0.0012695312,-0.0000217014,0.1746527778
559042.2200242410,-0.0868225098,-0.0012207031,9.7813415531,-0.0013888889,-0.0000434028,0.1745768229
559042.2300242410,-0.0878906250,0.0047302246,9.7817993167,-0.0016493056,-0.0000217014,0.1746310764
559042.2400242410,-0.0865173340,0.0013732910,9.7810363773,-0.0010633681,-0.0000651042,0.1746202257
559042.2500242410,-0.0856018066,0.0010681152,9.7808837894,-0.0018880208,-0.0000000000,0.1746744792
559042.2600242411,-0.0874328613,0.0036621094,9.7817993167,-0.0008463542,-0.0000325521,0.1746202257
559042.2700242409,-0.0871276855,-0.0001525879,9.7808837894,-0.0019639757,-0.0000542535,0.1745985243
559042.2800242410,-0.0874328613,0.0070190430,9.7821044925,-0.0009331597,-0.0000651042,0.1745659722
559042.2900242410,-0.0869750977,-0.0027465820,9.7813415531,-0.0018337674,-0.0000542535,0.1745876736
559042.3000242410,-0.0871276855,0.0061035156,9.7817993167,-0.0012044271,-0.0000434028,0.1745768229
559042.3100242410,-0.0863647461,-0.0013732910,9.7814941409,-0.0014865451,-0.0000217014,0.1745985243
559042.3200242410,-0.0874328613,0.0041198730,9.7817993167,-0.0015842014,-0.0000434028,0.1746527778
559042.3300242410,-0.0866699219,0.0003051758,9.7811889652,-0.0010199653,-0.0000542535,0.1746527778
559042.3400242410,-0.0863647461,0.0019836426,9.7808837894,-0.0018988715,-0.0000000000,0.1746527778
559042.3500242410,-0.0875854492,0.0048828125,9.7810363773,-0.0009223090,-0.0000542535,0.1746202257
559042.3600242410,-0.0878906250,-0.0018310547,9.7817993167,-0.0019965278,-0.0000434028,0.1746527778
559042.3700242410,-0.0866699219,0.0056457520,9.7808837894,-0.0009548611,-0.0000651042,0.1746202257
559042.3800242411,-0.0860595703,-0.0016784668,9.7816467288,-0.0017686632,-0.0000000000,0.1746310764
559042.3900242409,-0.0866699219,0.0068664551,9.7813415531,-0.0012369792,-0.0000108507,0.1746636285
559042.4000242410,-0.0874328613,-0.0021362305,9.7816467288,-0.0013780382,-0.0000434028,0.1746419271
559042.4100242410,-0.0869750977,0.0035095215,9.7813415531,-0.0016384549,-0.0000542535,0.1746093750
559042.4200242410,-0.0865173340,0.0024414063,9.7816467288,-0.0010199653,-0.0000542535,0.1746310764
559042.4300242410,-0.0866699219,0.0016784668,9.7817993167,-0.0019314236,-0.0000108507,0.1746093750
559042.4400242410,-0.0871276855,0.0041198730,9.7813415531,-0.0008897569,-0.0000325521,0.1746419271
559042.4500242410,-0.0869750977,-0.0027465820,9.7814941409,-0.0019422743,-0.0000108507,0.1745876736
559042.4600242410,-0.0868225098,0.0059509277,9.7814941409,-0.0009331597,-0.0000651042,0.1745876736
559042.4700242410,-0.0868225098,-0.0004577637,9.7816467288,-0.0017578125,-0.0000217014,0.1748263889
559042.4800242410,-0.0860595703,0.0065612793,9.7814941409,-0.0012369792,-0.0000000000,0.1747504340
559042.4900242410,-0.0872802734,-0.0028991699,9.7816467288,-0.0014756944,-0.0000651042,0.1746093750
559042.5000242410,-0.0872802734,0.0050354004,9.7814941409,-0.0015625000,-0.0000542535,0.1745659722
559042.5100242411,-0.0863647461,0.0021362305,9.7817993167,-0.0011284722,-0.0000217014,0.1745659722
559042.5200242409,-0.0868225098,0.0022888184,9.7819519046,-0.0018988715,-0.0000000000,0.1745768229
559042.5300242410,-0.0880432129,0.0028991699,9.7814941409,-0.0008355035,-0.0000651042,0.1745768229
559042.5400242410,-0.0877380371,-0.0018310547,9.7810363773,-0.0020073785,-0.0000108507,0.1745334201
559042.5500242410,-0.0859069824,0.0073242188,9.7811889652,-0.0009331597,-0.0000651042,0.1745876736
559042.5600242410,-0.0860595703,-0.0013732910,9.7811889652,-0.0018120660,-0.0000217014,0.1746419271
559042.5700242410,-0.0875854492,0.0061035156,9.7816467288,-0.0012803819,-0.0000108507,0.1746202257
559042.5800242410,-0.0881958008,-0.0024414063,9.7811889652,-0.0013780382,-0.0000542535,0.1746419271
559042.5900242410,-0.0868225098,0.0041198730,9.7811889652,-0.0016710069,-0.0000542535,0.1746527778
559042.6000242410,-0.0863647461,0.0028991699,9.7810363773,-0.0009657118,-0.0000542535,0.1746744792
559042.6100242410,-0.0860595703,0.0007629395,9.7816467288,-0.0019422743,-0.0000000000,0.1746636285
559042.6200242410,-0.0875854492,0.0042724609,9.7816467288,-0.0008680556,-0.0000434028,0.1746419271
559042.6300242411,-0.0868225098,-0.0004577637,9.7814941409,-0.0019422743,-0.0000434028,0.1746093750
559042.6400242409,-0.0865173340,0.0073242188,9.7816467288,-0.0010525174,-0.0000651042,0.1746202257
559042.6500242410,-0.0863647461,-0.0030517578,9.7814941409,-0.0016384549,-0.0000108507,0.1746419271
559042.6600242410,-0.0868225098,0.0061035156,9.7813415531,-0.0013563368,-0.0000108507,0.1746527778
559042.6700242410,-0.0878906250,0.0004577637,9.7811889652,-0.0012478299,-0.0000542535,0.1745985243
559042.6800242410,-0.0874328613,0.0045776367,9.7816467288,-0.0018229167,-0.0000434028,0.1746093750
559042.6900242410,-0.0865173340,0.0018310547,9.7811889652,-0.0009223090,-0.0000651042,0.1746419271
559042.7000242410,-0.0875854492,-0.0009155273,9.7819519046,-0.0020073785,-0.0000000000,0.1745985243
559042.7100242410,-0.0875854492,0.0065612793,9.7813415531,-0.0008463542,-0.0000542535,0.1745768229
559042.7200242410,-0.0865173340,-0.0012207031,9.7808837894,-0.0019314236,-0.0000217014,0.1745876736
559042.7300242410,-0.0859069824,0.0056457520,9.7814941409,-0.0011067708,-0.0000651042,0.1746202257
559042.7400242410,-0.0880432129,-0.0018310547,9.7814941409,-0.0015299479,-0.0000217014,0.1746527778
559042.7500242410,-0.0868225098,0.0057983398,9.7817993167,-0.0014756944,-0.0000108507,0.1746093750
559042.7600242411,-0.0863647461,0.0013732910,9.7813415531,-0.0012152778,-0.0000651042,0.1746310764
559042.7700242409,-0.0877380371,0.0024414063,9.7816467288,-0.0018771701,-0.0000434028,0.1746202257
559042.7800242410,-0.0866699219,0.0013732910,9.7813415531,-0.0008789062,-0.0000651042,0.1745876736
559042.7900242410,-0.0863647461,0.0003051758,9.7816467288,-0.0019965278,-0.0000000000,0.1746202257
559042.8000242410,-0.0862121582,0.0073242188,9.7808837894,-0.0008680556,-0.0000542535,0.1746636285
559042.8100242410,-0.0877380371,-0.0021362305,9.7813415531,-0.0019097222,-0.0000542535,0.1746419271
559042.8200242410,-0.0889587402,0.0054931641,9.7811889652,-0.0011393229,-0.0000868056,0.1746310764
559042.8300242410,-0.0869750977,-0.0021362305,9.7816467288,-0.0015407986,-0.0000542535,0.1746310764
559042.8400242410,-0.0865173340,0.0065612793,9.7816467288,-0.0015299479,-0.0000000000,0.1746093750
559042.8500242410,-0.0866699219,0.0009155273,9.7810363773,-0.0011393229,-0.0000434028,0.1746310764
559042.8600242410,-0.0878906250,0.0016784668,9.7814941409,-0.0018554687,-0.0000434028,0.1745768229
559042.8700242410,-0.0885009766,0.0039672852,9.7810363773,-0.0008897569,-0.0000759549,0.1746310764
559042.8800242411,-0.0865173340,0.0004577637,9.7819519046,-0.0019748264,-0.0000108507,0.1746419271
559042.8900242409,-0.0859069824,0.0061035156,9.7807312015,-0.0009331597,-0.0000434028,0.1745768229
559042.9000242410,-0.0878906250,-0.0027465820,9.7813415531,-0.0019205729,-0.0000108507,0.1745876736
559042.9100242410,-0.0894165039,0.0073242188,9.7813415531,-0.0010525174,-0.0000759549,0.1745768229
559042.9200242410,-0.0862121582,-0.0016784668,9.7811889652,-0.0015516493,-0.0000217014,0.1745985243
559042.9300242410,-0.0851440430,0.0061035156,9.7819519046,-0.0014539931,-0.0000108507,0.1746310764
559042.9400242410,-0.0868225098,0.0004577637,9.7810363773,-0.0011501736,-0.0000217014,0.1745985243
559042.9500242410,-0.0880432129,0.0030517578,9.7817993167,-0.0019097222,-0.0000434028,0.1746419271
559042.9600242410,-0.0892639160,0.0036621094,9.7814941409,-0.0008789062,-0.0000868056,0.1746419271
559042.9700242410,-0.0860595703,-0.0015258789,9.7814941409,-0.0020073785,-0.0000000000,0.1746636285
559042.9800242410,-0.0842285156,0.0079345703,9.7811889652,-0.0009006076,-0.0000325521,0.1746310764
559042.9900242410,-0.0883483887,-0.0021362305,9.7814941409,-0.0018120660,-0.0000434028,0.1746527778
559043.0000242410,-0.0888061523,0.0056457520,9.7817993167,-0.0012152778,-0.0000542535,0.1746202257
559043.0100242411,-0.0869750977,-0.0007629395,9.7816467288,-0.0014105903,-0.0000217014,0.1749023437
559043.0200242409,-0.0860595703,0.0056457520,9.7817993167,-0.0015842014,-0.0000000000,0.1745876736
559043.0300242410,-0.0859069824,0.0015258789,9.7811889652,-0.0010959201,-0.0000217014,0.1745551215
559043.0400242410,-0.0901794434,0.0006103516,9.7816467288,-0.0019748264,-0.0000434028,0.1745225694
559043.0500242410,-0.0891113281,0.0048828125,9.7814941409,-0.0008029514,-0.0000759549,0.1745659722
559043.0600242410,-0.0859069824,-0.0018310547,9.7819519046,-0.0019639757,-0.0000000000,0.1745985243
559043.0700242410,-0.0849914551,0.0065612793,9.7814941409,-0.0010199653,-0.0000000000,0.1745876736
559043.0800242410,-0.0872802734,-0.0012207031,9.7811889652,-0.0016601562,-0.0000434028,0.1745985243
559043.0900242410,-0.0892639160,0.0065612793,9.7811889652,-0.0014431424,-0.0000542535,0.1746202257
559043.1000242410,-0.0863647461,-0.0007629395,9.7813415531,-0.0012478299,-0.0000217014,0.1746419271
559043.1100242410,-0.0854492188,0.0027465820,9.7814941409,-0.0017578125,-0.0000217014,0.1746310764
559043.1200242420,-0.0857543945,0.0036621094,9.7813415531,-0.0009440104,-0.0000217014,0.1745551215
559043.1300242420,-0.0897216797,0.0009155273,9.7817993167,-0.0019856771,-0.0000542535,0.1745768229
559043.1400242420,-0.0883483887,0.0059509277,9.7813415531,-0.0008463542,-0.0000651042,0.1746202257
559043.1500242420,-0.0859069824,-0.0032043457,9.7817993167,-0.0019205729,-0.0000000000,0.1746527778
559043.1600242420,-0.0859069824,0.0082397461,9.7810363773,-0.0011176215,-0.0000434028,0.1745876736
559043.1700242420,-0.0869750977,-0.0000000000,9.7810363773,-0.0015625000,-0.0000542535,0.1745985243
559043.1800242420,-0.0888061523,0.0054931641,9.7817993167,-0.0015407986,-0.0000434028,0.1745876736
559043.1900242420,-0.0871276855,0.0007629395,9.7819519046,-0.0010633681,-0.0000542535,0.1745985243
559043.2000242420,-0.0859069824,0.0015258789,9.7810363773,-0.0018771701,-0.0000108507,0.1745876736
559043.2100242421,-0.0860595703,0.0048828125,9.7814941409,-0.0009006076,-0.0000434028,0.1746419271
559043.2200242419,-0.0881958008,-0.0001525879,9.7819519046,-0.0019856771,-0.0000434028,0.1746419271
559043.2300242420,-0.0886535645,0.0054931641,9.7811889652,-0.0009331597,-0.0000542535,0.1746202257
559043.2400242420,-0.0880432129,-0.0019836426,9.7819519046,-0.0018446181,-0.0000108507,0.1745985243
559043.2500242420,-0.0866699219,0.0067138672,9.7810363773,-0.0011176215,-0.0000434028,0.1746419271
559043.2600242420,-0.0875854492,-0.0009155273,9.7810363773,-0.0015407986,-0.0000434028,0.1746093750
559043.2700242420,-0.0874328613,0.0056457520,9.7816467288,-0.0014865451,-0.0000542535,0.1746310764
559043.2800242420,-0.0869750977,0.0006103516,9.7814941409,-0.0011393229,-0.0000542535,0.1745659722
559043.2900242420,-0.0852966309,0.0030517578,9.7817993167,-0.0018446181,-0.0000000000,0.1745985243
559043.3000242420,-0.0872802734,0.0039672852,9.7810363773,-0.0009331597,-0.0000542535,0.1746310764
559043.3100242420,-0.0877380371,0.0006103516,9.7813415531,-0.0020073785,-0.0000217014,0.1746202257
559043.3200242420,-0.0886535645,0.0059509277,9.7814941409,-0.0008572049,-0.0000542535,0.1746527778
559043.3300242421,-0.0872802734,-0.0012207031,9.7813415531,-0.0018337674,-0.0000217014,0.1746636285
559043.3400242419,-0.0857543945,0.0065612793,9.7814941409,-0.0011827257,-0.0000217014,0.1746310764
559043.3500242420,-0.0874328613,-0.0016784668,9.7813415531,-0.0014973958,-0.0000434028,0.1745768229
559043.3600242420,-0.0877380371,0.0057983398,9.7811889652,-0.0015407986,-0.0000434028,0.1745551215
559043.3700242420,-0.0863647461,0.0012207031,9.7813415531,-0.0011935764,-0.0000434028,0.1745876736
559043.3800242420,-0.0863647461,0.0016784668,9.7819519046,-0.0018012153,-0.0000108507,0.1745876736
559043.3900242420,-0.0872802734,0.0028991699,9.7807312015,-0.0009440104,-0.0000434028,0.1746419271
559043.4000242420,-0.0881958008,0.0006103516,9.7805786136,-0.0019748264,-0.0000217014,0.1745985243
559043.4100242420,-0.0883483887,0.0067138672,9.7813415531,-0.0008572049,-0.0000651042,0.1745876736
559043.4200242420,-0.0860595703,-0.0027465820,9.7813415531,-0.0019314236,-0.0000000000,0.1746093750
559043.4300242420,-0.0871276855,0.0062561035,9.7811889652,-0.0011176215,-0.0000434028,0.1746419271
559043.4400242420,-0.0880432129,-0.0007629395,9.7814941409,-0.0015842014,-0.0000434028,0.1745876736
559043.4500242420,-0.0878906250,0.0062561035,9.7817993167,-0.0014539931,-0.0000434028,0.1746093750
559043.4600242421,-0.0866699219,-0.0000000000,9.7816467288,-0.0011827257,-0.0000434028,0.1746310764
559043.4700242419,-0.0851440430,0.0032043457,9.7811889652,-0.0018012153,-0.0000108507,0.1746527778
559043.4800242420,-0.0883483887,0.0033569336,9.7816467288,-0.0009006076,-0.0000542535,0.1746419271
559043.4900242420,-0.0871276855,0.0009155273,9.7816467288,-0.0019748264,-0.0000434028,0.1746419271
559043.5000242420,-0.0866699219,0.0064086914,9.7814941409,-0.0009331597,-0.0000325521,0.1746636285
559043.5100242420,-0.0866699219,-0.0009155273,9.7814941409,-0.0019205729,-0.0000000000,0.1746419271
559043.5200242420,-0.0862121582,0.0059509277,9.7810363773,-0.0010959201,-0.0000217014,0.1745768229
559043.5300242420,-0.0889587402,-0.0025939941,9.7819519046,-0.0015625000,-0.0000651042,0.1745985243
559043.5400242420,-0.0875854492,0.0065612793,9.7814941409,-0.0014214410,-0.0000542535,0.1745768229
559043.5500242420,-0.0852966309,0.0021362305,9.7807312015,-0.0012152778,-0.0000434028,0.1745876736
559043.5600242420,-0.0869750977,0.0025939941,9.7814941409,-0.0018446181,-0.0000000000,0.1746093750
559043.5700242420,-0.0895690918,0.0006103516,9.7807312015,-0.0009440104,-0.0000434028,0.1746310764
559043.5800242421,-0.0877380371,0.0006103516,9.7811889652,-0.0019965278,-0.0000651042,0.1746202257
559043.5900242419,-0.0859069824,0.0074768066,9.7813415531,-0.0008138021,-0.0000651042,0.1746310764
559043.6000242420,-0.0854492188,-0.0019836426,9.7817993167,-0.0019097222,-0.0000000000,0.1745985243
559043.6100242420,-0.0901794434,0.0067138672,9.7814941409,-0.0011284722,-0.0000217014,0.1746527778
559043.6200242420,-0.0885009766,-0.0013732910,9.7813415531,-0.0015082465,-0.0000651042,0.1746093750
559043.6300242420,-0.0868225098,0.0065612793,9.7824096683,-0.0016167535,-0.0000651042,0.1746093750
559043.6400242420,-0.0863647461,0.0016784668,9.7816467288,-0.0011176215,-0.0000434028,0.1746202257
559043.6500242420,-0.0866699219,0.0018310547,9.7814941409,-0.0018880208,0.0000217014,0.1746202257
559043.6600242420,-0.0897216797,0.0041198730,9.7813415531,-0.0008680556,-0.0000651042,0.1746636285
559043.6700242420,-0.0877380371,-0.0003051758,9.7813415531,-0.0019748264,-0.0000542535,0.1746527778
559043.6800242420,-0.0856018066,0.0067138672,9.7813415531,-0.0009440104,-0.0000542535,0.1746202257
559043.6900242420,-0.0869750977,-0.0032043457,9.7819519046,-0.0018120660,-0.0000000000,0.1745876736
559043.7000242420,-0.0895690918,0.0074768066,9.7816467288,-0.0012912326,-0.0000434028,0.1745985243
559043.7100242421,-0.0885009766,-0.0001525879,9.7817993167,-0.0014431424,-0.0000542535,0.1745876736
559043.7200242419,-0.0866699219,0.0038146973,9.7811889652,-0.0016384549,-0.0000108507,0.1745768229
559043.7300242420,-0.0849914551,0.0009155273,9.7821044925,-0.0010091146,-0.0000434028,0.1746202257
559043.7400242420,-0.0877380371,0.0019836426,9.7814941409,-0.0019422743,-0.0000000000,0.1745985243
559043.7500242420,-0.0885009766,0.0068664551,9.7808837894,-0.0008897569,-0.0000651042,0.1746093750
559043.7600242420,-0.0877380371,-0.0022888184,9.7817993167,-0.0019965278,-0.0000651042,0.1745659722
559043.7700242420,-0.0862121582,0.0048828125,9.7821044925,-0.0009765625,-0.0000542535,0.1745442708
559043.7800242420,-0.0871276855,0.0010681152,9.7819519046,-0.0017578125,-0.0000000000,0.1746310764
559043.7900242420,-0.0878906250,0.0077819824,9.7810363773,-0.0012261285,-0.0000217014,0.1746202257
559043.8000242420,-0.0881958008,-0.0033569336,9.7811889652,-0.0014648437,-0.0000434028,0.1745876736
559043.8100242420,-0.0878906250,0.0044250488,9.7822570804,-0.0015516493,-0.0000434028,0.1745659722
559043.8200242420,-0.0868225098,0.0024414063,9.7810363773,-0.0011176215,-0.0000434028,0.1746310764
559043.8300242421,-0.0877380371,0.0033569336,9.7813415531,-0.0019097222,-0.0000000000,0.1745876736
559043.8400242419,-0.0881958008,0.0027465820,9.7813415531,-0.0009006076,-0.0000542535,0.1746419271
559043.8500242420,-0.0877380371,-0.0015258789,9.7814941409,-0.0020073785,-0.0000217014,0.1746093750
559043.8600242420,-0.0877380371,0.0077819824,9.7814941409,-0.0008789062,-0.0000651042,0.1746636285
559043.8700242420,-0.0866699219,-0.0009155273,9.7816467288,-0.0018229167,-0.0000000000,0.1746419271
559043.8800242420,-0.0871276855,0.0059509277,9.7811889652,-0.0012803819,-0.0000217014,0.1746419271
559043.8900242420,-0.0871276855,-0.0018310547,9.7813415531,-0.0013888889,-0.0000651042,0.1746202257
559043.9000242420,-0.0880432129,0.0056457520,9.7822570804,-0.0016818576,-0.0000108507,0.1745985243
559043.9100242420,-0.0875854492,0.0033569336,9.7811889652,-0.0010959201,-0.0000434028,0.1746310764
559043.9200242420,-0.0875854492,0.0012207031,9.7814941409,-0.0018771701,0.0000108507,0.1746093750
559043.9300242420,-0.0872802734,0.0035095215,9.7813415531,-0.0009223090,-0.0000542535,0.1745442708
559043.9400242420,-0.0883483887,-0.0000000000,9.7813415531,-0.0019422743,-0.0000542535,0.1745876736
559043.9500242420,-0.0875854492,0.0077819824,9.7816467288,-0.0009548611,-0.0000434028,0.1746093750
559043.9600242421,-0.0875854492,-0.0012207031,9.7816467288,-0.0018446181,-0.0000000000,0.1746310764
559043.9700242419,-0.0871276855,0.0051879883,9.7813415531,-0.0012152778,-0.0000108507,0.1746310764
559043.9800242420,-0.0875854492,-0.0003051758,9.7814941409,-0.0014865451,-0.0000542535,0.1746093750
559043.9900242420,-0.0886535645,0.0070190430,9.7816467288,-0.0015733507,-0.0000217014,0.1746419271
559044.0000242420,-0.0871276855,0.0012207031,9.7816467288,-0.0011284722,-0.0000217014,0.1746310764
559044.0100242420,-0.0863647461,0.0015258789,9.7811889652,-0.0018771701,-0.0000000000,0.1749131944
559044.0200242420,-0.0869750977,0.0047302246,9.7810363773,-0.0009331597,-0.0000651042,0.1745876736
559044.0300242420,-0.0880432129,0.0009155273,9.7814941409,-0.0020182292,-0.0000651042,0.1745659722
559044.0400242420,-0.0881958008,0.0053405762,9.7816467288,-0.0009223090,-0.0000651042,0.1746202257
559044.0500242420,-0.0869750977,-0.0024414063,9.7822570804,-0.0018771701,-0.0000217014,0.1746202257
559044.0600242420,-0.0862121582,0.0082397461,9.7811889652,-0.0011067708,-0.0000434028,0.1746202257
559044.0700242420,-0.0880432129,-0.0000000000,9.7808837894,-0.0015733507,-0.0000434028,0.1745768229
559044.0800242421,-0.0881958008,0.0050354004,9.7811889652,-0.0015299479,-0.0000217014,0.1746093750
559044.0900242419,-0.0875854492,-0.0009155273,9.7811889652,-0.0011935764,-0.0000108507,0.1746202257
559044.1000242420,-0.0860595703,0.0044250488,9.7814941409,-0.0018337674,-0.0000000000,0.1745876736
559044.1100242420,-0.0883483887,0.0045776367,9.7813415531,-0.0009440104,-0.0000651042,0.1745768229
559044.1200242420,-0.0872802734,0.0004577637,9.7816467288,-0.0019965278,-0.0000217014,0.1745985243
559044.1300242420,-0.0892639160,0.0053405762,9.7814941409,-0.0008680556,-0.0000759549,0.1746419271
559044.1400242420,-0.0880432129,-0.0021362305,9.7816467288,-0.0018988715,-0.0000000000,0.1746202257
559044.1500242420,-0.0862121582,0.0093078613,9.7810363773,-0.0011284722,-0.0000434028,0.1746310764
559044.1600242420,-0.0871276855,-0.0018310547,9.7813415531,-0.0015516493,-0.0000108507,0.1746093750
559044.1700242420,-0.0874328613,0.0053405762,9.7816467288,-0.0015950521,-0.0000434028,0.1746419271
559044.1800242420,-0.0868225098,0.0015258789,9.7814941409,-0.0010525174,-0.0000217014,0.1746310764
559044.1900242430,-0.0875854492,0.0028991699,9.7813415531,-0.0019856771,-0.0000000000,0.1746093750
559044.2000242430,-0.0871276855,0.0062561035,9.7811889652,-0.0008138021,-0.0000434028,0.1746419271
559044.2100242430,-0.0874328613,-0.0013732910,9.7811889652,-0.0019965278,-0.0000434028,0.1745985243
559044.2200242430,-0.0888061523,0.0067138672,9.7813415531,-0.0009874132,-0.0000651042,0.1746202257
559044.2300242430,-0.0868225098,-0.0010681152,9.7816467288,-0.0017252604,-0.0000108507,0.1746093750
559044.2400242430,-0.0862121582,0.0064086914,9.7814941409,-0.0013671875,-0.0000108507,0.1746202257
559044.2500242430,-0.0875854492,-0.0004577637,9.7814941409,-0.0013237847,-0.0000759549,0.1746202257
559044.2600242430,-0.0869750977,0.0054931641,9.7814941409,-0.0016818576,-0.0000434028,0.1746419271
559044.2700242430,-0.0885009766,0.0016784668,9.7813415531,-0.0010416667,-0.0000217014,0.1746093750
559044.2800242431,-0.0872802734,0.0007629395,9.7814941409,-0.0019639757,-0.0000000000,0.1746202257
559044.2900242429,-0.0878906250,0.0059509277,9.7816467288,-0.0008572049,-0.0000759549,0.1746093750
559044.3000242430,-0.0874328613,-0.0001525879,9.7814941409,-0.0020182292,-0.0000217014,0.1746093750
559044.3100242430,-0.0862121582,0.0080871582,9.7814941409,-0.0009765625,-0.0000217014,0.1746202257
559044.3200242430,-0.0888061523,-0.0036621094,9.7811889652,-0.0017903646,0.0000108507,0.1746093750
559044.3300242430,-0.0888061523,0.0062561035,9.7811889652,-0.0012695312,-0.0000651042,0.1745876736
559044.3400242430,-0.0868225098,0.0006103516,9.7817993167,-0.0013671875,-0.0000651042,0.1745659722
559044.3500242430,-0.0871276855,0.0057983398,9.7813415531,-0.0016818576,-0.0000434028,0.1745225694
559044.3600242430,-0.0886535645,0.0009155273,9.7814941409,-0.0011176215,-0.0000000000,0.1745768229
559044.3700242430,-0.0881958008,0.0012207031,9.7813415531,-0.0018771701,-0.0000000000,0.1746744792
559044.3800242430,-0.0872802734,0.0061035156,9.7807312015,-0.0009440104,-0.0000434028,0.1748263889
559044.3900242430,-0.0868225098,0.0003051758,9.7822570804,-0.0019748264,-0.0000434028,0.1747287326
559044.4000242430,-0.0881958008,0.0057983398,9.7817993167,-0.0009331597,-0.0000542535,0.1746419271
559044.4100242431,-0.0898742676,-0.0022888184,9.7821044925,-0.0018229167,-0.0000434028,0.1745985243
559044.4200242430,-0.0875854492,0.0076293945,9.7816467288,-0.0011935764,-0.0000108507,0.1745768229
559044.4300242430,-0.0869750977,-0.0003051758,9.7813415531,-0.0015407986,-0.0000651042,0.1745442708
559044.4400242430,-0.0889587402,0.0051879883,9.7804260257,-0.0015516493,-0.0000217014,0.1745985243
559044.4500242430,-0.0875854492,0.0009155273,9.7819519046,-0.0011067708,-0.0000434028,0.1746419271
559044.4600242430,-0.0875854492,0.0032043457,9.7821044925,-0.0019097222,-0.0000217014,0.1746093750
559044.4700242430,-0.0872802734,0.0053405762,9.7810363773,-0.0008789062,-0.0000542535,0.1746636285
559044.4800242430,-0.0880432129,-0.0000000000,9.7824096683,-0.0020182292,-0.0000108507,0.1745985243
559044.4900242430,-0.0886535645,0.0065612793,9.7817993167,-0.0009440104,-0.0000651042,0.1746527778
559044.5000242430,-0.0878906250,-0.0018310547,9.7814941409,-0.0018446181,0.0000108507,0.1746636285
559044.5100242430,-0.0866699219,0.0076293945,9.7804260257,-0.0012152778,-0.0000217014,0.1745985243
559044.5200242430,-0.0871276855,-0.0003051758,9.7807312015,-0.0014973958,-0.0000651042,0.1745985243
559044.5300242431,-0.0886535645,0.0053405762,9.7813415531,-0.0015842014,-0.0000434028,0.1745985243
559044.5400242429,-0.0886535645,0.0018310547,9.7816467288,-0.0010959201,-0.0000108507,0.1745985243
559044.5500242430,-0.0871276855,0.0032043457,9.7821044925,-0.0019097222,-0.0000108507,0.1746419271
559044.5600242430,-0.0877380371,0.0039672852,9.7814941409,-0.0009548611,-0.0000434028,0.1746202257
559044.5700242430,-0.0875854492,-0.0000000000,9.7814941409,-0.0019856771,-0.0000108507,0.1745985243
559044.5800242430,-0.0877380371,0.0065612793,9.7814941409,-0.0009548611,-0.0000542535,0.1746093750
559044.5900242430,-0.0872802734,0.0001525879,9.7816467288,-0.0018771701,-0.0000108507,0.1745876736
559044.6000242430,-0.0878906250,0.0057983398,9.7816467288,-0.0010959201,-0.0000108507,0.1745985243
559044.6100242430,-0.0869750977,-0.0015258789,9.7813415531,-0.0016601562,-0.0000542535,0.1745876736
559044.6200242430,-0.0856018066,0.0077819824,9.7816467288,-0.0013780382,-0.0000217014,0.1745659722
559044.6300242430,-0.0875854492,0.0003051758,9.7817993167,-0.0013237847,-0.0000108507,0.1746202257
559044.6400242430,-0.0881958008,0.0042724609,9.7814941409,-0.0017578125,-0.0000434028,0.1745876736
559044.6500242430,-0.0886535645,0.0028991699,9.7808837894,-0.0009765625,-0.0000542535,0.1746527778
559044.6600242431,-0.0868225098,0.0012207031,9.7811889652,-0.0019314236,-0.0000000000,0.1746636285
559044.6700242430,-0.0866699219,0.0061035156,9.7808837894,-0.0009006076,-0.0000542535,0.1746202257
559044.6800242430,-0.0888061523,-0.0004577637,9.7821044925,-0.0019422743,-0.0000000000,0.1746527778
559044.6900242430,-0.0878906250,0.0070190430,9.7810363773,-0.0009874132,-0.0000542535,0.1746527778
559044.7000242430,-0.0869750977,-0.0000000000,9.7816467288,-0.0018337674,-0.0000217014,0.1746093750
559044.7100242430,-0.0875854492,0.0070190430,9.7816467288,-0.0012044271,-0.0000108507,0.1745985243
559044.7200242430,-0.0875854492,-0.0009155273,9.7816467288,-0.0015082465,-0.0000000000,0.1745876736
559044.7300242430,-0.0874328613,0.0065612793,9.7817993167,-0.0015733507,-0.0000434028,0.1745768229
559044.7400242430,-0.0875854492,0.0009155273,9.7813415531,-0.0010633681,-0.0000542535,0.1745876736
559044.7500242430,-0.0881958008,0.0027465820,9.7814941409,-0.0019748264,-0.0000108507,0.1745659722
559044.7600242430,-0.0878906250,0.0054931641,9.7811889652,-0.0008572049,-0.0000325521,0.1746310764
559044.7700242430,-0.0885009766,-0.0007629395,9.7813415531,-0.0020507812,-0.0000108507,0.1746419271
559044.7800242431,-0.0877380371,0.0073242188,9.7816467288,-0.0009440104,-0.0000108507,0.1746636285
559044.7900242429,-0.0874328613,-0.0015258789,9.7811889652,-0.0017578125,-0.0000542535,0.1746093750
559044.8000242430,-0.0874328613,0.0073242188,9.7814941409,-0.0013020833,-0.0000542535,0.1745876736
559044.8100242430,-0.0886535645,-0.0000000000,9.7814941409,-0.0013346354,-0.0000000000,0.1745985243
559044.8200242430,-0.0874328613,0.0050354004,9.7814941409,-0.0017903646,-0.0000108507,0.1745876736
559044.8300242430,-0.0868225098,0.0022888184,9.7813415531,-0.0009657118,-0.0000434028,0.1745659722
559044.8400242430,-0.0871276855,0.0009155273,9.7814941409,-0.0020507812,-0.0000217014,0.1745768229
559044.8500242430,-0.0888061523,0.0077819824,9.7814941409,-0.0008138021,-0.0000325521,0.1746419271
559044.8600242430,-0.0892639160,-0.0016784668,9.7811889652,-0.0019205729,-0.0000217014,0.1746419271
559044.8700242430,-0.0871276855,0.0086975098,9.7811889652,-0.0011393229,-0.0000434028,0.1746744792
559044.8800242430,-0.0868225098,-0.0018310547,9.7816467288,-0.0014973958,-0.0000108507,0.1746636285
559044.8900242430,-0.0886535645,0.0056457520,9.7816467288,-0.0016818576,-0.0000217014,0.1746419271
559044.9000242430,-0.0892639160,0.0033569336,9.7813415531,-0.0010199653,-0.0000434028,0.1746636285
559044.9100242431,-0.0874328613,0.0024414063,9.7810363773,-0.0020941840,-0.0000000000,0.1746202257
559044.9200242430,-0.0871276855,0.0059509277,9.7813415531,-0.0007812500,-0.0000434028,0.1746961805
559044.9300242430,-0.0872802734,-0.0025939941,9.7813415531,-0.0019639757,-0.0000434028,0.1746527778
559044.9400242430,-0.0885009766,0.0093078613,9.7813415531,-0.0010959201,-0.0000217014,0.1746419271
559044.9500242430,-0.0880432129,-0.0006103516,9.7817993167,-0.0015407986,-0.0000217014,0.1745985243
559044.9600242430,-0.0865173340,0.0057983398,9.7817993167,-0.0016384549,-0.0000108507,0.1745985243
559044.9700242430,-0.0875854492,0.0009155273,9.7816467288,-0.0010959201,-0.0000542535,0.1746202257
559044.9800242430,-0.0888061523,0.0024414063,9.7811889652,-0.0019422743,-0.0000108507,0.1745876736
559044.9900242430,-0.0872802734,0.0070190430,9.7811889652,-0.0008355035,-0.0000542535,0.1745768229
559045.0000242430,-0.0872802734,-0.0009155273,9.7817993167,-0.0020182292,-0.0000000000,0.1745768229
559045.0100242430,-0.0869750977,0.0077819824,9.7817993167,-0.0010199653,-0.0000108507,0.1748480903
559045.0200242430,-0.0885009766,-0.0022888184,9.7813415531,-0.0017035590,-0.0000217014,0.1745768229
559045.0300242431,-0.0874328613,0.0073242188,9.7813415531,-0.0014539931,-0.0000217014,0.1745876736
559045.0400242429,-0.0874328613,0.0015258789,9.7817993167,-0.0012912326,-0.0000217014,0.1746419271
559045.0500242430,-0.0883483887,0.0028991699,9.7813415531,-0.0018012153,-0.0000434028,0.1746419271
559045.0600242430,-0.0886535645,0.0024414063,9.7805786136,-0.0009548611,-0.0000542535,0.1746419271
559045.0700242430,-0.0880432129,0.0018310547,9.7817993167,-0.0019639757,-0.0000217014,0.1745985243
559045.0800242430,-0.0877380371,0.0064086914,9.7814941409,-0.0009331597,-0.0000434028,0.1746419271
559045.0900242430,-0.0881958008,-0.0003051758,9.7813415531,-0.0019748264,-0.0000000000,0.1745876736
559045.1000242430,-0.0869750977,0.0067138672,9.7813415531,-0.0010308160,-0.0000434028,0.1746527778
559045.1100242430,-0.0881958008,-0.0012207031,9.7808837894,-0.0017469618,-0.0000434028,0.1746636285
559045.1200242430,-0.0875854492,0.0076293945,9.7816467288,-0.0013237847,-0.0000108507,0.1746527778
559045.1300242430,-0.0878906250,-0.0000000000,9.7821044925,-0.0013129340,-0.0000217014,0.1746419271
559045.1400242430,-0.0871276855,0.0047302246,9.7810363773,-0.0017686632,-0.0000434028,0.1746310764
559045.1500242430,-0.0878906250,0.0041198730,9.7810363773,-0.0010091146,-0.0000651042,0.1746419271
559045.1600242431,-0.0878906250,0.0009155273,9.7817993167,-0.0019856771,-0.0000108507,0.1746636285
559045.1700242430,-0.0881958008,0.0044250488,9.7813415531,-0.0009223090,-0.0000434028,0.1746202257
559045.1800242430,-0.0869750977,-0.0000000000,9.7814941409,-0.0019748264,-0.0000000000,0.1746527778
559045.1900242430,-0.0868225098,0.0093078613,9.7821044925,-0.0010091146,-0.0000434028,0.1746093750
559045.2000242430,-0.0894165039,-0.0019836426,9.7817993167,-0.0018012153,-0.0000434028,0.1746310764
559045.2100242430,-0.0880432129,0.0056457520,9.7816467288,-0.0012695312,-0.0000651042,0.1746419271
559045.2200242430,-0.0865173340,0.0007629395,9.7822570804,-0.0013997396,-0.0000000000,0.1745985243
559045.2300242430,-0.0895690918,0.0067138672,9.7822570804,-0.0017469618,-0.0000217014,0.1746310764
559045.2400242430,-0.0877380371,0.0021362305,9.7807312015,-0.0010308160,-0.0000759549,0.1746419271
559045.2500242430,-0.0849914551,0.0009155273,9.7799682620,-0.0019748264,-0.0000000000,0.1745876736
559045.2600242440,-0.0886535645,0.0071716309,9.7824096683,-0.0008463542,-0.0000108507,0.1746310764
559045.2700242440,-0.0906372070,-0.0019836426,9.7822570804,-0.0019856771,-0.0000217014,0.1746093750
559045.2800242440,-0.0860595703,0.0096130371,9.7814941409,-0.0010742187,-0.0000217014,0.1745876736
559045.2900242440,-0.0865173340,-0.0016784668,9.7808837894,-0.0015950521,-0.0000434028,0.1745876736
559045.3000242440,-0.0869750977,0.0065612793,9.7813415531,-0.0015516493,-0.0000108507,0.1746093750
559045.3100242440,-0.0892639160,0.0027465820,9.7827148441,-0.0011393229,-0.0000108507,0.1746527778
559045.3200242440,-0.0888061523,0.0038146973,9.7817993167,-0.0019314236,-0.0000108507,0.1746202257
559045.3300242440,-0.0881958008,0.0039672852,9.7814941409,-0.0008789062,-0.0000542535,0.1745876736
559045.3400242440,-0.0866699219,0.0001525879,9.7814941409,-0.0019748264,-0.0000434028,0.1745985243
559045.3500242440,-0.0885009766,0.0093078613,9.7811889652,-0.0009657118,-0.0000217014,0.1746310764
559045.3600242439,-0.0883483887,-0.0012207031,9.7813415531,-0.0018988715,-0.0000000000,0.1745876736
559045.3700242440,-0.0866699219,0.0059509277,9.7807312015,-0.0011501736,-0.0000542535,0.1746202257
559045.3800242440,-0.0871276855,0.0001525879,9.7817993167,-0.0015733507,-0.0000434028,0.1746310764
559045.3900242440,-0.0886535645,0.0076293945,9.7813415531,-0.0014756944,-0.0000108507,0.1746527778
559045.4000242440,-0.0886535645,0.0009155273,9.7811889652,-0.0012261285,-0.0000108507,0.1746310764
559045.4100242440,-0.0865173340,0.0032043457,9.7816467288,-0.0018337674,-0.0000217014,0.1745334201
559045.4200242440,-0.0865173340,0.0047302246,9.7817993167,-0.0009765625,-0.0000217014,0.1745876736
559045.4300242440,-0.0891113281,0.0015258789,9.7819519046,-0.0020507812,-0.0000000000,0.1745768229
559045.4400242440,-0.0892639160,0.0062561035,9.7811889652,-0.0009223090,-0.0000542535,0.1746419271
559045.4500242440,-0.0869750977,-0.0016784668,9.7810363773,-0.0019422743,-0.0000000000,0.1746636285
559045.4600242440,-0.0857543945,0.0093078613,9.7811889652,-0.0010959201,-0.0000217014,0.1746527778
559045.4700242440,-0.0883483887,-0.0006103516,9.7813415531,-0.0016167535,-0.0000542535,0.1746310764
559045.4800242441,-0.0894165039,0.0061035156,9.7817993167,-0.0015082465,-0.0000000000,0.1745985243
559045.4900242439,-0.0872802734,0.0009155273,9.7819519046,-0.0012044271,-0.0000542535,0.1745985243
559045.5000242440,-0.0857543945,0.0045776367,9.7813415531,-0.0018554687,-0.0000000000,0.1746419271
559045.5100242440,-0.0872802734,0.0050354004,9.7811889652,-0.0010199653,-0.0000217014,0.1746202257
559045.5200242440,-0.0888061523,0.0012207031,9.7811889652,-0.0019639757,-0.0000108507,0.1746419271
559045.5300242440,-0.0892639160,0.0057983398,9.7811889652,-0.0009006076,-0.0000542535,0.1746310764
559045.5400242440,-0.0871276855,-0.0007629395,9.7816467288,-0.0018880208,-0.0000000000,0.1746093750
559045.5500242440,-0.0849914551,0.0094604492,9.7814941409,-0.0011067708,-0.0000434028,0.1746419271
559045.5600242440,-0.0889587402,-0.0010681152,9.7821044925,-0.0017252604,-0.0000108507,0.1746419271
559045.5700242440,-0.0901794434,0.0061035156,9.7817993167,-0.0014105903,-0.0000434028,0.1745876736
559045.5800242440,-0.0865173340,0.0007629395,9.7817993167,-0.0012695312,-0.0000217014,0.1746636285
559045.5900242440,-0.0859069824,0.0048828125,9.7813415531,-0.0018337674,-0.0000000000,0.1745985243
559045.6000242440,-0.0865173340,0.0050354004,9.7807312015,-0.0009223090,-0.0000108507,0.1745768229
559045.6100242439,-0.0895690918,-0.0000000000,9.7813415531,-0.0020616319,-0.0000108507,0.1745659722
559045.6200242440,-0.0897216797,0.0068664551,9.7813415531,-0.0008897569,-0.0000434028,0.1745768229
559045.6300242440,-0.0860595703,-0.0003051758,9.7816467288,-0.0019097222,-0.0000217014,0.1745876736
559045.6400242440,-0.0860595703,0.0080871582,9.7816467288,-0.0012152778,-0.0000108507,0.1745659722
559045.6500242440,-0.0895690918,-0.0006103516,9.7814941409,-0.0014973958,-0.0000434028,0.1745442708
559045.6600242440,-0.0894165039,0.0064086914,9.7817993167,-0.0015516493,-0.0000108507,0.1746093750
559045.6700242440,-0.0874328613,0.0027465820,9.7813415531,-0.0011393229,-0.0000108507,0.1746636285
559045.6800242440,-0.0852966309,0.0030517578,9.7817993167,-0.0019422743,-0.0000000000,0.1746419271
559045.6900242440,-0.0889587402,0.0045776367,9.7816467288,-0.0008680556,-0.0000651042,0.1746202257
559045.7000242440,-0.0892639160,0.0010681152,9.7814941409,-0.0020507812,-0.0000108507,0.1746202257
559045.7100242440,-0.0869750977,0.0093078613,9.7811889652,-0.0009548611,-0.0000542535,0.1746202257
559045.7200242440,-0.0865173340,-0.0021362305,9.7816467288,-0.0017903646,-0.0000000000,0.1746310764
559045.7300242441,-0.0872802734,0.0065612793,9.7814941409,-0.0012912326,-0.0000217014,0.1745551215
559045.7400242439,-0.0892639160,0.0030517578,9.7817993167,-0.0013671875,-0.0000434028,0.1745768229
559045.7500242440,-0.0878906250,0.0053405762,9.7810363773,-0.0017469618,-0.0000542535,0.1745659722
559045.7600242440,-0.0849914551,0.0016784668,9.7816467288,-0.0010308160,-0.0000000000,0.1745876736
559045.7700242440,-0.0874328613,0.0015258789,9.7814941409,-0.0019965278,-0.0000000000,0.1746419271
559045.7800242440,-0.0895690918,0.0079345703,9.7808837894,-0.0009006076,-0.0000542535,0.1746527778
559045.7900242440,-0.0895690918,-0.0000000000,9.7816467288,-0.0019856771,-0.0000542535,0.1746419271
559045.8000242440,-0.0862121582,0.0064086914,9.7819519046,-0.0010199653,-0.0000108507,0.1746636285
559045.8100242440,-0.0872802734,-0.0012207031,9.7816467288,-0.0017252604,-0.0000108507,0.1746310764
559045.8200242440,-0.0894165039,0.0091552734,9.7814941409,-0.0013346354,-0.0000217014,0.1745876736
559045.8300242440,-0.0891113281,0.0015258789,9.7814941409,-0.0014648437,-0.0000651042,0.1745876736
559045.8400242440,-0.0862121582,0.0047302246,9.7819519046,-0.0017035590,-0.0000217014,0.1745659722
559045.8500242440,-0.0868225098,0.0006103516,9.7814941409,-0.0010308160,-0.0000108507,0.1746093750
559045.8600242439,-0.0889587402,0.0039672852,9.7816467288,-0.0019097222,0.0000217014,0.1746419271
559045.8700242440,-0.0894165039,0.0082397461,9.7808837894,-0.0009440104,-0.0000651042,0.1746310764
559045.8800242440,-0.0866699219,0.0003051758,9.7816467288,-0.0020290799,-0.0000217014,0.1746202257
559045.8900242440,-0.0869750977,0.0050354004,9.7816467288,-0.0009765625,-0.0000217014,0.1746093750
559045.9000242440,-0.0885009766,-0.0001525879,9.7811889652,-0.0018120660,-0.0000000000,0.1746093750
559045.9100242440,-0.0878906250,0.0100708008,9.7810363773,-0.0013020833,-0.0000108507,0.1745985243
559045.9200242440,-0.0881958008,-0.0004577637,9.7813415531,-0.0014865451,-0.0000434028,0.1745985243
559045.9300242440,-0.0871276855,0.0033569336,9.7819519046,-0.0015950521,-0.0000108507,0.1745876736
559045.9400242440,-0.0877380371,0.0025939941,9.7816467288,-0.0010742187,-0.0000000000,0.1746310764
559045.9500242440,-0.0895690918,0.0045776367,9.7813415531,-0.0019639757,-0.0000108507,0.1746527778
559045.9600242440,-0.0886535645,0.0057983398,9.7811889652,-0.0009223090,-0.0000651042,0.1746419271
559045.9700242440,-0.0875854492,-0.0012207031,9.7813415531,-0.0020290799,-0.0000325521,0.1745768229
559045.9800242441,-0.0871276855,0.0080871582,9.7824096683,-0.0009331597,-0.0000000000,0.1746527778
559045.9900242439,-0.0875854492,0.0003051758,9.7808837894,-0.0018229167,-0.0000000000,0.1745876736
559046.0000242440,-0.0892639160,0.0080871582,9.7810363773,-0.0013020833,-0.0000542535,0.1746310764
559046.0100242440,-0.0878906250,-0.0001525879,9.7814941409,-0.0013997396,-0.0000217014,0.1748914930
559046.0200242440,-0.0877380371,0.0061035156,9.7816467288,-0.0017144097,-0.0000108507,0.1745768229
559046.0300242440,-0.0886535645,0.0038146973,9.7813415531,-0.0010633681,-0.0000434028,0.1745768229
559046.0400242440,-0.0880432129,0.0024414063,9.7814941409,-0.0019422743,-0.0000000000,0.1745985243
559046.0500242440,-0.0869750977,0.0054931641,9.7811889652,-0.0009440104,-0.0000651042,0.1745768229
559046.0600242440,-0.0875854492,0.0009155273,9.7814941409,-0.0019422743,-0.0000108507,0.1746202257
559046.0700242440,-0.0889587402,0.0071716309,9.7813415531,-0.0009765625,-0.0000217014,0.1746310764
559046.0800242440,-0.0883483887,-0.0003051758,9.7813415531,-0.0018771701,-0.0000108507,0.1746636285
559046.0900242440,-0.0881958008,0.0070190430,9.7813415531,-0.0012152778,-0.0000651042,0.1746853299
559046.1000242440,-0.0875854492,-0.0009155273,9.7811889652,-0.0015733507,-0.0000217014,0.1746853299
559046.1100242439,-0.0880432129,0.0080871582,9.7811889652,-0.0014973958,-0.0000108507,0.1746310764
559046.1200242440,-0.0888061523,0.0024414063,9.7816467288,-0.0012695312,-0.0000000000,0.1746310764
559046.1300242440,-0.0872802734,0.0039672852,9.7821044925,-0.0017903646,-0.0000000000,0.1746310764
559046.1400242440,-0.0880432129,0.0035095215,9.7810363773,-0.0010091146,-0.0000542535,0.1745768229
559046.1500242440,-0.0885009766,0.0024414063,9.7825622562,-0.0019748264,-0.0000000000,0.1745334201
559046.1600242440,-0.0883483887,0.0076293945,9.7816467288,-0.0009223090,-0.0000108507,0.1745876736
559046.1700242440,-0.0880432129,-0.0009155273,9.7814941409,-0.0019965278,-0.0000000000,0.1746202257
559046.1800242440,-0.0868225098,0.0068664551,9.7810363773,-0.0010308160,-0.0000217014,0.1746310764
559046.1900242440,-0.0877380371,-0.0000000000,9.7808837894,-0.0016384549,-0.0000108507,0.1745985243
559046.2000242440,-0.0892639160,0.0074768066,9.7814941409,-0.0014973958,-0.0000217014,0.1746419271
559046.2100242440,-0.0877380371,0.0019836426,9.7824096683,-0.0011935764,-0.0000108507,0.1746744792
559046.2200242440,-0.0872802734,0.0024414063,9.7813415531,-0.0019097222,-0.0000108507,0.1746744792
559046.2300242441,-0.0871276855,0.0044250488,9.7816467288,-0.0009331597,-0.0000434028,0.1746202257
559046.2400242439,-0.0892639160,0.0025939941,9.7816467288,-0.0020290799,-0.0000108507,0.1746744792
559046.2500242440,-0.0881958008,0.0074768066,9.7811889652,-0.0009331597,-0.0000651042,0.1746961805
559046.2600242440,-0.0869750977,-0.0012207031,9.7816467288,-0.0019205729,-0.0000108507,0.1746636285
559046.2700242440,-0.0866699219,0.0076293945,9.7807312015,-0.0011176215,-0.0000108507,0.1746527778
559046.2800242440,-0.0888061523,-0.0000000000,9.7811889652,-0.0016167535,-0.0000434028,0.1745768229
559046.2900242440,-0.0885009766,0.0077819824,9.7819519046,-0.0015299479,-0.0000108507,0.1746310764
559046.3000242440,-0.0875854492,0.0010681152,9.7814941409,-0.0012478299,-0.0000108507,0.1746310764
559046.3100242440,-0.0877380371,0.0036621094,9.7814941409,-0.0018771701,-0.0000217014,0.1745334201
559046.3200242440,-0.0877380371,0.0053405762,9.7817993167,-0.0009223090,-0.0000434028,0.1746093750
559046.3300242440,-0.0888061523,0.0019836426,9.7808837894,-0.0020073785,-0.0000217014,0.1745768229
559046.3400242450,-0.0872802734,0.0077819824,9.7810363773,-0.0009223090,-0.0000325521,0.1746310764
559046.3500242450,-0.0874328613,-0.0019836426,9.7816467288,-0.0019205729,-0.0000000000,0.1746093750
559046.3600242450,-0.0878906250,0.0077819824,9.7817993167,-0.0012044271,-0.0000434028,0.1746310764
559046.3700242450,-0.0885009766,0.0009155273,9.7817993167,-0.0015625000,-0.0000217014,0.1746636285
559046.3800242450,-0.0881958008,0.0074768066,9.7814941409,-0.0015733507,-0.0000217014,0.1746636285
559046.3900242450,-0.0885009766,0.0013732910,9.7819519046,-0.0011501736,-0.0000108507,0.1746527778
559046.4000242450,-0.0869750977,0.0035095215,9.7819519046,-0.0018554687,-0.0000000000,0.1746636285
559046.4100242450,-0.0895690918,0.0059509277,9.7807312015,-0.0009765625,-0.0000759549,0.1746310764
559046.4200242450,-0.0900268555,0.0018310547,9.7816467288,-0.0020073785,-0.0000000000,0.1746202257
559046.4300242451,-0.0878906250,0.0068664551,9.7816467288,-0.0009440104,-0.0000108507,0.1746093750
559046.4400242449,-0.0868225098,-0.0006103516,9.7810363773,-0.0019097222,-0.0000000000,0.1745985243
559046.4500242450,-0.0883483887,0.0079345703,9.7810363773,-0.0011393229,-0.0000434028,0.1745876736
559046.4600242450,-0.0886535645,0.0004577637,9.7814941409,-0.0015733507,-0.0000108507,0.1746093750
559046.4700242450,-0.0872802734,0.0067138672,9.7811889652,-0.0015299479,-0.0000217014,0.1745876736
559046.4800242450,-0.0877380371,0.0007629395,9.7817993167,-0.0012152778,-0.0000108507,0.1746310764
559046.4900242450,-0.0877380371,0.0041198730,9.7814941409,-0.0018771701,-0.0000217014,0.1746202257
559046.5000242450,-0.0881958008,0.0053405762,9.7805786136,-0.0009440104,-0.0000434028,0.1746093750
559046.5100242450,-0.0885009766,0.0007629395,9.7819519046,-0.0020507812,-0.0000108507,0.1745768229
559046.5200242450,-0.0885009766,0.0079345703,9.7816467288,-0.0008789062,-0.0000325521,0.1745768229
559046.5300242450,-0.0872802734,-0.0001525879,9.7813415531,-0.0018771701,-0.0000000000,0.1746093750
559046.5400242450,-0.0868225098,0.0093078613,9.7808837894,-0.0012369792,-0.0000434028,0.1746310764
559046.5500242451,-0.0881958008,0.0001525879,9.7821044925,-0.0015082465,-0.0000217014,0.1746093750
559046.5600242449,-0.0886535645,0.0056457520,9.7824096683,-0.0016276042,-0.0000217014,0.1745768229
559046.5700242450,-0.0877380371,0.0032043457,9.7817993167,-0.0011393229,-0.0000434028,0.1746310764
559046.5800242450,-0.0869750977,0.0045776367,9.7811889652,-0.0019097222,0.0000217014,0.1746202257
559046.5900242450,-0.0895690918,0.0053405762,9.7808837894,-0.0009331597,-0.0000759549,0.1746093750
559046.6000242450,-0.0892639160,-0.0000000000,9.7813415531,-0.0019856771,-0.0000000000,0.1746202257
559046.6100242450,-0.0871276855,0.0086975098,9.7813415531,-0.0009548611,-0.0000434028,0.1745659722
559046.6200242450,-0.0866699219,0.0003051758,9.7814941409,-0.0018771701,0.0000108507,0.1746202257
559046.6300242450,-0.0875854492,0.0085449219,9.7816467288,-0.0012152778,-0.0000217014,0.1745659722
559046.6400242450,-0.0892639160,-0.0000000000,9.7814941409,-0.0015082465,-0.0000434028,0.1746419271
559046.6500242450,-0.0891113281,0.0062561035,9.7819519046,-0.0016276042,-0.0000217014,0.1746310764
559046.6600242450,-0.0872802734,0.0027465820,9.7810363773,-0.0011067708,-0.0000000000,0.1746310764
559046.6700242450,-0.0865173340,0.0038146973,9.7811889652,-0.0019856771,-0.0000000000,0.1746527778
559046.6800242451,-0.0889587402,0.0056457520,9.7804260257,-0.0009006076,-0.0000542535,0.1746310764
559046.6900242449,-0.0889587402,0.0007629395,9.7819519046,-0.0020182292,-0.0000217014,0.1746093750
559046.7000242450,-0.0885009766,0.0083923340,9.7857666019,-0.0010416667,-0.0000217014,0.1745876736
559046.7100242450,-0.0860595703,-0.0000000000,9.7802734378,-0.0018229167,-0.0000108507,0.1745985243
559046.7200242450,-0.0863647461,0.0086975098,9.7784423831,-0.0012803819,-0.0000000000,0.1745442708
559046.7300242450,-0.0904846191,0.0004577637,9.7808837894,-0.0014214410,-0.0000651042,0.1745876736
559046.7400242450,-0.0895690918,0.0064086914,9.7811889652,-0.0016276042,-0.0000217014,0.1746310764
559046.7500242450,-0.0852966309,0.0035095215,9.7808837894,-0.0011501736,-0.0000000000,0.1746202257
559046.7600242450,-0.0880432129,0.0021362305,9.7813415531,-0.0019639757,-0.0000000000,0.1745985243
559046.7700242450,-0.0881958008,0.0061035156,9.7821044925,-0.0009331597,-0.0000542535,0.1745768229
559046.7800242450,-0.0888061523,0.0021362305,9.7822570804,-0.0019856771,-0.0000217014,0.1745876736
559046.7900242450,-0.0865173340,0.0083923340,9.7813415531,-0.0009765625,-0.0000000000,0.1746093750
559046.8000242451,-0.0881958008,-0.0009155273,9.7811889652,-0.0018771701,-0.0000000000,0.1745768229
559046.8100242449,-0.0895690918,0.0076293945,9.7807312015,-0.0012044271,-0.0000542535,0.1745985243
559046.8200242450,-0.0872802734,0.0012207031,9.7816467288,-0.0015407986,-0.0000217014,0.1746093750
559046.8300242450,-0.0869750977,0.0074768066,9.7808837894,-0.0016276042,-0.0000108507,0.1746419271
559046.8400242450,-0.0889587402,0.0018310547,9.7810363773,-0.0011610243,-0.0000108507,0.1746636285
559046.8500242450,-0.0883483887,0.0032043457,9.7819519046,-0.0019205729,-0.0000000000,0.1745985243
559046.8600242450,-0.0881958008,0.0074768066,9.7813415531,-0.0008897569,-0.0000434028,0.1745551215
559046.8700242450,-0.0875854492,0.0021362305,9.7814941409,-0.0020073785,-0.0000325521,0.1745225694
559046.8800242450,-0.0878906250,0.0071716309,9.7813415531,-0.0010091146,-0.0000000000,0.1745768229
559046.8900242450,-0.0885009766,-0.0007629395,9.7816467288,-0.0018771701,-0.0000000000,0.1746202257
559046.9000242450,-0.0889587402,0.0091552734,9.7808837894,-0.0011935764,-0.0000542535,0.1746310764
559046.9100242450,-0.0877380371,0.0013732910,9.7819519046,-0.0015625000,-0.0000434028,0.1745985243
559046.9200242450,-0.0868225098,0.0067138672,9.7817993167,-0.0015733507,-0.0000000000,0.1746527778
559046.9300242451,-0.0888061523,0.0013732910,9.7813415531,-0.0011284722,-0.0000217014,0.1746527778
559046.9400242449,-0.0889587402,0.0045776367,9.7813415531,-0.0018880208,-0.0000000000,0.1746961805
559046.9500242450,-0.0880432129,0.0071716309,9.7816467288,-0.0009765625,-0.0000434028,0.1746636285
559046.9600242450,-0.0859069824,0.0019836426,9.7814941409,-0.0019856771,-0.0000000000,0.1746093750
559046.9700242450,-0.0878906250,0.0056457520,9.7816467288,-0.0009657118,-0.0000108507,0.1746961805
559046.9800242450,-0.0903320313,0.0007629395,9.7821044925,-0.0019097222,0.0000108507,0.1746636285
559046.9900242450,-0.0875854492,0.0094604492,9.7811889652,-0.0011176215,-0.0000651042,0.1746310764
559047.0000242450,-0.0866699219,0.0001525879,9.7814941409,-0.0016384549,-0.0000217014,0.1746419271
559047.0100242450,-0.0883483887,0.0065612793,9.7819519046,-0.0014648437,-0.0000000000,0.1749023437
559047.0200242450,-0.0900268555,0.0013732910,9.7808837894,-0.0012478299,-0.0000108507,0.1746310764
559047.0300242450,-0.0880432129,0.0056457520,9.7813415531,-0.0018988715,-0.0000217014,0.1746093750
559047.0400242450,-0.0872802734,0.0054931641,9.7811889652,-0.0009657118,-0.0000434028,0.1746202257
559047.0500242451,-0.0888061523,0.0007629395,9.7816467288,-0.0020290799,-0.0000108507,0.1745985243
559047.0600242449,-0.0883483887,0.0080871582,9.7811889652,-0.0008789062,-0.0000108507,0.1745768229
559047.0700242450,-0.0885009766,0.0003051758,9.7817993167,-0.0018880208,-0.0000108507,0.1746093750
559047.0800242450,-0.0883483887,0.0085449219,9.7811889652,-0.0012369792,-0.0000217014,0.1746310764
559047.0900242450,-0.0878906250,0.0003051758,9.7817993167,-0.0015516493,-0.0000108507,0.1745768229
559047.1000242450,-0.0875854492,0.0070190430,9.7814941409,-0.0015842014,-0.0000000000,0.1746093750
559047.1100242450,-0.0889587402,0.0018310547,9.7813415531,-0.0011827257,-0.0000108507,0.1746527778
559047.1200242450,-0.0872802734,0.0041198730,9.7814941409,-0.0019097222,-0.0000108507,0.1746202257
559047.1300242450,-0.0872802734,0.0057983398,9.7810363773,-0.0008897569,-0.0000434028,0.1746202257
559047.1400242450,-0.0872802734,0.0006103516,9.7817993167,-0.0020290799,-0.0000000000,0.1745876736
559047.1500242450,-0.0886535645,0.0082397461,9.7817993167,-0.0009657118,-0.0000434028,0.1746310764
559047.1600242450,-0.0885009766,0.0003051758,9.7811889652,-0.0018446181,-0.0000000000,0.1746744792
559047.1700242450,-0.0872802734,0.0077819824,9.7817993167,-0.0013237847,-0.0000217014,0.1746310764
559047.1800242451,-0.0880432129,0.0006103516,9.7813415531,-0.0013997396,-0.0000217014,0.1746310764
559047.1900242449,-0.0886535645,0.0064086914,9.7817993167,-0.0017361111,-0.0000000000,0.1746093750
559047.2000242450,-0.0874328613,0.0044250488,9.7817993167,-0.0009874132,-0.0000000000,0.1746310764
559047.2100242450,-0.0872802734,0.0024414063,9.7813415531,-0.0019965278,-0.0000000000,0.1746202257
559047.2200242450,-0.0888061523,0.0073242188,9.7805786136,-0.0009223090,-0.0000759549,0.1746093750
559047.2300242450,-0.0886535645,0.0009155273,9.7819519046,-0.0019856771,-0.0000108507,0.1746419271
559047.2400242450,-0.0866699219,0.0082397461,9.7810363773,-0.0010525174,-0.0000108507,0.1746419271
559047.2500242450,-0.0878906250,0.0003051758,9.7811889652,-0.0017035590,-0.0000000000,0.1746744792
559047.2600242450,-0.0886535645,0.0086975098,9.7819519046,-0.0014105903,-0.0000217014,0.1746310764
559047.2700242450,-0.0886535645,0.0015258789,9.7819519046,-0.0013129340,-0.0000434028,0.1745985243
559047.2800242450,-0.0874328613,0.0053405762,9.7819519046,-0.0018554687,-0.0000108507,0.1746310764
559047.2900242450,-0.0871276855,0.0047302246,9.7813415531,-0.0009548611,0.0000108507,0.1746310764
559047.3000242451,-0.0881958008,0.0018310547,9.7810363773,-0.0020724826,-0.0000000000,0.1745985243
559047.3100242449,-0.0888061523,0.0076293945,9.7810363773,-0.0008897569,-0.0000542535,0.1746527778
559047.3200242450,-0.0883483887,0.0004577637,9.7819519046,-0.0019422743,-0.0000000000,0.1746093750
559047.3300242450,-0.0875854492,0.0090026855,9.7814941409,-0.0011393229,-0.0000000000,0.1746419271
559047.3400242450,-0.0881958008,0.0003051758,9.7817993167,-0.0015625000,-0.0000108507,0.1746310764
559047.3500242450,-0.0897216797,0.0076293945,9.7816467288,-0.0016167535,-0.0000217014,0.1746419271
559047.3600242450,-0.0880432129,0.0035095215,9.7811889652,-0.0010959201,-0.0000217014,0.1746310764
559047.3700242450,-0.0860595703,0.0032043457,9.7814941409,-0.0020616319,-0.0000217014,0.1745985243
559047.3800242450,-0.0875854492,0.0067138672,9.7810363773,-0.0008463542,0.0000108507,0.1745659722
559047.3900242450,-0.0877380371,0.0001525879,9.7807312015,-0.0019856771,-0.0000000000,0.1745985243
559047.4000242450,-0.0892639160,0.0093078613,9.7811889652,-0.0010742187,-0.0000434028,0.1745876736
559047.4100242460,-0.0877380371,-0.0000000000,9.7811889652,-0.0016601562,-0.0000434028,0.1745768229
559047.4200242460,-0.0862121582,0.0071716309,9.7824096683,-0.0015082465,0.0000651042,0.1746093750
559047.4300242460,-0.0881958008,0.0015258789,9.7819519046,-0.0012695312,-0.0000108507,0.1745768229
559047.4400242460,-0.0894165039,0.0057983398,9.7813415531,-0.0018771701,-0.0000434028,0.1746636285
559047.4500242460,-0.0878906250,0.0061035156,9.7807312015,-0.0009223090,-0.0000542535,0.1746419271
559047.4600242460,-0.0874328613,0.0013732910,9.7816467288,-0.0020507812,0.0000542535,0.1745985243
559047.4700242460,-0.0881958008,0.0071716309,9.7813415531,-0.0009223090,-0.0000325521,0.1746636285
559047.4800242460,-0.0886535645,-0.0010681152,9.7810363773,-0.0019097222,-0.0000108507,0.1745985243
559047.4900242460,-0.0881958008,0.0100708008,9.7810363773,-0.0011827257,-0.0000434028,0.1746202257
559047.5000242461,-0.0872802734,0.0016784668,9.7816467288,-0.0015516493,0.0000108507,0.1745985243
559047.5100242459,-0.0874328613,0.0062561035,9.7821044925,-0.0016384549,-0.0000000000,0.1745985243
559047.5200242460,-0.0877380371,0.0025939941,9.7816467288,-0.0011067708,-0.0000000000,0.1746527778
559047.5300242460,-0.0889587402,0.0048828125,9.7808837894,-0.0018988715,-0.0000108507,0.1746202257
559047.5400242460,-0.0889587402,0.0068664551,9.7814941409,-0.0009548611,-0.0000000000,0.1746093750
559047.5500242460,-0.0868225098,0.0016784668,9.7817993167,-0.0019965278,-0.0000108507,0.1746202257
559047.5600242460,-0.0877380371,0.0074768066,9.7816467288,-0.0009874132,-0.0000217014,0.1746744792
559047.5700242460,-0.0891113281,-0.0006103516,9.7817993167,-0.0018554687,-0.0000000000,0.1746310764
559047.5800242460,-0.0898742676,0.0097656250,9.7813415531,-0.0012044271,-0.0000434028,0.1746202257
559047.5900242460,-0.0877380371,0.0009155273,9.7817993167,-0.0014973958,-0.0000434028,0.1746527778
559047.6000242460,-0.0874328613,0.0067138672,9.7817993167,-0.0016384549,-0.0000108507,0.1745985243
559047.6100242460,-0.0869750977,0.0032043457,9.7808837894,-0.0010742187,0.0000108507,0.1746419271
559047.6200242460,-0.0886535645,0.0035095215,9.7813415531,-0.0020073785,0.0000325521,0.1745876736
559047.6300242461,-0.0894165039,0.0074768066,9.7813415531,-0.0009006076,-0.0000325521,0.1746419271
559047.6400242459,-0.0880432129,0.0004577637,9.7811889652,-0.0020182292,-0.0000434028,0.1746419271
559047.6500242460,-0.0872802734,0.0086975098,9.7808837894,-0.0009657118,-0.0000651042,0.1746419271
559047.6600242460,-0.0869750977,-0.0001525879,9.7813415531,-0.0018120660,0.0000108507,0.1746310764
559047.6700242460,-0.0886535645,0.0086975098,9.7822570804,-0.0012695312,-0.0000651042,0.1746527778
559047.6800242460,-0.0883483887,0.0012207031,9.7824096683,-0.0014539931,0.0000325521,0.1746202257
559047.6900242460,-0.0874328613,0.0054931641,9.7814941409,-0.0017035590,0.0000325521,0.1746093750
559047.7000242460,-0.0875854492,0.0036621094,9.7814941409,-0.0010959201,0.0000108507,0.1745551215
559047.7100242460,-0.0885009766,0.0038146973,9.7813415531,-0.0019639757,-0.0000434028,0.1746093750
559047.7200242460,-0.0889587402,0.0071716309,9.7802734378,-0.0008897569,-0.0000651042,0.1746093750
559047.7300242460,-0.0883483887,0.0006103516,9.7814941409,-0.0020073785,-0.0000108507,0.1746202257
559047.7400242460,-0.0881958008,0.0082397461,9.7819519046,-0.0009765625,-0.0000108507,0.1746527778
559047.7500242461,-0.0880432129,0.0007629395,9.7822570804,-0.0018337674,-0.0000000000,0.1746093750
559047.7600242459,-0.0880432129,0.0090026855,9.7816467288,-0.0013671875,0.0000217014,0.1746419271
559047.7700242460,-0.0878906250,0.0016784668,9.7819519046,-0.0014105903,-0.0000000000,0.1746636285
559047.7800242460,-0.0891113281,0.0070190430,9.7813415531,-0.0017578125,-0.0000217014,0.1745985243
559047.7900242460,-0.0875854492,0.0032043457,9.7810363773,-0.0010091146,-0.0000000000,0.1746527778
559047.8000242460,-0.0868225098,0.0032043457,9.7805786136,-0.0020182292,-0.0000108507,0.1746093750
559047.8100242460,-0.0895690918,0.0074768066,9.7810363773,-0.0008897569,-0.0000651042,0.1746202257
559047.8200242460,-0.0892639160,0.0003051758,9.7817993167,-0.0019965278,-0.0000000000,0.1746093750
559047.8300242460,-0.0875854492,0.0093078613,9.7816467288,-0.0010959201,-0.0000000000,0.1746527778
559047.8400242460,-0.0878906250,0.0009155273,9.7811889652,-0.0017144097,-0.0000000000,0.1746310764
559047.8500242460,-0.0875854492,0.0079345703,9.7813415531,-0.0014539931,-0.0000651042,0.1746202257
559047.8600242460,-0.0891113281,0.0018310547,9.7811889652,-0.0012695312,-0.0000217014,0.1746202257
559047.8700242460,-0.0869750977,0.0056457520,9.7814941409,-0.0018446181,0.0000108507,0.1746419271
559047.8800242461,-0.0874328613,0.0062561035,9.7819519046,-0.0009874132,0.0000325521,0.1746744792
559047.8900242459,-0.0885009766,0.0022888184,9.7821044925,-0.0020507812,-0.0000000000,0.1746419271
559047.9000242460,-0.0883483887,0.0064086914,9.7799682620,-0.0009548611,-0.0000542535,0.1745876736
559047.9100242460,-0.0897216797,0.0015258789,9.7807312015,-0.0019314236,-0.0000759549,0.1746093750
559047.9200242460,-0.0878906250,0.0093078613,9.7814941409,-0.0010525174,-0.0000868056,0.1746202257
559047.9300242460,-0.0878906250,0.0003051758,9.7810363773,-0.0017144097,0.0000217014,0.1746310764
559047.9400242460,-0.0865173340,0.0080871582,9.7825622562,-0.0014105903,0.0000868056,0.1745876736
559047.9500242460,-0.0894165039,0.0018310547,9.7819519046,-0.0013346354,0.0000108507,0.1746202257
559047.9600242460,-0.0883483887,0.0061035156,9.7819519046,-0.0018446181,-0.0000108507,0.1745985243
559047.9700242460,-0.0866699219,0.0048828125,9.7802734378,-0.0009765625,-0.0000651042,0.1746202257
559047.9800242460,-0.0874328613,0.0030517578,9.7814941409,-0.0020507812,-0.0000217014,0.1746202257
559047.9900242460,-0.0891113281,0.0065612793,9.7802734378,-0.0009006076,-0.0000542535,0.1746419271
559048.0000242461,-0.0889587402,0.0006103516,9.7816467288,-0.0019097222,0.0000542535,0.1746636285
559048.0100242459,-0.0871276855,0.0103759766,9.7824096683,-0.0011393229,0.0000651042,0.1749674479
559048.0200242460,-0.0872802734,0.0007629395,9.7817993167,-0.0016818576,-0.0000108507,0.1746527778
559048.0300242460,-0.0885009766,0.0074768066,9.7808837894,-0.0014865451,-0.0000759549,0.1746093750
559048.0400242460,-0.0888061523,0.0025939941,9.7810363773,-0.0012912326,-0.0000651042,0.1745768229
559048.0500242460,-0.0881958008,0.0067138672,9.7825622562,-0.0018229167,-0.0000000000,0.1746419271
559048.0600242460,-0.0875854492,0.0027465820,9.7817993167,-0.0010091146,0.0000651042,0.1746636285
559048.0700242460,-0.0889587402,0.0024414063,9.7805786136,-0.0019748264,0.0000217014,0.1746636285
559048.0800242460,-0.0878906250,0.0099182129,9.7811889652,-0.0009548611,-0.0000542535,0.1746527778
559048.0900242460,-0.0881958008,0.0022888184,9.7813415531,-0.0019965278,-0.0000217014,0.1746419271
559048.1000242460,-0.0869750977,0.0065612793,9.7801208499,-0.0010525174,-0.0000542535,0.1746419271
559048.1100242460,-0.0877380371,0.0001525879,9.7810363773,-0.0017469618,-0.0000000000,0.1745985243
559048.1200242460,-0.0888061523,0.0114440918,9.7830200199,-0.0013346354,0.0000217014,0.1745442708
559048.1300242461,-0.0900268555,0.0015258789,9.7819519046,-0.0013997396,-0.0000000000,0.1746202257
559048.1400242459,-0.0857543945,0.0047302246,9.7817993167,-0.0017469618,-0.0000108507,0.1745985243
559048.1500242460,-0.0885009766,0.0035095215,9.7810363773,-0.0009874132,-0.0000651042,0.1746310764
559048.1600242460,-0.0889587402,0.0047302246,9.7811889652,-0.0020182292,-0.0000108507,0.1746093750
559048.1700242460,-0.0877380371,0.0088500977,9.7822570804,-0.0009440104,-0.0000217014,0.1746202257
559048.1800242460,-0.0865173340,-0.0006103516,9.7825622562,-0.0020073785,0.0000759549,0.1745985243
559048.1900242460,-0.0877380371,0.0091552734,9.7808837894,-0.0010416667,-0.0000000000,0.1746310764
559048.2000242460,-0.0897216797,0.0018310547,9.7810363773,-0.0016384549,-0.0000542535,0.1746093750
559048.2100242460,-0.0880432129,0.0088500977,9.7804260257,-0.0016276042,-0.0000651042,0.1746419271
559048.2200242460,-0.0880432129,0.0019836426,9.7819519046,-0.0011176215,-0.0000542535,0.1746202257
559048.2300242460,-0.0875854492,0.0028991699,9.7822570804,-0.0020182292,0.0000759549,0.1746093750
559048.2400242460,-0.0871276855,0.0099182129,9.7813415531,-0.0008897569,0.0000434028,0.1746093750
559048.2500242461,-0.0881958008,0.0027465820,9.7813415531,-0.0019965278,-0.0000108507,0.1745768229
559048.2600242459,-0.0892639160,0.0071716309,9.7811889652,-0.0010633681,-0.0000868056,0.1746202257
559048.2700242460,-0.0886535645,-0.0009155273,9.7814941409,-0.0017144097,-0.0000542535,0.1746636285
559048.2800242460,-0.0872802734,0.0111389160,9.7814941409,-0.0013563368,0.0000651042,0.1746527778
559048.2900242460,-0.0895690918,0.0028991699,9.7817993167,-0.0014539931,0.0000325521,0.1746744792
559048.3000242460,-0.0894165039,0.0053405762,9.7811889652,-0.0017252604,-0.0000434028,0.1746419271
559048.3100242460,-0.0868225098,0.0027465820,9.7814941409,-0.0011067708,-0.0000759549,0.1746419271
559048.3200242460,-0.0877380371,0.0042724609,9.7816467288,-0.0018880208,-0.0000000000,0.1746202257
559048.3300242460,-0.0881958008,0.0083923340,9.7813415531,-0.0009548611,-0.0000000000,0.1746202257
559048.3400242460,-0.0892639160,0.0021362305,9.7817993167,-0.0020073785,0.0000542535,0.1746093750
559048.3500242460,-0.0885009766,0.0073242188,9.7814941409,-0.0009874132,-0.0000217014,0.1746202257
559048.3600242460,-0.0859069824,0.0015258789,9.7814941409,-0.0018446181,-0.0000108507,0.1746310764
559048.3700242460,-0.0888061523,0.0106811523,9.7808837894,-0.0012912326,-0.0000434028,0.1746527778
559048.3800242461,-0.0888061523,0.0013732910,9.7808837894,-0.0014539931,-0.0000434028,0.1746310764
559048.3900242459,-0.0880432129,0.0067138672,9.7819519046,-0.0017144097,0.0000542535,0.1745551215
559048.4000242460,-0.0871276855,0.0041198730,9.7819519046,-0.0010416667,-0.0000000000,0.1746202257
559048.4100242460,-0.0863647461,0.0042724609,9.7814941409,-0.0019965278,-0.0000217014,0.1745985243
559048.4200242460,-0.0895690918,0.0080871582,9.7802734378,-0.0009548611,-0.0000542535,0.1745876736
559048.4300242460,-0.0888061523,0.0003051758,9.7811889652,-0.0019856771,-0.0000217014,0.1745985243
559048.4400242460,-0.0872802734,0.0083923340,9.7821044925,-0.0010416667,0.0000325521,0.1745551215
559048.4500242460,-0.0871276855,0.0012207031,9.7817993167,-0.0017903646,-0.0000000000,0.1746093750
559048.4600242460,-0.0881958008,0.0083923340,9.7808837894,-0.0012912326,-0.0000217014,0.1746202257
559048.4700242460,-0.0898742676,0.0013732910,9.7813415531,-0.0014431424,-0.0000434028,0.1745985243
559048.4800242460,-0.0888061523,0.0070190430,9.7811889652,-0.0017361111,-0.0000217014,0.1746093750
559048.4900242470,-0.0863647461,0.0041198730,9.7822570804,-0.0010525174,0.0000217014,0.1746202257
559048.5000242470,-0.0871276855,0.0035095215,9.7819519046,-0.0020507812,-0.0000000000,0.1746093750
559048.5100242470,-0.0889587402,0.0073242188,9.7813415531,-0.0008789062,-0.0000542535,0.1746202257
559048.5200242470,-0.0891113281,0.0013732910,9.7808837894,-0.0019748264,0.0000217014,0.1745876736
559048.5300242470,-0.0865173340,0.0091552734,9.7813415531,-0.0010742187,-0.0000108507,0.1746202257
559048.5400242470,-0.0874328613,0.0004577637,9.7813415531,-0.0017035590,-0.0000000000,0.1746310764
559048.5500242470,-0.0891113281,0.0083923340,9.7817993167,-0.0014431424,-0.0000000000,0.1747070312
559048.5600242470,-0.0883483887,0.0028991699,9.7813415531,-0.0013888889,-0.0000108507,0.1746527778
559048.5700242470,-0.0863647461,0.0065612793,9.7813415531,-0.0017903646,-0.0000108507,0.1746636285
559048.5800242471,-0.0877380371,0.0045776367,9.7814941409,-0.0010633681,-0.0000108507,0.1746744792
559048.5900242470,-0.0888061523,0.0033569336,9.7817993167,-0.0019422743,0.0000108507,0.1746527778
559048.6000242470,-0.0880432129,0.0064086914,9.7810363773,-0.0008897569,-0.0000325521,0.1746310764
559048.6100242470,-0.0880432129,0.0027465820,9.7811889652,-0.0020290799,-0.0000108507,0.1745768229
559048.6200242470,-0.0871276855,0.0103759766,9.7824096683,-0.0010308160,-0.0000000000,0.1745876736
559048.6300242470,-0.0880432129,-0.0016784668,9.7810363773,-0.0018229167,-0.0000000000,0.1745876736
559048.6400242470,-0.0889587402,0.0076293945,9.7817993167,-0.0013237847,-0.0000000000,0.1745876736
559048.6500242470,-0.0881958008,0.0032043457,9.7810363773,-0.0013780382,-0.0000000000,0.1746527778
559048.6600242470,-0.0875854492,0.0091552734,9.7813415531,-0.0017252604,-0.0000108507,0.1746310764
559048.6700242470,-0.0875854492,0.0032043457,9.7816467288,-0.0011067708,-0.0000108507,0.1746636285
559048.6800242470,-0.0881958008,0.0016784668,9.7821044925,-0.0019314236,0.0000217014,0.1746419271
559048.6900242470,-0.0889587402,0.0082397461,9.7810363773,-0.0009006076,-0.0000325521,0.1746310764
559048.7000242471,-0.0863647461,0.0039672852,9.7816467288,-0.0020833333,-0.0000000000,0.1745876736
559048.7100242469,-0.0872802734,0.0085449219,9.7814941409,-0.0010416667,-0.0000217014,0.1746310764
559048.7200242470,-0.0895690918,-0.0016784668,9.7810363773,-0.0017578125,-0.0000000000,0.1746310764
559048.7300242470,-0.0891113281,0.0097656250,9.7817993167,-0.0013129340,-0.0000108507,0.1744791667
559048.7400242470,-0.0865173340,0.0036621094,9.7817993167,-0.0013888889,-0.0000000000,0.1744791667
559048.7500242470,-0.0878906250,0.0067138672,9.7811889652,-0.0018120660,-0.0000000000,0.1745768229
559048.7600242470,-0.0880432129,0.0027465820,9.7814941409,-0.0010742187,-0.0000000000,0.1746202257
559048.7700242470,-0.0883483887,0.0032043457,9.7814941409,-0.0019639757,0.0000108507,0.1746853299
559048.7800242470,-0.0874328613,0.0091552734,9.7808837894,-0.0009331597,-0.0000000000,0.1746636285
559048.7900242470,-0.0877380371,0.0028991699,9.7810363773,-0.0020073785,0.0000108507,0.1746527778
559048.8000242470,-0.0886535645,0.0067138672,9.7814941409,-0.0010091146,-0.0000217014,0.1746202257
559048.8100242470,-0.0881958008,0.0009155273,9.7814941409,-0.0018120660,-0.0000000000,0.1746310764
559048.8200242470,-0.0869750977,0.0111389160,9.7819519046,-0.0013020833,-0.0000000000,0.1746310764
559048.8300242471,-0.0874328613,0.0019836426,9.7813415531,-0.0015299479,-0.0000108507,0.1746093750
559048.8400242470,-0.0886535645,0.0062561035,9.7816467288,-0.0016601562,-0.0000000000,0.1745551215
559048.8500242470,-0.0894165039,0.0032043457,9.7807312015,-0.0010633681,-0.0000434028,0.1746310764
559048.8600242470,-0.0880432129,0.0062561035,9.7827148441,-0.0019748264,0.0000108507,0.1746093750
559048.8700242470,-0.0874328613,0.0079345703,9.7816467288,-0.0008789062,-0.0000108507,0.1746419271
559048.8800242470,-0.0869750977,-0.0007629395,9.7802734378,-0.0020833333,-0.0000000000,0.1746419271
559048.8900242470,-0.0886535645,0.0096130371,9.7817993167,-0.0010308160,-0.0000217014,0.1746202257
559048.9000242470,-0.0878906250,0.0025939941,9.7810363773,-0.0017035590,-0.0000000000,0.1746527778
559048.9100242470,-0.0871276855,0.0080871582,9.7813415531,-0.0015516493,-0.0000000000,0.1746527778
559048.9200242470,-0.0875854492,0.0015258789,9.7816467288,-0.0011610243,-0.0000108507,0.1746202257
559048.9300242470,-0.0888061523,0.0044250488,9.7821044925,-0.0018880208,-0.0000000000,0.1745985243
559048.9400242470,-0.0886535645,0.0083923340,9.7804260257,-0.0009657118,-0.0000217014,0.1746093750
559048.9500242471,-0.0872802734,0.0032043457,9.7805786136,-0.0020290799,0.0000108507,0.1745985243
559048.9600242469,-0.0865173340,0.0064086914,9.7822570804,-0.0010091146,0.0000108507,0.1746093750
559048.9700242470,-0.0891113281,0.0007629395,9.7819519046,-0.0019205729,-0.0000000000,0.1745768229
559048.9800242470,-0.0889587402,0.0109863281,9.7814941409,-0.0011067708,-0.0000000000,0.1746310764
559048.9900242470,-0.0881958008,0.0025939941,9.7810363773,-0.0016601562,-0.0000000000,0.1746310764
559049.0000242470,-0.0868225098,0.0067138672,9.7811889652,-0.0014431424,-0.0000000000,0.1746419271
559049.0100242470,-0.0880432129,0.0012207031,9.7804260257,-0.0013237847,0.0000108507,0.1748480903
559049.0200242470,-0.0892639160,0.0080871582,9.7808837894,-0.0018229167,-0.0000000000,0.1745551215
559049.0300242470,-0.0883483887,0.0079345703,9.7811889652,-0.0010199653,-0.0000651042,0.1746093750
559049.0400242470,-0.0878906250,0.0018310547,9.7817993167,-0.0020507812,0.0000217014,0.1746202257
559049.0500242470,-0.0860595703,0.0064086914,9.7819519046,-0.0008680556,0.0000217014,0.1746636285
559049.0600242470,-0.0895690918,0.0021362305,9.7814941409,-0.0019314236,-0.0000000000,0.1746527778
559049.0700242470,-0.0894165039,0.0115966797,9.7813415531,-0.0011501736,-0.0000217014,0.1746202257
559049.0800242471,-0.0872802734,-0.0000000000,9.7817993167,-0.0016601562,-0.0000000000,0.1746310764
559049.0900242470,-0.0865173340,0.0073242188,9.7819519046,-0.0015082465,-0.0000000000,0.1746310764
559049.1000242470,-0.0886535645,0.0041198730,9.7819519046,-0.0012369792,-0.0000000000,0.1745659722
559049.1100242470,-0.0898742676,0.0074768066,9.7808837894,-0.0018988715,-0.0000434028,0.1745659722
559049.1200242470,-0.0871276855,0.0048828125,9.7814941409,-0.0009657118,-0.0000108507,0.1746419271
559049.1300242470,-0.0863647461,0.0015258789,9.7816467288,-0.0020182292,0.0000325521,0.1746419271
559049.1400242470,-0.0885009766,0.0099182129,9.7814941409,-0.0009223090,0.0000217014,0.1746419271
559049.1500242470,-0.0881958008,0.0025939941,9.7811889652,-0.0019748264,-0.0000000000,0.1746527778
559049.1600242470,-0.0878906250,0.0094604492,9.7816467288,-0.0012044271,-0.0000217014,0.1746419271
559049.1700242470,-0.0871276855,-0.0000000000,9.7814941409,-0.0015082465,0.0000108507,0.1746310764
559049.1800242470,-0.0881958008,0.0076293945,9.7813415531,-0.0016493056,-0.0000000000,0.1745442708
559049.1900242470,-0.0878906250,0.0056457520,9.7814941409,-0.0010633681,-0.0000000000,0.1745551215
559049.2000242471,-0.0880432129,0.0036621094,9.7814941409,-0.0020182292,-0.0000000000,0.1745551215
559049.2100242469,-0.0883483887,0.0068664551,9.7816467288,-0.0008897569,-0.0000325521,0.1745768229
559049.2200242470,-0.0878906250,0.0018310547,9.7814941409,-0.0020073785,0.0000217014,0.1745551215
559049.2300242470,-0.0885009766,0.0108337402,9.7814941409,-0.0010633681,-0.0000108507,0.1745551215
559049.2400242470,-0.0878906250,0.0010681152,9.7813415531,-0.0018120660,-0.0000000000,0.1745876736
559049.2500242470,-0.0874328613,0.0091552734,9.7817993167,-0.0013237847,-0.0000108507,0.1745876736
559049.2600242470,-0.0878906250,0.0016784668,9.7813415531,-0.0013888889,-0.0000000000,0.1745551215
559049.2700242470,-0.0889587402,0.0068664551,9.7814941409,-0.0017361111,-0.0000000000,0.1746310764
559049.2800242470,-0.0871276855,0.0056457520,9.7819519046,-0.0010525174,-0.0000000000,0.1746419271
559049.2900242470,-0.0877380371,0.0036621094,9.7811889652,-0.0020724826,-0.0000108507,0.1746527778
559049.3000242470,-0.0891113281,0.0080871582,9.7816467288,-0.0008789062,-0.0000325521,0.1746527778
559049.3100242470,-0.0894165039,0.0019836426,9.7821044925,-0.0019748264,-0.0000000000,0.1746636285
559049.3200242470,-0.0874328613,0.0109863281,9.7807312015,-0.0011176215,-0.0000000000,0.1746419271
559049.3300242471,-0.0865173340,0.0009155273,9.7813415531,-0.0016384549,-0.0000108507,0.1746310764
559049.3400242470,-0.0878906250,0.0079345703,9.7813415531,-0.0014865451,0.0000108507,0.1745985243
559049.3500242470,-0.0878906250,0.0038146973,9.7813415531,-0.0012369792,-0.0000000000,0.1745985243
559049.3600242470,-0.0892639160,0.0077819824,9.7816467288,-0.0019422743,-0.0000000000,0.1745876736
559049.3700242470,-0.0862121582,0.0068664551,9.7816467288,-0.0009331597,-0.0000000000,0.1746093750
559049.3800242470,-0.0871276855,0.0003051758,9.7810363773,-0.0020724826,0.0000108507,0.1745985243
559049.3900242470,-0.0881958008,0.0099182129,9.7813415531,-0.0009223090,-0.0000108507,0.1746527778
559049.4000242470,-0.0883483887,0.0019836426,9.7811889652,-0.0018229167,0.0000108507,0.1746419271
559049.4100242470,-0.0880432129,0.0091552734,9.7813415531,-0.0013888889,-0.0000108507,0.1746527778
559049.4200242470,-0.0872802734,0.0012207031,9.7810363773,-0.0014539931,-0.0000000000,0.1745876736
559049.4300242470,-0.0877380371,0.0071716309,9.7817993167,-0.0017252604,-0.0000000000,0.1745985243
559049.4400242470,-0.0878906250,0.0056457520,9.7814941409,-0.0010959201,-0.0000000000,0.1746202257
559049.4500242471,-0.0888061523,0.0051879883,9.7807312015,-0.0019965278,-0.0000000000,0.1746202257
559049.4600242469,-0.0869750977,0.0062561035,9.7808837894,-0.0009548611,-0.0000108507,0.1746202257
559049.4700242470,-0.0869750977,0.0007629395,9.7810363773,-0.0019748264,0.0000108507,0.1746093750
559049.4800242470,-0.0888061523,0.0105285645,9.7811889652,-0.0010308160,-0.0000000000,0.1746093750
559049.4900242470,-0.0891113281,0.0030517578,9.7816467288,-0.0018771701,-0.0000000000,0.1745985243
559049.5000242470,-0.0871276855,0.0082397461,9.7814941409,-0.0012803819,-0.0000000000,0.1745985243
559049.5100242470,-0.0868225098,-0.0001525879,9.7821044925,-0.0015625000,-0.0000000000,0.1746310764
559049.5200242470,-0.0881958008,0.0099182129,9.7817993167,-0.0014756944,-0.0000000000,0.1745876736
559049.5300242470,-0.0885009766,0.0051879883,9.7805786136,-0.0012912326,-0.0000217014,0.1746202257
559049.5400242470,-0.0880432129,0.0056457520,9.7817993167,-0.0018446181,0.0000217014,0.1746527778
559049.5500242470,-0.0875854492,0.0039672852,9.7808837894,-0.0010199653,-0.0000000000,0.1746636285
559049.5600242480,-0.0881958008,0.0042724609,9.7816467288,-0.0020073785,-0.0000000000,0.1746419271
559049.5700242480,-0.0883483887,0.0103759766,9.7819519046,-0.0009440104,-0.0000000000,0.1746527778
559049.5800242480,-0.0883483887,0.0009155273,9.7821044925,-0.0019856771,0.0000217014,0.1745876736
559049.5900242480,-0.0875854492,0.0077819824,9.7810363773,-0.0010742187,-0.0000108507,0.1745985243
559049.6000242480,-0.0868225098,0.0019836426,9.7821044925,-0.0016276042,0.0000108507,0.1746093750
559049.6100242480,-0.0865173340,0.0096130371,9.7814941409,-0.0015625000,0.0000108507,0.1746093750
559049.6200242480,-0.0885009766,0.0039672852,9.7814941409,-0.0012478299,-0.0000108507,0.1745876736
559049.6300242480,-0.0900268555,0.0047302246,9.7804260257,-0.0019314236,0.0000108507,0.1746093750
559049.6400242480,-0.0874328613,0.0068664551,9.7813415531,-0.0009331597,-0.0000000000,0.1746202257
559049.6500242481,-0.0865173340,0.0027465820,9.7811889652,-0.0020290799,-0.0000000000,0.1746202257
559049.6600242479,-0.0877380371,0.0094604492,9.7814941409,-0.0009548611,-0.0000000000,0.1746310764
559049.6700242480,-0.0891113281,0.0001525879,9.7816467288,-0.0018554687,0.0000217014,0.1745876736
559049.6800242480,-0.0878906250,0.0091552734,9.7814941409,-0.0012261285,-0.0000000000,0.1746636285
559049.6900242480,-0.0869750977,0.0030517578,9.7817993167,-0.0015516493,-0.0000000000,0.1746527778
559049.7000242480,-0.0878906250,0.0096130371,9.7814941409,-0.0016493056,0.0000108507,0.1746310764
559049.7100242480,-0.0880432129,0.0042724609,9.7828674320,-0.0011610243,-0.0000108507,0.1745985243
559049.7200242480,-0.0874328613,0.0041198730,9.7817993167,-0.0019205729,0.0000108507,0.1745768229
559049.7300242480,-0.0869750977,0.0088500977,9.7808837894,-0.0009006076,-0.0000000000,0.1746202257
559049.7400242480,-0.0878906250,0.0028991699,9.7801208499,-0.0020724826,-0.0000000000,0.1745768229
559049.7500242480,-0.0888061523,0.0080871582,9.7814941409,-0.0010091146,-0.0000108507,0.1745551215
559049.7600242480,-0.0878906250,0.0001525879,9.7813415531,-0.0018337674,0.0000108507,0.1746093750
559049.7700242480,-0.0874328613,0.0099182129,9.7816467288,-0.0013020833,-0.0000108507,0.1746419271
559049.7800242479,-0.0881958008,0.0030517578,9.7817993167,-0.0014865451,0.0000108507,0.1746527778
559049.7900242480,-0.0880432129,0.0077819824,9.7810363773,-0.0016818576,-0.0000000000,0.1744574653
559049.8000242480,-0.0880432129,0.0032043457,9.7814941409,-0.0011176215,-0.0000108507,0.1744791667
559049.8100242480,-0.0877380371,0.0045776367,9.7831726077,-0.0019314236,0.0000217014,0.1745551215
559049.8200242480,-0.0868225098,0.0080871582,9.7819519046,-0.0009657118,-0.0000000000,0.1746527778
559049.8300242480,-0.0880432129,0.0033569336,9.7796630863,-0.0020833333,-0.0000000000,0.1746419271
559049.8400242480,-0.0885009766,0.0088500977,9.7801208499,-0.0009331597,-0.0000000000,0.1746744792
559049.8500242480,-0.0872802734,-0.0001525879,9.7805786136,-0.0018771701,0.0000217014,0.1746636285
559049.8600242480,-0.0863647461,0.0106811523,9.7804260257,-0.0012695312,0.0000108507,0.1746636285
559049.8700242480,-0.0872802734,0.0038146973,9.7824096683,-0.0014214410,0.0000108507,0.1746636285
559049.8800242480,-0.0877380371,0.0076293945,9.7840881351,-0.0018554687,-0.0000000000,0.1746419271
559049.8900242480,-0.0883483887,0.0047302246,9.7813415531,-0.0009874132,-0.0000108507,0.1746419271
559049.9000242481,-0.0881958008,0.0038146973,9.7807312015,-0.0020616319,0.0000542535,0.1746636285
559049.9100242479,-0.0872802734,0.0102233887,9.7795104984,-0.0009006076,-0.0000000000,0.1746093750
559049.9200242480,-0.0878906250,0.0007629395,9.7799682620,-0.0019856771,-0.0000000000,0.1746202257
559049.9300242480,-0.0885009766,0.0093078613,9.7810363773,-0.0011067708,-0.0000000000,0.1745985243
559049.9400242480,-0.0868225098,0.0021362305,9.7819519046,-0.0016493056,0.0000108507,0.1745985243
559049.9500242480,-0.0883483887,0.0099182129,9.7816467288,-0.0014973958,-0.0000000000,0.1746093750
559049.9600242480,-0.0889587402,0.0030517578,9.7822570804,-0.0013020833,-0.0000000000,0.1745985243
559049.9700242480,-0.0886535645,0.0061035156,9.7821044925,-0.0018771701,-0.0000000000,0.1746093750
559049.9800242480,-0.0874328613,0.0057983398,9.7819519046,-0.0009548611,-0.0000000000,0.1746202257
559049.9900242480,-0.0877380371,0.0027465820,9.7801208499,-0.0020290799,-0.0000000000,0.1745876736
559050.0000242480,-0.0874328613,0.0097656250,9.7802734378,-0.0009006076,-0.0000000000,0.1746419271
559050.0100242480,-0.0883483887,0.0012207031,9.7817993167,-0.0019639757,-0.0000000000,0.1749348958
559050.0200242480,-0.0862121582,0.0105285645,9.7822570804,-0.0012152778,-0.0000000000,0.1746310764
559050.0300242479,-0.0875854492,0.0019836426,9.7822570804,-0.0015625000,0.0000325521,0.1745985243
559050.0400242480,-0.0888061523,0.0082397461,9.7821044925,-0.0016276042,0.0000217014,0.1746310764
559050.0500242480,-0.0886535645,0.0051879883,9.7810363773,-0.0011284722,-0.0000108507,0.1745876736
559050.0600242480,-0.0875854492,0.0054931641,9.7814941409,-0.0019314236,0.0000108507,0.1745985243
559050.0700242480,-0.0868225098,0.0062561035,9.7814941409,-0.0009548611,-0.0000325521,0.1746419271
559050.0800242480,-0.0883483887,0.0021362305,9.7813415531,-0.0020507812,0.0000217014,0.1746527778
559050.0900242480,-0.0885009766,0.0100708008,9.7808837894,-0.0009765625,-0.0000000000,0.1746093750
559050.1000242480,-0.0868225098,0.0018310547,9.7813415531,-0.0019097222,0.0000108507,0.1746202257
559050.1100242480,-0.0871276855,0.0091552734,9.7808837894,-0.0012369792,-0.0000000000,0.1746419271
559050.1200242480,-0.0880432129,0.0015258789,9.7819519046,-0.0014648437,-0.0000000000,0.1746853299
559050.1300242480,-0.0880432129,0.0080871582,9.7822570804,-0.0017144097,0.0000108507,0.1746853299
559050.1400242480,-0.0866699219,0.0053405762,9.7813415531,-0.0010742187,-0.0000000000,0.1746310764
559050.1500242481,-0.0880432129,0.0044250488,9.7816467288,-0.0020073785,0.0000108507,0.1745985243
559050.1600242479,-0.0885009766,0.0076293945,9.7810363773,-0.0009548611,-0.0000000000,0.1746636285
559050.1700242480,-0.0881958008,0.0022888184,9.7813415531,-0.0020182292,0.0000325521,0.1746636285
559050.1800242480,-0.0883483887,0.0103759766,9.7811889652,-0.0010091146,-0.0000000000,0.1746744792
559050.1900242480,-0.0869750977,0.0010681152,9.7817993167,-0.0017903646,-0.0000108507,0.1746527778
559050.2000242480,-0.0878906250,0.0099182129,9.7821044925,-0.0013671875,0.0000217014,0.1746310764
559050.2100242480,-0.0886535645,0.0028991699,9.7811889652,-0.0013671875,-0.0000000000,0.1746310764
559050.2200242480,-0.0877380371,0.0074768066,9.7817993167,-0.0018446181,0.0000108507,0.1745985243
559050.2300242480,-0.0854492188,0.0054931641,9.7814941409,-0.0009765625,-0.0000000000,0.1746202257
559050.2400242480,-0.0872802734,0.0033569336,9.7817993167,-0.0020507812,0.0000108507,0.1746202257
559050.2500242480,-0.0892639160,0.0099182129,9.7811889652,-0.0009331597,-0.0000000000,0.1746202257
559050.2600242480,-0.0877380371,0.0018310547,9.7813415531,-0.0019422743,0.0000217014,0.1746202257
559050.2700242480,-0.0863647461,0.0094604492,9.7813415531,-0.0011284722,-0.0000000000,0.1746202257
559050.2800242479,-0.0874328613,0.0018310547,9.7814941409,-0.0016601562,0.0000108507,0.1746093750
559050.2900242480,-0.0895690918,0.0103759766,9.7822570804,-0.0014973958,-0.0000000000,0.1746310764
559050.3000242480,-0.0888061523,0.0024414063,9.7811889652,-0.0013671875,-0.0000000000,0.1746202257
559050.3100242480,-0.0857543945,0.0056457520,9.7805786136,-0.0017578125,-0.0000000000,0.1746093750
559050.3200242480,-0.0862121582,0.0062561035,9.7811889652,-0.0010416667,0.0000325521,0.1746310764
559050.3300242480,-0.0889587402,0.0056457520,9.7814941409,-0.0019856771,0.0000108507,0.1746093750
559050.3400242480,-0.0903320313,0.0082397461,9.7813415531,-0.0009548611,-0.0000108507,0.1746636285
559050.3500242480,-0.0865173340,0.0003051758,9.7817993167,-0.0020290799,0.0000217014,0.1746527778
559050.3600242480,-0.0865173340,0.0099182129,9.7813415531,-0.0010416667,-0.0000000000,0.1746310764
559050.3700242480,-0.0878906250,0.0027465820,9.7807312015,-0.0017686632,0.0000325521,0.1746310764
559050.3800242480,-0.0886535645,0.0103759766,9.7819519046,-0.0013997396,-0.0000000000,0.1746744792
559050.3900242480,-0.0878906250,0.0018310547,9.7816467288,-0.0013237847,-0.0000000000,0.1746744792
559050.4000242481,-0.0863647461,0.0064086914,9.7814941409,-0.0017686632,0.0000108507,0.1746853299
559050.4100242479,-0.0859069824,0.0071716309,9.7805786136,-0.0010199653,-0.0000000000,0.1746310764
559050.4200242480,-0.0886535645,0.0036621094,9.7813415531,-0.0020724826,0.0000108507,0.1746419271
559050.4300242480,-0.0889587402,0.0085449219,9.7819519046,-0.0009006076,-0.0000325521,0.1746419271
559050.4400242480,-0.0869750977,0.0016784668,9.7817993167,-0.0019856771,0.0000108507,0.1746419271
559050.4500242480,-0.0851440430,0.0103759766,9.7814941409,-0.0011501736,0.0000108507,0.1746310764
559050.4600242480,-0.0875854492,0.0028991699,9.7816467288,-0.0015516493,0.0000108507,0.1743164062
559050.4700242480,-0.0897216797,0.0096130371,9.7811889652,-0.0015842014,-0.0000000000,0.1734266493
559050.4800242480,-0.0856018066,0.0051879883,9.7814941409,-0.0011501736,-0.0000000000,0.1723849826
559050.4900242480,-0.0843811035,0.0074768066,9.7813415531,-0.0019531250,0.0000217014,0.1710720486
559050.5000242480,-0.0872802734,0.0088500977,9.7813415531,-0.0009114583,-0.0000000000,0.1696831597
559050.5100242480,-0.0889587402,0.0022888184,9.7813415531,-0.0019856771,0.0000434028,0.1687608507
559050.5200242480,-0.0862121582,0.0115966797,9.7817993167,-0.0009114583,-0.0000108507,0.1677951389
559050.5300242479,-0.0857543945,0.0025939941,9.7810363773,-0.0017686632,0.0000217014,0.1668728299
559050.5400242480,-0.0874328613,0.0103759766,9.7805786136,-0.0012803819,0.0000108507,0.1663302951
559050.5500242480,-0.0886535645,0.0033569336,9.7816467288,-0.0013237847,-0.0000000000,0.1654405382
559050.5600242480,-0.0895690918,0.0086975098,9.7814941409,-0.0017578125,0.0000108507,0.1644748264
559050.5700242480,-0.0860595703,0.0074768066,9.7816467288,-0.0009006076,-0.0000000000,0.1635742187
559050.5800242480,-0.0866699219,0.0045776367,9.7816467288,-0.0019422743,0.0000217014,0.1625976562
559050.5900242480,-0.0871276855,0.0090026855,9.7814941409,-0.0008138021,0.0000108507,0.1619574653
559050.6000242480,-0.0877380371,0.0030517578,9.7810363773,-0.0017903646,0.0000108507,0.1611653646
559050.6100242480,-0.0865173340,0.0115966797,9.7813415531,-0.0010633681,-0.0000108507,0.1601453993
559050.6200242480,-0.0872802734,0.0019836426,9.7807312015,-0.0015516493,0.0000108507,0.1594292535
559050.6300242490,-0.0868225098,0.0096130371,9.7813415531,-0.0013780382,-0.0000000000,0.1582790799
559050.6400242490,-0.0878906250,0.0042724609,9.7814941409,-0.0011393229,-0.0000000000,0.1573350694
559050.6500242490,-0.0878906250,0.0074768066,9.7813415531,-0.0017035590,0.0000217014,0.1570421007
559050.6600242490,-0.0865173340,0.0073242188,9.7814941409,-0.0008138021,-0.0000000000,0.1563476562
559050.6700242490,-0.0866699219,0.0039672852,9.7814941409,-0.0019097222,0.0000108507,0.1553276910
559050.6800242490,-0.0878906250,0.0108337402,9.7816467288,-0.0007703993,0.0000108507,0.1544596354
559050.6900242490,-0.0883483887,0.0036621094,9.7814941409,-0.0017686632,0.0000217014,0.1530924479
559050.7000242490,-0.0865173340,0.0102233887,9.7813415531,-0.0010525174,-0.0000000000,0.1521809896
559050.7100242490,-0.0857543945,0.0018310547,9.7810363773,-0.0013346354,0.0000108507,0.1515950521
559050.7200242491,-0.0874328613,0.0100708008,9.7817993167,-0.0013997396,0.0000108507,0.1506184896
559050.7300242489,-0.0886535645,0.0065612793,9.7808837894,-0.0009765625,-0.0000000000,0.1498697917
559050.7400242490,-0.0863647461,0.0056457520,9.7813415531,-0.0017795139,0.0000325521,0.1490559896
559050.7500242490,-0.0859069824,0.0064086914,9.7824096683,-0.0006944444,-0.0000108507,0.1480685764
559050.7600242490,-0.0883483887,0.0039672852,9.7813415531,-0.0018337674,0.0000325521,0.1472981771
559050.7700242490,-0.0869750977,0.0122070313,9.7821044925,-0.0007486979,-0.0000000000,0.1462673611
559050.7800242490,-0.0868225098,0.0024414063,9.7816467288,-0.0016601562,0.0000217014,0.1452039930
559050.7900242490,-0.0878906250,0.0091552734,9.7810363773,-0.0009765625,-0.0000108507,0.1446831597
559050.8000242490,-0.0877380371,0.0018310547,9.7814941409,-0.0012369792,0.0000217014,0.1438259549
559050.8100242490,-0.0877380371,0.0114440918,9.7816467288,-0.0013346354,0.0000217014,0.1428059896
559050.8200242490,-0.0869750977,0.0057983398,9.7811889652,-0.0009657118,0.0000108507,0.1420138889
559050.8300242490,-0.0868225098,0.0057983398,9.7817993167,-0.0016059028,0.0000108507,0.1410047743
559050.8400242490,-0.0878906250,0.0070190430,9.7816467288,-0.0007161458,0.0000108507,0.1402994792
559050.8500242491,-0.0885009766,0.0050354004,9.7819519046,-0.0016818576,0.0000108507,0.1395507812
559050.8600242489,-0.0862121582,0.0100708008,9.7811889652,-0.0006944444,-0.0000108507,0.1384657118
559050.8700242490,-0.0865173340,0.0032043457,9.7813415531,-0.0016167535,0.0000434028,0.1375976562
559050.8800242490,-0.0875854492,0.0099182129,9.7810363773,-0.0008463542,-0.0000000000,0.1366427951
559050.8900242490,-0.0875854492,0.0035095215,9.7814941409,-0.0013563368,0.0000108507,0.1356987847
559050.9000242490,-0.0874328613,0.0102233887,9.7814941409,-0.0012261285,-0.0000000000,0.1353298611
559050.9100242490,-0.0868225098,0.0033569336,9.7814941409,-0.0009331597,-0.0000000000,0.1343315972
559050.9200242490,-0.0872802734,0.0056457520,9.7814941409,-0.0015190972,0.0000325521,0.1332790799
559050.9300242490,-0.0881958008,0.0093078613,9.7814941409,-0.0005967882,-0.0000108507,0.1322482639
559050.9400242490,-0.0860595703,0.0053405762,9.7813415531,-0.0017035590,0.0000108507,0.1309678819
559050.9500242490,-0.0872802734,0.0090026855,9.7811889652,-0.0006076389,0.0000108507,0.1305447049
559050.9600242490,-0.0885009766,0.0007629395,9.7813415531,-0.0015516493,0.0000217014,0.1301323785
559050.9700242491,-0.0891113281,0.0111389160,9.7816467288,-0.0008355035,-0.0000108507,0.1292209201
559050.9800242489,-0.0862121582,0.0041198730,9.7816467288,-0.0011827257,0.0000108507,0.1284722222
559050.9900242490,-0.0865173340,0.0093078613,9.7816467288,-0.0012261285,0.0000108507,0.1274088542
559051.0000242490,-0.0872802734,0.0035095215,9.7810363773,-0.0007269965,-0.0000108507,0.1261176215
559051.0100242490,-0.0894165039,0.0059509277,9.7813415531,-0.0015842014,0.0000434028,0.1256618924
559051.0200242490,-0.0871276855,0.0100708008,9.7814941409,-0.0004774306,-0.0000108507,0.1245985243
559051.0300242490,-0.0859069824,0.0025939941,9.7814941409,-0.0016927083,0.0000217014,0.1236002604
559051.0400242490,-0.0878906250,0.0102233887,9.7821044925,-0.0006184896,-0.0000000000,0.1229817708
559051.0500242490,-0.0877380371,0.0028991699,9.7819519046,-0.0012912326,-0.0000000000,0.1219835069
559051.0600242490,-0.0877380371,0.0105285645,9.7817993167,-0.0009982639,-0.0000217014,0.1210720486
559051.0700242490,-0.0866699219,0.0044250488,9.7810363773,-0.0008572049,0.0000217014,0.1202473958
559051.0800242490,-0.0860595703,0.0083923340,9.7819519046,-0.0013888889,0.0000325521,0.1192491319
559051.0900242490,-0.0883483887,0.0070190430,9.7808837894,-0.0006076389,-0.0000000000,0.1184678819
559051.1000242491,-0.0877380371,0.0044250488,9.7814941409,-0.0015516493,0.0000325521,0.1177734375
559051.1100242489,-0.0866699219,0.0093078613,9.7808837894,-0.0004557292,-0.0000108507,0.1168511285
559051.1200242490,-0.0868225098,0.0030517578,9.7814941409,-0.0015082465,0.0000217014,0.1159179687
559051.1300242490,-0.0875854492,0.0109863281,9.7817993167,-0.0005750868,-0.0000000000,0.1149197049
559051.1400242490,-0.0875854492,0.0030517578,9.7813415531,-0.0012478299,-0.0000000000,0.1138780382
559051.1500242490,-0.0871276855,0.0105285645,9.7814941409,-0.0009223090,-0.0000000000,0.1132703993
559051.1600242490,-0.0872802734,0.0032043457,9.7817993167,-0.0008246528,-0.0000000000,0.1123263889
559051.1700242490,-0.0880432129,0.0076293945,9.7808837894,-0.0013671875,-0.0000000000,0.1114583333
559051.1800242490,-0.0875854492,0.0070190430,9.7816467288,-0.0003906250,-0.0000108507,0.1108832465
559051.1900242490,-0.0875854492,0.0047302246,9.7811889652,-0.0015407986,0.0000434028,0.1097656250
559051.2000242490,-0.0878906250,0.0102233887,9.7822570804,-0.0004123264,-0.0000000000,0.1089843750
559051.2100242490,-0.0881958008,0.0013732910,9.7817993167,-0.0013563368,-0.0000000000,0.1082031250
559051.2200242491,-0.0878906250,0.0114440918,9.7817993167,-0.0007161458,-0.0000000000,0.1070203993
559051.2300242489,-0.0880432129,0.0036621094,9.7814941409,-0.0009440104,0.0000108507,0.1064127604
559051.2400242490,-0.0871276855,0.0090026855,9.7816467288,-0.0011827257,0.0000108507,0.1052842882
559051.2500242490,-0.0872802734,0.0054931641,9.7810363773,-0.0004340278,-0.0000000000,0.1043294271
559051.2600242490,-0.0878906250,0.0039672852,9.7813415531,-0.0014648437,0.0000325521,0.1038519965
559051.2700242490,-0.0874328613,0.0105285645,9.7813415531,-0.0003255208,-0.0000217014,0.1030707465
559051.2800242490,-0.0869750977,0.0021362305,9.7810363773,-0.0013780382,0.0000434028,0.1021267361
559051.2900242490,-0.0880432129,0.0105285645,9.7814941409,-0.0005533854,-0.0000108507,0.1012586806
559051.3000242490,-0.0874328613,0.0036621094,9.7816467288,-0.0010091146,-0.0000000000,0.0998914931
559051.3100242490,-0.0877380371,0.0102233887,9.7822570804,-0.0009657118,-0.0000000000,0.0989800347
559051.3200242490,-0.0877380371,0.0044250488,9.7816467288,-0.0005316840,-0.0000000000,0.0983940972
559051.3300242490,-0.0875854492,0.0051879883,9.7813415531,-0.0012912326,0.0000217014,0.0975043403
559051.3400242490,-0.0883483887,0.0086975098,9.7814941409,-0.0003146701,0.0000108507,0.0968532986
559051.3500242491,-0.0874328613,0.0041198730,9.7810363773,-0.0014214410,0.0000325521,0.0960611979
559051.3600242489,-0.0866699219,0.0100708008,9.7816467288,-0.0003255208,-0.0000217014,0.0949544271
559051.3700242490,-0.0880432129,0.0016784668,9.7814941409,-0.0012369792,0.0000108507,0.0941297743
559051.3800242490,-0.0881958008,0.0115966797,9.7821044925,-0.0006076389,-0.0000000000,0.0931206597
559051.3900242490,-0.0871276855,0.0032043457,9.7822570804,-0.0008029514,-0.0000000000,0.0921657986
559051.4000242490,-0.0871276855,0.0079345703,9.7816467288,-0.0010091146,0.0000217014,0.0916341146
559051.4100242490,-0.0869750977,0.0053405762,9.7804260257,-0.0004123264,0.0000108507,0.0906141493
559051.4200242490,-0.0878906250,0.0062561035,9.7813415531,-0.0012695312,0.0000325521,0.0895724826
559051.4300242490,-0.0878906250,0.0091552734,9.7808837894,-0.0002821181,-0.0000217014,0.0888780382
559051.4400242490,-0.0872802734,0.0024414063,9.7814941409,-0.0013346354,0.0000325521,0.0878797743
559051.4500242490,-0.0877380371,0.0091552734,9.7821044925,-0.0002604167,-0.0000000000,0.0871636285
559051.4600242490,-0.0878906250,0.0025939941,9.7822570804,-0.0011176215,-0.0000108507,0.0863932292
559051.4700242491,-0.0878906250,0.0119018555,9.7814941409,-0.0006076389,0.0000108507,0.0852973090
559051.4800242489,-0.0886535645,0.0018310547,9.7810363773,-0.0007703993,0.0000108507,0.0844618056
559051.4900242490,-0.0878906250,0.0073242188,9.7814941409,-0.0008897569,-0.0000217014,0.0835611979
559051.5000242490,-0.0871276855,0.0057983398,9.7814941409,-0.0004557292,0.0000217014,0.0826497396
559051.5100242490,-0.0886535645,0.0070190430,9.7814941409,-0.0011067708,0.0000108507,0.0821940104
559051.5200242490,-0.0868225098,0.0074768066,9.7816467288,-0.0002387153,-0.0000000000,0.0812174479
559051.5300242490,-0.0872802734,0.0036621094,9.7819519046,-0.0012695312,0.0000325521,0.0801540799
559051.5400242490,-0.0868225098,0.0094604492,9.7816467288,-0.0001627604,-0.0000000000,0.0793077257
559051.5500242490,-0.0875854492,0.0041198730,9.7811889652,-0.0011393229,0.0000108507,0.0779622396
559051.5600242490,-0.0878906250,0.0100708008,9.7810363773,-0.0004123264,-0.0000000000,0.0773220486
559051.5700242490,-0.0872802734,0.0022888184,9.7810363773,-0.0008138021,-0.0000000000,0.0767795139
559051.5800242490,-0.0875854492,0.0102233887,9.7817993167,-0.0006835937,-0.0000000000,0.0758246528
559051.5900242490,-0.0880432129,0.0041198730,9.7811889652,-0.0004665799,-0.0000000000,0.0750759549
559051.6000242491,-0.0874328613,0.0071716309,9.7810363773,-0.0010199653,0.0000217014,0.0741319444
559051.6100242489,-0.0871276855,0.0077819824,9.7816467288,-0.0001410590,-0.0000217014,0.0730577257
559051.6200242490,-0.0880432129,0.0030517578,9.7816467288,-0.0012478299,0.0000325521,0.0723198785
559051.6300242490,-0.0877380371,0.0100708008,9.7816467288,-0.0000976562,-0.0000000000,0.0713867187
559051.6400242490,-0.0883483887,0.0027465820,9.7811889652,-0.0010850694,0.0000108507,0.0703667535
559051.6500242490,-0.0880432129,0.0099182129,9.7810363773,-0.0003363715,-0.0000000000,0.0697048611
559051.6600242490,-0.0866699219,0.0021362305,9.7811889652,-0.0007269965,0.0000108507,0.0687391493
559051.6700242490,-0.0869750977,0.0097656250,9.7816467288,-0.0006618924,0.0000108507,0.0678927951
559051.6800242490,-0.0885009766,0.0045776367,9.7811889652,-0.0003906250,-0.0000000000,0.0671657986
559051.6900242490,-0.0885009766,0.0071716309,9.7814941409,-0.0009657118,-0.0000000000,0.0661566840
559051.7000242490,-0.0875854492,0.0068664551,9.7813415531,-0.0001519097,-0.0000000000,0.0653428819
559051.7100242500,-0.0877380371,0.0042724609,9.7813415531,-0.0010959201,-0.0000000000,0.0644422743
559051.7200242500,-0.0880432129,0.0099182129,9.7814941409,-0.0000325521,-0.0000217014,0.0633138021
559051.7300242500,-0.0892639160,0.0028991699,9.7816467288,-0.0010525174,0.0000325521,0.0625325521
559051.7400242500,-0.0872802734,0.0097656250,9.7816467288,-0.0001736111,-0.0000217014,0.0617947049
559051.7500242500,-0.0865173340,0.0018310547,9.7811889652,-0.0007921007,0.0000325521,0.0609375000
559051.7600242500,-0.0880432129,0.0103759766,9.7819519046,-0.0005208333,0.0000217014,0.0602647569
559051.7700242500,-0.0883483887,0.0045776367,9.7817993167,-0.0003797743,-0.0000325521,0.0591796875
559051.7800242500,-0.0885009766,0.0074768066,9.7816467288,-0.0008897569,0.0000108507,0.0581705729
559051.7900242500,-0.0862121582,0.0068664551,9.7817993167,-0.0000325521,-0.0000000000,0.0574435764
559051.8000242501,-0.0878906250,0.0044250488,9.7813415531,-0.0010308160,0.0000108507,0.0564778646
559051.8100242499,-0.0886535645,0.0086975098,9.7811889652,-0.0000217014,-0.0000217014,0.0557508681
559051.8200242500,-0.0875854492,0.0028991699,9.7814941409,-0.0009765625,0.0000325521,0.0549479167
559051.8300242500,-0.0863647461,0.0108337402,9.7810363773,-0.0001302083,-0.0000000000,0.0539062500
559051.8400242500,-0.0872802734,0.0009155273,9.7814941409,-0.0006727431,0.0000108507,0.0533203125
559051.8500242500,-0.0869750977,0.0106811523,9.7821044925,-0.0004557292,-0.0000000000,0.0522677951
559051.8600242500,-0.0869750977,0.0035095215,9.7813415531,-0.0003038194,-0.0000108507,0.0513237847
559051.8700242500,-0.0874328613,0.0076293945,9.7813415531,-0.0007703993,-0.0000000000,0.0504123264
559051.8800242500,-0.0883483887,0.0067138672,9.7819519046,-0.0000868056,0.0000108507,0.0494032118
559051.8900242500,-0.0880432129,0.0036621094,9.7811889652,-0.0009331597,-0.0000000000,0.0484809028
559051.9000242500,-0.0878906250,0.0088500977,9.7810363773,0.0000434028,-0.0000325521,0.0479383681
559051.9100242500,-0.0874328613,0.0041198730,9.7816467288,-0.0009548611,0.0000217014,0.0467447917
559051.9200242501,-0.0880432129,0.0093078613,9.7811889652,0.0000000000,-0.0000000000,0.0460503472
559051.9300242499,-0.0878906250,0.0016784668,9.7817993167,-0.0007161458,-0.0000000000,0.0455078125
559051.9400242500,-0.0871276855,0.0094604492,9.7819519046,-0.0003255208,-0.0000000000,0.0444661458
559051.9500242500,-0.0863647461,0.0033569336,9.7813415531,-0.0003146701,-0.0000000000,0.0435221354
559051.9600242500,-0.0880432129,0.0097656250,9.7813415531,-0.0007269965,-0.0000000000,0.0426215278
559051.9700242500,-0.0883483887,0.0065612793,9.7807312015,-0.0000108507,-0.0000000000,0.0415147569
559051.9800242500,-0.0874328613,0.0036621094,9.7808837894,-0.0008355035,0.0000325521,0.0408745660
559051.9900242500,-0.0877380371,0.0091552734,9.7810363773,0.0001519097,-0.0000434028,0.0400282118
559052.0000242500,-0.0868225098,0.0038146973,9.7819519046,-0.0009006076,0.0000434028,0.0390625000
559052.0100242500,-0.0888061523,0.0099182129,9.7814941409,0.0000542535,-0.0000108507,0.0384440104
559052.0200242500,-0.0880432129,0.0015258789,9.7816467288,-0.0006618924,-0.0000217014,0.0374782986
559052.0300242500,-0.0872802734,0.0106811523,9.7821044925,-0.0002387153,0.0000217014,0.0364908854
559052.0400242500,-0.0885009766,0.0028991699,9.7810363773,-0.0003146701,-0.0000000000,0.0356662326
559052.0500242501,-0.0885009766,0.0082397461,9.7813415531,-0.0005533854,0.0000108507,0.0345920139
559052.0600242499,-0.0880432129,0.0056457520,9.7817993167,0.0000651042,-0.0000000000,0.0338216146
559052.0700242500,-0.0872802734,0.0051879883,9.7813415531,-0.0008680556,0.0000434028,0.0330186632
559052.0800242500,-0.0871276855,0.0083923340,9.7810363773,0.0002278646,-0.0000325521,0.0319335937
559052.0900242500,-0.0892639160,0.0033569336,9.7816467288,-0.0008572049,0.0000434028,0.0311848958
559052.1000242500,-0.0886535645,0.0102233887,9.7814941409,0.0000868056,-0.0000108507,0.0305230035
559052.1100242500,-0.0877380371,0.0024414063,9.7816467288,-0.0004991319,-0.0000000000,0.0295247396
559052.1200242500,-0.0881958008,0.0094604492,9.7816467288,-0.0003038194,0.0000217014,0.0289388021
559052.1300242500,-0.0875854492,0.0048828125,9.7816467288,0.0000000000,-0.0000000000,0.0279079861
559052.1400242500,-0.0881958008,0.0067138672,9.7816467288,-0.0007812500,-0.0000108507,0.0268229167
559052.1500242500,-0.0878906250,0.0080871582,9.7808837894,0.0003363715,-0.0000000000,0.0259548611
559052.1600242500,-0.0866699219,0.0025939941,9.7817993167,-0.0008680556,0.0000217014,0.0245876736
559052.1700242501,-0.0894165039,0.0106811523,9.7813415531,0.0001736111,-0.0000000000,0.0241102431
559052.1800242499,-0.0888061523,0.0007629395,9.7811889652,-0.0005533854,0.0000217014,0.0237413194
559052.1900242500,-0.0878906250,0.0102233887,9.7810363773,-0.0000868056,-0.0000000000,0.0228732639
559052.2000242500,-0.0880432129,0.0041198730,9.7813415531,-0.0002061632,0.0000108507,0.0220052083
559052.2100242500,-0.0885009766,0.0097656250,9.7813415531,-0.0004665799,-0.0000000000,0.0208550347
559052.2200242500,-0.0869750977,0.0044250488,9.7817993167,0.0001410590,-0.0000000000,0.0195963542
559052.2300242500,-0.0880432129,0.0051879883,9.7811889652,-0.0007269965,-0.0000108507,0.0189019097
559052.2400242500,-0.0872802734,0.0099182129,9.7810363773,0.0003255208,-0.0000000000,0.0180664062
559052.2500242500,-0.0875854492,0.0038146973,9.7816467288,-0.0007486979,0.0000217014,0.0171549479
559052.2600242500,-0.0891113281,0.0090026855,9.7814941409,0.0002712674,-0.0000217014,0.0165256076
559052.2700242500,-0.0877380371,0.0015258789,9.7811889652,-0.0004882812,0.0000217014,0.0155273437
559052.2800242500,-0.0868225098,0.0117492676,9.7814941409,-0.0000868056,-0.0000108507,0.0146592882
559052.2900242500,-0.0881958008,0.0033569336,9.7805786136,-0.0000542535,-0.0000000000,0.0138780382
559052.3000242501,-0.0883483887,0.0070190430,9.7819519046,-0.0005859375,-0.0000000000,0.0128472222
559052.3100242499,-0.0880432129,0.0062561035,9.7813415531,0.0003906250,-0.0000000000,0.0120659722
559052.3200242500,-0.0874328613,0.0042724609,9.7816467288,-0.0007161458,0.0000217014,0.0112847222
559052.3300242500,-0.0871276855,0.0109863281,9.7814941409,0.0003797743,-0.0000108507,0.0103081597
559052.3400242500,-0.0892639160,0.0012207031,9.7810363773,-0.0006076389,-0.0000000000,0.0094726562
559052.3500242500,-0.0886535645,0.0105285645,9.7811889652,0.0001627604,-0.0000000000,0.0085611979
559052.3600242500,-0.0877380371,0.0032043457,9.7816467288,-0.0002604167,-0.0000000000,0.0075954861
559052.3700242500,-0.0869750977,0.0103759766,9.7816467288,-0.0002387153,-0.0000000000,0.0068793403
559052.3800242500,-0.0877380371,0.0048828125,9.7814941409,0.0002278646,-0.0000000000,0.0058702257
559052.3900242500,-0.0897216797,0.0057983398,9.7813415531,-0.0005750868,0.0000108507,0.0049370660
559052.4000242500,-0.0872802734,0.0088500977,9.7822570804,0.0004991319,-0.0000217014,0.0042209201
559052.4100242500,-0.0874328613,0.0033569336,9.7807312015,-0.0006727431,0.0000217014,0.0033094618
559052.4200242501,-0.0874328613,0.0096130371,9.7821044925,0.0003689236,-0.0000000000,0.0026041667
559052.4300242499,-0.0871276855,0.0021362305,9.7808837894,-0.0004123264,-0.0000000000,0.0018771701
559052.4400242500,-0.0885009766,0.0109863281,9.7807312015,0.0000976562,-0.0000325521,0.0007161458
559052.4500242500,-0.0871276855,0.0022888184,9.7813415531,-0.0000542535,-0.0000000000,0.0000759549
559052.4600242500,-0.0881958008,0.0077819824,9.7816467288,-0.0002495660,0.0000108507,0.0000759549
559052.4700242500,-0.0883483887,0.0051879883,9.7813415531,0.0003146701,-0.0000000000,0.0000976562
559052.4800242500,-0.0877380371,0.0048828125,9.7814941409,-0.0005642361,0.0000217014,0.0001085069
559052.4900242500,-0.0888061523,0.0077819824,9.7808837894,0.0004665799,-0.0000325521,0.0002712674
559052.5000242500,-0.0880432129,0.0012207031,9.7816467288,-0.0006184896,0.0000108507,0.0003146701
559052.5100242500,-0.0892639160,0.0102233887,9.7813415531,0.0003906250,-0.0000000000,0.0002929687
559052.5200242500,-0.0872802734,0.0013732910,9.7816467288,-0.0003580729,0.0000108507,0.0002821181
559052.5300242500,-0.0892639160,0.0100708008,9.7813415531,0.0000217014,-0.0000108507,0.0002604167
559052.5400242500,-0.0880432129,0.0018310547,9.7813415531,0.0000651042,0.0000217014,0.0002061632
559052.5500242501,-0.0892639160,0.0071716309,9.7816467288,-0.0004231771,-0.0000000000,0.0002061632
559052.5600242499,-0.0891113281,0.0070190430,9.7807312015,0.0003906250,-0.0000325521,0.0002495660
559052.5700242500,-0.0883483887,0.0032043457,9.7814941409,-0.0006184896,0.0000217014,0.0001953125
559052.5800242500,-0.0891113281,0.0086975098,9.7805786136,0.0004991319,-0.0000217014,0.0001953125
559052.5900242500,-0.0892639160,0.0010681152,9.7816467288,-0.0004991319,0.0000217014,0.0002278646
559052.6000242500,-0.0888061523,0.0112915039,9.7816467288,0.0002604167,-0.0000000000,0.0002061632
559052.6100242500,-0.0880432129,0.0021362305,9.7810363773,-0.0002061632,-0.0000000000,0.0001736111
559052.6200242500,-0.0877380371,0.0083923340,9.7821044925,-0.0001410590,0.0000108507,0.0002278646
559052.6300242500,-0.0868225098,0.0030517578,9.7816467288,0.0001844618,0.0000108507,0.0001736111
559052.6400242500,-0.0886535645,0.0073242188,9.7814941409,-0.0004882812,-0.0000108507,0.0001519097
559052.6500242500,-0.0883483887,0.0065612793,9.7814941409,0.0004557292,-0.0000000000,0.0001844618
559052.6600242500,-0.0881958008,0.0016784668,9.7813415531,-0.0006401910,0.0000325521,0.0001844618
559052.6700242501,-0.0891113281,0.0096130371,9.7813415531,0.0004774306,-0.0000434028,0.0001844618
559052.6800242499,-0.0885009766,0.0013732910,9.7816467288,-0.0004882812,0.0000108507,0.0001519097
559052.6900242500,-0.0880432129,0.0100708008,9.7813415531,0.0001193576,-0.0000000000,0.0001953125
559052.7000242500,-0.0878906250,0.0015258789,9.7813415531,-0.0000325521,0.0000108507,0.0001302083
559052.7100242500,-0.0888061523,0.0074768066,9.7817993167,-0.0003255208,-0.0000000000,0.0001953125
559052.7200242500,-0.0894165039,0.0054931641,9.7810363773,0.0003797743,-0.0000325521,0.0001193576
559052.7300242500,-0.0883483887,0.0041198730,9.7816467288,-0.0005859375,0.0000108507,0.0001844618
559052.7400242500,-0.0878906250,0.0083923340,9.7813415531,0.0004774306,-0.0000325521,0.0001085069
559052.7500242500,-0.0900268555,0.0016784668,9.7813415531,-0.0005859375,0.0000217014,0.0001736111
559052.7600242500,-0.0889587402,0.0100708008,9.7813415531,0.0003472222,-0.0000000000,0.0001302083
559052.7700242500,-0.0889587402,0.0012207031,9.7811889652,-0.0003580729,-0.0000000000,0.0001193576
559052.7800242510,-0.0881958008,0.0099182129,9.7813415531,0.0000108507,-0.0000000000,0.0002061632
559052.7900242510,-0.0877380371,0.0025939941,9.7819519046,0.0000542535,-0.0000000000,0.0000976562
559052.8000242510,-0.0891113281,0.0079345703,9.7816467288,-0.0003255208,-0.0000000000,0.0001627604
559052.8100242510,-0.0889587402,0.0048828125,9.7810363773,0.0003255208,-0.0000000000,0.0000976562
559052.8200242510,-0.0886535645,0.0033569336,9.7814941409,-0.0005750868,0.0000108507,0.0000651042
559052.8300242510,-0.0886535645,0.0088500977,9.7814941409,0.0004665799,-0.0000217014,0.0001844618
559052.8400242510,-0.0886535645,0.0022888184,9.7817993167,-0.0005859375,0.0000325521,0.0000976562
559052.8500242510,-0.0900268555,0.0086975098,9.7811889652,0.0003797743,-0.0000217014,0.0001193576
559052.8600242510,-0.0888061523,0.0012207031,9.7819519046,-0.0003580729,0.0000108507,0.0001736111
559052.8700242511,-0.0877380371,0.0100708008,9.7816467288,0.0000651042,-0.0000000000,0.0000759549
559052.8800242509,-0.0897216797,0.0018310547,9.7814941409,-0.0000217014,-0.0000000000,0.0001085069
559052.8900242510,-0.0901794434,0.0068664551,9.7816467288,-0.0003255208,0.0000108507,0.0001627604
559052.9000242510,-0.0872802734,0.0053405762,9.7819519046,0.0003472222,-0.0000217014,0.0000651042
559052.9100242510,-0.0889587402,0.0041198730,9.7813415531,-0.0005533854,0.0000108507,0.0000651042
559052.9200242510,-0.0889587402,0.0082397461,9.7814941409,0.0004882812,-0.0000000000,0.0001410590
559052.9300242510,-0.0888061523,0.0016784668,9.7807312015,-0.0005642361,-0.0000000000,0.0001736111
559052.9400242510,-0.0881958008,0.0093078613,9.7811889652,0.0003255208,-0.0000000000,0.0000434028
559052.9500242510,-0.0875854492,0.0012207031,9.7810363773,-0.0002929687,0.0000108507,0.0000868056
559052.9600242510,-0.0881958008,0.0100708008,9.7822570804,-0.0000651042,-0.0000000000,0.0001410590
559052.9700242510,-0.0889587402,0.0030517578,9.7810363773,0.0001302083,-0.0000434028,0.0001193576
559052.9800242510,-0.0880432129,0.0062561035,9.7810363773,-0.0004774306,0.0000217014,0.0000434028
559052.9900242510,-0.0869750977,0.0065612793,9.7813415531,0.0004882812,-0.0000000000,0.0000976562
559053.0000242511,-0.0888061523,0.0028991699,9.7817993167,-0.0006293403,-0.0000000000,0.0001085069
559053.0100242510,-0.0889587402,0.0099182129,9.7816467288,0.0004448785,-0.0000000000,0.0001519097
559053.0200242510,-0.0878906250,0.0007629395,9.7814941409,-0.0004882812,0.0000108507,0.0000217014
559053.0300242510,-0.0886535645,0.0097656250,9.7811889652,0.0001953125,-0.0000325521,0.0000651042
559053.0400242510,-0.0874328613,0.0018310547,9.7813415531,-0.0001302083,0.0000217014,0.0000868056
559053.0500242510,-0.0880432129,0.0088500977,9.7811889652,-0.0001302083,-0.0000000000,0.0001085069
559053.0600242510,-0.0891113281,0.0035095215,9.7811889652,0.0001953125,-0.0000108507,0.0000868056
559053.0700242510,-0.0871276855,0.0053405762,9.7814941409,-0.0004231771,0.0000325521,0.0000217014
559053.0800242510,-0.0895690918,0.0062561035,9.7817993167,0.0003472222,-0.0000000000,0.0000434028
559053.0900242510,-0.0888061523,0.0041198730,9.7810363773,-0.0005425347,0.0000108507,0.0000868056
559053.1000242510,-0.0892639160,0.0079345703,9.7811889652,0.0004448785,-0.0000217014,0.0001410590
559053.1100242510,-0.0881958008,0.0019836426,9.7817993167,-0.0005533854,0.0000108507,0.0001410590
559053.1200242511,-0.0880432129,0.0097656250,9.7813415531,0.0003906250,-0.0000325521,0.0000325521
559053.1300242509,-0.0883483887,0.0013732910,9.7824096683,-0.0003580729,-0.0000000000,0.0000108507
559053.1400242510,-0.0888061523,0.0103759766,9.7813415531,0.0000434028,-0.0000000000,0.0000542535
559053.1500242510,-0.0891113281,0.0007629395,9.7810363773,0.0000217014,-0.0000000000,0.0000868056
559053.1600242510,-0.0894165039,0.0080871582,9.7819519046,-0.0003797743,0.0000108507,0.0001085069
559053.1700242510,-0.0875854492,0.0064086914,9.7810363773,0.0004123264,-0.0000217014,0.0001193576
559053.1800242510,-0.0885009766,0.0035095215,9.7816467288,-0.0006618924,0.0000108507,0.0000217014
559053.1900242510,-0.0885009766,0.0082397461,9.7816467288,0.0005425347,-0.0000000000,0.0000651042
559053.2000242510,-0.0892639160,0.0012207031,9.7811889652,-0.0005316840,0.0000108507,0.0000434028
559053.2100242510,-0.0895690918,0.0114440918,9.7821044925,0.0002278646,-0.0000000000,0.0000217014
559053.2200242510,-0.0871276855,0.0010681152,9.7808837894,-0.0001627604,0.0000108507,0.0000542535
559053.2300242510,-0.0880432129,0.0073242188,9.7814941409,-0.0001953125,-0.0000000000,0.0000542535
559053.2400242510,-0.0885009766,0.0042724609,9.7811889652,0.0002821181,-0.0000217014,0.0000868056
559053.2500242511,-0.0892639160,0.0056457520,9.7814941409,-0.0005642361,0.0000108507,0.0001193576
559053.2600242510,-0.0874328613,0.0073242188,9.7811889652,0.0005208333,-0.0000000000,0.0000759549
559053.2700242510,-0.0892639160,0.0019836426,9.7813415531,-0.0006293403,0.0000108507,0.0000000000
559053.2800242510,-0.0883483887,0.0093078613,9.7811889652,0.0004123264,-0.0000217014,0.0000868056
559053.2900242510,-0.0880432129,0.0010681152,9.7808837894,-0.0004123264,0.0000108507,0.0000000000
559053.3000242510,-0.0880432129,0.0106811523,9.7817993167,0.0000868056,-0.0000000000,0.0000217014
559053.3100242510,-0.0875854492,0.0018310547,9.7819519046,-0.0000325521,-0.0000000000,0.0000868056
559053.3200242510,-0.0900268555,0.0068664551,9.7817993167,-0.0002712674,-0.0000000000,0.0000542535
559053.3300242510,-0.0874328613,0.0047302246,9.7813415531,0.0003580729,-0.0000000000,0.0000759549
559053.3400242510,-0.0880432129,0.0061035156,9.7808837894,-0.0005750868,0.0000217014,0.0000651042
559053.3500242510,-0.0888061523,0.0073242188,9.7811889652,0.0004557292,-0.0000000000,0.0000976562
559053.3600242510,-0.0888061523,0.0012207031,9.7813415531,-0.0005859375,-0.0000000000,0.0000868056
559053.3700242511,-0.0891113281,0.0100708008,9.7817993167,0.0004014757,-0.0000217014,0.0000108507
559053.3800242509,-0.0881958008,0.0012207031,9.7816467288,-0.0003797743,-0.0000000000,0.0001193576
559053.3900242510,-0.0885009766,0.0099182129,9.7816467288,0.0000651042,-0.0000108507,0.0000000000
559053.4000242510,-0.0883483887,0.0015258789,9.7817993167,0.0000108507,-0.0000000000,0.0000325521
559053.4100242510,-0.0885009766,0.0079345703,9.7816467288,-0.0002821181,-0.0000000000,0.0000868056
559053.4200242510,-0.0880432129,0.0048828125,9.7813415531,0.0002929687,0.0000108507,0.0000434028
559053.4300242510,-0.0885009766,0.0047302246,9.7811889652,-0.0005425347,-0.0000000000,0.0000217014
559053.4400242510,-0.0903320313,0.0076293945,9.7816467288,0.0004123264,-0.0000217014,0.0000325521
559053.4500242510,-0.0878906250,0.0024414063,9.7817993167,-0.0005425347,0.0000108507,0.0000434028
559053.4600242510,-0.0886535645,0.0091552734,9.7821044925,0.0004123264,-0.0000000000,0.0000434028
559053.4700242510,-0.0880432129,0.0028991699,9.7811889652,-0.0004774306,0.0000108507,0.0000325521
559053.4800242510,-0.0889587402,0.0090026855,9.7816467288,0.0002170139,-0.0000000000,0.0000434028
559053.4900242510,-0.0883483887,0.0004577637,9.7814941409,-0.0002278646,-0.0000000000,0.0000542535
559053.5000242511,-0.0880432129,0.0109863281,9.7811889652,-0.0000759549,-0.0000000000,0.0000542535
559053.5100242510,-0.0885009766,0.0025939941,9.7813415531,0.0001193576,-0.0000000000,0.0000759549
559053.5200242510,-0.0895690918,0.0062561035,9.7817993167,-0.0003906250,-0.0000000000,0.0000651042
559053.5300242510,-0.0883483887,0.0062561035,9.7810363773,0.0004665799,-0.0000217014,0.0000000000
559053.5400242510,-0.0897216797,0.0041198730,9.7821044925,-0.0006510417,0.0000217014,0.0000651042
559053.5500242510,-0.0886535645,0.0093078613,9.7816467288,0.0004882812,-0.0000325521,0.0000108507
559053.5600242510,-0.0885009766,-0.0001525879,9.7811889652,-0.0005316840,-0.0000000000,0.0000434028
559053.5700242510,-0.0880432129,0.0106811523,9.7819519046,0.0002170139,-0.0000000000,0.0000325521
559053.5800242510,-0.0889587402,0.0019836426,9.7808837894,-0.0001519097,-0.0000000000,0.0000000000
559053.5900242510,-0.0891113281,0.0090026855,9.7816467288,-0.0001627604,-0.0000000000,0.0000868056
559053.6000242510,-0.0885009766,0.0025939941,9.7813415531,0.0002387153,0.0000108507,0.0000108507
559053.6100242510,-0.0881958008,0.0059509277,9.7816467288,-0.0005425347,-0.0000000000,0.0000108507
559053.6200242511,-0.0885009766,0.0080871582,9.7814941409,0.0004882812,-0.0000000000,0.0000542535
559053.6300242509,-0.0892639160,0.0016784668,9.7810363773,-0.0006401910,0.0000108507,0.0000325521
559053.6400242510,-0.0886535645,0.0100708008,9.7816467288,0.0004123264,-0.0000325521,0.0000325521
559053.6500242510,-0.0883483887,0.0016784668,9.7813415531,-0.0003906250,0.0000108507,0.0000325521
559053.6600242510,-0.0888061523,0.0103759766,9.7821044925,0.0001085069,-0.0000000000,0.0000325521
559053.6700242510,-0.0888061523,0.0015258789,9.7811889652,-0.0000217014,-0.0000000000,0.0000217014
559053.6800242510,-0.0888061523,0.0082397461,9.7816467288,-0.0003255208,0.0000108507,0.0000325521
559053.6900242510,-0.0878906250,0.0056457520,9.7811889652,0.0003255208,-0.0000000000,0.0000434028
559053.7000242510,-0.0883483887,0.0044250488,9.7816467288,-0.0005750868,-0.0000000000,0.0000434028
559053.7100242510,-0.0886535645,0.0079345703,9.7811889652,0.0004882812,-0.0000217014,0.0000542535
559053.7200242510,-0.0881958008,0.0024414063,9.7817993167,-0.0005750868,0.0000217014,0.0000217014
559053.7300242510,-0.0892639160,0.0103759766,9.7814941409,0.0004014757,-0.0000000000,0.0000325521
559053.7400242510,-0.0886535645,0.0007629395,9.7817993167,-0.0003906250,-0.0000000000,0.0000217014
559053.7500242511,-0.0888061523,0.0096130371,9.7817993167,0.0000217014,-0.0000000000,0.0000325521
559053.7600242510,-0.0891113281,0.0024414063,9.7813415531,0.0000542535,-0.0000000000,0.0000434028
559053.7700242510,-0.0889587402,0.0077819824,9.7813415531,-0.0004014757,-0.0000000000,0.0000325521
559053.7800242510,-0.0885009766,0.0051879883,9.7808837894,0.0004014757,-0.0000000000,0.0000325521
559053.7900242510,-0.0886535645,0.0038146973,9.7819519046,-0.0005967882,-0.0000000000,0.0000325521
559053.8000242510,-0.0886535645,0.0096130371,9.7816467288,0.0004991319,-0.0000325521,0.0000217014
559053.8100242510,-0.0889587402,0.0012207031,9.7814941409,-0.0005750868,0.0000217014,0.0000325521
559053.8200242510,-0.0892639160,0.0096130371,9.7816467288,0.0003146701,-0.0000000000,0.0000434028
559053.8300242510,-0.0875854492,0.0009155273,9.7816467288,-0.0002821181,-0.0000325521,0.0000434028
559053.8400242510,-0.0885009766,0.0102233887,9.7816467288,-0.0000976562,0.0000108507,0.0000542535
559053.8500242520,-0.0875854492,0.0033569336,9.7810363773,0.0002061632,-0.0000000000,0.0000325521
559053.8600242520,-0.0889587402,0.0053405762,9.7817993167,-0.0004991319,0.0000108507,0.0000434028
559053.8700242520,-0.0880432129,0.0068664551,9.7814941409,0.0004774306,-0.0000217014,0.0000542535
559053.8800242520,-0.0886535645,0.0035095215,9.7814941409,-0.0006401910,0.0000108507,0.0000434028
559053.8900242520,-0.0894165039,0.0085449219,9.7817993167,0.0003906250,-0.0000434028,0.0000868056
559053.9000242520,-0.0888061523,0.0010681152,9.7814941409,-0.0004774306,-0.0000000000,0.0000434028
559053.9100242520,-0.0885009766,0.0097656250,9.7816467288,0.0002604167,-0.0000108507,0.0000000000
559053.9200242520,-0.0886535645,0.0022888184,9.7821044925,-0.0002278646,-0.0000000000,0.0001085069
559053.9300242520,-0.0883483887,0.0094604492,9.7816467288,-0.0000217014,0.0000217014,-0.0000542535
559053.9400242520,-0.0888061523,0.0016784668,9.7816467288,0.0000434028,-0.0000000000,0.0001193576
559053.9500242519,-0.0885009766,0.0074768066,9.7819519046,-0.0003255208,0.0000108507,-0.0000217014
559053.9600242520,-0.0888061523,0.0054931641,9.7819519046,0.0002387153,-0.0000000000,0.0000759549
559053.9700242520,-0.0885009766,0.0045776367,9.7814941409,-0.0005099826,-0.0000000000,0.0000217014
559053.9800242520,-0.0895690918,0.0064086914,9.7811889652,0.0004665799,-0.0000217014,0.0000108507
559053.9900242520,-0.0897216797,0.0033569336,9.7817993167,-0.0005642361,-0.0000000000,0.0000868056
