t(s),acc_x,acc_y,acc_z,gyro_x,gyro_y,gyro_z
558958.0000241620,-0.0885009766,0.0083923340,9.7810363773,-0.0001085069,-0.0000000000,0.0000217014
558958.0100241620,-0.0901794434,0.0038146973,9.7814941409,0.0001844618,-0.0000000000,0.0000325521
558958.0200241620,-0.0903320313,0.0062561035,9.7813415531,-0.0004557292,-0.0000000000,0.0000217014
558958.0300241620,-0.0866699219,0.0057983398,9.7810363773,0.0004123264,-0.0000217014,0.0000325521
558958.0400241620,-0.0874328613,0.0030517578,9.7814941409,-0.0006184896,0.0000325521,0.0000325521
558958.0500241620,-0.0901794434,0.0080871582,9.7813415531,0.0004557292,-0.0000325521,0.0000542535
558958.0600241621,-0.0894165039,0.0012207031,9.7811889652,-0.0005425347,-0.0000000000,0.0000217014
558958.0700241619,-0.0869750977,0.0100708008,9.7813415531,0.0003146701,-0.0000000000,0.0000325521
558958.0800241620,-0.0868225098,0.0009155273,9.7813415531,-0.0002495660,-0.0000000000,0.0000217014
558958.0900241620,-0.0903320313,0.0097656250,9.7819519046,-0.0000325521,0.0000108507,0.0000325521
558958.1000241620,-0.0897216797,0.0027465820,9.7816467288,0.0000976562,-0.0000000000,0.0000325521
558958.1100241620,-0.0877380371,0.0071716309,9.7811889652,-0.0004557292,-0.0000000000,0.0000325521
558958.1200241620,-0.0874328613,0.0059509277,9.7808837894,0.0004340278,0.0000108507,0.0000325521
558958.1300241620,-0.0900268555,0.0032043457,9.7808837894,-0.0005967882,0.0000108507,0.0000325521
558958.1400241620,-0.0894165039,0.0094604492,9.7810363773,0.0005316840,-0.0000434028,0.0000325521
558958.1500241620,-0.0869750977,0.0012207031,9.7814941409,-0.0005533854,0.0000108507,0.0000325521
558958.1600241620,-0.0871276855,0.0100708008,9.7821044925,0.0002712674,-0.0000000000,0.0000434028
558958.1700241620,-0.0892639160,0.0007629395,9.7813415531,-0.0002061632,0.0000217014,0.0000325521
558958.1800241621,-0.0897216797,0.0091552734,9.7819519046,-0.0001627604,-0.0000000000,0.0000000000
558958.1900241619,-0.0872802734,0.0042724609,9.7807312015,0.0002387153,-0.0000108507,-0.0003472222
558958.2000241620,-0.0857543945,0.0062561035,9.7814941409,-0.0004882812,0.0000108507,-0.0015516493
558958.2100241620,-0.0869750977,0.0093078613,9.7816467288,0.0005099826,-0.0000000000,-0.0034830729
558958.2200241620,-0.0892639160,0.0038146973,9.7813415531,-0.0005533854,-0.0000000000,-0.0049045139
558958.2300241620,-0.0868225098,0.0108337402,9.7814941409,0.0004991319,-0.0000000000,-0.0062174479
558958.2400241620,-0.0860595703,0.0027465820,9.7814941409,-0.0004123264,0.0000108507,-0.0073242187
558958.2500241620,-0.0878906250,0.0093078613,9.7821044925,0.0002278646,-0.0000108507,-0.0079101562
558958.2600241620,-0.0889587402,0.0025939941,9.7817993167,-0.0000217014,0.0000325521,-0.0087565104
558958.2700241620,-0.0878906250,0.0094604492,9.7813415531,-0.0001085069,-0.0000000000,-0.0095811632
558958.2800241620,-0.0869750977,0.0053405762,9.7819519046,0.0003689236,-0.0000217014,-0.0101996528
558958.2900241630,-0.0872802734,0.0054931641,9.7811889652,-0.0004448785,0.0000108507,-0.0111219618
558958.3000241630,-0.0881958008,0.0073242188,9.7813415531,0.0005533854,0.0000108507,-0.0118164062
558958.3100241630,-0.0875854492,0.0048828125,9.7811889652,-0.0005316840,0.0000108507,-0.0127387153
558958.3200241630,-0.0881958008,0.0102233887,9.7813415531,0.0005316840,-0.0000108507,-0.0138780382
558958.3300241630,-0.0868225098,-0.0000000000,9.7814941409,-0.0003146701,-0.0000000000,-0.0146701389
558958.3400241630,-0.0872802734,0.0111389160,9.7817993167,0.0002604167,0.0000108507,-0.0156250000
558958.3500241630,-0.0891113281,0.0036621094,9.7816467288,0.0000434028,-0.0000217014,-0.0166341146
558958.3600241630,-0.0894165039,0.0085449219,9.7813415531,-0.0000976562,-0.0000000000,-0.0172960069
558958.3700241630,-0.0871276855,0.0039672852,9.7816467288,0.0004340278,-0.0000000000,-0.0183268229
558958.3800241631,-0.0869750977,0.0065612793,9.7814941409,-0.0003689236,0.0000325521,-0.0191948785
558958.3900241629,-0.0881958008,0.0094604492,9.7811889652,0.0006184896,-0.0000217014,-0.0199327257
558958.4000241630,-0.0883483887,0.0039672852,9.7819519046,-0.0004340278,-0.0000000000,-0.0211046007
558958.4100241630,-0.0885009766,0.0096130371,9.7813415531,0.0006293403,-0.0000325521,-0.0218315972
558958.4200241630,-0.0868225098,0.0019836426,9.7816467288,-0.0002821181,0.0000217014,-0.0225368924
558958.4300241630,-0.0863647461,0.0119018555,9.7813415531,0.0003906250,0.0000217014,-0.0236219618
558958.4400241630,-0.0894165039,0.0019836426,9.7816467288,0.0000325521,-0.0000000000,-0.0242187500
558958.4500241630,-0.0878906250,0.0093078613,9.7817993167,0.0000000000,-0.0000000000,-0.0252170139
558958.4600241630,-0.0872802734,0.0050354004,9.7814941409,0.0004665799,-0.0000217014,-0.0263454861
558958.4700241630,-0.0875854492,0.0070190430,9.7814941409,-0.0003146701,-0.0000000000,-0.0268988715
558958.4800241630,-0.0881958008,0.0086975098,9.7816467288,0.0007486979,-0.0000217014,-0.0282009549
558958.4900241630,-0.0889587402,0.0024414063,9.7813415531,-0.0004014757,-0.0000000000,-0.0289388021
558958.5000241630,-0.0878906250,0.0108337402,9.7819519046,0.0006618924,-0.0000108507,-0.0294596354
558958.5100241631,-0.0862121582,0.0024414063,9.7816467288,-0.0001519097,0.0000217014,-0.0304144965
558958.5200241629,-0.0889587402,0.0100708008,9.7816467288,0.0002712674,-0.0000000000,-0.0312825521
558958.5300241630,-0.0895690918,0.0033569336,9.7811889652,0.0003580729,-0.0000108507,-0.0320095486
558958.5400241630,-0.0885009766,0.0080871582,9.7817993167,-0.0001302083,0.0000108507,-0.0332248264
558958.5500241630,-0.0860595703,0.0071716309,9.7807312015,0.0007052951,-0.0000434028,-0.0339192708
558958.5600241630,-0.0878906250,0.0038146973,9.7813415531,-0.0003255208,0.0000217014,-0.0347981771
558958.5700241630,-0.0880432129,0.0094604492,9.7813415531,0.0007812500,-0.0000000000,-0.0359809028
558958.5800241630,-0.0885009766,0.0022888184,9.7816467288,-0.0002495660,-0.0000108507,-0.0366319444
558958.5900241630,-0.0868225098,0.0112915039,9.7816467288,0.0005642361,-0.0000108507,-0.0376085069
558958.6000241630,-0.0869750977,0.0015258789,9.7808837894,0.0001519097,0.0000108507,-0.0383897569
558958.6100241630,-0.0878906250,0.0090026855,9.7821044925,0.0001410590,-0.0000000000,-0.0390407986
558958.6200241630,-0.0877380371,0.0051879883,9.7813415531,0.0005967882,-0.0000108507,-0.0401584201
558958.6300241631,-0.0875854492,0.0064086914,9.7816467288,-0.0002061632,0.0000217014,-0.0410156250
558958.6400241629,-0.0868225098,0.0077819824,9.7817993167,0.0008463542,-0.0000217014,-0.0417317708
558958.6500241630,-0.0885009766,0.0035095215,9.7819519046,-0.0003363715,0.0000217014,-0.0428493924
558958.6600241630,-0.0894165039,0.0109863281,9.7813415531,0.0007812500,-0.0000325521,-0.0434895833
558958.6700241630,-0.0872802734,0.0013732910,9.7816467288,-0.0000542535,0.0000217014,-0.0443033854
558958.6800241630,-0.0874328613,0.0102233887,9.7811889652,0.0005208333,-0.0000000000,-0.0454644097
558958.6900241630,-0.0869750977,0.0028991699,9.7811889652,0.0003363715,-0.0000000000,-0.0460394965
558958.7000241630,-0.0885009766,0.0105285645,9.7819519046,0.0000325521,0.0000108507,-0.0470160590
558958.7100241630,-0.0875854492,0.0050354004,9.7817993167,0.0007052951,-0.0000434028,-0.0480251736
558958.7200241630,-0.0878906250,0.0044250488,9.7810363773,-0.0001519097,0.0000217014,-0.0485134549
558958.7300241630,-0.0863647461,0.0091552734,9.7814941409,0.0009331597,-0.0000217014,-0.0495442708
558958.7400241630,-0.0886535645,0.0032043457,9.7813415531,-0.0001844618,0.0000108507,-0.0505967882
558958.7500241630,-0.0883483887,0.0105285645,9.7811889652,0.0008029514,-0.0000217014,-0.0513888889
558958.7600241631,-0.0871276855,0.0012207031,9.7814941409,0.0000434028,0.0000217014,-0.0522894965
558958.7700241629,-0.0868225098,0.0102233887,9.7810363773,0.0005316840,-0.0000108507,-0.0530056424
558958.7800241630,-0.0885009766,0.0033569336,9.7804260257,0.0003906250,-0.0000325521,-0.0536783854
558958.7900241630,-0.0878906250,0.0093078613,9.7821044925,0.0001410590,0.0000325521,-0.0550347222
558958.8000241630,-0.0880432129,0.0042724609,9.7811889652,0.0007595486,-0.0000434028,-0.0557400174
558958.8100241630,-0.0869750977,0.0064086914,9.7811889652,-0.0000542535,0.0000108507,-0.0565863715
558958.8200241630,-0.0857543945,0.0090026855,9.7819519046,0.0009765625,0.0000217014,-0.0576388889
558958.8300241630,-0.0881958008,0.0027465820,9.7810363773,-0.0001627604,-0.0000108507,-0.0582790799
558958.8400241630,-0.0878906250,0.0094604492,9.7816467288,0.0009114583,-0.0000108507,-0.0592773437
558958.8500241630,-0.0888061523,0.0025939941,9.7813415531,0.0000325521,-0.0000000000,-0.0601345486
558958.8600241630,-0.0886535645,0.0103759766,9.7816467288,0.0006076389,-0.0000108507,-0.0606770833
558958.8700241630,-0.0878906250,0.0033569336,9.7814941409,0.0004448785,-0.0000000000,-0.0618923611
558958.8800241631,-0.0886535645,0.0080871582,9.7817993167,0.0002604167,-0.0000000000,-0.0627604167
558958.8900241629,-0.0851440430,0.0051879883,9.7816467288,0.0008246528,-0.0000108507,-0.0635091146
558958.9000241630,-0.0871276855,0.0059509277,9.7816467288,-0.0000108507,-0.0000000000,-0.0645399306
558958.9100241630,-0.0874328613,0.0079345703,9.7808837894,0.0010091146,-0.0000108507,-0.0651475694
558958.9200241630,-0.0880432129,0.0025939941,9.7810363773,-0.0000868056,0.0000108507,-0.0660590278
558958.9300241630,-0.0872802734,0.0103759766,9.7817993167,0.0009765625,-0.0000108507,-0.0672200521
558958.9400241630,-0.0872802734,0.0019836426,9.7817993167,0.0001627604,0.0000108507,-0.0678168403
558958.9500241630,-0.0881958008,0.0106811523,9.7819519046,0.0006727431,-0.0000217014,-0.0687282986
558958.9600241630,-0.0878906250,0.0028991699,9.7817993167,0.0005316840,-0.0000217014,-0.0696289062
558958.9700241630,-0.0894165039,0.0085449219,9.7817993167,0.0002604167,-0.0000108507,-0.0703993056
558958.9800241630,-0.0869750977,0.0064086914,9.7819519046,0.0009114583,-0.0000325521,-0.0714409722
558958.9900241630,-0.0874328613,0.0050354004,9.7816467288,-0.0000325521,0.0000108507,-0.0723198785
558959.0000241630,-0.0880432129,0.0086975098,9.7810363773,0.0011284722,-0.0000108507,-0.0729817708
558959.0100241631,-0.0880432129,0.0033569336,9.7810363773,0.0000434028,0.0000108507,-0.0742730035
558959.0200241629,-0.0892639160,0.0102233887,9.7810363773,0.0009331597,-0.0000217014,-0.0747612847
558959.0300241630,-0.0868225098,0.0021362305,9.7807312015,0.0003038194,-0.0000217014,-0.0755316840
558959.0400241630,-0.0862121582,0.0097656250,9.7814941409,0.0006618924,0.0000325521,-0.0766818576
558959.0500241630,-0.0868225098,0.0021362305,9.7816467288,0.0005859375,-0.0000434028,-0.0773980035
558959.0600241630,-0.0881958008,0.0099182129,9.7810363773,0.0004123264,-0.0000217014,-0.0784396701
558959.0700241630,-0.0874328613,0.0050354004,9.7821044925,0.0008572049,-0.0000217014,-0.0794270833
558959.0800241630,-0.0875854492,0.0053405762,9.7817993167,0.0001844618,-0.0000000000,-0.0799479167
558959.0900241630,-0.0894165039,0.0077819824,9.7816467288,0.0011393229,-0.0000217014,-0.0807183160
558959.1000241630,-0.0877380371,0.0042724609,9.7811889652,0.0000000000,-0.0000000000,-0.0818359375
558959.1100241630,-0.0885009766,0.0102233887,9.7813415531,0.0011393229,-0.0000108507,-0.0824978299
558959.1200241630,-0.0877380371,0.0016784668,9.7814941409,0.0001627604,-0.0000000000,-0.0836480035
558959.1300241631,-0.0863647461,0.0109863281,9.7808837894,0.0009223090,-0.0000217014,-0.0845269097
558959.1400241629,-0.0881958008,0.0025939941,9.7814941409,0.0005859375,-0.0000000000,-0.0853407118
558959.1500241630,-0.0891113281,0.0106811523,9.7813415531,0.0005208333,-0.0000000000,-0.0862847222
558959.1600241630,-0.0868225098,0.0032043457,9.7817993167,0.0009440104,-0.0000000000,-0.0870334201
558959.1700241630,-0.0871276855,0.0068664551,9.7821044925,0.0001844618,-0.0000000000,-0.0879123264
558959.1800241630,-0.0871276855,0.0079345703,9.7808837894,0.0012044271,-0.0000217014,-0.0890625000
558959.1900241630,-0.0900268555,0.0041198730,9.7817993167,0.0000868056,-0.0000108507,-0.0896918403
558959.2000241630,-0.0886535645,0.0096130371,9.7814941409,0.0012044271,-0.0000542535,-0.0907443576
558959.2100241630,-0.0868225098,0.0016784668,9.7811889652,0.0002712674,0.0000217014,-0.0914279514
558959.2200241630,-0.0878906250,0.0100708008,9.7810363773,0.0010199653,-0.0000434028,-0.0920355903
558959.2300241630,-0.0885009766,0.0035095215,9.7822570804,0.0005316840,0.0000108507,-0.0931857639
558959.2400241630,-0.0878906250,0.0082397461,9.7821044925,0.0006184896,0.0000108507,-0.0940646701
558959.2500241630,-0.0866699219,0.0032043457,9.7808837894,0.0009657118,-0.0000434028,-0.0947591146
558959.2600241631,-0.0869750977,0.0073242188,9.7822570804,0.0002604167,0.0000217014,-0.0958767361
558959.2700241629,-0.0889587402,0.0082397461,9.7814941409,0.0012912326,-0.0000434028,-0.0966688368
558959.2800241630,-0.0885009766,0.0038146973,9.7817993167,0.0001627604,-0.0000217014,-0.0974283854
558959.2900241630,-0.0872802734,0.0099182129,9.7819519046,0.0012803819,-0.0000000000,-0.0984917535
558959.3000241630,-0.0885009766,0.0019836426,9.7811889652,0.0003038194,-0.0000108507,-0.0991319444
558959.3100241630,-0.0881958008,0.0105285645,9.7814941409,0.0010091146,-0.0000217014,-0.1000651042
558959.3200241630,-0.0878906250,0.0033569336,9.7808837894,0.0005859375,-0.0000217014,-0.1011827257
558959.3300241630,-0.0869750977,0.0093078613,9.7816467288,0.0007595486,-0.0000000000,-0.1016384549
558959.3400241630,-0.0881958008,0.0047302246,9.7810363773,0.0010308160,-0.0000217014,-0.1027343750
558959.3500241630,-0.0886535645,0.0068664551,9.7813415531,0.0002821181,-0.0000000000,-0.1037109375
558959.3600241630,-0.0869750977,0.0082397461,9.7819519046,0.0013888889,-0.0000108507,-0.1043619792
558959.3700241640,-0.0872802734,0.0036621094,9.7813415531,0.0001953125,-0.0000000000,-0.1056423611
558959.3800241640,-0.0878906250,0.0099182129,9.7807312015,0.0012586806,-0.0000108507,-0.1063368056
558959.3900241640,-0.0875854492,0.0024414063,9.7819519046,0.0004774306,-0.0000108507,-0.1069444444
558959.4000241640,-0.0875854492,0.0105285645,9.7808837894,0.0009874132,-0.0000000000,-0.1082248264
558959.4100241640,-0.0886535645,0.0022888184,9.7814941409,0.0008355035,-0.0000217014,-0.1088216146
558959.4200241640,-0.0877380371,0.0099182129,9.7816467288,0.0006401910,-0.0000000000,-0.1095920139
558959.4300241640,-0.0860595703,0.0047302246,9.7817993167,0.0011827257,-0.0000217014,-0.1106011285
558959.4400241640,-0.0889587402,0.0061035156,9.7819519046,0.0003580729,-0.0000217014,-0.1112630208
558959.4500241640,-0.0872802734,0.0085449219,9.7814941409,0.0014105903,-0.0000217014,-0.1123806424
558959.4600241639,-0.0878906250,0.0035095215,9.7821044925,0.0002495660,0.0000108507,-0.1134440104
558959.4700241640,-0.0880432129,0.0106811523,9.7805786136,0.0013563368,-0.0000542535,-0.1139214410
558959.4800241640,-0.0885009766,0.0015258789,9.7819519046,0.0005099826,-0.0000000000,-0.1150173611
558959.4900241640,-0.0871276855,0.0094604492,9.7817993167,0.0010742187,-0.0000000000,-0.1158528646
558959.5000241640,-0.0854492188,0.0042724609,9.7811889652,0.0008789062,-0.0000217014,-0.1166015625
558959.5100241640,-0.0868225098,0.0099182129,9.7816467288,0.0006727431,-0.0000000000,-0.1176106771
558959.5200241640,-0.0872802734,0.0041198730,9.7814941409,0.0012478299,-0.0000434028,-0.1182725694
558959.5300241640,-0.0871276855,0.0057983398,9.7811889652,0.0004123264,-0.0000000000,-0.1192274306
558959.5400241640,-0.0866699219,0.0097656250,9.7819519046,0.0014973958,-0.0000108507,-0.1203125000
558959.5500241640,-0.0872802734,0.0036621094,9.7810363773,0.0003580729,-0.0000108507,-0.1210394965
558959.5600241640,-0.0875854492,0.0099182129,9.7819519046,0.0013997396,-0.0000108507,-0.1219943576
558959.5700241640,-0.0880432129,0.0004577637,9.7810363773,0.0006293403,-0.0000108507,-0.1230360243
558959.5800241641,-0.0881958008,0.0109863281,9.7817993167,0.0010525174,-0.0000325521,-0.1236436632
558959.5900241639,-0.0872802734,0.0048828125,9.7817993167,0.0010199653,-0.0000000000,-0.1246527778
558959.6000241640,-0.0874328613,0.0068664551,9.7813415531,0.0006401910,-0.0000108507,-0.1254991319
558959.6100241640,-0.0872802734,0.0056457520,9.7819519046,0.0014105903,-0.0000217014,-0.1262261285
558959.6200241640,-0.0877380371,0.0067138672,9.7811889652,0.0004882812,-0.0000000000,-0.1274305556
558959.6300241640,-0.0880432129,0.0091552734,9.7816467288,0.0014756944,-0.0000325521,-0.1280490451
558959.6400241640,-0.0859069824,0.0027465820,9.7813415531,0.0004774306,-0.0000000000,-0.1285047743
558959.6500241640,-0.0862121582,0.0097656250,9.7817993167,0.0014539931,-0.0000325521,-0.1298502604
558959.6600241640,-0.0883483887,0.0032043457,9.7814941409,0.0006618924,-0.0000217014,-0.1306749132
558959.6700241640,-0.0869750977,0.0119018555,9.7813415531,0.0011393229,-0.0000217014,-0.1316840278
558959.6800241640,-0.0878906250,0.0027465820,9.7814941409,0.0011501736,-0.0000000000,-0.1326388889
558959.6900241640,-0.0875854492,0.0077819824,9.7805786136,0.0006944444,-0.0000217014,-0.1330512153
558959.7000241640,-0.0872802734,0.0083923340,9.7810363773,0.0015407986,-0.0000108507,-0.1340928819
558959.7100241639,-0.0868225098,0.0039672852,9.7810363773,0.0004123264,-0.0000000000,-0.1350802951
558959.7200241640,-0.0865173340,0.0103759766,9.7819519046,0.0016059028,-0.0000434028,-0.1357421875
558959.7300241640,-0.0871276855,0.0018310547,9.7813415531,0.0006184896,-0.0000108507,-0.1367404514
558959.7400241640,-0.0878906250,0.0114440918,9.7813415531,0.0013237847,-0.0000434028,-0.1376193576
558959.7500241640,-0.0872802734,0.0033569336,9.7814941409,0.0010308160,-0.0000325521,-0.1384982639
558959.7600241640,-0.0880432129,0.0083923340,9.7816467288,0.0008355035,-0.0000000000,-0.1394097222
558959.7700241640,-0.0872802734,0.0047302246,9.7814941409,0.0015407986,-0.0000325521,-0.1401150174
558959.7800241640,-0.0866699219,0.0067138672,9.7816467288,0.0004557292,-0.0000108507,-0.1409939236
558959.7900241640,-0.0877380371,0.0094604492,9.7821044925,0.0016601562,-0.0000542535,-0.1421766493
558959.8000241640,-0.0875854492,0.0013732910,9.7813415531,0.0006076389,-0.0000000000,-0.1429144965
558959.8100241640,-0.0866699219,0.0111389160,9.7813415531,0.0014973958,-0.0000325521,-0.1439344618
558959.8200241640,-0.0877380371,0.0035095215,9.7814941409,0.0009440104,-0.0000000000,-0.1448567708
558959.8300241641,-0.0878906250,0.0097656250,9.7813415531,0.0010633681,-0.0000325521,-0.1454535590
558959.8400241639,-0.0868225098,0.0042724609,9.7814941409,0.0013563368,-0.0000217014,-0.1464843750
558959.8500241640,-0.0881958008,0.0059509277,9.7814941409,0.0006727431,-0.0000000000,-0.1472222222
558959.8600241640,-0.0878906250,0.0086975098,9.7811889652,0.0016927083,-0.0000434028,-0.1479166667
558959.8700241640,-0.0862121582,0.0044250488,9.7813415531,0.0005859375,-0.0000217014,-0.1489800347
558959.8800241640,-0.0880432129,0.0088500977,9.7816467288,0.0016276042,-0.0000434028,-0.1498480903
558959.8900241640,-0.0871276855,0.0016784668,9.7816467288,0.0007703993,-0.0000217014,-0.1506076389
558959.9000241640,-0.0875854492,0.0117492676,9.7819519046,0.0014648437,-0.0000434028,-0.1518012153
558959.9100241640,-0.0860595703,0.0039672852,9.7813415531,0.0010091146,-0.0000000000,-0.1524848090
558959.9200241640,-0.0871276855,0.0088500977,9.7814941409,0.0011284722,-0.0000434028,-0.1533962674
558959.9300241640,-0.0875854492,0.0027465820,9.7807312015,0.0013888889,-0.0000217014,-0.1543728299
558959.9400241640,-0.0875854492,0.0073242188,9.7814941409,0.0008572049,-0.0000108507,-0.1547960069
558959.9500241640,-0.0849914551,0.0093078613,9.7816467288,0.0017361111,-0.0000108507,-0.1558485243
558959.9600241639,-0.0875854492,0.0035095215,9.7811889652,0.0005859375,-0.0000325521,-0.1570095486
558959.9700241640,-0.0877380371,0.0091552734,9.7816467288,0.0017795139,-0.0000651042,-0.1576388889
558959.9800241640,-0.0868225098,0.0021362305,9.7814941409,0.0008463542,-0.0000108507,-0.1588541667
558959.9900241640,-0.0869750977,0.0131225586,9.7811889652,0.0013671875,-0.0000325521,-0.1595703125
558960.0000241640,-0.0878906250,0.0033569336,9.7813415531,0.0013454861,-0.0000217014,-0.1602213542
558960.0100241640,-0.0865173340,0.0068664551,9.7817993167,0.0009223090,-0.0000108507,-0.1615993924
558960.0200241640,-0.0868225098,0.0059509277,9.7821044925,0.0018120660,-0.0000434028,-0.1619791667
558960.0300241640,-0.0862121582,0.0074768066,9.7816467288,0.0006835937,0.0000108507,-0.1628797743
558960.0400241640,-0.0872802734,0.0102233887,9.7810363773,0.0018229167,-0.0000434028,-0.1639322917
558960.0500241640,-0.0872802734,-0.0000000000,9.7811889652,0.0007486979,-0.0000325521,-0.1644748264
558960.0600241640,-0.0875854492,0.0112915039,9.7814941409,0.0017144097,-0.0000542535,-0.1654513889
558960.0700241640,-0.0872802734,0.0033569336,9.7810363773,0.0010633681,-0.0000217014,-0.1663519965
558960.0800241641,-0.0868225098,0.0102233887,9.7819519046,0.0012695312,-0.0000217014,-0.1669813368
558960.0900241639,-0.0872802734,0.0035095215,9.7810363773,0.0015407986,-0.0000217014,-0.1682183160
558960.1000241640,-0.0860595703,0.0067138672,9.7814941409,0.0009006076,-0.0000000000,-0.1691189236
558960.1100241640,-0.0868225098,0.0090026855,9.7811889652,0.0018663194,-0.0000434028,-0.1698893229
558960.1200241640,-0.0872802734,0.0041198730,9.7817993167,0.0006618924,-0.0000108507,-0.1709092882
558960.1300241640,-0.0860595703,0.0097656250,9.7817993167,0.0018663194,-0.0000434028,-0.1716037326
558960.1400241640,-0.0877380371,0.0021362305,9.7817993167,0.0010199653,-0.0000434028,-0.1725477430
558960.1500241640,-0.0874328613,0.0119018555,9.7817993167,0.0015407986,-0.0000325521,-0.1736653646
558960.1600241640,-0.0874328613,0.0042724609,9.7811889652,0.0013780382,-0.0000542535,-0.1741970486
558960.1700241640,-0.0868225098,0.0076293945,9.7821044925,0.0011284722,-0.0000000000,-0.1751193576
558960.1800241640,-0.0869750977,0.0050354004,9.7816467288,0.0017795139,-0.0000434028,-0.1757378472
558960.1900241640,-0.0891113281,0.0057983398,9.7816467288,0.0008355035,-0.0000108507,-0.1754774305
558960.2000241640,-0.0875854492,0.0082397461,9.7816467288,0.0019205729,-0.0000217014,-0.1749782986
558960.2100241639,-0.0885009766,0.0009155273,9.7816467288,0.0008029514,-0.0000217014,-0.1744900174
558960.2200241640,-0.0880432129,0.0086975098,9.7819519046,0.0018771701,-0.0000325521,-0.1742296007
558960.2300241640,-0.0883483887,0.0025939941,9.7813415531,0.0009982639,-0.0000217014,-0.1741319444
558960.2400241640,-0.0875854492,0.0106811523,9.7816467288,0.0014865451,-0.0000217014,-0.1741210937
558960.2500241640,-0.0875854492,0.0015258789,9.7813415531,0.0013997396,-0.0000325521,-0.1742078993
558960.2600241640,-0.0874328613,0.0061035156,9.7817993167,0.0010525174,-0.0000217014,-0.1743055555
558960.2700241640,-0.0875854492,0.0073242188,9.7811889652,0.0018771701,-0.0000651042,-0.1743381076
558960.2800241640,-0.0875854492,0.0053405762,9.7814941409,0.0007595486,-0.0000217014,-0.1743272569
558960.2900241640,-0.0875854492,0.0085449219,9.7814941409,0.0019205729,-0.0000217014,-0.1742513021
558960.3000241640,-0.0878906250,-0.0001525879,9.7810363773,0.0008897569,-0.0000000000,-0.1742621528
558960.3100241640,-0.0885009766,0.0102233887,9.7807312015,0.0016710069,-0.0000434028,-0.1742947049
558960.3200241640,-0.0878906250,0.0036621094,9.7813415531,0.0011718750,-0.0000325521,-0.1742947049
558960.3300241641,-0.0866699219,0.0086975098,9.7817993167,0.0013020833,-0.0000325521,-0.1742730035
558960.3400241639,-0.0863647461,0.0019836426,9.7813415531,0.0016384549,-0.0000217014,-0.1742947049
558960.3500241640,-0.0883483887,0.0068664551,9.7811889652,0.0009657118,-0.0000217014,-0.1743381076
558960.3600241640,-0.0883483887,0.0086975098,9.7814941409,0.0018229167,-0.0000434028,-0.1743381076
558960.3700241640,-0.0880432129,0.0033569336,9.7817993167,0.0008029514,-0.0000434028,-0.1743381076
558960.3800241640,-0.0868225098,0.0068664551,9.7816467288,0.0018771701,-0.0000325521,-0.1743815104
558960.3900241640,-0.0874328613,0.0028991699,9.7810363773,0.0008680556,-0.0000325521,-0.1744032118
558960.4000241640,-0.0883483887,0.0112915039,9.7811889652,0.0018229167,-0.0000542535,-0.1743598090
558960.4100241640,-0.0871276855,0.0019836426,9.7814941409,0.0010525174,-0.0000000000,-0.1743598090
558960.4200241640,-0.0869750977,0.0074768066,9.7811889652,0.0014865451,-0.0000325521,-0.1743706597
558960.4300241640,-0.0866699219,0.0025939941,9.7819519046,0.0014865451,-0.0000325521,-0.1743815104
558960.4400241650,-0.0883483887,0.0090026855,9.7816467288,0.0009982639,-0.0000217014,-0.1743923611
558960.4500241650,-0.0883483887,0.0073242188,9.7807312015,0.0018337674,-0.0000651042,-0.1743815104
558960.4600241650,-0.0883483887,0.0021362305,9.7816467288,0.0007812500,-0.0000217014,-0.1743489583
558960.4700241650,-0.0874328613,0.0077819824,9.7816467288,0.0018988715,-0.0000542535,-0.1743706597
558960.4800241650,-0.0877380371,0.0030517578,9.7811889652,0.0009223090,-0.0000000000,-0.1743598090
558960.4900241650,-0.0886535645,0.0111389160,9.7813415531,0.0016710069,-0.0000434028,-0.1743923611
558960.5000241650,-0.0875854492,0.0004577637,9.7813415531,0.0011393229,-0.0000325521,-0.1744466146
558960.5100241650,-0.0881958008,0.0080871582,9.7814941409,0.0013780382,-0.0000325521,-0.1744357639
558960.5200241650,-0.0871276855,0.0042724609,9.7814941409,0.0014973958,-0.0000325521,-0.1744357639
558960.5300241651,-0.0874328613,0.0074768066,9.7813415531,0.0010199653,-0.0000000000,-0.1744140625
558960.5400241649,-0.0883483887,0.0050354004,9.7814941409,0.0018229167,-0.0000325521,-0.1744357639
558960.5500241650,-0.0877380371,0.0030517578,9.7817993167,0.0008355035,-0.0000434028,-0.1744357639
558960.5600241650,-0.0877380371,0.0096130371,9.7813415531,0.0019205729,-0.0000434028,-0.1744140625
558960.5700241650,-0.0883483887,0.0028991699,9.7816467288,0.0008246528,-0.0000000000,-0.1744140625
558960.5800241650,-0.0881958008,0.0088500977,9.7811889652,0.0017469618,-0.0000325521,-0.1743815104
558960.5900241650,-0.0881958008,0.0003051758,9.7814941409,0.0011067708,-0.0000434028,-0.1744032118
558960.6000241650,-0.0869750977,0.0102233887,9.7811889652,0.0013780382,-0.0000325521,-0.1744032118
558960.6100241650,-0.0872802734,0.0036621094,9.7816467288,0.0015842014,-0.0000434028,-0.1743489583
558960.6200241650,-0.0888061523,0.0064086914,9.7811889652,0.0009440104,-0.0000325521,-0.1744357639
558960.6300241650,-0.0891113281,0.0059509277,9.7813415531,0.0018880208,-0.0000434028,-0.1744466146
558960.6400241650,-0.0889587402,0.0032043457,9.7819519046,0.0007703993,-0.0000325521,-0.1745008680
558960.6500241651,-0.0874328613,0.0099182129,9.7814941409,0.0018771701,-0.0000542535,-0.1745008680
558960.6600241649,-0.0868225098,0.0006103516,9.7805786136,0.0009223090,-0.0000217014,-0.1744791667
558960.6700241650,-0.0883483887,0.0091552734,9.7813415531,0.0016601562,-0.0000434028,-0.1744574653
558960.6800241650,-0.0881958008,0.0018310547,9.7821044925,0.0012803819,-0.0000325521,-0.1744249132
558960.6900241650,-0.0878906250,0.0096130371,9.7816467288,0.0012803819,-0.0000325521,-0.1744140625
558960.7000241650,-0.0872802734,0.0041198730,9.7817993167,0.0016601562,-0.0000325521,-0.1744466146
558960.7100241650,-0.0885009766,0.0045776367,9.7816467288,0.0008029514,-0.0000325521,-0.1744683160
558960.7200241650,-0.0880432129,0.0067138672,9.7814941409,0.0019639757,-0.0000542535,-0.1744032118
558960.7300241650,-0.0885009766,0.0024414063,9.7816467288,0.0008029514,-0.0000542535,-0.1744900174
558960.7400241650,-0.0877380371,0.0108337402,9.7817993167,0.0018446181,-0.0000434028,-0.1744574653
558960.7500241650,-0.0872802734,0.0013732910,9.7813415531,0.0009982639,-0.0000217014,-0.1745117187
558960.7600241650,-0.0891113281,0.0090026855,9.7817993167,0.0015407986,-0.0000434028,-0.1744683160
558960.7700241650,-0.0878906250,0.0018310547,9.7817993167,0.0013780382,-0.0000434028,-0.1744466146
558960.7800241651,-0.0866699219,0.0083923340,9.7819519046,0.0011718750,-0.0000217014,-0.1744900174
558960.7900241649,-0.0878906250,0.0044250488,9.7810363773,0.0016384549,-0.0000217014,-0.1744574653
558960.8000241650,-0.0883483887,0.0044250488,9.7819519046,0.0009548611,-0.0000217014,-0.1744900174
558960.8100241650,-0.0886535645,0.0068664551,9.7811889652,0.0018446181,-0.0000759549,-0.1745117187
558960.8200241650,-0.0877380371,0.0039672852,9.7813415531,0.0008572049,-0.0000217014,-0.1745117187
558960.8300241650,-0.0872802734,0.0085449219,9.7814941409,0.0018663194,-0.0000434028,-0.1744791667
558960.8400241650,-0.0881958008,0.0018310547,9.7813415531,0.0009114583,-0.0000217014,-0.1743055555
558960.8500241650,-0.0874328613,0.0086975098,9.7808837894,0.0017035590,-0.0000434028,-0.1743055555
558960.8600241650,-0.0881958008,0.0021362305,9.7811889652,0.0011393229,-0.0000217014,-0.1744466146
558960.8700241650,-0.0875854492,0.0096130371,9.7821044925,0.0013997396,-0.0000542535,-0.1744900174
558960.8800241650,-0.0875854492,0.0012207031,9.7816467288,0.0015190972,-0.0000325521,-0.1744683160
558960.8900241650,-0.0871276855,0.0068664551,9.7814941409,0.0011067708,-0.0000217014,-0.1744574653
558960.9000241651,-0.0875854492,0.0067138672,9.7811889652,0.0017252604,-0.0000542535,-0.1744791667
558960.9100241649,-0.0872802734,0.0047302246,9.7817993167,0.0008355035,-0.0000325521,-0.1745008680
558960.9200241650,-0.0878906250,0.0073242188,9.7810363773,0.0019097222,-0.0000434028,-0.1745008680
558960.9300241650,-0.0866699219,0.0016784668,9.7810363773,0.0008463542,-0.0000325521,-0.1744574653
558960.9400241650,-0.0860595703,0.0109863281,9.7811889652,0.0018120660,-0.0000434028,-0.1745008680
558960.9500241650,-0.0886535645,0.0009155273,9.7814941409,0.0011067708,-0.0000325521,-0.1745334201
558960.9600241650,-0.0878906250,0.0074768066,9.7821044925,0.0013563368,-0.0000325521,-0.1745442708
558960.9700241650,-0.0868225098,0.0033569336,9.7814941409,0.0016384549,-0.0000325521,-0.1745225694
558960.9800241650,-0.0868225098,0.0071716309,9.7811889652,0.0008572049,-0.0000000000,-0.1745334201
558960.9900241650,-0.0894165039,0.0074768066,9.7813415531,0.0018880208,-0.0000651042,-0.1745117187
558961.0000241650,-0.0883483887,0.0012207031,9.7813415531,0.0008355035,-0.0000217014,-0.1744900174
558961.0100241650,-0.0874328613,0.0076293945,9.7811889652,0.0018988715,-0.0000434028,-0.1747287326
558961.0200241650,-0.0871276855,0.0028991699,9.7814941409,0.0009657118,-0.0000325521,-0.1744249132
558961.0300241651,-0.0874328613,0.0111389160,9.7814941409,0.0016059028,-0.0000434028,-0.1744683160
558961.0400241649,-0.0886535645,0.0001525879,9.7819519046,0.0012261285,-0.0000217014,-0.1745008680
558961.0500241650,-0.0875854492,0.0073242188,9.7819519046,0.0013237847,-0.0000434028,-0.1745008680
558961.0600241650,-0.0881958008,0.0047302246,9.7813415531,0.0016276042,-0.0000542535,-0.1745225694
558961.0700241650,-0.0878906250,0.0068664551,9.7822570804,0.0009114583,-0.0000325521,-0.1745225694
558961.0800241650,-0.0881958008,0.0051879883,9.7811889652,0.0019205729,-0.0000434028,-0.1745551215
558961.0900241650,-0.0881958008,0.0015258789,9.7813415531,0.0007812500,-0.0000000000,-0.1745985243
558961.1000241650,-0.0875854492,0.0108337402,9.7811889652,0.0019097222,-0.0000325521,-0.1745551215
558961.1100241650,-0.0865173340,0.0010681152,9.7813415531,0.0009223090,-0.0000325521,-0.1745117187
558961.1200241650,-0.0883483887,0.0091552734,9.7819519046,0.0015299479,-0.0000542535,-0.1745117187
558961.1300241650,-0.0898742676,0.0001525879,9.7817993167,0.0014105903,-0.0000542535,-0.1744900174
558961.1400241650,-0.0883483887,0.0080871582,9.7814941409,0.0011393229,-0.0000542535,-0.1744791667
558961.1500241651,-0.0868225098,0.0067138672,9.7816467288,0.0017578125,-0.0000325521,-0.1744249132
558961.1600241649,-0.0871276855,0.0038146973,9.7813415531,0.0008355035,-0.0000217014,-0.1744466146
558961.1700241650,-0.0883483887,0.0068664551,9.7810363773,0.0019205729,-0.0000542535,-0.1744574653
558961.1800241650,-0.0872802734,0.0024414063,9.7816467288,0.0008029514,-0.0000000000,-0.1745117187
558961.1900241650,-0.0877380371,0.0117492676,9.7816467288,0.0017795139,-0.0000651042,-0.1745117187
558961.2000241650,-0.0880432129,0.0004577637,9.7819519046,0.0010416667,-0.0000217014,-0.1745334201
558961.2100241650,-0.0878906250,0.0080871582,9.7813415531,0.0014648437,-0.0000434028,-0.1745442708
558961.2200241650,-0.0880432129,0.0021362305,9.7811889652,0.0015516493,-0.0000542535,-0.1745768229
558961.2300241650,-0.0886535645,0.0076293945,9.7819519046,0.0009982639,-0.0000217014,-0.1745659722
558961.2400241650,-0.0883483887,0.0071716309,9.7816467288,0.0018663194,-0.0000434028,-0.1745442708
558961.2500241650,-0.0875854492,0.0012207031,9.7807312015,0.0007052951,-0.0000000000,-0.1745876736
558961.2600241650,-0.0868225098,0.0086975098,9.7811889652,0.0019531250,-0.0000651042,-0.1745551215
558961.2700241650,-0.0880432129,0.0010681152,9.7810363773,0.0009548611,-0.0000325521,-0.1744900174
558961.2800241651,-0.0883483887,0.0108337402,9.7814941409,0.0015733507,-0.0000434028,-0.1745225694
558961.2900241649,-0.0886535645,0.0006103516,9.7814941409,0.0013237847,-0.0000217014,-0.1745008680
558961.3000241650,-0.0881958008,0.0057983398,9.7816467288,0.0012044271,-0.0000542535,-0.1744900174
558961.3100241650,-0.0871276855,0.0048828125,9.7808837894,0.0016927083,-0.0000651042,-0.1745225694
558961.3200241650,-0.0885009766,0.0067138672,9.7819519046,0.0008680556,-0.0000000000,-0.1745551215
558961.3300241650,-0.0875854492,0.0064086914,9.7816467288,0.0018771701,-0.0000759549,-0.1745876736
558961.3400241650,-0.0880432129,0.0006103516,9.7816467288,0.0008355035,-0.0000000000,-0.1745876736
558961.3500241650,-0.0872802734,0.0096130371,9.7813415531,0.0018988715,-0.0000651042,-0.1745442708
558961.3600241650,-0.0881958008,0.0021362305,9.7810363773,0.0009440104,-0.0000325521,-0.1745334201
558961.3700241650,-0.0883483887,0.0090026855,9.7814941409,0.0015625000,-0.0000325521,-0.1745117187
558961.3800241650,-0.0874328613,0.0001525879,9.7814941409,0.0013020833,-0.0000434028,-0.1745225694
558961.3900241650,-0.0877380371,0.0090026855,9.7811889652,0.0012261285,-0.0000542535,-0.1745659722
558961.4000241651,-0.0894165039,0.0061035156,9.7813415531,0.0016927083,-0.0000434028,-0.1745225694
558961.4100241649,-0.0872802734,0.0041198730,9.7819519046,0.0008680556,-0.0000325521,-0.1744791667
558961.4200241650,-0.0885009766,0.0054931641,9.7811889652,0.0019314236,-0.0000542535,-0.1744466146
558961.4300241650,-0.0881958008,0.0019836426,9.7814941409,0.0008246528,-0.0000325521,-0.1744140625
558961.4400241650,-0.0875854492,0.0109863281,9.7813415531,0.0018229167,-0.0000542535,-0.1745008680
558961.4500241650,-0.0883483887,0.0009155273,9.7814941409,0.0009548611,-0.0000434028,-0.1744900174
558961.4600241650,-0.0888061523,0.0083923340,9.7813415531,0.0014973958,-0.0000434028,-0.1744574653
558961.4700241650,-0.0881958008,0.0019836426,9.7814941409,0.0015625000,-0.0000542535,-0.1745117187
558961.4800241650,-0.0874328613,0.0080871582,9.7811889652,0.0009765625,-0.0000217014,-0.1745442708
558961.4900241650,-0.0863647461,0.0067138672,9.7819519046,0.0018988715,-0.0000651042,-0.1745876736
558961.5000241650,-0.0886535645,0.0004577637,9.7808837894,0.0007378472,-0.0000217014,-0.1746202257
558961.5100241660,-0.0885009766,0.0085449219,9.7805786136,0.0019205729,-0.0000434028,-0.1745876736
558961.5200241660,-0.0871276855,0.0025939941,9.7814941409,0.0009548611,-0.0000434028,-0.1746310764
558961.5300241660,-0.0875854492,0.0097656250,9.7807312015,0.0015516493,-0.0000542535,-0.1745985243
558961.5400241660,-0.0894165039,0.0010681152,9.7808837894,0.0013563368,-0.0000325521,-0.1745551215
558961.5500241660,-0.0883483887,0.0073242188,9.7819519046,0.0012044271,-0.0000434028,-0.1745225694
558961.5600241660,-0.0871276855,0.0056457520,9.7813415531,0.0017252604,-0.0000542535,-0.1745225694
558961.5700241660,-0.0875854492,0.0047302246,9.7811889652,0.0008246528,-0.0000434028,-0.1744900174
558961.5800241660,-0.0888061523,0.0067138672,9.7819519046,0.0019639757,-0.0000976562,-0.1745117187
558961.5900241660,-0.0885009766,0.0012207031,9.7817993167,0.0007703993,-0.0000000000,-0.1744791667
558961.6000241661,-0.0874328613,0.0112915039,9.7819519046,0.0018446181,-0.0000434028,-0.1745442708
558961.6100241659,-0.0881958008,0.0012207031,9.7808837894,0.0010525174,-0.0000542535,-0.1745442708
558961.6200241660,-0.0875854492,0.0073242188,9.7814941409,0.0014105903,-0.0000542535,-0.1745442708
558961.6300241660,-0.0874328613,0.0019836426,9.7811889652,0.0015842014,-0.0000651042,-0.1745768229
558961.6400241660,-0.0874328613,0.0074768066,9.7817993167,0.0009548611,-0.0000217014,-0.1745659722
558961.6500241660,-0.0888061523,0.0074768066,9.7813415531,0.0018663194,-0.0000542535,-0.1745659722
558961.6600241660,-0.0894165039,0.0015258789,9.7810363773,0.0007486979,-0.0000542535,-0.1745876736
558961.6700241660,-0.0868225098,0.0076293945,9.7819519046,0.0019314236,-0.0000542535,-0.1745442708
558961.6800241660,-0.0883483887,0.0015258789,9.7811889652,0.0009548611,-0.0000434028,-0.1745442708
558961.6900241660,-0.0881958008,0.0109863281,9.7814941409,0.0016276042,-0.0000542535,-0.1745008680
558961.7000241660,-0.0880432129,0.0006103516,9.7814941409,0.0013020833,-0.0000434028,-0.1745117187
558961.7100241660,-0.0883483887,0.0070190430,9.7814941409,0.0011718750,-0.0000542535,-0.1745117187
558961.7200241660,-0.0871276855,0.0038146973,9.7816467288,0.0017252604,-0.0000759549,-0.1745008680
558961.7300241661,-0.0880432129,0.0061035156,9.7814941409,0.0008680556,-0.0000000000,-0.1745117187
558961.7400241659,-0.0878906250,0.0079345703,9.7810363773,0.0019639757,-0.0000542535,-0.1745442708
558961.7500241660,-0.0889587402,0.0004577637,9.7811889652,0.0008029514,-0.0000542535,-0.1745551215
558961.7600241660,-0.0880432129,0.0094604492,9.7811889652,0.0018229167,-0.0000542535,-0.1746202257
558961.7700241660,-0.0868225098,0.0009155273,9.7816467288,0.0010308160,-0.0000434028,-0.1746202257
558961.7800241660,-0.0881958008,0.0094604492,9.7817993167,0.0014431424,-0.0000434028,-0.1745876736
558961.7900241660,-0.0886535645,0.0015258789,9.7811889652,0.0014973958,-0.0000434028,-0.1745442708
558961.8000241660,-0.0881958008,0.0062561035,9.7813415531,0.0009982639,-0.0000434028,-0.1745768229
558961.8100241660,-0.0877380371,0.0061035156,9.7814941409,0.0019531250,-0.0000651042,-0.1745551215
558961.8200241660,-0.0886535645,0.0028991699,9.7814941409,0.0007161458,-0.0000000000,-0.1745551215
558961.8300241660,-0.0883483887,0.0091552734,9.7816467288,0.0018988715,-0.0000651042,-0.1744683160
558961.8400241660,-0.0883483887,-0.0004577637,9.7813415531,0.0009548611,-0.0000542535,-0.1745442708
558961.8500241661,-0.0868225098,0.0102233887,9.7813415531,0.0015516493,-0.0000542535,-0.1745551215
558961.8600241659,-0.0866699219,0.0021362305,9.7814941409,0.0014105903,-0.0000434028,-0.1745117187
558961.8700241660,-0.0886535645,0.0064086914,9.7817993167,0.0011284722,-0.0000434028,-0.1745442708
558961.8800241660,-0.0885009766,0.0047302246,9.7817993167,0.0018012153,-0.0000542535,-0.1745442708
558961.8900241660,-0.0875854492,0.0038146973,9.7817993167,0.0008463542,-0.0000542535,-0.1745551215
558961.9000241660,-0.0878906250,0.0079345703,9.7808837894,0.0019097222,-0.0000542535,-0.1743489583
558961.9100241660,-0.0883483887,0.0006103516,9.7819519046,0.0008355035,-0.0000217014,-0.1744357639
558961.9200241660,-0.0886535645,0.0094604492,9.7811889652,0.0017795139,-0.0000759549,-0.1745551215
558961.9300241660,-0.0877380371,0.0015258789,9.7813415531,0.0011176215,-0.0000542535,-0.1746093750
558961.9400241660,-0.0872802734,0.0086975098,9.7811889652,0.0014756944,-0.0000542535,-0.1746202257
558961.9500241660,-0.0875854492,0.0021362305,9.7816467288,0.0014756944,-0.0000434028,-0.1746202257
558961.9600241660,-0.0888061523,0.0067138672,9.7817993167,0.0010633681,-0.0000325521,-0.1745985243
558961.9700241660,-0.0886535645,0.0050354004,9.7810363773,0.0017795139,-0.0000651042,-0.1745442708
558961.9800241661,-0.0869750977,0.0033569336,9.7814941409,0.0007921007,-0.0000434028,-0.1745334201
558961.9900241659,-0.0878906250,0.0070190430,9.7816467288,0.0019639757,-0.0000651042,-0.1744683160
558962.0000241660,-0.0894165039,0.0004577637,9.7816467288,0.0008355035,-0.0000217014,-0.1745008680
558962.0100241660,-0.0883483887,0.0111389160,9.7813415531,0.0018012153,-0.0000759549,-0.1747829861
558962.0200241660,-0.0875854492,0.0012207031,9.7814941409,0.0011284722,-0.0000325521,-0.1745334201
558962.0300241660,-0.0885009766,0.0073242188,9.7814941409,0.0013563368,-0.0000542535,-0.1745551215
558962.0400241660,-0.0888061523,0.0025939941,9.7814941409,0.0015516493,-0.0000651042,-0.1745551215
558962.0500241660,-0.0877380371,0.0071716309,9.7814941409,0.0010091146,-0.0000217014,-0.1745659722
558962.0600241660,-0.0874328613,0.0061035156,9.7813415531,0.0017903646,-0.0000542535,-0.1745659722
558962.0700241660,-0.0880432129,0.0021362305,9.7816467288,0.0008572049,-0.0000542535,-0.1745659722
558962.0800241660,-0.0883483887,0.0076293945,9.7811889652,0.0019748264,-0.0000759549,-0.1746202257
558962.0900241660,-0.0891113281,0.0016784668,9.7807312015,0.0008355035,-0.0000217014,-0.1745659722
558962.1000241661,-0.0869750977,0.0093078613,9.7810363773,0.0017469618,-0.0000325521,-0.1745876736
558962.1100241659,-0.0881958008,0.0001525879,9.7810363773,0.0011284722,-0.0000542535,-0.1745876736
558962.1200241660,-0.0894165039,0.0079345703,9.7816467288,0.0013671875,-0.0000542535,-0.1745768229
558962.1300241660,-0.0889587402,0.0032043457,9.7814941409,0.0015733507,-0.0000542535,-0.1745117187
558962.1400241660,-0.0883483887,0.0062561035,9.7813415531,0.0009765625,-0.0000434028,-0.1744791667
558962.1500241660,-0.0874328613,0.0047302246,9.7810363773,0.0018771701,-0.0000325521,-0.1744683160
558962.1600241660,-0.0877380371,0.0016784668,9.7814941409,0.0007703993,-0.0000542535,-0.1745225694
558962.1700241660,-0.0885009766,0.0094604492,9.7813415531,0.0019205729,-0.0000759549,-0.1745008680
558962.1800241660,-0.0875854492,0.0004577637,9.7811889652,0.0009114583,-0.0000325521,-0.1745659722
558962.1900241660,-0.0871276855,0.0093078613,9.7811889652,0.0016167535,-0.0000542535,-0.1745334201
558962.2000241660,-0.0883483887,0.0004577637,9.7816467288,0.0013237847,-0.0000542535,-0.1745442708
558962.2100241660,-0.0892639160,0.0077819824,9.7816467288,0.0012152778,-0.0000542535,-0.1745008680
558962.2200241660,-0.0875854492,0.0045776367,9.7816467288,0.0017252604,-0.0000651042,-0.1745551215
558962.2300241661,-0.0866699219,0.0048828125,9.7816467288,0.0008572049,-0.0000000000,-0.1745225694
558962.2400241659,-0.0881958008,0.0059509277,9.7810363773,0.0018988715,-0.0000542535,-0.1745334201
558962.2500241660,-0.0881958008,0.0012207031,9.7813415531,0.0007812500,-0.0000434028,-0.1745117187
558962.2600241660,-0.0877380371,0.0094604492,9.7817993167,0.0018446181,-0.0000651042,-0.1745551215
558962.2700241660,-0.0872802734,0.0001525879,9.7813415531,0.0010199653,-0.0000434028,-0.1745225694
558962.2800241660,-0.0881958008,0.0079345703,9.7814941409,0.0015516493,-0.0000434028,-0.1745442708
558962.2900241660,-0.0897216797,0.0019836426,9.7813415531,0.0013563368,-0.0000651042,-0.1745768229
558962.3000241660,-0.0897216797,0.0080871582,9.7811889652,0.0012044271,-0.0000542535,-0.1745442708
558962.3100241660,-0.0874328613,0.0041198730,9.7813415531,0.0016601562,-0.0000759549,-0.1745334201
558962.3200241660,-0.0874328613,0.0039672852,9.7811889652,0.0008572049,-0.0000217014,-0.1745551215
558962.3300241660,-0.0880432129,0.0067138672,9.7814941409,0.0019639757,-0.0000651042,-0.1745334201
558962.3400241660,-0.0894165039,0.0009155273,9.7817993167,0.0008029514,-0.0000434028,-0.1745876736
558962.3500241661,-0.0875854492,0.0094604492,9.7813415531,0.0018446181,-0.0000542535,-0.1745985243
558962.3600241659,-0.0852966309,0.0003051758,9.7814941409,0.0010091146,-0.0000325521,-0.1745985243
558962.3700241660,-0.0883483887,0.0096130371,9.7816467288,0.0015299479,-0.0000542535,-0.1745551215
558962.3800241660,-0.0897216797,0.0004577637,9.7817993167,0.0013997396,-0.0000651042,-0.1745985243
558962.3900241660,-0.0889587402,0.0067138672,9.7816467288,0.0010959201,-0.0000434028,-0.1745659722
558962.4000241660,-0.0865173340,0.0039672852,9.7819519046,0.0018120660,-0.0000542535,-0.1744791667
558962.4100241660,-0.0871276855,0.0036621094,9.7813415531,0.0008572049,-0.0000217014,-0.1744357639
558962.4200241660,-0.0901794434,0.0073242188,9.7813415531,0.0019205729,-0.0000542535,-0.1745117187
558962.4300241660,-0.0891113281,0.0009155273,9.7816467288,0.0008246528,-0.0000434028,-0.1745117187
558962.4400241660,-0.0865173340,0.0090026855,9.7811889652,0.0018012153,-0.0000651042,-0.1745442708
558962.4500241660,-0.0868225098,0.0009155273,9.7814941409,0.0010308160,-0.0000325521,-0.1745659722
558962.4600241660,-0.0892639160,0.0091552734,9.7813415531,0.0015299479,-0.0000651042,-0.1746093750
558962.4700241660,-0.0883483887,0.0006103516,9.7817993167,0.0013780382,-0.0000651042,-0.1745768229
558962.4800241661,-0.0868225098,0.0073242188,9.7814941409,0.0011827257,-0.0000325521,-0.1745442708
558962.4900241659,-0.0872802734,0.0035095215,9.7810363773,0.0017469618,-0.0000542535,-0.1744791667
558962.5000241660,-0.0885009766,0.0033569336,9.7813415531,0.0008572049,-0.0000217014,-0.1745876736
558962.5100241660,-0.0883483887,0.0073242188,9.7811889652,0.0019531250,-0.0000651042,-0.1745659722
558962.5200241660,-0.0872802734,0.0012207031,9.7817993167,0.0007921007,-0.0000325521,-0.1745985243
558962.5300241660,-0.0869750977,0.0082397461,9.7819519046,0.0018120660,-0.0000759549,-0.1745551215
558962.5400241660,-0.0885009766,-0.0001525879,9.7816467288,0.0010850694,-0.0000000000,-0.1745225694
558962.5500241660,-0.0881958008,0.0088500977,9.7816467288,0.0015190972,-0.0000651042,-0.1745334201
558962.5600241660,-0.0881958008,0.0022888184,9.7816467288,0.0013888889,-0.0000542535,-0.1745768229
558962.5700241660,-0.0880432129,0.0067138672,9.7817993167,0.0011393229,-0.0000434028,-0.1745768229
558962.5800241660,-0.0880432129,0.0033569336,9.7816467288,0.0017361111,-0.0000542535,-0.1745442708
558962.5900241670,-0.0897216797,0.0045776367,9.7811889652,0.0008789062,-0.0000434028,-0.1745985243
558962.6000241670,-0.0886535645,0.0064086914,9.7813415531,0.0019097222,-0.0000651042,-0.1745551215
558962.6100241670,-0.0880432129,0.0003051758,9.7817993167,0.0008246528,-0.0000542535,-0.1745768229
558962.6200241670,-0.0866699219,0.0094604492,9.7811889652,0.0018988715,-0.0000325521,-0.1745659722
558962.6300241670,-0.0880432129,0.0001525879,9.7816467288,0.0009548611,-0.0000325521,-0.1746202257
558962.6400241670,-0.0888061523,0.0091552734,9.7816467288,0.0015190972,-0.0000759549,-0.1746093750
558962.6500241670,-0.0868225098,0.0013732910,9.7816467288,0.0013888889,-0.0000651042,-0.1746093750
558962.6600241670,-0.0878906250,0.0068664551,9.7816467288,0.0011718750,-0.0000325521,-0.1745334201
558962.6700241670,-0.0883483887,0.0045776367,9.7813415531,0.0017361111,-0.0000868056,-0.1745225694
558962.6800241671,-0.0894165039,0.0028991699,9.7811889652,0.0009114583,-0.0000217014,-0.1745117187
558962.6900241670,-0.0878906250,0.0067138672,9.7811889652,0.0019314236,-0.0000651042,-0.1745008680
558962.7000241670,-0.0877380371,0.0015258789,9.7811889652,0.0007595486,-0.0000434028,-0.1745117187
558962.7100241670,-0.0875854492,0.0088500977,9.7814941409,0.0018446181,-0.0000542535,-0.1745117187
558962.7200241670,-0.0885009766,-0.0003051758,9.7816467288,0.0010091146,-0.0000325521,-0.1745334201
558962.7300241670,-0.0875854492,0.0090026855,9.7810363773,0.0015299479,-0.0000542535,-0.1745442708
558962.7400241670,-0.0878906250,0.0018310547,9.7808837894,0.0014648437,-0.0000759549,-0.1745334201
558962.7500241670,-0.0869750977,0.0064086914,9.7819519046,0.0010416667,-0.0000542535,-0.1745985243
558962.7600241670,-0.0880432129,0.0038146973,9.7816467288,0.0018446181,-0.0000542535,-0.1745876736
558962.7700241670,-0.0888061523,0.0021362305,9.7811889652,0.0007812500,-0.0000325521,-0.1745334201
558962.7800241670,-0.0875854492,0.0077819824,9.7811889652,0.0019205729,-0.0000759549,-0.1745442708
558962.7900241670,-0.0880432129,0.0013732910,9.7811889652,0.0008680556,-0.0000434028,-0.1745876736
558962.8000241671,-0.0885009766,0.0085449219,9.7819519046,0.0017578125,-0.0000759549,-0.1745659722
558962.8100241669,-0.0888061523,-0.0000000000,9.7810363773,0.0011176215,-0.0000325521,-0.1745659722
558962.8200241670,-0.0874328613,0.0080871582,9.7814941409,0.0014756944,-0.0000325521,-0.1744900174
558962.8300241670,-0.0872802734,0.0015258789,9.7808837894,0.0013997396,-0.0000759549,-0.1745768229
558962.8400241670,-0.0883483887,0.0067138672,9.7811889652,0.0011284722,-0.0000217014,-0.1745659722
558962.8500241670,-0.0885009766,0.0032043457,9.7811889652,0.0017361111,-0.0000651042,-0.1745117187
558962.8600241670,-0.0877380371,0.0042724609,9.7810363773,0.0008572049,-0.0000542535,-0.1745117187
558962.8700241670,-0.0874328613,0.0076293945,9.7813415531,0.0019639757,-0.0000759549,-0.1745117187
558962.8800241670,-0.0875854492,0.0007629395,9.7816467288,0.0008355035,-0.0000434028,-0.1745659722
558962.8900241670,-0.0891113281,0.0091552734,9.7817993167,0.0017903646,-0.0000759549,-0.1745442708
558962.9000241670,-0.0880432129,0.0004577637,9.7819519046,0.0010633681,-0.0000217014,-0.1745117187
558962.9100241670,-0.0877380371,0.0080871582,9.7811889652,0.0014431424,-0.0000542535,-0.1745334201
558962.9200241670,-0.0868225098,0.0015258789,9.7810363773,0.0014431424,-0.0000651042,-0.1745442708
558962.9300241671,-0.0881958008,0.0068664551,9.7817993167,0.0011176215,-0.0000325521,-0.1745659722
558962.9400241670,-0.0881958008,0.0050354004,9.7816467288,0.0017578125,-0.0000651042,-0.1745225694
558962.9500241670,-0.0886535645,0.0012207031,9.7814941409,0.0009223090,-0.0000434028,-0.1744900174
558962.9600241670,-0.0863647461,0.0061035156,9.7810363773,0.0018446181,-0.0000651042,-0.1745225694
558962.9700241670,-0.0880432129,0.0022888184,9.7817993167,0.0008572049,-0.0000759549,-0.1745768229
558962.9800241670,-0.0888061523,0.0086975098,9.7816467288,0.0018337674,-0.0000651042,-0.1745117187
558962.9900241670,-0.0886535645,-0.0004577637,9.7811889652,0.0009657118,-0.0000434028,-0.1745225694
558963.0000241670,-0.0871276855,0.0074768066,9.7814941409,0.0016493056,-0.0000651042,-0.1745334201
558963.0100241670,-0.0869750977,0.0021362305,9.7807312015,0.0013020833,-0.0000651042,-0.1748697917
558963.0200241670,-0.0885009766,0.0076293945,9.7814941409,0.0012912326,-0.0000434028,-0.1745551215
558963.0300241670,-0.0886535645,0.0024414063,9.7813415531,0.0016276042,-0.0000651042,-0.1745334201
558963.0400241670,-0.0866699219,0.0033569336,9.7819519046,0.0009331597,-0.0000217014,-0.1745334201
558963.0500241671,-0.0874328613,0.0064086914,9.7808837894,0.0018337674,-0.0000868056,-0.1745334201
558963.0600241669,-0.0888061523,0.0035095215,9.7813415531,0.0008572049,-0.0000434028,-0.1745768229
558963.0700241670,-0.0894165039,0.0076293945,9.7814941409,0.0018880208,-0.0000651042,-0.1745876736
558963.0800241670,-0.0880432129,0.0001525879,9.7816467288,0.0008897569,-0.0000542535,-0.1745117187
558963.0900241670,-0.0874328613,0.0083923340,9.7816467288,0.0017469618,-0.0000434028,-0.1745225694
558963.1000241670,-0.0872802734,0.0006103516,9.7811889652,0.0011718750,-0.0000325521,-0.1745334201
558963.1100241670,-0.0886535645,0.0086975098,9.7817993167,0.0012912326,-0.0000759549,-0.1745225694
558963.1200241670,-0.0880432129,0.0015258789,9.7817993167,0.0016167535,-0.0000434028,-0.1745442708
558963.1300241670,-0.0880432129,0.0045776367,9.7810363773,0.0009548611,-0.0000542535,-0.1745225694
558963.1400241670,-0.0875854492,0.0064086914,9.7810363773,0.0019205729,-0.0000759549,-0.1745117187
558963.1500241670,-0.0877380371,0.0021362305,9.7810363773,0.0007921007,-0.0000434028,-0.1745334201
558963.1600241670,-0.0880432129,0.0068664551,9.7819519046,0.0019097222,-0.0000651042,-0.1745225694
558963.1700241670,-0.0880432129,-0.0000000000,9.7811889652,0.0009223090,-0.0000325521,-0.1745334201
558963.1800241671,-0.0869750977,0.0097656250,9.7811889652,0.0016710069,-0.0000434028,-0.1745334201
558963.1900241670,-0.0898742676,0.0010681152,9.7814941409,0.0012261285,-0.0000651042,-0.1745442708
558963.2000241670,-0.0872802734,0.0071716309,9.7819519046,0.0013129340,-0.0000651042,-0.1745876736
558963.2100241670,-0.0868225098,0.0022888184,9.7817993167,0.0016493056,-0.0000542535,-0.1745876736
558963.2200241670,-0.0871276855,0.0045776367,9.7813415531,0.0009440104,-0.0000217014,-0.1745225694
558963.2300241670,-0.0885009766,0.0056457520,9.7813415531,0.0018880208,-0.0000651042,-0.1745551215
558963.2400241670,-0.0883483887,0.0018310547,9.7814941409,0.0007703993,-0.0000651042,-0.1745008680
558963.2500241670,-0.0871276855,0.0073242188,9.7811889652,0.0019097222,-0.0000759549,-0.1744791667
558963.2600241670,-0.0871276855,-0.0000000000,9.7816467288,0.0009331597,-0.0000000000,-0.1744574653
558963.2700241670,-0.0888061523,0.0094604492,9.7811889652,0.0016927083,-0.0000868056,-0.1744683160
558963.2800241670,-0.0888061523,0.0012207031,9.7819519046,0.0012369792,-0.0000759549,-0.1745225694
558963.2900241670,-0.0869750977,0.0067138672,9.7816467288,0.0013020833,-0.0000542535,-0.1745876736
558963.3000241671,-0.0877380371,0.0016784668,9.7814941409,0.0016059028,-0.0000651042,-0.1745442708
558963.3100241669,-0.0875854492,0.0050354004,9.7814941409,0.0009765625,-0.0000217014,-0.1745659722
558963.3200241670,-0.0883483887,0.0057983398,9.7808837894,0.0018446181,-0.0000651042,-0.1745442708
558963.3300241670,-0.0883483887,0.0015258789,9.7817993167,0.0008355035,-0.0000868056,-0.1745985243
558963.3400241670,-0.0852966309,0.0085449219,9.7808837894,0.0019314236,-0.0000651042,-0.1745985243
558963.3500241670,-0.0888061523,-0.0003051758,9.7817993167,0.0009223090,-0.0000000000,-0.1745876736
558963.3600241670,-0.0901794434,0.0085449219,9.7816467288,0.0016493056,-0.0000651042,-0.1745876736
558963.3700241670,-0.0883483887,-0.0000000000,9.7813415531,0.0012695312,-0.0000868056,-0.1745876736
558963.3800241670,-0.0866699219,0.0079345703,9.7807312015,0.0012044271,-0.0000542535,-0.1745442708
558963.3900241670,-0.0871276855,0.0032043457,9.7813415531,0.0017035590,-0.0000651042,-0.1745117187
558963.4000241670,-0.0892639160,0.0027465820,9.7816467288,0.0009223090,-0.0000325521,-0.1744900174
558963.4100241670,-0.0904846191,0.0059509277,9.7811889652,0.0019097222,-0.0001193576,-0.1744791667
558963.4200241670,-0.0871276855,0.0022888184,9.7808837894,0.0008246528,-0.0000651042,-0.1745225694
558963.4300241671,-0.0866699219,0.0088500977,9.7813415531,0.0018988715,-0.0000542535,-0.1745442708
558963.4400241670,-0.0891113281,-0.0010681152,9.7817993167,0.0009331597,-0.0000325521,-0.1745442708
558963.4500241670,-0.0892639160,0.0088500977,9.7819519046,0.0015842014,-0.0000651042,-0.1745442708
558963.4600241670,-0.0878906250,0.0012207031,9.7814941409,0.0013888889,-0.0000868056,-0.1745768229
558963.4700241670,-0.0872802734,0.0062561035,9.7808837894,0.0011718750,-0.0000651042,-0.1745768229
558963.4800241670,-0.0874328613,0.0032043457,9.7816467288,0.0017578125,-0.0000217014,-0.1745442708
558963.4900241670,-0.0900268555,0.0032043457,9.7813415531,0.0008463542,-0.0000434028,-0.1745876736
558963.5000241670,-0.0891113281,0.0070190430,9.7807312015,0.0019205729,-0.0000868056,-0.1745876736
558963.5100241670,-0.0866699219,0.0009155273,9.7819519046,0.0008246528,-0.0000325521,-0.1745768229
558963.5200241670,-0.0872802734,0.0083923340,9.7816467288,0.0018446181,-0.0000434028,-0.1745225694
558963.5300241670,-0.0883483887,-0.0004577637,9.7814941409,0.0010308160,-0.0000434028,-0.1745008680
558963.5400241670,-0.0888061523,0.0085449219,9.7813415531,0.0015842014,-0.0000651042,-0.1745117187
558963.5500241671,-0.0871276855,0.0009155273,9.7816467288,0.0013671875,-0.0000868056,-0.1745117187
558963.5600241669,-0.0874328613,0.0074768066,9.7819519046,0.0012586806,-0.0000434028,-0.1745117187
558963.5700241670,-0.0892639160,0.0022888184,9.7816467288,0.0016059028,-0.0000759549,-0.1745225694
558963.5800241670,-0.0889587402,0.0042724609,9.7810363773,0.0009548611,-0.0000325521,-0.1745442708
558963.5900241670,-0.0865173340,0.0054931641,9.7810363773,0.0018988715,-0.0000868056,-0.1745876736
558963.6000241670,-0.0872802734,0.0010681152,9.7816467288,0.0007921007,-0.0000434028,-0.1745876736
558963.6100241670,-0.0889587402,0.0080871582,9.7811889652,0.0019205729,-0.0000868056,-0.1745551215
558963.6200241670,-0.0894165039,-0.0004577637,9.7810363773,0.0009548611,-0.0000325521,-0.1745876736
558963.6300241670,-0.0871276855,0.0086975098,9.7808837894,0.0015842014,-0.0000542535,-0.1745768229
558963.6400241670,-0.0862121582,0.0001525879,9.7813415531,0.0013237847,-0.0000651042,-0.1745442708
558963.6500241670,-0.0881958008,0.0062561035,9.7810363773,0.0011718750,-0.0000434028,-0.1745768229
558963.6600241680,-0.0888061523,0.0028991699,9.7813415531,0.0017578125,-0.0000759549,-0.1745225694
558963.6700241680,-0.0881958008,0.0033569336,9.7816467288,0.0008680556,-0.0000542535,-0.1745551215
558963.6800241680,-0.0874328613,0.0065612793,9.7813415531,0.0019531250,-0.0000651042,-0.1745334201
558963.6900241680,-0.0878906250,0.0004577637,9.7819519046,0.0007921007,-0.0000651042,-0.1745551215
558963.7000241680,-0.0881958008,0.0080871582,9.7813415531,0.0018663194,-0.0000434028,-0.1745551215
558963.7100241680,-0.0880432129,0.0003051758,9.7821044925,0.0009765625,-0.0000434028,-0.1745876736
558963.7200241680,-0.0877380371,0.0077819824,9.7814941409,0.0015625000,-0.0000759549,-0.1745334201
558963.7300241680,-0.0872802734,0.0003051758,9.7816467288,0.0013237847,-0.0000759549,-0.1746093750
558963.7400241680,-0.0888061523,0.0074768066,9.7808837894,0.0012912326,-0.0000434028,-0.1745876736
558963.7500241681,-0.0895690918,0.0024414063,9.7813415531,0.0016710069,-0.0000868056,-0.1745659722
558963.7600241679,-0.0862121582,0.0038146973,9.7814941409,0.0009440104,-0.0000000000,-0.1745117187
558963.7700241680,-0.0871276855,0.0053405762,9.7811889652,0.0019205729,-0.0000542535,-0.1745117187
558963.7800241680,-0.0885009766,0.0016784668,9.7813415531,0.0007812500,-0.0000651042,-0.1745008680
558963.7900241680,-0.0892639160,0.0077819824,9.7813415531,0.0019097222,-0.0000759549,-0.1745117187
558963.8000241680,-0.0877380371,-0.0007629395,9.7817993167,0.0009982639,-0.0000542535,-0.1744574653
558963.8100241680,-0.0875854492,0.0077819824,9.7816467288,0.0016276042,-0.0000759549,-0.1745117187
558963.8200241680,-0.0881958008,0.0006103516,9.7810363773,0.0013237847,-0.0000651042,-0.1745117187
558963.8300241680,-0.0889587402,0.0057983398,9.7819519046,0.0012261285,-0.0000651042,-0.1745008680
558963.8400241680,-0.0885009766,0.0022888184,9.7808837894,0.0017144097,-0.0000868056,-0.1745008680
558963.8500241680,-0.0866699219,0.0035095215,9.7814941409,0.0008897569,-0.0000542535,-0.1745334201
558963.8600241680,-0.0874328613,0.0062561035,9.7814941409,0.0018988715,-0.0000542535,-0.1745551215
558963.8700241680,-0.0878906250,0.0016784668,9.7817993167,0.0008789062,-0.0000651042,-0.1745768229
558963.8800241679,-0.0885009766,0.0067138672,9.7816467288,0.0018663194,-0.0000759549,-0.1745225694
558963.8900241680,-0.0869750977,0.0006103516,9.7814941409,0.0009331597,-0.0000325521,-0.1746093750
558963.9000241680,-0.0874328613,0.0090026855,9.7813415531,0.0017361111,-0.0000542535,-0.1745876736
558963.9100241680,-0.0881958008,-0.0000000000,9.7813415531,0.0011284722,-0.0000759549,-0.1745985243
558963.9200241680,-0.0886535645,0.0077819824,9.7811889652,0.0013780382,-0.0000651042,-0.1745768229
558963.9300241680,-0.0886535645,0.0003051758,9.7811889652,0.0015407986,-0.0000759549,-0.1745225694
558963.9400241680,-0.0872802734,0.0054931641,9.7814941409,0.0010850694,-0.0000325521,-0.1745117187
558963.9500241680,-0.0878906250,0.0041198730,9.7817993167,0.0018446181,-0.0000759549,-0.1745117187
558963.9600241680,-0.0886535645,0.0021362305,9.7814941409,0.0007812500,-0.0000325521,-0.1744791667
558963.9700241680,-0.0880432129,0.0070190430,9.7817993167,0.0019639757,-0.0001302083,-0.1745225694
558963.9800241680,-0.0877380371,0.0001525879,9.7811889652,0.0008572049,-0.0000325521,-0.1745551215
558963.9900241680,-0.0874328613,0.0090026855,9.7814941409,0.0017252604,-0.0000651042,-0.1745442708
558964.0000241681,-0.0880432129,-0.0001525879,9.7811889652,0.0012152778,-0.0000759549,-0.1745985243
558964.0100241679,-0.0880432129,0.0074768066,9.7817993167,0.0013454861,-0.0000542535,-0.1748589410
558964.0200241680,-0.0880432129,0.0019836426,9.7816467288,0.0016927083,-0.0000651042,-0.1745551215
558964.0300241680,-0.0878906250,0.0051879883,9.7819519046,0.0008680556,-0.0000434028,-0.1745768229
558964.0400241680,-0.0889587402,0.0062561035,9.7816467288,0.0019205729,-0.0000759549,-0.1745659722
558964.0500241680,-0.0892639160,-0.0007629395,9.7811889652,0.0007595486,-0.0000651042,-0.1745768229
558964.0600241680,-0.0874328613,0.0088500977,9.7819519046,0.0018988715,-0.0000759549,-0.1745334201
558964.0700241680,-0.0871276855,-0.0000000000,9.7816467288,0.0010308160,-0.0000434028,-0.1745659722
558964.0800241680,-0.0878906250,0.0076293945,9.7811889652,0.0015516493,-0.0000542535,-0.1745334201
558964.0900241680,-0.0881958008,0.0004577637,9.7816467288,0.0013888889,-0.0000759549,-0.1745442708
558964.1000241680,-0.0883483887,0.0056457520,9.7821044925,0.0011501736,-0.0000542535,-0.1745225694
558964.1100241680,-0.0875854492,0.0033569336,9.7814941409,0.0017252604,-0.0000759549,-0.1744683160
558964.1200241680,-0.0877380371,0.0038146973,9.7810363773,0.0008572049,-0.0000434028,-0.1745008680
558964.1300241679,-0.0883483887,0.0057983398,9.7816467288,0.0019639757,-0.0000759549,-0.1745008680
558964.1400241680,-0.0889587402,-0.0010681152,9.7816467288,0.0008029514,-0.0000434028,-0.1745334201
558964.1500241680,-0.0872802734,0.0100708008,9.7808837894,0.0018988715,-0.0000868056,-0.1745659722
558964.1600241680,-0.0874328613,-0.0001525879,9.7824096683,0.0010308160,-0.0000217014,-0.1745876736
558964.1700241680,-0.0881958008,0.0064086914,9.7811889652,0.0014648437,-0.0000868056,-0.1745876736
558964.1800241680,-0.0881958008,0.0015258789,9.7808837894,0.0014756944,-0.0000759549,-0.1746093750
558964.1900241680,-0.0875854492,0.0067138672,9.7814941409,0.0011176215,-0.0000434028,-0.1745985243
558964.2000241680,-0.0888061523,0.0038146973,9.7810363773,0.0017795139,-0.0000868056,-0.1745551215
558964.2100241680,-0.0878906250,0.0007629395,9.7813415531,0.0008789062,-0.0000325521,-0.1745551215
558964.2200241680,-0.0878906250,0.0056457520,9.7808837894,0.0019531250,-0.0000651042,-0.1745225694
558964.2300241680,-0.0877380371,0.0013732910,9.7816467288,0.0008355035,-0.0000651042,-0.1745768229
558964.2400241680,-0.0877380371,0.0088500977,9.7817993167,0.0018120660,-0.0000759549,-0.1745876736
558964.2500241681,-0.0892639160,-0.0015258789,9.7821044925,0.0010199653,-0.0000542535,-0.1745659722
558964.2600241679,-0.0872802734,0.0074768066,9.7811889652,0.0015625000,-0.0000651042,-0.1745442708
558964.2700241680,-0.0880432129,0.0015258789,9.7808837894,0.0014105903,-0.0000542535,-0.1745876736
558964.2800241680,-0.0885009766,0.0068664551,9.7814941409,0.0011718750,-0.0000542535,-0.1745442708
558964.2900241680,-0.0880432129,0.0019836426,9.7810363773,0.0017469618,-0.0000651042,-0.1745442708
558964.3000241680,-0.0877380371,0.0025939941,9.7813415531,0.0008897569,-0.0000542535,-0.1745008680
558964.3100241680,-0.0869750977,0.0074768066,9.7808837894,0.0018988715,-0.0000651042,-0.1745551215
558964.3200241680,-0.0881958008,0.0009155273,9.7817993167,0.0008029514,-0.0000434028,-0.1745768229
558964.3300241680,-0.0885009766,0.0076293945,9.7814941409,0.0018880208,-0.0000868056,-0.1745334201
558964.3400241680,-0.0891113281,-0.0006103516,9.7816467288,0.0010308160,-0.0000542535,-0.1745334201
558964.3500241680,-0.0874328613,0.0080871582,9.7817993167,0.0015842014,-0.0000651042,-0.1745334201
558964.3600241680,-0.0881958008,0.0004577637,9.7813415531,0.0013129340,-0.0000651042,-0.1745225694
558964.3700241680,-0.0883483887,0.0059509277,9.7819519046,0.0012586806,-0.0000759549,-0.1745117187
558964.3800241679,-0.0892639160,0.0016784668,9.7814941409,0.0016384549,-0.0000651042,-0.1745008680
558964.3900241680,-0.0874328613,0.0053405762,9.7817993167,0.0010199653,-0.0000434028,-0.1745876736
558964.4000241680,-0.0874328613,0.0050354004,9.7814941409,0.0018229167,-0.0000759549,-0.1746202257
558964.4100241680,-0.0883483887,0.0013732910,9.7813415531,0.0008897569,-0.0000434028,-0.1746419271
558964.4200241680,-0.0878906250,0.0056457520,9.7814941409,0.0019097222,-0.0000759549,-0.1746093750
558964.4300241680,-0.0885009766,0.0009155273,9.7814941409,0.0008680556,-0.0000542535,-0.1745985243
558964.4400241680,-0.0868225098,0.0090026855,9.7819519046,0.0017469618,-0.0000542535,-0.1745659722
558964.4500241680,-0.0880432129,-0.0019836426,9.7811889652,0.0011501736,-0.0000651042,-0.1745659722
558964.4600241680,-0.0885009766,0.0068664551,9.7816467288,0.0013780382,-0.0000759549,-0.1745225694
558964.4700241680,-0.0878906250,0.0030517578,9.7810363773,0.0016384549,-0.0001085069,-0.1745768229
558964.4800241680,-0.0871276855,0.0039672852,9.7808837894,0.0009548611,-0.0000434028,-0.1745225694
558964.4900241680,-0.0871276855,0.0025939941,9.7817993167,0.0018880208,-0.0000759549,-0.1745225694
558964.5000241681,-0.0889587402,0.0009155273,9.7810363773,0.0008246528,-0.0000651042,-0.1745225694
558964.5100241679,-0.0894165039,0.0090026855,9.7819519046,0.0019205729,-0.0001085069,-0.1745117187
558964.5200241680,-0.0874328613,-0.0003051758,9.7811889652,0.0008897569,-0.0000542535,-0.1745334201
558964.5300241680,-0.0875854492,0.0071716309,9.7814941409,0.0016710069,-0.0000651042,-0.1745117187
558964.5400241680,-0.0881958008,-0.0006103516,9.7817993167,0.0013020833,-0.0000651042,-0.1745117187
558964.5500241680,-0.0889587402,0.0074768066,9.7819519046,0.0013129340,-0.0000868056,-0.1745768229
558964.5600241680,-0.0877380371,0.0025939941,9.7816467288,0.0016384549,-0.0000542535,-0.1745334201
558964.5700241680,-0.0869750977,0.0030517578,9.7816467288,0.0009440104,-0.0000434028,-0.1745876736
558964.5800241680,-0.0883483887,0.0035095215,9.7810363773,0.0018446181,-0.0000759549,-0.1745442708
558964.5900241680,-0.0888061523,0.0021362305,9.7813415531,0.0008463542,-0.0000542535,-0.1746093750
558964.6000241680,-0.0865173340,0.0086975098,9.7810363773,0.0018988715,-0.0000759549,-0.1745551215
558964.6100241680,-0.0880432129,-0.0010681152,9.7816467288,0.0008897569,-0.0000434028,-0.1745659722
558964.6200241680,-0.0883483887,0.0061035156,9.7817993167,0.0017361111,-0.0000542535,-0.1745008680
558964.6300241679,-0.0878906250,-0.0000000000,9.7814941409,0.0012044271,-0.0000868056,-0.1745334201
558964.6400241680,-0.0875854492,0.0090026855,9.7819519046,0.0013237847,-0.0000651042,-0.1745225694
558964.6500241680,-0.0878906250,-0.0000000000,9.7816467288,0.0015733507,-0.0000651042,-0.1745117187
558964.6600241680,-0.0892639160,0.0036621094,9.7813415531,0.0010091146,-0.0000542535,-0.1744900174
558964.6700241680,-0.0891113281,0.0054931641,9.7810363773,0.0019639757,-0.0001085069,-0.1745008680
558964.6800241680,-0.0863647461,0.0012207031,9.7816467288,0.0007703993,-0.0000542535,-0.1745768229
558964.6900241680,-0.0869750977,0.0077819824,9.7807312015,0.0019531250,-0.0001085069,-0.1745551215
558964.7000241680,-0.0880432129,-0.0027465820,9.7816467288,0.0009765625,-0.0000434028,-0.1745225694
558964.7100241680,-0.0888061523,0.0093078613,9.7814941409,0.0015516493,-0.0000651042,-0.1745551215
558964.7200241680,-0.0892639160,0.0010681152,9.7810363773,0.0014648437,-0.0000868056,-0.1745768229
558964.7300241690,-0.0868225098,0.0053405762,9.7822570804,0.0010308160,-0.0000542535,-0.1745876736
558964.7400241690,-0.0877380371,0.0032043457,9.7813415531,0.0019205729,-0.0000651042,-0.1745659722
558964.7500241690,-0.0888061523,0.0013732910,9.7816467288,0.0008246528,-0.0000434028,-0.1745334201
558964.7600241690,-0.0888061523,0.0070190430,9.7810363773,0.0019639757,-0.0000651042,-0.1745442708
558964.7700241690,-0.0871276855,-0.0001525879,9.7811889652,0.0008572049,-0.0000759549,-0.1745117187
558964.7800241690,-0.0874328613,0.0070190430,9.7817993167,0.0017035590,-0.0000759549,-0.1744683160
558964.7900241690,-0.0885009766,-0.0010681152,9.7817993167,0.0012586806,-0.0000542535,-0.1745008680
558964.8000241690,-0.0883483887,0.0083923340,9.7804260257,0.0013780382,-0.0000651042,-0.1745225694
558964.8100241690,-0.0868225098,0.0021362305,9.7821044925,0.0015299479,-0.0001085069,-0.1745442708
558964.8200241691,-0.0877380371,0.0025939941,9.7824096683,0.0010308160,-0.0000434028,-0.1745442708
558964.8300241689,-0.0880432129,0.0027465820,9.7816467288,0.0018880208,-0.0000868056,-0.1745442708
558964.8400241690,-0.0874328613,0.0038146973,9.7811889652,0.0008246528,-0.0000434028,-0.1745659722
558964.8500241690,-0.0872802734,0.0082397461,9.7811889652,0.0018988715,-0.0000542535,-0.1745551215
558964.8600241690,-0.0869750977,-0.0030517578,9.7810363773,0.0008680556,-0.0000759549,-0.1745659722
558964.8700241690,-0.0877380371,0.0070190430,9.7811889652,0.0018229167,-0.0000759549,-0.1745985243
558964.8800241690,-0.0898742676,0.0004577637,9.7821044925,0.0012044271,-0.0000325521,-0.1745768229
558964.8900241690,-0.0883483887,0.0086975098,9.7821044925,0.0013129340,-0.0000651042,-0.1745551215
558964.9000241690,-0.0869750977,-0.0000000000,9.7813415531,0.0016167535,-0.0000868056,-0.1745334201
558964.9100241690,-0.0880432129,0.0028991699,9.7822570804,0.0009440104,-0.0000651042,-0.1745117187
558964.9200241690,-0.0886535645,0.0051879883,9.7813415531,0.0019748264,-0.0000976562,-0.1744683160
558964.9300241690,-0.0874328613,0.0015258789,9.7811889652,0.0007703993,-0.0000434028,-0.1744900174
558964.9400241690,-0.0877380371,0.0070190430,9.7814941409,0.0019314236,-0.0000542535,-0.1745334201
558964.9500241691,-0.0877380371,-0.0022888184,9.7808837894,0.0009657118,-0.0000651042,-0.1745334201
558964.9600241689,-0.0875854492,0.0080871582,9.7814941409,0.0016384549,-0.0000868056,-0.1745334201
558964.9700241690,-0.0877380371,0.0010681152,9.7817993167,0.0013129340,-0.0000542535,-0.1745551215
558964.9800241690,-0.0874328613,0.0068664551,9.7814941409,0.0012152778,-0.0000651042,-0.1745442708
558964.9900241690,-0.0885009766,0.0001525879,9.7810363773,0.0017144097,-0.0000868056,-0.1745659722
558965.0000241690,-0.0881958008,0.0025939941,9.7819519046,0.0009331597,-0.0000759549,-0.1745768229
558965.0100241690,-0.0881958008,0.0073242188,9.7817993167,0.0019965278,-0.0000759549,-0.1748263889
558965.0200241690,-0.0872802734,0.0001525879,9.7811889652,0.0007703993,-0.0000434028,-0.1745659722
558965.0300241690,-0.0881958008,0.0065612793,9.7810363773,0.0018771701,-0.0001085069,-0.1745117187
558965.0400241690,-0.0885009766,-0.0022888184,9.7817993167,0.0010525174,-0.0000542535,-0.1744900174
558965.0500241690,-0.0875854492,0.0086975098,9.7814941409,0.0014865451,-0.0000759549,-0.1745225694
558965.0600241690,-0.0878906250,0.0013732910,9.7813415531,0.0015407986,-0.0000542535,-0.1745225694
558965.0700241691,-0.0881958008,0.0041198730,9.7814941409,0.0010091146,-0.0000651042,-0.1745225694
558965.0800241689,-0.0889587402,0.0032043457,9.7813415531,0.0019314236,-0.0000868056,-0.1745225694
558965.0900241690,-0.0880432129,0.0013732910,9.7816467288,0.0008246528,-0.0000651042,-0.1745768229
558965.1000241690,-0.0874328613,0.0083923340,9.7817993167,0.0019205729,-0.0000542535,-0.1745442708
558965.1100241690,-0.0881958008,-0.0019836426,9.7816467288,0.0009114583,-0.0000651042,-0.1745768229
558965.1200241690,-0.0875854492,0.0073242188,9.7810363773,0.0017144097,-0.0000651042,-0.1745334201
558965.1300241690,-0.0869750977,-0.0004577637,9.7817993167,0.0012586806,-0.0000651042,-0.1745876736
558965.1400241690,-0.0880432129,0.0074768066,9.7816467288,0.0013780382,-0.0000542535,-0.1745985243
558965.1500241690,-0.0877380371,0.0006103516,9.7819519046,0.0016059028,-0.0000651042,-0.1745876736
558965.1600241690,-0.0878906250,0.0033569336,9.7810363773,0.0009765625,-0.0000542535,-0.1745876736
558965.1700241690,-0.0889587402,0.0045776367,9.7811889652,0.0019097222,-0.0001193576,-0.1745985243
558965.1800241690,-0.0878906250,0.0010681152,9.7813415531,0.0007812500,-0.0000434028,-0.1745659722
558965.1900241690,-0.0878906250,0.0067138672,9.7813415531,0.0019531250,-0.0000759549,-0.1745334201
558965.2000241691,-0.0881958008,-0.0015258789,9.7813415531,0.0009440104,-0.0000542535,-0.1744791667
558965.2100241689,-0.0874328613,0.0091552734,9.7811889652,0.0017035590,-0.0000759549,-0.1744683160
558965.2200241690,-0.0869750977,-0.0004577637,9.7813415531,0.0012912326,-0.0000759549,-0.1745117187
558965.2300241690,-0.0875854492,0.0051879883,9.7811889652,0.0012586806,-0.0000542535,-0.1745117187
558965.2400241690,-0.0878906250,0.0015258789,9.7816467288,0.0017035590,-0.0000868056,-0.1745117187
558965.2500241690,-0.0877380371,0.0044250488,9.7811889652,0.0009223090,-0.0000651042,-0.1745334201
558965.2600241690,-0.0869750977,0.0050354004,9.7811889652,0.0019639757,-0.0000868056,-0.1745551215
558965.2700241690,-0.0866699219,-0.0004577637,9.7811889652,0.0007703993,-0.0000542535,-0.1745985243
558965.2800241690,-0.0885009766,0.0073242188,9.7816467288,0.0019531250,-0.0000759549,-0.1745334201
558965.2900241690,-0.0883483887,-0.0001525879,9.7813415531,0.0010199653,-0.0000325521,-0.1745768229
558965.3000241690,-0.0880432129,0.0080871582,9.7813415531,0.0015625000,-0.0000759549,-0.1745876736
558965.3100241690,-0.0872802734,-0.0000000000,9.7811889652,0.0012912326,-0.0000868056,-0.1745551215
558965.3200241691,-0.0874328613,0.0057983398,9.7814941409,0.0013020833,-0.0000542535,-0.1745442708
558965.3300241689,-0.0881958008,0.0010681152,9.7813415531,0.0016710069,-0.0000868056,-0.1745117187
558965.3400241690,-0.0877380371,0.0050354004,9.7814941409,0.0009765625,-0.0000325521,-0.1744791667
558965.3500241690,-0.0872802734,0.0045776367,9.7811889652,0.0018446181,-0.0001085069,-0.1744791667
558965.3600241690,-0.0875854492,0.0001525879,9.7811889652,0.0008680556,-0.0000542535,-0.1744466146
558965.3700241690,-0.0866699219,0.0051879883,9.7817993167,0.0019531250,-0.0000759549,-0.1745334201
558965.3800241690,-0.0883483887,0.0009155273,9.7808837894,0.0008463542,-0.0000542535,-0.1745768229
558965.3900241690,-0.0875854492,0.0076293945,9.7814941409,0.0017361111,-0.0000759549,-0.1745876736
558965.4000241690,-0.0883483887,-0.0018310547,9.7817993167,0.0012044271,-0.0000651042,-0.1745768229
558965.4100241690,-0.0880432129,0.0064086914,9.7814941409,0.0013997396,-0.0000759549,-0.1745876736
558965.4200241690,-0.0881958008,0.0021362305,9.7817993167,0.0016493056,-0.0000542535,-0.1745442708
558965.4300241690,-0.0872802734,0.0044250488,9.7816467288,0.0009331597,-0.0000434028,-0.1745659722
558965.4400241690,-0.0871276855,0.0039672852,9.7813415531,0.0018988715,-0.0000651042,-0.1745442708
558965.4500241691,-0.0883483887,-0.0000000000,9.7817993167,0.0007921007,-0.0000651042,-0.1745768229
558965.4600241689,-0.0877380371,0.0073242188,9.7816467288,0.0019748264,-0.0000759549,-0.1745551215
558965.4700241690,-0.0871276855,-0.0010681152,9.7813415531,0.0009548611,-0.0000542535,-0.1745225694
558965.4800241690,-0.0869750977,0.0083923340,9.7814941409,0.0016384549,-0.0000434028,-0.1745551215
558965.4900241690,-0.0877380371,-0.0004577637,9.7813415531,0.0013237847,-0.0000759549,-0.1745551215
558965.5000241690,-0.0880432129,0.0065612793,9.7814941409,0.0011827257,-0.0000759549,-0.1745334201
558965.5100241690,-0.0877380371,0.0022888184,9.7813415531,0.0017903646,-0.0000759549,-0.1745225694
558965.5200241690,-0.0877380371,0.0021362305,9.7816467288,0.0008355035,-0.0000542535,-0.1745008680
558965.5300241690,-0.0872802734,0.0061035156,9.7814941409,0.0019965278,-0.0001085069,-0.1745442708
558965.5400241690,-0.0880432129,-0.0001525879,9.7817993167,0.0008463542,-0.0000651042,-0.1745659722
558965.5500241690,-0.0878906250,0.0083923340,9.7814941409,0.0018446181,-0.0000759549,-0.1745551215
558965.5600241690,-0.0877380371,-0.0019836426,9.7821044925,0.0011284722,-0.0000651042,-0.1745768229
558965.5700241691,-0.0869750977,0.0073242188,9.7816467288,0.0014322917,-0.0000651042,-0.1745768229
558965.5800241689,-0.0885009766,0.0003051758,9.7817993167,0.0015625000,-0.0001085069,-0.1745768229
558965.5900241690,-0.0892639160,0.0045776367,9.7816467288,0.0010091146,-0.0000759549,-0.1745768229
558965.6000241690,-0.0877380371,0.0036621094,9.7813415531,0.0019531250,-0.0000759549,-0.1745442708
558965.6100241690,-0.0865173340,0.0001525879,9.7813415531,0.0008246528,-0.0000434028,-0.1744791667
558965.6200241690,-0.0866699219,0.0080871582,9.7807312015,0.0019314236,-0.0000759549,-0.1744683160
558965.6300241690,-0.0878906250,-0.0009155273,9.7814941409,0.0009114583,-0.0000759549,-0.1744900174
558965.6400241690,-0.0885009766,0.0065612793,9.7821044925,0.0016384549,-0.0000868056,-0.1744574653
558965.6500241690,-0.0878906250,-0.0007629395,9.7819519046,0.0013780382,-0.0000542535,-0.1745008680
558965.6600241690,-0.0877380371,0.0071716309,9.7811889652,0.0011718750,-0.0000651042,-0.1745442708
558965.6700241690,-0.0880432129,0.0022888184,9.7821044925,0.0018337674,-0.0001085069,-0.1745334201
558965.6800241690,-0.0872802734,0.0007629395,9.7814941409,0.0008572049,-0.0000542535,-0.1745659722
558965.6900241690,-0.0880432129,0.0059509277,9.7825622562,0.0019856771,-0.0000759549,-0.1745008680
558965.7000241691,-0.0874328613,-0.0000000000,9.7811889652,0.0008355035,-0.0000434028,-0.1745659722
558965.7100241689,-0.0875854492,0.0082397461,9.7811889652,0.0018120660,-0.0000759549,-0.1745985243
558965.7200241690,-0.0878906250,-0.0016784668,9.7808837894,0.0010959201,-0.0000759549,-0.1745985243
558965.7300241690,-0.0871276855,0.0077819824,9.7819519046,0.0014865451,-0.0000651042,-0.1746202257
558965.7400241690,-0.0874328613,0.0003051758,9.7821044925,0.0015733507,-0.0000651042,-0.1745985243
558965.7500241690,-0.0875854492,0.0038146973,9.7810363773,0.0010308160,-0.0000759549,-0.1745442708
558965.7600241690,-0.0872802734,0.0039672852,9.7819519046,0.0018663194,-0.0001085069,-0.1745225694
558965.7700241690,-0.0878906250,0.0013732910,9.7811889652,0.0008355035,-0.0000759549,-0.1745117187
558965.7800241690,-0.0886535645,0.0068664551,9.7811889652,0.0019314236,-0.0000651042,-0.1745117187
558965.7900241690,-0.0872802734,-0.0016784668,9.7816467288,0.0009114583,-0.0000434028,-0.1745334201
558965.8000241690,-0.0857543945,0.0071716309,9.7808837894,0.0017469618,-0.0000868056,-0.1745442708
558965.8100241700,-0.0878906250,-0.0001525879,9.7824096683,0.0012261285,-0.0000759549,-0.1745225694
558965.8200241700,-0.0883483887,0.0073242188,9.7817993167,0.0013888889,-0.0000542535,-0.1745334201
558965.8300241700,-0.0885009766,-0.0001525879,9.7816467288,0.0015842014,-0.0000651042,-0.1745008680
558965.8400241700,-0.0865173340,0.0030517578,9.7813415531,0.0009765625,-0.0000434028,-0.1745008680
558965.8500241700,-0.0866699219,0.0053405762,9.7811889652,0.0019205729,-0.0001085069,-0.1745117187
558965.8600241700,-0.0880432129,0.0009155273,9.7813415531,0.0007812500,-0.0000542535,-0.1745985243
558965.8700241700,-0.0881958008,0.0077819824,9.7811889652,0.0019531250,-0.0000759549,-0.1746093750
558965.8800241700,-0.0881958008,-0.0033569336,9.7814941409,0.0009982639,-0.0000542535,-0.1745768229
558965.8900241700,-0.0863647461,0.0090026855,9.7811889652,0.0016384549,-0.0000868056,-0.1745334201
558965.9000241701,-0.0880432129,-0.0009155273,9.7824096683,0.0013237847,-0.0000542535,-0.1745008680
558965.9100241699,-0.0888061523,0.0056457520,9.7817993167,0.0012152778,-0.0000759549,-0.1744791667
558965.9200241700,-0.0880432129,0.0006103516,9.7811889652,0.0017469618,-0.0000759549,-0.1745008680
558965.9300241700,-0.0854492188,0.0032043457,9.7816467288,0.0009548611,-0.0000651042,-0.1744791667
558965.9400241700,-0.0874328613,0.0057983398,9.7813415531,0.0019531250,-0.0000868056,-0.1745334201
558965.9500241700,-0.0888061523,0.0003051758,9.7811889652,0.0008463542,-0.0000651042,-0.1745876736
558965.9600241700,-0.0877380371,0.0053405762,9.7816467288,0.0019097222,-0.0000651042,-0.1745551215
558965.9700241700,-0.0860595703,-0.0018310547,9.7811889652,0.0009331597,-0.0000542535,-0.1745768229
558965.9800241700,-0.0869750977,0.0086975098,9.7813415531,0.0016276042,-0.0000651042,-0.1745876736
558965.9900241700,-0.0903320313,-0.0012207031,9.7814941409,0.0013129340,-0.0001193576,-0.1745876736
558966.0000241700,-0.0892639160,0.0047302246,9.7811889652,0.0013020833,-0.0000759549,-0.1745551215
558966.0100241700,-0.0866699219,0.0018310547,9.7819519046,0.0017144097,-0.0000542535,-0.1747938368
558966.0200241701,-0.0863647461,0.0038146973,9.7813415531,0.0009765625,-0.0000542535,-0.1745008680
558966.0300241699,-0.0881958008,0.0045776367,9.7814941409,0.0018120660,-0.0001085069,-0.1744357639
558966.0400241700,-0.0897216797,-0.0007629395,9.7819519046,0.0008680556,-0.0000651042,-0.1744574653
558966.0500241700,-0.0869750977,0.0059509277,9.7807312015,0.0019097222,-0.0000976562,-0.1744574653
558966.0600241700,-0.0856018066,0.0007629395,9.7810363773,0.0009440104,-0.0000325521,-0.1744791667
558966.0700241700,-0.0868225098,0.0062561035,9.7814941409,0.0018012153,-0.0000759549,-0.1745225694
558966.0800241700,-0.0891113281,-0.0010681152,9.7817993167,0.0011067708,-0.0000759549,-0.1745442708
558966.0900241700,-0.0878906250,0.0083923340,9.7816467288,0.0015299479,-0.0000868056,-0.1745551215
558966.1000241700,-0.0849914551,0.0006103516,9.7819519046,0.0014648437,-0.0000542535,-0.1745551215
558966.1100241700,-0.0868225098,0.0042724609,9.7813415531,0.0010633681,-0.0000542535,-0.1745334201
558966.1200241700,-0.0889587402,0.0019836426,9.7817993167,0.0018229167,-0.0000868056,-0.1745985243
558966.1300241700,-0.0895690918,0.0022888184,9.7814941409,0.0009223090,-0.0001085069,-0.1746093750
558966.1400241700,-0.0866699219,0.0059509277,9.7814941409,0.0019531250,-0.0000651042,-0.1745876736
558966.1500241701,-0.0854492188,-0.0012207031,9.7821044925,0.0008572049,-0.0000542535,-0.1745876736
558966.1600241699,-0.0888061523,0.0059509277,9.7807312015,0.0018229167,-0.0000759549,-0.1745442708
558966.1700241700,-0.0906372070,-0.0009155273,9.7816467288,0.0010850694,-0.0000759549,-0.1745442708
558966.1800241700,-0.0875854492,0.0076293945,9.7816467288,0.0014973958,-0.0000759549,-0.1745008680
558966.1900241700,-0.0854492188,-0.0010681152,9.7816467288,0.0014539931,-0.0000651042,-0.1744683160
558966.2000241700,-0.0869750977,0.0039672852,9.7813415531,0.0011718750,-0.0000217014,-0.1745225694
558966.2100241700,-0.0906372070,0.0030517578,9.7811889652,0.0017795139,-0.0001410590,-0.1745008680
558966.2200241700,-0.0875854492,0.0027465820,9.7822570804,0.0008789062,-0.0000651042,-0.1745334201
558966.2300241700,-0.0862121582,0.0038146973,9.7816467288,0.0019639757,-0.0000759549,-0.1745334201
558966.2400241700,-0.0871276855,-0.0009155273,9.7810363773,0.0008355035,-0.0000325521,-0.1745659722
558966.2500241700,-0.0885009766,0.0085449219,9.7813415531,0.0018880208,-0.0001085069,-0.1746744792
558966.2600241700,-0.0889587402,-0.0012207031,9.7813415531,0.0010633681,-0.0000759549,-0.1747504340
558966.2700241701,-0.0883483887,0.0068664551,9.7817993167,0.0015516493,-0.0001085069,-0.1745768229
558966.2800241699,-0.0869750977,-0.0009155273,9.7811889652,0.0014756944,-0.0000542535,-0.1745117187
558966.2900241700,-0.0865173340,0.0051879883,9.7808837894,0.0011284722,-0.0000434028,-0.1744574653
558966.3000241700,-0.0894165039,0.0030517578,9.7819519046,0.0018120660,-0.0001193576,-0.1744791667
558966.3100241700,-0.0874328613,0.0003051758,9.7817993167,0.0008463542,-0.0000651042,-0.1744791667
558966.3200241700,-0.0868225098,0.0054931641,9.7813415531,0.0019748264,-0.0000759549,-0.1744791667
558966.3300241700,-0.0871276855,0.0001525879,9.7808837894,0.0008897569,-0.0000651042,-0.1745442708
558966.3400241700,-0.0885009766,0.0074768066,9.7810363773,0.0018120660,-0.0000868056,-0.1745117187
558966.3500241700,-0.0885009766,-0.0027465820,9.7816467288,0.0011284722,-0.0000759549,-0.1745117187
558966.3600241700,-0.0866699219,0.0073242188,9.7808837894,0.0015190972,-0.0000759549,-0.1745551215
558966.3700241700,-0.0852966309,0.0012207031,9.7814941409,0.0014865451,-0.0000651042,-0.1745334201
558966.3800241700,-0.0869750977,0.0047302246,9.7819519046,0.0010633681,-0.0000434028,-0.1745334201
558966.3900241700,-0.0880432129,0.0016784668,9.7814941409,0.0018446181,-0.0000759549,-0.1745442708
558966.4000241701,-0.0881958008,0.0004577637,9.7813415531,0.0008463542,-0.0000542535,-0.1745876736
558966.4100241699,-0.0886535645,0.0074768066,9.7816467288,0.0020616319,-0.0001085069,-0.1745659722
558966.4200241700,-0.0872802734,-0.0015258789,9.7810363773,0.0008463542,-0.0000542535,-0.1746202257
558966.4300241700,-0.0885009766,0.0080871582,9.7813415531,0.0017252604,-0.0001085069,-0.1745551215
558966.4400241700,-0.0885009766,-0.0024414063,9.7813415531,0.0013237847,-0.0001085069,-0.1745551215
558966.4500241700,-0.0872802734,0.0064086914,9.7821044925,0.0012261285,-0.0000542535,-0.1745225694
558966.4600241700,-0.0866699219,0.0018310547,9.7816467288,0.0017578125,-0.0000759549,-0.1744791667
558966.4700241700,-0.0871276855,0.0015258789,9.7819519046,0.0008789062,-0.0000542535,-0.1745225694
558966.4800241700,-0.0886535645,0.0053405762,9.7817993167,0.0020399306,-0.0000976562,-0.1745659722
558966.4900241700,-0.0869750977,-0.0006103516,9.7813415531,0.0008029514,-0.0000868056,-0.1745876736
558966.5000241700,-0.0872802734,0.0073242188,9.7813415531,0.0018337674,-0.0000651042,-0.1745551215
558966.5100241700,-0.0869750977,-0.0025939941,9.7811889652,0.0011284722,-0.0000651042,-0.1745225694
558966.5200241701,-0.0875854492,0.0067138672,9.7813415531,0.0014539931,-0.0000868056,-0.1745551215
558966.5300241699,-0.0874328613,0.0010681152,9.7810363773,0.0015190972,-0.0001085069,-0.1745768229
558966.5400241700,-0.0871276855,0.0051879883,9.7819519046,0.0011067708,-0.0000434028,-0.1745659722
558966.5500241700,-0.0877380371,0.0019836426,9.7814941409,0.0018446181,-0.0000651042,-0.1745334201
558966.5600241700,-0.0871276855,0.0009155273,9.7811889652,0.0008463542,-0.0000434028,-0.1745768229
558966.5700241700,-0.0866699219,0.0059509277,9.7810363773,0.0019748264,-0.0000868056,-0.1745659722
558966.5800241700,-0.0880432129,-0.0012207031,9.7814941409,0.0008463542,-0.0000868056,-0.1745551215
558966.5900241700,-0.0874328613,0.0068664551,9.7827148441,0.0018663194,-0.0000759549,-0.1744683160
558966.6000241700,-0.0877380371,-0.0010681152,9.7816467288,0.0011284722,-0.0000325521,-0.1745117187
558966.6100241700,-0.0874328613,0.0068664551,9.7819519046,0.0014431424,-0.0001085069,-0.1745225694
558966.6200241700,-0.0886535645,-0.0000000000,9.7816467288,0.0016059028,-0.0000868056,-0.1745442708
558966.6300241700,-0.0878906250,0.0038146973,9.7816467288,0.0009982639,-0.0000868056,-0.1745334201
558966.6400241700,-0.0869750977,0.0036621094,9.7807312015,0.0019205729,-0.0000542535,-0.1745334201
558966.6500241701,-0.0877380371,0.0006103516,9.7810363773,0.0007812500,-0.0000434028,-0.1745876736
558966.6600241699,-0.0877380371,0.0059509277,9.7816467288,0.0019965278,-0.0000759549,-0.1745659722
558966.6700241700,-0.0881958008,-0.0015258789,9.7816467288,0.0009440104,-0.0001085069,-0.1745334201
558966.6800241700,-0.0872802734,0.0077819824,9.7805786136,0.0017144097,-0.0000542535,-0.1745442708
558966.6900241700,-0.0883483887,-0.0013732910,9.7827148441,0.0013020833,-0.0000651042,-0.1745985243
558966.7000241700,-0.0886535645,0.0053405762,9.7811889652,0.0012152778,-0.0000868056,-0.1745876736
558966.7100241700,-0.0857543945,0.0024414063,9.7807312015,0.0018012153,-0.0000868056,-0.1745876736
558966.7200241700,-0.0863647461,0.0024414063,9.7816467288,0.0008246528,-0.0000434028,-0.1745334201
558966.7300241700,-0.0874328613,0.0041198730,9.7813415531,0.0020073785,-0.0000759549,-0.1744791667
558966.7400241700,-0.0878906250,-0.0006103516,9.7819519046,0.0008680556,-0.0000434028,-0.1745117187
558966.7500241700,-0.0883483887,0.0085449219,9.7807312015,0.0018012153,-0.0001302083,-0.1744683160
558966.7600241700,-0.0877380371,-0.0032043457,9.7821044925,0.0011718750,-0.0000651042,-0.1745659722
558966.7700241701,-0.0869750977,0.0061035156,9.7811889652,0.0014105903,-0.0000759549,-0.1745876736
558966.7800241699,-0.0885009766,0.0004577637,9.7813415531,0.0015733507,-0.0000651042,-0.1745876736
558966.7900241700,-0.0875854492,0.0035095215,9.7821044925,0.0010199653,-0.0000759549,-0.1746093750
558966.8000241700,-0.0872802734,0.0044250488,9.7814941409,0.0019205729,-0.0001085069,-0.1745985243
558966.8100241700,-0.0871276855,-0.0004577637,9.7810363773,0.0008463542,-0.0000651042,-0.1745768229
558966.8200241700,-0.0880432129,0.0048828125,9.7813415531,0.0019531250,-0.0000434028,-0.1745334201
558966.8300241700,-0.0863647461,-0.0007629395,9.7819519046,0.0009331597,-0.0000759549,-0.1745117187
558966.8400241700,-0.0875854492,0.0070190430,9.7807312015,0.0017361111,-0.0000868056,-0.1745334201
558966.8500241700,-0.0863647461,-0.0012207031,9.7819519046,0.0012044271,-0.0001193576,-0.1745334201
558966.8600241700,-0.0872802734,0.0051879883,9.7819519046,0.0014431424,-0.0000542535,-0.1744900174
558966.8700241700,-0.0888061523,-0.0000000000,9.7817993167,0.0015842014,-0.0000868056,-0.1744574653
558966.8800241710,-0.0862121582,0.0041198730,9.7813415531,0.0010850694,-0.0000868056,-0.1744574653
558966.8900241710,-0.0885009766,0.0030517578,9.7814941409,0.0018446181,-0.0001302083,-0.1744791667
558966.9000241710,-0.0871276855,0.0001525879,9.7819519046,0.0008680556,-0.0000325521,-0.1745117187
558966.9100241710,-0.0869750977,0.0062561035,9.7811889652,0.0019639757,-0.0001085069,-0.1745008680
558966.9200241710,-0.0878906250,-0.0009155273,9.7813415531,0.0008789062,-0.0000434028,-0.1745442708
558966.9300241710,-0.0880432129,0.0070190430,9.7813415531,0.0017795139,-0.0001085069,-0.1745442708
558966.9400241710,-0.0872802734,-0.0010681152,9.7810363773,0.0011827257,-0.0000868056,-0.1745442708
558966.9500241710,-0.0866699219,0.0064086914,9.7822570804,0.0014756944,-0.0000542535,-0.1745442708
558966.9600241710,-0.0875854492,-0.0009155273,9.7816467288,0.0015516493,-0.0000651042,-0.1745551215
558966.9700241711,-0.0878906250,0.0041198730,9.7816467288,0.0010850694,-0.0000868056,-0.1746093750
558966.9800241709,-0.0883483887,0.0036621094,9.7813415531,0.0018337674,-0.0000868056,-0.1746093750
558966.9900241710,-0.0875854492,0.0009155273,9.7811889652,0.0008897569,-0.0000651042,-0.1745659722
558967.0000241710,-0.0871276855,0.0038146973,9.7810363773,0.0019639757,-0.0000759549,-0.1745551215
558967.0100241710,-0.0862121582,-0.0003051758,9.7816467288,0.0009114583,-0.0000651042,-0.1747938368
558967.0200241710,-0.0877380371,0.0083923340,9.7813415531,0.0018771701,-0.0000868056,-0.1744683160
558967.0300241710,-0.0875854492,-0.0013732910,9.7816467288,0.0010633681,-0.0000759549,-0.1745117187
558967.0400241710,-0.0857543945,0.0059509277,9.7819519046,0.0015407986,-0.0000542535,-0.1745334201
558967.0500241710,-0.0848388672,-0.0021362305,9.7819519046,0.0014105903,-0.0000868056,-0.1745551215
558967.0600241710,-0.0881958008,0.0054931641,9.7811889652,0.0012044271,-0.0000542535,-0.1745768229
558967.0700241710,-0.0868225098,0.0032043457,9.7816467288,0.0017903646,-0.0000868056,-0.1745876736
558967.0800241710,-0.0886535645,0.0012207031,9.7813415531,0.0009331597,-0.0000542535,-0.1745117187
558967.0900241710,-0.0859069824,0.0039672852,9.7816467288,0.0019205729,-0.0000759549,-0.1745008680
558967.1000241711,-0.0863647461,-0.0010681152,9.7814941409,0.0008572049,-0.0000325521,-0.1745334201
558967.1100241710,-0.0891113281,0.0076293945,9.7810363773,0.0018880208,-0.0001302083,-0.1745659722
558967.1200241710,-0.0883483887,-0.0009155273,9.7808837894,0.0010525174,-0.0001193576,-0.1746202257
558967.1300241710,-0.0878906250,0.0067138672,9.7813415531,0.0015625000,-0.0000651042,-0.1745551215
558967.1400241710,-0.0869750977,-0.0027465820,9.7814941409,0.0014756944,-0.0000759549,-0.1745334201
558967.1500241710,-0.0862121582,0.0059509277,9.7816467288,0.0011501736,-0.0000651042,-0.1745117187
558967.1600241710,-0.0889587402,0.0042724609,9.7808837894,0.0018120660,-0.0001085069,-0.1745225694
558967.1700241710,-0.0880432129,-0.0009155273,9.7817993167,0.0008029514,-0.0000868056,-0.1744791667
558967.1800241710,-0.0871276855,0.0039672852,9.7808837894,0.0019856771,-0.0000976562,-0.1745334201
558967.1900241710,-0.0865173340,-0.0007629395,9.7821044925,0.0009440104,-0.0000542535,-0.1745442708
558967.2000241710,-0.0886535645,0.0086975098,9.7810363773,0.0017578125,-0.0000868056,-0.1745659722
558967.2100241710,-0.0886535645,-0.0016784668,9.7814941409,0.0012044271,-0.0001085069,-0.1745768229
558967.2200241711,-0.0871276855,0.0041198730,9.7813415531,0.0014431424,-0.0000651042,-0.1745442708
558967.2300241709,-0.0862121582,0.0006103516,9.7811889652,0.0015842014,-0.0000542535,-0.1745225694
558967.2400241710,-0.0862121582,0.0047302246,9.7808837894,0.0010199653,-0.0000651042,-0.1745442708
558967.2500241710,-0.0875854492,0.0032043457,9.7813415531,0.0018229167,-0.0001193576,-0.1745117187
558967.2600241710,-0.0875854492,-0.0001525879,9.7814941409,0.0009331597,-0.0000542535,-0.1745985243
558967.2700241710,-0.0872802734,0.0045776367,9.7813415531,0.0019531250,-0.0001085069,-0.1745659722
558967.2800241710,-0.0877380371,-0.0001525879,9.7814941409,0.0009114583,-0.0000434028,-0.1745225694
558967.2900241710,-0.0878906250,0.0070190430,9.7813415531,0.0018012153,-0.0000759549,-0.1745008680
558967.3000241710,-0.0881958008,-0.0016784668,9.7808837894,0.0010959201,-0.0001085069,-0.1744900174
558967.3100241710,-0.0868225098,0.0061035156,9.7817993167,0.0015516493,-0.0000759549,-0.1745008680
558967.3200241710,-0.0860595703,-0.0006103516,9.7816467288,0.0014322917,-0.0000542535,-0.1745985243
558967.3300241710,-0.0877380371,0.0054931641,9.7819519046,0.0012152778,-0.0000759549,-0.1745442708
558967.3400241710,-0.0878906250,0.0013732910,9.7811889652,0.0018012153,-0.0001085069,-0.1745334201
558967.3500241711,-0.0869750977,0.0016784668,9.7814941409,0.0009223090,-0.0000759549,-0.1745334201
558967.3600241710,-0.0862121582,0.0041198730,9.7808837894,0.0019314236,-0.0000651042,-0.1745334201
558967.3700241710,-0.0863647461,-0.0004577637,9.7813415531,0.0007921007,-0.0000542535,-0.1745659722
558967.3800241710,-0.0888061523,0.0068664551,9.7808837894,0.0019205729,-0.0000868056,-0.1745442708
558967.3900241710,-0.0881958008,-0.0032043457,9.7814941409,0.0010308160,-0.0000868056,-0.1745442708
558967.4000241710,-0.0866699219,0.0076293945,9.7814941409,0.0016276042,-0.0000542535,-0.1745442708
558967.4100241710,-0.0859069824,-0.0007629395,9.7816467288,0.0014431424,-0.0000759549,-0.1745225694
558967.4200241710,-0.0880432129,0.0044250488,9.7821044925,0.0011718750,-0.0000651042,-0.1745334201
558967.4300241710,-0.0871276855,0.0019836426,9.7816467288,0.0018446181,-0.0000868056,-0.1745334201
558967.4400241710,-0.0883483887,0.0018310547,9.7816467288,0.0008355035,-0.0000759549,-0.1745334201
558967.4500241710,-0.0871276855,0.0050354004,9.7805786136,0.0019856771,-0.0000651042,-0.1744900174
558967.4600241710,-0.0868225098,-0.0021362305,9.7810363773,0.0008897569,-0.0000434028,-0.1745225694
558967.4700241711,-0.0869750977,0.0071716309,9.7814941409,0.0018446181,-0.0001193576,-0.1745225694
558967.4800241709,-0.0857543945,-0.0012207031,9.7813415531,0.0011827257,-0.0000651042,-0.1745659722
558967.4900241710,-0.0862121582,0.0070190430,9.7814941409,0.0014648437,-0.0000542535,-0.1745117187
558967.5000241710,-0.0875854492,-0.0012207031,9.7814941409,0.0014648437,-0.0000759549,-0.1745334201
558967.5100241710,-0.0883483887,0.0047302246,9.7824096683,0.0011827257,-0.0000759549,-0.1745659722
558967.5200241710,-0.0880432129,0.0021362305,9.7814941409,0.0017903646,-0.0001302083,-0.1745659722
558967.5300241710,-0.0869750977,0.0025939941,9.7808837894,0.0009223090,-0.0000542535,-0.1745876736
558967.5400241710,-0.0877380371,0.0042724609,9.7811889652,0.0020073785,-0.0000542535,-0.1745551215
558967.5500241710,-0.0865173340,-0.0022888184,9.7813415531,0.0008463542,-0.0000651042,-0.1745225694
558967.5600241710,-0.0865173340,0.0068664551,9.7811889652,0.0018337674,-0.0001085069,-0.1745442708
558967.5700241710,-0.0871276855,-0.0018310547,9.7814941409,0.0011284722,-0.0000868056,-0.1744791667
558967.5800241710,-0.0872802734,0.0059509277,9.7824096683,0.0014756944,-0.0000651042,-0.1744683160
558967.5900241710,-0.0875854492,-0.0009155273,9.7807312015,0.0015299479,-0.0000759549,-0.1745008680
558967.6000241711,-0.0872802734,0.0047302246,9.7814941409,0.0011501736,-0.0000868056,-0.1744574653
558967.6100241710,-0.0866699219,0.0018310547,9.7813415531,0.0018229167,-0.0000868056,-0.1745117187
558967.6200241710,-0.0880432129,-0.0000000000,9.7817993167,0.0009114583,-0.0000651042,-0.1745334201
558967.6300241710,-0.0871276855,0.0047302246,9.7808837894,0.0019965278,-0.0000759549,-0.1745442708
558967.6400241710,-0.0865173340,0.0006103516,9.7817993167,0.0008355035,-0.0000651042,-0.1745768229
558967.6500241710,-0.0857543945,0.0065612793,9.7814941409,0.0018771701,-0.0001085069,-0.1745551215
558967.6600241710,-0.0888061523,-0.0032043457,9.7808837894,0.0011176215,-0.0000759549,-0.1745876736
558967.6700241710,-0.0878906250,0.0068664551,9.7817993167,0.0014648437,-0.0000651042,-0.1746093750
558967.6800241710,-0.0866699219,0.0010681152,9.7817993167,0.0016167535,-0.0000651042,-0.1746093750
558967.6900241710,-0.0859069824,0.0033569336,9.7819519046,0.0009657118,-0.0000651042,-0.1745985243
558967.7000241710,-0.0874328613,0.0025939941,9.7810363773,0.0019639757,-0.0000868056,-0.1745659722
558967.7100241710,-0.0881958008,-0.0004577637,9.7813415531,0.0008355035,-0.0000651042,-0.1745225694
558967.7200241711,-0.0881958008,0.0068664551,9.7810363773,0.0019531250,-0.0000759549,-0.1744791667
558967.7300241709,-0.0863647461,-0.0027465820,9.7811889652,0.0009765625,-0.0000868056,-0.1744574653
558967.7400241710,-0.0854492188,0.0053405762,9.7811889652,0.0017144097,-0.0000759549,-0.1745008680
558967.7500241710,-0.0886535645,-0.0010681152,9.7814941409,0.0013563368,-0.0001085069,-0.1745442708
558967.7600241710,-0.0886535645,0.0057983398,9.7816467288,0.0013129340,-0.0000759549,-0.1745876736
558967.7700241710,-0.0860595703,-0.0000000000,9.7816467288,0.0016167535,-0.0000759549,-0.1745768229
558967.7800241710,-0.0845336914,0.0019836426,9.7811889652,0.0010308160,-0.0000542535,-0.1745876736
558967.7900241710,-0.0878906250,0.0033569336,9.7810363773,0.0019205729,-0.0000759549,-0.1745876736
558967.8000241710,-0.0892639160,0.0006103516,9.7814941409,0.0008680556,-0.0000759549,-0.1745768229
558967.8100241710,-0.0869750977,0.0056457520,9.7819519046,0.0019639757,-0.0001085069,-0.1745225694
558967.8200241710,-0.0852966309,-0.0024414063,9.7816467288,0.0009223090,-0.0000434028,-0.1745442708
558967.8300241710,-0.0863647461,0.0073242188,9.7808837894,0.0017795139,-0.0001085069,-0.1745334201
558967.8400241710,-0.0888061523,-0.0016784668,9.7814941409,0.0012152778,-0.0000651042,-0.1745008680
558967.8500241711,-0.0877380371,0.0056457520,9.7816467288,0.0014105903,-0.0000759549,-0.1745334201
558967.8600241710,-0.0860595703,-0.0004577637,9.7813415531,0.0016493056,-0.0000868056,-0.1745334201
558967.8700241710,-0.0851440430,0.0030517578,9.7817993167,0.0010308160,-0.0000434028,-0.1745334201
558967.8800241710,-0.0880432129,0.0030517578,9.7808837894,0.0019639757,-0.0001085069,-0.1745551215
558967.8900241710,-0.0883483887,-0.0000000000,9.7813415531,0.0008463542,-0.0000651042,-0.1745334201
558967.9000241710,-0.0862121582,0.0065612793,9.7810363773,0.0019748264,-0.0000759549,-0.1745876736
558967.9100241710,-0.0852966309,-0.0018310547,9.7813415531,0.0009440104,-0.0000651042,-0.1745225694
558967.9200241710,-0.0871276855,0.0070190430,9.7813415531,0.0017361111,-0.0000868056,-0.1745659722
558967.9300241710,-0.0891113281,-0.0022888184,9.7813415531,0.0012369792,-0.0000868056,-0.1745334201
558967.9400241710,-0.0868225098,0.0051879883,9.7819519046,0.0014756944,-0.0000651042,-0.1745768229
558967.9500241710,-0.0852966309,-0.0006103516,9.7817993167,0.0015299479,-0.0000759549,-0.1745442708
558967.9600241720,-0.0851440430,0.0056457520,9.7811889652,0.0011284722,-0.0000434028,-0.1745876736
558967.9700241720,-0.0886535645,0.0001525879,9.7817993167,0.0017903646,-0.0001193576,-0.1745551215
558967.9800241720,-0.0880432129,0.0016784668,9.7811889652,0.0008897569,-0.0000868056,-0.1744574653
558967.9900241720,-0.0859069824,0.0054931641,9.7814941409,0.0019965278,-0.0000542535,-0.1744900174
558968.0000241720,-0.0860595703,-0.0003051758,9.7816467288,0.0008572049,-0.0000434028,-0.1745117187
558968.0100241720,-0.0886535645,0.0054931641,9.7810363773,0.0018771701,-0.0001085069,-0.1748046875
558968.0200241720,-0.0885009766,-0.0036621094,9.7814941409,0.0011176215,-0.0000759549,-0.1745659722
558968.0300241720,-0.0859069824,0.0073242188,9.7814941409,0.0015625000,-0.0000759549,-0.1745551215
558968.0400241720,-0.0860595703,0.0001525879,9.7817993167,0.0013888889,-0.0000542535,-0.1745768229
558968.0500241719,-0.0875854492,0.0039672852,9.7813415531,0.0012369792,-0.0000759549,-0.1745768229
558968.0600241720,-0.0883483887,-0.0007629395,9.7813415531,0.0017361111,-0.0001193576,-0.1745985243
558968.0700241720,-0.0859069824,0.0035095215,9.7816467288,0.0010199653,-0.0000651042,-0.1745659722
558968.0800241720,-0.0865173340,0.0048828125,9.7814941409,0.0019639757,-0.0000651042,-0.1745551215
558968.0900241720,-0.0869750977,-0.0015258789,9.7810363773,0.0007812500,-0.0000434028,-0.1745551215
558968.1000241720,-0.0877380371,0.0047302246,9.7810363773,0.0019314236,-0.0000868056,-0.1745659722
558968.1100241720,-0.0868225098,-0.0018310547,9.7821044925,0.0009765625,-0.0001085069,-0.1745008680
558968.1200241720,-0.0865173340,0.0074768066,9.7822570804,0.0017035590,-0.0000542535,-0.1744683160
558968.1300241720,-0.0872802734,-0.0019836426,9.7817993167,0.0013671875,-0.0000542535,-0.1744900174
558968.1400241720,-0.0878906250,0.0044250488,9.7813415531,0.0012695312,-0.0000759549,-0.1744683160
558968.1500241720,-0.0874328613,0.0007629395,9.7810363773,0.0018120660,-0.0001302083,-0.1744791667
558968.1600241720,-0.0846862793,0.0027465820,9.7813415531,0.0008789062,-0.0000651042,-0.1746527778
558968.1700241721,-0.0871276855,0.0045776367,9.7810363773,0.0019965278,-0.0000759549,-0.1746961805
558968.1800241719,-0.0859069824,-0.0019836426,9.7817993167,0.0008463542,-0.0000325521,-0.1745876736
558968.1900241720,-0.0885009766,0.0064086914,9.7817993167,0.0019205729,-0.0001302083,-0.1745442708
558968.2000241720,-0.0862121582,-0.0019836426,9.7819519046,0.0010959201,-0.0000651042,-0.1745008680
558968.2100241720,-0.0860595703,0.0071716309,9.7817993167,0.0015516493,-0.0000651042,-0.1745008680
558968.2200241720,-0.0868225098,-0.0010681152,9.7814941409,0.0015407986,-0.0000651042,-0.1744574653
558968.2300241720,-0.0878906250,0.0032043457,9.7811889652,0.0010959201,-0.0000651042,-0.1745442708
558968.2400241720,-0.0869750977,0.0028991699,9.7808837894,0.0018771701,-0.0001302083,-0.1745334201
558968.2500241720,-0.0859069824,0.0010681152,9.7808837894,0.0008572049,-0.0000651042,-0.1745659722
558968.2600241720,-0.0854492188,0.0038146973,9.7814941409,0.0019965278,-0.0000542535,-0.1745334201
558968.2700241720,-0.0881958008,-0.0012207031,9.7817993167,0.0009331597,-0.0000651042,-0.1745768229
558968.2800241720,-0.0875854492,0.0077819824,9.7813415531,0.0018120660,-0.0001085069,-0.1745551215
558968.2900241720,-0.0871276855,-0.0019836426,9.7825622562,0.0011176215,-0.0000759549,-0.1745659722
558968.3000241719,-0.0860595703,0.0044250488,9.7822570804,0.0015516493,-0.0000651042,-0.1745117187
558968.3100241720,-0.0866699219,-0.0003051758,9.7810363773,0.0014648437,-0.0000542535,-0.1745442708
558968.3200241720,-0.0877380371,0.0050354004,9.7811889652,0.0011718750,-0.0000542535,-0.1745225694
558968.3300241720,-0.0881958008,0.0012207031,9.7813415531,0.0018120660,-0.0001302083,-0.1745985243
558968.3400241720,-0.0854492188,0.0004577637,9.7814941409,0.0009114583,-0.0000542535,-0.1745334201
558968.3500241720,-0.0869750977,0.0051879883,9.7813415531,0.0020182292,-0.0000542535,-0.1745117187
558968.3600241720,-0.0883483887,-0.0018310547,9.7816467288,0.0008463542,-0.0000542535,-0.1745117187
558968.3700241720,-0.0883483887,0.0062561035,9.7813415531,0.0018663194,-0.0001302083,-0.1745442708
558968.3800241720,-0.0871276855,-0.0007629395,9.7816467288,0.0011176215,-0.0000868056,-0.1745225694
558968.3900241720,-0.0872802734,0.0053405762,9.7821044925,0.0015407986,-0.0000651042,-0.1744900174
558968.4000241720,-0.0860595703,-0.0007629395,9.7817993167,0.0015516493,-0.0000651042,-0.1744683160
558968.4100241720,-0.0868225098,0.0051879883,9.7804260257,0.0011393229,-0.0000759549,-0.1745225694
558968.4200241721,-0.0874328613,0.0012207031,9.7813415531,0.0017578125,-0.0001085069,-0.1745551215
558968.4300241719,-0.0862121582,-0.0003051758,9.7816467288,0.0009765625,-0.0000542535,-0.1745876736
558968.4400241720,-0.0856018066,0.0045776367,9.7808837894,0.0019531250,-0.0000868056,-0.1745442708
558968.4500241720,-0.0863647461,0.0007629395,9.7819519046,0.0008463542,-0.0000759549,-0.1745334201
558968.4600241720,-0.0871276855,0.0045776367,9.7811889652,0.0019097222,-0.0001085069,-0.1745551215
558968.4700241720,-0.0863647461,-0.0035095215,9.7810363773,0.0010416667,-0.0000651042,-0.1745876736
558968.4800241720,-0.0857543945,0.0076293945,9.7825622562,0.0017035590,-0.0000759549,-0.1745334201
558968.4900241720,-0.0871276855,-0.0021362305,9.7808837894,0.0013129340,-0.0000542535,-0.1745225694
558968.5000241720,-0.0877380371,0.0042724609,9.7811889652,0.0012912326,-0.0000759549,-0.1745768229
558968.5100241720,-0.0866699219,0.0004577637,9.7811889652,0.0017252604,-0.0001193576,-0.1745659722
558968.5200241720,-0.0866699219,0.0033569336,9.7817993167,0.0009982639,-0.0000542535,-0.1745659722
558968.5300241720,-0.0865173340,0.0028991699,9.7810363773,0.0019748264,-0.0000976562,-0.1745117187
558968.5400241720,-0.0865173340,-0.0018310547,9.7814941409,0.0008355035,-0.0000434028,-0.1745008680
558968.5500241719,-0.0859069824,0.0062561035,9.7813415531,0.0019856771,-0.0001085069,-0.1745117187
558968.5600241720,-0.0878906250,-0.0027465820,9.7816467288,0.0009765625,-0.0000868056,-0.1744791667
558968.5700241720,-0.0869750977,0.0070190430,9.7816467288,0.0016493056,-0.0000651042,-0.1745117187
558968.5800241720,-0.0865173340,-0.0028991699,9.7808837894,0.0013780382,-0.0000759549,-0.1745551215
558968.5900241720,-0.0860595703,0.0047302246,9.7808837894,0.0012152778,-0.0000759549,-0.1745876736
558968.6000241720,-0.0862121582,0.0015258789,9.7817993167,0.0018663194,-0.0000759549,-0.1745985243
558968.6100241720,-0.0863647461,0.0012207031,9.7821044925,0.0008680556,-0.0000759549,-0.1745551215
558968.6200241720,-0.0860595703,0.0047302246,9.7811889652,0.0020073785,-0.0000759549,-0.1745551215
558968.6300241720,-0.0857543945,-0.0027465820,9.7821044925,0.0008463542,-0.0000651042,-0.1745876736
558968.6400241720,-0.0862121582,0.0059509277,9.7813415531,0.0018663194,-0.0000868056,-0.1745876736
558968.6500241720,-0.0878906250,-0.0018310547,9.7813415531,0.0011393229,-0.0000759549,-0.1745768229
558968.6600241720,-0.0872802734,0.0065612793,9.7819519046,0.0015299479,-0.0000542535,-0.1745442708
558968.6700241721,-0.0865173340,-0.0022888184,9.7814941409,0.0015299479,-0.0000759549,-0.1745334201
558968.6800241719,-0.0849914551,0.0045776367,9.7811889652,0.0011935764,-0.0000651042,-0.1745442708
558968.6900241720,-0.0875854492,0.0021362305,9.7811889652,0.0017903646,-0.0001085069,-0.1745225694
558968.7000241720,-0.0898742676,0.0007629395,9.7811889652,0.0009223090,-0.0000651042,-0.1745008680
558968.7100241720,-0.0866699219,0.0025939941,9.7814941409,0.0019748264,-0.0000976562,-0.1744791667
558968.7200241720,-0.0840759277,-0.0000000000,9.7810363773,0.0009114583,-0.0000434028,-0.1744791667
558968.7300241720,-0.0865173340,0.0068664551,9.7813415531,0.0019097222,-0.0001085069,-0.1745117187
558968.7400241720,-0.0885009766,-0.0028991699,9.7813415531,0.0010850694,-0.0000651042,-0.1745334201
558968.7500241720,-0.0880432129,0.0054931641,9.7814941409,0.0016384549,-0.0000759549,-0.1745768229
558968.7600241720,-0.0845336914,-0.0010681152,9.7810363773,0.0014648437,-0.0000542535,-0.1745551215
558968.7700241720,-0.0856018066,0.0047302246,9.7811889652,0.0010633681,-0.0000651042,-0.1745985243
558968.7800241720,-0.0888061523,0.0010681152,9.7813415531,0.0019097222,-0.0001085069,-0.1745442708
558968.7900241720,-0.0895690918,-0.0013732910,9.7814941409,0.0008463542,-0.0000759549,-0.1745334201
558968.8000241719,-0.0859069824,0.0059509277,9.7813415531,0.0020399306,-0.0001085069,-0.1744683160
558968.8100241720,-0.0846862793,-0.0018310547,9.7813415531,0.0009440104,-0.0000434028,-0.1745008680
558968.8200241720,-0.0886535645,0.0064086914,9.7811889652,0.0017469618,-0.0000651042,-0.1745334201
558968.8300241720,-0.0894165039,-0.0030517578,9.7811889652,0.0013020833,-0.0001085069,-0.1745008680
558968.8400241720,-0.0869750977,0.0062561035,9.7816467288,0.0013671875,-0.0000651042,-0.1744466146
558968.8500241720,-0.0843811035,-0.0000000000,9.7821044925,0.0016384549,-0.0000651042,-0.1744791667
558968.8600241720,-0.0852966309,0.0027465820,9.7814941409,0.0010525174,-0.0000651042,-0.1745008680
558968.8700241720,-0.0889587402,0.0024414063,9.7813415531,0.0018880208,-0.0001085069,-0.1745225694
558968.8800241720,-0.0881958008,-0.0001525879,9.7814941409,0.0009440104,-0.0000542535,-0.1745117187
558968.8900241720,-0.0856018066,0.0048828125,9.7816467288,0.0019205729,-0.0000868056,-0.1745334201
558968.9000241720,-0.0834655762,-0.0009155273,9.7810363773,0.0009114583,-0.0000325521,-0.1745442708
558968.9100241720,-0.0888061523,0.0059509277,9.7810363773,0.0018337674,-0.0000868056,-0.1745442708
558968.9200241721,-0.0883483887,-0.0032043457,9.7814941409,0.0011067708,-0.0000759549,-0.1745659722
558968.9300241719,-0.0857543945,0.0065612793,9.7817993167,0.0016276042,-0.0000868056,-0.1745876736
558968.9400241720,-0.0851440430,-0.0010681152,9.7819519046,0.0014648437,-0.0000759549,-0.1747504340
558968.9500241720,-0.0862121582,0.0036621094,9.7811889652,0.0012044271,-0.0000434028,-0.1747070312
558968.9600241720,-0.0889587402,0.0007629395,9.7808837894,0.0018120660,-0.0000868056,-0.1745876736
558968.9700241720,-0.0860595703,0.0018310547,9.7813415531,0.0009223090,-0.0000868056,-0.1745334201
558968.9800241720,-0.0852966309,0.0039672852,9.7808837894,0.0019965278,-0.0000759549,-0.1744683160
558968.9900241720,-0.0852966309,-0.0019836426,9.7814941409,0.0008897569,-0.0000434028,-0.1744466146
558969.0000241720,-0.0877380371,0.0065612793,9.7810363773,0.0018988715,-0.0001193576,-0.1744791667
558969.0100241720,-0.0871276855,-0.0015258789,9.7817993167,0.0011067708,-0.0000759549,-0.1748046875
558969.0200241720,-0.0851440430,0.0057983398,9.7821044925,0.0015625000,-0.0000651042,-0.1745442708
558969.0300241730,-0.0860595703,-0.0019836426,9.7819519046,0.0014756944,-0.0000759549,-0.1745876736
558969.0400241730,-0.0872802734,0.0048828125,9.7816467288,0.0011393229,-0.0000542535,-0.1745985243
558969.0500241730,-0.0874328613,0.0016784668,9.7813415531,0.0018337674,-0.0001193576,-0.1745876736
558969.0600241730,-0.0865173340,0.0006103516,9.7817993167,0.0009114583,-0.0000542535,-0.1745117187
558969.0700241730,-0.0856018066,0.0035095215,9.7811889652,0.0020073785,-0.0000759549,-0.1745117187
558969.0800241730,-0.0866699219,-0.0009155273,9.7807312015,0.0009114583,-0.0000434028,-0.1745008680
558969.0900241730,-0.0881958008,0.0064086914,9.7811889652,0.0018880208,-0.0001085069,-0.1745008680
558969.1000241730,-0.0862121582,-0.0033569336,9.7810363773,0.0010633681,-0.0000651042,-0.1745008680
558969.1100241730,-0.0849914551,0.0064086914,9.7814941409,0.0016059028,-0.0000651042,-0.1745225694
558969.1200241731,-0.0866699219,-0.0018310547,9.7813415531,0.0014539931,-0.0000759549,-0.1745225694
558969.1300241729,-0.0872802734,0.0038146973,9.7821044925,0.0012044271,-0.0001085069,-0.1745117187
558969.1400241730,-0.0856018066,0.0015258789,9.7811889652,0.0018663194,-0.0001085069,-0.1744683160
558969.1500241730,-0.0849914551,0.0024414063,9.7816467288,0.0009223090,-0.0000542535,-0.1745334201
558969.1600241730,-0.0878906250,0.0038146973,9.7810363773,0.0019748264,-0.0000651042,-0.1745442708
558969.1700241730,-0.0874328613,-0.0027465820,9.7808837894,0.0008572049,-0.0000759549,-0.1746093750
558969.1800241730,-0.0851440430,0.0080871582,9.7814941409,0.0018663194,-0.0000759549,-0.1746093750
558969.1900241730,-0.0843811035,-0.0013732910,9.7814941409,0.0012369792,-0.0000542535,-0.1745985243
558969.2000241730,-0.0874328613,0.0050354004,9.7814941409,0.0013671875,-0.0000542535,-0.1745876736
558969.2100241730,-0.0885009766,-0.0010681152,9.7819519046,0.0017144097,-0.0000868056,-0.1745442708
558969.2200241730,-0.0846862793,0.0028991699,9.7821044925,0.0009657118,-0.0000868056,-0.1745442708
558969.2300241730,-0.0859069824,0.0039672852,9.7811889652,0.0019856771,-0.0001085069,-0.1745442708
558969.2400241731,-0.0854492188,-0.0012207031,9.7810363773,0.0008246528,-0.0000542535,-0.1745551215
558969.2500241729,-0.0872802734,0.0053405762,9.7813415531,0.0019639757,-0.0001193576,-0.1745117187
558969.2600241730,-0.0871276855,-0.0030517578,9.7811889652,0.0010525174,-0.0000542535,-0.1745334201
558969.2700241730,-0.0854492188,0.0070190430,9.7814941409,0.0016601562,-0.0001085069,-0.1745225694
558969.2800241730,-0.0856018066,-0.0013732910,9.7810363773,0.0014322917,-0.0000651042,-0.1745225694
558969.2900241730,-0.0874328613,0.0041198730,9.7814941409,0.0012695312,-0.0000651042,-0.1745225694
558969.3000241730,-0.0875854492,-0.0001525879,9.7825622562,0.0017144097,-0.0000868056,-0.1744574653
558969.3100241730,-0.0863647461,0.0024414063,9.7814941409,0.0010091146,-0.0000759549,-0.1745334201
558969.3200241730,-0.0862121582,0.0038146973,9.7808837894,0.0018988715,-0.0000868056,-0.1745985243
558969.3300241730,-0.0872802734,-0.0003051758,9.7821044925,0.0008897569,-0.0000651042,-0.1745768229
558969.3400241730,-0.0871276855,0.0025939941,9.7817993167,0.0020073785,-0.0000759549,-0.1745659722
558969.3500241730,-0.0854492188,-0.0001525879,9.7816467288,0.0009440104,-0.0000759549,-0.1745768229
558969.3600241730,-0.0857543945,0.0073242188,9.7813415531,0.0017795139,-0.0000759549,-0.1745876736
558969.3700241731,-0.0872802734,-0.0036621094,9.7814941409,0.0012152778,-0.0001085069,-0.1745442708
558969.3800241729,-0.0874328613,0.0035095215,9.7814941409,0.0014431424,-0.0000868056,-0.1744683160
558969.3900241730,-0.0856018066,0.0001525879,9.7811889652,0.0016493056,-0.0000651042,-0.1745117187
558969.4000241730,-0.0863647461,0.0044250488,9.7819519046,0.0010633681,-0.0000651042,-0.1744791667
558969.4100241730,-0.0871276855,0.0015258789,9.7816467288,0.0018988715,-0.0000868056,-0.1745008680
558969.4200241730,-0.0859069824,-0.0016784668,9.7814941409,0.0009114583,-0.0000759549,-0.1745334201
558969.4300241730,-0.0848388672,0.0054931641,9.7813415531,0.0020073785,-0.0000759549,-0.1745225694
558969.4400241730,-0.0868225098,-0.0012207031,9.7814941409,0.0008789062,-0.0000542535,-0.1746202257
558969.4500241730,-0.0878906250,0.0054931641,9.7811889652,0.0018229167,-0.0000868056,-0.1746202257
558969.4600241730,-0.0875854492,-0.0033569336,9.7817993167,0.0012152778,-0.0000759549,-0.1745334201
558969.4700241730,-0.0856018066,0.0062561035,9.7813415531,0.0015190972,-0.0000759549,-0.1745551215
558969.4800241730,-0.0863647461,-0.0003051758,9.7813415531,0.0015190972,-0.0000542535,-0.1745442708
558969.4900241731,-0.0851440430,0.0035095215,9.7813415531,0.0011284722,-0.0000868056,-0.1745659722
558969.5000241729,-0.0871276855,0.0001525879,9.7814941409,0.0018120660,-0.0000868056,-0.1745551215
558969.5100241730,-0.0869750977,0.0010681152,9.7816467288,0.0009440104,-0.0000651042,-0.1745442708
558969.5200241730,-0.0859069824,0.0053405762,9.7811889652,0.0019748264,-0.0000759549,-0.1745334201
558969.5300241730,-0.0852966309,-0.0022888184,9.7821044925,0.0008680556,-0.0000542535,-0.1744900174
558969.5400241730,-0.0851440430,0.0045776367,9.7816467288,0.0019314236,-0.0000976562,-0.1744574653
558969.5500241730,-0.0852966309,-0.0024414063,9.7814941409,0.0011284722,-0.0000868056,-0.1745225694
558969.5600241730,-0.0869750977,0.0077819824,9.7816467288,0.0015516493,-0.0000759549,-0.1745551215
558969.5700241730,-0.0878906250,-0.0009155273,9.7813415531,0.0015299479,-0.0000651042,-0.1745551215
558969.5800241730,-0.0869750977,0.0018310547,9.7810363773,0.0010959201,-0.0000651042,-0.1745876736
558969.5900241730,-0.0863647461,0.0021362305,9.7813415531,0.0019314236,-0.0001193576,-0.1746093750
558969.6000241730,-0.0859069824,0.0015258789,9.7811889652,0.0008789062,-0.0000434028,-0.1745985243
558969.6100241730,-0.0871276855,0.0053405762,9.7813415531,0.0019856771,-0.0000759549,-0.1745985243
558969.6200241731,-0.0872802734,-0.0033569336,9.7810363773,0.0009114583,-0.0000542535,-0.1745225694
558969.6300241729,-0.0866699219,0.0050354004,9.7813415531,0.0018337674,-0.0000759549,-0.1745551215
558969.6400241730,-0.0854492188,-0.0004577637,9.7810363773,0.0011393229,-0.0000759549,-0.1745659722
558969.6500241730,-0.0865173340,0.0064086914,9.7819519046,0.0015299479,-0.0000759549,-0.1745334201
558969.6600241730,-0.0856018066,-0.0025939941,9.7816467288,0.0014865451,-0.0000651042,-0.1745442708
558969.6700241730,-0.0869750977,0.0033569336,9.7821044925,0.0012261285,-0.0000651042,-0.1745225694
558969.6800241730,-0.0872802734,0.0012207031,9.7813415531,0.0017903646,-0.0000868056,-0.1745551215
558969.6900241730,-0.0865173340,0.0013732910,9.7816467288,0.0009223090,-0.0000759549,-0.1745117187
558969.7000241730,-0.0866699219,0.0035095215,9.7813415531,0.0020073785,-0.0000759549,-0.1745225694
558969.7100241730,-0.0857543945,-0.0018310547,9.7816467288,0.0008680556,-0.0000542535,-0.1747504340
558969.7200241730,-0.0868225098,0.0068664551,9.7813415531,0.0018880208,-0.0001085069,-0.1746961805
558969.7300241730,-0.0869750977,-0.0027465820,9.7813415531,0.0011393229,-0.0000651042,-0.1745985243
558969.7400241731,-0.0851440430,0.0051879883,9.7810363773,0.0015842014,-0.0000542535,-0.1745768229
558969.7500241729,-0.0859069824,-0.0019836426,9.7808837894,0.0015299479,-0.0000759549,-0.1745334201
558969.7600241730,-0.0865173340,0.0042724609,9.7824096683,0.0010959201,-0.0000542535,-0.1745225694
558969.7700241730,-0.0881958008,0.0012207031,9.7813415531,0.0018663194,-0.0001193576,-0.1745551215
558969.7800241730,-0.0871276855,-0.0000000000,9.7808837894,0.0008897569,-0.0000651042,-0.1745442708
558969.7900241730,-0.0860595703,0.0044250488,9.7813415531,0.0020073785,-0.0000759549,-0.1745551215
558969.8000241730,-0.0849914551,-0.0001525879,9.7813415531,0.0009440104,-0.0000651042,-0.1745442708
558969.8100241730,-0.0860595703,0.0053405762,9.7814941409,0.0018663194,-0.0001085069,-0.1745225694
558969.8200241730,-0.0871276855,-0.0032043457,9.7813415531,0.0011067708,-0.0000651042,-0.1745117187
558969.8300241730,-0.0856018066,0.0054931641,9.7811889652,0.0016384549,-0.0000759549,-0.1745225694
558969.8400241730,-0.0860595703,-0.0007629395,9.7813415531,0.0013671875,-0.0000542535,-0.1745334201
558969.8500241730,-0.0872802734,0.0048828125,9.7817993167,0.0012803819,-0.0000651042,-0.1745442708
558969.8600241730,-0.0877380371,-0.0000000000,9.7814941409,0.0017903646,-0.0001193576,-0.1745334201
558969.8700241731,-0.0866699219,0.0016784668,9.7811889652,0.0009548611,-0.0000651042,-0.1745659722
558969.8800241729,-0.0849914551,0.0047302246,9.7817993167,0.0020182292,-0.0000759549,-0.1745334201
558969.8900241730,-0.0854492188,-0.0019836426,9.7810363773,0.0008246528,-0.0000434028,-0.1745334201
558969.9000241730,-0.0865173340,0.0048828125,9.7816467288,0.0019205729,-0.0000868056,-0.1745659722
558969.9100241730,-0.0852966309,-0.0015258789,9.7813415531,0.0010959201,-0.0000651042,-0.1745768229
558969.9200241730,-0.0871276855,0.0064086914,9.7813415531,0.0015733507,-0.0000759549,-0.1745768229
558969.9300241730,-0.0868225098,-0.0025939941,9.7813415531,0.0014756944,-0.0000759549,-0.1745442708
558969.9400241730,-0.0857543945,0.0039672852,9.7817993167,0.0012261285,-0.0000759549,-0.1745008680
558969.9500241730,-0.0872802734,0.0009155273,9.7816467288,0.0018446181,-0.0001085069,-0.1744574653
558969.9600241730,-0.0848388672,0.0015258789,9.7819519046,0.0008789062,-0.0000325521,-0.1744791667
558969.9700241730,-0.0866699219,0.0036621094,9.7810363773,0.0020182292,-0.0001085069,-0.1744791667
558969.9800241730,-0.0854492188,-0.0027465820,9.7814941409,0.0008680556,-0.0000542535,-0.1745117187
558969.9900241731,-0.0860595703,0.0068664551,9.7817993167,0.0018771701,-0.0000868056,-0.1745334201
558970.0000241729,-0.0856018066,-0.0024414063,9.7811889652,0.0012152778,-0.0000759549,-0.1745659722
558970.0100241730,-0.0868225098,0.0047302246,9.7817993167,0.0014865451,-0.0000542535,-0.1747938368
558970.0200241730,-0.0863647461,-0.0015258789,9.7810363773,0.0016384549,-0.0000759549,-0.1745659722
558970.0300241730,-0.0849914551,0.0038146973,9.7814941409,0.0010416667,-0.0000759549,-0.1745659722
558970.0400241730,-0.0869750977,0.0028991699,9.7814941409,0.0018988715,-0.0000759549,-0.1745117187
558970.0500241730,-0.0877380371,-0.0009155273,9.7810363773,0.0008680556,-0.0000651042,-0.1745008680
558970.0600241730,-0.0866699219,0.0042724609,9.7810363773,0.0020399306,-0.0000759549,-0.1744574653
558970.0700241730,-0.0842285156,-0.0018310547,9.7817993167,0.0009657118,-0.0000325521,-0.1745334201
558970.0800241730,-0.0854492188,0.0079345703,9.7814941409,0.0017903646,-0.0000759549,-0.1745442708
558970.0900241730,-0.0878906250,-0.0038146973,9.7819519046,0.0012261285,-0.0001085069,-0.1745442708
558970.1000241740,-0.0871276855,0.0033569336,9.7819519046,0.0014648437,-0.0000759549,-0.1745551215
558970.1100241740,-0.0846862793,-0.0000000000,9.7807312015,0.0016276042,-0.0000759549,-0.1745334201
558970.1200241740,-0.0842285156,0.0059509277,9.7810363773,0.0010633681,-0.0000434028,-0.1744900174
558970.1300241740,-0.0863647461,0.0009155273,9.7819519046,0.0019097222,-0.0000868056,-0.1745442708
558970.1400241740,-0.0886535645,-0.0018310547,9.7813415531,0.0009331597,-0.0000651042,-0.1745659722
558970.1500241740,-0.0860595703,0.0045776367,9.7816467288,0.0019965278,-0.0000868056,-0.1745985243
558970.1600241740,-0.0848388672,0.0009155273,9.7811889652,0.0008789062,-0.0000542535,-0.1746527778
558970.1700241740,-0.0857543945,0.0053405762,9.7814941409,0.0018446181,-0.0000759549,-0.1746310764
558970.1800241740,-0.0871276855,-0.0061035156,9.7814941409,0.0011393229,-0.0000651042,-0.1746527778
558970.1900241741,-0.0871276855,0.0064086914,9.7811889652,0.0015842014,-0.0000868056,-0.1745225694
558970.2000241739,-0.0852966309,0.0013732910,9.7813415531,0.0015733507,-0.0000434028,-0.1744249132
558970.2100241740,-0.0851440430,0.0035095215,9.7814941409,0.0010633681,-0.0000759549,-0.1744357639
558970.2200241740,-0.0872802734,0.0003051758,9.7819519046,0.0019205729,-0.0001085069,-0.1744249132
558970.2300241740,-0.0860595703,-0.0004577637,9.7816467288,0.0008680556,-0.0000651042,-0.1744791667
558970.2400241740,-0.0856018066,0.0064086914,9.7816467288,0.0019748264,-0.0000759549,-0.1744683160
558970.2500241740,-0.0845336914,-0.0021362305,9.7814941409,0.0009331597,-0.0000542535,-0.1745334201
558970.2600241740,-0.0863647461,0.0044250488,9.7814941409,0.0018229167,-0.0000542535,-0.1745876736
558970.2700241740,-0.0868225098,-0.0019836426,9.7811889652,0.0012586806,-0.0001085069,-0.1745985243
558970.2800241740,-0.0872802734,0.0065612793,9.7817993167,0.0015516493,-0.0000759549,-0.1745768229
558970.2900241740,-0.0846862793,-0.0013732910,9.7814941409,0.0014648437,-0.0000759549,-0.1745985243
558970.3000241740,-0.0839233398,0.0030517578,9.7814941409,0.0011935764,-0.0000542535,-0.1745659722
558970.3100241740,-0.0862121582,0.0004577637,9.7807312015,0.0018446181,-0.0001085069,-0.1745442708
558970.3200241741,-0.0872802734,0.0018310547,9.7816467288,0.0009223090,-0.0000434028,-0.1745768229
558970.3300241739,-0.0848388672,0.0036621094,9.7807312015,0.0019965278,-0.0001085069,-0.1746310764
558970.3400241740,-0.0851440430,-0.0024414063,9.7817993167,0.0008789062,-0.0000434028,-0.1745985243
558970.3500241740,-0.0860595703,0.0048828125,9.7814941409,0.0019097222,-0.0000868056,-0.1745876736
558970.3600241740,-0.0865173340,-0.0012207031,9.7819519046,0.0010959201,-0.0001085069,-0.1745768229
558970.3700241740,-0.0856018066,0.0067138672,9.7821044925,0.0015733507,-0.0000542535,-0.1745442708
558970.3800241740,-0.0859069824,-0.0025939941,9.7819519046,0.0015407986,-0.0000651042,-0.1744900174
558970.3900241740,-0.0854492188,0.0019836426,9.7811889652,0.0011284722,-0.0000651042,-0.1745117187
558970.4000241740,-0.0871276855,0.0039672852,9.7810363773,0.0019531250,-0.0001085069,-0.1745008680
558970.4100241740,-0.0863647461,-0.0006103516,9.7813415531,0.0008789062,-0.0000542535,-0.1745008680
558970.4200241740,-0.0859069824,0.0032043457,9.7814941409,0.0019531250,-0.0000759549,-0.1745117187
558970.4300241740,-0.0854492188,-0.0024414063,9.7814941409,0.0009982639,-0.0000651042,-0.1745876736
558970.4400241741,-0.0856018066,0.0077819824,9.7813415531,0.0018120660,-0.0000759549,-0.1745334201
558970.4500241739,-0.0860595703,-0.0016784668,9.7821044925,0.0011176215,-0.0000651042,-0.1745768229
558970.4600241740,-0.0866699219,0.0030517578,9.7821044925,0.0015842014,-0.0000651042,-0.1745551215
558970.4700241740,-0.0846862793,-0.0035095215,9.7808837894,0.0015190972,-0.0000759549,-0.1745551215
558970.4800241740,-0.0849914551,0.0062561035,9.7814941409,0.0012152778,-0.0000542535,-0.1745768229
558970.4900241740,-0.0866699219,0.0021362305,9.7813415531,0.0018012153,-0.0000868056,-0.1745876736
558970.5000241740,-0.0857543945,-0.0012207031,9.7817993167,0.0008789062,-0.0000434028,-0.1745659722
558970.5100241740,-0.0854492188,0.0032043457,9.7811889652,0.0020399306,-0.0000976562,-0.1745442708
558970.5200241740,-0.0862121582,-0.0012207031,9.7817993167,0.0009223090,-0.0000542535,-0.1745117187
558970.5300241740,-0.0871276855,0.0071716309,9.7811889652,0.0018771701,-0.0001302083,-0.1745551215
558970.5400241740,-0.0849914551,-0.0033569336,9.7821044925,0.0012044271,-0.0000542535,-0.1745117187
558970.5500241740,-0.0857543945,0.0039672852,9.7816467288,0.0014973958,-0.0000651042,-0.1745008680
558970.5600241740,-0.0856018066,-0.0006103516,9.7813415531,0.0015842014,-0.0000434028,-0.1745334201
558970.5700241741,-0.0860595703,0.0041198730,9.7811889652,0.0010959201,-0.0000759549,-0.1745768229
558970.5800241739,-0.0868225098,0.0015258789,9.7813415531,0.0018771701,-0.0001085069,-0.1745876736
558970.5900241740,-0.0854492188,-0.0006103516,9.7821044925,0.0009223090,-0.0000759549,-0.1746093750
558970.6000241740,-0.0856018066,0.0033569336,9.7816467288,0.0020507812,-0.0000651042,-0.1745334201
558970.6100241740,-0.0856018066,-0.0010681152,9.7816467288,0.0009114583,-0.0000542535,-0.1745876736
558970.6200241740,-0.0863647461,0.0067138672,9.7814941409,0.0018120660,-0.0001193576,-0.1745442708
558970.6300241740,-0.0860595703,-0.0041198730,9.7819519046,0.0011935764,-0.0000651042,-0.1745225694
558970.6400241740,-0.0854492188,0.0054931641,9.7814941409,0.0015299479,-0.0000542535,-0.1744683160
558970.6500241740,-0.0842285156,-0.0001525879,9.7819519046,0.0014973958,-0.0000325521,-0.1744574653
558970.6600241740,-0.0860595703,0.0033569336,9.7814941409,0.0011935764,-0.0000651042,-0.1745117187
558970.6700241740,-0.0868225098,-0.0000000000,9.7814941409,0.0018446181,-0.0001302083,-0.1745334201
558970.6800241740,-0.0846862793,0.0001525879,9.7816467288,0.0009765625,-0.0000542535,-0.1744900174
558970.6900241741,-0.0863647461,0.0051879883,9.7817993167,0.0020073785,-0.0000651042,-0.1745117187
558970.7000241739,-0.0865173340,-0.0007629395,9.7810363773,0.0008897569,-0.0000542535,-0.1745442708
558970.7100241740,-0.0869750977,0.0041198730,9.7817993167,0.0018446181,-0.0001085069,-0.1745334201
558970.7200241740,-0.0856018066,-0.0025939941,9.7810363773,0.0011718750,-0.0000542535,-0.1745659722
558970.7300241740,-0.0851440430,0.0068664551,9.7814941409,0.0016276042,-0.0000759549,-0.1745551215
558970.7400241740,-0.0865173340,-0.0019836426,9.7813415531,0.0013888889,-0.0000434028,-0.1745551215
558970.7500241740,-0.0859069824,0.0038146973,9.7816467288,0.0013454861,-0.0000868056,-0.1745768229
558970.7600241740,-0.0852966309,-0.0012207031,9.7810363773,0.0016927083,-0.0001085069,-0.1745551215
558970.7700241740,-0.0845336914,0.0033569336,9.7819519046,0.0010091146,-0.0000542535,-0.1745659722
558970.7800241740,-0.0866699219,0.0024414063,9.7805786136,0.0019639757,-0.0000651042,-0.1745117187
558970.7900241740,-0.0865173340,-0.0022888184,9.7810363773,0.0008572049,-0.0000651042,-0.1745008680
558970.8000241740,-0.0856018066,0.0047302246,9.7816467288,0.0020182292,-0.0000759549,-0.1745334201
558970.8100241740,-0.0852966309,-0.0025939941,9.7816467288,0.0010308160,-0.0000868056,-0.1745334201
558970.8200241741,-0.0862121582,0.0073242188,9.7814941409,0.0017144097,-0.0000434028,-0.1745117187
558970.8300241739,-0.0862121582,-0.0033569336,9.7817993167,0.0014105903,-0.0000542535,-0.1745225694
558970.8400241740,-0.0854492188,0.0028991699,9.7813415531,0.0012152778,-0.0000651042,-0.1745225694
558970.8500241740,-0.0846862793,0.0016784668,9.7816467288,0.0018988715,-0.0001193576,-0.1745551215
558970.8600241740,-0.0848388672,0.0015258789,9.7817993167,0.0009114583,-0.0000217014,-0.1745659722
558970.8700241740,-0.0862121582,0.0039672852,9.7810363773,0.0020073785,-0.0000976562,-0.1745442708
558970.8800241740,-0.0865173340,-0.0032043457,9.7813415531,0.0009223090,-0.0000434028,-0.1745334201
558970.8900241740,-0.0854492188,0.0062561035,9.7810363773,0.0018663194,-0.0000868056,-0.1745659722
558970.9000241740,-0.0857543945,-0.0021362305,9.7817993167,0.0011718750,-0.0000759549,-0.1745768229
558970.9100241740,-0.0868225098,0.0045776367,9.7816467288,0.0014973958,-0.0000651042,-0.1745225694
558970.9200241740,-0.0846862793,-0.0012207031,9.7813415531,0.0015733507,-0.0000542535,-0.1744466146
558970.9300241740,-0.0843811035,0.0045776367,9.7810363773,0.0011718750,-0.0000542535,-0.1744900174
558970.9400241741,-0.0859069824,0.0013732910,9.7813415531,0.0018446181,-0.0001085069,-0.1745117187
558970.9500241739,-0.0860595703,-0.0001525879,9.7811889652,0.0009440104,-0.0000542535,-0.1745008680
558970.9600241740,-0.0854492188,0.0038146973,9.7817993167,0.0020073785,-0.0000759549,-0.1745117187
558970.9700241740,-0.0857543945,-0.0012207031,9.7816467288,0.0009114583,-0.0000434028,-0.1745659722
558970.9800241740,-0.0851440430,0.0061035156,9.7817993167,0.0018663194,-0.0000651042,-0.1745659722
558970.9900241740,-0.0862121582,-0.0021362305,9.7813415531,0.0011284722,-0.0000868056,-0.1745985243
558971.0000241740,-0.0863647461,0.0050354004,9.7819519046,0.0016601562,-0.0000759549,-0.1745985243
558971.0100241740,-0.0851440430,-0.0019836426,9.7816467288,0.0014322917,-0.0000325521,-0.1748697917
558971.0200241740,-0.0852966309,0.0054931641,9.7814941409,0.0012912326,-0.0000651042,-0.1745551215
558971.0300241740,-0.0866699219,-0.0001525879,9.7808837894,0.0017144097,-0.0001085069,-0.1746310764
558971.0400241740,-0.0865173340,-0.0000000000,9.7816467288,0.0010091146,-0.0000651042,-0.1746093750
558971.0500241740,-0.0862121582,0.0021362305,9.7822570804,0.0019856771,-0.0000976562,-0.1745225694
558971.0600241740,-0.0846862793,0.0004577637,9.7819519046,0.0008680556,-0.0000325521,-0.1745117187
558971.0700241741,-0.0863647461,0.0057983398,9.7810363773,0.0019748264,-0.0001085069,-0.1745117187
558971.0800241739,-0.0860595703,-0.0044250488,9.7811889652,0.0010308160,-0.0000651042,-0.1745117187
558971.0900241740,-0.0856018066,0.0059509277,9.7810363773,0.0017144097,-0.0000651042,-0.1745225694
558971.1000241740,-0.0837707520,-0.0021362305,9.7814941409,0.0013997396,-0.0000434028,-0.1745008680
558971.1100241740,-0.0845336914,0.0048828125,9.7814941409,0.0012152778,-0.0000651042,-0.1745659722
558971.1200241740,-0.0863647461,-0.0000000000,9.7810363773,0.0018229167,-0.0000868056,-0.1745659722
558971.1300241740,-0.0856018066,0.0010681152,9.7814941409,0.0009548611,-0.0000651042,-0.1745768229
558971.1400241740,-0.0851440430,0.0045776367,9.7817993167,0.0020399306,-0.0000651042,-0.1745334201
558971.1500241740,-0.0851440430,-0.0019836426,9.7813415531,0.0008680556,-0.0000542535,-0.1745659722
558971.1600241740,-0.0854492188,0.0048828125,9.7808837894,0.0018880208,-0.0000759549,-0.1745876736
558971.1700241740,-0.0872802734,-0.0036621094,9.7811889652,0.0011284722,-0.0000868056,-0.1745659722
558971.1800241750,-0.0856018066,0.0059509277,9.7819519046,0.0015733507,-0.0000651042,-0.1745008680
558971.1900241750,-0.0856018066,-0.0018310547,9.7814941409,0.0015299479,-0.0000651042,-0.1745117187
558971.2000241750,-0.0860595703,0.0032043457,9.7816467288,0.0012044271,-0.0000651042,-0.1745225694
558971.2100241750,-0.0863647461,0.0010681152,9.7811889652,0.0018771701,-0.0000759549,-0.1745008680
558971.2200241750,-0.0856018066,0.0009155273,9.7814941409,0.0009223090,-0.0000651042,-0.1744791667
558971.2300241750,-0.0837707520,0.0041198730,9.7814941409,0.0020073785,-0.0000542535,-0.1744900174
558971.2400241750,-0.0846862793,-0.0021362305,9.7811889652,0.0008897569,-0.0000325521,-0.1745225694
558971.2500241750,-0.0868225098,0.0057983398,9.7814941409,0.0018771701,-0.0000868056,-0.1745334201
558971.2600241750,-0.0845336914,-0.0022888184,9.7811889652,0.0011501736,-0.0000542535,-0.1745768229
558971.2700241751,-0.0848388672,0.0062561035,9.7813415531,0.0015625000,-0.0000651042,-0.1745117187
558971.2800241750,-0.0852966309,-0.0022888184,9.7811889652,0.0014973958,-0.0000542535,-0.1745442708
558971.2900241750,-0.0852966309,0.0032043457,9.7814941409,0.0011393229,-0.0000759549,-0.1745659722
558971.3000241750,-0.0854492188,0.0016784668,9.7814941409,0.0018988715,-0.0001193576,-0.1745334201
558971.3100241750,-0.0859069824,0.0004577637,9.7813415531,0.0009114583,-0.0000868056,-0.1745442708
558971.3200241750,-0.0857543945,0.0038146973,9.7810363773,0.0019856771,-0.0000542535,-0.1745008680
558971.3300241750,-0.0854492188,-0.0018310547,9.7810363773,0.0009765625,-0.0000434028,-0.1745442708
558971.3400241750,-0.0849914551,0.0057983398,9.7814941409,0.0018771701,-0.0000868056,-0.1745334201
558971.3500241750,-0.0860595703,-0.0015258789,9.7817993167,0.0011501736,-0.0000651042,-0.1744574653
558971.3600241750,-0.0851440430,0.0053405762,9.7814941409,0.0016059028,-0.0000651042,-0.1745008680
558971.3700241750,-0.0856018066,-0.0027465820,9.7819519046,0.0014105903,-0.0000759549,-0.1745117187
558971.3800241750,-0.0849914551,0.0039672852,9.7813415531,0.0013020833,-0.0000434028,-0.1745768229
558971.3900241751,-0.0849914551,0.0012207031,9.7814941409,0.0017361111,-0.0001193576,-0.1745985243
558971.4000241749,-0.0865173340,0.0019836426,9.7813415531,0.0010525174,-0.0000542535,-0.1745659722
558971.4100241750,-0.0856018066,0.0016784668,9.7807312015,0.0019531250,-0.0000759549,-0.1745551215
558971.4200241750,-0.0852966309,-0.0000000000,9.7816467288,0.0009114583,-0.0000325521,-0.1745334201
558971.4300241750,-0.0849914551,0.0051879883,9.7814941409,0.0019531250,-0.0000868056,-0.1745334201
558971.4400241750,-0.0851440430,-0.0033569336,9.7817993167,0.0009548611,-0.0000542535,-0.1745876736
558971.4500241750,-0.0860595703,0.0057983398,9.7814941409,0.0018337674,-0.0000759549,-0.1745551215
558971.4600241750,-0.0856018066,-0.0021362305,9.7819519046,0.0012152778,-0.0000434028,-0.1745442708
558971.4700241750,-0.0857543945,0.0053405762,9.7813415531,0.0015516493,-0.0000759549,-0.1745551215
558971.4800241750,-0.0860595703,-0.0016784668,9.7816467288,0.0015407986,-0.0000651042,-0.1745225694
558971.4900241750,-0.0848388672,0.0028991699,9.7813415531,0.0011501736,-0.0000542535,-0.1745334201
558971.5000241750,-0.0854492188,0.0007629395,9.7814941409,0.0018229167,-0.0000868056,-0.1745334201
558971.5100241750,-0.0849914551,0.0009155273,9.7819519046,0.0009657118,-0.0000434028,-0.1744791667
558971.5200241751,-0.0856018066,0.0041198730,9.7808837894,0.0020182292,-0.0000976562,-0.1745442708
558971.5300241750,-0.0857543945,-0.0003051758,9.7808837894,0.0008680556,-0.0000759549,-0.1745876736
558971.5400241750,-0.0859069824,0.0053405762,9.7813415531,0.0019748264,-0.0000651042,-0.1745659722
558971.5500241750,-0.0846862793,-0.0032043457,9.7819519046,0.0010850694,-0.0000434028,-0.1745334201
558971.5600241750,-0.0846862793,0.0067138672,9.7817993167,0.0016167535,-0.0000759549,-0.1745551215
558971.5700241750,-0.0863647461,-0.0013732910,9.7813415531,0.0014539931,-0.0000759549,-0.1745768229
558971.5800241750,-0.0849914551,0.0038146973,9.7819519046,0.0012586806,-0.0000542535,-0.1745659722
558971.5900241750,-0.0848388672,-0.0010681152,9.7814941409,0.0018120660,-0.0000651042,-0.1745442708
558971.6000241750,-0.0852966309,0.0015258789,9.7816467288,0.0009982639,-0.0000325521,-0.1745768229
558971.6100241750,-0.0856018066,0.0035095215,9.7824096683,0.0020073785,-0.0001085069,-0.1745551215
558971.6200241750,-0.0860595703,-0.0013732910,9.7811889652,0.0008680556,-0.0000651042,-0.1745334201
558971.6300241750,-0.0856018066,0.0051879883,9.7808837894,0.0019856771,-0.0000542535,-0.1744791667
558971.6400241751,-0.0852966309,-0.0028991699,9.7819519046,0.0010308160,-0.0000651042,-0.1745008680
558971.6500241749,-0.0848388672,0.0054931641,9.7811889652,0.0016927083,-0.0000651042,-0.1745008680
558971.6600241750,-0.0851440430,-0.0015258789,9.7810363773,0.0014322917,-0.0000759549,-0.1745008680
558971.6700241750,-0.0860595703,0.0044250488,9.7816467288,0.0013129340,-0.0000651042,-0.1744574653
558971.6800241750,-0.0859069824,-0.0004577637,9.7814941409,0.0017795139,-0.0000759549,-0.1745334201
558971.6900241750,-0.0840759277,0.0021362305,9.7813415531,0.0009765625,-0.0000325521,-0.1745659722
558971.7000241750,-0.0852966309,0.0025939941,9.7813415531,0.0020399306,-0.0000759549,-0.1745334201
558971.7100241750,-0.0857543945,-0.0018310547,9.7813415531,0.0008246528,-0.0000542535,-0.1745551215
558971.7200241750,-0.0856018066,0.0062561035,9.7817993167,0.0019965278,-0.0000651042,-0.1745876736
558971.7300241750,-0.0851440430,-0.0044250488,9.7811889652,0.0010850694,-0.0000651042,-0.1745985243
558971.7400241750,-0.0849914551,0.0067138672,9.7816467288,0.0016493056,-0.0000759549,-0.1745659722
558971.7500241750,-0.0854492188,-0.0021362305,9.7811889652,0.0014648437,-0.0000651042,-0.1745551215
558971.7600241750,-0.0865173340,0.0041198730,9.7814941409,0.0012044271,-0.0000542535,-0.1745768229
558971.7700241751,-0.0852966309,0.0003051758,9.7814941409,0.0018663194,-0.0000868056,-0.1745225694
558971.7800241750,-0.0839233398,0.0007629395,9.7819519046,0.0008897569,-0.0000325521,-0.1745008680
558971.7900241750,-0.0842285156,0.0044250488,9.7814941409,0.0020724826,-0.0000759549,-0.1745225694
558971.8000241750,-0.0863647461,-0.0019836426,9.7816467288,0.0009114583,-0.0000542535,-0.1745334201
558971.8100241750,-0.0856018066,0.0056457520,9.7819519046,0.0018988715,-0.0000759549,-0.1745442708
558971.8200241750,-0.0842285156,-0.0036621094,9.7811889652,0.0011501736,-0.0000542535,-0.1745659722
558971.8300241750,-0.0842285156,0.0065612793,9.7816467288,0.0015407986,-0.0000759549,-0.1745225694
558971.8400241750,-0.0849914551,-0.0009155273,9.7816467288,0.0015407986,-0.0000759549,-0.1745768229
558971.8500241750,-0.0862121582,0.0024414063,9.7813415531,0.0011501736,-0.0000651042,-0.1745659722
558971.8600241750,-0.0839233398,0.0009155273,9.7811889652,0.0019314236,-0.0000868056,-0.1745551215
558971.8700241750,-0.0834655762,0.0012207031,9.7816467288,0.0009114583,-0.0000325521,-0.1746093750
558971.8800241750,-0.0860595703,0.0041198730,9.7817993167,0.0020182292,-0.0000651042,-0.1746093750
558971.8900241751,-0.0866699219,-0.0024414063,9.7821044925,0.0009114583,-0.0000868056,-0.1746093750
558971.9000241749,-0.0848388672,0.0048828125,9.7816467288,0.0018988715,-0.0000759549,-0.1745551215
558971.9100241750,-0.0836181641,-0.0016784668,9.7807312015,0.0011718750,-0.0000325521,-0.1745225694
558971.9200241750,-0.0856018066,0.0061035156,9.7816467288,0.0015516493,-0.0000542535,-0.1745876736
558971.9300241750,-0.0860595703,-0.0025939941,9.7814941409,0.0015516493,-0.0000759549,-0.1745442708
558971.9400241750,-0.0852966309,0.0035095215,9.7817993167,0.0011827257,-0.0000542535,-0.1743598090
558971.9500241750,-0.0843811035,0.0025939941,9.7821044925,0.0018880208,-0.0000651042,-0.1743381076
558971.9600241750,-0.0836181641,0.0012207031,9.7819519046,0.0008572049,-0.0000325521,-0.1744900174
558971.9700241750,-0.0862121582,0.0028991699,9.7813415531,0.0020399306,-0.0001085069,-0.1745334201
558971.9800241750,-0.0859069824,-0.0035095215,9.7807312015,0.0008897569,-0.0000759549,-0.1745768229
558971.9900241750,-0.0849914551,0.0071716309,9.7805786136,0.0019205729,-0.0000759549,-0.1745442708
558972.0000241750,-0.0843811035,-0.0027465820,9.7810363773,0.0012261285,-0.0000325521,-0.1745876736
558972.0100241750,-0.0859069824,0.0047302246,9.7814941409,0.0014539931,-0.0000759549,-0.1748697917
558972.0200241751,-0.0859069824,-0.0022888184,9.7814941409,0.0016710069,-0.0000651042,-0.1745876736
558972.0300241750,-0.0852966309,0.0038146973,9.7817993167,0.0010416667,-0.0000542535,-0.1745225694
558972.0400241750,-0.0843811035,0.0025939941,9.7811889652,0.0019639757,-0.0000542535,-0.1745008680
558972.0500241750,-0.0846862793,-0.0018310547,9.7813415531,0.0008680556,-0.0000542535,-0.1744900174
558972.0600241750,-0.0845336914,0.0045776367,9.7808837894,0.0020182292,-0.0000759549,-0.1744791667
558972.0700241750,-0.0859069824,-0.0018310547,9.7811889652,0.0010091146,-0.0000759549,-0.1745442708
558972.0800241750,-0.0848388672,0.0064086914,9.7811889652,0.0018012153,-0.0000759549,-0.1745442708
558972.0900241750,-0.0851440430,-0.0030517578,9.7813415531,0.0013129340,-0.0000542535,-0.1745442708
558972.1000241750,-0.0845336914,0.0039672852,9.7813415531,0.0013454861,-0.0000434028,-0.1745876736
558972.1100241750,-0.0854492188,0.0006103516,9.7811889652,0.0017795139,-0.0000759549,-0.1746093750
558972.1200241750,-0.0857543945,0.0021362305,9.7819519046,0.0009657118,-0.0000542535,-0.1745985243
558972.1300241750,-0.0854492188,0.0024414063,9.7814941409,0.0020507812,-0.0000759549,-0.1745551215
558972.1400241751,-0.0840759277,-0.0024414063,9.7817993167,0.0009114583,-0.0000542535,-0.1745442708
558972.1500241749,-0.0848388672,0.0059509277,9.7816467288,0.0019856771,-0.0000976562,-0.1745442708
558972.1600241750,-0.0863647461,-0.0013732910,9.7807312015,0.0010416667,-0.0000542535,-0.1745334201
558972.1700241750,-0.0860595703,0.0051879883,9.7817993167,0.0016493056,-0.0000651042,-0.1744791667
558972.1800241750,-0.0846862793,-0.0041198730,9.7808837894,0.0014431424,-0.0000651042,-0.1745442708
558972.1900241750,-0.0842285156,0.0035095215,9.7819519046,0.0013237847,-0.0000434028,-0.1745334201
558972.2000241750,-0.0846862793,0.0016784668,9.7808837894,0.0018120660,-0.0000868056,-0.1745334201
558972.2100241750,-0.0860595703,0.0025939941,9.7817993167,0.0009982639,-0.0000542535,-0.1745117187
558972.2200241750,-0.0854492188,0.0030517578,9.7813415531,0.0019748264,-0.0000759549,-0.1745117187
558972.2300241750,-0.0839233398,-0.0016784668,9.7811889652,0.0008897569,-0.0000434028,-0.1745008680
558972.2400241750,-0.0837707520,0.0067138672,9.7814941409,0.0019748264,-0.0000759549,-0.1745334201
558972.2500241760,-0.0845336914,-0.0019836426,9.7802734378,0.0010633681,-0.0000542535,-0.1745442708
558972.2600241760,-0.0857543945,0.0048828125,9.7817993167,0.0016601562,-0.0000434028,-0.1745659722
558972.2700241760,-0.0851440430,-0.0036621094,9.7819519046,0.0014756944,-0.0000651042,-0.1745768229
558972.2800241760,-0.0845336914,0.0056457520,9.7801208499,0.0012695312,-0.0000542535,-0.1745985243
558972.2900241760,-0.0845336914,0.0003051758,9.7819519046,0.0017903646,-0.0000759549,-0.1746093750
558972.3000241760,-0.0857543945,-0.0000000000,9.7821044925,0.0009548611,-0.0000542535,-0.1745768229
558972.3100241760,-0.0851440430,0.0016784668,9.7810363773,0.0020507812,-0.0000759549,-0.1745551215
558972.3200241760,-0.0846862793,-0.0006103516,9.7811889652,0.0009114583,-0.0000434028,-0.1745876736
558972.3300241760,-0.0849914551,0.0070190430,9.7811889652,0.0019314236,-0.0000868056,-0.1745334201
558972.3400241761,-0.0828552246,-0.0047302246,9.7816467288,0.0011393229,-0.0000434028,-0.1745768229
558972.3500241759,-0.0856018066,0.0062561035,9.7819519046,0.0016493056,-0.0000434028,-0.1745551215
558972.3600241760,-0.0852966309,-0.0009155273,9.7813415531,0.0014865451,-0.0000542535,-0.1745442708
558972.3700241760,-0.0846862793,0.0042724609,9.7811889652,0.0011718750,-0.0000759549,-0.1745876736
558972.3800241760,-0.0842285156,-0.0001525879,9.7816467288,0.0018337674,-0.0000759549,-0.1745551215
558972.3900241760,-0.0849914551,0.0013732910,9.7816467288,0.0010091146,-0.0000651042,-0.1745659722
558972.4000241760,-0.0854492188,0.0041198730,9.7816467288,0.0020399306,-0.0000542535,-0.1745225694
558972.4100241760,-0.0845336914,-0.0021362305,9.7814941409,0.0008897569,-0.0000325521,-0.1745225694
558972.4200241760,-0.0842285156,0.0044250488,9.7811889652,0.0019314236,-0.0000759549,-0.1745225694
558972.4300241760,-0.0859069824,-0.0030517578,9.7813415531,0.0011067708,-0.0000759549,-0.1745008680
558972.4400241760,-0.0863647461,0.0074768066,9.7817993167,0.0016276042,-0.0000651042,-0.1744683160
558972.4500241760,-0.0846862793,-0.0015258789,9.7813415531,0.0014865451,-0.0000542535,-0.1744900174
558972.4600241760,-0.0840759277,0.0030517578,9.7816467288,0.0012044271,-0.0000651042,-0.1745117187
558972.4700241759,-0.0849914551,0.0001525879,9.7821044925,0.0019097222,-0.0000759549,-0.1745117187
558972.4800241760,-0.0846862793,0.0018310547,9.7817993167,0.0009223090,-0.0000325521,-0.1745442708
558972.4900241760,-0.0849914551,0.0044250488,9.7810363773,0.0020073785,-0.0000651042,-0.1744900174
558972.5000241760,-0.0836181641,-0.0016784668,9.7811889652,0.0009223090,-0.0000325521,-0.1745225694
558972.5100241760,-0.0862121582,0.0045776367,9.7814941409,0.0018880208,-0.0000868056,-0.1745442708
558972.5200241760,-0.0862121582,-0.0022888184,9.7817993167,0.0011284722,-0.0000651042,-0.1745876736
558972.5300241760,-0.0842285156,0.0071716309,9.7816467288,0.0016384549,-0.0000542535,-0.1745876736
558972.5400241760,-0.0845336914,-0.0019836426,9.7816467288,0.0014539931,-0.0000434028,-0.1746093750
558972.5500241760,-0.0849914551,0.0032043457,9.7810363773,0.0012586806,-0.0000651042,-0.1745876736
558972.5600241760,-0.0846862793,0.0003051758,9.7813415531,0.0018337674,-0.0000759549,-0.1745876736
558972.5700241760,-0.0852966309,0.0016784668,9.7816467288,0.0009765625,-0.0000651042,-0.1745442708
558972.5800241760,-0.0837707520,0.0033569336,9.7814941409,0.0019856771,-0.0000759549,-0.1745334201
558972.5900241761,-0.0837707520,-0.0022888184,9.7816467288,0.0009223090,-0.0000000000,-0.1745659722
558972.6000241759,-0.0840759277,0.0051879883,9.7811889652,0.0019856771,-0.0000759549,-0.1744791667
558972.6100241760,-0.0846862793,-0.0012207031,9.7819519046,0.0010850694,-0.0000759549,-0.1745117187
558972.6200241760,-0.0851440430,0.0051879883,9.7814941409,0.0017252604,-0.0000542535,-0.1745225694
558972.6300241760,-0.0830078125,-0.0030517578,9.7813415531,0.0013780382,-0.0000434028,-0.1745008680
558972.6400241760,-0.0846862793,0.0044250488,9.7819519046,0.0013129340,-0.0000651042,-0.1745442708
558972.6500241760,-0.0862121582,0.0004577637,9.7814941409,0.0017469618,-0.0000651042,-0.1745117187
558972.6600241760,-0.0840759277,0.0019836426,9.7819519046,0.0009657118,-0.0000759549,-0.1745334201
558972.6700241760,-0.0842285156,0.0022888184,9.7821044925,0.0020833333,-0.0000759549,-0.1745334201
558972.6800241760,-0.0848388672,-0.0021362305,9.7814941409,0.0008680556,-0.0000217014,-0.1745117187
558972.6900241760,-0.0856018066,0.0065612793,9.7814941409,0.0019531250,-0.0001085069,-0.1745225694
558972.7000241760,-0.0843811035,-0.0022888184,9.7821044925,0.0010308160,-0.0000542535,-0.1745442708
558972.7100241760,-0.0849914551,0.0057983398,9.7817993167,0.0016493056,-0.0000542535,-0.1745225694
558972.7200241759,-0.0836181641,-0.0030517578,9.7810363773,0.0014865451,-0.0000542535,-0.1745225694
558972.7300241760,-0.0840759277,0.0044250488,9.7822570804,0.0012586806,-0.0000651042,-0.1744683160
558972.7400241760,-0.0846862793,0.0013732910,9.7816467288,0.0018880208,-0.0000868056,-0.1745008680
558972.7500241760,-0.0848388672,0.0006103516,9.7814941409,0.0008789062,-0.0000434028,-0.1745008680
558972.7600241760,-0.0846862793,0.0035095215,9.7814941409,0.0020724826,-0.0000651042,-0.1745334201
558972.7700241760,-0.0849914551,-0.0022888184,9.7811889652,0.0009331597,-0.0000542535,-0.1745659722
558972.7800241760,-0.0842285156,0.0068664551,9.7811889652,0.0018337674,-0.0000542535,-0.1745659722
558972.7900241760,-0.0840759277,-0.0022888184,9.7816467288,0.0012261285,-0.0000542535,-0.1745876736
558972.8000241760,-0.0846862793,0.0042724609,9.7814941409,0.0015299479,-0.0000651042,-0.1745985243
558972.8100241760,-0.0848388672,-0.0015258789,9.7819519046,0.0016493056,-0.0000434028,-0.1745876736
558972.8200241760,-0.0849914551,0.0038146973,9.7816467288,0.0011067708,-0.0000651042,-0.1746527778
558972.8300241760,-0.0837707520,0.0019836426,9.7814941409,0.0018880208,-0.0000759549,-0.1745985243
558972.8400241761,-0.0839233398,-0.0003051758,9.7813415531,0.0009440104,-0.0000325521,-0.1745334201
558972.8500241759,-0.0851440430,0.0038146973,9.7811889652,0.0020182292,-0.0000651042,-0.1745334201
558972.8600241760,-0.0852966309,-0.0025939941,9.7817993167,0.0009548611,-0.0000325521,-0.1745659722
558972.8700241760,-0.0833129883,0.0061035156,9.7813415531,0.0018880208,-0.0000868056,-0.1745442708
558972.8800241760,-0.0846862793,-0.0016784668,9.7813415531,0.0011393229,-0.0000651042,-0.1745117187
558972.8900241760,-0.0849914551,0.0045776367,9.7816467288,0.0016059028,-0.0000651042,-0.1744900174
558972.9000241760,-0.0854492188,-0.0022888184,9.7813415531,0.0015407986,-0.0000542535,-0.1745876736
558972.9100241760,-0.0836181641,0.0039672852,9.7814941409,0.0011718750,-0.0000434028,-0.1745768229
558972.9200241760,-0.0837707520,0.0013732910,9.7813415531,0.0019097222,-0.0000759549,-0.1745876736
558972.9300241760,-0.0845336914,-0.0001525879,9.7819519046,0.0009331597,-0.0000217014,-0.1745876736
558972.9400241760,-0.0848388672,0.0033569336,9.7816467288,0.0020941840,-0.0000542535,-0.1745659722
558972.9500241760,-0.0843811035,-0.0016784668,9.7811889652,0.0009114583,-0.0000651042,-0.1745334201
558972.9600241760,-0.0833129883,0.0062561035,9.7814941409,0.0018880208,-0.0000759549,-0.1745225694
558972.9700241759,-0.0849914551,-0.0036621094,9.7810363773,0.0011827257,-0.0000542535,-0.1744791667
558972.9800241760,-0.0852966309,0.0053405762,9.7819519046,0.0015407986,-0.0000434028,-0.1745225694
558972.9900241760,-0.0856018066,-0.0013732910,9.7811889652,0.0016276042,-0.0000651042,-0.1745117187
558973.0000241760,-0.0842285156,0.0038146973,9.7811889652,0.0011176215,-0.0000542535,-0.1745659722
558973.0100241760,-0.0843811035,0.0016784668,9.7813415531,0.0019639757,-0.0000759549,-0.1747938368
558973.0200241760,-0.0848388672,-0.0010681152,9.7817993167,0.0008789062,-0.0000325521,-0.1745117187
558973.0300241760,-0.0852966309,0.0047302246,9.7816467288,0.0020182292,-0.0000434028,-0.1744900174
558973.0400241760,-0.0843811035,-0.0015258789,9.7816467288,0.0009548611,-0.0000325521,-0.1744900174
558973.0500241760,-0.0836181641,0.0061035156,9.7814941409,0.0018663194,-0.0000759549,-0.1745442708
558973.0600241760,-0.0845336914,-0.0022888184,9.7814941409,0.0012261285,-0.0000542535,-0.1745768229
558973.0700241760,-0.0854492188,0.0045776367,9.7824096683,0.0015190972,-0.0000325521,-0.1745008680
558973.0800241760,-0.0840759277,-0.0006103516,9.7817993167,0.0016167535,-0.0000651042,-0.1745768229
558973.0900241761,-0.0831604004,0.0027465820,9.7810363773,0.0010959201,-0.0000542535,-0.1745334201
558973.1000241759,-0.0851440430,0.0019836426,9.7808837894,0.0019314236,-0.0000542535,-0.1745876736
558973.1100241760,-0.0852966309,-0.0004577637,9.7814941409,0.0009114583,-0.0000434028,-0.1745768229
558973.1200241760,-0.0846862793,0.0041198730,9.7817993167,0.0020182292,-0.0000542535,-0.1745442708
558973.1300241760,-0.0848388672,-0.0015258789,9.7811889652,0.0009982639,-0.0000325521,-0.1745442708
558973.1400241760,-0.0846862793,0.0051879883,9.7817993167,0.0018663194,-0.0000759549,-0.1745985243
558973.1500241760,-0.0846862793,-0.0021362305,9.7810363773,0.0012044271,-0.0000759549,-0.1745225694
558973.1600241760,-0.0846862793,0.0054931641,9.7819519046,0.0015516493,-0.0000434028,-0.1744900174
558973.1700241760,-0.0845336914,-0.0013732910,9.7811889652,0.0015516493,-0.0000542535,-0.1745008680
558973.1800241760,-0.0848388672,0.0035095215,9.7810363773,0.0011718750,-0.0000325521,-0.1745117187
558973.1900241760,-0.0837707520,0.0015258789,9.7817993167,0.0018771701,-0.0001085069,-0.1745551215
558973.2000241760,-0.0846862793,-0.0001525879,9.7816467288,0.0009765625,-0.0000217014,-0.1745876736
558973.2100241760,-0.0846862793,0.0045776367,9.7813415531,0.0019965278,-0.0000542535,-0.1745659722
558973.2200241759,-0.0845336914,-0.0015258789,9.7816467288,0.0009223090,-0.0000325521,-0.1745442708
558973.2300241760,-0.0846862793,0.0048828125,9.7817993167,0.0018880208,-0.0000759549,-0.1745334201
558973.2400241760,-0.0848388672,-0.0024414063,9.7811889652,0.0011393229,-0.0000759549,-0.1745659722
558973.2500241760,-0.0848388672,0.0059509277,9.7814941409,0.0016601562,-0.0000542535,-0.1745551215
558973.2600241760,-0.0842285156,-0.0016784668,9.7814941409,0.0014431424,-0.0000325521,-0.1745442708
558973.2700241760,-0.0837707520,0.0041198730,9.7816467288,0.0013129340,-0.0000651042,-0.1745442708
558973.2800241760,-0.0846862793,-0.0006103516,9.7817993167,0.0017903646,-0.0001085069,-0.1745442708
558973.2900241760,-0.0846862793,0.0012207031,9.7810363773,0.0009765625,-0.0000434028,-0.1745117187
558973.3000241760,-0.0857543945,0.0039672852,9.7816467288,0.0020724826,-0.0000759549,-0.1744032118
558973.3100241760,-0.0839233398,-0.0013732910,9.7814941409,0.0008572049,-0.0000217014,-0.1743706597
558973.3200241770,-0.0831604004,0.0056457520,9.7816467288,0.0019314236,-0.0000542535,-0.1744683160
558973.3300241770,-0.0833129883,-0.0033569336,9.7814941409,0.0012152778,-0.0000542535,-0.1745659722
558973.3400241770,-0.0849914551,0.0048828125,9.7814941409,0.0015407986,-0.0000542535,-0.1745551215
558973.3500241770,-0.0845336914,-0.0006103516,9.7816467288,0.0016384549,-0.0000542535,-0.1745768229
558973.3600241770,-0.0842285156,0.0039672852,9.7811889652,0.0010525174,-0.0000542535,-0.1746202257
558973.3700241770,-0.0842285156,0.0025939941,9.7814941409,0.0019531250,-0.0001193576,-0.1746202257
558973.3800241770,-0.0851440430,-0.0007629395,9.7821044925,0.0009114583,-0.0000217014,-0.1746202257
558973.3900241770,-0.0849914551,0.0042724609,9.7824096683,0.0020399306,-0.0000651042,-0.1745551215
558973.4000241770,-0.0834655762,-0.0018310547,9.7813415531,0.0009657118,-0.0000325521,-0.1745442708
558973.4100241771,-0.0840759277,0.0065612793,9.7813415531,0.0018663194,-0.0000542535,-0.1745334201
558973.4200241769,-0.0845336914,-0.0030517578,9.7811889652,0.0012044271,-0.0000651042,-0.1745117187
558973.4300241770,-0.0865173340,0.0050354004,9.7813415531,0.0014865451,-0.0000542535,-0.1744900174
558973.4400241770,-0.0839233398,-0.0019836426,9.7814941409,0.0016384549,-0.0000542535,-0.1745117187
558973.4500241770,-0.0828552246,0.0035095215,9.7817993167,0.0010959201,-0.0000434028,-0.1745008680
558973.4600241770,-0.0843811035,0.0027465820,9.7817993167,0.0019531250,-0.0000759549,-0.1745117187
558973.4700241770,-0.0859069824,-0.0003051758,9.7814941409,0.0009114583,-0.0000325521,-0.1745225694
558973.4800241770,-0.0846862793,0.0039672852,9.7817993167,0.0020399306,-0.0000542535,-0.1745334201
558973.4900241770,-0.0836181641,-0.0016784668,9.7811889652,0.0009548611,-0.0000434028,-0.1745442708
558973.5000241770,-0.0834655762,0.0062561035,9.7817993167,0.0018446181,-0.0000542535,-0.1745876736
558973.5100241770,-0.0848388672,-0.0027465820,9.7817993167,0.0012261285,-0.0000434028,-0.1745876736
558973.5200241770,-0.0854492188,0.0051879883,9.7821044925,0.0014648437,-0.0000434028,-0.1745551215
558973.5300241770,-0.0834655762,-0.0010681152,9.7816467288,0.0017469618,-0.0000759549,-0.1745551215
558973.5400241771,-0.0831604004,0.0030517578,9.7811889652,0.0010199653,-0.0000434028,-0.1745442708
558973.5500241769,-0.0848388672,0.0036621094,9.7813415531,0.0019748264,-0.0000434028,-0.1744791667
558973.5600241770,-0.0852966309,-0.0012207031,9.7810363773,0.0008897569,-0.0000542535,-0.1745225694
558973.5700241770,-0.0837707520,0.0042724609,9.7813415531,0.0020182292,-0.0000542535,-0.1744900174
558973.5800241770,-0.0827026367,-0.0022888184,9.7811889652,0.0009657118,-0.0000325521,-0.1745225694
558973.5900241770,-0.0836181641,0.0070190430,9.7816467288,0.0018229167,-0.0000542535,-0.1745442708
558973.6000241770,-0.0856018066,-0.0025939941,9.7813415531,0.0012695312,-0.0000651042,-0.1745659722
558973.6100241770,-0.0857543945,0.0045776367,9.7822570804,0.0015190972,-0.0000542535,-0.1745442708
558973.6200241770,-0.0828552246,-0.0006103516,9.7821044925,0.0015842014,-0.0000651042,-0.1745551215
558973.6300241770,-0.0831604004,0.0044250488,9.7811889652,0.0011393229,-0.0000542535,-0.1745768229
558973.6400241770,-0.0846862793,0.0012207031,9.7814941409,0.0018663194,-0.0000651042,-0.1745442708
558973.6500241770,-0.0856018066,-0.0003051758,9.7816467288,0.0009765625,-0.0000325521,-0.1746093750
558973.6600241771,-0.0833129883,0.0036621094,9.7816467288,0.0020399306,-0.0000542535,-0.1745985243
558973.6700241769,-0.0836181641,-0.0004577637,9.7811889652,0.0009657118,-0.0000868056,-0.1745876736
558973.6800241770,-0.0834655762,0.0061035156,9.7821044925,0.0018988715,-0.0000434028,-0.1745985243
558973.6900241770,-0.0857543945,-0.0016784668,9.7813415531,0.0010633681,-0.0000651042,-0.1745876736
558973.7000241770,-0.0854492188,0.0051879883,9.7821044925,0.0017144097,-0.0000759549,-0.1745225694
558973.7100241770,-0.0828552246,-0.0016784668,9.7813415531,0.0013563368,-0.0000434028,-0.1744900174
558973.7200241770,-0.0837707520,0.0056457520,9.7810363773,0.0013997396,-0.0000325521,-0.1744574653
558973.7300241770,-0.0843811035,-0.0000000000,9.7813415531,0.0017252604,-0.0000868056,-0.1745008680
558973.7400241770,-0.0854492188,0.0019836426,9.7816467288,0.0010850694,-0.0000542535,-0.1744791667
558973.7500241770,-0.0836181641,0.0030517578,9.7814941409,0.0020182292,-0.0000542535,-0.1744900174
558973.7600241770,-0.0833129883,-0.0000000000,9.7810363773,0.0008355035,-0.0000217014,-0.1745551215
558973.7700241770,-0.0852966309,0.0051879883,9.7819519046,0.0020073785,-0.0000976562,-0.1745876736
558973.7800241770,-0.0843811035,-0.0032043457,9.7813415531,0.0010525174,-0.0000325521,-0.1745768229
558973.7900241771,-0.0845336914,0.0067138672,9.7813415531,0.0017469618,-0.0000651042,-0.1745876736
558973.8000241769,-0.0836181641,-0.0018310547,9.7817993167,0.0013780382,-0.0000434028,-0.1745117187
558973.8100241770,-0.0831604004,0.0036621094,9.7816467288,0.0013237847,-0.0000542535,-0.1745551215
558973.8200241770,-0.0845336914,0.0006103516,9.7811889652,0.0017903646,-0.0000542535,-0.1745334201
558973.8300241770,-0.0845336914,0.0019836426,9.7813415531,0.0009765625,-0.0000217014,-0.1745334201
558973.8400241770,-0.0843811035,0.0025939941,9.7814941409,0.0020073785,-0.0000759549,-0.1745117187
558973.8500241770,-0.0822448730,-0.0016784668,9.7817993167,0.0008789062,-0.0000542535,-0.1745442708
558973.8600241770,-0.0849914551,0.0065612793,9.7805786136,0.0019856771,-0.0000651042,-0.1745334201
558973.8700241770,-0.0845336914,-0.0021362305,9.7824096683,0.0010633681,-0.0000000000,-0.1745334201
558973.8800241770,-0.0836181641,0.0048828125,9.7824096683,0.0016927083,-0.0000325521,-0.1744683160
558973.8900241770,-0.0823974609,-0.0016784668,9.7811889652,0.0014648437,-0.0000542535,-0.1745117187
558973.9000241770,-0.0845336914,0.0053405762,9.7808837894,0.0012695312,-0.0000868056,-0.1745334201
558973.9100241771,-0.0859069824,0.0009155273,9.7807312015,0.0017903646,-0.0001410590,-0.1745442708
558973.9200241769,-0.0831604004,-0.0003051758,9.7813415531,0.0010416667,-0.0000217014,-0.1745442708
558973.9300241770,-0.0833129883,0.0035095215,9.7828674320,0.0020616319,-0.0000000000,-0.1745551215
558973.9400241770,-0.0833129883,-0.0000000000,9.7821044925,0.0009114583,0.0000108507,-0.1745442708
558973.9500241770,-0.0837707520,0.0062561035,9.7814941409,0.0019314236,-0.0001085069,-0.1745442708
558973.9600241770,-0.0843811035,-0.0035095215,9.7804260257,0.0011393229,-0.0000868056,-0.1746961805
558973.9700241770,-0.0842285156,0.0057983398,9.7810363773,0.0016276042,-0.0001085069,-0.1747070312
558973.9800241770,-0.0837707520,-0.0010681152,9.7819519046,0.0014865451,0.0000217014,-0.1746093750
558973.9900241770,-0.0845336914,0.0038146973,9.7824096683,0.0012261285,0.0000434028,-0.1745008680
558974.0000241770,-0.0846862793,0.0006103516,9.7811889652,0.0018771701,-0.0001302083,-0.1744683160
558974.0100241770,-0.0837707520,-0.0000000000,9.7808837894,0.0009765625,-0.0000868056,-0.1747178819
558974.0200241770,-0.0837707520,0.0048828125,9.7817993167,0.0020507812,-0.0000976562,-0.1744466146
558974.0300241770,-0.0827026367,-0.0013732910,9.7821044925,0.0008680556,-0.0000000000,-0.1745008680
558974.0400241771,-0.0839233398,0.0051879883,9.7819519046,0.0018988715,-0.0000108507,-0.1745442708
558974.0500241769,-0.0839233398,-0.0030517578,9.7813415531,0.0012044271,-0.0000759549,-0.1745225694
558974.0600241770,-0.0836181641,0.0064086914,9.7811889652,0.0015625000,-0.0000868056,-0.1745876736
558974.0700241770,-0.0834655762,-0.0007629395,9.7807312015,0.0015733507,-0.0000542535,-0.1745985243
558974.0800241770,-0.0840759277,0.0025939941,9.7819519046,0.0011176215,-0.0000325521,-0.1745768229
558974.0900241770,-0.0845336914,0.0004577637,9.7819519046,0.0019531250,-0.0000217014,-0.1745551215
558974.1000241770,-0.0840759277,0.0009155273,9.7814941409,0.0009223090,-0.0000217014,-0.1745442708
558974.1100241770,-0.0848388672,0.0054931641,9.7810363773,0.0020073785,-0.0000759549,-0.1745225694
558974.1200241770,-0.0833129883,-0.0027465820,9.7808837894,0.0009440104,-0.0000759549,-0.1744900174
558974.1300241770,-0.0834655762,0.0050354004,9.7811889652,0.0019314236,-0.0001085069,-0.1744466146
558974.1400241770,-0.0843811035,-0.0019836426,9.7814941409,0.0012152778,-0.0000000000,-0.1744900174
558974.1500241770,-0.0842285156,0.0067138672,9.7824096683,0.0015190972,0.0000217014,-0.1744574653
558974.1600241771,-0.0842285156,-0.0012207031,9.7813415531,0.0016167535,-0.0000325521,-0.1745225694
558974.1700241769,-0.0834655762,0.0024414063,9.7813415531,0.0010850694,-0.0000651042,-0.1745985243
558974.1800241770,-0.0846862793,0.0019836426,9.7819519046,0.0020399306,-0.0001085069,-0.1746202257
558974.1900241770,-0.0852966309,-0.0003051758,9.7807312015,0.0008789062,-0.0000759549,-0.1746527778
558974.2000241770,-0.0833129883,0.0050354004,9.7810363773,0.0020399306,-0.0000108507,-0.1745985243
558974.2100241770,-0.0831604004,-0.0025939941,9.7824096683,0.0010416667,0.0000434028,-0.1745659722
558974.2200241770,-0.0831604004,0.0064086914,9.7817993167,0.0017361111,-0.0000651042,-0.1745334201
558974.2300241770,-0.0836181641,-0.0019836426,9.7801208499,0.0013780382,-0.0000759549,-0.1745551215
558974.2400241770,-0.0843811035,0.0056457520,9.7807312015,0.0013888889,-0.0000868056,-0.1745876736
558974.2500241770,-0.0846862793,-0.0022888184,9.7817993167,0.0017035590,-0.0000434028,-0.1745117187
558974.2600241770,-0.0827026367,0.0018310547,9.7822570804,0.0011393229,0.0000434028,-0.1745334201
558974.2700241770,-0.0836181641,0.0024414063,9.7817993167,0.0019314236,-0.0000217014,-0.1745117187
558974.2800241770,-0.0843811035,0.0010681152,9.7811889652,0.0009548611,-0.0000868056,-0.1744791667
558974.2900241771,-0.0849914551,0.0022888184,9.7811889652,0.0019748264,-0.0000976562,-0.1744574653
558974.3000241769,-0.0834655762,-0.0016784668,9.7808837894,0.0009765625,-0.0000542535,-0.1744900174
558974.3100241770,-0.0823974609,0.0064086914,9.7816467288,0.0019205729,0.0000108507,-0.1745876736
558974.3200241770,-0.0840759277,-0.0018310547,9.7817993167,0.0010959201,-0.0000325521,-0.1745876736
558974.3300241770,-0.0845336914,0.0051879883,9.7817993167,0.0017252604,-0.0000868056,-0.1745876736
558974.3400241770,-0.0846862793,-0.0022888184,9.7810363773,0.0014648437,-0.0000759549,-0.1745876736
558974.3500241770,-0.0834655762,0.0051879883,9.7819519046,0.0013020833,-0.0000434028,-0.1745442708
558974.3600241770,-0.0837707520,0.0013732910,9.7816467288,0.0018229167,-0.0000000000,-0.1745985243
558974.3700241770,-0.0848388672,0.0010681152,9.7811889652,0.0009223090,-0.0000217014,-0.1745659722
558974.3800241770,-0.0836181641,0.0033569336,9.7816467288,0.0020833333,-0.0000759549,-0.1745334201
558974.3900241770,-0.0825500488,-0.0021362305,9.7811889652,0.0009114583,-0.0000759549,-0.1745876736
558974.4000241780,-0.0849914551,0.0074768066,9.7810363773,0.0019314236,-0.0000651042,-0.1745442708
558974.4100241780,-0.0843811035,-0.0027465820,9.7810363773,0.0012152778,-0.0000000000,-0.1745442708
558974.4200241780,-0.0840759277,0.0038146973,9.7819519046,0.0014648437,-0.0000217014,-0.1745008680
558974.4300241780,-0.0825500488,-0.0001525879,9.7814941409,0.0016601562,-0.0000542535,-0.1745225694
558974.4400241780,-0.0837707520,0.0035095215,9.7816467288,0.0010525174,-0.0000651042,-0.1745334201
558974.4500241780,-0.0845336914,0.0022888184,9.7813415531,0.0019531250,-0.0000542535,-0.1745659722
558974.4600241780,-0.0843811035,-0.0004577637,9.7811889652,0.0009548611,-0.0000325521,-0.1745659722
558974.4700241780,-0.0830078125,0.0051879883,9.7814941409,0.0020399306,-0.0000542535,-0.1745768229
558974.4800241780,-0.0833129883,-0.0013732910,9.7813415531,0.0009548611,-0.0000325521,-0.1745876736
558974.4900241781,-0.0837707520,0.0059509277,9.7813415531,0.0018120660,-0.0000325521,-0.1745659722
558974.5000241779,-0.0845336914,-0.0032043457,9.7817993167,0.0012261285,-0.0000542535,-0.1745876736
558974.5100241780,-0.0836181641,0.0059509277,9.7813415531,0.0015625000,-0.0000434028,-0.1745876736
558974.5200241780,-0.0836181641,-0.0003051758,9.7813415531,0.0015733507,-0.0000217014,-0.1745985243
558974.5300241780,-0.0839233398,0.0032043457,9.7814941409,0.0012152778,-0.0000542535,-0.1745659722
558974.5400241780,-0.0842285156,-0.0000000000,9.7811889652,0.0018880208,-0.0000651042,-0.1744683160
558974.5500241780,-0.0830078125,0.0013732910,9.7816467288,0.0009548611,-0.0000217014,-0.1745008680
558974.5600241780,-0.0840759277,0.0045776367,9.7817993167,0.0020073785,-0.0000542535,-0.1744683160
558974.5700241780,-0.0843811035,-0.0012207031,9.7816467288,0.0009223090,-0.0000434028,-0.1745008680
558974.5800241780,-0.0836181641,0.0053405762,9.7816467288,0.0019097222,-0.0000651042,-0.1745551215
558974.5900241780,-0.0831604004,-0.0022888184,9.7807312015,0.0011284722,-0.0000325521,-0.1746202257
558974.6000241780,-0.0837707520,0.0059509277,9.7814941409,0.0017469618,-0.0000434028,-0.1745876736
558974.6100241781,-0.0845336914,-0.0024414063,9.7821044925,0.0013888889,-0.0000325521,-0.1745985243
558974.6200241779,-0.0837707520,0.0045776367,9.7817993167,0.0013780382,-0.0000542535,-0.1745551215
558974.6300241780,-0.0836181641,0.0004577637,9.7814941409,0.0017795139,-0.0000542535,-0.1745876736
558974.6400241780,-0.0836181641,0.0027465820,9.7814941409,0.0009548611,-0.0000325521,-0.1745768229
558974.6500241780,-0.0842285156,0.0033569336,9.7813415531,0.0020833333,-0.0000542535,-0.1745334201
558974.6600241780,-0.0839233398,-0.0021362305,9.7810363773,0.0008897569,-0.0000325521,-0.1745659722
558974.6700241780,-0.0842285156,0.0062561035,9.7819519046,0.0019856771,-0.0000542535,-0.1745551215
558974.6800241780,-0.0833129883,-0.0012207031,9.7811889652,0.0010959201,-0.0000434028,-0.1745334201
558974.6900241780,-0.0843811035,0.0057983398,9.7814941409,0.0016710069,-0.0000434028,-0.1745117187
558974.7000241780,-0.0843811035,-0.0021362305,9.7810363773,0.0014105903,-0.0000217014,-0.1744900174
558974.7100241780,-0.0830078125,0.0050354004,9.7813415531,0.0013563368,-0.0000325521,-0.1745225694
558974.7200241780,-0.0831604004,0.0010681152,9.7821044925,0.0018012153,-0.0000542535,-0.1745334201
558974.7300241780,-0.0846862793,0.0027465820,9.7816467288,0.0009982639,-0.0000325521,-0.1745876736
558974.7400241781,-0.0842285156,0.0030517578,9.7816467288,0.0020724826,-0.0000651042,-0.1745659722
558974.7500241779,-0.0845336914,-0.0015258789,9.7811889652,0.0008680556,-0.0000325521,-0.1746419271
558974.7600241780,-0.0828552246,0.0071716309,9.7811889652,0.0019639757,-0.0000434028,-0.1746202257
558974.7700241780,-0.0831604004,-0.0027465820,9.7814941409,0.0010959201,-0.0000651042,-0.1745985243
558974.7800241780,-0.0849914551,0.0045776367,9.7814941409,0.0016493056,-0.0000325521,-0.1745225694
558974.7900241780,-0.0839233398,-0.0019836426,9.7805786136,0.0015407986,-0.0000434028,-0.1745768229
558974.8000241780,-0.0830078125,0.0051879883,9.7814941409,0.0012152778,-0.0000325521,-0.1745442708
558974.8100241780,-0.0842285156,0.0019836426,9.7816467288,0.0019097222,-0.0000651042,-0.1745551215
558974.8200241780,-0.0843811035,-0.0000000000,9.7814941409,0.0009114583,-0.0000217014,-0.1745117187
558974.8300241780,-0.0842285156,0.0032043457,9.7814941409,0.0020399306,-0.0000759549,-0.1744900174
558974.8400241780,-0.0827026367,-0.0016784668,9.7813415531,0.0009440104,-0.0000217014,-0.1745225694
558974.8500241780,-0.0834655762,0.0082397461,9.7811889652,0.0019097222,-0.0000542535,-0.1745442708
558974.8600241781,-0.0845336914,-0.0021362305,9.7814941409,0.0012044271,-0.0000434028,-0.1745225694
558974.8700241779,-0.0843811035,0.0042724609,9.7819519046,0.0015842014,-0.0000434028,-0.1745768229
558974.8800241780,-0.0827026367,-0.0010681152,9.7814941409,0.0015407986,-0.0000217014,-0.1745768229
558974.8900241780,-0.0831604004,0.0045776367,9.7819519046,0.0012369792,-0.0000434028,-0.1745768229
558974.9000241780,-0.0843811035,0.0010681152,9.7813415531,0.0017578125,-0.0000434028,-0.1745551215
558974.9100241780,-0.0840759277,0.0030517578,9.7811889652,0.0010416667,-0.0000434028,-0.1745659722
558974.9200241780,-0.0828552246,0.0024414063,9.7816467288,0.0019856771,-0.0000651042,-0.1745334201
558974.9300241780,-0.0827026367,-0.0009155273,9.7814941409,0.0009657118,-0.0000325521,-0.1745659722
558974.9400241780,-0.0842285156,0.0056457520,9.7811889652,0.0020073785,-0.0000434028,-0.1745442708
558974.9500241780,-0.0839233398,-0.0012207031,9.7813415531,0.0009982639,-0.0000217014,-0.1745985243
558974.9600241780,-0.0837707520,0.0048828125,9.7816467288,0.0018337674,-0.0000325521,-0.1745551215
558974.9700241780,-0.0819396973,-0.0028991699,9.7811889652,0.0012369792,-0.0000217014,-0.1745334201
558974.9800241780,-0.0837707520,0.0067138672,9.7814941409,0.0015516493,-0.0000434028,-0.1745442708
558974.9900241781,-0.0851440430,-0.0001525879,9.7816467288,0.0015733507,-0.0000542535,-0.1745008680
558975.0000241779,-0.0840759277,0.0032043457,9.7811889652,0.0011718750,-0.0000434028,-0.1744574653
558975.0100241780,-0.0825500488,0.0004577637,9.7819519046,0.0019639757,-0.0000217014,-0.1747178819
558975.0200241780,-0.0836181641,0.0007629395,9.7808837894,0.0009114583,-0.0000000000,-0.1745008680
558975.0300241780,-0.0843811035,0.0057983398,9.7813415531,0.0020182292,-0.0000651042,-0.1745442708
558975.0400241780,-0.0834655762,-0.0013732910,9.7816467288,0.0009114583,-0.0000325521,-0.1745659722
558975.0500241780,-0.0823974609,0.0047302246,9.7817993167,0.0019097222,-0.0000542535,-0.1745225694
558975.0600241780,-0.0819396973,-0.0025939941,9.7811889652,0.0012261285,-0.0000217014,-0.1745876736
558975.0700241780,-0.0840759277,0.0070190430,9.7814941409,0.0015842014,-0.0000325521,-0.1745985243
558975.0800241780,-0.0846862793,-0.0007629395,9.7814941409,0.0015407986,-0.0000651042,-0.1746093750
558975.0900241780,-0.0837707520,0.0033569336,9.7825622562,0.0012261285,-0.0000434028,-0.1745985243
558975.1000241780,-0.0825500488,0.0004577637,9.7822570804,0.0018663194,-0.0000325521,-0.1745008680
558975.1100241781,-0.0831604004,0.0016784668,9.7821044925,0.0009657118,-0.0000217014,-0.1745008680
558975.1200241779,-0.0854492188,0.0041198730,9.7810363773,0.0020073785,-0.0000759549,-0.1744574653
558975.1300241780,-0.0840759277,-0.0018310547,9.7811889652,0.0009765625,-0.0000325521,-0.1745117187
558975.1400241780,-0.0823974609,0.0057983398,9.7810363773,0.0019856771,-0.0000325521,-0.1745225694
558975.1500241780,-0.0825500488,-0.0015258789,9.7805786136,0.0010850694,-0.0000325521,-0.1745659722
558975.1600241780,-0.0845336914,0.0059509277,9.7813415531,0.0016601562,-0.0000325521,-0.1745659722
558975.1700241780,-0.0845336914,-0.0022888184,9.7811889652,0.0013997396,-0.0000651042,-0.1745551215
558975.1800241780,-0.0836181641,0.0044250488,9.7824096683,0.0013563368,-0.0000434028,-0.1745551215
558975.1900241780,-0.0816345215,0.0010681152,9.7813415531,0.0018120660,-0.0000434028,-0.1745117187
558975.2000241780,-0.0822448730,0.0018310547,9.7817993167,0.0010308160,-0.0000000000,-0.1744791667
558975.2100241780,-0.0843811035,0.0028991699,9.7816467288,0.0019856771,-0.0000759549,-0.1745442708
558975.2200241780,-0.0845336914,-0.0007629395,9.7810363773,0.0009331597,-0.0000434028,-0.1745334201
558975.2300241780,-0.0825500488,0.0057983398,9.7821044925,0.0019856771,-0.0000217014,-0.1745334201
558975.2400241781,-0.0819396973,-0.0010681152,9.7814941409,0.0010091146,-0.0000000000,-0.1745225694
558975.2500241779,-0.0845336914,0.0054931641,9.7814941409,0.0018337674,-0.0000651042,-0.1745008680
558975.2600241780,-0.0846862793,-0.0033569336,9.7819519046,0.0012803819,-0.0000542535,-0.1744466146
558975.2700241780,-0.0828552246,0.0062561035,9.7814941409,0.0015733507,-0.0000542535,-0.1744683160
558975.2800241780,-0.0816345215,-0.0004577637,9.7811889652,0.0015625000,-0.0000434028,-0.1744574653
558975.2900241780,-0.0831604004,0.0036621094,9.7816467288,0.0011935764,0.0000108507,-0.1745442708
558975.3000241780,-0.0851440430,0.0012207031,9.7817993167,0.0018880208,-0.0000651042,-0.1745876736
558975.3100241780,-0.0836181641,0.0015258789,9.7811889652,0.0009548611,-0.0000759549,-0.1746093750
558975.3200241780,-0.0830078125,0.0045776367,9.7819519046,0.0020616319,-0.0000325521,-0.1745985243
558975.3300241780,-0.0827026367,-0.0013732910,9.7810363773,0.0009331597,-0.0000000000,-0.1745659722
558975.3400241780,-0.0845336914,0.0056457520,9.7814941409,0.0019531250,-0.0000759549,-0.1745876736
558975.3500241780,-0.0833129883,-0.0030517578,9.7814941409,0.0011501736,-0.0000434028,-0.1745985243
558975.3600241781,-0.0834655762,0.0061035156,9.7824096683,0.0015842014,-0.0000325521,-0.1745551215
558975.3700241779,-0.0831604004,-0.0010681152,9.7816467288,0.0015516493,-0.0000542535,-0.1745551215
558975.3800241780,-0.0839233398,0.0047302246,9.7819519046,0.0011718750,-0.0000217014,-0.1745985243
558975.3900241780,-0.0843811035,0.0004577637,9.7810363773,0.0019097222,-0.0000217014,-0.1745659722
558975.4000241780,-0.0837707520,-0.0000000000,9.7810363773,0.0009657118,-0.0000542535,-0.1745225694
558975.4100241780,-0.0833129883,0.0045776367,9.7817993167,0.0020507812,-0.0000542535,-0.1745225694
558975.4200241780,-0.0840759277,-0.0000000000,9.7814941409,0.0009440104,0.0000108507,-0.1745008680
558975.4300241780,-0.0833129883,0.0067138672,9.7810363773,0.0019097222,-0.0000651042,-0.1745442708
558975.4400241780,-0.0840759277,-0.0028991699,9.7807312015,0.0011501736,-0.0000325521,-0.1745442708
558975.4500241780,-0.0842285156,0.0056457520,9.7817993167,0.0016167535,-0.0000217014,-0.1745768229
558975.4600241780,-0.0820922852,-0.0000000000,9.7816467288,0.0015842014,-0.0000542535,-0.1745768229
558975.4700241790,-0.0831604004,0.0044250488,9.7811889652,0.0011935764,-0.0000217014,-0.1745768229
558975.4800241790,-0.0840759277,0.0016784668,9.7816467288,0.0018880208,-0.0000217014,-0.1745225694
558975.4900241790,-0.0843811035,-0.0001525879,9.7813415531,0.0009440104,-0.0000325521,-0.1745334201
558975.5000241790,-0.0836181641,0.0051879883,9.7813415531,0.0020399306,-0.0000542535,-0.1745334201
558975.5100241790,-0.0839233398,-0.0004577637,9.7811889652,0.0009223090,-0.0000000000,-0.1745225694
558975.5200241790,-0.0840759277,0.0073242188,9.7819519046,0.0019205729,-0.0000542535,-0.1744683160
558975.5300241790,-0.0842285156,-0.0038146973,9.7808837894,0.0011935764,-0.0000434028,-0.1745117187
558975.5400241790,-0.0830078125,0.0059509277,9.7817993167,0.0016167535,-0.0000108507,-0.1745008680
558975.5500241790,-0.0839233398,0.0004577637,9.7816467288,0.0015407986,-0.0000325521,-0.1745334201
558975.5600241791,-0.0834655762,0.0050354004,9.7810363773,0.0011827257,-0.0000434028,-0.1745768229
558975.5700241789,-0.0836181641,0.0010681152,9.7813415531,0.0018446181,-0.0000325521,-0.1746093750
558975.5800241790,-0.0830078125,0.0004577637,9.7817993167,0.0009982639,-0.0000217014,-0.1745985243
558975.5900241790,-0.0834655762,0.0047302246,9.7811889652,0.0020724826,-0.0000651042,-0.1746202257
558975.6000241790,-0.0839233398,-0.0000000000,9.7814941409,0.0009331597,0.0000108507,-0.1745659722
558975.6100241790,-0.0828552246,0.0054931641,9.7821044925,0.0019314236,-0.0000651042,-0.1745985243
558975.6200241790,-0.0836181641,-0.0033569336,9.7805786136,0.0011393229,-0.0000325521,-0.1746202257
558975.6300241790,-0.0848388672,0.0070190430,9.7819519046,0.0016493056,-0.0000542535,-0.1745876736
558975.6400241790,-0.0836181641,-0.0009155273,9.7813415531,0.0014756944,-0.0000325521,-0.1745876736
558975.6500241790,-0.0819396973,0.0033569336,9.7810363773,0.0012695312,-0.0000217014,-0.1745768229
558975.6600241790,-0.0825500488,0.0004577637,9.7811889652,0.0018663194,-0.0000434028,-0.1745334201
558975.6700241790,-0.0846862793,0.0015258789,9.7814941409,0.0010199653,-0.0000217014,-0.1745008680
558975.6800241790,-0.0849914551,0.0053405762,9.7817993167,0.0020616319,-0.0000542535,-0.1744357639
558975.6900241791,-0.0822448730,-0.0016784668,9.7816467288,0.0008680556,-0.0000217014,-0.1744900174
558975.7000241790,-0.0819396973,0.0064086914,9.7813415531,0.0019314236,-0.0000434028,-0.1745442708
558975.7100241790,-0.0842285156,-0.0016784668,9.7808837894,0.0011935764,-0.0000325521,-0.1745659722
558975.7200241790,-0.0842285156,0.0065612793,9.7816467288,0.0015625000,-0.0000434028,-0.1745551215
558975.7300241790,-0.0828552246,-0.0010681152,9.7824096683,0.0016167535,-0.0000217014,-0.1745876736
558975.7400241790,-0.0811767578,0.0035095215,9.7816467288,0.0011718750,-0.0000217014,-0.1746093750
558975.7500241790,-0.0833129883,0.0024414063,9.7817993167,0.0019097222,-0.0000434028,-0.1745985243
558975.7600241790,-0.0848388672,0.0010681152,9.7808837894,0.0009331597,-0.0000217014,-0.1745334201
558975.7700241790,-0.0833129883,0.0044250488,9.7813415531,0.0020399306,-0.0000651042,-0.1745551215
558975.7800241790,-0.0816345215,-0.0015258789,9.7817993167,0.0009548611,-0.0000217014,-0.1745985243
558975.7900241790,-0.0823974609,0.0062561035,9.7821044925,0.0019205729,-0.0000325521,-0.1745876736
558975.8000241790,-0.0846862793,-0.0018310547,9.7816467288,0.0012044271,-0.0000325521,-0.1745876736
558975.8100241791,-0.0842285156,0.0056457520,9.7819519046,0.0015625000,-0.0000325521,-0.1745442708
558975.8200241789,-0.0831604004,-0.0012207031,9.7817993167,0.0016276042,-0.0000108507,-0.1745225694
558975.8300241790,-0.0817871094,0.0050354004,9.7814941409,0.0010959201,-0.0000217014,-0.1745334201
558975.8400241790,-0.0836181641,0.0032043457,9.7811889652,0.0019639757,-0.0000542535,-0.1744683160
558975.8500241790,-0.0845336914,-0.0003051758,9.7813415531,0.0009223090,-0.0000434028,-0.1745442708
558975.8600241790,-0.0833129883,0.0048828125,9.7811889652,0.0020616319,-0.0000542535,-0.1745442708
558975.8700241790,-0.0820922852,-0.0006103516,9.7817993167,0.0009982639,-0.0000000000,-0.1745442708
558975.8800241790,-0.0839233398,0.0064086914,9.7819519046,0.0018229167,-0.0000325521,-0.1745876736
558975.8900241790,-0.0837707520,-0.0013732910,9.7811889652,0.0012369792,-0.0000325521,-0.1745768229
558975.9000241790,-0.0837707520,0.0056457520,9.7822570804,0.0014756944,-0.0000325521,-0.1745334201
558975.9100241790,-0.0813293457,-0.0010681152,9.7810363773,0.0016493056,-0.0000434028,-0.1745551215
558975.9200241790,-0.0840759277,0.0041198730,9.7811889652,0.0011284722,-0.0000217014,-0.1745008680
558975.9300241790,-0.0837707520,0.0022888184,9.7819519046,0.0019639757,-0.0000434028,-0.1745117187
558975.9400241791,-0.0828552246,0.0010681152,9.7810363773,0.0009548611,-0.0000217014,-0.1745008680
558975.9500241790,-0.0825500488,0.0038146973,9.7814941409,0.0020073785,-0.0000217014,-0.1744791667
558975.9600241790,-0.0837707520,-0.0013732910,9.7814941409,0.0009548611,-0.0000000000,-0.1745117187
558975.9700241790,-0.0843811035,0.0070190430,9.7817993167,0.0018988715,-0.0000651042,-0.1745334201
558975.9800241790,-0.0831604004,-0.0018310547,9.7810363773,0.0011393229,-0.0000217014,-0.1745442708
558975.9900241790,-0.0823974609,0.0051879883,9.7821044925,0.0016601562,-0.0000434028,-0.1745551215
558976.0000241790,-0.0839233398,-0.0013732910,9.7813415531,0.0015190972,-0.0000325521,-0.1745225694
558976.0100241790,-0.0839233398,0.0059509277,9.7817993167,0.0013020833,-0.0000000000,-0.1748914930
558976.0200241790,-0.0830078125,0.0013732910,9.7816467288,0.0018120660,-0.0000542535,-0.1745225694
558976.0300241790,-0.0823974609,0.0009155273,9.7816467288,0.0009982639,-0.0000325521,-0.1745334201
558976.0400241790,-0.0827026367,0.0038146973,9.7814941409,0.0020073785,-0.0000108507,-0.1745551215
558976.0500241790,-0.0845336914,-0.0006103516,9.7816467288,0.0009440104,-0.0000000000,-0.1745768229
558976.0600241791,-0.0831604004,0.0062561035,9.7819519046,0.0019748264,-0.0000434028,-0.1745442708
558976.0700241789,-0.0831604004,-0.0016784668,9.7813415531,0.0011284722,-0.0000325521,-0.1745225694
558976.0800241790,-0.0814819336,0.0057983398,9.7821044925,0.0016601562,-0.0000325521,-0.1744683160
558976.0900241790,-0.0830078125,-0.0013732910,9.7813415531,0.0014973958,-0.0000217014,-0.1744466146
558976.1000241790,-0.0842285156,0.0047302246,9.7814941409,0.0012586806,0.0000108507,-0.1744032118
558976.1100241790,-0.0828552246,0.0004577637,9.7817993167,0.0018446181,-0.0000651042,-0.1744791667
558976.1200241790,-0.0819396973,0.0013732910,9.7813415531,0.0009765625,-0.0000000000,-0.1745334201
558976.1300241790,-0.0833129883,0.0045776367,9.7814941409,0.0021050347,-0.0000434028,-0.1745442708
558976.1400241790,-0.0843811035,-0.0013732910,9.7811889652,0.0008897569,-0.0000000000,-0.1745659722
558976.1500241790,-0.0827026367,0.0067138672,9.7819519046,0.0018988715,-0.0000434028,-0.1745442708
558976.1600241790,-0.0823974609,-0.0024414063,9.7814941409,0.0012044271,-0.0000000000,-0.1745876736
558976.1700241790,-0.0820922852,0.0054931641,9.7817993167,0.0014973958,-0.0000325521,-0.1745551215
558976.1800241790,-0.0836181641,-0.0000000000,9.7807312015,0.0016927083,-0.0000325521,-0.1745117187
558976.1900241791,-0.0833129883,0.0035095215,9.7811889652,0.0010850694,-0.0000000000,-0.1745225694
558976.2000241790,-0.0830078125,0.0033569336,9.7819519046,0.0019965278,-0.0000542535,-0.1745225694
558976.2100241790,-0.0814819336,0.0006103516,9.7814941409,0.0009331597,-0.0000217014,-0.1745225694
558976.2200241790,-0.0837707520,0.0056457520,9.7808837894,0.0020073785,-0.0000108507,-0.1745225694
558976.2300241790,-0.0846862793,-0.0021362305,9.7811889652,0.0010199653,-0.0000325521,-0.1745225694
558976.2400241790,-0.0836181641,0.0061035156,9.7816467288,0.0018337674,-0.0000651042,-0.1745442708
558976.2500241790,-0.0819396973,-0.0007629395,9.7813415531,0.0012803819,-0.0000217014,-0.1745768229
558976.2600241790,-0.0836181641,0.0067138672,9.7817993167,0.0015516493,-0.0000217014,-0.1745876736
558976.2700241790,-0.0840759277,-0.0012207031,9.7810363773,0.0015625000,-0.0000434028,-0.1745768229
558976.2800241790,-0.0828552246,0.0041198730,9.7814941409,0.0012586806,-0.0000217014,-0.1745768229
558976.2900241790,-0.0822448730,0.0022888184,9.7819519046,0.0018771701,-0.0000542535,-0.1745876736
558976.3000241790,-0.0817871094,0.0021362305,9.7814941409,0.0009223090,-0.0000217014,-0.1745985243
558976.3100241791,-0.0836181641,0.0051879883,9.7814941409,0.0020833333,-0.0000434028,-0.1745985243
558976.3200241789,-0.0834655762,-0.0015258789,9.7811889652,0.0009331597,-0.0000217014,-0.1745659722
558976.3300241790,-0.0825500488,0.0067138672,9.7819519046,0.0018880208,-0.0000434028,-0.1745117187
558976.3400241790,-0.0828552246,-0.0015258789,9.7813415531,0.0012912326,-0.0000217014,-0.1745225694
558976.3500241790,-0.0830078125,0.0067138672,9.7824096683,0.0014865451,-0.0000325521,-0.1745225694
558976.3600241790,-0.0830078125,-0.0004577637,9.7813415531,0.0016059028,-0.0000434028,-0.1745117187
558976.3700241790,-0.0827026367,0.0027465820,9.7814941409,0.0011718750,-0.0000217014,-0.1745117187
558976.3800241790,-0.0825500488,0.0035095215,9.7814941409,0.0019097222,-0.0000325521,-0.1745117187
558976.3900241790,-0.0827026367,0.0018310547,9.7814941409,0.0009765625,-0.0000325521,-0.1745008680
558976.4000241790,-0.0833129883,0.0048828125,9.7816467288,0.0020507812,-0.0000217014,-0.1744900174
558976.4100241790,-0.0831604004,-0.0027465820,9.7813415531,0.0009440104,-0.0000000000,-0.1744791667
558976.4200241790,-0.0827026367,0.0071716309,9.7821044925,0.0018988715,-0.0000434028,-0.1744791667
558976.4300241790,-0.0830078125,-0.0012207031,9.7813415531,0.0012152778,-0.0000217014,-0.1744032118
558976.4400241791,-0.0836181641,0.0056457520,9.7814941409,0.0015190972,-0.0000217014,-0.1744683160
558976.4500241790,-0.0817871094,-0.0012207031,9.7817993167,0.0016276042,-0.0000325521,-0.1745551215
558976.4600241790,-0.0825500488,0.0038146973,9.7810363773,0.0012261285,-0.0000000000,-0.1746527778
558976.4700241790,-0.0823974609,0.0033569336,9.7816467288,0.0018880208,-0.0000325521,-0.1746419271
558976.4800241790,-0.0840759277,0.0007629395,9.7814941409,0.0009548611,-0.0000217014,-0.1746636285
558976.4900241790,-0.0831604004,0.0030517578,9.7813415531,0.0020507812,-0.0000217014,-0.1746093750
558976.5000241790,-0.0814819336,-0.0007629395,9.7821044925,0.0009331597,-0.0000217014,-0.1745225694
558976.5100241790,-0.0823974609,0.0073242188,9.7817993167,0.0019531250,-0.0000325521,-0.1745225694
558976.5200241790,-0.0842285156,-0.0004577637,9.7807312015,0.0011176215,-0.0000217014,-0.1744791667
558976.5300241790,-0.0840759277,0.0050354004,9.7817993167,0.0016493056,-0.0000542535,-0.1744574653
558976.5400241790,-0.0817871094,-0.0019836426,9.7814941409,0.0015407986,-0.0000217014,-0.1744249132
558976.5500241800,-0.0808715820,0.0061035156,9.7816467288,0.0012586806,-0.0000217014,-0.1744466146
558976.5600241800,-0.0830078125,0.0024414063,9.7814941409,0.0018229167,-0.0000217014,-0.1744791667
558976.5700241800,-0.0854492188,0.0010681152,9.7817993167,0.0009765625,-0.0000434028,-0.1745442708
558976.5800241800,-0.0823974609,0.0033569336,9.7816467288,0.0020399306,-0.0000651042,-0.1745225694
558976.5900241800,-0.0808715820,0.0003051758,9.7813415531,0.0009440104,-0.0000000000,-0.1745659722
558976.6000241800,-0.0817871094,0.0076293945,9.7814941409,0.0019856771,-0.0000108507,-0.1745985243
558976.6100241800,-0.0848388672,-0.0030517578,9.7810363773,0.0011176215,-0.0000325521,-0.1745876736
558976.6200241800,-0.0845336914,0.0054931641,9.7814941409,0.0016167535,-0.0000325521,-0.1745551215
558976.6300241800,-0.0816345215,0.0006103516,9.7807312015,0.0015516493,-0.0000217014,-0.1745442708
558976.6400241799,-0.0819396973,0.0054931641,9.7814941409,0.0011284722,-0.0000000000,-0.1745225694
558976.6500241800,-0.0837707520,0.0006103516,9.7821044925,0.0019748264,-0.0000434028,-0.1745117187
558976.6600241800,-0.0839233398,-0.0000000000,9.7810363773,0.0009440104,-0.0000000000,-0.1745117187
558976.6700241800,-0.0816345215,0.0073242188,9.7813415531,0.0020833333,-0.0000542535,-0.1745117187
558976.6800241800,-0.0810241699,-0.0006103516,9.7808837894,0.0009548611,0.0000217014,-0.1745659722
558976.6900241800,-0.0836181641,0.0056457520,9.7816467288,0.0018337674,-0.0000325521,-0.1745985243
558976.7000241800,-0.0849914551,-0.0016784668,9.7814941409,0.0012369792,-0.0000325521,-0.1746310764
558976.7100241800,-0.0816345215,0.0071716309,9.7816467288,0.0015407986,-0.0000325521,-0.1745876736
558976.7200241800,-0.0816345215,0.0007629395,9.7811889652,0.0016493056,-0.0000108507,-0.1746093750
558976.7300241800,-0.0828552246,0.0030517578,9.7813415531,0.0011176215,-0.0000000000,-0.1745876736
558976.7400241800,-0.0836181641,0.0028991699,9.7814941409,0.0019965278,-0.0000434028,-0.1745876736
558976.7500241800,-0.0827026367,0.0010681152,9.7811889652,0.0009114583,-0.0000325521,-0.1745334201
558976.7600241801,-0.0813293457,0.0057983398,9.7816467288,0.0020399306,-0.0000217014,-0.1745768229
558976.7700241799,-0.0820922852,-0.0015258789,9.7811889652,0.0009657118,-0.0000000000,-0.1745225694
558976.7800241800,-0.0833129883,0.0059509277,9.7821044925,0.0018663194,-0.0000434028,-0.1744791667
558976.7900241800,-0.0839233398,-0.0016784668,9.7816467288,0.0013129340,-0.0000434028,-0.1745008680
558976.8000241800,-0.0820922852,0.0064086914,9.7819519046,0.0014431424,-0.0000000000,-0.1744466146
558976.8100241800,-0.0820922852,0.0009155273,9.7811889652,0.0018012153,-0.0000217014,-0.1745117187
558976.8200241800,-0.0840759277,0.0032043457,9.7816467288,0.0009982639,0.0000108507,-0.1745659722
558976.8300241800,-0.0831604004,0.0033569336,9.7819519046,0.0020399306,-0.0000434028,-0.1745442708
558976.8400241800,-0.0819396973,-0.0003051758,9.7811889652,0.0008897569,-0.0000000000,-0.1746093750
558976.8500241800,-0.0827026367,0.0062561035,9.7810363773,0.0019748264,-0.0000217014,-0.1745225694
558976.8600241800,-0.0825500488,-0.0006103516,9.7816467288,0.0010959201,-0.0000000000,-0.1745117187
558976.8700241800,-0.0839233398,0.0065612793,9.7819519046,0.0017903646,-0.0000217014,-0.1745008680
558976.8800241800,-0.0830078125,-0.0027465820,9.7811889652,0.0012912326,-0.0000217014,-0.1745225694
558976.8900241799,-0.0819396973,0.0067138672,9.7819519046,0.0015407986,-0.0000325521,-0.1745442708
558976.9000241800,-0.0830078125,0.0016784668,9.7810363773,0.0015733507,-0.0000108507,-0.1745768229
558976.9100241800,-0.0839233398,0.0039672852,9.7811889652,0.0011827257,-0.0000325521,-0.1745442708
558976.9200241800,-0.0845336914,0.0007629395,9.7811889652,0.0018988715,-0.0000434028,-0.1746202257
558976.9300241800,-0.0817871094,0.0003051758,9.7811889652,0.0009657118,-0.0000217014,-0.1745985243
558976.9400241800,-0.0819396973,0.0071716309,9.7816467288,0.0020941840,-0.0000325521,-0.1745985243
558976.9500241800,-0.0842285156,-0.0000000000,9.7811889652,0.0009223090,-0.0000000000,-0.1745768229
558976.9600241800,-0.0839233398,0.0053405762,9.7816467288,0.0018337674,-0.0000325521,-0.1745334201
558976.9700241800,-0.0817871094,-0.0028991699,9.7804260257,0.0013237847,-0.0000325521,-0.1745551215
558976.9800241800,-0.0813293457,0.0076293945,9.7821044925,0.0014539931,0.0000108507,-0.1745442708
558976.9900241800,-0.0831604004,0.0016784668,9.7814941409,0.0016927083,-0.0000325521,-0.1744683160
558977.0000241800,-0.0843811035,0.0013732910,9.7817993167,0.0010959201,-0.0000217014,-0.1745117187
558977.0100241801,-0.0823974609,0.0022888184,9.7816467288,0.0019748264,-0.0000325521,-0.1748263889
558977.0200241799,-0.0807189941,0.0027465820,9.7814941409,0.0009440104,-0.0000000000,-0.1745768229
558977.0300241800,-0.0825500488,0.0053405762,9.7819519046,0.0019531250,-0.0000217014,-0.1745442708
558977.0400241800,-0.0849914551,-0.0016784668,9.7813415531,0.0009765625,0.0000108507,-0.1745008680
558977.0500241800,-0.0830078125,0.0056457520,9.7822570804,0.0019314236,-0.0000434028,-0.1743706597
558977.0600241800,-0.0814819336,-0.0000000000,9.7810363773,0.0011501736,-0.0000325521,-0.1744357639
558977.0700241800,-0.0814819336,0.0071716309,9.7811889652,0.0016493056,-0.0000108507,-0.1745225694
558977.0800241800,-0.0849914551,-0.0019836426,9.7817993167,0.0014865451,-0.0000217014,-0.1745334201
558977.0900241800,-0.0840759277,0.0042724609,9.7817993167,0.0012586806,-0.0000434028,-0.1745225694
558977.1000241800,-0.0804138184,0.0039672852,9.7814941409,0.0018337674,-0.0000325521,-0.1745659722
558977.1100241800,-0.0817871094,0.0024414063,9.7811889652,0.0009657118,0.0000108507,-0.1745659722
558977.1200241800,-0.0840759277,0.0033569336,9.7814941409,0.0020833333,-0.0000325521,-0.1745551215
558977.1300241800,-0.0827026367,-0.0016784668,9.7807312015,0.0009331597,-0.0000217014,-0.1745876736
558977.1400241799,-0.0819396973,0.0088500977,9.7817993167,0.0019531250,-0.0000325521,-0.1745551215
558977.1500241800,-0.0808715820,-0.0012207031,9.7817993167,0.0011718750,-0.0000000000,-0.1745768229
558977.1600241800,-0.0831604004,0.0054931641,9.7816467288,0.0015407986,-0.0000217014,-0.1745985243
558977.1700241800,-0.0842285156,-0.0010681152,9.7813415531,0.0016167535,-0.0000325521,-0.1745551215
558977.1800241800,-0.0828552246,0.0051879883,9.7811889652,0.0011284722,-0.0000217014,-0.1745876736
558977.1900241800,-0.0811767578,0.0030517578,9.7810363773,0.0019639757,-0.0000325521,-0.1745334201
558977.2000241800,-0.0830078125,-0.0006103516,9.7811889652,0.0008897569,0.0000108507,-0.1745225694
558977.2100241800,-0.0834655762,0.0051879883,9.7813415531,0.0020833333,-0.0000434028,-0.1745225694
558977.2200241800,-0.0830078125,-0.0004577637,9.7813415531,0.0009657118,-0.0000000000,-0.1745334201
558977.2300241800,-0.0817871094,0.0073242188,9.7817993167,0.0018120660,-0.0000325521,-0.1745225694
558977.2400241800,-0.0817871094,-0.0027465820,9.7813415531,0.0012803819,-0.0000000000,-0.1745768229
558977.2500241800,-0.0848388672,0.0061035156,9.7817993167,0.0015190972,-0.0000542535,-0.1745225694
558977.2600241801,-0.0825500488,0.0012207031,9.7813415531,0.0016276042,-0.0000217014,-0.1745551215
558977.2700241799,-0.0825500488,0.0047302246,9.7813415531,0.0012261285,-0.0000000000,-0.1745768229
558977.2800241800,-0.0820922852,0.0018310547,9.7816467288,0.0018012153,-0.0000108507,-0.1745659722
558977.2900241800,-0.0840759277,0.0018310547,9.7817993167,0.0010416667,-0.0000000000,-0.1745442708
558977.3000241800,-0.0836181641,0.0048828125,9.7814941409,0.0019856771,-0.0000325521,-0.1745225694
558977.3100241800,-0.0819396973,-0.0006103516,9.7811889652,0.0008789062,-0.0000325521,-0.1745117187
558977.3200241800,-0.0805664063,0.0065612793,9.7813415531,0.0020182292,-0.0000108507,-0.1745768229
558977.3300241800,-0.0834655762,-0.0016784668,9.7808837894,0.0011067708,-0.0000000000,-0.1745442708
558977.3400241800,-0.0837707520,0.0071716309,9.7822570804,0.0016601562,-0.0000325521,-0.1745659722
558977.3500241800,-0.0820922852,-0.0016784668,9.7813415531,0.0015299479,-0.0000217014,-0.1745008680
558977.3600241800,-0.0816345215,0.0044250488,9.7819519046,0.0011393229,-0.0000000000,-0.1745334201
558977.3700241800,-0.0833129883,0.0033569336,9.7813415531,0.0019531250,-0.0000325521,-0.1745551215
558977.3800241800,-0.0837707520,0.0003051758,9.7817993167,0.0008897569,-0.0000000000,-0.1745768229
558977.3900241799,-0.0820922852,0.0057983398,9.7819519046,0.0020616319,-0.0000325521,-0.1745985243
558977.4000241800,-0.0828552246,-0.0015258789,9.7813415531,0.0010091146,-0.0000000000,-0.1745985243
558977.4100241800,-0.0834655762,0.0068664551,9.7816467288,0.0018337674,-0.0000434028,-0.1745551215
558977.4200241800,-0.0820922852,-0.0009155273,9.7801208499,0.0013237847,-0.0000000000,-0.1746310764
558977.4300241800,-0.0823974609,0.0079345703,9.7813415531,0.0013888889,-0.0000000000,-0.1746310764
558977.4400241800,-0.0828552246,-0.0019836426,9.7814941409,0.0016927083,-0.0000108507,-0.1745876736
558977.4500241800,-0.0836181641,-0.0000000000,9.7819519046,0.0011176215,-0.0000217014,-0.1745442708
558977.4600241800,-0.0822448730,0.0061035156,9.7819519046,0.0020073785,-0.0000434028,-0.1745442708
558977.4700241800,-0.0817871094,0.0032043457,9.7814941409,0.0008897569,0.0000108507,-0.1745442708
558977.4800241800,-0.0842285156,0.0042724609,9.7819519046,0.0019748264,-0.0000217014,-0.1745225694
558977.4900241800,-0.0836181641,-0.0047302246,9.7810363773,0.0010199653,-0.0000000000,-0.1744791667
558977.5000241800,-0.0811767578,0.0080871582,9.7814941409,0.0018880208,-0.0000217014,-0.1745334201
558977.5100241801,-0.0828552246,0.0027465820,9.7811889652,0.0012586806,-0.0000000000,-0.1745768229
558977.5200241799,-0.0830078125,0.0057983398,9.7819519046,0.0014648437,-0.0000000000,-0.1745551215
558977.5300241800,-0.0840759277,-0.0032043457,9.7810363773,0.0017035590,-0.0000542535,-0.1745876736
558977.5400241800,-0.0823974609,0.0050354004,9.7816467288,0.0010959201,-0.0000000000,-0.1745442708
558977.5500241800,-0.0810241699,0.0067138672,9.7814941409,0.0020182292,-0.0000217014,-0.1745551215
558977.5600241800,-0.0828552246,-0.0003051758,9.7813415531,0.0007921007,-0.0000000000,-0.1745659722
558977.5700241800,-0.0843811035,0.0045776367,9.7817993167,0.0020182292,-0.0000325521,-0.1744791667
558977.5800241800,-0.0817871094,-0.0027465820,9.7811889652,0.0011067708,-0.0000000000,-0.1745117187
558977.5900241800,-0.0808715820,0.0096130371,9.7821044925,0.0017469618,-0.0000108507,-0.1745442708
558977.6000241800,-0.0823974609,-0.0000000000,9.7813415531,0.0014431424,-0.0000000000,-0.1745334201
558977.6100241800,-0.0846862793,0.0028991699,9.7811889652,0.0012695312,-0.0000217014,-0.1745551215
558977.6200241810,-0.0823974609,0.0004577637,9.7805786136,0.0018446181,-0.0000325521,-0.1745225694
558977.6300241810,-0.0811767578,0.0039672852,9.7819519046,0.0009982639,0.0000217014,-0.1745334201
558977.6400241810,-0.0822448730,0.0062561035,9.7824096683,0.0019856771,-0.0000217014,-0.1745225694
558977.6500241810,-0.0843811035,-0.0010681152,9.7811889652,0.0009223090,-0.0000217014,-0.1745225694
558977.6600241810,-0.0836181641,0.0053405762,9.7814941409,0.0020182292,-0.0000325521,-0.1745225694
558977.6700241810,-0.0813293457,-0.0004577637,9.7813415531,0.0011067708,0.0000108507,-0.1745334201
558977.6800241810,-0.0820922852,0.0091552734,9.7821044925,0.0016710069,-0.0000325521,-0.1745659722
558977.6900241810,-0.0837707520,-0.0010681152,9.7814941409,0.0014431424,-0.0000000000,-0.1745551215
558977.7000241810,-0.0839233398,0.0038146973,9.7821044925,0.0012912326,0.0000108507,-0.1744574653
558977.7100241811,-0.0825500488,0.0024414063,9.7810363773,0.0018446181,-0.0000325521,-0.1743815104
558977.7200241809,-0.0810241699,0.0039672852,9.7817993167,0.0009548611,0.0000108507,-0.1744900174
558977.7300241810,-0.0836181641,0.0048828125,9.7824096683,0.0020616319,-0.0000108507,-0.1744900174
558977.7400241810,-0.0839233398,-0.0019836426,9.7807312015,0.0009223090,-0.0000000000,-0.1745768229
558977.7500241810,-0.0831604004,0.0083923340,9.7817993167,0.0019639757,-0.0000325521,-0.1745985243
558977.7600241810,-0.0804138184,-0.0003051758,9.7813415531,0.0011393229,0.0000217014,-0.1745768229
558977.7700241810,-0.0831604004,0.0057983398,9.7817993167,0.0015516493,-0.0000217014,-0.1745117187
558977.7800241810,-0.0842285156,-0.0004577637,9.7813415531,0.0016276042,-0.0000325521,-0.1745225694
558977.7900241810,-0.0825500488,0.0053405762,9.7819519046,0.0012261285,-0.0000000000,-0.1745334201
558977.8000241810,-0.0807189941,0.0032043457,9.7816467288,0.0018771701,-0.0000325521,-0.1745225694
558977.8100241810,-0.0822448730,0.0013732910,9.7816467288,0.0010091146,0.0000217014,-0.1745442708
558977.8200241810,-0.0833129883,0.0036621094,9.7814941409,0.0019965278,-0.0000217014,-0.1746310764
558977.8300241811,-0.0836181641,0.0003051758,9.7810363773,0.0009331597,-0.0000217014,-0.1746202257
558977.8400241809,-0.0817871094,0.0082397461,9.7824096683,0.0019639757,-0.0000217014,-0.1746202257
558977.8500241810,-0.0813293457,-0.0024414063,9.7811889652,0.0010959201,-0.0000000000,-0.1746093750
558977.8600241810,-0.0845336914,0.0061035156,9.7816467288,0.0016493056,-0.0000217014,-0.1745659722
558977.8700241810,-0.0836181641,0.0004577637,9.7808837894,0.0016059028,-0.0000217014,-0.1745442708
558977.8800241810,-0.0810241699,0.0061035156,9.7817993167,0.0010959201,-0.0000000000,-0.1745659722
558977.8900241810,-0.0816345215,0.0027465820,9.7819519046,0.0019639757,-0.0000325521,-0.1744791667
558977.9000241810,-0.0833129883,-0.0010681152,9.7810363773,0.0008789062,-0.0000000000,-0.1745008680
558977.9100241810,-0.0836181641,0.0073242188,9.7813415531,0.0020833333,-0.0000325521,-0.1744791667
558977.9200241810,-0.0819396973,0.0003051758,9.7811889652,0.0010308160,-0.0000000000,-0.1745225694
558977.9300241810,-0.0799560547,0.0073242188,9.7819519046,0.0017144097,-0.0000000000,-0.1745334201
558977.9400241810,-0.0820922852,-0.0025939941,9.7807312015,0.0015407986,0.0000108507,-0.1745442708
558977.9500241810,-0.0845336914,0.0067138672,9.7817993167,0.0011393229,-0.0000217014,-0.1745659722
558977.9600241811,-0.0813293457,0.0038146973,9.7819519046,0.0019856771,-0.0000325521,-0.1745659722
558977.9700241809,-0.0819396973,0.0009155273,9.7804260257,0.0008463542,-0.0000000000,-0.1745768229
558977.9800241810,-0.0833129883,0.0064086914,9.7817993167,0.0020507812,-0.0000108507,-0.1745551215
558977.9900241810,-0.0828552246,-0.0025939941,9.7813415531,0.0010416667,-0.0000000000,-0.1746093750
558978.0000241810,-0.0822448730,0.0088500977,9.7814941409,0.0017903646,-0.0000325521,-0.1745659722
558978.0100241810,-0.0811767578,-0.0004577637,9.7813415531,0.0013671875,0.0000108507,-0.1748697917
558978.0200241810,-0.0831604004,0.0054931641,9.7824096683,0.0013780382,-0.0000217014,-0.1745768229
558978.0300241810,-0.0839233398,0.0007629395,9.7813415531,0.0017469618,-0.0000108507,-0.1745225694
558978.0400241810,-0.0823974609,0.0039672852,9.7817993167,0.0010308160,-0.0000000000,-0.1745442708
558978.0500241810,-0.0808715820,0.0050354004,9.7816467288,0.0020616319,-0.0000325521,-0.1744900174
558978.0600241810,-0.0831604004,0.0001525879,9.7811889652,0.0008789062,0.0000108507,-0.1744900174
558978.0700241810,-0.0831604004,0.0076293945,9.7813415531,0.0020507812,-0.0000217014,-0.1744791667
558978.0800241811,-0.0836181641,-0.0028991699,9.7814941409,0.0010633681,-0.0000000000,-0.1745768229
558978.0900241809,-0.0807189941,0.0079345703,9.7819519046,0.0016276042,-0.0000217014,-0.1745876736
558978.1000241810,-0.0819396973,0.0012207031,9.7814941409,0.0015625000,-0.0000000000,-0.1745985243
558978.1100241810,-0.0840759277,0.0045776367,9.7819519046,0.0011176215,0.0000108507,-0.1745768229
558978.1200241810,-0.0827026367,0.0025939941,9.7816467288,0.0019639757,-0.0000217014,-0.1745985243
558978.1300241810,-0.0820922852,0.0016784668,9.7816467288,0.0009223090,-0.0000000000,-0.1745876736
558978.1400241810,-0.0814819336,0.0067138672,9.7816467288,0.0020724826,-0.0000217014,-0.1745551215
558978.1500241810,-0.0833129883,-0.0015258789,9.7808837894,0.0009548611,-0.0000000000,-0.1745659722
558978.1600241810,-0.0827026367,0.0077819824,9.7817993167,0.0018120660,-0.0000000000,-0.1745334201
558978.1700241810,-0.0817871094,-0.0015258789,9.7810363773,0.0013563368,-0.0000217014,-0.1745225694
558978.1800241810,-0.0805664063,0.0057983398,9.7824096683,0.0013563368,-0.0000000000,-0.1745117187
558978.1900241810,-0.0825500488,0.0009155273,9.7814941409,0.0018337674,-0.0000108507,-0.1744574653
558978.2000241810,-0.0837707520,0.0041198730,9.7821044925,0.0009982639,-0.0000000000,-0.1744791667
558978.2100241811,-0.0822448730,0.0057983398,9.7819519046,0.0019965278,-0.0000108507,-0.1745551215
558978.2200241809,-0.0817871094,-0.0003051758,9.7807312015,0.0009114583,-0.0000000000,-0.1745985243
558978.2300241810,-0.0828552246,0.0065612793,9.7816467288,0.0019639757,-0.0000325521,-0.1745442708
558978.2400241810,-0.0834655762,-0.0003051758,9.7821044925,0.0011393229,-0.0000000000,-0.1745876736
558978.2500241810,-0.0828552246,0.0082397461,9.7808837894,0.0016493056,-0.0000000000,-0.1746093750
558978.2600241810,-0.0831604004,-0.0004577637,9.7802734378,0.0015299479,-0.0000325521,-0.1745985243
558978.2700241810,-0.0813293457,0.0033569336,9.7821044925,0.0012586806,-0.0000000000,-0.1745985243
558978.2800241810,-0.0813293457,0.0024414063,9.7802734378,0.0018771701,-0.0000108507,-0.1745659722
558978.2900241810,-0.0830078125,0.0035095215,9.7817993167,0.0009982639,-0.0000000000,-0.1745659722
558978.3000241810,-0.0828552246,0.0054931641,9.7825622562,0.0019639757,-0.0000217014,-0.1745334201
558978.3100241810,-0.0819396973,-0.0006103516,9.7814941409,0.0009440104,-0.0000000000,-0.1744791667
558978.3200241810,-0.0813293457,0.0062561035,9.7816467288,0.0019856771,-0.0000217014,-0.1744791667
558978.3300241811,-0.0814819336,0.0001525879,9.7808837894,0.0011176215,0.0000108507,-0.1744791667
558978.3400241809,-0.0827026367,0.0083923340,9.7816467288,0.0017361111,-0.0000000000,-0.1745008680
558978.3500241810,-0.0833129883,-0.0007629395,9.7811889652,0.0013671875,-0.0000217014,-0.1745117187
558978.3600241810,-0.0822448730,0.0051879883,9.7816467288,0.0013454861,-0.0000000000,-0.1745334201
558978.3700241810,-0.0814819336,0.0024414063,9.7814941409,0.0017578125,-0.0000000000,-0.1745659722
558978.3800241810,-0.0823974609,0.0042724609,9.7817993167,0.0010308160,-0.0000000000,-0.1745985243
558978.3900241810,-0.0843811035,0.0045776367,9.7811889652,0.0020073785,-0.0000325521,-0.1745659722
558978.4000241810,-0.0816345215,-0.0004577637,9.7811889652,0.0009223090,-0.0000000000,-0.1745768229
558978.4100241810,-0.0819396973,0.0071716309,9.7811889652,0.0020399306,-0.0000434028,-0.1745985243
558978.4200241810,-0.0820922852,-0.0009155273,9.7819519046,0.0010199653,-0.0000000000,-0.1745876736
558978.4300241810,-0.0837707520,0.0076293945,9.7822570804,0.0017144097,-0.0000000000,-0.1745659722
558978.4400241810,-0.0831604004,-0.0013732910,9.7816467288,0.0014539931,-0.0000000000,-0.1745442708
558978.4500241810,-0.0813293457,0.0061035156,9.7821044925,0.0013237847,-0.0000000000,-0.1745768229
558978.4600241811,-0.0823974609,0.0024414063,9.7811889652,0.0018337674,-0.0000108507,-0.1745117187
558978.4700241809,-0.0837707520,0.0032043457,9.7808837894,0.0010091146,-0.0000000000,-0.1744900174
558978.4800241810,-0.0825500488,0.0041198730,9.7821044925,0.0020182292,-0.0000108507,-0.1745117187
558978.4900241810,-0.0794982910,-0.0003051758,9.7817993167,0.0009440104,0.0000108507,-0.1745659722
558978.5000241810,-0.0813293457,0.0068664551,9.7817993167,0.0019639757,-0.0000000000,-0.1745551215
558978.5100241810,-0.0849914551,0.0006103516,9.7810363773,0.0010633681,-0.0000000000,-0.1745768229
558978.5200241810,-0.0820922852,0.0070190430,9.7819519046,0.0016927083,-0.0000108507,-0.1745659722
558978.5300241810,-0.0813293457,-0.0015258789,9.7805786136,0.0015190972,-0.0000217014,-0.1745768229
558978.5400241810,-0.0823974609,0.0054931641,9.7816467288,0.0012586806,0.0000325521,-0.1745985243
558978.5500241810,-0.0827026367,0.0036621094,9.7811889652,0.0018663194,-0.0000325521,-0.1745442708
558978.5600241810,-0.0830078125,0.0013732910,9.7814941409,0.0009223090,0.0000217014,-0.1745659722
558978.5700241810,-0.0811767578,0.0056457520,9.7819519046,0.0020724826,-0.0000217014,-0.1745117187
558978.5800241811,-0.0820922852,-0.0000000000,9.7817993167,0.0009331597,0.0000325521,-0.1744900174
558978.5900241809,-0.0837707520,0.0086975098,9.7822570804,0.0018880208,-0.0000217014,-0.1744791667
558978.6000241810,-0.0831604004,-0.0010681152,9.7817993167,0.0012912326,-0.0000000000,-0.1744466146
558978.6100241810,-0.0814819336,0.0054931641,9.7821044925,0.0014648437,-0.0000000000,-0.1744900174
558978.6200241810,-0.0813293457,0.0018310547,9.7814941409,0.0016601562,-0.0000000000,-0.1745008680
558978.6300241810,-0.0836181641,0.0047302246,9.7813415531,0.0011067708,0.0000108507,-0.1745225694
558978.6400241810,-0.0828552246,0.0032043457,9.7813415531,0.0018771701,-0.0000108507,-0.1745985243
558978.6500241810,-0.0817871094,0.0013732910,9.7819519046,0.0010525174,-0.0000000000,-0.1746093750
558978.6600241810,-0.0808715820,0.0053405762,9.7814941409,0.0019748264,-0.0000000000,-0.1745985243
558978.6700241810,-0.0836181641,0.0019836426,9.7817993167,0.0009982639,0.0000217014,-0.1746093750
558978.6800241810,-0.0848388672,0.0064086914,9.7817993167,0.0019097222,-0.0000325521,-0.1746419271
558978.6900241820,-0.0816345215,-0.0006103516,9.7810363773,0.0010525174,-0.0000000000,-0.1745876736
558978.7000241820,-0.0804138184,0.0071716309,9.7817993167,0.0017903646,0.0000217014,-0.1745225694
558978.7100241820,-0.0816345215,-0.0001525879,9.7814941409,0.0013129340,-0.0000000000,-0.1744900174
558978.7200241820,-0.0837707520,0.0080871582,9.7816467288,0.0014865451,-0.0000000000,-0.1745985243
558978.7300241820,-0.0828552246,0.0009155273,9.7816467288,0.0016276042,-0.0000108507,-0.1745551215
558978.7400241820,-0.0814819336,0.0030517578,9.7813415531,0.0011827257,-0.0000000000,-0.1745442708
558978.7500241820,-0.0816345215,0.0039672852,9.7816467288,0.0019531250,-0.0000108507,-0.1745117187
558978.7600241820,-0.0830078125,0.0016784668,9.7813415531,0.0008789062,0.0000108507,-0.1744791667
558978.7700241820,-0.0828552246,0.0073242188,9.7824096683,0.0020399306,-0.0000325521,-0.1744791667
558978.7800241821,-0.0820922852,-0.0012207031,9.7817993167,0.0009765625,-0.0000000000,-0.1745334201
558978.7900241819,-0.0811767578,0.0073242188,9.7816467288,0.0018337674,0.0000217014,-0.1744791667
558978.8000241820,-0.0827026367,-0.0007629395,9.7808837894,0.0013997396,-0.0000000000,-0.1745768229
558978.8100241820,-0.0839233398,0.0077819824,9.7821044925,0.0013780382,-0.0000000000,-0.1745985243
558978.8200241820,-0.0822448730,0.0015258789,9.7807312015,0.0017795139,-0.0000217014,-0.1745985243
558978.8300241820,-0.0810241699,0.0016784668,9.7817993167,0.0009440104,-0.0000000000,-0.1745442708
558978.8400241820,-0.0816345215,0.0054931641,9.7817993167,0.0020833333,-0.0000108507,-0.1745225694
558978.8500241820,-0.0842285156,0.0006103516,9.7807312015,0.0009223090,-0.0000000000,-0.1745659722
558978.8600241820,-0.0839233398,0.0090026855,9.7824096683,0.0019314236,-0.0000325521,-0.1745442708
558978.8700241820,-0.0810241699,-0.0018310547,9.7811889652,0.0012261285,-0.0000000000,-0.1744900174
558978.8800241820,-0.0801086426,0.0057983398,9.7824096683,0.0015299479,0.0000217014,-0.1744683160
558978.8900241820,-0.0828552246,0.0004577637,9.7811889652,0.0016601562,-0.0000000000,-0.1745117187
558978.9000241820,-0.0840759277,0.0067138672,9.7814941409,0.0010633681,0.0000108507,-0.1745334201
558978.9100241821,-0.0827026367,0.0038146973,9.7819519046,0.0019856771,-0.0000542535,-0.1745225694
558978.9200241819,-0.0796508789,-0.0015258789,9.7816467288,0.0008680556,0.0000325521,-0.1745768229
558978.9300241820,-0.0816345215,0.0088500977,9.7824096683,0.0021050347,0.0000108507,-0.1745442708
558978.9400241820,-0.0849914551,-0.0004577637,9.7808837894,0.0010416667,0.0000108507,-0.1745985243
558978.9500241820,-0.0846862793,0.0077819824,9.7821044925,0.0016167535,-0.0000325521,-0.1746093750
558978.9600241820,-0.0798034668,-0.0015258789,9.7814941409,0.0014973958,-0.0000000000,-0.1745551215
558978.9700241820,-0.0813293457,0.0051879883,9.7808837894,0.0012586806,-0.0000000000,-0.1745551215
558978.9800241820,-0.0836181641,0.0039672852,9.7811889652,0.0018880208,-0.0000000000,-0.1745334201
558978.9900241820,-0.0837707520,0.0021362305,9.7814941409,0.0009223090,-0.0000217014,-0.1745334201
558979.0000241820,-0.0810241699,0.0053405762,9.7816467288,0.0020833333,-0.0000108507,-0.1745225694
558979.0100241820,-0.0804138184,-0.0015258789,9.7811889652,0.0009331597,0.0000217014,-0.1747721354
558979.0200241820,-0.0834655762,0.0085449219,9.7814941409,0.0019531250,-0.0000000000,-0.1744791667
558979.0300241821,-0.0840759277,0.0007629395,9.7811889652,0.0012044271,-0.0000000000,-0.1745008680
558979.0400241819,-0.0813293457,0.0064086914,9.7814941409,0.0014865451,-0.0000000000,-0.1745442708
558979.0500241820,-0.0798034668,-0.0006103516,9.7813415531,0.0016710069,-0.0000000000,-0.1745225694
558979.0600241820,-0.0827026367,0.0048828125,9.7816467288,0.0011393229,0.0000217014,-0.1745768229
558979.0700241820,-0.0852966309,0.0051879883,9.7811889652,0.0019205729,-0.0000217014,-0.1745659722
558979.0800241820,-0.0834655762,0.0010681152,9.7814941409,0.0009331597,-0.0000000000,-0.1745876736
558979.0900241820,-0.0791931152,0.0048828125,9.7819519046,0.0020073785,-0.0000217014,-0.1746202257
558979.1000241820,-0.0811767578,0.0001525879,9.7810363773,0.0009765625,0.0000325521,-0.1745985243
558979.1100241820,-0.0848388672,0.0080871582,9.7816467288,0.0019097222,-0.0000108507,-0.1745985243
558979.1200241820,-0.0842285156,-0.0007629395,9.7814941409,0.0011718750,-0.0000217014,-0.1745659722
558979.1300241820,-0.0805664063,0.0062561035,9.7811889652,0.0016493056,-0.0000000000,-0.1745008680
558979.1400241820,-0.0810241699,-0.0000000000,9.7813415531,0.0014973958,0.0000325521,-0.1745008680
558979.1500241820,-0.0837707520,0.0067138672,9.7814941409,0.0012912326,-0.0000000000,-0.1744900174
558979.1600241821,-0.0834655762,0.0021362305,9.7811889652,0.0017469618,-0.0000325521,-0.1744466146
558979.1700241819,-0.0817871094,0.0032043457,9.7819519046,0.0010308160,0.0000108507,-0.1744249132
558979.1800241820,-0.0802612305,0.0050354004,9.7816467288,0.0020399306,-0.0000217014,-0.1744791667
558979.1900241820,-0.0823974609,0.0012207031,9.7810363773,0.0008680556,0.0000108507,-0.1745225694
558979.2000241820,-0.0831604004,0.0083923340,9.7817993167,0.0020507812,-0.0000000000,-0.1745334201
558979.2100241820,-0.0820922852,-0.0015258789,9.7811889652,0.0010633681,-0.0000000000,-0.1745659722
558979.2200241820,-0.0805664063,0.0080871582,9.7817993167,0.0016384549,-0.0000108507,-0.1746093750
558979.2300241820,-0.0827026367,0.0006103516,9.7810363773,0.0015299479,0.0000217014,-0.1746093750
558979.2400241820,-0.0846862793,0.0056457520,9.7814941409,0.0011827257,-0.0000000000,-0.1745876736
558979.2500241820,-0.0822448730,0.0027465820,9.7811889652,0.0019639757,-0.0000217014,-0.1745551215
558979.2600241820,-0.0810241699,0.0019836426,9.7813415531,0.0009548611,0.0000325521,-0.1745334201
558979.2700241820,-0.0813293457,0.0070190430,9.7816467288,0.0020182292,-0.0000000000,-0.1745225694
558979.2800241821,-0.0845336914,0.0001525879,9.7813415531,0.0009331597,0.0000108507,-0.1745225694
558979.2900241819,-0.0833129883,0.0067138672,9.7817993167,0.0019097222,-0.0000325521,-0.1744466146
558979.3000241820,-0.0801086426,-0.0003051758,9.7804260257,0.0011393229,0.0000108507,-0.1745008680
558979.3100241820,-0.0820922852,0.0086975098,9.7824096683,0.0016167535,0.0000108507,-0.1745008680
558979.3200241820,-0.0842285156,-0.0000000000,9.7813415531,0.0015733507,-0.0000000000,-0.1745442708
558979.3300241820,-0.0833129883,0.0054931641,9.7814941409,0.0011718750,-0.0000000000,-0.1745768229
558979.3400241820,-0.0802612305,0.0042724609,9.7814941409,0.0019965278,-0.0000108507,-0.1746093750
558979.3500241820,-0.0807189941,0.0018310547,9.7813415531,0.0008463542,0.0000217014,-0.1746093750
558979.3600241820,-0.0831604004,0.0071716309,9.7816467288,0.0020507812,-0.0000000000,-0.1746202257
558979.3700241820,-0.0840759277,-0.0010681152,9.7807312015,0.0009657118,-0.0000217014,-0.1745768229
558979.3800241820,-0.0817871094,0.0079345703,9.7824096683,0.0018229167,-0.0000108507,-0.1745985243
558979.3900241820,-0.0788879395,-0.0000000000,9.7810363773,0.0013671875,0.0000108507,-0.1745768229
558979.4000241820,-0.0823974609,0.0068664551,9.7811889652,0.0013888889,0.0000108507,-0.1745768229
558979.4100241821,-0.0845336914,0.0013732910,9.7814941409,0.0017361111,-0.0000108507,-0.1745442708
558979.4200241819,-0.0828552246,0.0039672852,9.7817993167,0.0010416667,-0.0000000000,-0.1745117187
558979.4300241820,-0.0791931152,0.0048828125,9.7819519046,0.0019856771,-0.0000108507,-0.1744683160
558979.4400241820,-0.0820922852,0.0013732910,9.7813415531,0.0009114583,0.0000108507,-0.1745008680
558979.4500241820,-0.0851440430,0.0076293945,9.7813415531,0.0020182292,-0.0000108507,-0.1744900174
558979.4600241820,-0.0830078125,-0.0007629395,9.7805786136,0.0010199653,-0.0000000000,-0.1745768229
558979.4700241820,-0.0804138184,0.0080871582,9.7817993167,0.0018120660,-0.0000108507,-0.1745659722
558979.4800241820,-0.0810241699,-0.0009155273,9.7813415531,0.0013237847,0.0000325521,-0.1745876736
558979.4900241820,-0.0831604004,0.0068664551,9.7816467288,0.0013563368,0.0000108507,-0.1745768229
558979.5000241820,-0.0837707520,0.0022888184,9.7814941409,0.0017903646,-0.0000217014,-0.1745985243
558979.5100241820,-0.0810241699,0.0035095215,9.7814941409,0.0009657118,0.0000108507,-0.1745876736
558979.5200241820,-0.0810241699,0.0054931641,9.7821044925,0.0020724826,-0.0000108507,-0.1745768229
558979.5300241821,-0.0839233398,-0.0001525879,9.7810363773,0.0009331597,0.0000108507,-0.1745334201
558979.5400241819,-0.0834655762,0.0083923340,9.7821044925,0.0019639757,-0.0000108507,-0.1745334201
558979.5500241820,-0.0813293457,-0.0000000000,9.7811889652,0.0010959201,-0.0000000000,-0.1745442708
558979.5600241820,-0.0805664063,0.0079345703,9.7822570804,0.0016167535,0.0000108507,-0.1745334201
558979.5700241820,-0.0823974609,-0.0000000000,9.7814941409,0.0015407986,-0.0000000000,-0.1745225694
558979.5800241820,-0.0840759277,0.0056457520,9.7814941409,0.0011935764,-0.0000000000,-0.1745117187
558979.5900241820,-0.0830078125,0.0047302246,9.7816467288,0.0019205729,-0.0000000000,-0.1745334201
558979.6000241820,-0.0805664063,0.0024414063,9.7819519046,0.0009223090,0.0000108507,-0.1745659722
558979.6100241820,-0.0814819336,0.0057983398,9.7816467288,0.0020399306,0.0000108507,-0.1745551215
558979.6200241820,-0.0831604004,-0.0001525879,9.7811889652,0.0009440104,0.0000108507,-0.1745659722
558979.6300241820,-0.0831604004,0.0093078613,9.7811889652,0.0018880208,-0.0000108507,-0.1746093750
558979.6400241820,-0.0816345215,-0.0001525879,9.7808837894,0.0011718750,-0.0000000000,-0.1746093750
558979.6500241820,-0.0807189941,0.0073242188,9.7816467288,0.0016167535,0.0000108507,-0.1746636285
558979.6600241821,-0.0836181641,0.0003051758,9.7813415531,0.0015516493,-0.0000000000,-0.1746093750
558979.6700241819,-0.0836181641,0.0062561035,9.7814941409,0.0012261285,-0.0000217014,-0.1745985243
558979.6800241820,-0.0808715820,0.0022888184,9.7816467288,0.0018771701,-0.0000000000,-0.1745551215
558979.6900241820,-0.0810241699,0.0025939941,9.7808837894,0.0009223090,0.0000217014,-0.1745008680
558979.7000241820,-0.0831604004,0.0061035156,9.7816467288,0.0020073785,-0.0000108507,-0.1744466146
558979.7100241820,-0.0825500488,-0.0001525879,9.7811889652,0.0009548611,0.0000108507,-0.1744900174
558979.7200241820,-0.0817871094,0.0083923340,9.7816467288,0.0019314236,-0.0000108507,-0.1745008680
558979.7300241820,-0.0819396973,-0.0003051758,9.7805786136,0.0011827257,0.0000217014,-0.1744900174
558979.7400241820,-0.0817871094,0.0074768066,9.7814941409,0.0016167535,-0.0000108507,-0.1745985243
558979.7500241820,-0.0823974609,0.0004577637,9.7813415531,0.0015516493,-0.0000000000,-0.1746202257
558979.7600241820,-0.0819396973,0.0057983398,9.7819519046,0.0011718750,-0.0000000000,-0.1746744792
558979.7700241830,-0.0827026367,0.0030517578,9.7814941409,0.0019097222,-0.0000108507,-0.1746310764
558979.7800241830,-0.0820922852,0.0015258789,9.7811889652,0.0009223090,0.0000108507,-0.1745334201
558979.7900241830,-0.0831604004,0.0076293945,9.7814941409,0.0020941840,-0.0000108507,-0.1745225694
558979.8000241830,-0.0827026367,-0.0000000000,9.7814941409,0.0009548611,0.0000217014,-0.1745768229
558979.8100241830,-0.0820922852,0.0082397461,9.7814941409,0.0018120660,-0.0000000000,-0.1745225694
558979.8200241830,-0.0825500488,-0.0007629395,9.7817993167,0.0013780382,0.0000325521,-0.1745117187
558979.8300241830,-0.0822448730,0.0073242188,9.7813415531,0.0012586806,0.0000217014,-0.1745117187
558979.8400241830,-0.0825500488,0.0036621094,9.7814941409,0.0018880208,-0.0000108507,-0.1745334201
558979.8500241830,-0.0811767578,0.0018310547,9.7811889652,0.0008897569,0.0000108507,-0.1745334201
558979.8600241831,-0.0810241699,0.0068664551,9.7822570804,0.0021267361,0.0000108507,-0.1744900174
558979.8700241830,-0.0817871094,-0.0000000000,9.7811889652,0.0009548611,-0.0000000000,-0.1745225694
558979.8800241830,-0.0823974609,0.0099182129,9.7814941409,0.0018012153,-0.0000000000,-0.1745334201
558979.8900241830,-0.0819396973,-0.0006103516,9.7810363773,0.0013671875,-0.0000000000,-0.1745117187
558979.9000241830,-0.0817871094,0.0064086914,9.7822570804,0.0013020833,-0.0000000000,-0.1745442708
558979.9100241830,-0.0822448730,0.0030517578,9.7814941409,0.0018663194,-0.0000108507,-0.1745551215
558979.9200241830,-0.0825500488,0.0038146973,9.7821044925,0.0009331597,0.0000325521,-0.1745768229
558979.9300241830,-0.0819396973,0.0065612793,9.7817993167,0.0020941840,-0.0000108507,-0.1745659722
558979.9400241830,-0.0828552246,-0.0004577637,9.7808837894,0.0009114583,0.0000434028,-0.1745225694
558979.9500241830,-0.0816345215,0.0088500977,9.7810363773,0.0018988715,-0.0000108507,-0.1745334201
558979.9600241830,-0.0813293457,-0.0001525879,9.7813415531,0.0011935764,-0.0000000000,-0.1744791667
558979.9700241830,-0.0817871094,0.0079345703,9.7816467288,0.0014973958,-0.0000000000,-0.1744900174
558979.9800241831,-0.0825500488,0.0012207031,9.7811889652,0.0016276042,-0.0000108507,-0.1745117187
558979.9900241829,-0.0823974609,0.0044250488,9.7819519046,0.0011501736,-0.0000000000,-0.1745442708
558980.0000241830,-0.0811767578,0.0045776367,9.7814941409,0.0019314236,-0.0000108507,-0.1746310764
558980.0100241830,-0.0813293457,0.0030517578,9.7813415531,0.0009440104,0.0000325521,-0.1749348958
558980.0200241830,-0.0828552246,0.0062561035,9.7819519046,0.0019965278,-0.0000217014,-0.1746527778
558980.0300241830,-0.0817871094,-0.0000000000,9.7810363773,0.0009657118,0.0000108507,-0.1746202257
558980.0400241830,-0.0816345215,0.0086975098,9.7821044925,0.0018988715,0.0000217014,-0.1745551215
558980.0500241830,-0.0817871094,-0.0000000000,9.7814941409,0.0011393229,0.0000108507,-0.1745442708
558980.0600241830,-0.0831604004,0.0070190430,9.7819519046,0.0016384549,-0.0000108507,-0.1745117187
558980.0700241830,-0.0823974609,0.0003051758,9.7813415531,0.0015516493,0.0000108507,-0.1745225694
558980.0800241830,-0.0814819336,0.0065612793,9.7816467288,0.0012261285,0.0000108507,-0.1744900174
558980.0900241830,-0.0816345215,0.0032043457,9.7814941409,0.0018120660,-0.0000000000,-0.1744357639
558980.1000241830,-0.0822448730,0.0035095215,9.7813415531,0.0009548611,0.0000434028,-0.1744466146
558980.1100241831,-0.0833129883,0.0056457520,9.7817993167,0.0020724826,-0.0000108507,-0.1744900174
558980.1200241830,-0.0822448730,0.0001525879,9.7811889652,0.0009114583,0.0000108507,-0.1745008680
558980.1300241830,-0.0799560547,0.0088500977,9.7817993167,0.0019856771,0.0000108507,-0.1745117187
558980.1400241830,-0.0822448730,-0.0000000000,9.7811889652,0.0011067708,0.0000217014,-0.1745442708
558980.1500241830,-0.0833129883,0.0086975098,9.7816467288,0.0016059028,0.0000217014,-0.1745442708
558980.1600241830,-0.0822448730,-0.0000000000,9.7816467288,0.0015733507,-0.0000108507,-0.1745876736
558980.1700241830,-0.0810241699,0.0054931641,9.7817993167,0.0011067708,0.0000108507,-0.1746202257
558980.1800241830,-0.0811767578,0.0044250488,9.7810363773,0.0020182292,-0.0000108507,-0.1745659722
558980.1900241830,-0.0830078125,0.0021362305,9.7811889652,0.0008897569,0.0000108507,-0.1745985243
558980.2000241830,-0.0817871094,0.0073242188,9.7821044925,0.0020399306,-0.0000108507,-0.1745334201
558980.2100241830,-0.0811767578,-0.0004577637,9.7810363773,0.0010091146,0.0000217014,-0.1745876736
558980.2200241830,-0.0820922852,0.0088500977,9.7817993167,0.0017469618,-0.0000000000,-0.1745334201
558980.2300241831,-0.0833129883,-0.0009155273,9.7808837894,0.0013563368,0.0000217014,-0.1745442708
558980.2400241829,-0.0805664063,0.0077819824,9.7816467288,0.0013563368,0.0000108507,-0.1745334201
558980.2500241830,-0.0820922852,0.0032043457,9.7816467288,0.0018446181,-0.0000108507,-0.1745225694
558980.2600241830,-0.0820922852,0.0032043457,9.7813415531,0.0009440104,0.0000325521,-0.1745659722
558980.2700241830,-0.0817871094,0.0065612793,9.7814941409,0.0020941840,-0.0000000000,-0.1745117187
558980.2800241830,-0.0820922852,-0.0012207031,9.7804260257,0.0008680556,0.0000217014,-0.1745117187
558980.2900241830,-0.0822448730,0.0085449219,9.7822570804,0.0018988715,0.0000217014,-0.1745334201
558980.3000241830,-0.0822448730,0.0006103516,9.7814941409,0.0012261285,-0.0000000000,-0.1745659722
558980.3100241830,-0.0813293457,0.0077819824,9.7817993167,0.0014865451,-0.0000000000,-0.1745876736
558980.3200241830,-0.0819396973,0.0010681152,9.7807312015,0.0016710069,-0.0000000000,-0.1746093750
558980.3300241830,-0.0820922852,0.0045776367,9.7816467288,0.0011067708,0.0000217014,-0.1746093750
558980.3400241830,-0.0827026367,0.0062561035,9.7817993167,0.0019965278,-0.0000217014,-0.1746419271
558980.3500241830,-0.0825500488,0.0021362305,9.7807312015,0.0008680556,0.0000325521,-0.1746744792
558980.3600241831,-0.0830078125,0.0074768066,9.7821044925,0.0019856771,-0.0000000000,-0.1745442708
558980.3700241830,-0.0820922852,-0.0006103516,9.7814941409,0.0010199653,0.0000325521,-0.1745225694
558980.3800241830,-0.0816345215,0.0094604492,9.7821044925,0.0017578125,0.0000217014,-0.1745008680
558980.3900241830,-0.0831604004,0.0009155273,9.7807312015,0.0014322917,0.0000108507,-0.1745117187
558980.4000241830,-0.0823974609,0.0057983398,9.7817993167,0.0012586806,-0.0000000000,-0.1744466146
558980.4100241830,-0.0810241699,0.0028991699,9.7810363773,0.0018663194,-0.0000108507,-0.1744683160
558980.4200241830,-0.0823974609,0.0042724609,9.7817993167,0.0009331597,0.0000542535,-0.1744900174
558980.4300241830,-0.0840759277,0.0065612793,9.7817993167,0.0020507812,-0.0000325521,-0.1745225694
558980.4400241830,-0.0828552246,-0.0006103516,9.7810363773,0.0008789062,0.0000108507,-0.1745117187
558980.4500241830,-0.0802612305,0.0085449219,9.7814941409,0.0019639757,0.0000217014,-0.1745334201
558980.4600241830,-0.0819396973,-0.0006103516,9.7814941409,0.0011827257,0.0000108507,-0.1745225694
558980.4700241830,-0.0836181641,0.0086975098,9.7822570804,0.0015733507,0.0000108507,-0.1745876736
558980.4800241831,-0.0828552246,0.0003051758,9.7813415531,0.0015733507,0.0000217014,-0.1745876736
558980.4900241829,-0.0810241699,0.0054931641,9.7814941409,0.0010959201,-0.0000000000,-0.1745768229
558980.5000241830,-0.0811767578,0.0056457520,9.7819519046,0.0019856771,-0.0000000000,-0.1745876736
558980.5100241830,-0.0822448730,0.0007629395,9.7811889652,0.0008680556,0.0000434028,-0.1746093750
558980.5200241830,-0.0822448730,0.0080871582,9.7824096683,0.0020616319,-0.0000108507,-0.1745551215
558980.5300241830,-0.0819396973,-0.0003051758,9.7814941409,0.0010308160,0.0000325521,-0.1745985243
558980.5400241830,-0.0817871094,0.0099182129,9.7814941409,0.0017469618,0.0000217014,-0.1745551215
558980.5500241830,-0.0830078125,0.0004577637,9.7811889652,0.0013888889,-0.0000000000,-0.1745334201
558980.5600241830,-0.0813293457,0.0057983398,9.7816467288,0.0012912326,0.0000217014,-0.1745008680
558980.5700241830,-0.0817871094,0.0036621094,9.7816467288,0.0018771701,0.0000325521,-0.1744574653
558980.5800241830,-0.0825500488,0.0041198730,9.7817993167,0.0009114583,0.0000108507,-0.1745008680
558980.5900241830,-0.0827026367,0.0070190430,9.7817993167,0.0020507812,-0.0000108507,-0.1745442708
558980.6000241830,-0.0816345215,-0.0012207031,9.7813415531,0.0009331597,0.0000217014,-0.1745876736
558980.6100241831,-0.0807189941,0.0091552734,9.7819519046,0.0019314236,-0.0000000000,-0.1746202257
558980.6200241830,-0.0819396973,0.0013732910,9.7814941409,0.0011501736,0.0000217014,-0.1746202257
558980.6300241830,-0.0840759277,0.0083923340,9.7817993167,0.0015625000,0.0000108507,-0.1746310764
558980.6400241830,-0.0831604004,0.0001525879,9.7811889652,0.0015299479,-0.0000000000,-0.1745985243
558980.6500241830,-0.0801086426,0.0064086914,9.7816467288,0.0012695312,0.0000217014,-0.1745768229
558980.6600241830,-0.0819396973,0.0047302246,9.7814941409,0.0018446181,0.0000325521,-0.1745334201
558980.6700241830,-0.0849914551,0.0032043457,9.7814941409,0.0010091146,0.0000217014,-0.1745334201
558980.6800241830,-0.0827026367,0.0047302246,9.7816467288,0.0020073785,-0.0000217014,-0.1744466146
558980.6900241830,-0.0805664063,0.0013732910,9.7816467288,0.0009223090,0.0000434028,-0.1744791667
558980.7000241830,-0.0813293457,0.0096130371,9.7821044925,0.0019205729,-0.0000000000,-0.1745225694
558980.7100241830,-0.0845336914,-0.0000000000,9.7813415531,0.0010850694,0.0000217014,-0.1745442708
558980.7200241830,-0.0828552246,0.0065612793,9.7813415531,0.0017035590,-0.0000108507,-0.1745442708
558980.7300241831,-0.0798034668,0.0004577637,9.7811889652,0.0014539931,-0.0000000000,-0.1745876736
558980.7400241829,-0.0798034668,0.0085449219,9.7817993167,0.0013671875,0.0000325521,-0.1746093750
558980.7500241830,-0.0837707520,0.0018310547,9.7819519046,0.0017361111,-0.0000000000,-0.1745985243
558980.7600241830,-0.0843811035,0.0033569336,9.7811889652,0.0009982639,0.0000217014,-0.1745659722
558980.7700241830,-0.0814819336,0.0061035156,9.7814941409,0.0020399306,-0.0000325521,-0.1745985243
558980.7800241830,-0.0796508789,0.0025939941,9.7813415531,0.0008789062,0.0000325521,-0.1745334201
558980.7900241830,-0.0822448730,0.0079345703,9.7817993167,0.0019748264,0.0000217014,-0.1744900174
558980.8000241830,-0.0852966309,-0.0016784668,9.7807312015,0.0011284722,-0.0000000000,-0.1745117187
558980.8100241830,-0.0819396973,0.0085449219,9.7817993167,0.0016710069,-0.0000000000,-0.1745225694
558980.8200241830,-0.0799560547,0.0024414063,9.7816467288,0.0014648437,0.0000108507,-0.1745117187
558980.8300241830,-0.0810241699,0.0065612793,9.7817993167,0.0012044271,0.0000325521,-0.1745334201
558980.8400241840,-0.0842285156,0.0022888184,9.7813415531,0.0018771701,-0.0000000000,-0.1745225694
558980.8500241840,-0.0831604004,0.0022888184,9.7816467288,0.0009548611,0.0000217014,-0.1745876736
558980.8600241840,-0.0802612305,0.0082397461,9.7819519046,0.0020399306,-0.0000000000,-0.1745985243
558980.8700241840,-0.0802612305,0.0009155273,9.7819519046,0.0009331597,0.0000434028,-0.1745442708
558980.8800241840,-0.0837707520,0.0065612793,9.7819519046,0.0019097222,0.0000217014,-0.1743815104
558980.8900241840,-0.0843811035,0.0009155273,9.7804260257,0.0011176215,-0.0000000000,-0.1744574653
558980.9000241840,-0.0808715820,0.0100708008,9.7821044925,0.0016276042,-0.0000000000,-0.1745225694
558980.9100241840,-0.0794982910,0.0012207031,9.7816467288,0.0014431424,0.0000217014,-0.1745985243
558980.9200241840,-0.0834655762,0.0047302246,9.7817993167,0.0013237847,0.0000217014,-0.1745768229
558980.9300241841,-0.0833129883,0.0028991699,9.7817993167,0.0018663194,-0.0000217014,-0.1745985243
558980.9400241839,-0.0813293457,0.0056457520,9.7813415531,0.0009548611,0.0000217014,-0.1745117187
558980.9500241840,-0.0802612305,0.0073242188,9.7814941409,0.0019965278,0.0000108507,-0.1744574653
558980.9600241840,-0.0816345215,-0.0006103516,9.7811889652,0.0008897569,0.0000325521,-0.1744574653
558980.9700241840,-0.0822448730,0.0068664551,9.7821044925,0.0019205729,-0.0000108507,-0.1744466146
558980.9800241840,-0.0825500488,0.0018310547,9.7814941409,0.0011393229,0.0000108507,-0.1744574653
558980.9900241840,-0.0816345215,0.0091552734,9.7817993167,0.0016493056,0.0000108507,-0.1744791667
558981.0000241840,-0.0814819336,-0.0003051758,9.7808837894,0.0014865451,0.0000325521,-0.1745334201
558981.0100241840,-0.0828552246,0.0059509277,9.7819519046,0.0012586806,0.0000108507,-0.1749240451
558981.0200241840,-0.0822448730,0.0044250488,9.7817993167,0.0018229167,-0.0000217014,-0.1745551215
558981.0300241840,-0.0807189941,0.0039672852,9.7808837894,0.0009331597,0.0000325521,-0.1746093750
558981.0400241840,-0.0819396973,0.0059509277,9.7819519046,0.0020073785,0.0000217014,-0.1745659722
558981.0500241840,-0.0828552246,0.0006103516,9.7810363773,0.0009440104,0.0000325521,-0.1745876736
558981.0600241839,-0.0823974609,0.0097656250,9.7819519046,0.0019531250,-0.0000000000,-0.1745442708
558981.0700241840,-0.0808715820,0.0013732910,9.7814941409,0.0011284722,0.0000325521,-0.1745768229
558981.0800241840,-0.0817871094,0.0086975098,9.7821044925,0.0015625000,0.0000108507,-0.1745334201
558981.0900241840,-0.0833129883,-0.0001525879,9.7814941409,0.0015733507,0.0000217014,-0.1745117187
558981.1000241840,-0.0827026367,0.0057983398,9.7817993167,0.0011176215,0.0000108507,-0.1744791667
558981.1100241840,-0.0808715820,0.0056457520,9.7817993167,0.0019314236,-0.0000108507,-0.1745225694
558981.1200241840,-0.0830078125,0.0033569336,9.7813415531,0.0009114583,0.0000434028,-0.1745008680
558981.1300241840,-0.0819396973,0.0062561035,9.7814941409,0.0020507812,-0.0000000000,-0.1744900174
558981.1400241840,-0.0822448730,-0.0000000000,9.7817993167,0.0009440104,0.0000217014,-0.1745659722
558981.1500241840,-0.0807189941,0.0111389160,9.7819519046,0.0018988715,0.0000217014,-0.1745334201
558981.1600241840,-0.0828552246,0.0004577637,9.7813415531,0.0011501736,0.0000108507,-0.1745225694
558981.1700241840,-0.0825500488,0.0074768066,9.7819519046,0.0015407986,0.0000108507,-0.1745768229
558981.1800241841,-0.0817871094,0.0012207031,9.7811889652,0.0015842014,0.0000108507,-0.1745551215
558981.1900241839,-0.0814819336,0.0076293945,9.7813415531,0.0011827257,0.0000108507,-0.1745768229
558981.2000241840,-0.0819396973,0.0048828125,9.7816467288,0.0018663194,-0.0000000000,-0.1745659722
558981.2100241840,-0.0816345215,0.0021362305,9.7813415531,0.0010199653,0.0000434028,-0.1745659722
558981.2200241840,-0.0819396973,0.0067138672,9.7813415531,0.0019748264,-0.0000000000,-0.1745442708
558981.2300241840,-0.0816345215,0.0022888184,9.7821044925,0.0009331597,0.0000434028,-0.1745442708
558981.2400241840,-0.0831604004,0.0091552734,9.7822570804,0.0019531250,0.0000108507,-0.1745117187
558981.2500241840,-0.0831604004,-0.0015258789,9.7816467288,0.0011284722,-0.0000000000,-0.1744900174
558981.2600241840,-0.0823974609,0.0085449219,9.7816467288,0.0016059028,0.0000434028,-0.1744683160
558981.2700241840,-0.0816345215,0.0025939941,9.7807312015,0.0016384549,0.0000217014,-0.1745008680
558981.2800241840,-0.0816345215,0.0068664551,9.7816467288,0.0010633681,0.0000325521,-0.1745442708
558981.2900241840,-0.0827026367,0.0054931641,9.7816467288,0.0019531250,-0.0000000000,-0.1745985243
558981.3000241840,-0.0822448730,0.0013732910,9.7814941409,0.0008789062,0.0000325521,-0.1745985243
558981.3100241839,-0.0817871094,0.0094604492,9.7819519046,0.0020507812,-0.0000217014,-0.1745985243
558981.3200241840,-0.0819396973,0.0009155273,9.7811889652,0.0010199653,0.0000434028,-0.1746202257
558981.3300241840,-0.0831604004,0.0085449219,9.7817993167,0.0017578125,-0.0000108507,-0.1745876736
558981.3400241840,-0.0823974609,0.0003051758,9.7814941409,0.0014105903,0.0000108507,-0.1745551215
558981.3500241840,-0.0814819336,0.0079345703,9.7817993167,0.0013020833,0.0000217014,-0.1745334201
558981.3600241840,-0.0811767578,0.0038146973,9.7813415531,0.0017578125,0.0000108507,-0.1744683160
558981.3700241840,-0.0823974609,0.0038146973,9.7813415531,0.0010091146,0.0000325521,-0.1744900174
558981.3800241840,-0.0834655762,0.0056457520,9.7814941409,0.0020073785,-0.0000000000,-0.1744791667
558981.3900241840,-0.0822448730,0.0025939941,9.7805786136,0.0009114583,0.0000217014,-0.1744791667
558981.4000241840,-0.0816345215,0.0096130371,9.7817993167,0.0020073785,0.0000325521,-0.1744357639
558981.4100241840,-0.0825500488,-0.0001525879,9.7819519046,0.0009657118,0.0000434028,-0.1744574653
558981.4200241840,-0.0825500488,0.0093078613,9.7819519046,0.0017795139,0.0000108507,-0.1744791667
558981.4300241841,-0.0819396973,0.0012207031,9.7811889652,0.0013563368,0.0000108507,-0.1745334201
558981.4400241839,-0.0807189941,0.0086975098,9.7821044925,0.0012912326,0.0000217014,-0.1745334201
558981.4500241840,-0.0817871094,0.0035095215,9.7811889652,0.0018771701,0.0000108507,-0.1745659722
558981.4600241840,-0.0834655762,0.0032043457,9.7814941409,0.0009223090,0.0000434028,-0.1746093750
558981.4700241840,-0.0831604004,0.0074768066,9.7824096683,0.0020833333,-0.0000217014,-0.1745659722
558981.4800241840,-0.0807189941,0.0012207031,9.7811889652,0.0008680556,0.0000217014,-0.1745768229
558981.4900241840,-0.0807189941,0.0097656250,9.7824096683,0.0018771701,0.0000217014,-0.1745334201
558981.5000241840,-0.0822448730,-0.0007629395,9.7813415531,0.0012586806,0.0000217014,-0.1745659722
558981.5100241840,-0.0830078125,0.0080871582,9.7816467288,0.0013888889,0.0000325521,-0.1745551215
558981.5200241840,-0.0816345215,0.0039672852,9.7816467288,0.0018012153,0.0000108507,-0.1745117187
558981.5300241840,-0.0816345215,0.0061035156,9.7813415531,0.0009982639,0.0000108507,-0.1745117187
558981.5400241840,-0.0825500488,0.0054931641,9.7819519046,0.0019965278,0.0000108507,-0.1744900174
558981.5500241840,-0.0819396973,0.0009155273,9.7811889652,0.0009223090,0.0000434028,-0.1745442708
558981.5600241839,-0.0833129883,0.0094604492,9.7814941409,0.0019639757,-0.0000108507,-0.1745659722
558981.5700241840,-0.0816345215,0.0015258789,9.7807312015,0.0010308160,0.0000325521,-0.1745985243
558981.5800241840,-0.0817871094,0.0083923340,9.7817993167,0.0017469618,0.0000108507,-0.1745659722
558981.5900241840,-0.0823974609,0.0003051758,9.7814941409,0.0013671875,0.0000108507,-0.1746419271
558981.6000241840,-0.0831604004,0.0086975098,9.7819519046,0.0014431424,0.0000217014,-0.1746310764
558981.6100241840,-0.0825500488,0.0041198730,9.7814941409,0.0016384549,-0.0000108507,-0.1745985243
558981.6200241840,-0.0817871094,0.0048828125,9.7811889652,0.0010633681,0.0000325521,-0.1745876736
558981.6300241840,-0.0811767578,0.0048828125,9.7814941409,0.0019639757,0.0000108507,-0.1745225694
558981.6400241840,-0.0827026367,0.0033569336,9.7816467288,0.0008897569,0.0000325521,-0.1745225694
558981.6500241840,-0.0831604004,0.0094604492,9.7814941409,0.0020073785,-0.0000108507,-0.1745117187
558981.6600241840,-0.0822448730,0.0001525879,9.7810363773,0.0009765625,0.0000434028,-0.1744249132
558981.6700241840,-0.0813293457,0.0080871582,9.7817993167,0.0018446181,0.0000108507,-0.1743923611
558981.6800241841,-0.0823974609,0.0012207031,9.7814941409,0.0012586806,0.0000325521,-0.1744140625
558981.6900241839,-0.0825500488,0.0097656250,9.7819519046,0.0014648437,0.0000108507,-0.1745117187
558981.7000241840,-0.0820922852,0.0024414063,9.7811889652,0.0016059028,0.0000217014,-0.1745551215
558981.7100241840,-0.0814819336,0.0050354004,9.7813415531,0.0010850694,0.0000217014,-0.1745876736
558981.7200241840,-0.0823974609,0.0056457520,9.7813415531,0.0020399306,-0.0000108507,-0.1745985243
558981.7300241840,-0.0828552246,0.0025939941,9.7816467288,0.0008789062,0.0000434028,-0.1746527778
558981.7400241840,-0.0820922852,0.0086975098,9.7821044925,0.0019748264,0.0000108507,-0.1745551215
558981.7500241840,-0.0819396973,-0.0000000000,9.7813415531,0.0010091146,0.0000325521,-0.1746093750
558981.7600241840,-0.0814819336,0.0085449219,9.7822570804,0.0017795139,0.0000217014,-0.1745659722
558981.7700241840,-0.0823974609,0.0016784668,9.7807312015,0.0013237847,0.0000108507,-0.1745334201
558981.7800241840,-0.0817871094,0.0083923340,9.7816467288,0.0013888889,0.0000325521,-0.1745442708
558981.7900241840,-0.0819396973,0.0022888184,9.7816467288,0.0017144097,0.0000108507,-0.1745008680
558981.8000241840,-0.0820922852,0.0047302246,9.7819519046,0.0010525174,0.0000325521,-0.1744900174
558981.8100241839,-0.0831604004,0.0068664551,9.7824096683,0.0020399306,0.0000108507,-0.1744683160
558981.8200241840,-0.0822448730,0.0018310547,9.7811889652,0.0008246528,0.0000325521,-0.1744574653
558981.8300241840,-0.0808715820,0.0096130371,9.7819519046,0.0020073785,-0.0000108507,-0.1745442708
558981.8400241840,-0.0804138184,-0.0007629395,9.7808837894,0.0010850694,0.0000434028,-0.1745985243
558981.8500241840,-0.0825500488,0.0099182129,9.7819519046,0.0016276042,0.0000217014,-0.1746093750
558981.8600241840,-0.0834655762,0.0019836426,9.7814941409,0.0015407986,0.0000108507,-0.1745985243
558981.8700241840,-0.0813293457,0.0070190430,9.7816467288,0.0011827257,0.0000217014,-0.1745985243
558981.8800241840,-0.0804138184,0.0050354004,9.7819519046,0.0018988715,-0.0000000000,-0.1745659722
558981.8900241840,-0.0820922852,0.0038146973,9.7814941409,0.0008789062,0.0000542535,-0.1745768229
558981.9000241840,-0.0831604004,0.0077819824,9.7821044925,0.0020182292,-0.0000000000,-0.1744900174
558981.9100241850,-0.0813293457,0.0006103516,9.7810363773,0.0009657118,0.0000217014,-0.1745659722
558981.9200241850,-0.0810241699,0.0100708008,9.7819519046,0.0018663194,0.0000108507,-0.1745551215
558981.9300241850,-0.0817871094,-0.0000000000,9.7810363773,0.0012369792,0.0000325521,-0.1743381076
558981.9400241850,-0.0839233398,0.0088500977,9.7816467288,0.0014973958,0.0000434028,-0.1743489583
558981.9500241850,-0.0825500488,0.0024414063,9.7816467288,0.0016059028,-0.0000000000,-0.1744466146
558981.9600241850,-0.0808715820,0.0059509277,9.7819519046,0.0010959201,0.0000325521,-0.1745334201
558981.9700241850,-0.0813293457,0.0048828125,9.7814941409,0.0019097222,0.0000108507,-0.1745876736
558981.9800241850,-0.0830078125,0.0035095215,9.7813415531,0.0009440104,0.0000325521,-0.1745768229
558981.9900241850,-0.0831604004,0.0079345703,9.7816467288,0.0020616319,0.0000108507,-0.1745659722
558982.0000241851,-0.0816345215,0.0009155273,9.7810363773,0.0009440104,0.0000325521,-0.1745876736
558982.0100241849,-0.0816345215,0.0099182129,9.7822570804,0.0018229167,0.0000108507,-0.1748914930
558982.0200241850,-0.0823974609,0.0004577637,9.7810363773,0.0012912326,0.0000217014,-0.1745768229
558982.0300241850,-0.0836181641,0.0083923340,9.7816467288,0.0013780382,0.0000108507,-0.1745768229
558982.0400241850,-0.0807189941,0.0027465820,9.7819519046,0.0017795139,-0.0000000000,-0.1745659722
558982.0500241850,-0.0810241699,0.0056457520,9.7821044925,0.0009982639,0.0000325521,-0.1745442708
558982.0600241850,-0.0819396973,0.0062561035,9.7813415531,0.0020399306,0.0000108507,-0.1745225694
558982.0700241850,-0.0830078125,0.0015258789,9.7807312015,0.0008680556,0.0000434028,-0.1745117187
558982.0800241850,-0.0825500488,0.0094604492,9.7824096683,0.0019748264,0.0000108507,-0.1744466146
558982.0900241850,-0.0820922852,0.0001525879,9.7814941409,0.0010525174,0.0000325521,-0.1745225694
558982.1000241850,-0.0817871094,0.0090026855,9.7817993167,0.0016384549,0.0000108507,-0.1745225694
558982.1100241850,-0.0822448730,0.0018310547,9.7807312015,0.0014756944,0.0000217014,-0.1745225694
558982.1200241850,-0.0825500488,0.0077819824,9.7822570804,0.0012369792,0.0000325521,-0.1745442708
558982.1300241851,-0.0820922852,0.0038146973,9.7816467288,0.0018880208,0.0000108507,-0.1745551215
558982.1400241849,-0.0831604004,0.0030517578,9.7813415531,0.0008680556,0.0000325521,-0.1745659722
558982.1500241850,-0.0820922852,0.0088500977,9.7819519046,0.0020833333,-0.0000000000,-0.1745659722
558982.1600241850,-0.0819396973,0.0009155273,9.7808837894,0.0009114583,0.0000217014,-0.1745768229
558982.1700241850,-0.0828552246,0.0091552734,9.7817993167,0.0018229167,0.0000325521,-0.1746093750
558982.1800241850,-0.0831604004,0.0003051758,9.7813415531,0.0012912326,0.0000108507,-0.1746093750
558982.1900241850,-0.0808715820,0.0080871582,9.7821044925,0.0014539931,0.0000108507,-0.1745876736
558982.2000241850,-0.0808715820,0.0033569336,9.7821044925,0.0016601562,0.0000434028,-0.1745551215
558982.2100241850,-0.0831604004,0.0062561035,9.7814941409,0.0010959201,0.0000325521,-0.1745334201
558982.2200241850,-0.0834655762,0.0045776367,9.7807312015,0.0019531250,-0.0000000000,-0.1744900174
558982.2300241850,-0.0810241699,0.0018310547,9.7805786136,0.0008680556,0.0000542535,-0.1744900174
558982.2400241850,-0.0814819336,0.0100708008,9.7819519046,0.0020073785,0.0000217014,-0.1744466146
558982.2500241851,-0.0827026367,0.0006103516,9.7830200199,0.0009657118,0.0000325521,-0.1745225694
558982.2600241849,-0.0827026367,0.0094604492,9.7833251956,0.0018229167,0.0000217014,-0.1745876736
558982.2700241850,-0.0823974609,0.0006103516,9.7813415531,0.0012912326,0.0000108507,-0.1745768229
558982.2800241850,-0.0819396973,0.0083923340,9.7808837894,0.0014105903,0.0000325521,-0.1745768229
558982.2900241850,-0.0820922852,0.0035095215,9.7796630863,0.0016927083,0.0000325521,-0.1745876736
558982.3000241850,-0.0817871094,0.0053405762,9.7796630863,0.0010416667,0.0000325521,-0.1745985243
558982.3100241850,-0.0828552246,0.0054931641,9.7808837894,0.0019314236,-0.0000000000,-0.1745985243
558982.3200241850,-0.0813293457,0.0019836426,9.7833251956,0.0009223090,0.0000434028,-0.1745876736
558982.3300241850,-0.0813293457,0.0090026855,9.7833251956,0.0020182292,0.0000108507,-0.1745225694
558982.3400241850,-0.0839233398,0.0010681152,9.7824096683,0.0009657118,0.0000434028,-0.1745334201
558982.3500241850,-0.0834655762,0.0094604492,9.7821044925,0.0017469618,0.0000108507,-0.1745225694
558982.3600241850,-0.0813293457,0.0007629395,9.7804260257,0.0013780382,0.0000217014,-0.1744900174
558982.3700241850,-0.0810241699,0.0074768066,9.7810363773,0.0012912326,0.0000325521,-0.1745225694
558982.3800241851,-0.0836181641,0.0047302246,9.7802734378,0.0018337674,0.0000217014,-0.1745225694
558982.3900241849,-0.0836181641,0.0050354004,9.7814941409,0.0009548611,0.0000217014,-0.1745768229
558982.4000241850,-0.0823974609,0.0073242188,9.7822570804,0.0020399306,-0.0000000000,-0.1745551215
558982.4100241850,-0.0816345215,0.0010681152,9.7814941409,0.0008789062,0.0000434028,-0.1745334201
558982.4200241850,-0.0817871094,0.0103759766,9.7821044925,0.0019097222,0.0000325521,-0.1745985243
558982.4300241850,-0.0833129883,0.0013732910,9.7808837894,0.0010633681,0.0000108507,-0.1745985243
558982.4400241850,-0.0825500488,0.0085449219,9.7819519046,0.0016710069,0.0000325521,-0.1746202257
558982.4500241850,-0.0816345215,0.0004577637,9.7807312015,0.0014756944,0.0000325521,-0.1745768229
558982.4600241850,-0.0811767578,0.0082397461,9.7808837894,0.0012695312,0.0000217014,-0.1745551215
558982.4700241850,-0.0836181641,0.0050354004,9.7808837894,0.0018229167,0.0000434028,-0.1745225694
558982.4800241850,-0.0834655762,0.0035095215,9.7821044925,0.0009114583,0.0000217014,-0.1745117187
558982.4900241850,-0.0808715820,0.0070190430,9.7816467288,0.0020399306,0.0000108507,-0.1745117187
558982.5000241851,-0.0810241699,0.0019836426,9.7816467288,0.0008897569,0.0000542535,-0.1745442708
558982.5100241849,-0.0827026367,0.0102233887,9.7821044925,0.0019531250,0.0000108507,-0.1745225694
558982.5200241850,-0.0842285156,0.0004577637,9.7810363773,0.0011067708,0.0000108507,-0.1745659722
558982.5300241850,-0.0817871094,0.0086975098,9.7821044925,0.0016927083,0.0000217014,-0.1745876736
558982.5400241850,-0.0808715820,0.0016784668,9.7811889652,0.0014105903,0.0000434028,-0.1745768229
558982.5500241850,-0.0830078125,0.0085449219,9.7817993167,0.0012912326,0.0000325521,-0.1745768229
558982.5600241850,-0.0843811035,0.0039672852,9.7814941409,0.0017035590,-0.0000000000,-0.1745876736
558982.5700241850,-0.0819396973,0.0048828125,9.7813415531,0.0010525174,0.0000434028,-0.1745768229
558982.5800241850,-0.0811767578,0.0071716309,9.7825622562,0.0019856771,-0.0000000000,-0.1746093750
558982.5900241850,-0.0814819336,0.0036621094,9.7816467288,0.0008897569,0.0000542535,-0.1745985243
558982.6000241850,-0.0836181641,0.0096130371,9.7821044925,0.0019856771,0.0000325521,-0.1745334201
558982.6100241850,-0.0819396973,0.0006103516,9.7805786136,0.0010091146,0.0000108507,-0.1745008680
558982.6200241850,-0.0805664063,0.0086975098,9.7819519046,0.0017578125,0.0000325521,-0.1744683160
558982.6300241851,-0.0827026367,0.0018310547,9.7808837894,0.0013129340,0.0000434028,-0.1744357639
558982.6400241849,-0.0846862793,0.0093078613,9.7825622562,0.0013997396,0.0000217014,-0.1744900174
558982.6500241850,-0.0836181641,0.0030517578,9.7814941409,0.0017144097,-0.0000000000,-0.1745117187
558982.6600241850,-0.0811767578,0.0053405762,9.7811889652,0.0010416667,0.0000325521,-0.1745442708
558982.6700241850,-0.0807189941,0.0074768066,9.7817993167,0.0019748264,0.0000217014,-0.1745985243
558982.6800241850,-0.0833129883,0.0036621094,9.7814941409,0.0008572049,0.0000759549,-0.1745985243
558982.6900241850,-0.0833129883,0.0085449219,9.7816467288,0.0019748264,-0.0000000000,-0.1745551215
558982.7000241850,-0.0819396973,-0.0001525879,9.7816467288,0.0009982639,0.0000217014,-0.1745768229
558982.7100241850,-0.0802612305,0.0108337402,9.7817993167,0.0017903646,0.0000217014,-0.1745659722
558982.7200241850,-0.0827026367,0.0022888184,9.7811889652,0.0013020833,0.0000217014,-0.1746093750
558982.7300241850,-0.0836181641,0.0083923340,9.7814941409,0.0013780382,0.0000217014,-0.1745768229
558982.7400241850,-0.0828552246,0.0021362305,9.7816467288,0.0017252604,0.0000108507,-0.1745008680
558982.7500241851,-0.0807189941,0.0062561035,9.7819519046,0.0009548611,0.0000434028,-0.1744900174
558982.7600241849,-0.0814819336,0.0080871582,9.7817993167,0.0020182292,0.0000325521,-0.1745117187
558982.7700241850,-0.0837707520,0.0015258789,9.7816467288,0.0008355035,0.0000434028,-0.1745225694
558982.7800241850,-0.0820922852,0.0090026855,9.7824096683,0.0019748264,0.0000108507,-0.1745117187
558982.7900241850,-0.0802612305,0.0016784668,9.7804260257,0.0010959201,0.0000217014,-0.1745334201
558982.8000241850,-0.0828552246,0.0105285645,9.7821044925,0.0016493056,0.0000325521,-0.1745225694
558982.8100241850,-0.0833129883,0.0009155273,9.7816467288,0.0014105903,0.0000325521,-0.1745225694
558982.8200241850,-0.0828552246,0.0070190430,9.7817993167,0.0012803819,0.0000217014,-0.1745876736
558982.8300241850,-0.0804138184,0.0047302246,9.7811889652,0.0017795139,0.0000108507,-0.1745985243
558982.8400241850,-0.0823974609,0.0056457520,9.7816467288,0.0009982639,0.0000434028,-0.1745659722
558982.8500241850,-0.0843811035,0.0071716309,9.7817993167,0.0019965278,-0.0000000000,-0.1745659722
558982.8600241850,-0.0828552246,0.0021362305,9.7814941409,0.0008897569,0.0000217014,-0.1745985243
558982.8700241850,-0.0799560547,0.0102233887,9.7811889652,0.0019748264,0.0000217014,-0.1745442708
558982.8800241851,-0.0807189941,0.0019836426,9.7811889652,0.0010308160,0.0000542535,-0.1745225694
558982.8900241849,-0.0833129883,0.0090026855,9.7814941409,0.0016927083,0.0000108507,-0.1744683160
558982.9000241850,-0.0834655762,0.0015258789,9.7816467288,0.0013563368,0.0000217014,-0.1745225694
558982.9100241850,-0.0807189941,0.0093078613,9.7805786136,0.0013780382,0.0000434028,-0.1745225694
558982.9200241850,-0.0817871094,0.0022888184,9.7824096683,0.0016710069,0.0000217014,-0.1745334201
558982.9300241850,-0.0833129883,0.0050354004,9.7814941409,0.0011067708,0.0000434028,-0.1745008680
558982.9400241850,-0.0828552246,0.0083923340,9.7807312015,0.0019856771,0.0000217014,-0.1744466146
558982.9500241850,-0.0816345215,0.0041198730,9.7817993167,0.0008246528,0.0000217014,-0.1745008680
558982.9600241850,-0.0813293457,0.0090026855,9.7807312015,0.0019965278,0.0000108507,-0.1745442708
558982.9700241850,-0.0831604004,-0.0009155273,9.7807312015,0.0010416667,0.0000434028,-0.1745334201
558982.9800241850,-0.0828552246,0.0119018555,9.7825622562,0.0017035590,0.0000217014,-0.1745117187
558982.9900241860,-0.0828552246,0.0027465820,9.7813415531,0.0014539931,0.0000217014,-0.1745442708
558983.0000241860,-0.0820922852,0.0067138672,9.7817993167,0.0011827257,0.0000434028,-0.1745334201
558983.0100241860,-0.0827026367,0.0039672852,9.7814941409,0.0018988715,0.0000217014,-0.1748155382
558983.0200241860,-0.0831604004,0.0045776367,9.7814941409,0.0009223090,0.0000325521,-0.1745008680
558983.0300241860,-0.0823974609,0.0105285645,9.7817993167,0.0019531250,0.0000217014,-0.1744683160
558983.0400241860,-0.0813293457,0.0010681152,9.7814941409,0.0009331597,0.0000217014,-0.1744791667
558983.0500241860,-0.0807189941,0.0071716309,9.7816467288,0.0019205729,0.0000325521,-0.1744574653
558983.0600241860,-0.0823974609,0.0022888184,9.7813415531,0.0011718750,0.0000434028,-0.1745008680
558983.0700241860,-0.0842285156,0.0102233887,9.7814941409,0.0015733507,0.0000217014,-0.1745225694
558983.0800241861,-0.0819396973,0.0009155273,9.7814941409,0.0014539931,0.0000217014,-0.1746419271
558983.0900241859,-0.0807189941,0.0074768066,9.7813415531,0.0013129340,0.0000325521,-0.1746419271
558983.1000241860,-0.0822448730,0.0053405762,9.7816467288,0.0017252604,0.0000325521,-0.1746419271
558983.1100241860,-0.0840759277,0.0059509277,9.7811889652,0.0010633681,0.0000325521,-0.1746310764
558983.1200241860,-0.0822448730,0.0059509277,9.7813415531,0.0019205729,0.0000217014,-0.1746093750
558983.1300241860,-0.0813293457,0.0030517578,9.7819519046,0.0009331597,0.0000434028,-0.1745985243
558983.1400241860,-0.0811767578,0.0088500977,9.7817993167,0.0019748264,0.0000217014,-0.1745876736
558983.1500241860,-0.0834655762,0.0018310547,9.7811889652,0.0009440104,0.0000434028,-0.1745008680
558983.1600241860,-0.0830078125,0.0097656250,9.7819519046,0.0018446181,0.0000217014,-0.1744791667
558983.1700241860,-0.0822448730,0.0006103516,9.7816467288,0.0011827257,0.0000217014,-0.1744900174
558983.1800241860,-0.0813293457,0.0096130371,9.7816467288,0.0015190972,0.0000542535,-0.1744900174
558983.1900241860,-0.0823974609,0.0030517578,9.7817993167,0.0016384549,-0.0000000000,-0.1744791667
558983.2000241861,-0.0823974609,0.0054931641,9.7814941409,0.0010308160,0.0000434028,-0.1745008680
558983.2100241859,-0.0817871094,0.0068664551,9.7816467288,0.0020073785,0.0000325521,-0.1744900174
558983.2200241860,-0.0817871094,0.0027465820,9.7796630863,0.0008463542,0.0000542535,-0.1745659722
558983.2300241860,-0.0836181641,0.0094604492,9.7817993167,0.0019748264,0.0000108507,-0.1745876736
558983.2400241860,-0.0822448730,0.0019836426,9.7808837894,0.0010525174,0.0000434028,-0.1746093750
558983.2500241860,-0.0822448730,0.0096130371,9.7819519046,0.0016601562,0.0000108507,-0.1745985243
558983.2600241860,-0.0823974609,0.0010681152,9.7828674320,0.0014431424,0.0000325521,-0.1746093750
558983.2700241860,-0.0820922852,0.0099182129,9.7819519046,0.0012803819,0.0000542535,-0.1746093750
558983.2800241860,-0.0830078125,0.0044250488,9.7810363773,0.0017469618,0.0000217014,-0.1745876736
558983.2900241860,-0.0827026367,0.0033569336,9.7811889652,0.0010199653,0.0000325521,-0.1745442708
558983.3000241860,-0.0814819336,0.0068664551,9.7813415531,0.0019639757,0.0000217014,-0.1745551215
558983.3100241860,-0.0820922852,0.0039672852,9.7817993167,0.0008680556,0.0000217014,-0.1745008680
558983.3200241860,-0.0816345215,0.0100708008,9.7816467288,0.0019856771,0.0000325521,-0.1745442708
558983.3300241861,-0.0825500488,-0.0000000000,9.7807312015,0.0010199653,0.0000434028,-0.1745225694
558983.3400241859,-0.0822448730,0.0090026855,9.7819519046,0.0017361111,0.0000217014,-0.1745334201
558983.3500241860,-0.0823974609,0.0028991699,9.7813415531,0.0013997396,0.0000542535,-0.1745334201
558983.3600241860,-0.0822448730,0.0091552734,9.7813415531,0.0012912326,0.0000325521,-0.1745551215
558983.3700241860,-0.0823974609,0.0024414063,9.7813415531,0.0017144097,-0.0000000000,-0.1745442708
558983.3800241860,-0.0820922852,0.0050354004,9.7816467288,0.0010416667,0.0000542535,-0.1745225694
558983.3900241860,-0.0830078125,0.0079345703,9.7813415531,0.0020073785,0.0000217014,-0.1745334201
558983.4000241860,-0.0822448730,0.0028991699,9.7810363773,0.0008680556,0.0000325521,-0.1745985243
558983.4100241860,-0.0820922852,0.0094604492,9.7819519046,0.0019314236,0.0000217014,-0.1746310764
558983.4200241860,-0.0828552246,0.0006103516,9.7813415531,0.0010416667,0.0000217014,-0.1745876736
558983.4300241860,-0.0817871094,0.0108337402,9.7813415531,0.0017035590,0.0000325521,-0.1745876736
558983.4400241860,-0.0822448730,0.0021362305,9.7814941409,0.0014105903,0.0000434028,-0.1745442708
558983.4500241861,-0.0819396973,0.0088500977,9.7817993167,0.0012261285,0.0000434028,-0.1744900174
558983.4600241859,-0.0831604004,0.0039672852,9.7808837894,0.0018771701,0.0000108507,-0.1744357639
558983.4700241860,-0.0823974609,0.0039672852,9.7814941409,0.0009223090,0.0000542535,-0.1744032118
558983.4800241860,-0.0823974609,0.0085449219,9.7819519046,0.0020073785,0.0000217014,-0.1744357639
558983.4900241860,-0.0822448730,0.0025939941,9.7811889652,0.0008897569,0.0000434028,-0.1744791667
558983.5000241860,-0.0827026367,0.0097656250,9.7817993167,0.0018771701,0.0000108507,-0.1745442708
558983.5100241860,-0.0825500488,0.0010681152,9.7805786136,0.0011067708,0.0000542535,-0.1745876736
558983.5200241860,-0.0823974609,0.0100708008,9.7822570804,0.0016710069,0.0000217014,-0.1745876736
558983.5300241860,-0.0827026367,0.0024414063,9.7811889652,0.0014105903,0.0000217014,-0.1745985243
558983.5400241860,-0.0817871094,0.0088500977,9.7824096683,0.0013237847,0.0000434028,-0.1746093750
558983.5500241860,-0.0828552246,0.0039672852,9.7814941409,0.0016710069,-0.0000000000,-0.1745876736
558983.5600241860,-0.0820922852,0.0056457520,9.7816467288,0.0010525174,0.0000325521,-0.1745876736
558983.5700241860,-0.0825500488,0.0074768066,9.7817993167,0.0019748264,0.0000217014,-0.1745659722
558983.5800241861,-0.0839233398,0.0016784668,9.7810363773,0.0008355035,0.0000325521,-0.1745768229
558983.5900241859,-0.0811767578,0.0099182129,9.7821044925,0.0020182292,-0.0000000000,-0.1747070312
558983.6000241860,-0.0810241699,0.0013732910,9.7811889652,0.0010199653,0.0000759549,-0.1746636285
558983.6100241860,-0.0825500488,0.0112915039,9.7816467288,0.0016601562,0.0000325521,-0.1745442708
558983.6200241860,-0.0831604004,0.0006103516,9.7814941409,0.0013997396,0.0000108507,-0.1744574653
558983.6300241860,-0.0827026367,0.0073242188,9.7817993167,0.0012044271,0.0000434028,-0.1744032118
558983.6400241860,-0.0811767578,0.0053405762,9.7814941409,0.0019205729,0.0000108507,-0.1744574653
558983.6500241860,-0.0823974609,0.0054931641,9.7810363773,0.0008572049,0.0000434028,-0.1745225694
558983.6600241860,-0.0839233398,0.0091552734,9.7817993167,0.0020616319,0.0000217014,-0.1745225694
558983.6700241860,-0.0831604004,0.0001525879,9.7807312015,0.0009223090,0.0000217014,-0.1745768229
558983.6800241860,-0.0810241699,0.0112915039,9.7825622562,0.0018446181,-0.0000000000,-0.1745876736
558983.6900241860,-0.0811767578,0.0022888184,9.7819519046,0.0012586806,0.0000542535,-0.1745985243
558983.7000241861,-0.0834655762,0.0083923340,9.7816467288,0.0013671875,0.0000325521,-0.1746310764
558983.7100241859,-0.0842285156,0.0033569336,9.7811889652,0.0017578125,0.0000108507,-0.1745442708
558983.7200241860,-0.0814819336,0.0051879883,9.7819519046,0.0009548611,0.0000325521,-0.1745334201
558983.7300241860,-0.0808715820,0.0090026855,9.7819519046,0.0020399306,0.0000217014,-0.1744791667
558983.7400241860,-0.0834655762,0.0022888184,9.7810363773,0.0008355035,0.0000434028,-0.1744357639
558983.7500241860,-0.0846862793,0.0093078613,9.7817993167,0.0019314236,0.0000325521,-0.1744466146
558983.7600241860,-0.0813293457,0.0012207031,9.7810363773,0.0010959201,0.0000434028,-0.1745008680
558983.7700241860,-0.0808715820,0.0109863281,9.7821044925,0.0015625000,0.0000217014,-0.1744900174
558983.7800241860,-0.0825500488,0.0025939941,9.7813415531,0.0015516493,0.0000434028,-0.1745117187
558983.7900241860,-0.0836181641,0.0061035156,9.7814941409,0.0011067708,0.0000434028,-0.1745008680
558983.8000241860,-0.0827026367,0.0062561035,9.7814941409,0.0019531250,0.0000108507,-0.1745442708
558983.8100241860,-0.0807189941,0.0048828125,9.7808837894,0.0008680556,0.0000542535,-0.1745768229
558983.8200241860,-0.0830078125,0.0100708008,9.7816467288,0.0019856771,0.0000217014,-0.1745876736
558983.8300241861,-0.0837707520,0.0001525879,9.7811889652,0.0009548611,0.0000325521,-0.1746527778
558983.8400241859,-0.0834655762,0.0099182129,9.7822570804,0.0017795139,0.0000217014,-0.1746202257
558983.8500241860,-0.0819396973,0.0021362305,9.7811889652,0.0013671875,0.0000434028,-0.1745876736
558983.8600241860,-0.0816345215,0.0097656250,9.7813415531,0.0012803819,0.0000217014,-0.1745334201
558983.8700241860,-0.0825500488,0.0044250488,9.7813415531,0.0017795139,0.0000325521,-0.1744574653
558983.8800241860,-0.0827026367,0.0048828125,9.7816467288,0.0009982639,0.0000542535,-0.1744900174
558983.8900241860,-0.0831604004,0.0068664551,9.7817993167,0.0019205729,0.0000108507,-0.1744683160
558983.9000241860,-0.0816345215,0.0039672852,9.7819519046,0.0008897569,0.0000759549,-0.1744791667
558983.9100241860,-0.0820922852,0.0099182129,9.7819519046,0.0019856771,0.0000217014,-0.1744900174
558983.9200241860,-0.0842285156,0.0012207031,9.7814941409,0.0009548611,0.0000434028,-0.1745225694
558983.9300241860,-0.0827026367,0.0097656250,9.7817993167,0.0018229167,-0.0000000000,-0.1745551215
558983.9400241860,-0.0823974609,0.0016784668,9.7813415531,0.0012586806,0.0000325521,-0.1745768229
558983.9500241861,-0.0825500488,0.0100708008,9.7819519046,0.0014322917,0.0000434028,-0.1745442708
558983.9600241859,-0.0836181641,0.0018310547,9.7808837894,0.0016276042,0.0000325521,-0.1745985243
558983.9700241860,-0.0820922852,0.0080871582,9.7819519046,0.0010850694,0.0000325521,-0.1746093750
558983.9800241860,-0.0825500488,0.0070190430,9.7816467288,0.0018988715,0.0000108507,-0.1746093750
558983.9900241860,-0.0822448730,0.0035095215,9.7807312015,0.0009114583,0.0000434028,-0.1745768229
558984.0000241860,-0.0828552246,0.0096130371,9.7819519046,0.0020073785,0.0000108507,-0.1745334201
558984.0100241860,-0.0820922852,0.0025939941,9.7808837894,0.0009223090,0.0000542535,-0.1747721354
558984.0200241860,-0.0819396973,0.0109863281,9.7821044925,0.0017903646,0.0000325521,-0.1745225694
558984.0300241860,-0.0827026367,0.0009155273,9.7805786136,0.0012044271,0.0000108507,-0.1745117187
558984.0400241860,-0.0820922852,0.0090026855,9.7814941409,0.0015190972,0.0000434028,-0.1744900174
558984.0500241860,-0.0820922852,0.0042724609,9.7811889652,0.0016167535,0.0000108507,-0.1744140625
558984.0600241870,-0.0819396973,0.0088500977,9.7814941409,0.0010416667,0.0000651042,-0.1744466146
558984.0700241870,-0.0825500488,0.0050354004,9.7817993167,0.0019097222,0.0000108507,-0.1744683160
558984.0800241870,-0.0833129883,0.0022888184,9.7816467288,0.0008897569,0.0000325521,-0.1745768229
558984.0900241870,-0.0819396973,0.0108337402,9.7817993167,0.0020073785,0.0000217014,-0.1745768229
558984.1000241870,-0.0825500488,0.0027465820,9.7808837894,0.0009440104,0.0000542535,-0.1746093750
558984.1100241870,-0.0827026367,0.0097656250,9.7816467288,0.0017903646,0.0000325521,-0.1745985243
558984.1200241870,-0.0823974609,0.0006103516,9.7811889652,0.0012586806,0.0000217014,-0.1746093750
558984.1300241870,-0.0828552246,0.0109863281,9.7819519046,0.0014865451,0.0000217014,-0.1745008680
558984.1400241870,-0.0820922852,0.0045776367,9.7810363773,0.0015625000,0.0000217014,-0.1745117187
558984.1500241871,-0.0827026367,0.0068664551,9.7814941409,0.0010416667,0.0000434028,-0.1745334201
558984.1600241869,-0.0830078125,0.0050354004,9.7816467288,0.0019314236,0.0000434028,-0.1745551215
558984.1700241870,-0.0825500488,0.0035095215,9.7808837894,0.0008789062,0.0000434028,-0.1745008680
558984.1800241870,-0.0820922852,0.0112915039,9.7821044925,0.0019965278,0.0000217014,-0.1744466146
558984.1900241870,-0.0831604004,0.0024414063,9.7808837894,0.0009440104,0.0000434028,-0.1744791667
558984.2000241870,-0.0816345215,0.0085449219,9.7827148441,0.0018229167,0.0000542535,-0.1745117187
558984.2100241870,-0.0820922852,0.0024414063,9.7816467288,0.0012152778,0.0000217014,-0.1745225694
558984.2200241870,-0.0834655762,0.0111389160,9.7816467288,0.0014756944,0.0000325521,-0.1746093750
558984.2300241870,-0.0837707520,0.0019836426,9.7810363773,0.0015299479,0.0000217014,-0.1746093750
558984.2400241870,-0.0817871094,0.0067138672,9.7807312015,0.0011935764,0.0000434028,-0.1745876736
558984.2500241870,-0.0825500488,0.0064086914,9.7814941409,0.0018880208,0.0000108507,-0.1745659722
558984.2600241870,-0.0814819336,0.0062561035,9.7816467288,0.0008789062,0.0000759549,-0.1745876736
558984.2700241870,-0.0825500488,0.0090026855,9.7817993167,0.0020073785,-0.0000000000,-0.1745117187
558984.2800241871,-0.0839233398,-0.0007629395,9.7814941409,0.0008789062,0.0000434028,-0.1745442708
558984.2900241870,-0.0834655762,0.0111389160,9.7819519046,0.0018446181,0.0000108507,-0.1745117187
558984.3000241870,-0.0816345215,0.0041198730,9.7811889652,0.0012152778,0.0000217014,-0.1745334201
558984.3100241870,-0.0814819336,0.0088500977,9.7819519046,0.0013888889,0.0000325521,-0.1745117187
558984.3200241870,-0.0839233398,0.0013732910,9.7816467288,0.0016710069,0.0000434028,-0.1745008680
558984.3300241870,-0.0836181641,0.0065612793,9.7819519046,0.0010308160,0.0000217014,-0.1745334201
558984.3400241870,-0.0810241699,0.0093078613,9.7824096683,0.0020073785,0.0000217014,-0.1747070312
558984.3500241870,-0.0816345215,0.0027465820,9.7808837894,0.0007703993,0.0000434028,-0.1746636285
558984.3600241870,-0.0843811035,0.0085449219,9.7816467288,0.0019639757,0.0000325521,-0.1745551215
558984.3700241870,-0.0843811035,0.0016784668,9.7814941409,0.0010416667,0.0000434028,-0.1744900174
558984.3800241870,-0.0819396973,0.0115966797,9.7819519046,0.0017035590,0.0000217014,-0.1745117187
558984.3900241870,-0.0811767578,0.0016784668,9.7807312015,0.0013780382,0.0000434028,-0.1745768229
558984.4000241871,-0.0834655762,0.0083923340,9.7816467288,0.0013129340,0.0000325521,-0.1746202257
558984.4100241869,-0.0834655762,0.0056457520,9.7819519046,0.0017903646,0.0000108507,-0.1745985243
558984.4200241870,-0.0830078125,0.0067138672,9.7814941409,0.0009114583,0.0000434028,-0.1745876736
558984.4300241870,-0.0816345215,0.0082397461,9.7821044925,0.0019639757,0.0000217014,-0.1745659722
558984.4400241870,-0.0819396973,0.0010681152,9.7805786136,0.0009223090,0.0000542535,-0.1745442708
558984.4500241870,-0.0834655762,0.0109863281,9.7813415531,0.0019531250,0.0000217014,-0.1744466146
558984.4600241870,-0.0833129883,0.0027465820,9.7814941409,0.0010416667,0.0000217014,-0.1744791667
558984.4700241870,-0.0802612305,0.0096130371,9.7817993167,0.0016276042,0.0000325521,-0.1745008680
558984.4800241870,-0.0817871094,0.0018310547,9.7819519046,0.0014431424,0.0000434028,-0.1745117187
558984.4900241870,-0.0842285156,0.0091552734,9.7817993167,0.0012044271,0.0000434028,-0.1745117187
558984.5000241870,-0.0836181641,0.0065612793,9.7811889652,0.0018229167,-0.0000000000,-0.1744791667
558984.5100241870,-0.0805664063,0.0053405762,9.7811889652,0.0009223090,0.0000759549,-0.1744791667
558984.5200241870,-0.0820922852,0.0068664551,9.7814941409,0.0019639757,0.0000217014,-0.1744791667
558984.5300241871,-0.0833129883,0.0027465820,9.7817993167,0.0009440104,0.0000542535,-0.1745008680
558984.5400241870,-0.0837707520,0.0108337402,9.7811889652,0.0019097222,0.0000217014,-0.1745659722
558984.5500241870,-0.0822448730,0.0018310547,9.7807312015,0.0010308160,0.0000325521,-0.1745768229
558984.5600241870,-0.0817871094,0.0102233887,9.7825622562,0.0016710069,0.0000217014,-0.1745985243
558984.5700241870,-0.0823974609,0.0018310547,9.7810363773,0.0013671875,0.0000434028,-0.1745985243
558984.5800241870,-0.0825500488,0.0091552734,9.7817993167,0.0013129340,0.0000217014,-0.1745768229
558984.5900241870,-0.0828552246,0.0059509277,9.7810363773,0.0017578125,0.0000217014,-0.1745334201
558984.6000241870,-0.0823974609,0.0050354004,9.7814941409,0.0009548611,0.0000759549,-0.1745334201
558984.6100241870,-0.0816345215,0.0088500977,9.7821044925,0.0020073785,0.0000217014,-0.1744791667
558984.6200241870,-0.0833129883,0.0022888184,9.7817993167,0.0008463542,0.0000542535,-0.1745225694
558984.6300241870,-0.0842285156,0.0105285645,9.7816467288,0.0019205729,0.0000108507,-0.1745442708
558984.6400241870,-0.0820922852,0.0015258789,9.7810363773,0.0011067708,0.0000434028,-0.1745659722
558984.6500241871,-0.0808715820,0.0106811523,9.7811889652,0.0015733507,0.0000434028,-0.1746093750
558984.6600241869,-0.0834655762,0.0024414063,9.7810363773,0.0015733507,0.0000325521,-0.1746419271
558984.6700241870,-0.0836181641,0.0074768066,9.7817993167,0.0010525174,0.0000325521,-0.1746202257
558984.6800241870,-0.0828552246,0.0068664551,9.7817993167,0.0019531250,0.0000108507,-0.1745985243
558984.6900241870,-0.0813293457,0.0047302246,9.7817993167,0.0008246528,0.0000434028,-0.1745551215
558984.7000241870,-0.0830078125,0.0097656250,9.7822570804,0.0019965278,0.0000325521,-0.1745117187
558984.7100241870,-0.0837707520,0.0018310547,9.7810363773,0.0009657118,0.0000325521,-0.1745225694
558984.7200241870,-0.0830078125,0.0111389160,9.7816467288,0.0017578125,0.0000217014,-0.1745225694
558984.7300241870,-0.0820922852,0.0019836426,9.7813415531,0.0013454861,0.0000217014,-0.1744466146
558984.7400241870,-0.0820922852,0.0100708008,9.7814941409,0.0013454861,0.0000542535,-0.1744466146
558984.7500241870,-0.0836181641,0.0045776367,9.7814941409,0.0017144097,0.0000108507,-0.1745117187
558984.7600241870,-0.0830078125,0.0054931641,9.7811889652,0.0009440104,0.0000542535,-0.1745442708
558984.7700241870,-0.0823974609,0.0073242188,9.7817993167,0.0019965278,0.0000217014,-0.1745225694
558984.7800241871,-0.0820922852,0.0041198730,9.7816467288,0.0008572049,0.0000542535,-0.1745442708
558984.7900241870,-0.0833129883,0.0105285645,9.7816467288,0.0019205729,0.0000217014,-0.1745985243
558984.8000241870,-0.0834655762,0.0004577637,9.7814941409,0.0010416667,0.0000325521,-0.1745659722
558984.8100241870,-0.0825500488,0.0109863281,9.7817993167,0.0016927083,0.0000325521,-0.1745551215
558984.8200241870,-0.0822448730,0.0030517578,9.7811889652,0.0013563368,0.0000325521,-0.1745768229
558984.8300241870,-0.0836181641,0.0093078613,9.7819519046,0.0012803819,0.0000325521,-0.1745442708
558984.8400241870,-0.0839233398,0.0047302246,9.7813415531,0.0017795139,0.0000217014,-0.1745334201
558984.8500241870,-0.0817871094,0.0056457520,9.7816467288,0.0009657118,0.0000434028,-0.1745008680
558984.8600241870,-0.0814819336,0.0090026855,9.7813415531,0.0019965278,0.0000108507,-0.1745334201
558984.8700241870,-0.0822448730,0.0033569336,9.7817993167,0.0008463542,0.0000542535,-0.1745008680
558984.8800241870,-0.0849914551,0.0100708008,9.7824096683,0.0019531250,0.0000108507,-0.1745008680
558984.8900241870,-0.0822448730,0.0013732910,9.7808837894,0.0010199653,0.0000217014,-0.1745225694
558984.9000241871,-0.0817871094,0.0122070313,9.7821044925,0.0016167535,0.0000434028,-0.1745334201
558984.9100241869,-0.0817871094,0.0022888184,9.7808837894,0.0014431424,0.0000217014,-0.1745551215
558984.9200241870,-0.0840759277,0.0073242188,9.7817993167,0.0012152778,0.0000325521,-0.1745876736
558984.9300241870,-0.0834655762,0.0057983398,9.7814941409,0.0018880208,0.0000217014,-0.1745876736
558984.9400241870,-0.0814819336,0.0064086914,9.7810363773,0.0008463542,0.0000542535,-0.1745985243
558984.9500241870,-0.0822448730,0.0093078613,9.7821044925,0.0019965278,0.0000217014,-0.1745985243
558984.9600241870,-0.0836181641,0.0003051758,9.7810363773,0.0008897569,0.0000542535,-0.1745768229
558984.9700241870,-0.0837707520,0.0115966797,9.7821044925,0.0018446181,0.0000217014,-0.1745008680
558984.9800241870,-0.0831604004,0.0039672852,9.7813415531,0.0011827257,0.0000434028,-0.1745225694
558984.9900241870,-0.0816345215,0.0099182129,9.7816467288,0.0014322917,0.0000434028,-0.1745008680
558985.0000241870,-0.0834655762,0.0021362305,9.7802734378,0.0016710069,0.0000217014,-0.1745225694
558985.0100241870,-0.0842285156,0.0076293945,9.7813415531,0.0010199653,0.0000759549,-0.1750000000
558985.0200241870,-0.0833129883,0.0090026855,9.7817993167,0.0019639757,0.0000108507,-0.1746527778
558985.0300241871,-0.0813293457,0.0028991699,9.7814941409,0.0008029514,0.0000434028,-0.1745225694
558985.0400241870,-0.0828552246,0.0088500977,9.7817993167,0.0019639757,0.0000325521,-0.1744900174
558985.0500241870,-0.0840759277,0.0022888184,9.7811889652,0.0010416667,0.0000434028,-0.1744791667
558985.0600241870,-0.0834655762,0.0128173828,9.7822570804,0.0016710069,0.0000217014,-0.1744574653
558985.0700241870,-0.0814819336,0.0027465820,9.7814941409,0.0013454861,0.0000217014,-0.1745334201
558985.0800241870,-0.0816345215,0.0074768066,9.7810363773,0.0012803819,0.0000542535,-0.1745876736
558985.0900241870,-0.0840759277,0.0051879883,9.7813415531,0.0017795139,0.0000217014,-0.1746202257
558985.1000241870,-0.0837707520,0.0085449219,9.7811889652,0.0009765625,0.0000759549,-0.1746636285
558985.1100241870,-0.0825500488,0.0059509277,9.7810363773,0.0019097222,-0.0000000000,-0.1745659722
558985.1200241870,-0.0808715820,0.0044250488,9.7810363773,0.0009223090,0.0000542535,-0.1745985243
558985.1300241870,-0.0814819336,0.0091552734,9.7814941409,0.0019531250,0.0000542535,-0.1745551215
558985.1400241880,-0.0845336914,0.0022888184,9.7811889652,0.0009548611,0.0000434028,-0.1745225694
558985.1500241880,-0.0836181641,0.0102233887,9.7827148441,0.0017252604,0.0000217014,-0.1745117187
558985.1600241880,-0.0817871094,0.0016784668,9.7817993167,0.0012586806,0.0000434028,-0.1745117187
558985.1700241880,-0.0822448730,0.0093078613,9.7819519046,0.0014648437,0.0000434028,-0.1744900174
558985.1800241880,-0.0840759277,0.0042724609,9.7813415531,0.0015516493,0.0000217014,-0.1745117187
558985.1900241880,-0.0839233398,0.0073242188,9.7814941409,0.0011827257,0.0000542535,-0.1745117187
558985.2000241880,-0.0825500488,0.0053405762,9.7821044925,0.0017795139,0.0000217014,-0.1745985243
558985.2100241880,-0.0813293457,0.0065612793,9.7814941409,0.0010199653,0.0000325521,-0.1746093750
558985.2200241880,-0.0834655762,0.0080871582,9.7810363773,0.0018880208,0.0000542535,-0.1746202257
558985.2300241879,-0.0839233398,0.0032043457,9.7817993167,0.0008789062,0.0000542535,-0.1746093750
558985.2400241880,-0.0822448730,0.0100708008,9.7825622562,0.0019639757,0.0000108507,-0.1745985243
558985.2500241880,-0.0813293457,0.0028991699,9.7813415531,0.0009765625,0.0000542535,-0.1745768229
558985.2600241880,-0.0831604004,0.0100708008,9.7816467288,0.0017361111,0.0000434028,-0.1745225694
558985.2700241880,-0.0848388672,0.0015258789,9.7811889652,0.0013020833,0.0000217014,-0.1744683160
558985.2800241880,-0.0831604004,0.0115966797,9.7819519046,0.0014105903,0.0000434028,-0.1745008680
558985.2900241880,-0.0816345215,0.0048828125,9.7811889652,0.0015407986,0.0000325521,-0.1745117187
558985.3000241880,-0.0828552246,0.0074768066,9.7816467288,0.0011176215,0.0000434028,-0.1744791667
558985.3100241880,-0.0836181641,0.0042724609,9.7819519046,0.0018446181,0.0000217014,-0.1744574653
558985.3200241880,-0.0833129883,0.0065612793,9.7817993167,0.0009548611,0.0000434028,-0.1745117187
558985.3300241880,-0.0816345215,0.0109863281,9.7819519046,0.0019748264,-0.0000000000,-0.1745659722
558985.3400241880,-0.0825500488,0.0021362305,9.7814941409,0.0008572049,0.0000868056,-0.1745985243
558985.3500241881,-0.0833129883,0.0083923340,9.7816467288,0.0018880208,0.0000108507,-0.1745442708
558985.3600241879,-0.0842285156,0.0028991699,9.7814941409,0.0010633681,0.0000325521,-0.1745334201
558985.3700241880,-0.0820922852,0.0123596191,9.7816467288,0.0015842014,0.0000217014,-0.1745442708
558985.3800241880,-0.0823974609,0.0027465820,9.7814941409,0.0014539931,0.0000217014,-0.1745876736
558985.3900241880,-0.0827026367,0.0077819824,9.7814941409,0.0012044271,0.0000325521,-0.1745876736
558985.4000241880,-0.0839233398,0.0056457520,9.7816467288,0.0018120660,0.0000325521,-0.1745225694
558985.4100241880,-0.0822448730,0.0065612793,9.7814941409,0.0009657118,0.0000542535,-0.1745008680
558985.4200241880,-0.0825500488,0.0088500977,9.7817993167,0.0019314236,0.0000217014,-0.1744683160
558985.4300241880,-0.0828552246,0.0024414063,9.7810363773,0.0008572049,0.0000542535,-0.1744791667
558985.4400241880,-0.0848388672,0.0105285645,9.7811889652,0.0019314236,0.0000108507,-0.1744574653
558985.4500241880,-0.0828552246,0.0025939941,9.7807312015,0.0010525174,0.0000434028,-0.1745334201
558985.4600241880,-0.0810241699,0.0117492676,9.7819519046,0.0016384549,0.0000434028,-0.1745117187
558985.4700241880,-0.0819396973,0.0018310547,9.7816467288,0.0014431424,0.0000434028,-0.1745225694
558985.4800241879,-0.0840759277,0.0090026855,9.7819519046,0.0011393229,0.0000542535,-0.1745117187
558985.4900241880,-0.0846862793,0.0061035156,9.7813415531,0.0018771701,0.0000108507,-0.1745225694
558985.5000241880,-0.0804138184,0.0057983398,9.7813415531,0.0008355035,0.0000759549,-0.1745876736
558985.5100241880,-0.0828552246,0.0096130371,9.7821044925,0.0020507812,0.0000217014,-0.1745985243
558985.5200241880,-0.0836181641,0.0018310547,9.7813415531,0.0009114583,0.0000434028,-0.1745985243
558985.5300241880,-0.0839233398,0.0119018555,9.7814941409,0.0018120660,-0.0000000000,-0.1745985243
558985.5400241880,-0.0820922852,0.0022888184,9.7805786136,0.0012695312,0.0000542535,-0.1745768229
558985.5500241880,-0.0822448730,0.0096130371,9.7816467288,0.0013563368,0.0000542535,-0.1745551215
558985.5600241880,-0.0828552246,0.0050354004,9.7807312015,0.0017035590,0.0000217014,-0.1745659722
558985.5700241880,-0.0849914551,0.0071716309,9.7813415531,0.0009440104,0.0000325521,-0.1745117187
558985.5800241880,-0.0830078125,0.0076293945,9.7813415531,0.0019856771,0.0000108507,-0.1744249132
558985.5900241880,-0.0805664063,0.0033569336,9.7813415531,0.0008897569,0.0000759549,-0.1744357639
558985.6000241881,-0.0823974609,0.0109863281,9.7825622562,0.0019531250,0.0000325521,-0.1744466146
558985.6100241879,-0.0846862793,0.0015258789,9.7813415531,0.0009548611,0.0000542535,-0.1745768229
558985.6200241880,-0.0833129883,0.0108337402,9.7813415531,0.0017252604,0.0000217014,-0.1746310764
558985.6300241880,-0.0819396973,0.0028991699,9.7807312015,0.0012912326,0.0000434028,-0.1746202257
558985.6400241880,-0.0819396973,0.0091552734,9.7817993167,0.0013671875,0.0000542535,-0.1746419271
558985.6500241880,-0.0845336914,0.0050354004,9.7817993167,0.0017035590,0.0000217014,-0.1746310764
558985.6600241880,-0.0842285156,0.0077819824,9.7813415531,0.0010091146,0.0000434028,-0.1746310764
558985.6700241880,-0.0830078125,0.0070190430,9.7821044925,0.0019205729,-0.0000000000,-0.1746093750
558985.6800241880,-0.0810241699,0.0036621094,9.7814941409,0.0008463542,0.0000868056,-0.1745117187
558985.6900241880,-0.0828552246,0.0103759766,9.7817993167,0.0019748264,0.0000108507,-0.1745225694
558985.7000241880,-0.0830078125,0.0021362305,9.7810363773,0.0009657118,0.0000434028,-0.1744900174
558985.7100241880,-0.0828552246,0.0115966797,9.7821044925,0.0016601562,0.0000325521,-0.1744249132
558985.7200241880,-0.0827026367,0.0030517578,9.7821044925,0.0014431424,0.0000108507,-0.1744249132
558985.7300241879,-0.0827026367,0.0086975098,9.7827148441,0.0012261285,0.0000542535,-0.1744357639
558985.7400241880,-0.0830078125,0.0061035156,9.7807312015,0.0018120660,0.0000217014,-0.1745551215
558985.7500241880,-0.0839233398,0.0067138672,9.7814941409,0.0008897569,0.0000325521,-0.1746419271
558985.7600241880,-0.0831604004,0.0096130371,9.7817993167,0.0019748264,0.0000325521,-0.1746093750
558985.7700241880,-0.0830078125,0.0028991699,9.7810363773,0.0008680556,0.0000217014,-0.1746527778
558985.7800241880,-0.0823974609,0.0108337402,9.7816467288,0.0019205729,0.0000434028,-0.1746527778
558985.7900241880,-0.0825500488,0.0021362305,9.7808837894,0.0010633681,0.0000325521,-0.1745985243
558985.8000241880,-0.0845336914,0.0115966797,9.7813415531,0.0015733507,0.0000434028,-0.1745768229
558985.8100241880,-0.0831604004,0.0019836426,9.7814941409,0.0014431424,0.0000325521,-0.1745225694
558985.8200241880,-0.0810241699,0.0085449219,9.7825622562,0.0011935764,0.0000542535,-0.1745008680
558985.8300241880,-0.0827026367,0.0061035156,9.7813415531,0.0018120660,0.0000217014,-0.1745008680
558985.8400241880,-0.0846862793,0.0059509277,9.7816467288,0.0009223090,0.0000542535,-0.1744466146
558985.8500241881,-0.0839233398,0.0090026855,9.7819519046,0.0019856771,0.0000325521,-0.1744791667
558985.8600241879,-0.0828552246,0.0024414063,9.7808837894,0.0008789062,0.0000325521,-0.1745225694
558985.8700241880,-0.0825500488,0.0109863281,9.7830200199,0.0018446181,0.0000325521,-0.1745442708
558985.8800241880,-0.0833129883,0.0025939941,9.7814941409,0.0011176215,0.0000542535,-0.1745876736
558985.8900241880,-0.0842285156,0.0108337402,9.7814941409,0.0015190972,0.0000217014,-0.1745876736
558985.9000241880,-0.0830078125,0.0027465820,9.7807312015,0.0014865451,0.0000217014,-0.1746093750
558985.9100241880,-0.0820922852,0.0091552734,9.7810363773,0.0012369792,0.0000434028,-0.1745876736
558985.9200241880,-0.0833129883,0.0062561035,9.7817993167,0.0017252604,0.0000325521,-0.1745876736
558985.9300241880,-0.0837707520,0.0064086914,9.7811889652,0.0009982639,0.0000434028,-0.1746093750
558985.9400241880,-0.0842285156,0.0067138672,9.7814941409,0.0019531250,0.0000217014,-0.1746093750
558985.9500241880,-0.0820922852,0.0047302246,9.7819519046,0.0008680556,0.0000434028,-0.1745334201
558985.9600241880,-0.0827026367,0.0125122070,9.7824096683,0.0018771701,0.0000217014,-0.1745334201
558985.9700241880,-0.0822448730,0.0022888184,9.7811889652,0.0009657118,0.0000759549,-0.1745225694
558985.9800241879,-0.0843811035,0.0083923340,9.7819519046,0.0018012153,0.0000217014,-0.1746310764
558985.9900241880,-0.0836181641,0.0021362305,9.7805786136,0.0012695312,0.0000325521,-0.1746744792
558986.0000241880,-0.0823974609,0.0115966797,9.7822570804,0.0014322917,0.0000542535,-0.1745768229
558986.0100241880,-0.0820922852,0.0044250488,9.7810363773,0.0015733507,0.0000217014,-0.1748155382
558986.0200241880,-0.0837707520,0.0064086914,9.7817993167,0.0010091146,0.0000434028,-0.1744900174
558986.0300241880,-0.0840759277,0.0071716309,9.7814941409,0.0019748264,-0.0000000000,-0.1744900174
558986.0400241880,-0.0820922852,0.0065612793,9.7817993167,0.0008355035,0.0000542535,-0.1744791667
558986.0500241880,-0.0828552246,0.0108337402,9.7814941409,0.0019856771,0.0000217014,-0.1745117187
558986.0600241880,-0.0827026367,-0.0006103516,9.7813415531,0.0009765625,0.0000434028,-0.1745334201
558986.0700241880,-0.0834655762,0.0112915039,9.7817993167,0.0017252604,0.0000325521,-0.1745334201
558986.0800241880,-0.0839233398,0.0044250488,9.7814941409,0.0013237847,0.0000217014,-0.1745008680
558986.0900241880,-0.0822448730,0.0094604492,9.7821044925,0.0012369792,0.0000434028,-0.1745117187
558986.1000241881,-0.0828552246,0.0027465820,9.7813415531,0.0017035590,0.0000325521,-0.1744574653
558986.1100241879,-0.0827026367,0.0064086914,9.7808837894,0.0009982639,0.0000217014,-0.1745008680
558986.1200241880,-0.0834655762,0.0102233887,9.7813415531,0.0019856771,0.0000217014,-0.1744574653
558986.1300241880,-0.0840759277,0.0038146973,9.7814941409,0.0008572049,0.0000759549,-0.1744900174
558986.1400241880,-0.0828552246,0.0077819824,9.7814941409,0.0019314236,0.0000217014,-0.1745117187
558986.1500241880,-0.0836181641,0.0018310547,9.7811889652,0.0010199653,0.0000434028,-0.1745659722
558986.1600241880,-0.0845336914,0.0143432617,9.7821044925,0.0016710069,0.0000434028,-0.1745876736
558986.1700241880,-0.0827026367,0.0030517578,9.7810363773,0.0013454861,0.0000325521,-0.1746093750
558986.1800241880,-0.0827026367,0.0065612793,9.7819519046,0.0012586806,0.0000542535,-0.1745876736
558986.1900241880,-0.0831604004,0.0053405762,9.7811889652,0.0018663194,0.0000217014,-0.1746419271
558986.2000241880,-0.0833129883,0.0085449219,9.7814941409,0.0008789062,0.0000759549,-0.1746093750
558986.2100241890,-0.0837707520,0.0097656250,9.7819519046,0.0019748264,0.0000217014,-0.1745659722
558986.2200241890,-0.0836181641,0.0003051758,9.7813415531,0.0008355035,0.0000434028,-0.1745225694
558986.2300241890,-0.0828552246,0.0106811523,9.7819519046,0.0018988715,0.0000434028,-0.1744791667
558986.2400241890,-0.0836181641,0.0045776367,9.7808837894,0.0011284722,0.0000325521,-0.1744574653
558986.2500241890,-0.0833129883,0.0119018555,9.7819519046,0.0015299479,0.0000217014,-0.1744357639
558986.2600241890,-0.0837707520,0.0013732910,9.7814941409,0.0014865451,0.0000434028,-0.1743815104
558986.2700241890,-0.0836181641,0.0083923340,9.7816467288,0.0011718750,0.0000434028,-0.1744466146
558986.2800241890,-0.0833129883,0.0070190430,9.7814941409,0.0018229167,0.0000217014,-0.1745008680
558986.2900241890,-0.0828552246,0.0068664551,9.7808837894,0.0008246528,0.0000542535,-0.1745551215
558986.3000241891,-0.0834655762,0.0090026855,9.7819519046,0.0020182292,0.0000108507,-0.1745659722
558986.3100241889,-0.0828552246,0.0019836426,9.7813415531,0.0008897569,0.0000434028,-0.1745985243
558986.3200241890,-0.0839233398,0.0131225586,9.7817993167,0.0018446181,0.0000325521,-0.1745876736
558986.3300241890,-0.0827026367,0.0035095215,9.7808837894,0.0011718750,0.0000325521,-0.1746202257
558986.3400241890,-0.0831604004,0.0105285645,9.7817993167,0.0013997396,0.0000434028,-0.1745876736
558986.3500241890,-0.0842285156,0.0025939941,9.7813415531,0.0016384549,0.0000217014,-0.1745876736
558986.3600241890,-0.0842285156,0.0079345703,9.7821044925,0.0009765625,0.0000434028,-0.1746093750
558986.3700241890,-0.0831604004,0.0094604492,9.7816467288,0.0019856771,0.0000108507,-0.1745551215
558986.3800241890,-0.0823974609,0.0032043457,9.7808837894,0.0007812500,0.0000542535,-0.1745225694
558986.3900241890,-0.0825500488,0.0094604492,9.7822570804,0.0019639757,0.0000325521,-0.1744900174
558986.4000241890,-0.0849914551,0.0021362305,9.7813415531,0.0010199653,0.0000434028,-0.1745117187
558986.4100241890,-0.0840759277,0.0123596191,9.7814941409,0.0016384549,0.0000217014,-0.1745225694
558986.4200241891,-0.0827026367,0.0030517578,9.7807312015,0.0013454861,0.0000325521,-0.1744683160
558986.4300241889,-0.0823974609,0.0079345703,9.7821044925,0.0012586806,0.0000542535,-0.1745442708
558986.4400241890,-0.0845336914,0.0048828125,9.7810363773,0.0018012153,0.0000217014,-0.1745334201
558986.4500241890,-0.0845336914,0.0077819824,9.7819519046,0.0009548611,0.0000325521,-0.1745225694
558986.4600241890,-0.0823974609,0.0088500977,9.7814941409,0.0019748264,0.0000325521,-0.1745551215
558986.4700241890,-0.0819396973,0.0032043457,9.7816467288,0.0008463542,0.0000542535,-0.1745768229
558986.4800241890,-0.0839233398,0.0105285645,9.7816467288,0.0019314236,0.0000217014,-0.1745551215
558986.4900241890,-0.0843811035,0.0033569336,9.7817993167,0.0010308160,0.0000325521,-0.1745659722
558986.5000241890,-0.0836181641,0.0129699707,9.7821044925,0.0015733507,0.0000325521,-0.1745768229
558986.5100241890,-0.0814819336,0.0012207031,9.7811889652,0.0013997396,0.0000434028,-0.1745876736
558986.5200241890,-0.0840759277,0.0085449219,9.7811889652,0.0012586806,0.0000434028,-0.1745117187
558986.5300241890,-0.0843811035,0.0071716309,9.7810363773,0.0017795139,0.0000217014,-0.1745334201
558986.5400241890,-0.0828552246,0.0065612793,9.7813415531,0.0009223090,0.0000542535,-0.1745659722
558986.5500241891,-0.0823974609,0.0065612793,9.7817993167,0.0019314236,0.0000217014,-0.1745225694
558986.5600241889,-0.0839233398,0.0038146973,9.7804260257,0.0008572049,0.0000542535,-0.1744900174
558986.5700241890,-0.0845336914,0.0123596191,9.7817993167,0.0019314236,0.0000217014,-0.1744357639
558986.5800241890,-0.0831604004,0.0027465820,9.7810363773,0.0009657118,0.0000325521,-0.1744466146
558986.5900241890,-0.0827026367,0.0091552734,9.7816467288,0.0016927083,0.0000434028,-0.1745334201
558986.6000241890,-0.0834655762,0.0024414063,9.7821044925,0.0013997396,0.0000434028,-0.1745334201
558986.6100241890,-0.0836181641,0.0126647949,9.7819519046,0.0012261285,0.0000434028,-0.1746202257
558986.6200241890,-0.0849914551,0.0051879883,9.7811889652,0.0017144097,0.0000108507,-0.1746093750
558986.6300241890,-0.0823974609,0.0054931641,9.7813415531,0.0009223090,0.0000325521,-0.1745985243
558986.6400241890,-0.0828552246,0.0096130371,9.7814941409,0.0019748264,0.0000325521,-0.1745659722
558986.6500241890,-0.0839233398,0.0061035156,9.7813415531,0.0008680556,0.0000434028,-0.1745768229
558986.6600241890,-0.0843811035,0.0096130371,9.7816467288,0.0018988715,0.0000217014,-0.1745117187
558986.6700241891,-0.0839233398,0.0012207031,9.7813415531,0.0010091146,0.0000434028,-0.1745008680
558986.6800241889,-0.0823974609,0.0112915039,9.7821044925,0.0017361111,0.0000217014,-0.1745225694
558986.6900241890,-0.0831604004,0.0045776367,9.7808837894,0.0011827257,0.0000325521,-0.1745117187
558986.7000241890,-0.0833129883,0.0102233887,9.7817993167,0.0014431424,0.0000434028,-0.1745117187
558986.7100241890,-0.0836181641,0.0030517578,9.7814941409,0.0015625000,0.0000108507,-0.1744574653
558986.7200241890,-0.0834655762,0.0086975098,9.7814941409,0.0011393229,0.0000542535,-0.1744791667
558986.7300241890,-0.0828552246,0.0080871582,9.7816467288,0.0018120660,0.0000217014,-0.1744791667
558986.7400241890,-0.0836181641,0.0068664551,9.7811889652,0.0009223090,0.0000325521,-0.1744900174
558986.7500241890,-0.0839233398,0.0085449219,9.7811889652,0.0019205729,0.0000108507,-0.1745442708
558986.7600241890,-0.0825500488,0.0024414063,9.7813415531,0.0008680556,0.0000434028,-0.1745985243
558986.7700241890,-0.0836181641,0.0119018555,9.7816467288,0.0018771701,0.0000108507,-0.1746202257
558986.7800241890,-0.0827026367,0.0036621094,9.7810363773,0.0010525174,0.0000542535,-0.1745876736
558986.7900241890,-0.0840759277,0.0097656250,9.7816467288,0.0016167535,0.0000325521,-0.1745442708
558986.8000241891,-0.0834655762,0.0012207031,9.7814941409,0.0013997396,0.0000325521,-0.1745225694
558986.8100241889,-0.0828552246,0.0117492676,9.7816467288,0.0012695312,0.0000542535,-0.1745225694
558986.8200241890,-0.0840759277,0.0056457520,9.7808837894,0.0016927083,0.0000325521,-0.1744791667
558986.8300241890,-0.0843811035,0.0064086914,9.7810363773,0.0009114583,0.0000217014,-0.1745225694
558986.8400241890,-0.0828552246,0.0074768066,9.7811889652,0.0020182292,0.0000217014,-0.1745117187
558986.8500241890,-0.0820922852,0.0039672852,9.7811889652,0.0008355035,0.0000542535,-0.1745334201
558986.8600241890,-0.0830078125,0.0123596191,9.7822570804,0.0018988715,0.0000217014,-0.1745117187
558986.8700241890,-0.0836181641,0.0032043457,9.7811889652,0.0010525174,0.0000542535,-0.1745442708
558986.8800241890,-0.0831604004,0.0100708008,9.7814941409,0.0015190972,0.0000325521,-0.1745876736
558986.8900241890,-0.0828552246,0.0032043457,9.7811889652,0.0015299479,0.0000325521,-0.1745442708
558986.9000241890,-0.0825500488,0.0091552734,9.7817993167,0.0010959201,0.0000542535,-0.1745117187
558986.9100241890,-0.0837707520,0.0071716309,9.7813415531,0.0018446181,-0.0000000000,-0.1745659722
558986.9200241891,-0.0839233398,0.0045776367,9.7814941409,0.0008572049,0.0000542535,-0.1745659722
558986.9300241889,-0.0834655762,0.0086975098,9.7813415531,0.0020073785,0.0000217014,-0.1745334201
558986.9400241890,-0.0837707520,0.0033569336,9.7813415531,0.0008897569,0.0000434028,-0.1745008680
558986.9500241890,-0.0822448730,0.0129699707,9.7822570804,0.0017795139,0.0000434028,-0.1744466146
558986.9600241890,-0.0840759277,0.0018310547,9.7814941409,0.0011827257,0.0000325521,-0.1744574653
558986.9700241890,-0.0839233398,0.0105285645,9.7816467288,0.0013888889,0.0000217014,-0.1744683160
558986.9800241890,-0.0831604004,0.0057983398,9.7813415531,0.0016927083,0.0000217014,-0.1744466146
558986.9900241890,-0.0825500488,0.0083923340,9.7816467288,0.0009548611,0.0000434028,-0.1745768229
558987.0000241890,-0.0830078125,0.0083923340,9.7816467288,0.0019639757,0.0000217014,-0.1746202257
558987.0100241890,-0.0852966309,0.0021362305,9.7813415531,0.0008138021,0.0000325521,-0.1748806424
558987.0200241890,-0.0830078125,0.0112915039,9.7814941409,0.0019205729,0.0000217014,-0.1746093750
558987.0300241890,-0.0827026367,0.0032043457,9.7807312015,0.0010199653,0.0000325521,-0.1746093750
558987.0400241890,-0.0831604004,0.0111389160,9.7816467288,0.0016276042,0.0000434028,-0.1745985243
558987.0500241891,-0.0842285156,0.0025939941,9.7811889652,0.0014322917,0.0000108507,-0.1745876736
558987.0600241889,-0.0849914551,0.0108337402,9.7819519046,0.0012261285,0.0000434028,-0.1745659722
558987.0700241890,-0.0834655762,0.0061035156,9.7810363773,0.0017469618,0.0000325521,-0.1745442708
558987.0800241890,-0.0831604004,0.0059509277,9.7821044925,0.0009114583,0.0000434028,-0.1744574653
558987.0900241890,-0.0839233398,0.0083923340,9.7817993167,0.0019639757,0.0000325521,-0.1744900174
558987.1000241890,-0.0842285156,0.0050354004,9.7810363773,0.0008680556,0.0000434028,-0.1745117187
558987.1100241890,-0.0834655762,0.0112915039,9.7814941409,0.0018880208,0.0000108507,-0.1744466146
558987.1200241890,-0.0833129883,0.0009155273,9.7802734378,0.0010091146,0.0000542535,-0.1744900174
558987.1300241890,-0.0831604004,0.0106811523,9.7817993167,0.0017035590,0.0000108507,-0.1745225694
558987.1400241890,-0.0842285156,0.0053405762,9.7816467288,0.0012912326,0.0000651042,-0.1745768229
558987.1500241890,-0.0840759277,0.0105285645,9.7813415531,0.0012695312,0.0000217014,-0.1745985243
558987.1600241890,-0.0840759277,0.0027465820,9.7822570804,0.0016276042,0.0000325521,-0.1745334201
558987.1700241891,-0.0820922852,0.0082397461,9.7814941409,0.0010959201,0.0000434028,-0.1746093750
558987.1800241889,-0.0839233398,0.0082397461,9.7816467288,0.0018012153,0.0000325521,-0.1746093750
558987.1900241890,-0.0828552246,0.0071716309,9.7816467288,0.0009440104,0.0000868056,-0.1745876736
558987.2000241890,-0.0845336914,0.0065612793,9.7814941409,0.0019097222,0.0000217014,-0.1745659722
558987.2100241890,-0.0830078125,0.0036621094,9.7813415531,0.0009114583,0.0000542535,-0.1745768229
558987.2200241890,-0.0825500488,0.0126647949,9.7824096683,0.0018880208,0.0000217014,-0.1745442708
558987.2300241890,-0.0831604004,0.0041198730,9.7811889652,0.0009765625,0.0000759549,-0.1745225694
558987.2400241890,-0.0849914551,0.0099182129,9.7819519046,0.0016493056,0.0000325521,-0.1744683160
558987.2500241890,-0.0843811035,0.0015258789,9.7810363773,0.0013563368,0.0000217014,-0.1744574653
558987.2600241890,-0.0820922852,0.0128173828,9.7814941409,0.0013671875,0.0000434028,-0.1745008680
558987.2700241890,-0.0833129883,0.0061035156,9.7808837894,0.0016276042,0.0000217014,-0.1745225694
558987.2800241900,-0.0846862793,0.0057983398,9.7814941409,0.0009331597,0.0000325521,-0.1745659722
558987.2900241900,-0.0846862793,0.0073242188,9.7816467288,0.0019856771,0.0000108507,-0.1745442708
558987.3000241900,-0.0831604004,0.0054931641,9.7811889652,0.0008029514,0.0000434028,-0.1745876736
558987.3100241900,-0.0822448730,0.0112915039,9.7827148441,0.0019205729,0.0000325521,-0.1745876736
558987.3200241900,-0.0833129883,0.0013732910,9.7811889652,0.0009982639,0.0000542535,-0.1745659722
558987.3300241900,-0.0854492188,0.0103759766,9.7814941409,0.0017144097,0.0000108507,-0.1746093750
558987.3400241900,-0.0834655762,0.0041198730,9.7810363773,0.0013020833,0.0000325521,-0.1745985243
558987.3500241900,-0.0830078125,0.0100708008,9.7817993167,0.0012803819,0.0000434028,-0.1745551215
558987.3600241900,-0.0830078125,0.0047302246,9.7816467288,0.0016384549,0.0000325521,-0.1745659722
558987.3700241901,-0.0845336914,0.0061035156,9.7814941409,0.0010308160,0.0000434028,-0.1745334201
558987.3800241899,-0.0840759277,0.0083923340,9.7814941409,0.0019531250,-0.0000000000,-0.1745334201
558987.3900241900,-0.0825500488,0.0061035156,9.7810363773,0.0008246528,0.0000542535,-0.1745117187
558987.4000241900,-0.0833129883,0.0108337402,9.7817993167,0.0019639757,0.0000325521,-0.1744791667
558987.4100241900,-0.0842285156,0.0007629395,9.7808837894,0.0009548611,0.0000542535,-0.1745442708
558987.4200241900,-0.0839233398,0.0111389160,9.7819519046,0.0017252604,0.0000434028,-0.1745442708
558987.4300241900,-0.0831604004,0.0053405762,9.7810363773,0.0012695312,0.0000325521,-0.1745334201
558987.4400241900,-0.0825500488,0.0096130371,9.7816467288,0.0013129340,0.0000434028,-0.1745442708
558987.4500241900,-0.0845336914,0.0033569336,9.7817993167,0.0017035590,0.0000217014,-0.1745985243
558987.4600241900,-0.0839233398,0.0086975098,9.7817993167,0.0009982639,0.0000325521,-0.1746093750
558987.4700241900,-0.0846862793,0.0097656250,9.7811889652,0.0019314236,0.0000108507,-0.1746093750
558987.4800241900,-0.0827026367,0.0028991699,9.7810363773,0.0007812500,0.0000434028,-0.1745334201
558987.4900241900,-0.0834655762,0.0097656250,9.7819519046,0.0019856771,0.0000325521,-0.1745551215
558987.5000241901,-0.0843811035,0.0033569336,9.7808837894,0.0009982639,0.0000434028,-0.1745768229
558987.5100241899,-0.0840759277,0.0134277344,9.7819519046,0.0016493056,0.0000434028,-0.1745334201
558987.5200241900,-0.0831604004,0.0030517578,9.7810363773,0.0013563368,0.0000217014,-0.1745117187
558987.5300241900,-0.0842285156,0.0086975098,9.7822570804,0.0012586806,0.0000434028,-0.1744900174
558987.5400241900,-0.0842285156,0.0070190430,9.7819519046,0.0017578125,0.0000325521,-0.1744791667
558987.5500241900,-0.0837707520,0.0086975098,9.7811889652,0.0008680556,0.0000434028,-0.1745117187
558987.5600241900,-0.0848388672,0.0077819824,9.7819519046,0.0019314236,0.0000325521,-0.1744466146
558987.5700241900,-0.0840759277,0.0028991699,9.7813415531,0.0008680556,0.0000325521,-0.1745117187
558987.5800241900,-0.0837707520,0.0129699707,9.7822570804,0.0019205729,-0.0000000000,-0.1745442708
558987.5900241900,-0.0839233398,0.0035095215,9.7814941409,0.0010308160,0.0000759549,-0.1745876736
558987.6000241900,-0.0837707520,0.0096130371,9.7816467288,0.0015299479,0.0000325521,-0.1745985243
558987.6100241900,-0.0839233398,0.0036621094,9.7810363773,0.0015190972,0.0000217014,-0.1746093750
558987.6200241901,-0.0825500488,0.0111389160,9.7816467288,0.0011176215,0.0000868056,-0.1745985243
558987.6300241899,-0.0842285156,0.0056457520,9.7819519046,0.0017469618,0.0000325521,-0.1745551215
558987.6400241900,-0.0848388672,0.0047302246,9.7816467288,0.0009440104,0.0000325521,-0.1745225694
558987.6500241900,-0.0836181641,0.0086975098,9.7814941409,0.0019856771,0.0000217014,-0.1745442708
558987.6600241900,-0.0833129883,0.0059509277,9.7808837894,0.0008355035,0.0000434028,-0.1745551215
558987.6700241900,-0.0843811035,0.0122070313,9.7816467288,0.0018663194,0.0000217014,-0.1745225694
558987.6800241900,-0.0842285156,0.0009155273,9.7805786136,0.0009982639,0.0000759549,-0.1745442708
558987.6900241900,-0.0834655762,0.0123596191,9.7817993167,0.0016601562,0.0000325521,-0.1745442708
558987.7000241900,-0.0827026367,0.0044250488,9.7813415531,0.0013129340,0.0000325521,-0.1745985243
558987.7100241900,-0.0843811035,0.0102233887,9.7821044925,0.0012912326,0.0000651042,-0.1745985243
558987.7200241900,-0.0840759277,0.0042724609,9.7817993167,0.0017035590,0.0000217014,-0.1745876736
558987.7300241900,-0.0843811035,0.0070190430,9.7814941409,0.0009982639,0.0000325521,-0.1745768229
558987.7400241900,-0.0833129883,0.0094604492,9.7810363773,0.0018880208,0.0000217014,-0.1746419271
558987.7500241901,-0.0831604004,0.0045776367,9.7814941409,0.0008246528,0.0000434028,-0.1745985243
558987.7600241899,-0.0848388672,0.0103759766,9.7813415531,0.0019205729,0.0000217014,-0.1745442708
558987.7700241900,-0.0843811035,0.0025939941,9.7813415531,0.0009657118,0.0000217014,-0.1745334201
558987.7800241900,-0.0830078125,0.0125122070,9.7814941409,0.0017144097,0.0000325521,-0.1745225694
558987.7900241900,-0.0831604004,0.0039672852,9.7817993167,0.0013129340,0.0000325521,-0.1745117187
558987.8000241900,-0.0839233398,0.0100708008,9.7822570804,0.0012695312,0.0000325521,-0.1745008680
558987.8100241900,-0.0856018066,0.0045776367,9.7819519046,0.0017144097,0.0000108507,-0.1744574653
558987.8200241900,-0.0834655762,0.0071716309,9.7811889652,0.0009223090,0.0000434028,-0.1744791667
558987.8300241900,-0.0828552246,0.0102233887,9.7816467288,0.0018988715,0.0000108507,-0.1744574653
558987.8400241900,-0.0825500488,0.0039672852,9.7811889652,0.0008463542,0.0000759549,-0.1745117187
558987.8500241900,-0.0859069824,0.0097656250,9.7814941409,0.0019314236,0.0000217014,-0.1745008680
558987.8600241900,-0.0852966309,0.0030517578,9.7813415531,0.0009765625,0.0000217014,-0.1745876736
558987.8700241901,-0.0817871094,0.0131225586,9.7819519046,0.0016601562,0.0000217014,-0.1745876736
558987.8800241899,-0.0831604004,0.0032043457,9.7807312015,0.0013020833,0.0000325521,-0.1745768229
558987.8900241900,-0.0857543945,0.0094604492,9.7819519046,0.0012369792,0.0000434028,-0.1745225694
558987.9000241900,-0.0859069824,0.0053405762,9.7819519046,0.0017578125,0.0000217014,-0.1745117187
558987.9100241900,-0.0833129883,0.0073242188,9.7816467288,0.0008789062,0.0000217014,-0.1744900174
558987.9200241900,-0.0822448730,0.0099182129,9.7811889652,0.0019856771,0.0000325521,-0.1745225694
558987.9300241900,-0.0840759277,0.0032043457,9.7813415531,0.0008355035,0.0000434028,-0.1745225694
558987.9400241900,-0.0852966309,0.0115966797,9.7816467288,0.0018446181,0.0000217014,-0.1744249132
558987.9500241900,-0.0852966309,0.0025939941,9.7811889652,0.0010199653,0.0000325521,-0.1743923611
558987.9600241900,-0.0830078125,0.0112915039,9.7817993167,0.0015625000,0.0000325521,-0.1744466146
558987.9700241900,-0.0831604004,0.0036621094,9.7807312015,0.0014648437,0.0000108507,-0.1744683160
558987.9800241900,-0.0852966309,0.0094604492,9.7816467288,0.0011501736,0.0000542535,-0.1745334201
558987.9900241900,-0.0846862793,0.0062561035,9.7819519046,0.0018012153,0.0000108507,-0.1746202257
558988.0000241901,-0.0825500488,0.0065612793,9.7813415531,0.0008897569,0.0000325521,-0.1745985243
558988.0100241899,-0.0833129883,0.0096130371,9.7813415531,0.0018988715,0.0000108507,-0.1749023437
558988.0200241900,-0.0845336914,0.0033569336,9.7811889652,0.0008680556,0.0000759549,-0.1746527778
558988.0300241900,-0.0846862793,0.0112915039,9.7819519046,0.0018663194,-0.0000108507,-0.1746853299
558988.0400241900,-0.0840759277,0.0018310547,9.7810363773,0.0010633681,0.0000434028,-0.1746636285
558988.0500241900,-0.0834655762,0.0111389160,9.7813415531,0.0015842014,-0.0000000000,-0.1745334201
558988.0600241900,-0.0830078125,0.0047302246,9.7810363773,0.0014431424,0.0000434028,-0.1744032118
558988.0700241900,-0.0851440430,0.0099182129,9.7819519046,0.0011718750,0.0000434028,-0.1743706597
558988.0800241900,-0.0845336914,0.0053405762,9.7814941409,0.0017361111,0.0000325521,-0.1744140625
558988.0900241900,-0.0848388672,0.0064086914,9.7825622562,0.0009331597,0.0000325521,-0.1744791667
558988.1000241900,-0.0833129883,0.0091552734,9.7816467288,0.0019205729,0.0000217014,-0.1744791667
558988.1100241900,-0.0836181641,0.0050354004,9.7810363773,0.0008463542,0.0000325521,-0.1745659722
558988.1200241901,-0.0843811035,0.0102233887,9.7822570804,0.0019205729,0.0000217014,-0.1745334201
558988.1300241899,-0.0842285156,0.0019836426,9.7810363773,0.0010091146,0.0000325521,-0.1745985243
558988.1400241900,-0.0839233398,0.0119018555,9.7819519046,0.0016167535,0.0000217014,-0.1745768229
558988.1500241900,-0.0839233398,0.0039672852,9.7816467288,0.0013020833,0.0000434028,-0.1745985243
558988.1600241900,-0.0840759277,0.0094604492,9.7822570804,0.0012586806,0.0000325521,-0.1745876736
558988.1700241900,-0.0842285156,0.0044250488,9.7807312015,0.0017252604,0.0000217014,-0.1745985243
558988.1800241900,-0.0839233398,0.0082397461,9.7816467288,0.0009114583,0.0000542535,-0.1745768229
558988.1900241900,-0.0846862793,0.0102233887,9.7811889652,0.0020073785,-0.0000000000,-0.1744900174
558988.2000241900,-0.0839233398,0.0022888184,9.7821044925,0.0007812500,0.0000434028,-0.1745117187
558988.2100241900,-0.0830078125,0.0115966797,9.7817993167,0.0018771701,0.0000217014,-0.1745225694
558988.2200241900,-0.0846862793,0.0027465820,9.7813415531,0.0010633681,0.0000217014,-0.1744466146
558988.2300241900,-0.0842285156,0.0128173828,9.7819519046,0.0014756944,0.0000325521,-0.1744466146
558988.2400241900,-0.0837707520,0.0028991699,9.7805786136,0.0015407986,0.0000217014,-0.1744683160
558988.2500241901,-0.0828552246,0.0079345703,9.7821044925,0.0010416667,0.0000542535,-0.1745334201
558988.2600241899,-0.0840759277,0.0090026855,9.7821044925,0.0019639757,0.0000325521,-0.1745876736
558988.2700241900,-0.0851440430,0.0053405762,9.7813415531,0.0007595486,0.0000542535,-0.1746419271
558988.2800241900,-0.0848388672,0.0106811523,9.7819519046,0.0019314236,0.0000108507,-0.1745876736
558988.2900241900,-0.0831604004,0.0012207031,9.7811889652,0.0009657118,0.0000325521,-0.1746202257
558988.3000241900,-0.0828552246,0.0115966797,9.7816467288,0.0016384549,0.0000434028,-0.1746093750
558988.3100241900,-0.0846862793,0.0045776367,9.7813415531,0.0013563368,0.0000217014,-0.1746419271
558988.3200241900,-0.0845336914,0.0105285645,9.7817993167,0.0012152778,0.0000542535,-0.1746093750
558988.3300241900,-0.0851440430,0.0044250488,9.7811889652,0.0017578125,-0.0000000000,-0.1745442708
558988.3400241900,-0.0830078125,0.0071716309,9.7821044925,0.0009114583,0.0000542535,-0.1745768229
558988.3500241900,-0.0834655762,0.0105285645,9.7817993167,0.0019531250,0.0000108507,-0.1745334201
558988.3600241910,-0.0840759277,0.0038146973,9.7808837894,0.0007812500,0.0000434028,-0.1745334201
558988.3700241910,-0.0851440430,0.0103759766,9.7817993167,0.0019097222,0.0000217014,-0.1744791667
558988.3800241910,-0.0839233398,0.0016784668,9.7816467288,0.0011067708,0.0000217014,-0.1744900174
558988.3900241910,-0.0831604004,0.0129699707,9.7819519046,0.0014973958,0.0000217014,-0.1745117187
558988.4000241910,-0.0836181641,0.0035095215,9.7813415531,0.0014539931,0.0000434028,-0.1745551215
558988.4100241910,-0.0851440430,0.0085449219,9.7816467288,0.0011284722,0.0000325521,-0.1745768229
558988.4200241910,-0.0840759277,0.0064086914,9.7817993167,0.0017903646,0.0000325521,-0.1745334201
558988.4300241910,-0.0830078125,0.0077819824,9.7808837894,0.0008789062,0.0000325521,-0.1745659722
558988.4400241910,-0.0839233398,0.0086975098,9.7813415531,0.0019314236,0.0000108507,-0.1745551215
558988.4500241911,-0.0846862793,0.0028991699,9.7816467288,0.0008789062,0.0000542535,-0.1745442708
558988.4600241910,-0.0849914551,0.0120544434,9.7822570804,0.0018880208,0.0000108507,-0.1745659722
558988.4700241910,-0.0846862793,0.0044250488,9.7813415531,0.0010308160,0.0000217014,-0.1745225694
558988.4800241910,-0.0840759277,0.0108337402,9.7824096683,0.0015625000,0.0000325521,-0.1745442708
558988.4900241910,-0.0836181641,0.0027465820,9.7807312015,0.0013563368,0.0000325521,-0.1745551215
558988.5000241910,-0.0846862793,0.0105285645,9.7813415531,0.0012803819,0.0000217014,-0.1745442708
558988.5100241910,-0.0851440430,0.0068664551,9.7811889652,0.0016601562,0.0000325521,-0.1744791667
558988.5200241910,-0.0837707520,0.0074768066,9.7814941409,0.0009765625,0.0000542535,-0.1745225694
558988.5300241910,-0.0833129883,0.0071716309,9.7819519046,0.0019097222,-0.0000000000,-0.1745225694
558988.5400241910,-0.0842285156,0.0048828125,9.7814941409,0.0008355035,0.0000759549,-0.1745768229
558988.5500241910,-0.0859069824,0.0111389160,9.7816467288,0.0019097222,-0.0000000000,-0.1745334201
558988.5600241910,-0.0845336914,0.0035095215,9.7811889652,0.0009114583,0.0000325521,-0.1745768229
558988.5700241911,-0.0834655762,0.0109863281,9.7816467288,0.0017252604,0.0000325521,-0.1745876736
558988.5800241909,-0.0843811035,0.0032043457,9.7808837894,0.0012261285,0.0000434028,-0.1745876736
558988.5900241910,-0.0857543945,0.0115966797,9.7821044925,0.0013888889,0.0000217014,-0.1746093750
558988.6000241910,-0.0849914551,0.0050354004,9.7813415531,0.0016276042,0.0000108507,-0.1745985243
558988.6100241910,-0.0837707520,0.0071716309,9.7814941409,0.0009440104,0.0000325521,-0.1745334201
558988.6200241910,-0.0828552246,0.0080871582,9.7816467288,0.0019639757,0.0000217014,-0.1745442708
558988.6300241910,-0.0849914551,0.0051879883,9.7811889652,0.0007703993,0.0000542535,-0.1744900174
558988.6400241910,-0.0854492188,0.0117492676,9.7819519046,0.0019314236,0.0000217014,-0.1745117187
558988.6500241910,-0.0846862793,0.0018310547,9.7816467288,0.0010091146,0.0000217014,-0.1744466146
558988.6600241910,-0.0834655762,0.0112915039,9.7821044925,0.0016384549,0.0000434028,-0.1744791667
558988.6700241910,-0.0846862793,0.0045776367,9.7811889652,0.0013129340,0.0000542535,-0.1745008680
558988.6800241910,-0.0857543945,0.0109863281,9.7817993167,0.0012803819,0.0000217014,-0.1745225694
558988.6900241910,-0.0845336914,0.0041198730,9.7813415531,0.0016276042,0.0000108507,-0.1745551215
558988.7000241911,-0.0828552246,0.0077819824,9.7810363773,0.0010091146,0.0000325521,-0.1745768229
558988.7100241910,-0.0834655762,0.0086975098,9.7816467288,0.0018771701,0.0000217014,-0.1745334201
558988.7200241910,-0.0843811035,0.0050354004,9.7814941409,0.0008355035,0.0000542535,-0.1745768229
558988.7300241910,-0.0851440430,0.0091552734,9.7819519046,0.0019639757,-0.0000000000,-0.1745876736
558988.7400241910,-0.0840759277,0.0038146973,9.7817993167,0.0009114583,0.0000434028,-0.1745225694
558988.7500241910,-0.0839233398,0.0140380859,9.7821044925,0.0017252604,0.0000325521,-0.1745117187
558988.7600241910,-0.0846862793,0.0022888184,9.7811889652,0.0011827257,0.0000434028,-0.1745659722
558988.7700241910,-0.0845336914,0.0093078613,9.7816467288,0.0013563368,0.0000108507,-0.1745334201
558988.7800241910,-0.0852966309,0.0053405762,9.7817993167,0.0017361111,0.0000325521,-0.1744683160
558988.7900241910,-0.0837707520,0.0082397461,9.7804260257,0.0008680556,0.0000542535,-0.1744574653
558988.8000241910,-0.0828552246,0.0094604492,9.7816467288,0.0019856771,0.0000217014,-0.1745225694
558988.8100241910,-0.0842285156,0.0033569336,9.7807312015,0.0007812500,0.0000434028,-0.1745334201
558988.8200241911,-0.0854492188,0.0122070313,9.7817993167,0.0018012153,0.0000434028,-0.1745442708
558988.8300241909,-0.0845336914,0.0032043457,9.7810363773,0.0011501736,0.0000108507,-0.1745442708
558988.8400241910,-0.0831604004,0.0111389160,9.7816467288,0.0013780382,0.0000434028,-0.1745551215
558988.8500241910,-0.0845336914,0.0042724609,9.7810363773,0.0016167535,0.0000325521,-0.1745659722
558988.8600241910,-0.0851440430,0.0077819824,9.7817993167,0.0010091146,0.0000325521,-0.1745334201
558988.8700241910,-0.0842285156,0.0086975098,9.7817993167,0.0019097222,0.0000108507,-0.1745008680
558988.8800241910,-0.0840759277,0.0053405762,9.7819519046,0.0007812500,0.0000325521,-0.1745225694
558988.8900241910,-0.0833129883,0.0106811523,9.7816467288,0.0019097222,0.0000217014,-0.1745008680
558988.9000241910,-0.0833129883,0.0025939941,9.7808837894,0.0009657118,0.0000434028,-0.1745117187
558988.9100241910,-0.0848388672,0.0123596191,9.7811889652,0.0016384549,0.0000217014,-0.1744574653
558988.9200241910,-0.0845336914,0.0039672852,9.7813415531,0.0013563368,0.0000434028,-0.1745008680
558988.9300241910,-0.0846862793,0.0099182129,9.7821044925,0.0012586806,0.0000108507,-0.1745117187
558988.9400241910,-0.0839233398,0.0054931641,9.7819519046,0.0017035590,0.0000217014,-0.1745442708
558988.9500241911,-0.0839233398,0.0074768066,9.7816467288,0.0009331597,0.0000542535,-0.1745768229
558988.9600241910,-0.0848388672,0.0094604492,9.7813415531,0.0018988715,0.0000108507,-0.1745659722
558988.9700241910,-0.0845336914,0.0039672852,9.7808837894,0.0008246528,0.0000325521,-0.1745768229
558988.9800241910,-0.0836181641,0.0111389160,9.7808837894,0.0019205729,0.0000325521,-0.1745985243
558988.9900241910,-0.0845336914,0.0033569336,9.7808837894,0.0010091146,0.0000325521,-0.1746202257
558989.0000241910,-0.0845336914,0.0119018555,9.7814941409,0.0016493056,0.0000325521,-0.1745985243
558989.0100241910,-0.0851440430,0.0033569336,9.7816467288,0.0012912326,0.0000434028,-0.1748697917
558989.0200241910,-0.0839233398,0.0102233887,9.7819519046,0.0013020833,0.0000217014,-0.1745334201
558989.0300241910,-0.0837707520,0.0050354004,9.7810363773,0.0016601562,-0.0000000000,-0.1745117187
558989.0400241910,-0.0843811035,0.0082397461,9.7816467288,0.0009331597,0.0000542535,-0.1745334201
558989.0500241910,-0.0845336914,0.0094604492,9.7814941409,0.0019639757,0.0000217014,-0.1744574653
558989.0600241910,-0.0846862793,0.0039672852,9.7810363773,0.0007921007,0.0000759549,-0.1745225694
558989.0700241911,-0.0837707520,0.0112915039,9.7816467288,0.0019097222,0.0000217014,-0.1745225694
558989.0800241909,-0.0848388672,0.0033569336,9.7810363773,0.0009982639,0.0000217014,-0.1745659722
558989.0900241910,-0.0848388672,0.0117492676,9.7819519046,0.0015733507,0.0000325521,-0.1745442708
558989.1000241910,-0.0848388672,0.0030517578,9.7810363773,0.0013671875,0.0000434028,-0.1745334201
558989.1100241910,-0.0852966309,0.0093078613,9.7816467288,0.0012261285,0.0000325521,-0.1745442708
558989.1200241910,-0.0845336914,0.0064086914,9.7814941409,0.0017795139,0.0000108507,-0.1745551215
558989.1300241910,-0.0843811035,0.0071716309,9.7814941409,0.0008789062,0.0000325521,-0.1745225694
558989.1400241910,-0.0837707520,0.0100708008,9.7821044925,0.0019531250,0.0000217014,-0.1745008680
558989.1500241910,-0.0851440430,0.0035095215,9.7813415531,0.0008355035,0.0000542535,-0.1745117187
558989.1600241910,-0.0852966309,0.0123596191,9.7819519046,0.0018337674,-0.0000108507,-0.1744791667
558989.1700241910,-0.0840759277,0.0028991699,9.7808837894,0.0010850694,0.0000325521,-0.1745225694
558989.1800241910,-0.0846862793,0.0117492676,9.7817993167,0.0014865451,0.0000325521,-0.1745008680
558989.1900241910,-0.0848388672,0.0039672852,9.7814941409,0.0014973958,0.0000217014,-0.1745225694
558989.2000241911,-0.0848388672,0.0080871582,9.7810363773,0.0010199653,0.0000434028,-0.1745442708
558989.2100241910,-0.0843811035,0.0077819824,9.7813415531,0.0018988715,0.0000217014,-0.1745117187
558989.2200241910,-0.0840759277,0.0056457520,9.7813415531,0.0007486979,0.0000434028,-0.1745985243
558989.2300241910,-0.0848388672,0.0112915039,9.7813415531,0.0019748264,0.0000108507,-0.1745442708
558989.2400241910,-0.0843811035,0.0022888184,9.7819519046,0.0009223090,0.0000542535,-0.1746202257
558989.2500241910,-0.0851440430,0.0122070313,9.7813415531,0.0017035590,0.0000108507,-0.1746202257
558989.2600241910,-0.0849914551,0.0035095215,9.7814941409,0.0013020833,0.0000434028,-0.1745985243
558989.2700241910,-0.0849914551,0.0103759766,9.7814941409,0.0012369792,0.0000217014,-0.1745334201
558989.2800241910,-0.0845336914,0.0056457520,9.7811889652,0.0017361111,0.0000217014,-0.1745985243
558989.2900241910,-0.0842285156,0.0079345703,9.7817993167,0.0008897569,0.0000325521,-0.1745008680
558989.3000241910,-0.0848388672,0.0093078613,9.7811889652,0.0019097222,0.0000108507,-0.1745225694
558989.3100241910,-0.0846862793,0.0038146973,9.7810363773,0.0008246528,0.0000325521,-0.1745225694
558989.3200241911,-0.0842285156,0.0111389160,9.7816467288,0.0019205729,0.0000217014,-0.1744357639
558989.3300241909,-0.0843811035,0.0041198730,9.7811889652,0.0009548611,0.0000434028,-0.1744791667
558989.3400241910,-0.0849914551,0.0119018555,9.7824096683,0.0016059028,0.0000325521,-0.1744791667
558989.3500241910,-0.0856018066,0.0027465820,9.7816467288,0.0012912326,0.0000217014,-0.1744900174
558989.3600241910,-0.0851440430,0.0091552734,9.7819519046,0.0012803819,0.0000325521,-0.1745117187
558989.3700241910,-0.0839233398,0.0065612793,9.7813415531,0.0016710069,0.0000108507,-0.1745225694
558989.3800241910,-0.0845336914,0.0083923340,9.7811889652,0.0009982639,0.0000434028,-0.1746093750
558989.3900241910,-0.0856018066,0.0070190430,9.7814941409,0.0018446181,-0.0000000000,-0.1746419271
558989.4000241910,-0.0843811035,0.0050354004,9.7816467288,0.0008897569,0.0000434028,-0.1746202257
558989.4100241910,-0.0846862793,0.0117492676,9.7814941409,0.0018880208,0.0000108507,-0.1745876736
558989.4200241910,-0.0842285156,0.0033569336,9.7817993167,0.0008463542,0.0000542535,-0.1745876736
558989.4300241920,-0.0856018066,0.0105285645,9.7813415531,0.0018012153,-0.0000000000,-0.1745551215
558989.4400241920,-0.0852966309,0.0021362305,9.7810363773,0.0011827257,0.0000434028,-0.1745442708
558989.4500241920,-0.0846862793,0.0123596191,9.7814941409,0.0014539931,0.0000217014,-0.1744683160
558989.4600241920,-0.0840759277,0.0053405762,9.7810363773,0.0015190972,0.0000325521,-0.1745117187
558989.4700241920,-0.0852966309,0.0068664551,9.7814941409,0.0010199653,0.0000325521,-0.1745225694
558989.4800241920,-0.0856018066,0.0061035156,9.7813415531,0.0018663194,0.0000108507,-0.1745008680
558989.4900241920,-0.0854492188,0.0083923340,9.7811889652,0.0008463542,0.0000325521,-0.1745008680
558989.5000241920,-0.0846862793,0.0115966797,9.7813415531,0.0018988715,0.0000108507,-0.1744574653
558989.5100241920,-0.0833129883,0.0012207031,9.7817993167,0.0008897569,0.0000542535,-0.1745334201
558989.5200241921,-0.0848388672,0.0109863281,9.7813415531,0.0018229167,0.0000217014,-0.1745551215
558989.5300241919,-0.0856018066,0.0042724609,9.7810363773,0.0011718750,0.0000217014,-0.1745442708
558989.5400241920,-0.0840759277,0.0126647949,9.7819519046,0.0013671875,0.0000325521,-0.1745985243
558989.5500241920,-0.0848388672,0.0025939941,9.7807312015,0.0015190972,0.0000108507,-0.1745768229
558989.5600241920,-0.0840759277,0.0082397461,9.7824096683,0.0010416667,0.0000434028,-0.1745442708
558989.5700241920,-0.0852966309,0.0082397461,9.7810363773,0.0018663194,0.0000217014,-0.1745225694
558989.5800241920,-0.0854492188,0.0068664551,9.7811889652,0.0008355035,0.0000325521,-0.1745551215
558989.5900241920,-0.0848388672,0.0099182129,9.7811889652,0.0019639757,-0.0000000000,-0.1745117187
558989.6000241920,-0.0839233398,0.0025939941,9.7817993167,0.0008572049,0.0000759549,-0.1744900174
558989.6100241920,-0.0848388672,0.0126647949,9.7817993167,0.0017578125,0.0000108507,-0.1744574653
558989.6200241920,-0.0859069824,0.0035095215,9.7814941409,0.0011393229,0.0000325521,-0.1745008680
558989.6300241920,-0.0843811035,0.0105285645,9.7821044925,0.0013888889,0.0000325521,-0.1744683160
558989.6400241920,-0.0843811035,0.0044250488,9.7816467288,0.0015733507,-0.0000000000,-0.1745008680
558989.6500241919,-0.0836181641,0.0091552734,9.7827148441,0.0010416667,0.0000434028,-0.1745768229
558989.6600241920,-0.0862121582,0.0080871582,9.7814941409,0.0018446181,0.0000108507,-0.1745876736
558989.6700241920,-0.0849914551,0.0050354004,9.7814941409,0.0008246528,0.0000217014,-0.1745659722
558989.6800241920,-0.0839233398,0.0100708008,9.7816467288,0.0019531250,0.0000108507,-0.1746202257
558989.6900241920,-0.0846862793,0.0032043457,9.7807312015,0.0008897569,0.0000542535,-0.1746202257
558989.7000241920,-0.0857543945,0.0125122070,9.7814941409,0.0017469618,0.0000217014,-0.1746419271
558989.7100241920,-0.0849914551,0.0028991699,9.7813415531,0.0011827257,0.0000217014,-0.1746202257
558989.7200241920,-0.0845336914,0.0093078613,9.7814941409,0.0014105903,0.0000217014,-0.1745876736
558989.7300241920,-0.0831604004,0.0048828125,9.7811889652,0.0015516493,0.0000434028,-0.1745551215
558989.7400241920,-0.0852966309,0.0106811523,9.7824096683,0.0010091146,0.0000325521,-0.1745659722
558989.7500241920,-0.0859069824,0.0070190430,9.7814941409,0.0018446181,-0.0000000000,-0.1745008680
558989.7600241920,-0.0848388672,0.0042724609,9.7807312015,0.0007595486,0.0000325521,-0.1745008680
558989.7700241921,-0.0837707520,0.0108337402,9.7816467288,0.0019965278,0.0000108507,-0.1744249132
558989.7800241919,-0.0843811035,0.0038146973,9.7808837894,0.0008789062,0.0000542535,-0.1744900174
558989.7900241920,-0.0857543945,0.0114440918,9.7817993167,0.0016710069,0.0000217014,-0.1744791667
558989.8000241920,-0.0851440430,0.0019836426,9.7813415531,0.0012912326,0.0000108507,-0.1745117187
558989.8100241920,-0.0842285156,0.0106811523,9.7819519046,0.0012695312,0.0000325521,-0.1745876736
558989.8200241920,-0.0851440430,0.0068664551,9.7808837894,0.0016493056,0.0000108507,-0.1745876736
558989.8300241920,-0.0845336914,0.0074768066,9.7813415531,0.0009331597,0.0000217014,-0.1746310764
558989.8400241920,-0.0849914551,0.0068664551,9.7811889652,0.0019205729,0.0000108507,-0.1746310764
558989.8500241920,-0.0842285156,0.0067138672,9.7813415531,0.0008572049,0.0000542535,-0.1745876736
558989.8600241920,-0.0862121582,0.0114440918,9.7811889652,0.0018988715,-0.0000000000,-0.1745876736
558989.8700241920,-0.0856018066,0.0019836426,9.7816467288,0.0008897569,0.0000325521,-0.1745768229
558989.8800241920,-0.0848388672,0.0102233887,9.7819519046,0.0017903646,0.0000217014,-0.1745334201
558989.8900241920,-0.0846862793,0.0045776367,9.7810363773,0.0011501736,0.0000434028,-0.1745225694
558989.9000241919,-0.0859069824,0.0120544434,9.7816467288,0.0013671875,0.0000217014,-0.1745008680
558989.9100241920,-0.0846862793,0.0045776367,9.7814941409,0.0016493056,-0.0000000000,-0.1745334201
558989.9200241920,-0.0837707520,0.0073242188,9.7819519046,0.0009657118,0.0000434028,-0.1745225694
558989.9300241920,-0.0839233398,0.0090026855,9.7816467288,0.0019314236,-0.0000000000,-0.1745334201
558989.9400241920,-0.0842285156,0.0054931641,9.7805786136,0.0007812500,0.0000325521,-0.1745876736
558989.9500241920,-0.0865173340,0.0106811523,9.7816467288,0.0018988715,0.0000217014,-0.1746202257
558989.9600241920,-0.0851440430,0.0015258789,9.7814941409,0.0009548611,0.0000325521,-0.1746202257
558989.9700241920,-0.0839233398,0.0122070313,9.7824096683,0.0016601562,0.0000108507,-0.1745985243
558989.9800241920,-0.0857543945,0.0048828125,9.7814941409,0.0012695312,0.0000325521,-0.1746093750
558989.9900241920,-0.0871276855,0.0106811523,9.7814941409,0.0013020833,0.0000325521,-0.1745551215
558990.0000241920,-0.0857543945,0.0044250488,9.7811889652,0.0016384549,-0.0000000000,-0.1745225694
558990.0100241920,-0.0820922852,0.0080871582,9.7822570804,0.0009440104,0.0000542535,-0.1747829861
558990.0200241921,-0.0849914551,0.0100708008,9.7816467288,0.0019314236,-0.0000000000,-0.1745117187
558990.0300241919,-0.0862121582,0.0053405762,9.7813415531,0.0007052951,0.0000325521,-0.1744791667
558990.0400241920,-0.0856018066,0.0103759766,9.7819519046,0.0019314236,0.0000108507,-0.1745008680
558990.0500241920,-0.0840759277,0.0022888184,9.7810363773,0.0010199653,0.0000325521,-0.1744574653
558990.0600241920,-0.0842285156,0.0128173828,9.7817993167,0.0015733507,0.0000108507,-0.1744466146
558990.0700241920,-0.0859069824,0.0033569336,9.7811889652,0.0013454861,0.0000325521,-0.1744683160
558990.0800241920,-0.0860595703,0.0094604492,9.7813415531,0.0012586806,0.0000325521,-0.1744683160
558990.0900241920,-0.0846862793,0.0053405762,9.7808837894,0.0016493056,0.0000108507,-0.1745551215
558990.1000241920,-0.0852966309,0.0093078613,9.7813415531,0.0009982639,0.0000325521,-0.1746202257
558990.1100241920,-0.0849914551,0.0085449219,9.7816467288,0.0018446181,0.0000108507,-0.1746093750
558990.1200241920,-0.0848388672,0.0038146973,9.7813415531,0.0008463542,0.0000542535,-0.1746853299
558990.1300241920,-0.0852966309,0.0100708008,9.7811889652,0.0019639757,-0.0000108507,-0.1745985243
558990.1400241920,-0.0849914551,0.0041198730,9.7817993167,0.0008897569,0.0000434028,-0.1745659722
558990.1500241919,-0.0848388672,0.0115966797,9.7816467288,0.0017361111,-0.0000000000,-0.1745225694
558990.1600241920,-0.0845336914,0.0024414063,9.7813415531,0.0011393229,0.0000325521,-0.1745117187
558990.1700241920,-0.0849914551,0.0112915039,9.7814941409,0.0014539931,0.0000325521,-0.1744900174
558990.1800241920,-0.0859069824,0.0053405762,9.7811889652,0.0014973958,0.0000108507,-0.1745117187
558990.1900241920,-0.0856018066,0.0088500977,9.7819519046,0.0011067708,0.0000325521,-0.1744574653
558990.2000241920,-0.0846862793,0.0056457520,9.7816467288,0.0017361111,0.0000108507,-0.1745442708
558990.2100241920,-0.0848388672,0.0071716309,9.7813415531,0.0009223090,0.0000325521,-0.1745768229
558990.2200241920,-0.0863647461,0.0102233887,9.7811889652,0.0018988715,0.0000108507,-0.1746310764
558990.2300241920,-0.0845336914,0.0045776367,9.7819519046,0.0008246528,0.0000325521,-0.1746202257
558990.2400241920,-0.0849914551,0.0097656250,9.7814941409,0.0018771701,-0.0000217014,-0.1746310764
558990.2500241920,-0.0840759277,0.0030517578,9.7814941409,0.0010308160,0.0000325521,-0.1746093750
558990.2600241920,-0.0851440430,0.0129699707,9.7822570804,0.0015842014,0.0000434028,-0.1745985243
558990.2700241921,-0.0854492188,0.0035095215,9.7816467288,0.0013237847,0.0000108507,-0.1745442708
558990.2800241919,-0.0852966309,0.0088500977,9.7816467288,0.0011935764,0.0000325521,-0.1745659722
558990.2900241920,-0.0843811035,0.0054931641,9.7814941409,0.0017361111,0.0000217014,-0.1745334201
558990.3000241920,-0.0842285156,0.0079345703,9.7817993167,0.0008897569,0.0000325521,-0.1745117187
558990.3100241920,-0.0848388672,0.0106811523,9.7813415531,0.0019531250,0.0000108507,-0.1744683160
558990.3200241920,-0.0852966309,0.0030517578,9.7813415531,0.0007921007,0.0000434028,-0.1744900174
558990.3300241920,-0.0852966309,0.0103759766,9.7814941409,0.0018663194,-0.0000108507,-0.1744791667
558990.3400241920,-0.0848388672,0.0045776367,9.7816467288,0.0010308160,0.0000434028,-0.1745008680
558990.3500241920,-0.0851440430,0.0125122070,9.7813415531,0.0014865451,0.0000217014,-0.1745225694
558990.3600241920,-0.0860595703,0.0027465820,9.7811889652,0.0013671875,0.0000217014,-0.1746093750
558990.3700241920,-0.0854492188,0.0086975098,9.7819519046,0.0012261285,0.0000325521,-0.1746202257
558990.3800241920,-0.0845336914,0.0070190430,9.7816467288,0.0017361111,0.0000108507,-0.1746202257
558990.3900241920,-0.0848388672,0.0079345703,9.7814941409,0.0009114583,0.0000325521,-0.1746202257
558990.4000241919,-0.0848388672,0.0076293945,9.7810363773,0.0018988715,0.0000108507,-0.1745985243
558990.4100241920,-0.0860595703,0.0042724609,9.7813415531,0.0008355035,0.0000434028,-0.1745768229
558990.4200241920,-0.0865173340,0.0112915039,9.7819519046,0.0018337674,-0.0000000000,-0.1745334201
558990.4300241920,-0.0842285156,0.0039672852,9.7814941409,0.0009982639,0.0000434028,-0.1745225694
558990.4400241920,-0.0846862793,0.0111389160,9.7817993167,0.0016059028,-0.0000000000,-0.1745225694
558990.4500241920,-0.0860595703,0.0027465820,9.7808837894,0.0013129340,0.0000108507,-0.1745117187
558990.4600241920,-0.0863647461,0.0105285645,9.7817993167,0.0013129340,0.0000217014,-0.1745008680
558990.4700241920,-0.0856018066,0.0062561035,9.7813415531,0.0015842014,-0.0000108507,-0.1744683160
558990.4800241920,-0.0833129883,0.0086975098,9.7813415531,0.0009765625,0.0000542535,-0.1745117187
558990.4900241920,-0.0845336914,0.0070190430,9.7816467288,0.0018229167,0.0000108507,-0.1745225694
558990.5000241930,-0.0856018066,0.0050354004,9.7817993167,0.0008680556,0.0000325521,-0.1745659722
558990.5100241930,-0.0862121582,0.0115966797,9.7819519046,0.0019314236,-0.0000000000,-0.1745225694
558990.5200241930,-0.0836181641,0.0032043457,9.7813415531,0.0008897569,0.0000325521,-0.1745985243
558990.5300241930,-0.0846862793,0.0111389160,9.7814941409,0.0017469618,0.0000108507,-0.1745985243
558990.5400241930,-0.0854492188,0.0028991699,9.7813415531,0.0011935764,0.0000325521,-0.1745985243
558990.5500241930,-0.0849914551,0.0105285645,9.7814941409,0.0013671875,0.0000108507,-0.1745768229
558990.5600241930,-0.0852966309,0.0056457520,9.7811889652,0.0015516493,-0.0000000000,-0.1745876736
558990.5700241930,-0.0840759277,0.0080871582,9.7817993167,0.0009982639,0.0000434028,-0.1745768229
558990.5800241930,-0.0859069824,0.0070190430,9.7811889652,0.0018988715,-0.0000000000,-0.1745117187
558990.5900241931,-0.0849914551,0.0054931641,9.7811889652,0.0007921007,0.0000325521,-0.1744791667
558990.6000241929,-0.0851440430,0.0120544434,9.7817993167,0.0019314236,-0.0000000000,-0.1744791667
558990.6100241930,-0.0839233398,0.0021362305,9.7811889652,0.0008680556,0.0000217014,-0.1744900174
558990.6200241930,-0.0849914551,0.0114440918,9.7824096683,0.0017035590,0.0000108507,-0.1744574653
558990.6300241930,-0.0852966309,0.0035095215,9.7811889652,0.0012586806,0.0000325521,-0.1745008680
558990.6400241930,-0.0862121582,0.0111389160,9.7814941409,0.0012803819,0.0000108507,-0.1745225694
558990.6500241930,-0.0860595703,0.0051879883,9.7813415531,0.0016710069,-0.0000000000,-0.1745551215
558990.6600241930,-0.0851440430,0.0074768066,9.7814941409,0.0008789062,0.0000217014,-0.1745768229
558990.6700241930,-0.0846862793,0.0088500977,9.7813415531,0.0019748264,0.0000108507,-0.1745551215
558990.6800241930,-0.0859069824,0.0035095215,9.7813415531,0.0007161458,0.0000325521,-0.1745334201
558990.6900241930,-0.0860595703,0.0131225586,9.7813415531,0.0018663194,-0.0000000000,-0.1745334201
558990.7000241930,-0.0859069824,0.0018310547,9.7807312015,0.0010416667,0.0000217014,-0.1745117187
558990.7100241930,-0.0851440430,0.0105285645,9.7821044925,0.0014648437,0.0000108507,-0.1744900174
558990.7200241931,-0.0852966309,0.0044250488,9.7814941409,0.0015516493,0.0000217014,-0.1745225694
558990.7300241929,-0.0859069824,0.0100708008,9.7816467288,0.0010091146,0.0000325521,-0.1745442708
558990.7400241930,-0.0849914551,0.0079345703,9.7819519046,0.0018120660,-0.0000000000,-0.1745442708
558990.7500241930,-0.0842285156,0.0044250488,9.7810363773,0.0008246528,0.0000217014,-0.1745659722
558990.7600241930,-0.0845336914,0.0096130371,9.7811889652,0.0018988715,-0.0000000000,-0.1745225694
558990.7700241930,-0.0849914551,0.0047302246,9.7808837894,0.0009223090,0.0000434028,-0.1745768229
558990.7800241930,-0.0866699219,0.0120544434,9.7817993167,0.0017252604,0.0000108507,-0.1745985243
558990.7900241930,-0.0852966309,0.0013732910,9.7808837894,0.0011718750,0.0000217014,-0.1746202257
558990.8000241930,-0.0842285156,0.0114440918,9.7822570804,0.0013997396,0.0000325521,-0.1746310764
558990.8100241930,-0.0848388672,0.0059509277,9.7814941409,0.0015299479,0.0000217014,-0.1746093750
558990.8200241930,-0.0874328613,0.0079345703,9.7822570804,0.0010091146,0.0000108507,-0.1745768229
558990.8300241930,-0.0875854492,0.0076293945,9.7813415531,0.0018012153,-0.0000108507,-0.1745334201
558990.8400241931,-0.0843811035,0.0059509277,9.7804260257,0.0008572049,0.0000325521,-0.1744900174
558990.8500241929,-0.0836181641,0.0100708008,9.7814941409,0.0019314236,-0.0000000000,-0.1744683160
558990.8600241930,-0.0866699219,0.0041198730,9.7816467288,0.0008572049,0.0000434028,-0.1744900174
558990.8700241930,-0.0863647461,0.0117492676,9.7813415531,0.0017795139,-0.0000000000,-0.1744683160
558990.8800241930,-0.0849914551,0.0025939941,9.7808837894,0.0011284722,-0.0000000000,-0.1745225694
558990.8900241930,-0.0839233398,0.0109863281,9.7825622562,0.0013780382,0.0000217014,-0.1745225694
558990.9000241930,-0.0857543945,0.0045776367,9.7808837894,0.0015733507,0.0000325521,-0.1745334201
558990.9100241930,-0.0865173340,0.0086975098,9.7817993167,0.0010308160,-0.0000000000,-0.1745334201
558990.9200241930,-0.0859069824,0.0071716309,9.7813415531,0.0018229167,0.0000217014,-0.1745117187
558990.9300241930,-0.0854492188,0.0059509277,9.7816467288,0.0008463542,0.0000325521,-0.1745768229
558990.9400241930,-0.0849914551,0.0108337402,9.7816467288,0.0019097222,0.0000108507,-0.1745551215
558990.9500241930,-0.0852966309,0.0038146973,9.7814941409,0.0008680556,0.0000542535,-0.1745768229
558990.9600241930,-0.0859069824,0.0108337402,9.7816467288,0.0017578125,-0.0000000000,-0.1745985243
558990.9700241931,-0.0859069824,0.0033569336,9.7808837894,0.0010959201,0.0000217014,-0.1745985243
558990.9800241929,-0.0842285156,0.0115966797,9.7816467288,0.0014865451,0.0000325521,-0.1745768229
558990.9900241930,-0.0854492188,0.0030517578,9.7814941409,0.0014865451,0.0000217014,-0.1745334201
558991.0000241930,-0.0865173340,0.0100708008,9.7819519046,0.0010633681,0.0000217014,-0.1745117187
558991.0100241930,-0.0856018066,0.0074768066,9.7808837894,0.0018229167,0.0000108507,-0.1748263889
558991.0200241930,-0.0848388672,0.0064086914,9.7811889652,0.0007703993,0.0000325521,-0.1744791667
558991.0300241930,-0.0854492188,0.0097656250,9.7814941409,0.0019639757,-0.0000000000,-0.1744900174
558991.0400241930,-0.0846862793,0.0033569336,9.7811889652,0.0008680556,0.0000325521,-0.1745659722
558991.0500241930,-0.0859069824,0.0125122070,9.7819519046,0.0017469618,-0.0000000000,-0.1745442708
558991.0600241930,-0.0856018066,0.0030517578,9.7810363773,0.0012369792,0.0000217014,-0.1745551215
558991.0700241930,-0.0848388672,0.0105285645,9.7819519046,0.0012912326,0.0000217014,-0.1745768229
558991.0800241930,-0.0849914551,0.0051879883,9.7810363773,0.0016710069,0.0000108507,-0.1745659722
558991.0900241931,-0.0868225098,0.0082397461,9.7817993167,0.0008572049,0.0000217014,-0.1746093750
558991.1000241929,-0.0859069824,0.0088500977,9.7811889652,0.0019748264,0.0000217014,-0.1745551215
558991.1100241930,-0.0857543945,0.0035095215,9.7805786136,0.0007703993,0.0000217014,-0.1745768229
558991.1200241930,-0.0857543945,0.0114440918,9.7822570804,0.0019097222,-0.0000000000,-0.1745008680
558991.1300241930,-0.0852966309,0.0033569336,9.7810363773,0.0010199653,-0.0000000000,-0.1745225694
558991.1400241930,-0.0852966309,0.0119018555,9.7817993167,0.0015299479,0.0000217014,-0.1745225694
558991.1500241930,-0.0859069824,0.0044250488,9.7811889652,0.0013780382,0.0000108507,-0.1745334201
558991.1600241930,-0.0851440430,0.0097656250,9.7811889652,0.0011284722,0.0000325521,-0.1745117187
558991.1700241930,-0.0856018066,0.0062561035,9.7816467288,0.0018012153,-0.0000108507,-0.1745442708
558991.1800241930,-0.0843811035,0.0068664551,9.7810363773,0.0008029514,0.0000434028,-0.1745117187
558991.1900241930,-0.0854492188,0.0112915039,9.7811889652,0.0019748264,-0.0000000000,-0.1745876736
558991.2000241930,-0.0866699219,0.0025939941,9.7808837894,0.0007921007,0.0000325521,-0.1745985243
558991.2100241930,-0.0868225098,0.0122070313,9.7821044925,0.0017578125,-0.0000000000,-0.1745659722
558991.2200241931,-0.0849914551,0.0021362305,9.7805786136,0.0012152778,0.0000217014,-0.1746202257
558991.2300241929,-0.0857543945,0.0112915039,9.7813415531,0.0012695312,0.0000217014,-0.1745876736
558991.2400241930,-0.0859069824,0.0061035156,9.7811889652,0.0016927083,0.0000108507,-0.1745985243
558991.2500241930,-0.0849914551,0.0070190430,9.7816467288,0.0008680556,0.0000217014,-0.1745225694
558991.2600241930,-0.0854492188,0.0079345703,9.7824096683,0.0019639757,0.0000217014,-0.1744574653
558991.2700241930,-0.0851440430,0.0041198730,9.7814941409,0.0008463542,0.0000217014,-0.1745008680
558991.2800241930,-0.0857543945,0.0123596191,9.7817993167,0.0017903646,0.0000108507,-0.1745117187
558991.2900241930,-0.0854492188,0.0041198730,9.7814941409,0.0009765625,0.0000325521,-0.1745008680
558991.3000241930,-0.0865173340,0.0105285645,9.7813415531,0.0016167535,-0.0000000000,-0.1744466146
558991.3100241930,-0.0859069824,0.0025939941,9.7807312015,0.0013563368,0.0000108507,-0.1744466146
558991.3200241930,-0.0852966309,0.0122070313,9.7817993167,0.0012261285,0.0000434028,-0.1744683160
558991.3300241930,-0.0851440430,0.0064086914,9.7814941409,0.0016927083,0.0000108507,-0.1745117187
558991.3400241931,-0.0866699219,0.0059509277,9.7808837894,0.0008680556,0.0000325521,-0.1745008680
558991.3500241929,-0.0863647461,0.0077819824,9.7813415531,0.0019097222,-0.0000217014,-0.1745442708
558991.3600241930,-0.0851440430,0.0054931641,9.7811889652,0.0008029514,0.0000217014,-0.1746419271
558991.3700241930,-0.0849914551,0.0128173828,9.7819519046,0.0018771701,-0.0000000000,-0.1746202257
558991.3800241930,-0.0852966309,0.0027465820,9.7814941409,0.0009765625,0.0000434028,-0.1746310764
558991.3900241930,-0.0863647461,0.0108337402,9.7821044925,0.0016059028,-0.0000000000,-0.1745768229
558991.4000241930,-0.0863647461,0.0042724609,9.7811889652,0.0013671875,0.0000108507,-0.1745876736
558991.4100241930,-0.0845336914,0.0108337402,9.7816467288,0.0011176215,0.0000108507,-0.1745334201
558991.4200241930,-0.0849914551,0.0061035156,9.7814941409,0.0017903646,0.0000325521,-0.1744357639
558991.4300241930,-0.0871276855,0.0062561035,9.7813415531,0.0008246528,0.0000217014,-0.1744466146
558991.4400241930,-0.0868225098,0.0096130371,9.7817993167,0.0019639757,-0.0000108507,-0.1744032118
558991.4500241930,-0.0846862793,0.0036621094,9.7817993167,0.0008463542,0.0000325521,-0.1744574653
558991.4600241930,-0.0854492188,0.0122070313,9.7825622562,0.0017795139,-0.0000000000,-0.1745008680
558991.4700241931,-0.0862121582,0.0027465820,9.7811889652,0.0010959201,0.0000108507,-0.1745659722
558991.4800241929,-0.0865173340,0.0109863281,9.7811889652,0.0014322917,0.0000217014,-0.1745551215
558991.4900241930,-0.0848388672,0.0042724609,9.7814941409,0.0014648437,-0.0000000000,-0.1745985243
558991.5000241930,-0.0846862793,0.0102233887,9.7813415531,0.0010850694,0.0000217014,-0.1745768229
558991.5100241930,-0.0863647461,0.0064086914,9.7810363773,0.0018012153,-0.0000000000,-0.1745985243
558991.5200241930,-0.0868225098,0.0059509277,9.7814941409,0.0008572049,0.0000217014,-0.1745985243
558991.5300241930,-0.0851440430,0.0099182129,9.7813415531,0.0019531250,-0.0000108507,-0.1745985243
558991.5400241930,-0.0846862793,0.0044250488,9.7814941409,0.0008029514,0.0000325521,-0.1745551215
558991.5500241930,-0.0852966309,0.0114440918,9.7822570804,0.0017795139,-0.0000108507,-0.1745117187
558991.5600241930,-0.0860595703,0.0024414063,9.7811889652,0.0011067708,0.0000217014,-0.1745008680
558991.5700241930,-0.0862121582,0.0109863281,9.7808837894,0.0014539931,-0.0000000000,-0.1744900174
558991.5800241940,-0.0851440430,0.0051879883,9.7813415531,0.0014756944,0.0000217014,-0.1744357639
558991.5900241940,-0.0852966309,0.0093078613,9.7813415531,0.0011176215,0.0000108507,-0.1745117187
558991.6000241940,-0.0854492188,0.0061035156,9.7813415531,0.0017578125,-0.0000000000,-0.1745659722
558991.6100241940,-0.0866699219,0.0064086914,9.7810363773,0.0008572049,0.0000325521,-0.1745985243
558991.6200241940,-0.0856018066,0.0102233887,9.7816467288,0.0019531250,-0.0000000000,-0.1745985243
558991.6300241940,-0.0856018066,0.0039672852,9.7814941409,0.0007921007,0.0000217014,-0.1745985243
558991.6400241940,-0.0859069824,0.0114440918,9.7817993167,0.0018120660,-0.0000000000,-0.1745985243
558991.6500241940,-0.0859069824,0.0027465820,9.7811889652,0.0011067708,0.0000217014,-0.1745985243
558991.6600241940,-0.0866699219,0.0111389160,9.7816467288,0.0014756944,0.0000217014,-0.1745442708
558991.6700241941,-0.0868225098,0.0038146973,9.7813415531,0.0014539931,-0.0000000000,-0.1745442708
558991.6800241939,-0.0856018066,0.0082397461,9.7817993167,0.0010416667,0.0000108507,-0.1745442708
558991.6900241940,-0.0856018066,0.0062561035,9.7811889652,0.0017903646,-0.0000108507,-0.1745225694
558991.7000241940,-0.0857543945,0.0067138672,9.7814941409,0.0008572049,0.0000434028,-0.1745008680
558991.7100241940,-0.0860595703,0.0111389160,9.7811889652,0.0019205729,-0.0000000000,-0.1744683160
558991.7200241940,-0.0865173340,0.0032043457,9.7814941409,0.0008355035,0.0000108507,-0.1745008680
558991.7300241940,-0.0862121582,0.0096130371,9.7816467288,0.0018012153,0.0000108507,-0.1745334201
558991.7400241940,-0.0848388672,0.0035095215,9.7813415531,0.0010525174,0.0000217014,-0.1744900174
558991.7500241940,-0.0860595703,0.0122070313,9.7824096683,0.0014756944,-0.0000000000,-0.1745334201
558991.7600241940,-0.0865173340,0.0032043457,9.7819519046,0.0014105903,0.0000108507,-0.1745876736
558991.7700241940,-0.0860595703,0.0083923340,9.7814941409,0.0011176215,-0.0000000000,-0.1745985243
558991.7800241940,-0.0854492188,0.0074768066,9.7814941409,0.0017795139,-0.0000108507,-0.1745876736
558991.7900241941,-0.0849914551,0.0065612793,9.7816467288,0.0008680556,0.0000325521,-0.1745659722
558991.8000241939,-0.0865173340,0.0085449219,9.7813415531,0.0018663194,-0.0000108507,-0.1745442708
558991.8100241940,-0.0859069824,0.0039672852,9.7814941409,0.0008463542,0.0000217014,-0.1745442708
558991.8200241940,-0.0854492188,0.0108337402,9.7814941409,0.0018446181,0.0000108507,-0.1745225694
558991.8300241940,-0.0863647461,0.0041198730,9.7813415531,0.0009440104,-0.0000000000,-0.1745442708
558991.8400241940,-0.0859069824,0.0109863281,9.7819519046,0.0016059028,0.0000217014,-0.1745768229
558991.8500241940,-0.0872802734,0.0024414063,9.7813415531,0.0013888889,0.0000217014,-0.1745442708
558991.8600241940,-0.0862121582,0.0097656250,9.7817993167,0.0011393229,-0.0000217014,-0.1745117187
558991.8700241940,-0.0849914551,0.0074768066,9.7811889652,0.0017795139,-0.0000000000,-0.1744574653
558991.8800241940,-0.0849914551,0.0062561035,9.7814941409,0.0008246528,0.0000434028,-0.1744900174
558991.8900241940,-0.0871276855,0.0082397461,9.7811889652,0.0018988715,-0.0000108507,-0.1745225694
558991.9000241940,-0.0866699219,0.0039672852,9.7817993167,0.0008680556,0.0000217014,-0.1745334201
558991.9100241940,-0.0857543945,0.0122070313,9.7817993167,0.0018229167,-0.0000108507,-0.1745876736
558991.9200241941,-0.0852966309,0.0025939941,9.7811889652,0.0010416667,0.0000325521,-0.1745985243
558991.9300241939,-0.0859069824,0.0111389160,9.7822570804,0.0015190972,-0.0000000000,-0.1746093750
558991.9400241940,-0.0862121582,0.0033569336,9.7811889652,0.0013780382,0.0000108507,-0.1745551215
558991.9500241940,-0.0859069824,0.0096130371,9.7816467288,0.0011393229,0.0000217014,-0.1745659722
558991.9600241940,-0.0849914551,0.0062561035,9.7816467288,0.0016710069,-0.0000217014,-0.1745334201
558991.9700241940,-0.0860595703,0.0061035156,9.7813415531,0.0009440104,0.0000217014,-0.1744791667
558991.9800241940,-0.0859069824,0.0080871582,9.7814941409,0.0018880208,0.0000108507,-0.1744466146
558991.9900241940,-0.0868225098,0.0061035156,9.7816467288,0.0008246528,0.0000108507,-0.1744791667
558992.0000241940,-0.0866699219,0.0114440918,9.7807312015,0.0018771701,-0.0000108507,-0.1745008680
558992.0100241940,-0.0837707520,0.0016784668,9.7813415531,0.0009440104,0.0000217014,-0.1748372396
558992.0200241940,-0.0860595703,0.0117492676,9.7817993167,0.0015842014,-0.0000000000,-0.1745334201
558992.0300241940,-0.0871276855,0.0041198730,9.7813415531,0.0013129340,-0.0000000000,-0.1745442708
558992.0400241941,-0.0860595703,0.0106811523,9.7825622562,0.0012586806,0.0000108507,-0.1745768229
558992.0500241939,-0.0854492188,0.0041198730,9.7817993167,0.0015842014,-0.0000217014,-0.1745442708
558992.0600241940,-0.0856018066,0.0074768066,9.7811889652,0.0010199653,0.0000434028,-0.1745659722
558992.0700241940,-0.0869750977,0.0085449219,9.7813415531,0.0018120660,-0.0000108507,-0.1745334201
558992.0800241940,-0.0866699219,0.0053405762,9.7810363773,0.0008029514,0.0000217014,-0.1745117187
558992.0900241940,-0.0849914551,0.0091552734,9.7819519046,0.0018880208,-0.0000000000,-0.1745334201
558992.1000241940,-0.0856018066,0.0038146973,9.7811889652,0.0008789062,0.0000108507,-0.1745442708
558992.1100241940,-0.0865173340,0.0120544434,9.7813415531,0.0017903646,-0.0000108507,-0.1745117187
558992.1200241940,-0.0857543945,0.0028991699,9.7810363773,0.0011176215,0.0000325521,-0.1745008680
558992.1300241940,-0.0857543945,0.0108337402,9.7819519046,0.0014322917,-0.0000000000,-0.1744900174
558992.1400241940,-0.0854492188,0.0035095215,9.7816467288,0.0014431424,-0.0000000000,-0.1745117187
558992.1500241940,-0.0862121582,0.0094604492,9.7811889652,0.0011284722,0.0000434028,-0.1745442708
558992.1600241940,-0.0866699219,0.0067138672,9.7814941409,0.0016710069,-0.0000108507,-0.1745117187
558992.1700241941,-0.0857543945,0.0068664551,9.7816467288,0.0009331597,0.0000108507,-0.1745985243
558992.1800241939,-0.0857543945,0.0080871582,9.7816467288,0.0018988715,-0.0000000000,-0.1745659722
558992.1900241940,-0.0860595703,0.0050354004,9.7805786136,0.0008246528,-0.0000000000,-0.1745768229
558992.2000241940,-0.0860595703,0.0111389160,9.7817993167,0.0018771701,0.0000108507,-0.1745334201
558992.2100241940,-0.0856018066,0.0028991699,9.7808837894,0.0009114583,0.0000325521,-0.1745334201
558992.2200241940,-0.0865173340,0.0115966797,9.7821044925,0.0016059028,-0.0000325521,-0.1745334201
558992.2300241940,-0.0862121582,0.0035095215,9.7814941409,0.0012912326,0.0000217014,-0.1745117187
558992.2400241940,-0.0866699219,0.0108337402,9.7816467288,0.0012695312,0.0000108507,-0.1744466146
558992.2500241940,-0.0854492188,0.0053405762,9.7813415531,0.0016927083,-0.0000000000,-0.1744683160
558992.2600241940,-0.0856018066,0.0070190430,9.7819519046,0.0008897569,0.0000325521,-0.1745225694
558992.2700241940,-0.0871276855,0.0086975098,9.7811889652,0.0018988715,-0.0000000000,-0.1745225694
558992.2800241940,-0.0860595703,0.0041198730,9.7811889652,0.0007812500,0.0000217014,-0.1745334201
558992.2900241941,-0.0852966309,0.0106811523,9.7814941409,0.0018663194,0.0000108507,-0.1745985243
558992.3000241939,-0.0859069824,0.0027465820,9.7811889652,0.0009982639,0.0000217014,-0.1745768229
558992.3100241940,-0.0868225098,0.0111389160,9.7819519046,0.0015733507,-0.0000000000,-0.1746093750
558992.3200241940,-0.0866699219,0.0035095215,9.7810363773,0.0013888889,0.0000108507,-0.1745551215
558992.3300241940,-0.0859069824,0.0103759766,9.7813415531,0.0011067708,0.0000108507,-0.1745985243
558992.3400241940,-0.0860595703,0.0061035156,9.7811889652,0.0017795139,0.0000108507,-0.1745876736
558992.3500241940,-0.0871276855,0.0061035156,9.7811889652,0.0008246528,0.0000108507,-0.1745768229
558992.3600241940,-0.0866699219,0.0094604492,9.7816467288,0.0019205729,-0.0000217014,-0.1745551215
558992.3700241940,-0.0854492188,0.0035095215,9.7810363773,0.0008029514,0.0000108507,-0.1745551215
558992.3800241940,-0.0860595703,0.0120544434,9.7811889652,0.0018012153,-0.0000000000,-0.1745225694
558992.3900241940,-0.0854492188,0.0016784668,9.7816467288,0.0011067708,0.0000108507,-0.1745008680
558992.4000241940,-0.0865173340,0.0111389160,9.7817993167,0.0014648437,0.0000217014,-0.1744466146
558992.4100241940,-0.0868225098,0.0048828125,9.7813415531,0.0013780382,-0.0000325521,-0.1745117187
558992.4200241941,-0.0863647461,0.0090026855,9.7813415531,0.0011393229,0.0000108507,-0.1745008680
558992.4300241939,-0.0851440430,0.0054931641,9.7816467288,0.0017035590,-0.0000000000,-0.1745008680
558992.4400241940,-0.0862121582,0.0068664551,9.7811889652,0.0009114583,-0.0000000000,-0.1745442708
558992.4500241940,-0.0868225098,0.0086975098,9.7810363773,0.0019097222,-0.0000000000,-0.1745985243
558992.4600241940,-0.0862121582,0.0039672852,9.7814941409,0.0008246528,0.0000108507,-0.1746093750
558992.4700241940,-0.0860595703,0.0114440918,9.7819519046,0.0018771701,-0.0000000000,-0.1745985243
558992.4800241940,-0.0862121582,0.0024414063,9.7814941409,0.0009765625,0.0000325521,-0.1745985243
558992.4900241940,-0.0866699219,0.0117492676,9.7819519046,0.0014539931,-0.0000000000,-0.1746310764
558992.5000241940,-0.0854492188,0.0030517578,9.7805786136,0.0014648437,-0.0000000000,-0.1746202257
558992.5100241940,-0.0862121582,0.0088500977,9.7814941409,0.0010633681,0.0000217014,-0.1745442708
558992.5200241940,-0.0860595703,0.0080871582,9.7808837894,0.0018771701,-0.0000108507,-0.1745225694
558992.5300241940,-0.0857543945,0.0053405762,9.7813415531,0.0007486979,0.0000217014,-0.1745334201
558992.5400241941,-0.0868225098,0.0100708008,9.7816467288,0.0019314236,-0.0000000000,-0.1745334201
558992.5500241939,-0.0863647461,0.0022888184,9.7810363773,0.0008680556,0.0000108507,-0.1745225694
558992.5600241940,-0.0854492188,0.0122070313,9.7813415531,0.0017144097,-0.0000000000,-0.1744574653
558992.5700241940,-0.0852966309,0.0032043457,9.7816467288,0.0011827257,0.0000217014,-0.1745334201
558992.5800241940,-0.0866699219,0.0100708008,9.7816467288,0.0013888889,-0.0000000000,-0.1745442708
558992.5900241940,-0.0862121582,0.0045776367,9.7813415531,0.0015407986,-0.0000000000,-0.1745985243
558992.6000241940,-0.0869750977,0.0100708008,9.7814941409,0.0010091146,0.0000217014,-0.1747504340
558992.6100241940,-0.0859069824,0.0067138672,9.7817993167,0.0017795139,-0.0000325521,-0.1747612847
558992.6200241940,-0.0854492188,0.0048828125,9.7808837894,0.0008680556,0.0000434028,-0.1746961805
558992.6300241940,-0.0874328613,0.0094604492,9.7808837894,0.0018880208,-0.0000325521,-0.1746419271
558992.6400241940,-0.0860595703,0.0045776367,9.7817993167,0.0008463542,0.0000217014,-0.1745225694
558992.6500241950,-0.0862121582,0.0112915039,9.7813415531,0.0018120660,-0.0000108507,-0.1745225694
558992.6600241950,-0.0859069824,0.0021362305,9.7811889652,0.0010633681,0.0000325521,-0.1745334201
558992.6700241950,-0.0871276855,0.0108337402,9.7814941409,0.0014756944,-0.0000217014,-0.1745551215
558992.6800241950,-0.0863647461,0.0044250488,9.7817993167,0.0013780382,-0.0000000000,-0.1745334201
558992.6900241950,-0.0862121582,0.0096130371,9.7817993167,0.0011501736,-0.0000000000,-0.1745008680
558992.7000241950,-0.0857543945,0.0053405762,9.7816467288,0.0016710069,-0.0000000000,-0.1744791667
558992.7100241950,-0.0859069824,0.0061035156,9.7810363773,0.0009548611,0.0000325521,-0.1745008680
558992.7200241950,-0.0871276855,0.0091552734,9.7807312015,0.0018988715,-0.0000325521,-0.1744791667
558992.7300241950,-0.0862121582,0.0050354004,9.7821044925,0.0007595486,0.0000108507,-0.1745985243
558992.7400241951,-0.0865173340,0.0093078613,9.7814941409,0.0018771701,-0.0000217014,-0.1745985243
558992.7500241949,-0.0862121582,0.0019836426,9.7816467288,0.0009223090,0.0000217014,-0.1746310764
558992.7600241950,-0.0877380371,0.0117492676,9.7813415531,0.0016167535,0.0000108507,-0.1746202257
558992.7700241950,-0.0862121582,0.0033569336,9.7808837894,0.0012912326,-0.0000217014,-0.1745442708
558992.7800241950,-0.0848388672,0.0091552734,9.7817993167,0.0012044271,0.0000217014,-0.1745117187
558992.7900241950,-0.0860595703,0.0051879883,9.7819519046,0.0017903646,-0.0000108507,-0.1745008680
558992.8000241950,-0.0875854492,0.0073242188,9.7813415531,0.0007595486,0.0000217014,-0.1744791667
558992.8100241950,-0.0871276855,0.0105285645,9.7811889652,0.0019748264,-0.0000108507,-0.1745442708
558992.8200241950,-0.0875854492,0.0019836426,9.7811889652,0.0007595486,0.0000108507,-0.1745876736
558992.8300241950,-0.0857543945,0.0112915039,9.7817993167,0.0018337674,-0.0000217014,-0.1745225694
558992.8400241950,-0.0860595703,0.0028991699,9.7811889652,0.0011067708,0.0000217014,-0.1745876736
558992.8500241950,-0.0868225098,0.0112915039,9.7813415531,0.0014105903,-0.0000000000,-0.1745334201
558992.8600241950,-0.0868225098,0.0044250488,9.7808837894,0.0015299479,-0.0000000000,-0.1745551215
558992.8700241951,-0.0865173340,0.0073242188,9.7817993167,0.0009765625,0.0000108507,-0.1745985243
558992.8800241950,-0.0857543945,0.0074768066,9.7813415531,0.0018337674,-0.0000000000,-0.1745334201
558992.8900241950,-0.0860595703,0.0050354004,9.7811889652,0.0008029514,0.0000108507,-0.1745768229
558992.9000241950,-0.0868225098,0.0100708008,9.7819519046,0.0019097222,-0.0000108507,-0.1745442708
558992.9100241950,-0.0872802734,0.0025939941,9.7819519046,0.0008680556,-0.0000000000,-0.1745985243
558992.9200241950,-0.0859069824,0.0114440918,9.7819519046,0.0017795139,-0.0000000000,-0.1745225694
558992.9300241950,-0.0863647461,0.0030517578,9.7814941409,0.0010633681,0.0000217014,-0.1745442708
558992.9400241950,-0.0871276855,0.0103759766,9.7813415531,0.0014431424,-0.0000000000,-0.1745225694
558992.9500241950,-0.0866699219,0.0045776367,9.7813415531,0.0014973958,-0.0000000000,-0.1745442708
558992.9600241950,-0.0866699219,0.0090026855,9.7817993167,0.0009657118,0.0000217014,-0.1745008680
558992.9700241950,-0.0862121582,0.0067138672,9.7813415531,0.0019097222,-0.0000217014,-0.1745225694
558992.9800241950,-0.0865173340,0.0039672852,9.7810363773,0.0007703993,0.0000108507,-0.1745225694
558992.9900241951,-0.0856018066,0.0112915039,9.7814941409,0.0019314236,-0.0000217014,-0.1745659722
558993.0000241949,-0.0859069824,0.0032043457,9.7816467288,0.0008789062,-0.0000000000,-0.1745659722
558993.0100241950,-0.0869750977,0.0105285645,9.7811889652,0.0016710069,0.0000108507,-0.1748155382
558993.0200241950,-0.0872802734,0.0015258789,9.7810363773,0.0012152778,0.0000108507,-0.1745442708
558993.0300241950,-0.0860595703,0.0111389160,9.7813415531,0.0012803819,-0.0000000000,-0.1745768229
558993.0400241950,-0.0854492188,0.0057983398,9.7821044925,0.0016710069,0.0000108507,-0.1745551215
558993.0500241950,-0.0869750977,0.0068664551,9.7822570804,0.0008680556,0.0000217014,-0.1745334201
558993.0600241950,-0.0874328613,0.0080871582,9.7814941409,0.0019531250,-0.0000217014,-0.1745008680
558993.0700241950,-0.0868225098,0.0036621094,9.7814941409,0.0007595486,-0.0000000000,-0.1745551215
558993.0800241950,-0.0857543945,0.0119018555,9.7814941409,0.0018229167,-0.0000108507,-0.1745225694
558993.0900241950,-0.0859069824,0.0022888184,9.7816467288,0.0010308160,0.0000108507,-0.1744900174
558993.1000241950,-0.0875854492,0.0100708008,9.7817993167,0.0015190972,0.0000108507,-0.1745008680
558993.1100241950,-0.0872802734,0.0035095215,9.7810363773,0.0013997396,-0.0000000000,-0.1745117187
558993.1200241951,-0.0856018066,0.0091552734,9.7816467288,0.0011176215,-0.0000000000,-0.1745117187
558993.1300241950,-0.0849914551,0.0068664551,9.7816467288,0.0017361111,-0.0000108507,-0.1744791667
558993.1400241950,-0.0872802734,0.0053405762,9.7817993167,0.0008355035,0.0000325521,-0.1745117187
558993.1500241950,-0.0878906250,0.0086975098,9.7810363773,0.0018880208,-0.0000217014,-0.1745442708
558993.1600241950,-0.0862121582,0.0039672852,9.7811889652,0.0008355035,-0.0000000000,-0.1745876736
558993.1700241950,-0.0842285156,0.0111389160,9.7814941409,0.0018337674,-0.0000000000,-0.1745442708
558993.1800241950,-0.0865173340,0.0027465820,9.7811889652,0.0010199653,0.0000217014,-0.1745659722
558993.1900241950,-0.0883483887,0.0109863281,9.7821044925,0.0015516493,-0.0000217014,-0.1745442708
558993.2000241950,-0.0863647461,0.0039672852,9.7810363773,0.0013671875,0.0000108507,-0.1745876736
558993.2100241950,-0.0851440430,0.0096130371,9.7816467288,0.0011067708,-0.0000000000,-0.1745768229
558993.2200241950,-0.0866699219,0.0057983398,9.7811889652,0.0017252604,-0.0000108507,-0.1744791667
558993.2300241950,-0.0880432129,0.0064086914,9.7816467288,0.0009114583,0.0000217014,-0.1745117187
558993.2400241951,-0.0862121582,0.0086975098,9.7810363773,0.0019097222,-0.0000217014,-0.1744791667
558993.2500241949,-0.0857543945,0.0038146973,9.7808837894,0.0008029514,0.0000108507,-0.1745551215
558993.2600241950,-0.0863647461,0.0111389160,9.7816467288,0.0018880208,-0.0000000000,-0.1744683160
558993.2700241950,-0.0872802734,0.0019836426,9.7813415531,0.0009440104,0.0000108507,-0.1745225694
558993.2800241950,-0.0869750977,0.0115966797,9.7822570804,0.0015190972,-0.0000000000,-0.1745334201
558993.2900241950,-0.0863647461,0.0036621094,9.7811889652,0.0013671875,-0.0000000000,-0.1745985243
558993.3000241950,-0.0865173340,0.0083923340,9.7814941409,0.0011501736,0.0000108507,-0.1745768229
558993.3100241950,-0.0871276855,0.0053405762,9.7816467288,0.0017361111,-0.0000217014,-0.1745551215
558993.3200241950,-0.0866699219,0.0070190430,9.7813415531,0.0008897569,0.0000217014,-0.1745768229
558993.3300241950,-0.0863647461,0.0086975098,9.7814941409,0.0018988715,-0.0000217014,-0.1745225694
558993.3400241950,-0.0865173340,0.0027465820,9.7811889652,0.0007486979,-0.0000000000,-0.1745225694
558993.3500241950,-0.0872802734,0.0106811523,9.7817993167,0.0018663194,0.0000108507,-0.1745225694
558993.3600241950,-0.0866699219,0.0030517578,9.7814941409,0.0009765625,-0.0000000000,-0.1745008680
558993.3700241951,-0.0863647461,0.0115966797,9.7824096683,0.0014973958,-0.0000000000,-0.1745117187
558993.3800241950,-0.0863647461,0.0036621094,9.7819519046,0.0014322917,-0.0000000000,-0.1745008680
558993.3900241950,-0.0869750977,0.0085449219,9.7813415531,0.0011067708,-0.0000000000,-0.1745334201
558993.4000241950,-0.0857543945,0.0064086914,9.7810363773,0.0017469618,-0.0000108507,-0.1745334201
558993.4100241950,-0.0865173340,0.0070190430,9.7817993167,0.0008789062,0.0000108507,-0.1745659722
558993.4200241950,-0.0857543945,0.0085449219,9.7811889652,0.0018120660,-0.0000108507,-0.1745225694
558993.4300241950,-0.0865173340,0.0042724609,9.7819519046,0.0009114583,-0.0000000000,-0.1745659722
558993.4400241950,-0.0868225098,0.0094604492,9.7811889652,0.0018337674,-0.0000108507,-0.1745659722
558993.4500241950,-0.0863647461,0.0044250488,9.7813415531,0.0009223090,-0.0000000000,-0.1745768229
558993.4600241950,-0.0865173340,0.0111389160,9.7816467288,0.0017035590,-0.0000217014,-0.1745117187
558993.4700241950,-0.0868225098,0.0015258789,9.7805786136,0.0011501736,0.0000108507,-0.1745768229
558993.4800241950,-0.0869750977,0.0097656250,9.7814941409,0.0013563368,0.0000108507,-0.1745876736
558993.4900241951,-0.0859069824,0.0050354004,9.7816467288,0.0015299479,-0.0000325521,-0.1745768229
558993.5000241949,-0.0872802734,0.0083923340,9.7821044925,0.0010199653,0.0000108507,-0.1745659722
558993.5100241950,-0.0872802734,0.0073242188,9.7813415531,0.0018337674,-0.0000108507,-0.1745117187
558993.5200241950,-0.0866699219,0.0045776367,9.7816467288,0.0008463542,-0.0000000000,-0.1745117187
558993.5300241950,-0.0862121582,0.0099182129,9.7814941409,0.0018880208,-0.0000217014,-0.1745334201
558993.5400241950,-0.0868225098,0.0035095215,9.7810363773,0.0008463542,-0.0000000000,-0.1744791667
558993.5500241950,-0.0880432129,0.0105285645,9.7810363773,0.0017469618,-0.0000000000,-0.1744683160
558993.5600241950,-0.0863647461,0.0025939941,9.7811889652,0.0011393229,-0.0000000000,-0.1745334201
558993.5700241950,-0.0872802734,0.0109863281,9.7810363773,0.0013671875,-0.0000217014,-0.1745768229
558993.5800241950,-0.0859069824,0.0039672852,9.7817993167,0.0016167535,-0.0000000000,-0.1745659722
558993.5900241950,-0.0868225098,0.0077819824,9.7813415531,0.0009223090,0.0000108507,-0.1745659722
558993.6000241950,-0.0877380371,0.0079345703,9.7822570804,0.0018988715,-0.0000217014,-0.1745876736
558993.6100241950,-0.0869750977,0.0039672852,9.7807312015,0.0007595486,0.0000108507,-0.1746419271
558993.6200241951,-0.0857543945,0.0111389160,9.7813415531,0.0018880208,-0.0000000000,-0.1745985243
558993.6300241950,-0.0859069824,0.0025939941,9.7816467288,0.0009331597,-0.0000000000,-0.1746310764
558993.6400241950,-0.0878906250,0.0114440918,9.7814941409,0.0016167535,0.0000108507,-0.1745876736
558993.6500241950,-0.0872802734,0.0027465820,9.7813415531,0.0012912326,-0.0000000000,-0.1745442708
558993.6600241950,-0.0863647461,0.0090026855,9.7816467288,0.0012695312,-0.0000217014,-0.1745334201
558993.6700241950,-0.0862121582,0.0057983398,9.7811889652,0.0016276042,0.0000108507,-0.1745225694
558993.6800241950,-0.0871276855,0.0074768066,9.7816467288,0.0008572049,-0.0000000000,-0.1745225694
558993.6900241950,-0.0875854492,0.0083923340,9.7813415531,0.0019314236,-0.0000217014,-0.1745442708
558993.7000241950,-0.0859069824,0.0033569336,9.7813415531,0.0007703993,-0.0000000000,-0.1745551215
558993.7100241950,-0.0857543945,0.0108337402,9.7813415531,0.0018880208,-0.0000108507,-0.1745442708
558993.7200241950,-0.0871276855,0.0018310547,9.7814941409,0.0010091146,-0.0000000000,-0.1745876736
558993.7300241960,-0.0874328613,0.0115966797,9.7814941409,0.0015190972,-0.0000217014,-0.1745551215
558993.7400241960,-0.0860595703,0.0038146973,9.7814941409,0.0013780382,-0.0000000000,-0.1745334201
558993.7500241960,-0.0868225098,0.0083923340,9.7808837894,0.0010850694,-0.0000217014,-0.1745768229
558993.7600241960,-0.0868225098,0.0061035156,9.7813415531,0.0017578125,-0.0000000000,-0.1745659722
558993.7700241960,-0.0865173340,0.0047302246,9.7813415531,0.0008355035,-0.0000000000,-0.1745768229
558993.7800241960,-0.0871276855,0.0094604492,9.7808837894,0.0019856771,-0.0000108507,-0.1745551215
558993.7900241960,-0.0869750977,0.0036621094,9.7805786136,0.0008463542,-0.0000000000,-0.1745117187
558993.8000241960,-0.0871276855,0.0119018555,9.7822570804,0.0017361111,-0.0000325521,-0.1745334201
558993.8100241960,-0.0857543945,0.0015258789,9.7816467288,0.0010959201,-0.0000000000,-0.1745334201
558993.8200241959,-0.0868225098,0.0099182129,9.7822570804,0.0014105903,-0.0000000000,-0.1745334201
558993.8300241960,-0.0866699219,0.0054931641,9.7814941409,0.0014865451,-0.0000000000,-0.1745768229
558993.8400241960,-0.0869750977,0.0091552734,9.7814941409,0.0010308160,0.0000108507,-0.1746093750
558993.8500241960,-0.0863647461,0.0062561035,9.7808837894,0.0018012153,-0.0000217014,-0.1745985243
558993.8600241960,-0.0869750977,0.0045776367,9.7819519046,0.0008463542,-0.0000000000,-0.1746419271
558993.8700241960,-0.0869750977,0.0094604492,9.7817993167,0.0019097222,-0.0000108507,-0.1745442708
558993.8800241960,-0.0872802734,0.0044250488,9.7814941409,0.0008029514,0.0000217014,-0.1746202257
558993.8900241960,-0.0878906250,0.0099182129,9.7819519046,0.0017903646,-0.0000434028,-0.1745985243
558993.9000241960,-0.0863647461,0.0018310547,9.7810363773,0.0010416667,0.0000108507,-0.1745985243
558993.9100241960,-0.0862121582,0.0108337402,9.7814941409,0.0015625000,-0.0000000000,-0.1745117187
558993.9200241960,-0.0866699219,0.0038146973,9.7819519046,0.0013780382,-0.0000000000,-0.1744900174
558993.9300241960,-0.0877380371,0.0094604492,9.7813415531,0.0011067708,0.0000108507,-0.1744574653
558993.9400241961,-0.0871276855,0.0048828125,9.7811889652,0.0017469618,-0.0000434028,-0.1744574653
558993.9500241959,-0.0868225098,0.0057983398,9.7811889652,0.0008355035,-0.0000000000,-0.1744466146
558993.9600241960,-0.0869750977,0.0103759766,9.7814941409,0.0019097222,-0.0000325521,-0.1744683160
558993.9700241960,-0.0866699219,0.0035095215,9.7804260257,0.0008355035,0.0000108507,-0.1745008680
558993.9800241960,-0.0866699219,0.0096130371,9.7814941409,0.0018229167,-0.0000108507,-0.1745442708
558993.9900241960,-0.0862121582,0.0027465820,9.7814941409,0.0010633681,-0.0000217014,-0.1745442708
558994.0000241960,-0.0868225098,0.0112915039,9.7819519046,0.0014539931,-0.0000000000,-0.1745551215
558994.0100241960,-0.0868225098,0.0033569336,9.7808837894,0.0013888889,-0.0000000000,-0.1748046875
558994.0200241960,-0.0883483887,0.0082397461,9.7821044925,0.0010959201,-0.0000000000,-0.1745334201
558994.0300241960,-0.0869750977,0.0057983398,9.7814941409,0.0017469618,-0.0000325521,-0.1745551215
558994.0400241960,-0.0866699219,0.0067138672,9.7811889652,0.0009114583,-0.0000000000,-0.1745225694
558994.0500241960,-0.0857543945,0.0090026855,9.7814941409,0.0018880208,-0.0000000000,-0.1744791667
558994.0600241960,-0.0875854492,0.0033569336,9.7811889652,0.0007921007,-0.0000000000,-0.1744791667
558994.0700241959,-0.0881958008,0.0105285645,9.7813415531,0.0018446181,-0.0000217014,-0.1745117187
558994.0800241960,-0.0869750977,0.0032043457,9.7816467288,0.0009548611,-0.0000000000,-0.1745117187
558994.0900241960,-0.0865173340,0.0109863281,9.7813415531,0.0015625000,-0.0000108507,-0.1745008680
558994.1000241960,-0.0866699219,0.0016784668,9.7810363773,0.0013237847,-0.0000000000,-0.1745008680
558994.1100241960,-0.0874328613,0.0091552734,9.7810363773,0.0012152778,-0.0000217014,-0.1745442708
558994.1200241960,-0.0878906250,0.0064086914,9.7811889652,0.0016927083,-0.0000108507,-0.1745876736
558994.1300241960,-0.0859069824,0.0065612793,9.7814941409,0.0008680556,-0.0000000000,-0.1745551215
558994.1400241960,-0.0859069824,0.0074768066,9.7814941409,0.0018880208,-0.0000325521,-0.1745442708
558994.1500241960,-0.0869750977,0.0032043457,9.7817993167,0.0008029514,0.0000108507,-0.1745985243
558994.1600241960,-0.0877380371,0.0112915039,9.7814941409,0.0018880208,-0.0000434028,-0.1745985243
558994.1700241960,-0.0874328613,0.0025939941,9.7819519046,0.0009548611,-0.0000000000,-0.1744791667
558994.1800241960,-0.0862121582,0.0096130371,9.7817993167,0.0015516493,-0.0000108507,-0.1739257812
558994.1900241961,-0.0878906250,0.0001525879,9.7811889652,0.0013780382,-0.0000217014,-0.1728624132
558994.2000241959,-0.0883483887,0.0080871582,9.7811889652,0.0011176215,-0.0000000000,-0.1717013889
558994.2100241960,-0.0886535645,0.0061035156,9.7814941409,0.0016818576,-0.0000217014,-0.1701822917
558994.2200241960,-0.0878906250,0.0047302246,9.7816467288,0.0007703993,-0.0000000000,-0.1690755208
558994.2300241960,-0.0880432129,0.0065612793,9.7814941409,0.0018337674,-0.0000000000,-0.1681857639
558994.2400241960,-0.0886535645,0.0025939941,9.7814941409,0.0007595486,0.0000108507,-0.1671223958
558994.2500241960,-0.0875854492,0.0111389160,9.7813415531,0.0018012153,-0.0000217014,-0.1665147569
558994.2600241960,-0.0874328613,0.0018310547,9.7810363773,0.0008897569,-0.0000000000,-0.1659288194
558994.2700241960,-0.0877380371,0.0086975098,9.7817993167,0.0014431424,-0.0000325521,-0.1649197049
558994.2800241960,-0.0880432129,0.0021362305,9.7816467288,0.0013563368,0.0000108507,-0.1642469618
558994.2900241960,-0.0888061523,0.0096130371,9.7819519046,0.0009223090,-0.0000000000,-0.1632595486
558994.3000241960,-0.0885009766,0.0054931641,9.7817993167,0.0017469618,-0.0000434028,-0.1622612847
558994.3100241960,-0.0872802734,0.0018310547,9.7816467288,0.0006401910,0.0000108507,-0.1615776910
558994.3200241959,-0.0881958008,0.0086975098,9.7816467288,0.0018663194,-0.0000217014,-0.1605685764
558994.3300241960,-0.0889587402,0.0025939941,9.7810363773,0.0007595486,-0.0000108507,-0.1596788194
558994.3400241960,-0.0891113281,0.0106811523,9.7816467288,0.0014973958,-0.0000108507,-0.1587782118
558994.3500241960,-0.0868225098,0.0007629395,9.7819519046,0.0010742187,-0.0000217014,-0.1575520833
558994.3600241960,-0.0877380371,0.0088500977,9.7819519046,0.0011610243,0.0000108507,-0.1570638021
558994.3700241960,-0.0883483887,0.0048828125,9.7813415531,0.0014539931,-0.0000217014,-0.1566080729
558994.3800241960,-0.0881958008,0.0061035156,9.7817993167,0.0007812500,-0.0000108507,-0.1557183160
558994.3900241960,-0.0868225098,0.0059509277,9.7819519046,0.0017361111,-0.0000434028,-0.1548285590
558994.4000241960,-0.0885009766,0.0019836426,9.7814941409,0.0005967882,0.0000325521,-0.1537109375
558994.4100241960,-0.0895690918,0.0105285645,9.7813415531,0.0017144097,-0.0000434028,-0.1524197049
558994.4200241960,-0.0886535645,0.0018310547,9.7808837894,0.0007269965,-0.0000000000,-0.1518880208
558994.4300241960,-0.0877380371,0.0093078613,9.7816467288,0.0013671875,-0.0000000000,-0.1510850694
558994.4400241961,-0.0865173340,0.0016784668,9.7816467288,0.0011501736,-0.0000000000,-0.1501844618
558994.4500241959,-0.0881958008,0.0090026855,9.7811889652,0.0009982639,0.0000108507,-0.1494791667
558994.4600241960,-0.0894165039,0.0048828125,9.7817993167,0.0014214410,-0.0000217014,-0.1484917535
558994.4700241960,-0.0878906250,0.0051879883,9.7811889652,0.0007161458,-0.0000108507,-0.1476779514
558994.4800241960,-0.0862121582,0.0061035156,9.7811889652,0.0015950521,-0.0000000000,-0.1468098958
558994.4900241960,-0.0892639160,0.0030517578,9.7816467288,0.0005750868,-0.0000000000,-0.1456597222
558994.5000241960,-0.0886535645,0.0088500977,9.7813415531,0.0016710069,-0.0000325521,-0.1448893229
558994.5100241960,-0.0878906250,0.0027465820,9.7816467288,0.0006401910,0.0000108507,-0.1442165799
558994.5200241960,-0.0878906250,0.0094604492,9.7810363773,0.0014322917,-0.0000542535,-0.1432074653
558994.5300241960,-0.0881958008,0.0004577637,9.7813415531,0.0009440104,0.0000108507,-0.1422634549
558994.5400241960,-0.0903320313,0.0083923340,9.7817993167,0.0010416667,-0.0000000000,-0.1413085937
558994.5500241960,-0.0874328613,0.0045776367,9.7811889652,0.0013237847,-0.0000434028,-0.1404296875
558994.5600241960,-0.0869750977,0.0062561035,9.7817993167,0.0006076389,0.0000217014,-0.1398980035
558994.5700241959,-0.0888061523,0.0048828125,9.7817993167,0.0016384549,-0.0000325521,-0.1389214410
558994.5800241960,-0.0895690918,0.0025939941,9.7814941409,0.0004882812,-0.0000108507,-0.1379882812
558994.5900241960,-0.0872802734,0.0111389160,9.7814941409,0.0015842014,-0.0000217014,-0.1371636285
558994.6000241960,-0.0863647461,0.0013732910,9.7802734378,0.0005967882,-0.0000000000,-0.1361436632
558994.6100241960,-0.0883483887,0.0096130371,9.7819519046,0.0013129340,-0.0000108507,-0.1354926215
558994.6200241960,-0.0904846191,0.0012207031,9.7814941409,0.0009006076,-0.0000000000,-0.1348632812
558994.6300241960,-0.0877380371,0.0086975098,9.7813415531,0.0009223090,-0.0000217014,-0.1336697049
558994.6400241960,-0.0866699219,0.0044250488,9.7814941409,0.0013671875,-0.0000000000,-0.1328776042
558994.6500241960,-0.0889587402,0.0032043457,9.7813415531,0.0004557292,-0.0000000000,-0.1314561632
558994.6600241960,-0.0901794434,0.0082397461,9.7807312015,0.0016710069,-0.0000325521,-0.1305772569
558994.6700241960,-0.0881958008,0.0018310547,9.7810363773,0.0004014757,-0.0000000000,-0.1303276910
558994.6800241960,-0.0866699219,0.0100708008,9.7825622562,0.0013563368,-0.0000000000,-0.1296332465
558994.6900241961,-0.0877380371,0.0009155273,9.7810363773,0.0008029514,-0.0000000000,-0.1286566840
558994.7000241959,-0.0900268555,0.0083923340,9.7814941409,0.0009223090,0.0000217014,-0.1279188368
558994.7100241960,-0.0901794434,0.0028991699,9.7817993167,0.0012912326,-0.0000542535,-0.1265082465
558994.7200241960,-0.0871276855,0.0053405762,9.7814941409,0.0004665799,-0.0000000000,-0.1256184896
558994.7300241960,-0.0863647461,0.0068664551,9.7813415531,0.0015190972,-0.0000000000,-0.1249674479
558994.7400241960,-0.0900268555,0.0024414063,9.7811889652,0.0003689236,-0.0000000000,-0.1239366319
558994.7500241960,-0.0903320313,0.0090026855,9.7811889652,0.0013997396,-0.0000108507,-0.1231662326
558994.7600241960,-0.0875854492,0.0009155273,9.7813415531,0.0005099826,0.0000108507,-0.1224175347
558994.7700241960,-0.0878906250,0.0091552734,9.7814941409,0.0012152778,-0.0000217014,-0.1213758681
558994.7800241960,-0.0885009766,0.0015258789,9.7813415531,0.0008138021,0.0000108507,-0.1207031250
558994.7900241960,-0.0897216797,0.0082397461,9.7816467288,0.0008246528,-0.0000000000,-0.1197265625
558994.8000241970,-0.0877380371,0.0033569336,9.7819519046,0.0011827257,-0.0000217014,-0.1187934028
558994.8100241970,-0.0880432129,0.0047302246,9.7811889652,0.0004231771,0.0000108507,-0.1181749132
558994.8200241970,-0.0889587402,0.0070190430,9.7810363773,0.0014322917,-0.0000000000,-0.1172743056
558994.8300241970,-0.0894165039,0.0030517578,9.7813415531,0.0003146701,-0.0000000000,-0.1163194444
558994.8400241970,-0.0880432129,0.0086975098,9.7817993167,0.0013888889,-0.0000325521,-0.1154730903
558994.8500241970,-0.0880432129,0.0004577637,9.7813415531,0.0004882812,-0.0000000000,-0.1143012153
558994.8600241970,-0.0891113281,0.0097656250,9.7821044925,0.0010959201,-0.0000217014,-0.1135308160
558994.8700241970,-0.0892639160,0.0019836426,9.7808837894,0.0007921007,-0.0000000000,-0.1127821181
558994.8800241970,-0.0886535645,0.0074768066,9.7814941409,0.0007052951,-0.0000000000,-0.1117078993
558994.8900241971,-0.0872802734,0.0038146973,9.7821044925,0.0011067708,-0.0000108507,-0.1111328125
558994.9000241969,-0.0885009766,0.0051879883,9.7817993167,0.0004340278,0.0000108507,-0.1102430556
558994.9100241970,-0.0903320313,0.0070190430,9.7811889652,0.0013346354,-0.0000325521,-0.1091254340
558994.9200241970,-0.0883483887,0.0030517578,9.7814941409,0.0002712674,-0.0000000000,-0.1085394965
558994.9300241970,-0.0878906250,0.0076293945,9.7814941409,0.0013237847,-0.0000000000,-0.1074218750
558994.9400241970,-0.0878906250,0.0013732910,9.7810363773,0.0003580729,-0.0000000000,-0.1065538194
558994.9500241970,-0.0898742676,0.0096130371,9.7814941409,0.0011176215,-0.0000000000,-0.1059027778
558994.9600241970,-0.0900268555,0.0012207031,9.7814941409,0.0006076389,-0.0000217014,-0.1046223958
558994.9700241970,-0.0871276855,0.0085449219,9.7811889652,0.0007486979,-0.0000000000,-0.1040147569
558994.9800241970,-0.0866699219,0.0027465820,9.7813415531,0.0009874132,0.0000108507,-0.1034505208
558994.9900241970,-0.0901794434,0.0065612793,9.7808837894,0.0004123264,-0.0000108507,-0.1025824653
558995.0000241970,-0.0892639160,0.0064086914,9.7814941409,0.0012044271,-0.0000108507,-0.1017035590
558995.0100241971,-0.0885009766,0.0027465820,9.7811889652,0.0002170139,-0.0000000000,-0.1007486979
558995.0200241969,-0.0881958008,0.0082397461,9.7816467288,0.0012803819,-0.0000325521,-0.0993055556
558995.0300241970,-0.0880432129,0.0013732910,9.7811889652,0.0002495660,-0.0000000000,-0.0986328125
558995.0400241970,-0.0888061523,0.0096130371,9.7814941409,0.0011067708,-0.0000000000,-0.0978190104
558995.0500241970,-0.0883483887,0.0013732910,9.7821044925,0.0004991319,-0.0000108507,-0.0970269097
558995.0600241970,-0.0872802734,0.0080871582,9.7816467288,0.0007812500,-0.0000000000,-0.0964192708
558995.0700241970,-0.0892639160,0.0019836426,9.7813415531,0.0008246528,-0.0000000000,-0.0954101562
558995.0800241970,-0.0891113281,0.0080871582,9.7807312015,0.0003363715,-0.0000000000,-0.0944878472
558995.0900241970,-0.0886535645,0.0047302246,9.7811889652,0.0011718750,-0.0000217014,-0.0935980903
558995.1000241970,-0.0885009766,0.0025939941,9.7816467288,0.0001410590,0.0000108507,-0.0925455729
558995.1100241970,-0.0881958008,0.0090026855,9.7814941409,0.0012369792,-0.0000325521,-0.0918294271
558995.1200241970,-0.0894165039,0.0016784668,9.7814941409,0.0001953125,0.0000108507,-0.0910915799
558995.1300241970,-0.0895690918,0.0086975098,9.7816467288,0.0010742187,-0.0000217014,-0.0899631076
558995.1400241971,-0.0886535645,0.0013732910,9.7814941409,0.0003797743,-0.0000000000,-0.0891384549
558995.1500241969,-0.0883483887,0.0090026855,9.7816467288,0.0007161458,-0.0000000000,-0.0882921007
558995.1600241970,-0.0894165039,0.0015258789,9.7816467288,0.0007703993,-0.0000000000,-0.0873914931
558995.1700241970,-0.0885009766,0.0074768066,9.7817993167,0.0003038194,-0.0000000000,-0.0867404514
558995.1800241970,-0.0888061523,0.0045776367,9.7810363773,0.0011067708,-0.0000108507,-0.0856553819
558995.1900241970,-0.0883483887,0.0038146973,9.7810363773,0.0000976562,-0.0000000000,-0.0848090278
558995.2000241970,-0.0894165039,0.0077819824,9.7814941409,0.0011501736,-0.0000108507,-0.0839409722
558995.2100241970,-0.0888061523,0.0003051758,9.7824096683,0.0000868056,0.0000108507,-0.0829427083
558995.2200241970,-0.0880432129,0.0097656250,9.7822570804,0.0010199653,-0.0000108507,-0.0823459201
558995.2300241970,-0.0888061523,0.0010681152,9.7790527347,0.0003146701,-0.0000000000,-0.0816840278
558995.2400241970,-0.0892639160,0.0080871582,9.7799682620,0.0006835937,0.0000108507,-0.0805013021
558995.2500241970,-0.0898742676,0.0015258789,9.7819519046,0.0007269965,-0.0000325521,-0.0797200521
558995.2600241971,-0.0894165039,0.0065612793,9.7857666019,0.0001953125,-0.0000000000,-0.0785590278
558995.2700241969,-0.0877380371,0.0061035156,9.7833251956,0.0010416667,-0.0000325521,-0.0774956597
558995.2800241970,-0.0880432129,0.0032043457,9.7799682620,-0.0000217014,0.0000325521,-0.0771158854
558995.2900241970,-0.0892639160,0.0077819824,9.7792053226,0.0011393229,-0.0000108507,-0.0762803819
558995.3000241970,-0.0892639160,0.0004577637,9.7789001468,0.0000759549,-0.0000000000,-0.0754014757
558995.3100241970,-0.0886535645,0.0094604492,9.7805786136,0.0008789062,-0.0000217014,-0.0746093750
558995.3200241970,-0.0889587402,0.0001525879,9.7830200199,0.0004123264,-0.0000000000,-0.0735243056
558995.3300241970,-0.0888061523,0.0077819824,9.7836303714,0.0004123264,-0.0000000000,-0.0726019965
558995.3400241970,-0.0891113281,0.0030517578,9.7827148441,0.0007703993,-0.0000217014,-0.0718858507
558995.3500241970,-0.0895690918,0.0059509277,9.7819519046,0.0001085069,-0.0000000000,-0.0707790799
558995.3600241970,-0.0877380371,0.0053405762,9.7810363773,0.0009874132,-0.0000000000,-0.0699761285
558995.3700241970,-0.0891113281,0.0019836426,9.7804260257,-0.0000542535,-0.0000000000,-0.0691623264
558995.3800241970,-0.0900268555,0.0079345703,9.7810363773,0.0010742187,-0.0000217014,-0.0681857639
558995.3900241971,-0.0889587402,0.0010681152,9.7810363773,0.0000000000,0.0000217014,-0.0675021701
558995.4000241969,-0.0892639160,0.0099182129,9.7825622562,0.0008355035,-0.0000325521,-0.0665907118
558995.4100241970,-0.0888061523,0.0009155273,9.7819519046,0.0002604167,0.0000108507,-0.0655815972
558995.4200241970,-0.0877380371,0.0077819824,9.7827148441,0.0004014757,-0.0000000000,-0.0648763021
558995.4300241970,-0.0885009766,0.0025939941,9.7816467288,0.0007486979,-0.0000217014,-0.0637912326
558995.4400241970,-0.0886535645,0.0059509277,9.7810363773,0.0000000000,-0.0000000000,-0.0627604167
558995.4500241970,-0.0889587402,0.0064086914,9.7808837894,0.0010525174,-0.0000217014,-0.0621527778
558995.4600241970,-0.0891113281,0.0004577637,9.7810363773,-0.0001953125,-0.0000000000,-0.0612413194
558995.4700241970,-0.0878906250,0.0099182129,9.7811889652,0.0009223090,-0.0000217014,-0.0605251736
558995.4800241970,-0.0894165039,-0.0001525879,9.7814941409,0.0000759549,0.0000217014,-0.0596679687
558995.4900241970,-0.0897216797,0.0083923340,9.7816467288,0.0004991319,-0.0000325521,-0.0584960937
558995.5000241970,-0.0885009766,0.0015258789,9.7821044925,0.0005642361,-0.0000000000,-0.0577148437
558995.5100241971,-0.0885009766,0.0065612793,9.7814941409,0.0000108507,-0.0000000000,-0.0569010417
558995.5200241969,-0.0886535645,0.0053405762,9.7813415531,0.0009006076,-0.0000108507,-0.0559895833
558995.5300241970,-0.0892639160,0.0027465820,9.7808837894,-0.0001953125,0.0000325521,-0.0553602431
558995.5400241970,-0.0886535645,0.0076293945,9.7813415531,0.0009223090,-0.0000217014,-0.0543511285
558995.5500241970,-0.0894165039,0.0016784668,9.7816467288,-0.0000976562,-0.0000108507,-0.0534505208
558995.5600241970,-0.0892639160,0.0097656250,9.7817993167,0.0006944444,-0.0000000000,-0.0528537326
558995.5700241970,-0.0891113281,-0.0000000000,9.7807312015,0.0002170139,-0.0000000000,-0.0516384549
558995.5800241970,-0.0880432129,0.0083923340,9.7810363773,0.0003038194,-0.0000000000,-0.0507812500
558995.5900241970,-0.0877380371,0.0032043457,9.7813415531,0.0006076389,-0.0000000000,-0.0500217014
558995.6000241970,-0.0903320313,0.0050354004,9.7819519046,-0.0001193576,-0.0000000000,-0.0489366319
558995.6100241970,-0.0877380371,0.0064086914,9.7821044925,0.0008138021,-0.0000325521,-0.0482747396
558995.6200241970,-0.0891113281,0.0016784668,9.7814941409,-0.0002387153,0.0000325521,-0.0473090278
558995.6300241970,-0.0885009766,0.0079345703,9.7811889652,0.0008355035,-0.0000434028,-0.0461697049
558995.6400241971,-0.0891113281,0.0015258789,9.7810363773,-0.0001193576,-0.0000000000,-0.0457031250
558995.6500241969,-0.0891113281,0.0085449219,9.7814941409,0.0006510417,0.0000108507,-0.0448676215
558995.6600241970,-0.0895690918,0.0003051758,9.7807312015,0.0000868056,-0.0000108507,-0.0438802083
558995.6700241970,-0.0888061523,0.0097656250,9.7813415531,0.0003255208,-0.0000108507,-0.0430772569
558995.6800241970,-0.0886535645,0.0015258789,9.7811889652,0.0003689236,-0.0000000000,-0.0420247396
558995.6900241970,-0.0888061523,0.0062561035,9.7813415531,0.0000325521,-0.0000000000,-0.0411458333
558995.7000241970,-0.0892639160,0.0044250488,9.7816467288,0.0006293403,-0.0000000000,-0.0404730903
558995.7100241970,-0.0895690918,0.0054931641,9.7814941409,-0.0001736111,-0.0000000000,-0.0394422743
558995.7200241970,-0.0883483887,0.0067138672,9.7814941409,0.0007921007,-0.0000217014,-0.0386610243
558995.7300241970,-0.0888061523,0.0012207031,9.7816467288,-0.0003580729,0.0000434028,-0.0378580729
558995.7400241970,-0.0892639160,0.0085449219,9.7810363773,0.0007378472,-0.0000217014,-0.0368706597
558995.7500241970,-0.0886535645,0.0009155273,9.7816467288,-0.0001085069,-0.0000000000,-0.0360026042
558995.7600241971,-0.0888061523,0.0091552734,9.7816467288,0.0003689236,-0.0000000000,-0.0350694444
558995.7700241969,-0.0891113281,0.0004577637,9.7808837894,0.0002604167,-0.0000217014,-0.0340386285
558995.7800241970,-0.0895690918,0.0062561035,9.7814941409,0.0000000000,0.0000108507,-0.0333984375
558995.7900241970,-0.0883483887,0.0042724609,9.7814941409,0.0006184896,-0.0000108507,-0.0323676215
558995.8000241970,-0.0895690918,0.0044250488,9.7814941409,-0.0003363715,0.0000108507,-0.0314995660
558995.8100241970,-0.0886535645,0.0068664551,9.7807312015,0.0007269965,-0.0000000000,-0.0308051215
558995.8200241970,-0.0900268555,-0.0000000000,9.7811889652,-0.0003906250,-0.0000000000,-0.0298936632
558995.8300241970,-0.0883483887,0.0097656250,9.7817993167,0.0006510417,-0.0000108507,-0.0291124132
558995.8400241970,-0.0891113281,0.0012207031,9.7816467288,-0.0001302083,0.0000325521,-0.0284179687
558995.8500241970,-0.0901794434,0.0082397461,9.7821044925,0.0002712674,-0.0000217014,-0.0272243924
558995.8600241970,-0.0888061523,0.0009155273,9.7814941409,0.0002929687,-0.0000000000,-0.0264105903
558995.8700241980,-0.0892639160,0.0059509277,9.7813415531,-0.0002387153,0.0000108507,-0.0251193576
558995.8800241980,-0.0894165039,0.0057983398,9.7808837894,0.0006401910,-0.0000325521,-0.0241970486
558995.8900241980,-0.0886535645,0.0028991699,9.7811889652,-0.0004448785,-0.0000000000,-0.0239366319
558995.9000241980,-0.0894165039,0.0071716309,9.7810363773,0.0006835937,-0.0000217014,-0.0232313368
558995.9100241980,-0.0883483887,0.0009155273,9.7819519046,-0.0003363715,-0.0000000000,-0.0223198785
558995.9200241980,-0.0886535645,0.0093078613,9.7825622562,0.0004882812,-0.0000000000,-0.0214192708
558995.9300241980,-0.0895690918,0.0007629395,9.7811889652,-0.0001193576,-0.0000000000,-0.0201171875
558995.9400241980,-0.0903320313,0.0082397461,9.7817993167,0.0001302083,-0.0000000000,-0.0191297743
558995.9500241980,-0.0888061523,0.0021362305,9.7813415531,0.0001953125,-0.0000217014,-0.0184895833
558995.9600241981,-0.0898742676,0.0065612793,9.7805786136,-0.0002278646,0.0000217014,-0.0174696181
558995.9700241979,-0.0891113281,0.0051879883,9.7821044925,0.0005316840,-0.0000108507,-0.0167751736
558995.9800241980,-0.0894165039,0.0028991699,9.7813415531,-0.0004123264,0.0000108507,-0.0160264757
558995.9900241980,-0.0889587402,0.0073242188,9.7807312015,0.0005859375,-0.0000108507,-0.0149631076
558996.0000241980,-0.0888061523,0.0018310547,9.7816467288,-0.0004882812,-0.0000000000,-0.0141927083
558996.0100241980,-0.0892639160,0.0088500977,9.7817993167,0.0004991319,-0.0000217014,-0.0132812500
558996.0200241980,-0.0895690918,0.0003051758,9.7821044925,-0.0003038194,-0.0000000000,-0.0123155382
558996.0300241980,-0.0891113281,0.0083923340,9.7817993167,0.0001085069,-0.0000000000,-0.0116210937
558996.0400241980,-0.0886535645,0.0012207031,9.7802734378,0.0001736111,0.0000217014,-0.0107096354
558996.0500241980,-0.0898742676,0.0067138672,9.7817993167,-0.0003146701,-0.0000000000,-0.0097764757
558996.0600241980,-0.0892639160,0.0053405762,9.7810363773,0.0004557292,-0.0000217014,-0.0089843750
558996.0700241980,-0.0888061523,0.0028991699,9.7819519046,-0.0005859375,0.0000108507,-0.0079861111
558996.0800241980,-0.0885009766,0.0083923340,9.7819519046,0.0005533854,-0.0000108507,-0.0071289062
558996.0900241981,-0.0900268555,0.0003051758,9.7814941409,-0.0005099826,0.0000217014,-0.0063476562
558996.1000241979,-0.0892639160,0.0094604492,9.7816467288,0.0003363715,-0.0000108507,-0.0052734375
558996.1100241980,-0.0892639160,0.0009155273,9.7811889652,-0.0001410590,-0.0000108507,-0.0045247396
558996.1200241980,-0.0888061523,0.0082397461,9.7813415531,-0.0001302083,-0.0000000000,-0.0037434896
558996.1300241980,-0.0895690918,0.0024414063,9.7813415531,0.0002821181,-0.0000108507,-0.0028211806
558996.1400241980,-0.0892639160,0.0056457520,9.7819519046,-0.0005533854,-0.0000000000,-0.0022352431
558996.1500241980,-0.0900268555,0.0073242188,9.7813415531,0.0004882812,-0.0000108507,-0.0011827257
558996.1600241980,-0.0888061523,0.0009155273,9.7831726077,-0.0006293403,0.0000108507,-0.0001844618
558996.1700241980,-0.0885009766,0.0083923340,9.7805786136,0.0004557292,-0.0000217014,0.0001193576
558996.1800241980,-0.0889587402,0.0010681152,9.7814941409,-0.0004557292,0.0000108507,-0.0001085069
558996.1900241980,-0.0886535645,0.0115966797,9.7822570804,0.0002170139,-0.0000108507,-0.0000976562
558996.2000241980,-0.0875854492,0.0006103516,9.7811889652,-0.0002061632,0.0000217014,-0.0001627604
558996.2100241981,-0.0892639160,0.0079345703,9.7810363773,-0.0001193576,-0.0000325521,-0.0001953125
558996.2200241979,-0.0878906250,0.0035095215,9.7799682620,0.0001519097,-0.0000000000,-0.0001953125
558996.2300241980,-0.0878906250,0.0065612793,9.7821044925,-0.0004557292,0.0000325521,-0.0001627604
558996.2400241980,-0.0898742676,0.0061035156,9.7811889652,0.0004557292,-0.0000325521,-0.0001844618
558996.2500241980,-0.0885009766,0.0019836426,9.7810363773,-0.0005859375,0.0000108507,-0.0001736111
558996.2600241980,-0.0874328613,0.0100708008,9.7816467288,0.0004665799,-0.0000217014,-0.0001519097
558996.2700241980,-0.0874328613,0.0012207031,9.7810363773,-0.0005533854,-0.0000000000,-0.0001844618
558996.2800241980,-0.0897216797,0.0093078613,9.7816467288,0.0002821181,-0.0000000000,-0.0000976562
558996.2900241980,-0.0885009766,0.0009155273,9.7811889652,-0.0002278646,-0.0000000000,-0.0001410590
558996.3000241980,-0.0875854492,0.0093078613,9.7811889652,-0.0000759549,-0.0000108507,-0.0001302083
558996.3100241980,-0.0875854492,0.0032043457,9.7811889652,0.0001736111,0.0000108507,-0.0000976562
558996.3200241980,-0.0897216797,0.0051879883,9.7814941409,-0.0004665799,0.0000325521,-0.0001627604
558996.3300241980,-0.0885009766,0.0054931641,9.7811889652,0.0004557292,-0.0000434028,-0.0001519097
558996.3400241981,-0.0885009766,0.0041198730,9.7813415531,-0.0006293403,0.0000217014,-0.0000868056
558996.3500241979,-0.0877380371,0.0090026855,9.7817993167,0.0004340278,-0.0000000000,-0.0000868056
558996.3600241980,-0.0889587402,0.0006103516,9.7805786136,-0.0004991319,-0.0000000000,-0.0001085069
558996.3700241980,-0.0889587402,0.0096130371,9.7814941409,0.0003038194,-0.0000108507,-0.0000651042
558996.3800241980,-0.0877380371,0.0024414063,9.7814941409,-0.0002821181,0.0000108507,-0.0001302083
558996.3900241980,-0.0877380371,0.0093078613,9.7819519046,-0.0000325521,-0.0000000000,-0.0000759549
558996.4000241980,-0.0886535645,0.0018310547,9.7811889652,0.0001085069,0.0000217014,-0.0001302083
558996.4100241980,-0.0900268555,0.0067138672,9.7814941409,-0.0004231771,-0.0000000000,-0.0000759549
558996.4200241980,-0.0883483887,0.0070190430,9.7814941409,0.0004014757,-0.0000000000,-0.0001193576
558996.4300241980,-0.0869750977,0.0032043457,9.7808837894,-0.0006293403,-0.0000000000,-0.0000434028
558996.4400241980,-0.0881958008,0.0083923340,9.7814941409,0.0005208333,-0.0000217014,-0.0000976562
558996.4500241980,-0.0892639160,0.0010681152,9.7807312015,-0.0004882812,0.0000217014,-0.0000651042
558996.4600241981,-0.0886535645,0.0105285645,9.7813415531,0.0002387153,-0.0000000000,-0.0000868056
558996.4700241979,-0.0869750977,0.0013732910,9.7814941409,-0.0002495660,-0.0000000000,-0.0000651042
558996.4800241980,-0.0886535645,0.0086975098,9.7819519046,-0.0000434028,0.0000108507,-0.0000542535
558996.4900241980,-0.0889587402,0.0024414063,9.7813415531,0.0000976562,-0.0000000000,-0.0000868056
558996.5000241980,-0.0888061523,0.0073242188,9.7811889652,-0.0003797743,-0.0000000000,-0.0000434028
558996.5100241980,-0.0875854492,0.0054931641,9.7821044925,0.0004014757,-0.0000000000,-0.0000651042
558996.5200241980,-0.0880432129,0.0019836426,9.7810363773,-0.0005859375,0.0000108507,-0.0000651042
558996.5300241980,-0.0894165039,0.0085449219,9.7813415531,0.0004991319,-0.0000217014,-0.0000217014
558996.5400241980,-0.0891113281,0.0021362305,9.7814941409,-0.0005859375,0.0000108507,-0.0001085069
558996.5500241980,-0.0883483887,0.0096130371,9.7819519046,0.0003255208,-0.0000434028,-0.0000108507
558996.5600241980,-0.0877380371,-0.0000000000,9.7813415531,-0.0002821181,0.0000217014,-0.0000325521
558996.5700241980,-0.0891113281,0.0091552734,9.7816467288,-0.0000325521,-0.0000000000,-0.0000868056
558996.5800241980,-0.0894165039,0.0027465820,9.7811889652,0.0000868056,-0.0000000000,0.0000000000
558996.5900241981,-0.0886535645,0.0080871582,9.7814941409,-0.0003363715,-0.0000000000,-0.0000217014
558996.6000241979,-0.0871276855,0.0045776367,9.7807312015,0.0002929687,-0.0000108507,-0.0000651042
558996.6100241980,-0.0891113281,0.0033569336,9.7813415531,-0.0005316840,0.0000217014,-0.0000325521
558996.6200241980,-0.0883483887,0.0082397461,9.7813415531,0.0004665799,-0.0000000000,0.0000000000
558996.6300241980,-0.0878906250,0.0027465820,9.7816467288,-0.0005750868,-0.0000000000,-0.0000325521
558996.6400241980,-0.0880432129,0.0086975098,9.7811889652,0.0004340278,-0.0000000000,-0.0001193576
558996.6500241980,-0.0886535645,-0.0000000000,9.7819519046,-0.0003906250,-0.0000000000,0.0000000000
558996.6600241980,-0.0886535645,0.0105285645,9.7824096683,0.0000868056,-0.0000000000,-0.0000325521
558996.6700241980,-0.0886535645,0.0024414063,9.7810363773,-0.0000217014,-0.0000000000,-0.0000651042
558996.6800241980,-0.0889587402,0.0074768066,9.7804260257,-0.0003038194,-0.0000000000,-0.0000217014
558996.6900241980,-0.0881958008,0.0041198730,9.7811889652,0.0003580729,-0.0000217014,0.0000325521
558996.7000241980,-0.0886535645,0.0051879883,9.7814941409,-0.0006184896,0.0000434028,0.0000000000
558996.7100241981,-0.0889587402,0.0083923340,9.7814941409,0.0005533854,-0.0000434028,-0.0000217014
558996.7200241979,-0.0883483887,-0.0000000000,9.7817993167,-0.0006184896,0.0000108507,-0.0000976562
558996.7300241980,-0.0875854492,0.0099182129,9.7817993167,0.0003146701,-0.0000000000,0.0000108507
558996.7400241980,-0.0897216797,0.0012207031,9.7814941409,-0.0002170139,-0.0000000000,0.0000108507
558996.7500241980,-0.0886535645,0.0094604492,9.7810363773,-0.0001844618,-0.0000000000,0.0000000000
558996.7600241980,-0.0883483887,0.0028991699,9.7816467288,0.0002387153,-0.0000000000,-0.0000325521
558996.7700241980,-0.0874328613,0.0056457520,9.7813415531,-0.0005099826,0.0000217014,-0.0000759549
558996.7800241980,-0.0885009766,0.0076293945,9.7814941409,0.0004991319,-0.0000217014,0.0000542535
558996.7900241980,-0.0888061523,0.0025939941,9.7813415531,-0.0006184896,0.0000108507,0.0000108507
558996.8000241980,-0.0889587402,0.0093078613,9.7817993167,0.0004123264,-0.0000217014,0.0000000000
558996.8100241980,-0.0878906250,0.0007629395,9.7808837894,-0.0004448785,-0.0000000000,-0.0000325521
558996.8200241980,-0.0889587402,0.0108337402,9.7819519046,0.0001736111,-0.0000000000,-0.0000434028
558996.8300241980,-0.0888061523,0.0016784668,9.7819519046,-0.0000759549,-0.0000000000,0.0000108507
558996.8400241981,-0.0888061523,0.0083923340,9.7822570804,-0.0002712674,-0.0000000000,0.0000434028
558996.8500241979,-0.0872802734,0.0033569336,9.7813415531,0.0004014757,-0.0000325521,0.0000108507
558996.8600241980,-0.0883483887,0.0047302246,9.7807312015,-0.0006401910,0.0000217014,-0.0000108507
558996.8700241980,-0.0898742676,0.0091552734,9.7819519046,0.0005208333,-0.0000325521,-0.0000217014
558996.8800241980,-0.0888061523,-0.0000000000,9.7813415531,-0.0005967882,-0.0000000000,-0.0000542535
558996.8900241980,-0.0872802734,0.0099182129,9.7822570804,0.0003146701,0.0000108507,0.0000000000
558996.9000241980,-0.0889587402,0.0013732910,9.7813415531,-0.0002061632,-0.0000000000,0.0000542535
558996.9100241980,-0.0888061523,0.0094604492,9.7802734378,-0.0001193576,-0.0000000000,-0.0000325521
558996.9200241980,-0.0877380371,0.0030517578,9.7819519046,0.0002170139,-0.0000108507,0.0000325521
558996.9300241980,-0.0875854492,0.0053405762,9.7822570804,-0.0005642361,0.0000108507,0.0000217014
558996.9400241980,-0.0877380371,0.0076293945,9.7819519046,0.0005533854,-0.0000217014,0.0000000000
558996.9500241990,-0.0881958008,0.0012207031,9.7813415531,-0.0007269965,-0.0000000000,0.0000000000
558996.9600241990,-0.0880432129,0.0108337402,9.7817993167,0.0004448785,-0.0000217014,-0.0000108507
558996.9700241990,-0.0878906250,-0.0000000000,9.7811889652,-0.0003255208,0.0000108507,-0.0000434028
558996.9800241990,-0.0885009766,0.0093078613,9.7814941409,-0.0000217014,0.0000108507,0.0000976562
558996.9900241990,-0.0889587402,0.0028991699,9.7821044925,0.0001844618,-0.0000108507,-0.0000542535
558997.0000241990,-0.0891113281,0.0057983398,9.7813415531,-0.0005533854,0.0000108507,0.0000325521
558997.0100241990,-0.0875854492,0.0064086914,9.7819519046,0.0004991319,-0.0000217014,0.0000542535
558997.0200241990,-0.0881958008,0.0028991699,9.7816467288,-0.0006727431,-0.0000000000,0.0000217014
558997.0300241990,-0.0901794434,0.0091552734,9.7810363773,0.0004557292,-0.0000325521,0.0000108507
558997.0400241991,-0.0885009766,0.0018310547,9.7814941409,-0.0004557292,0.0000108507,0.0000000000
558997.0500241990,-0.0885009766,0.0100708008,9.7816467288,0.0001844618,-0.0000000000,0.0000000000
558997.0600241990,-0.0894165039,0.0013732910,9.7813415531,-0.0001302083,0.0000217014,-0.0000217014
558997.0700241990,-0.0895690918,0.0077819824,9.7814941409,-0.0001519097,-0.0000000000,-0.0000325521
558997.0800241990,-0.0892639160,0.0042724609,9.7814941409,0.0001953125,-0.0000108507,0.0001085069
558997.0900241990,-0.0877380371,0.0071716309,9.7821044925,-0.0004774306,-0.0000000000,-0.0000542535
558997.1000241990,-0.0883483887,0.0059509277,9.7805786136,0.0004448785,-0.0000000000,0.0000976562
558997.1100241990,-0.0892639160,0.0021362305,9.7817993167,-0.0006293403,0.0000217014,0.0000000000
558997.1200241990,-0.0880432129,0.0093078613,9.7811889652,0.0005208333,-0.0000000000,0.0000000000
558997.1300241990,-0.0881958008,0.0013732910,9.7804260257,-0.0005316840,0.0000108507,0.0000434028
558997.1400241990,-0.0894165039,0.0108337402,9.7816467288,0.0002061632,-0.0000000000,0.0000325521
558997.1500241990,-0.0889587402,0.0001525879,9.7814941409,-0.0002061632,-0.0000000000,0.0000217014
558997.1600241991,-0.0892639160,0.0082397461,9.7816467288,-0.0001302083,-0.0000000000,0.0000108507
558997.1700241989,-0.0881958008,0.0041198730,9.7811889652,0.0002712674,-0.0000000000,0.0000108507
558997.1800241990,-0.0889587402,0.0061035156,9.7814941409,-0.0005533854,0.0000108507,0.0000108507
558997.1900241990,-0.0883483887,0.0062561035,9.7814941409,0.0005316840,-0.0000325521,0.0000108507
558997.2000241990,-0.0875854492,0.0013732910,9.7814941409,-0.0006618924,0.0000108507,0.0000108507
558997.2100241990,-0.0881958008,0.0122070313,9.7824096683,0.0004123264,-0.0000217014,0.0000000000
558997.2200241990,-0.0883483887,-0.0000000000,9.7808837894,-0.0004123264,-0.0000108507,0.0000000000
558997.2300241990,-0.0885009766,0.0091552734,9.7817993167,0.0000434028,-0.0000000000,0.0000000000
558997.2400241990,-0.0878906250,0.0027465820,9.7813415531,0.0001193576,-0.0000000000,0.0000325521
558997.2500241990,-0.0888061523,0.0074768066,9.7810363773,-0.0004665799,-0.0000000000,0.0000108507
558997.2600241990,-0.0874328613,0.0062561035,9.7811889652,0.0004557292,0.0000108507,0.0000108507
558997.2700241990,-0.0883483887,0.0027465820,9.7811889652,-0.0006401910,-0.0000000000,0.0000542535
558997.2800241990,-0.0883483887,0.0086975098,9.7810363773,0.0004340278,-0.0000000000,0.0000000000
558997.2900241991,-0.0889587402,0.0007629395,9.7813415531,-0.0004665799,-0.0000000000,0.0000868056
558997.3000241990,-0.0880432129,0.0102233887,9.7811889652,0.0002278646,-0.0000000000,0.0000000000
558997.3100241990,-0.0878906250,0.0013732910,9.7819519046,-0.0002061632,-0.0000000000,0.0000325521
558997.3200241990,-0.0889587402,0.0100708008,9.7816467288,-0.0000759549,0.0000108507,0.0000325521
558997.3300241990,-0.0894165039,0.0024414063,9.7821044925,0.0001410590,-0.0000434028,0.0000217014
558997.3400241990,-0.0875854492,0.0057983398,9.7810363773,-0.0004991319,0.0000217014,0.0000217014
558997.3500241990,-0.0881958008,0.0067138672,9.7813415531,0.0004665799,0.0000108507,0.0000651042
558997.3600241990,-0.0894165039,0.0027465820,9.7819519046,-0.0006510417,0.0000108507,0.0000108507
558997.3700241990,-0.0892639160,0.0093078613,9.7810363773,0.0004774306,-0.0000217014,0.0000542535
558997.3800241990,-0.0871276855,0.0001525879,9.7821044925,-0.0004557292,0.0000108507,0.0000108507
558997.3900241990,-0.0886535645,0.0099182129,9.7813415531,0.0001953125,-0.0000000000,0.0000217014
558997.4000241990,-0.0889587402,0.0018310547,9.7811889652,-0.0001302083,0.0000108507,0.0000434028
558997.4100241991,-0.0892639160,0.0091552734,9.7814941409,-0.0002278646,-0.0000325521,0.0000434028
558997.4200241989,-0.0865173340,0.0035095215,9.7816467288,0.0002821181,-0.0000000000,0.0000434028
558997.4300241990,-0.0885009766,0.0061035156,9.7824096683,-0.0005642361,0.0000108507,0.0000108507
558997.4400241990,-0.0886535645,0.0074768066,9.7810363773,0.0004991319,-0.0000217014,0.0000217014
558997.4500241990,-0.0891113281,0.0019836426,9.7821044925,-0.0006293403,0.0000108507,0.0000217014
558997.4600241990,-0.0874328613,0.0094604492,9.7807312015,0.0004448785,-0.0000000000,0.0000542535
558997.4700241990,-0.0888061523,0.0009155273,9.7807312015,-0.0004231771,0.0000108507,0.0000325521
558997.4800241990,-0.0898742676,0.0106811523,9.7813415531,0.0000651042,-0.0000108507,0.0000325521
558997.4900241990,-0.0889587402,0.0012207031,9.7811889652,-0.0000434028,0.0000217014,0.0000217014
558997.5000241990,-0.0871276855,0.0070190430,9.7811889652,-0.0002712674,-0.0000000000,0.0000325521
558997.5100241990,-0.0881958008,0.0050354004,9.7813415531,0.0003255208,-0.0000217014,0.0000000000
558997.5200241990,-0.0895690918,0.0054931641,9.7827148441,-0.0005750868,0.0000108507,0.0000000000
558997.5300241990,-0.0906372070,0.0074768066,9.7810363773,0.0004882812,-0.0000325521,0.0000542535
558997.5400241991,-0.0880432129,0.0004577637,9.7813415531,-0.0006293403,-0.0000000000,0.0000108507
558997.5500241990,-0.0865173340,0.0111389160,9.7814941409,0.0003797743,-0.0000000000,0.0000325521
558997.5600241990,-0.0886535645,0.0009155273,9.7814941409,-0.0003255208,0.0000108507,0.0000108507
558997.5700241990,-0.0903320313,0.0088500977,9.7822570804,-0.0000325521,-0.0000108507,0.0000108507
558997.5800241990,-0.0863647461,0.0028991699,9.7807312015,0.0001302083,-0.0000000000,0.0000108507
558997.5900241990,-0.0874328613,0.0073242188,9.7816467288,-0.0004231771,0.0000108507,0.0000000000
558997.6000241990,-0.0878906250,0.0059509277,9.7814941409,0.0004014757,0.0000108507,0.0000217014
558997.6100241990,-0.0907897949,0.0030517578,9.7814941409,-0.0006618924,0.0000108507,-0.0000217014
558997.6200241990,-0.0885009766,0.0088500977,9.7814941409,0.0004882812,-0.0000217014,0.0000542535
558997.6300241990,-0.0869750977,0.0019836426,9.7816467288,-0.0005099826,0.0000108507,0.0000325521
558997.6400241990,-0.0885009766,0.0103759766,9.7819519046,0.0002712674,-0.0000000000,-0.0000108507
558997.6500241990,-0.0900268555,0.0003051758,9.7808837894,-0.0001844618,-0.0000000000,0.0001193576
558997.6600241991,-0.0885009766,0.0086975098,9.7819519046,-0.0001302083,-0.0000108507,-0.0000542535
558997.6700241989,-0.0877380371,0.0044250488,9.7813415531,0.0001953125,-0.0000000000,0.0001085069
558997.6800241990,-0.0894165039,0.0059509277,9.7813415531,-0.0005316840,0.0000108507,0.0000000000
558997.6900241990,-0.0892639160,0.0054931641,9.7811889652,0.0004557292,-0.0000217014,0.0000542535
558997.7000241990,-0.0885009766,0.0032043457,9.7816467288,-0.0006401910,0.0000325521,0.0000325521
558997.7100241990,-0.0883483887,0.0102233887,9.7813415531,0.0004882812,-0.0000325521,0.0000217014
558997.7200241990,-0.0874328613,-0.0000000000,9.7816467288,-0.0004665799,0.0000217014,0.0000217014
558997.7300241990,-0.0891113281,0.0097656250,9.7811889652,0.0000976562,-0.0000000000,0.0000434028
558997.7400241990,-0.0888061523,0.0022888184,9.7814941409,0.0000325521,-0.0000108507,0.0000108507
558997.7500241990,-0.0878906250,0.0076293945,9.7816467288,-0.0004014757,-0.0000000000,0.0000434028
558997.7600241990,-0.0883483887,0.0057983398,9.7814941409,0.0003906250,-0.0000000000,0.0000651042
558997.7700241990,-0.0888061523,0.0030517578,9.7813415531,-0.0005859375,-0.0000000000,-0.0000108507
558997.7800241990,-0.0881958008,0.0086975098,9.7816467288,0.0005208333,-0.0000325521,0.0000651042
558997.7900241991,-0.0880432129,0.0013732910,9.7811889652,-0.0005750868,0.0000217014,0.0000000000
558997.8000241990,-0.0875854492,0.0100708008,9.7816467288,0.0003146701,-0.0000217014,0.0000868056
558997.8100241990,-0.0880432129,0.0009155273,9.7817993167,-0.0002929687,0.0000108507,-0.0000108507
558997.8200241990,-0.0886535645,0.0085449219,9.7814941409,-0.0000217014,-0.0000000000,0.0000868056
558997.8300241990,-0.0872802734,0.0025939941,9.7810363773,0.0001193576,-0.0000000000,-0.0000325521
558997.8400241990,-0.0883483887,0.0068664551,9.7821044925,-0.0004231771,-0.0000000000,0.0000542535
558997.8500241990,-0.0885009766,0.0053405762,9.7821044925,0.0004448785,-0.0000000000,0.0000325521
558997.8600241990,-0.0875854492,0.0036621094,9.7808837894,-0.0006184896,0.0000217014,0.0000217014
558997.8700241990,-0.0872802734,0.0096130371,9.7804260257,0.0004774306,-0.0000217014,0.0000759549
558997.8800241990,-0.0889587402,0.0003051758,9.7816467288,-0.0005750868,0.0000108507,-0.0000108507
558997.8900241990,-0.0891113281,0.0099182129,9.7813415531,0.0002604167,-0.0000000000,0.0000976562
558997.9000241990,-0.0880432129,0.0024414063,9.7819519046,-0.0001627604,0.0000108507,-0.0000542535
558997.9100241991,-0.0894165039,0.0090026855,9.7814941409,-0.0001410590,-0.0000000000,0.0000868056
558997.9200241989,-0.0883483887,0.0036621094,9.7821044925,0.0002604167,-0.0000000000,0.0000217014
558997.9300241990,-0.0880432129,0.0056457520,9.7816467288,-0.0005316840,-0.0000000000,0.0000000000
558997.9400241990,-0.0877380371,0.0076293945,9.7814941409,0.0004340278,-0.0000000000,0.0001085069
558997.9500241990,-0.0886535645,0.0025939941,9.7816467288,-0.0005967882,-0.0000000000,-0.0000325521
558997.9600241990,-0.0897216797,0.0090026855,9.7813415531,0.0004448785,-0.0000000000,0.0000976562
558997.9700241990,-0.0885009766,0.0016784668,9.7813415531,-0.0004882812,0.0000108507,-0.0000325521
558997.9800241990,-0.0898742676,0.0099182129,9.7814941409,0.0002712674,-0.0000000000,0.0000434028
558997.9900241990,-0.0891113281,0.0006103516,9.7810363773,-0.0002387153,-0.0000000000,0.0000759549
558998.0000241990,-0.0885009766,0.0088500977,9.7816467288,-0.0000325521,-0.0000000000,-0.0000217014
558998.0100241990,-0.0875854492,0.0033569336,9.7814941409,0.0000434028,0.0000108507,0.0001193576
558998.0200242000,-0.0883483887,0.0068664551,9.7811889652,-0.0003689236,-0.0000000000,-0.0000434028
558998.0300242000,-0.0888061523,0.0041198730,9.7814941409,0.0003689236,-0.0000325521,0.0000759549
558998.0400242000,-0.0892639160,0.0044250488,9.7810363773,-0.0005425347,-0.0000000000,0.0000651042
558998.0500242000,-0.0874328613,0.0093078613,9.7817993167,0.0004774306,-0.0000000000,-0.0000217014
558998.0600242000,-0.0886535645,0.0012207031,9.7808837894,-0.0005967882,-0.0000000000,0.0001085069
558998.0700242000,-0.0894165039,0.0093078613,9.7817993167,0.0004014757,-0.0000000000,-0.0000434028
558998.0800242000,-0.0883483887,0.0010681152,9.7810363773,-0.0003363715,-0.0000000000,0.0000976562
558998.0900242000,-0.0883483887,0.0109863281,9.7816467288,-0.0000108507,-0.0000000000,0.0000217014
558998.1000242000,-0.0885009766,0.0025939941,9.7819519046,0.0000868056,0.0000108507,-0.0000325521
558998.1100242001,-0.0888061523,0.0068664551,9.7807312015,-0.0004014757,-0.0000108507,0.0001302083
558998.1200241999,-0.0885009766,0.0064086914,9.7819519046,0.0004557292,-0.0000000000,-0.0000434028
558998.1300242000,-0.0880432129,0.0032043457,9.7816467288,-0.0006401910,0.0000217014,0.0000651042
558998.1400242000,-0.0888061523,0.0091552734,9.7807312015,0.0004774306,-0.0000000000,0.0000651042
558998.1500242000,-0.0888061523,0.0012207031,9.7822570804,-0.0005750868,-0.0000000000,-0.0000108507
558998.1600242000,-0.0881958008,0.0109863281,9.7811889652,0.0003472222,-0.0000217014,0.0000434028
558998.1700242000,-0.0886535645,0.0015258789,9.7816467288,-0.0002929687,0.0000217014,0.0000000000
558998.1800242000,-0.0886535645,0.0090026855,9.7816467288,-0.0000217014,-0.0000000000,0.0000976562
558998.1900242000,-0.0878906250,0.0024414063,9.7813415531,0.0001193576,-0.0000000000,-0.0000542535
558998.2000242000,-0.0885009766,0.0073242188,9.7824096683,-0.0004231771,0.0000217014,0.0001193576
558998.2100242000,-0.0883483887,0.0065612793,9.7811889652,0.0004014757,-0.0000217014,0.0000000000
558998.2200242000,-0.0897216797,0.0032043457,9.7814941409,-0.0006401910,0.0000108507,0.0000217014
558998.2300242000,-0.0894165039,0.0093078613,9.7819519046,0.0004991319,-0.0000000000,0.0000868056
558998.2400241999,-0.0875854492,0.0009155273,9.7808837894,-0.0005099826,0.0000108507,-0.0000651042
558998.2500242000,-0.0892639160,0.0105285645,9.7816467288,0.0002387153,-0.0000000000,0.0001193576
558998.2600242000,-0.0880432129,0.0009155273,9.7810363773,-0.0002170139,-0.0000000000,0.0000000000
558998.2700242000,-0.0883483887,0.0085449219,9.7822570804,-0.0001302083,-0.0000000000,0.0000434028
558998.2800242000,-0.0888061523,0.0039672852,9.7807312015,0.0001410590,-0.0000108507,0.0000325521
558998.2900242000,-0.0883483887,0.0057983398,9.7808837894,-0.0004231771,-0.0000000000,0.0000217014
558998.3000242000,-0.0891113281,0.0053405762,9.7821044925,0.0004123264,-0.0000000000,0.0000434028
558998.3100242000,-0.0880432129,0.0027465820,9.7816467288,-0.0005750868,0.0000108507,0.0000217014
558998.3200242000,-0.0863647461,0.0090026855,9.7811889652,0.0004665799,-0.0000217014,0.0000217014
558998.3300242000,-0.0888061523,0.0024414063,9.7817993167,-0.0005533854,0.0000108507,0.0000434028
558998.3400242000,-0.0885009766,0.0088500977,9.7814941409,0.0003472222,-0.0000217014,0.0000651042
558998.3500242000,-0.0881958008,0.0007629395,9.7807312015,-0.0003906250,0.0000217014,-0.0000217014
558998.3600242001,-0.0875854492,0.0108337402,9.7808837894,0.0001302083,-0.0000108507,0.0001193576
558998.3700241999,-0.0885009766,0.0012207031,9.7813415531,-0.0000651042,-0.0000000000,-0.0000651042
558998.3800242000,-0.0878906250,0.0082397461,9.7813415531,-0.0002170139,0.0000108507,0.0000868056
558998.3900242000,-0.0881958008,0.0035095215,9.7817993167,0.0002604167,-0.0000000000,-0.0000434028
558998.4000242000,-0.0878906250,0.0056457520,9.7814941409,-0.0004882812,0.0000108507,0.0001085069
558998.4100242000,-0.0880432129,0.0076293945,9.7814941409,0.0004557292,-0.0000000000,0.0000000000
558998.4200242000,-0.0888061523,0.0013732910,9.7811889652,-0.0006293403,-0.0000000000,0.0000542535
558998.4300242000,-0.0886535645,0.0099182129,9.7816467288,0.0004557292,-0.0000325521,0.0000217014
558998.4400242000,-0.0880432129,0.0004577637,9.7817993167,-0.0004448785,0.0000108507,-0.0000108507
558998.4500242000,-0.0886535645,0.0094604492,9.7807312015,0.0001519097,-0.0000000000,0.0001085069
558998.4600242000,-0.0878906250,0.0018310547,9.7813415531,-0.0000542535,0.0000108507,-0.0000434028
558998.4700242000,-0.0891113281,0.0079345703,9.7824096683,-0.0003255208,-0.0000000000,0.0001627604
558998.4800242000,-0.0886535645,0.0047302246,9.7814941409,0.0003689236,-0.0000000000,-0.0000325521
558998.4900241999,-0.0883483887,0.0036621094,9.7814941409,-0.0006293403,0.0000325521,0.0000434028
558998.5000242000,-0.0886535645,0.0091552734,9.7804260257,0.0005642361,-0.0000434028,0.0000542535
558998.5100242000,-0.0881958008,0.0006103516,9.7830200199,-0.0005859375,0.0000108507,0.0000000000
558998.5200242000,-0.0881958008,0.0106811523,9.7813415531,0.0003472222,-0.0000000000,0.0000976562
558998.5300242000,-0.0881958008,0.0006103516,9.7793579105,-0.0002387153,0.0000108507,-0.0000217014
558998.5400242000,-0.0885009766,0.0088500977,9.7824096683,-0.0001085069,-0.0000000000,0.0000976562
558998.5500242000,-0.0889587402,0.0039672852,9.7814941409,0.0001410590,-0.0000000000,-0.0000434028
558998.5600242000,-0.0891113281,0.0065612793,9.7819519046,-0.0004448785,-0.0000000000,0.0001193576
558998.5700242000,-0.0871276855,0.0062561035,9.7817993167,0.0004665799,-0.0000000000,-0.0000108507
558998.5800242000,-0.0886535645,0.0027465820,9.7822570804,-0.0006293403,0.0000108507,0.0000325521
558998.5900242000,-0.0889587402,0.0094604492,9.7821044925,0.0004665799,-0.0000325521,0.0000868056
558998.6000242000,-0.0880432129,0.0007629395,9.7804260257,-0.0004991319,0.0000217014,-0.0000217014
558998.6100242001,-0.0872802734,0.0105285645,9.7798156741,0.0002387153,-0.0000217014,0.0001193576
558998.6200241999,-0.0874328613,0.0010681152,9.7819519046,-0.0001844618,0.0000217014,-0.0000542535
558998.6300242000,-0.0901794434,0.0083923340,9.7813415531,-0.0001844618,-0.0000000000,0.0000759549
558998.6400242000,-0.0883483887,0.0041198730,9.7816467288,0.0002712674,-0.0000108507,0.0000325521
558998.6500242000,-0.0874328613,0.0054931641,9.7825622562,-0.0005425347,0.0000108507,-0.0000325521
558998.6600242000,-0.0881958008,0.0071716309,9.7811889652,0.0005316840,-0.0000217014,0.0000759549
558998.6700242000,-0.0891113281,0.0013732910,9.7817993167,-0.0006618924,0.0000217014,-0.0000217014
558998.6800242000,-0.0897216797,0.0102233887,9.7819519046,0.0003906250,-0.0000325521,0.0001193576
558998.6900242000,-0.0868225098,-0.0000000000,9.7813415531,-0.0003363715,-0.0000000000,-0.0000217014
558998.7000242000,-0.0889587402,0.0099182129,9.7807312015,-0.0000108507,0.0000108507,0.0000217014
558998.7100242000,-0.0900268555,0.0030517578,9.7814941409,0.0000976562,-0.0000325521,0.0000000000
558998.7200242000,-0.0878906250,0.0073242188,9.7825622562,-0.0004448785,0.0000217014,0.0000868056
558998.7300242000,-0.0877380371,0.0054931641,9.7814941409,0.0004123264,-0.0000000000,0.0000000000
558998.7400241999,-0.0892639160,0.0033569336,9.7805786136,-0.0006293403,0.0000325521,0.0000868056
558998.7500242000,-0.0892639160,0.0094604492,9.7817993167,0.0004557292,-0.0000434028,0.0000542535
558998.7600242000,-0.0880432129,0.0012207031,9.7799682620,-0.0005316840,0.0000217014,-0.0000325521
558998.7700242000,-0.0886535645,0.0093078613,9.7819519046,0.0003038194,-0.0000000000,0.0001302083
558998.7800242000,-0.0888061523,0.0010681152,9.7822570804,-0.0002170139,0.0000108507,0.0000000000
558998.7900242000,-0.0901794434,0.0094604492,9.7811889652,-0.0001085069,0.0000108507,-0.0000325521
558998.8000242000,-0.0872802734,0.0027465820,9.7816467288,0.0001736111,-0.0000325521,0.0001519097
558998.8100242000,-0.0886535645,0.0064086914,9.7819519046,-0.0004882812,0.0000108507,-0.0000217014
558998.8200242000,-0.0885009766,0.0062561035,9.7813415531,0.0004557292,-0.0000000000,0.0000000000
558998.8300242000,-0.0892639160,0.0032043457,9.7821044925,-0.0006293403,0.0000108507,0.0000542535
558998.8400242000,-0.0869750977,0.0097656250,9.7799682620,0.0004882812,-0.0000000000,0.0000000000
558998.8500242000,-0.0878906250,0.0006103516,9.7814941409,-0.0005316840,0.0000108507,0.0000868056
558998.8600242001,-0.0892639160,0.0100708008,9.7817993167,0.0002061632,-0.0000108507,0.0000000000
558998.8700241999,-0.0886535645,0.0013732910,9.7814941409,-0.0001519097,0.0000217014,0.0000976562
558998.8800242000,-0.0877380371,0.0083923340,9.7819519046,-0.0002170139,-0.0000108507,-0.0000217014
558998.8900242000,-0.0877380371,0.0042724609,9.7816467288,0.0002712674,-0.0000000000,0.0000434028
558998.9000242000,-0.0898742676,0.0054931641,9.7813415531,-0.0005425347,0.0000108507,0.0000542535
558998.9100242000,-0.0886535645,0.0073242188,9.7810363773,0.0004991319,-0.0000325521,-0.0000108507
558998.9200242000,-0.0874328613,0.0015258789,9.7814941409,-0.0006184896,0.0000108507,0.0000976562
558998.9300242000,-0.0866699219,0.0102233887,9.7816467288,0.0004340278,-0.0000000000,0.0000217014
558998.9400242000,-0.0900268555,0.0003051758,9.7813415531,-0.0004231771,-0.0000000000,-0.0000217014
558998.9500242000,-0.0894165039,0.0102233887,9.7810363773,0.0000325521,-0.0000000000,0.0000976562
558998.9600242000,-0.0877380371,0.0033569336,9.7821044925,0.0000434028,-0.0000000000,0.0000108507
558998.9700242000,-0.0881958008,0.0070190430,9.7814941409,-0.0003906250,0.0000108507,0.0000000000
558998.9800242000,-0.0888061523,0.0056457520,9.7811889652,0.0004448785,-0.0000000000,0.0000759549
558998.9900241999,-0.0895690918,0.0025939941,9.7824096683,-0.0006510417,-0.0000000000,0.0000108507
558999.0000242000,-0.0885009766,0.0103759766,9.7817993167,0.0004991319,-0.0000000000,0.0001085069
558999.0100242000,-0.0869750977,0.0004577637,9.7811889652,-0.0005750868,0.0000325521,0.0000108507
558999.0200242000,-0.0894165039,0.0105285645,9.7813415531,0.0002604167,-0.0000108507,-0.0000108507
558999.0300242000,-0.0891113281,0.0013732910,9.7819519046,-0.0001519097,-0.0000000000,0.0001085069
558999.0400242000,-0.0886535645,0.0088500977,9.7816467288,-0.0001844618,-0.0000000000,0.0000000000
558999.0500242000,-0.0877380371,0.0041198730,9.7813415531,0.0002604167,0.0000108507,0.0000000000
558999.0600242000,-0.0883483887,0.0053405762,9.7822570804,-0.0005316840,0.0000217014,0.0000651042
558999.0700242000,-0.0895690918,0.0064086914,9.7804260257,0.0004774306,-0.0000217014,0.0000108507
558999.0800242000,-0.0881958008,0.0030517578,9.7821044925,-0.0006293403,0.0000108507,0.0000000000
558999.0900242010,-0.0865173340,0.0094604492,9.7816467288,0.0004340278,-0.0000217014,0.0000759549
558999.1000242010,-0.0881958008,0.0004577637,9.7813415531,-0.0004665799,0.0000108507,0.0000000000
558999.1100242010,-0.0900268555,0.0094604492,9.7811889652,0.0002170139,-0.0000000000,0.0000217014
558999.1200242010,-0.0878906250,0.0013732910,9.7813415531,-0.0001302083,-0.0000108507,0.0000868056
558999.1300242010,-0.0869750977,0.0100708008,9.7819519046,-0.0001953125,-0.0000000000,0.0000108507
558999.1400242010,-0.0886535645,0.0033569336,9.7821044925,0.0002061632,0.0000217014,0.0000108507
558999.1500242010,-0.0889587402,0.0054931641,9.7813415531,-0.0005099826,-0.0000000000,0.0000868056
558999.1600242010,-0.0891113281,0.0064086914,9.7805786136,0.0004882812,-0.0000325521,0.0000108507
558999.1700242010,-0.0872802734,0.0035095215,9.7816467288,-0.0006293403,0.0000217014,0.0000542535
558999.1800242011,-0.0881958008,0.0099182129,9.7814941409,0.0004665799,-0.0000217014,0.0000325521
558999.1900242009,-0.0894165039,-0.0000000000,9.7810363773,-0.0004774306,0.0000217014,0.0000000000
558999.2000242010,-0.0894165039,0.0105285645,9.7821044925,0.0001736111,-0.0000325521,0.0000651042
558999.2100242010,-0.0875854492,0.0019836426,9.7811889652,-0.0001085069,-0.0000000000,0.0000325521
558999.2200242010,-0.0878906250,0.0093078613,9.7817993167,-0.0002387153,0.0000108507,0.0000217014
558999.2300242010,-0.0889587402,0.0036621094,9.7810363773,0.0002821181,-0.0000000000,0.0000434028
558999.2400242010,-0.0895690918,0.0054931641,9.7810363773,-0.0005099826,-0.0000000000,0.0000217014
558999.2500242010,-0.0875854492,0.0076293945,9.7824096683,0.0005208333,-0.0000217014,0.0000542535
558999.2600242010,-0.0891113281,0.0019836426,9.7811889652,-0.0006510417,0.0000434028,0.0000325521
558999.2700242010,-0.0894165039,0.0099182129,9.7819519046,0.0004123264,-0.0000325521,0.0000651042
558999.2800242010,-0.0889587402,0.0004577637,9.7819519046,-0.0004231771,-0.0000000000,0.0000000000
558999.2900242010,-0.0875854492,0.0102233887,9.7811889652,0.0001085069,0.0000325521,0.0000217014
558999.3000242010,-0.0872802734,0.0022888184,9.7822570804,-0.0000542535,-0.0000000000,0.0000542535
558999.3100242011,-0.0901794434,0.0067138672,9.7810363773,-0.0002387153,-0.0000325521,0.0000108507
558999.3200242009,-0.0885009766,0.0048828125,9.7817993167,0.0002929687,0.0000108507,0.0000108507
558999.3300242010,-0.0875854492,0.0053405762,9.7817993167,-0.0005425347,0.0000108507,0.0000434028
558999.3400242010,-0.0883483887,0.0073242188,9.7807312015,0.0004774306,-0.0000000000,0.0000217014
558999.3500242010,-0.0881958008,0.0013732910,9.7819519046,-0.0006401910,-0.0000000000,0.0000108507
558999.3600242010,-0.0888061523,0.0097656250,9.7810363773,0.0004123264,-0.0000542535,0.0000759549
558999.3700242010,-0.0874328613,0.0021362305,9.7811889652,-0.0003906250,-0.0000000000,0.0000108507
558999.3800242010,-0.0886535645,0.0094604492,9.7825622562,0.0000976562,-0.0000000000,0.0000108507
558999.3900242010,-0.0892639160,0.0007629395,9.7816467288,-0.0000542535,0.0000217014,0.0000542535
558999.4000242010,-0.0883483887,0.0093078613,9.7822570804,-0.0002387153,0.0000217014,0.0000217014
558999.4100242010,-0.0874328613,0.0048828125,9.7817993167,0.0002170139,0.0000108507,0.0000108507
558999.4200242010,-0.0888061523,0.0050354004,9.7813415531,-0.0004991319,-0.0000108507,0.0000434028
558999.4300242011,-0.0891113281,0.0067138672,9.7807312015,0.0005316840,-0.0000542535,0.0000325521
558999.4400242009,-0.0889587402,0.0027465820,9.7799682620,-0.0005967882,0.0000108507,0.0000000000
558999.4500242010,-0.0869750977,0.0105285645,9.7821044925,0.0004340278,0.0000217014,0.0000325521
558999.4600242010,-0.0885009766,0.0004577637,9.7837829593,-0.0004882812,0.0000651042,0.0000217014
558999.4700242010,-0.0883483887,0.0093078613,9.7814941409,0.0001519097,-0.0000000000,0.0000434028
558999.4800242010,-0.0869750977,0.0025939941,9.7810363773,-0.0000976562,-0.0000325521,0.0000434028
558999.4900242010,-0.0889587402,0.0090026855,9.7811889652,-0.0003038194,-0.0000542535,0.0000217014
558999.5000242010,-0.0889587402,0.0033569336,9.7810363773,0.0003255208,-0.0000217014,0.0000325521
558999.5100242010,-0.0885009766,0.0041198730,9.7824096683,-0.0005750868,0.0000759549,0.0000325521
558999.5200242010,-0.0871276855,0.0091552734,9.7825622562,0.0004991319,0.0000434028,0.0000542535
558999.5300242010,-0.0878906250,0.0021362305,9.7805786136,-0.0006293403,-0.0000000000,0.0000108507
558999.5400242010,-0.0903320313,0.0086975098,9.7802734378,0.0003580729,-0.0000868056,0.0000217014
558999.5500242010,-0.0878906250,0.0001525879,9.7807312015,-0.0003146701,-0.0000000000,0.0000542535
558999.5600242011,-0.0871276855,0.0102233887,9.7819519046,0.0000108507,0.0000325521,0.0000217014
558999.5700242009,-0.0878906250,0.0025939941,9.7819519046,0.0000108507,0.0000434028,0.0000108507
558999.5800242010,-0.0895690918,0.0059509277,9.7814941409,-0.0002821181,0.0000217014,0.0000325521
558999.5900242010,-0.0883483887,0.0054931641,9.7814941409,0.0003038194,-0.0000759549,0.0000651042
558999.6000242010,-0.0872802734,0.0051879883,9.7813415531,-0.0005099826,-0.0000000000,0.0000217014
558999.6100242010,-0.0881958008,0.0079345703,9.7805786136,0.0004014757,0.0000108507,0.0000217014
558999.6200242010,-0.0895690918,0.0019836426,9.7817993167,-0.0006184896,0.0000325521,0.0000217014
558999.6300242010,-0.0889587402,0.0085449219,9.7811889652,0.0004774306,-0.0000000000,0.0000325521
558999.6400242010,-0.0875854492,0.0021362305,9.7816467288,-0.0004774306,0.0000108507,0.0000542535
558999.6500242010,-0.0891113281,0.0103759766,9.7821044925,0.0001736111,-0.0000868056,0.0000217014
558999.6600242010,-0.0892639160,-0.0001525879,9.7799682620,-0.0001085069,-0.0000542535,0.0000108507
558999.6700242010,-0.0880432129,0.0082397461,9.7819519046,-0.0002278646,0.0000217014,0.0000434028
558999.6800242011,-0.0869750977,0.0051879883,9.7821044925,0.0002604167,0.0000434028,0.0000868056
558999.6900242009,-0.0894165039,0.0047302246,9.7822570804,-0.0005425347,0.0000325521,0.0000108507
558999.7000242010,-0.0888061523,0.0067138672,9.7808837894,0.0004774306,-0.0000651042,0.0000000000
558999.7100242010,-0.0885009766,0.0024414063,9.7790527347,-0.0005750868,-0.0000325521,0.0000976562
558999.7200242010,-0.0878906250,0.0103759766,9.7825622562,0.0003689236,-0.0000325521,0.0000217014
558999.7300242010,-0.0885009766,-0.0000000000,9.7811889652,-0.0004014757,0.0000434028,0.0000000000
558999.7400242010,-0.0891113281,0.0099182129,9.7828674320,0.0000434028,0.0000434028,0.0000651042
558999.7500242010,-0.0886535645,0.0021362305,9.7816467288,-0.0000217014,0.0000325521,0.0000434028
558999.7600242010,-0.0881958008,0.0085449219,9.7805786136,-0.0003255208,-0.0000325521,0.0000000000
558999.7700242010,-0.0892639160,0.0047302246,9.7816467288,0.0003689236,-0.0000651042,0.0000217014
558999.7800242010,-0.0897216797,0.0035095215,9.7804260257,-0.0005642361,0.0000217014,0.0000325521
558999.7900242010,-0.0877380371,0.0082397461,9.7811889652,0.0004665799,0.0000217014,0.0000325521
558999.8000242010,-0.0872802734,0.0021362305,9.7827148441,-0.0006293403,0.0000759549,0.0000217014
558999.8100242011,-0.0885009766,0.0100708008,9.7808837894,0.0003689236,-0.0000000000,0.0000325521
558999.8200242009,-0.0889587402,0.0004577637,9.7814941409,-0.0003038194,-0.0000651042,0.0000434028
558999.8300242010,-0.0878906250,0.0097656250,9.7814941409,0.0000325521,-0.0000000000,0.0000108507
558999.8400242010,-0.0871276855,0.0028991699,9.7807312015,0.0000325521,0.0000325521,0.0000217014
558999.8500242010,-0.0895690918,0.0074768066,9.7827148441,-0.0003038194,0.0000651042,0.0000542535
558999.8600242010,-0.0891113281,0.0033569336,9.7808837894,0.0003146701,-0.0000217014,0.0000651042
558999.8700242010,-0.0877380371,0.0047302246,9.7811889652,-0.0005316840,-0.0000542535,0.0000217014
558999.8800242010,-0.0883483887,0.0076293945,9.7811889652,0.0004340278,-0.0000000000,0.0000108507
558999.8900242010,-0.0888061523,0.0019836426,9.7816467288,-0.0005967882,0.0000325521,0.0000325521
558999.9000242010,-0.0889587402,0.0091552734,9.7822570804,0.0004557292,0.0000217014,0.0000542535
558999.9100242010,-0.0877380371,0.0007629395,9.7816467288,-0.0004231771,0.0000217014,0.0000325521
558999.9200242010,-0.0892639160,0.0106811523,9.7810363773,0.0001302083,-0.0000868056,0.0000108507
558999.9300242011,-0.0895690918,0.0009155273,9.7819519046,-0.0001085069,-0.0000108507,0.0000325521
558999.9400242009,-0.0888061523,0.0085449219,9.7813415531,-0.0002278646,0.0000651042,0.0000434028
558999.9500242010,-0.0868225098,0.0047302246,9.7830200199,0.0002170139,0.0000434028,0.0000434028
558999.9600242010,-0.0881958008,0.0047302246,9.7814941409,-0.0005099826,-0.0000000000,0.0000217014
558999.9700242010,-0.0898742676,0.0061035156,9.7796630863,0.0004991319,-0.0000868056,0.0000217014
558999.9800242010,-0.0886535645,0.0030517578,9.7816467288,-0.0006401910,0.0000217014,0.0000325521
558999.9900242010,-0.0868225098,0.0105285645,9.7821044925,0.0004448785,0.0000434028,0.0000651042
