t(s),acc_x,acc_y,acc_z,gyro_x,gyro_y,gyro_z
558329.0000235760,9.7885131839,-0.0413513184,0.0651550293,0.0000325521,-0.0000000000,-0.0001193576
558329.0100235760,9.7888183597,-0.0361633301,0.0656127930,0.0000325521,-0.0000000000,0.0004340278
558329.0200235760,9.7889709476,-0.0346374512,0.0643920898,0.0000325521,-0.0000000000,-0.0004123264
558329.0300235760,9.7880554202,-0.0416564941,0.0642395020,0.0000325521,0.0000217014,0.0005642361
558329.0400235760,9.7889709476,-0.0305175781,0.0651550293,0.0000000000,0.0000217014,-0.0004231771
558329.0500235760,9.7882080081,-0.0437927246,0.0653076172,0.0000325521,-0.0000325521,0.0005099826
558329.0600235760,9.7889709476,-0.0305175781,0.0648498535,0.0000217014,-0.0000000000,-0.0002604167
558329.0700235760,9.7879028324,-0.0444030762,0.0642395020,0.0000217014,-0.0000000000,0.0002495660
558329.0800235770,9.7891235355,-0.0299072266,0.0657653809,0.0000325521,-0.0000000000,0.0000325521
558329.0900235770,9.7877502445,-0.0405883789,0.0656127930,0.0000434028,-0.0000000000,-0.0000759549
558329.1000235770,9.7885131839,-0.0366210938,0.0639343262,0.0000325521,-0.0000325521,0.0004123264
558329.1100235770,9.7888183597,-0.0349426270,0.0637817383,-0.0000108507,0.0000217014,-0.0003906250
558329.1200235770,9.7877502445,-0.0402832031,0.0654602051,0.0000434028,-0.0000000000,0.0005533854
558329.1300235770,9.7895812991,-0.0308227539,0.0646972656,0.0000108507,-0.0000000000,-0.0004231771
558329.1400235770,9.7871398929,-0.0444030762,0.0642395020,0.0000325521,-0.0000000000,0.0005099826
558329.1500235770,9.7897338870,-0.0292968750,0.0643920898,0.0000434028,-0.0000000000,-0.0002278646
558329.1600235770,9.7872924808,-0.0439453125,0.0648498535,0.0000434028,-0.0000000000,0.0001302083
558329.1700235771,9.7888183597,-0.0325012207,0.0654602051,0.0000325521,-0.0000000000,0.0002170139
558329.1800235769,9.7885131839,-0.0384521484,0.0645446777,0.0000217014,-0.0000000000,-0.0002821181
558329.1900235770,9.7880554202,-0.0381469727,0.0643920898,0.0000217014,0.0000108507,0.0005316840
558329.2000235770,9.7891235355,-0.0335693359,0.0643920898,0.0000217014,-0.0000000000,-0.0004340278
558329.2100235770,9.7879028324,-0.0431823730,0.0650024414,0.0000434028,-0.0000000000,0.0005316840
558329.2200235770,9.7903442386,-0.0299072266,0.0646972656,0.0000325521,-0.0000000000,-0.0003255208
558329.2300235770,9.7871398929,-0.0433349609,0.0639343262,0.0000325521,-0.0000000000,0.0003689236
558329.2400235770,9.7894287113,-0.0303649902,0.0648498535,0.0000108507,-0.0000000000,-0.0001085069
558329.2500235770,9.7879028324,-0.0436401367,0.0657653809,0.0000325521,-0.0000000000,0.0000976562
558329.2600235770,9.7885131839,-0.0317382813,0.0645446777,0.0000217014,-0.0000000000,0.0001736111
558329.2700235770,9.7886657718,-0.0387573242,0.0646972656,0.0000217014,0.0000108507,-0.0001627604
558329.2800235770,9.7885131839,-0.0384521484,0.0656127930,0.0000325521,-0.0000000000,0.0004123264
558329.2900235771,9.7888183597,-0.0352478027,0.0639343262,0.0000325521,-0.0000000000,-0.0003363715
558329.3000235769,9.7880554202,-0.0395202637,0.0648498535,0.0000325521,-0.0000217014,0.0005099826
558329.3100235770,9.7889709476,-0.0332641602,0.0657653809,0.0000217014,0.0000325521,-0.0003906250
558329.3200235770,9.7872924808,-0.0430297852,0.0654602051,0.0000217014,-0.0000434028,0.0005099826
558329.3300235770,9.7894287113,-0.0305175781,0.0650024414,0.0000217014,0.0000217014,-0.0003146701
558329.3400235770,9.7871398929,-0.0437927246,0.0637817383,0.0000542535,-0.0000000000,0.0003255208
558329.3500235770,9.7889709476,-0.0303649902,0.0656127930,0.0000325521,0.0000217014,-0.0000651042
558329.3600235770,9.7877502445,-0.0433349609,0.0660705566,0.0000651042,-0.0000325521,0.0000325521
558329.3700235770,9.7891235355,-0.0340270996,0.0639343262,0.0000217014,-0.0000108507,0.0002604167
558329.3800235770,9.7880554202,-0.0381469727,0.0636291504,-0.0000108507,0.0000217014,-0.0002821181
558329.3900235770,9.7882080081,-0.0393676758,0.0653076172,0.0000434028,-0.0000000000,0.0005099826
558329.4000235770,9.7888183597,-0.0332641602,0.0657653809,0.0000325521,0.0000217014,-0.0004123264
558329.4100235770,9.7877502445,-0.0419616699,0.0648498535,0.0000325521,-0.0000434028,0.0005208333
558329.4200235771,9.7891235355,-0.0320434570,0.0634765625,0.0000434028,0.0000108507,-0.0003146701
558329.4300235769,9.7871398929,-0.0439453125,0.0639343262,0.0000434028,-0.0000000000,0.0003472222
558329.4400235770,9.7889709476,-0.0294494629,0.0659179688,0.0000000000,-0.0000000000,-0.0001410590
558329.4500235770,9.7882080081,-0.0427246094,0.0656127930,0.0000434028,0.0000108507,0.0001736111
558329.4600235770,9.7882080081,-0.0328063965,0.0630187988,0.0000108507,-0.0000108507,0.0000434028
558329.4700235770,9.7883605960,-0.0404357910,0.0645446777,0.0000217014,0.0000217014,-0.0000868056
558329.4800235770,9.7883605960,-0.0343322754,0.0666809082,0.0000542535,-0.0000217014,0.0003580729
558329.4900235770,9.7883605960,-0.0355529785,0.0653076172,0.0000217014,-0.0000000000,-0.0003689236
558329.5000235770,9.7882080081,-0.0415039063,0.0636291504,0.0000434028,-0.0000217014,0.0005642361
558329.5100235770,9.7889709476,-0.0323486328,0.0640869141,0.0000108507,0.0000217014,-0.0004231771
558329.5200235770,9.7875976566,-0.0421142578,0.0663757324,0.0000217014,-0.0000217014,0.0004774306
558329.5300235770,9.7898864749,-0.0311279297,0.0662231445,0.0000217014,-0.0000000000,-0.0002821181
558329.5400235771,9.7875976566,-0.0450134277,0.0631713867,0.0000542535,-0.0000000000,0.0002604167
558329.5500235769,9.7892761234,-0.0303649902,0.0640869141,0.0000217014,0.0000217014,0.0000000000
558329.5600235770,9.7888183597,-0.0407409668,0.0663757324,0.0000651042,-0.0000000000,-0.0000325521
558329.5700235770,9.7883605960,-0.0358581543,0.0660705566,0.0000325521,-0.0000000000,0.0003580729
558329.5800235770,9.7885131839,-0.0375366211,0.0637817383,0.0000000000,-0.0000000000,-0.0004014757
558329.5900235770,9.7885131839,-0.0405883789,0.0639343262,0.0000217014,-0.0000000000,0.0005859375
558329.6000235770,9.7891235355,-0.0314331055,0.0662231445,0.0000325521,-0.0000000000,-0.0004665799
558329.6100235770,9.7877502445,-0.0442504883,0.0657653809,0.0000325521,-0.0000217014,0.0005099826
558329.6200235770,9.7900390628,-0.0303649902,0.0637817383,0.0000434028,-0.0000000000,-0.0002170139
558329.6300235770,9.7874450687,-0.0434875488,0.0630187988,0.0000434028,-0.0000000000,0.0001844618
558329.6400235770,9.7897338870,-0.0318908691,0.0663757324,0.0000108507,-0.0000000000,0.0000868056
558329.6500235770,9.7886657718,-0.0405883789,0.0662231445,0.0000325521,-0.0000000000,-0.0001085069
558329.6600235770,9.7892761234,-0.0360107422,0.0631713867,0.0000217014,-0.0000325521,0.0002929687
558329.6700235771,9.7882080081,-0.0361633301,0.0628662109,0.0000108507,0.0000217014,-0.0002387153
558329.6800235769,9.7879028324,-0.0386047363,0.0660705566,0.0000542535,-0.0000000000,0.0004340278
558329.6900235770,9.7889709476,-0.0355529785,0.0659179688,0.0000325521,-0.0000000000,-0.0003038194
558329.7000235770,9.7883605960,-0.0402832031,0.0645446777,0.0000217014,-0.0000325521,0.0004448785
558329.7100235770,9.7892761234,-0.0337219238,0.0640869141,0.0000325521,-0.0000000000,-0.0003255208
558329.7200235770,9.7877502445,-0.0411987305,0.0636291504,0.0000217014,-0.0000000000,0.0004665799
558329.7300235770,9.7897338870,-0.0303649902,0.0682067871,0.0000217014,0.0000108507,-0.0003038194
558329.7400235770,9.7872924808,-0.0447082520,0.0651550293,0.0000434028,-0.0000434028,0.0003472222
558329.7500235770,9.7892761234,-0.0297546387,0.0627136230,0.0000325521,0.0000108507,-0.0001519097
558329.7600235770,9.7883605960,-0.0427246094,0.0634765625,0.0000434028,-0.0000108507,0.0001736111
558329.7700235770,9.7883605960,-0.0331115723,0.0665283203,0.0000325521,0.0000108507,0.0000976562
558329.7800235770,9.7886657718,-0.0395202637,0.0662231445,0.0000108507,-0.0000000000,-0.0001302083
558329.7900235771,9.7885131839,-0.0361633301,0.0631713867,0.0000434028,-0.0000000000,0.0004231771
558329.8000235769,9.7889709476,-0.0349426270,0.0634765625,0.0000217014,0.0000108507,-0.0004231771
558329.8100235770,9.7879028324,-0.0424194336,0.0663757324,0.0000434028,-0.0000217014,0.0006184896
558329.8200235770,9.7898864749,-0.0292968750,0.0662231445,0.0000217014,0.0000108507,-0.0004774306
558329.8300235770,9.7874450687,-0.0439453125,0.0630187988,0.0000651042,-0.0000325521,0.0004557292
558329.8400235770,9.7897338870,-0.0303649902,0.0639343262,0.0000108507,-0.0000000000,-0.0000868056
558329.8500235770,9.7875976566,-0.0436401367,0.0662231445,0.0000108507,0.0000108507,0.0000108507
558329.8600235770,9.7883605960,-0.0337219238,0.0660705566,0.0000108507,-0.0000325521,0.0002712674
558329.8700235770,9.7889709476,-0.0367736816,0.0634765625,0.0000217014,0.0000325521,-0.0002929687
558329.8800235770,9.7886657718,-0.0392150879,0.0640869141,0.0000542535,-0.0000217014,0.0004991319
558329.8900235770,9.7891235355,-0.0335693359,0.0662231445,0.0000325521,0.0000325521,-0.0003906250
558329.9000235770,9.7877502445,-0.0421142578,0.0653076172,0.0000217014,-0.0000434028,0.0005316840
558329.9100235770,9.7898864749,-0.0297546387,0.0636291504,0.0000217014,0.0000108507,-0.0003363715
558329.9200235771,9.7874450687,-0.0439453125,0.0637817383,0.0000108507,0.0000217014,0.0003906250
558329.9300235769,9.7888183597,-0.0303649902,0.0668334961,0.0000000000,0.0000108507,-0.0001410590
558329.9400235770,9.7875976566,-0.0431823730,0.0656127930,0.0000542535,-0.0000000000,0.0000651042
558329.9500235770,9.7892761234,-0.0321960449,0.0639343262,0.0000434028,-0.0000000000,0.0002387153
558329.9600235770,9.7885131839,-0.0379943848,0.0639343262,0.0000108507,-0.0000000000,-0.0002495660
558329.9700235770,9.7885131839,-0.0399780273,0.0648498535,0.0000217014,0.0000217014,0.0004991319
558329.9800235770,9.7889709476,-0.0332641602,0.0656127930,0.0000000000,-0.0000000000,-0.0004340278
558329.9900235770,9.7872924808,-0.0416564941,0.0656127930,0.0000108507,-0.0000325521,0.0005208333
558330.0000235770,9.7894287113,-0.0309753418,0.0642395020,0.0000434028,0.0000108507,-0.0003689236
558330.0100235770,9.7875976566,-0.0439453125,0.0637817383,0.0000542535,-0.0000000000,0.0004123264
558330.0200235770,9.7897338870,-0.0300598145,0.0648498535,0.0000217014,-0.0000000000,-0.0001736111
558330.0300235770,9.7879028324,-0.0433349609,0.0653076172,0.0000325521,-0.0000000000,0.0001953125
558330.0400235771,9.7891235355,-0.0320434570,0.0643920898,0.0000108507,-0.0000000000,0.0000217014
558330.0500235769,9.7886657718,-0.0418090820,0.0639343262,-0.0001085069,-0.0000000000,-0.0000651042
558330.0600235770,9.7885131839,-0.0354003906,0.0645446777,-0.0006401910,-0.0000108507,0.0002712674
558330.0700235770,9.7883605960,-0.0350952148,0.0646972656,-0.0022352431,0.0000217014,-0.0002387153
558330.0800235770,9.7886657718,-0.0379943848,0.0648498535,-0.0040147569,-0.0000000000,0.0004014757
558330.0900235770,9.7886657718,-0.0350952148,0.0630187988,-0.0054253472,0.0000434028,-0.0003797743
558330.1000235770,9.7882080081,-0.0381469727,0.0639343262,-0.0066080729,0.0000108507,0.0004014757
558330.1100235770,9.7904968265,-0.0317382813,0.0650024414,-0.0075303819,0.0000542535,-0.0003906250
558330.1200235770,9.7888183597,-0.0421142578,0.0648498535,-0.0081380208,0.0000108507,0.0004123264
558330.1300235770,9.7897338870,-0.0312805176,0.0643920898,-0.0091796875,0.0000325521,-0.0004014757
558330.1400235770,9.7869873050,-0.0434875488,0.0634765625,-0.0097330729,0.0000108507,0.0002712674
558330.1500235780,9.7882080081,-0.0282287598,0.0653076172,-0.0105143229,0.0000542535,-0.0002061632
558330.1600235780,9.7875976566,-0.0424194336,0.0653076172,-0.0113823785,0.0000217014,0.0000868056
558330.1700235780,9.7891235355,-0.0326538086,0.0642395020,-0.0120985243,0.0000759549,-0.0000217014
558330.1800235780,9.7879028324,-0.0384521484,0.0636291504,-0.0132269965,0.0000651042,-0.0002495660
558330.1900235780,9.7883605960,-0.0366210938,0.0660705566,-0.0142252604,0.0000434028,0.0003038194
558330.2000235780,9.7888183597,-0.0354003906,0.0639343262,-0.0149739583,0.0000651042,-0.0004882812
558330.2100235780,9.7882080081,-0.0398254395,0.0645446777,-0.0160047743,0.0000434028,0.0004123264
558330.2200235780,9.7892761234,-0.0306701660,0.0642395020,-0.0168402778,0.0000651042,-0.0005533854
558330.2300235780,9.7877502445,-0.0418090820,0.0650024414,-0.0175781250,0.0000542535,0.0003580729
558330.2400235781,9.7895812991,-0.0296020508,0.0645446777,-0.0187608507,0.0000651042,-0.0004014757
558330.2500235779,9.7877502445,-0.0442504883,0.0636291504,-0.0194335937,0.0000651042,0.0000542535
558330.2600235780,9.7889709476,-0.0300598145,0.0640869141,-0.0203450521,0.0000651042,-0.0000542535
558330.2700235780,9.7883605960,-0.0399780273,0.0645446777,-0.0213975694,0.0001410590,-0.0002929687
558330.2800235780,9.7883605960,-0.0376892090,0.0651550293,-0.0219401042,0.0000542535,0.0002821181
558330.2900235780,9.7882080081,-0.0328063965,0.0645446777,-0.0229709201,0.0000976562,-0.0006293403
558330.3000235780,9.7880554202,-0.0418090820,0.0631713867,-0.0239474826,0.0000759549,0.0004231771
558330.3100235780,9.7885131839,-0.0289916992,0.0653076172,-0.0245225694,0.0001193576,-0.0005642361
558330.3200235780,9.7883605960,-0.0427246094,0.0659179688,-0.0256727431,0.0001085069,0.0001736111
558330.3300235780,9.7898864749,-0.0309753418,0.0636291504,-0.0265190972,0.0001085069,-0.0003797743
558330.3400235780,9.7877502445,-0.0418090820,0.0628662109,-0.0272135417,0.0001085069,-0.0000217014
558330.3500235780,9.7891235355,-0.0309753418,0.0651550293,-0.0285807292,0.0000976562,-0.0001085069
558330.3600235780,9.7882080081,-0.0408935547,0.0656127930,-0.0291232639,0.0001085069,-0.0003038194
558330.3700235781,9.7880554202,-0.0350952148,0.0645446777,-0.0297526042,0.0000976562,0.0000868056
558330.3800235779,9.7889709476,-0.0346374512,0.0627136230,-0.0308051215,0.0001410590,-0.0005750868
558330.3900235780,9.7883605960,-0.0387573242,0.0646972656,-0.0314344618,0.0001410590,0.0002821181
558330.4000235780,9.7898864749,-0.0321960449,0.0650024414,-0.0325303819,0.0001410590,-0.0006727431
558330.4100235780,9.7868347171,-0.0416564941,0.0643920898,-0.0334526910,0.0000868056,0.0002821181
558330.4200235780,9.7897338870,-0.0296020508,0.0630187988,-0.0340386285,0.0001844618,-0.0005642361
558330.4300235780,9.7880554202,-0.0425720215,0.0645446777,-0.0352430556,0.0001519097,0.0000000000
558330.4400235780,9.7879028324,-0.0305175781,0.0660705566,-0.0362413194,0.0000868056,-0.0002170139
558330.4500235780,9.7874450687,-0.0413513184,0.0645446777,-0.0369357639,0.0001844618,-0.0004448785
558330.4600235780,9.7879028324,-0.0361633301,0.0627136230,-0.0379448785,0.0001193576,0.0001302083
558330.4700235780,9.7891235355,-0.0334167480,0.0640869141,-0.0385416667,0.0001953125,-0.0007161458
558330.4800235780,9.7877502445,-0.0401306152,0.0657653809,-0.0393554687,0.0001410590,0.0002712674
558330.4900235781,9.7889709476,-0.0312805176,0.0648498535,-0.0405164931,0.0001627604,-0.0007486979
558330.5000235779,9.7877502445,-0.0434875488,0.0630187988,-0.0412217882,0.0001410590,0.0001193576
558330.5100235780,9.7891235355,-0.0285339355,0.0639343262,-0.0421115451,0.0002061632,-0.0005425347
558330.5200235780,9.7877502445,-0.0422668457,0.0646972656,-0.0431532118,0.0001736111,-0.0001085069
558330.5300235780,9.7892761234,-0.0325012207,0.0657653809,-0.0436740451,0.0001519097,-0.0003255208
558330.5400235780,9.7880554202,-0.0408935547,0.0640869141,-0.0447048611,0.0001736111,-0.0003472222
558330.5500235780,9.7892761234,-0.0334167480,0.0630187988,-0.0456488715,0.0001953125,-0.0000868056
558330.5600235780,9.7882080081,-0.0350952148,0.0653076172,-0.0462565104,0.0001953125,-0.0006401910
558330.5700235780,9.7886657718,-0.0387573242,0.0660705566,-0.0474066840,0.0001736111,0.0001519097
558330.5800235780,9.7886657718,-0.0346374512,0.0639343262,-0.0482855903,0.0001844618,-0.0007595486
558330.5900235780,9.7868347171,-0.0407409668,0.0622558594,-0.0486653646,0.0001844618,0.0001085069
558330.6000235780,9.7895812991,-0.0303649902,0.0645446777,-0.0500217014,0.0002495660,-0.0007595486
558330.6100235780,9.7868347171,-0.0430297852,0.0660705566,-0.0507703993,0.0001844618,0.0000651042
558330.6200235781,9.7888183597,-0.0300598145,0.0646972656,-0.0516927083,0.0001953125,-0.0006076389
558330.6300235779,9.7883605960,-0.0433349609,0.0634765625,-0.0525933160,0.0002278646,-0.0002061632
558330.6400235780,9.7888183597,-0.0294494629,0.0646972656,-0.0531575521,0.0002061632,-0.0003580729
558330.6500235780,9.7883605960,-0.0410461426,0.0654602051,-0.0541341146,0.0002170139,-0.0004991319
558330.6600235780,9.7889709476,-0.0364685059,0.0637817383,-0.0553168403,0.0001953125,-0.0001085069
558330.6700235780,9.7880554202,-0.0358581543,0.0643920898,-0.0559244792,0.0002495660,-0.0007052951
558330.6800235780,9.7888183597,-0.0378417969,0.0642395020,-0.0569444444,0.0002170139,0.0000325521
558330.6900235780,9.7900390628,-0.0329589844,0.0653076172,-0.0578450521,0.0002495660,-0.0008246528
558330.7000235780,9.7885131839,-0.0408935547,0.0630187988,-0.0586588542,0.0002278646,0.0000108507
558330.7100235780,9.7900390628,-0.0314331055,0.0653076172,-0.0595811632,0.0002604167,-0.0007486979
558330.7200235780,9.7882080081,-0.0410461426,0.0646972656,-0.0602322049,0.0002387153,-0.0001519097
558330.7300235780,9.7891235355,-0.0300598145,0.0645446777,-0.0610243056,0.0002387153,-0.0005859375
558330.7400235781,9.7882080081,-0.0425720215,0.0639343262,-0.0622070312,0.0002387153,-0.0003255208
558330.7500235779,9.7882080081,-0.0331115723,0.0640869141,-0.0629448785,0.0002387153,-0.0004231771
558330.7600235780,9.7875976566,-0.0375366211,0.0656127930,-0.0638671875,0.0002604167,-0.0005642361
558330.7700235780,9.7883605960,-0.0369262695,0.0648498535,-0.0647135417,0.0002387153,-0.0001844618
558330.7800235780,9.7883605960,-0.0373840332,0.0634765625,-0.0653537326,0.0002604167,-0.0007921007
558330.7900235780,9.7882080081,-0.0381469727,0.0650024414,-0.0665039062,0.0002495660,-0.0000325521
558330.8000235780,9.7889709476,-0.0326538086,0.0646972656,-0.0674045139,0.0003146701,-0.0009657118
558330.8100235780,9.7882080081,-0.0415039063,0.0645446777,-0.0680338542,0.0002495660,0.0000217014
558330.8200235780,9.7897338870,-0.0309753418,0.0633239746,-0.0690538194,0.0003038194,-0.0008572049
558330.8300235780,9.7880554202,-0.0433349609,0.0640869141,-0.0698459201,0.0002712674,-0.0001736111
558330.8400235780,9.7894287113,-0.0292968750,0.0653076172,-0.0706380208,0.0002821181,-0.0006727431
558330.8500235780,9.7885131839,-0.0424194336,0.0646972656,-0.0718098958,0.0003255208,-0.0005208333
558330.8600235780,9.7885131839,-0.0346374512,0.0631713867,-0.0724500868,0.0002278646,-0.0002712674
558330.8700235781,9.7875976566,-0.0360107422,0.0637817383,-0.0733506944,0.0003472222,-0.0009223090
558330.8800235779,9.7877502445,-0.0392150879,0.0657653809,-0.0744032118,0.0002604167,0.0000000000
558330.8900235780,9.7894287113,-0.0318908691,0.0653076172,-0.0749131944,0.0003363715,-0.0010525174
558330.9000235780,9.7874450687,-0.0437927246,0.0637817383,-0.0759006076,0.0002712674,-0.0000542535
558330.9100235780,9.7883605960,-0.0294494629,0.0628662109,-0.0769531250,0.0003146701,-0.0008897569
558330.9200235780,9.7877502445,-0.0422668457,0.0653076172,-0.0776258681,0.0003146701,-0.0003255208
558330.9300235780,9.7903442386,-0.0311279297,0.0651550293,-0.0788411458,0.0003472222,-0.0006184896
558330.9400235780,9.7882080081,-0.0405883789,0.0651550293,-0.0795247396,0.0003038194,-0.0006401910
558330.9500235780,9.7880554202,-0.0354003906,0.0634765625,-0.0800781250,0.0003038194,-0.0002712674
558330.9600235780,9.7891235355,-0.0344848633,0.0636291504,-0.0811631944,0.0003797743,-0.0009331597
558330.9700235780,9.7877502445,-0.0378417969,0.0668334961,-0.0819661458,0.0003038194,-0.0001302083
558330.9800235780,9.7900390628,-0.0340270996,0.0639343262,-0.0828125000,0.0003580729,-0.0010525174
558330.9900235781,9.7880554202,-0.0401306152,0.0637817383,-0.0840169271,0.0003363715,-0.0001519097
558331.0000235779,9.7886657718,-0.0308227539,0.0642395020,-0.0847005208,0.0003472222,-0.0009874132
558331.0100235780,9.7865295413,-0.0431823730,0.0642395020,-0.0857421875,0.0003472222,-0.0002821181
558331.0200235780,9.7882080081,-0.0289916992,0.0648498535,-0.0865559896,0.0003255208,-0.0007703993
558331.0300235780,9.7891235355,-0.0425720215,0.0654602051,-0.0871527778,0.0003689236,-0.0006401910
558331.0400235780,9.7888183597,-0.0308227539,0.0636291504,-0.0883029514,0.0003363715,-0.0004557292
558331.0500235780,9.7883605960,-0.0378417969,0.0637817383,-0.0893012153,0.0003906250,-0.0009114583
558331.0600235780,9.7885131839,-0.0379943848,0.0650024414,-0.0899414062,0.0003255208,-0.0002821181
558331.0700235780,9.7879028324,-0.0346374512,0.0643920898,-0.0909288194,0.0003689236,-0.0010525174
558331.0800235780,9.7875976566,-0.0390625000,0.0646972656,-0.0915798611,0.0003580729,-0.0001953125
558331.0900235780,9.7886657718,-0.0325012207,0.0642395020,-0.0923177083,0.0003797743,-0.0010959201
558331.1000235780,9.7875976566,-0.0418090820,0.0634765625,-0.0935438368,0.0003797743,-0.0002604167
558331.1100235780,9.7898864749,-0.0296020508,0.0657653809,-0.0942382812,0.0004123264,-0.0009765625
558331.1200235781,9.7886657718,-0.0422668457,0.0653076172,-0.0950195312,0.0003580729,-0.0005642361
558331.1300235779,9.7889709476,-0.0311279297,0.0642395020,-0.0961588542,0.0004123264,-0.0006184896
558331.1400235780,9.7889709476,-0.0398254395,0.0639343262,-0.0967881944,0.0003580729,-0.0008680556
558331.1500235780,9.7889709476,-0.0361633301,0.0640869141,-0.0976996528,0.0004123264,-0.0004014757
558331.1600235780,9.7886657718,-0.0337219238,0.0650024414,-0.0986979167,0.0004014757,-0.0011067708
558331.1700235780,9.7875976566,-0.0392150879,0.0657653809,-0.0993164062,0.0003797743,-0.0002495660
558331.1800235780,9.7894287113,-0.0323486328,0.0637817383,-0.1004882812,0.0004231771,-0.0012044271
558331.1900235780,9.7872924808,-0.0430297852,0.0630187988,-0.1012912326,0.0003906250,-0.0002929687
558331.2000235780,9.7891235355,-0.0283813477,0.0656127930,-0.1018120660,0.0004123264,-0.0010850694
558331.2100235780,9.7872924808,-0.0419616699,0.0651550293,-0.1031141493,0.0003797743,-0.0004991319
558331.2200235780,9.7891235355,-0.0320434570,0.0637817383,-0.1038302951,0.0004340278,-0.0008572049
558331.2300235790,9.7888183597,-0.0401306152,0.0636291504,-0.1047417535,0.0004123264,-0.0007486979
558331.2400235790,9.7872924808,-0.0331115723,0.0642395020,-0.1059027778,0.0003906250,-0.0006401910
558331.2500235790,9.7885131839,-0.0379943848,0.0650024414,-0.1064127604,0.0004557292,-0.0010416667
558331.2600235790,9.7889709476,-0.0375366211,0.0653076172,-0.1073567708,0.0003906250,-0.0003906250
558331.2700235790,9.7897338870,-0.0341796875,0.0643920898,-0.1083984375,0.0004882812,-0.0012478299
558331.2800235790,9.7872924808,-0.0402832031,0.0640869141,-0.1089952257,0.0003797743,-0.0002821181
558331.2900235790,9.7897338870,-0.0309753418,0.0631713867,-0.1098524306,0.0004882812,-0.0012586806
558331.3000235790,9.7874450687,-0.0408935547,0.0653076172,-0.1107855903,0.0004014757,-0.0003906250
558331.3100235790,9.7898864749,-0.0294494629,0.0653076172,-0.1114800347,0.0004665799,-0.0010959201
558331.3200235791,9.7885131839,-0.0433349609,0.0646972656,-0.1128580729,0.0004557292,-0.0007052951
558331.3300235790,9.7889709476,-0.0308227539,0.0631713867,-0.1134982639,0.0004557292,-0.0007595486
558331.3400235790,9.7888183597,-0.0384521484,0.0648498535,-0.1141710069,0.0004774306,-0.0010525174
558331.3500235790,9.7891235355,-0.0372314453,0.0650024414,-0.1152669271,0.0004448785,-0.0004774306
558331.3600235790,9.7891235355,-0.0347900391,0.0624084473,-0.1159830729,0.0004991319,-0.0012586806
558331.3700235790,9.7882080081,-0.0382995605,0.0653076172,-0.1169162326,0.0004448785,-0.0003906250
558331.3800235790,9.7891235355,-0.0308227539,0.0657653809,-0.1178059896,0.0004882812,-0.0013454861
558331.3900235790,9.7866821292,-0.0427246094,0.0639343262,-0.1184895833,0.0004665799,-0.0004231771
558331.4000235790,9.7900390628,-0.0300598145,0.0631713867,-0.1195746528,0.0004991319,-0.0012261285
558331.4100235790,9.7874450687,-0.0422668457,0.0645446777,-0.1205078125,0.0004882812,-0.0006510417
558331.4200235790,9.7889709476,-0.0303649902,0.0662231445,-0.1211914062,0.0004557292,-0.0009440104
558331.4300235790,9.7883605960,-0.0402832031,0.0646972656,-0.1222873264,0.0004882812,-0.0010091146
558331.4400235791,9.7895812991,-0.0357055664,0.0628662109,-0.1231770833,0.0004991319,-0.0006184896
558331.4500235789,9.7886657718,-0.0347900391,0.0648498535,-0.1238715278,0.0005099826,-0.0013129340
558331.4600235790,9.7875976566,-0.0386047363,0.0663757324,-0.1249565972,0.0004557292,-0.0004340278
558331.4700235790,9.7894287113,-0.0331115723,0.0643920898,-0.1256401910,0.0005099826,-0.0014105903
558331.4800235790,9.7871398929,-0.0418090820,0.0627136230,-0.1264973958,0.0004991319,-0.0004774306
558331.4900235790,9.7895812991,-0.0294494629,0.0640869141,-0.1276367187,0.0005425347,-0.0013129340
558331.5000235790,9.7879028324,-0.0437927246,0.0659179688,-0.1280381944,0.0005099826,-0.0006835937
558331.5100235790,9.7897338870,-0.0285339355,0.0640869141,-0.1289279514,0.0005316840,-0.0010525174
558331.5200235790,9.7883605960,-0.0402832031,0.0636291504,-0.1300781250,0.0005316840,-0.0010416667
558331.5300235790,9.7882080081,-0.0344848633,0.0637817383,-0.1308919271,0.0005316840,-0.0007161458
558331.5400235790,9.7885131839,-0.0364685059,0.0648498535,-0.1320203993,0.0005316840,-0.0013346354
558331.5500235790,9.7871398929,-0.0392150879,0.0656127930,-0.1326605903,0.0004991319,-0.0005099826
558331.5600235790,9.7891235355,-0.0334167480,0.0634765625,-0.1331054687,0.0005533854,-0.0014648437
558331.5700235791,9.7883605960,-0.0404357910,0.0637817383,-0.1344835069,0.0005425347,-0.0005208333
558331.5800235790,9.7892761234,-0.0308227539,0.0654602051,-0.1351996528,0.0005533854,-0.0013997396
558331.5900235790,9.7872924808,-0.0431823730,0.0646972656,-0.1359266493,0.0005642361,-0.0007052951
558331.6000235790,9.7904968265,-0.0286865234,0.0639343262,-0.1370768229,0.0005533854,-0.0011827257
558331.6100235790,9.7888183597,-0.0410461426,0.0639343262,-0.1377170139,0.0005859375,-0.0009657118
558331.6200235790,9.7888183597,-0.0335693359,0.0651550293,-0.1387152778,0.0005425347,-0.0008680556
558331.6300235790,9.7877502445,-0.0373840332,0.0646972656,-0.1396484375,0.0005642361,-0.0013346354
558331.6400235790,9.7880554202,-0.0372314453,0.0639343262,-0.1402452257,0.0005425347,-0.0006184896
558331.6500235790,9.7892761234,-0.0321960449,0.0630187988,-0.1413845486,0.0006076389,-0.0015516493
558331.6600235790,9.7880554202,-0.0419616699,0.0662231445,-0.1423828125,0.0005533854,-0.0005208333
558331.6700235790,9.7903442386,-0.0300598145,0.0662231445,-0.1431206597,0.0005859375,-0.0015190972
558331.6800235790,9.7880554202,-0.0411987305,0.0633239746,-0.1442382812,0.0005425347,-0.0007052951
558331.6900235791,9.7888183597,-0.0305175781,0.0625610352,-0.1449110243,0.0005967882,-0.0013020833
558331.7000235789,9.7879028324,-0.0427246094,0.0646972656,-0.1456054687,0.0005859375,-0.0010199653
558331.7100235790,9.7885131839,-0.0325012207,0.0668334961,-0.1466796875,0.0005750868,-0.0009982639
558331.7200235790,9.7885131839,-0.0372314453,0.0645446777,-0.1473307292,0.0005750868,-0.0013454861
558331.7300235790,9.7885131839,-0.0361633301,0.0628662109,-0.1481662326,0.0005859375,-0.0007052951
558331.7400235790,9.7875976566,-0.0354003906,0.0634765625,-0.1492730035,0.0006184896,-0.0015516493
558331.7500235790,9.7880554202,-0.0410461426,0.0663757324,-0.1499674479,0.0006184896,-0.0006510417
558331.7600235790,9.7892761234,-0.0294494629,0.0663757324,-0.1509440104,0.0005967882,-0.0015950521
558331.7700235790,9.7875976566,-0.0424194336,0.0616455078,-0.1519639757,0.0006076389,-0.0007052951
558331.7800235790,9.7901916507,-0.0300598145,0.0634765625,-0.1526367187,0.0006401910,-0.0014539931
558331.7900235790,9.7882080081,-0.0425720215,0.0663757324,-0.1536458333,0.0006510417,-0.0009982639
558331.8000235790,9.7891235355,-0.0302124023,0.0671386719,-0.1544596354,0.0005750868,-0.0011501736
558331.8100235790,9.7880554202,-0.0386047363,0.0627136230,-0.1549370660,0.0006184896,-0.0013020833
558331.8200235791,9.7888183597,-0.0360107422,0.0619506836,-0.1562717014,0.0006293403,-0.0008246528
558331.8300235790,9.7882080081,-0.0354003906,0.0653076172,-0.1570746528,0.0006618924,-0.0015950521
558331.8400235790,9.7885131839,-0.0395202637,0.0672912598,-0.1579318576,0.0006293403,-0.0007269965
558331.8500235790,9.7882080081,-0.0297546387,0.0636291504,-0.1590820312,0.0006293403,-0.0016601562
558331.8600235790,9.7871398929,-0.0431823730,0.0621032715,-0.1596137153,0.0006293403,-0.0007378472
558331.8700235790,9.7888183597,-0.0296020508,0.0645446777,-0.1604383680,0.0006835937,-0.0015407986
558331.8800235790,9.7874450687,-0.0430297852,0.0663757324,-0.1614908854,0.0006293403,-0.0009874132
558331.8900235790,9.7889709476,-0.0308227539,0.0656127930,-0.1621744792,0.0006293403,-0.0013129340
558331.9000235790,9.7889709476,-0.0405883789,0.0636291504,-0.1631727430,0.0006510417,-0.0012803819
558331.9100235790,9.7888183597,-0.0343322754,0.0631713867,-0.1640299479,0.0006727431,-0.0009657118
558331.9200235790,9.7886657718,-0.0360107422,0.0653076172,-0.1645941840,0.0006835937,-0.0016059028
558331.9300235790,9.7886657718,-0.0381469727,0.0657653809,-0.1657226562,0.0006510417,-0.0007921007
558331.9400235791,9.7895812991,-0.0321960449,0.0639343262,-0.1664279514,0.0006727431,-0.0016927083
558331.9500235789,9.7869873050,-0.0396728516,0.0631713867,-0.1672417535,0.0006401910,-0.0008246528
558331.9600235790,9.7895812991,-0.0321960449,0.0640869141,-0.1684461805,0.0007161458,-0.0016601562
558331.9700235790,9.7871398929,-0.0405883789,0.0659179688,-0.1692491319,0.0006618924,-0.0009006076
558331.9800235790,9.7888183597,-0.0294494629,0.0646972656,-0.1702039930,0.0006401910,-0.0015299479
558331.9900235790,9.7886657718,-0.0430297852,0.0625610352,-0.1710069444,0.0007269965,-0.0011393229
558332.0000235790,9.7886657718,-0.0303649902,0.0633239746,-0.1717990451,0.0006835937,-0.0012912326
558332.0100235790,9.7885131839,-0.0390625000,0.0657653809,-0.1731553819,0.0007378472,-0.0014214410
558332.0200235790,9.7886657718,-0.0347900391,0.0666809082,-0.1737196180,0.0006510417,-0.0010633681
558332.0300235790,9.7882080081,-0.0373840332,0.0627136230,-0.1743923611,0.0006944444,-0.0016384549
558332.0400235790,9.7883605960,-0.0375366211,0.0627136230,-0.1752604167,0.0006944444,-0.0009440104
558332.0500235790,9.7885131839,-0.0337219238,0.0651550293,-0.1755750868,0.0007378472,-0.0017361111
558332.0600235790,9.7882080081,-0.0407409668,0.0669860840,-0.1751736111,0.0006835937,-0.0008355035
558332.0700235791,9.7894287113,-0.0320434570,0.0654602051,-0.1746744792,0.0007161458,-0.0018012153
558332.0800235790,9.7880554202,-0.0444030762,0.0633239746,-0.1741861979,0.0006835937,-0.0008680556
558332.0900235790,9.7900390628,-0.0291442871,0.0643920898,-0.1740125868,0.0007378472,-0.0016493056
558332.1000235790,9.7880554202,-0.0427246094,0.0669860840,-0.1739800347,0.0006835937,-0.0010742187
558332.1100235790,9.7891235355,-0.0318908691,0.0654602051,-0.1740234375,0.0006835937,-0.0013888889
558332.1200235790,9.7879028324,-0.0399780273,0.0640869141,-0.1740993924,0.0006727431,-0.0013563368
558332.1300235790,9.7880554202,-0.0341796875,0.0636291504,-0.1741427951,0.0007269965,-0.0011718750
558332.1400235790,9.7888183597,-0.0373840332,0.0656127930,-0.1741970486,0.0007052951,-0.0014973958
558332.1500235790,9.7886657718,-0.0370788574,0.0660705566,-0.1741102430,0.0006835937,-0.0010416667
558332.1600235790,9.7885131839,-0.0361633301,0.0639343262,-0.1741970486,0.0006944444,-0.0016384549
558332.1700235790,9.7879028324,-0.0393676758,0.0643920898,-0.1741644965,0.0006944444,-0.0009114583
558332.1800235790,9.7888183597,-0.0328063965,0.0653076172,-0.1741536458,0.0007269965,-0.0017252604
558332.1900235791,9.7883605960,-0.0410461426,0.0653076172,-0.1741753472,0.0006835937,-0.0008897569
558332.2000235789,9.7894287113,-0.0325012207,0.0654602051,-0.1741644965,0.0006835937,-0.0016384549
558332.2100235790,9.7871398929,-0.0433349609,0.0636291504,-0.1741861979,0.0007052951,-0.0010199653
558332.2200235790,9.7889709476,-0.0306701660,0.0643920898,-0.1740993924,0.0006944444,-0.0014431424
558332.2300235790,9.7880554202,-0.0421142578,0.0669860840,-0.1741970486,0.0007378472,-0.0013020833
558332.2400235790,9.7886657718,-0.0340270996,0.0654602051,-0.1742404514,0.0006835937,-0.0011827257
558332.2500235790,9.7880554202,-0.0378417969,0.0633239746,-0.1742730035,0.0006944444,-0.0015625000
558332.2600235790,9.7886657718,-0.0379943848,0.0653076172,-0.1741970486,0.0006835937,-0.0008897569
558332.2700235790,9.7888183597,-0.0338745117,0.0653076172,-0.1742187500,0.0007378472,-0.0017469618
558332.2800235790,9.7888183597,-0.0410461426,0.0651550293,-0.1742404514,0.0006727431,-0.0008680556
558332.2900235790,9.7892761234,-0.0326538086,0.0648498535,-0.1741861979,0.0007269965,-0.0017252604
558332.3000235800,9.7863769534,-0.0419616699,0.0636291504,-0.1742404514,0.0006727431,-0.0009331597
558332.3100235800,9.7894287113,-0.0306701660,0.0666809082,-0.1742730035,0.0007486979,-0.0015842014
558332.3200235800,9.7880554202,-0.0434875488,0.0668334961,-0.1742296007,0.0006835937,-0.0010525174
558332.3300235800,9.7892761234,-0.0315856934,0.0634765625,-0.1742621528,0.0006835937,-0.0015082465
558332.3400235800,9.7882080081,-0.0422668457,0.0636291504,-0.1742404514,0.0006835937,-0.0011501736
558332.3500235800,9.7882080081,-0.0315856934,0.0642395020,-0.1742513021,0.0006944444,-0.0013346354
558332.3600235800,9.7886657718,-0.0408935547,0.0665283203,-0.1742730035,0.0006944444,-0.0014105903
558332.3700235800,9.7892761234,-0.0355529785,0.0663757324,-0.1742513021,0.0006835937,-0.0010633681
558332.3800235800,9.7889709476,-0.0355529785,0.0625610352,-0.1743489583,0.0006835937,-0.0016927083
558332.3900235801,9.7879028324,-0.0393676758,0.0640869141,-0.1743055555,0.0006944444,-0.0008138021
558332.4000235799,9.7892761234,-0.0331115723,0.0666809082,-0.1742730035,0.0006944444,-0.0017795139
558332.4100235800,9.7885131839,-0.0424194336,0.0657653809,-0.1742838542,0.0006944444,-0.0008680556
558332.4200235800,9.7908020023,-0.0294494629,0.0639343262,-0.1742838542,0.0007161458,-0.0016927083
558332.4300235800,9.7875976566,-0.0439453125,0.0648498535,-0.1742730035,0.0006727431,-0.0010308160
558332.4400235800,9.7886657718,-0.0312805176,0.0653076172,-0.1742513021,0.0006944444,-0.0013888889
558332.4500235800,9.7888183597,-0.0411987305,0.0654602051,-0.1742404514,0.0007378472,-0.0014214410
558332.4600235800,9.7886657718,-0.0343322754,0.0663757324,-0.1742404514,0.0006618924,-0.0010308160
558332.4700235800,9.7892761234,-0.0358581543,0.0640869141,-0.1742513021,0.0007161458,-0.0017252604
558332.4800235800,9.7871398929,-0.0405883789,0.0642395020,-0.1742621528,0.0006618924,-0.0007812500
558332.4900235800,9.7888183597,-0.0306701660,0.0642395020,-0.1742838542,0.0007378472,-0.0018337674
558332.5000235800,9.7883605960,-0.0436401367,0.0669860840,-0.1743055555,0.0006727431,-0.0008789062
558332.5100235800,9.7894287113,-0.0299072266,0.0654602051,-0.1743164062,0.0007269965,-0.0015516493
558332.5200235799,9.7877502445,-0.0442504883,0.0627136230,-0.1743164062,0.0006618924,-0.0012586806
558332.5300235800,9.7894287113,-0.0340270996,0.0646972656,-0.1743164062,0.0006944444,-0.0011610243
558332.5400235800,9.7888183597,-0.0376892090,0.0668334961,-0.1743055555,0.0006944444,-0.0015842014
558332.5500235800,9.7891235355,-0.0376892090,0.0650024414,-0.1743164062,0.0006835937,-0.0009006076
558332.5600235800,9.7891235355,-0.0344848633,0.0631713867,-0.1743164062,0.0006944444,-0.0017578125
558332.5700235800,9.7872924808,-0.0405883789,0.0643920898,-0.1743489583,0.0007052951,-0.0008246528
558332.5800235800,9.7888183597,-0.0312805176,0.0669860840,-0.1742513021,0.0007161458,-0.0017252604
558332.5900235800,9.7882080081,-0.0434875488,0.0668334961,-0.1742838542,0.0006835937,-0.0009223090
558332.6000235800,9.7901916507,-0.0314331055,0.0640869141,-0.1743381076,0.0006727431,-0.0015950521
558332.6100235800,9.7874450687,-0.0419616699,0.0636291504,-0.1743489583,0.0006835937,-0.0011501736
558332.6200235800,9.7882080081,-0.0305175781,0.0648498535,-0.1743272569,0.0006727431,-0.0012912326
558332.6300235800,9.7886657718,-0.0405883789,0.0669860840,-0.1743706597,0.0007161458,-0.0014865451
558332.6400235801,9.7889709476,-0.0373840332,0.0646972656,-0.1743381076,0.0006618924,-0.0009874132
558332.6500235799,9.7888183597,-0.0352478027,0.0633239746,-0.1743381076,0.0007378472,-0.0016927083
558332.6600235800,9.7880554202,-0.0395202637,0.0653076172,-0.1743381076,0.0006510417,-0.0008029514
558332.6700235800,9.7886657718,-0.0317382813,0.0653076172,-0.1743381076,0.0007269965,-0.0018337674
558332.6800235800,9.7879028324,-0.0453186035,0.0657653809,-0.1743272569,0.0006727431,-0.0008355035
558332.6900235800,9.7906494144,-0.0288391113,0.0643920898,-0.1743598090,0.0006944444,-0.0015950521
558332.7000235800,9.7869873050,-0.0434875488,0.0648498535,-0.1742621528,0.0006835937,-0.0012586806
558332.7100235800,9.7894287113,-0.0320434570,0.0650024414,-0.1741536458,0.0007052951,-0.0011284722
558332.7200235800,9.7877502445,-0.0382995605,0.0651550293,-0.1742513021,0.0007161458,-0.0016384549
558332.7300235800,9.7892761234,-0.0395202637,0.0650024414,-0.1743164062,0.0006944444,-0.0008572049
558332.7400235800,9.7886657718,-0.0332641602,0.0651550293,-0.1743164062,0.0006835937,-0.0018120660
558332.7500235800,9.7874450687,-0.0419616699,0.0651550293,-0.1743164062,0.0006727431,-0.0008138021
558332.7600235800,9.7900390628,-0.0303649902,0.0662231445,-0.1743164062,0.0006944444,-0.0017144097
558332.7700235799,9.7879028324,-0.0434875488,0.0639343262,-0.1743164062,0.0007052951,-0.0010308160
558332.7800235800,9.7900390628,-0.0306701660,0.0651550293,-0.1743706597,0.0006944444,-0.0014865451
558332.7900235800,9.7882080081,-0.0427246094,0.0656127930,-0.1743598090,0.0006835937,-0.0012478299
558332.8000235800,9.7879028324,-0.0331115723,0.0651550293,-0.1742838542,0.0006618924,-0.0012044271
558332.8100235800,9.7886657718,-0.0382995605,0.0648498535,-0.1743598090,0.0007378472,-0.0015299479
558332.8200235800,9.7888183597,-0.0381469727,0.0654602051,-0.1743598090,0.0006835937,-0.0009223090
558332.8300235800,9.7889709476,-0.0352478027,0.0650024414,-0.1744140625,0.0007378472,-0.0017469618
558332.8400235800,9.7875976566,-0.0401306152,0.0650024414,-0.1743923611,0.0006401910,-0.0008246528
558332.8500235800,9.7889709476,-0.0312805176,0.0650024414,-0.1744140625,0.0007269965,-0.0017578125
558332.8600235800,9.7874450687,-0.0434875488,0.0648498535,-0.1743164062,0.0006835937,-0.0008897569
558332.8700235800,9.7897338870,-0.0311279297,0.0656127930,-0.1743272569,0.0006944444,-0.0015842014
558332.8800235800,9.7875976566,-0.0440979004,0.0650024414,-0.1743055555,0.0006618924,-0.0011610243
558332.8900235801,9.7883605960,-0.0309753418,0.0643920898,-0.1742730035,0.0006727431,-0.0012695312
558332.9000235799,9.7879028324,-0.0392150879,0.0648498535,-0.1743706597,0.0007161458,-0.0014973958
558332.9100235800,9.7888183597,-0.0393676758,0.0653076172,-0.1743598090,0.0007052951,-0.0009114583
558332.9200235800,9.7892761234,-0.0340270996,0.0651550293,-0.1744032118,0.0006944444,-0.0017795139
558332.9300235800,9.7874450687,-0.0398254395,0.0654602051,-0.1744140625,0.0006727431,-0.0008246528
558332.9400235800,9.7892761234,-0.0311279297,0.0640869141,-0.1743272569,0.0006727431,-0.0017469618
558332.9500235800,9.7883605960,-0.0447082520,0.0646972656,-0.1743923611,0.0007269965,-0.0009006076
558332.9600235800,9.7895812991,-0.0308227539,0.0656127930,-0.1744574653,0.0006618924,-0.0016276042
558332.9700235800,9.7874450687,-0.0430297852,0.0656127930,-0.1744466146,0.0007052951,-0.0011718750
558332.9800235800,9.7882080081,-0.0311279297,0.0640869141,-0.1744140625,0.0006618924,-0.0012586806
558332.9900235800,9.7888183597,-0.0407409668,0.0657653809,-0.1743923611,0.0007269965,-0.0014756944
558333.0000235800,9.7885131839,-0.0372314453,0.0659179688,-0.1743164062,0.0006727431,-0.0009982639
558333.0100235800,9.7888183597,-0.0350952148,0.0642395020,-0.1746202257,0.0006944444,-0.0016927083
558333.0200235799,9.7875976566,-0.0393676758,0.0648498535,-0.1742621528,0.0006727431,-0.0008246528
558333.0300235800,9.7888183597,-0.0337219238,0.0642395020,-0.1743055555,0.0006944444,-0.0017686632
558333.0400235800,9.7879028324,-0.0437927246,0.0662231445,-0.1743272569,0.0007052951,-0.0009114583
558333.0500235800,9.7894287113,-0.0297546387,0.0656127930,-0.1743706597,0.0007161458,-0.0016601562
558333.0600235800,9.7869873050,-0.0425720215,0.0643920898,-0.1744249132,0.0006727431,-0.0010633681
558333.0700235800,9.7889709476,-0.0317382813,0.0650024414,-0.1744249132,0.0006944444,-0.0013888889
558333.0800235800,9.7875976566,-0.0433349609,0.0653076172,-0.1743923611,0.0006835937,-0.0014105903
558333.0900235800,9.7889709476,-0.0358581543,0.0654602051,-0.1743923611,0.0007052951,-0.0010416667
558333.1000235800,9.7882080081,-0.0349426270,0.0656127930,-0.1743923611,0.0006727431,-0.0017686632
558333.1100235800,9.7880554202,-0.0404357910,0.0650024414,-0.1744249132,0.0006835937,-0.0007269965
558333.1200235800,9.7889709476,-0.0325012207,0.0645446777,-0.1744466146,0.0007161458,-0.0018229167
558333.1300235800,9.7877502445,-0.0450134277,0.0654602051,-0.1744140625,0.0006727431,-0.0008897569
558333.1400235801,9.7894287113,-0.0294494629,0.0659179688,-0.1743706597,0.0006727431,-0.0015950521
558333.1500235799,9.7877502445,-0.0434875488,0.0653076172,-0.1743598090,0.0006835937,-0.0012044271
558333.1600235800,9.7889709476,-0.0340270996,0.0645446777,-0.1743164062,0.0006727431,-0.0012152778
558333.1700235800,9.7892761234,-0.0404357910,0.0643920898,-0.1743272569,0.0007269965,-0.0015733507
558333.1800235800,9.7888183597,-0.0373840332,0.0654602051,-0.1743923611,0.0006944444,-0.0009006076
558333.1900235800,9.7895812991,-0.0332641602,0.0646972656,-0.1744574653,0.0006835937,-0.0017578125
558333.2000235800,9.7882080081,-0.0418090820,0.0654602051,-0.1744249132,0.0006618924,-0.0008029514
558333.2100235800,9.7891235355,-0.0329589844,0.0656127930,-0.1744574653,0.0006944444,-0.0017469618
558333.2200235800,9.7875976566,-0.0434875488,0.0640869141,-0.1744032118,0.0006944444,-0.0009657118
558333.2300235800,9.7898864749,-0.0305175781,0.0653076172,-0.1743706597,0.0006944444,-0.0015733507
558333.2400235800,9.7880554202,-0.0434875488,0.0660705566,-0.1743272569,0.0006835937,-0.0011501736
558333.2500235800,9.7886657718,-0.0321960449,0.0643920898,-0.1743706597,0.0006727431,-0.0013129340
558333.2600235800,9.7889709476,-0.0402832031,0.0645446777,-0.1744032118,0.0007161458,-0.0014431424
558333.2700235799,9.7898864749,-0.0358581543,0.0656127930,-0.1743706597,0.0006618924,-0.0009874132
558333.2800235800,9.7888183597,-0.0366210938,0.0656127930,-0.1743598090,0.0006727431,-0.0016927083
558333.2900235800,9.7880554202,-0.0419616699,0.0654602051,-0.1742838542,0.0006618924,-0.0008355035
558333.3000235800,9.7886657718,-0.0323486328,0.0650024414,-0.1743164062,0.0006944444,-0.0018012153
558333.3100235800,9.7880554202,-0.0430297852,0.0653076172,-0.1742621528,0.0006835937,-0.0008680556
558333.3200235800,9.7901916507,-0.0306701660,0.0659179688,-0.1743598090,0.0006835937,-0.0016493056
558333.3300235800,9.7879028324,-0.0442504883,0.0643920898,-0.1743706597,0.0006510417,-0.0010742187
558333.3400235800,9.7888183597,-0.0315856934,0.0642395020,-0.1744032118,0.0006727431,-0.0013997396
558333.3500235800,9.7885131839,-0.0416564941,0.0659179688,-0.1744140625,0.0006944444,-0.0013780382
558333.3600235800,9.7892761234,-0.0354003906,0.0653076172,-0.1744357639,0.0006835937,-0.0010742187
558333.3700235810,9.7894287113,-0.0375366211,0.0651550293,-0.1745008680,0.0007161458,-0.0017144097
558333.3800235810,9.7877502445,-0.0413513184,0.0653076172,-0.1744574653,0.0006510417,-0.0007921007
558333.3900235810,9.7894287113,-0.0312805176,0.0642395020,-0.1744466146,0.0007161458,-0.0018663194
558333.4000235810,9.7882080081,-0.0431823730,0.0651550293,-0.1744357639,0.0006944444,-0.0008029514
558333.4100235810,9.7898864749,-0.0296020508,0.0665283203,-0.1744357639,0.0006727431,-0.0016384549
558333.4200235810,9.7879028324,-0.0450134277,0.0646972656,-0.1743272569,0.0006618924,-0.0011393229
558333.4300235810,9.7886657718,-0.0321960449,0.0642395020,-0.1743489583,0.0006727431,-0.0013020833
558333.4400235810,9.7885131839,-0.0402832031,0.0659179688,-0.1743381076,0.0007161458,-0.0014973958
558333.4500235810,9.7888183597,-0.0375366211,0.0668334961,-0.1743489583,0.0007052951,-0.0009548611
558333.4600235811,9.7892761234,-0.0350952148,0.0645446777,-0.1743489583,0.0006618924,-0.0017795139
558333.4700235809,9.7877502445,-0.0418090820,0.0634765625,-0.1743923611,0.0006727431,-0.0007812500
558333.4800235810,9.7895812991,-0.0306701660,0.0653076172,-0.1744140625,0.0006835937,-0.0017795139
558333.4900235810,9.7879028324,-0.0448608398,0.0665283203,-0.1744032118,0.0006835937,-0.0009223090
558333.5000235810,9.7894287113,-0.0317382813,0.0653076172,-0.1744466146,0.0006835937,-0.0015625000
558333.5100235810,9.7869873050,-0.0433349609,0.0634765625,-0.1744466146,0.0006727431,-0.0012586806
558333.5200235810,9.7883605960,-0.0321960449,0.0639343262,-0.1744140625,0.0007052951,-0.0011718750
558333.5300235810,9.7879028324,-0.0389099121,0.0680541992,-0.1744140625,0.0006944444,-0.0015950521
558333.5400235810,9.7898864749,-0.0393676758,0.0656127930,-0.1744357639,0.0006618924,-0.0009114583
558333.5500235810,9.7883605960,-0.0347900391,0.0631713867,-0.1743706597,0.0006835937,-0.0017469618
558333.5600235810,9.7872924808,-0.0415039063,0.0633239746,-0.1743164062,0.0006727431,-0.0008355035
558333.5700235810,9.7888183597,-0.0318908691,0.0679016113,-0.1743923611,0.0007161458,-0.0017578125
558333.5800235810,9.7877502445,-0.0447082520,0.0677490234,-0.1743489583,0.0006727431,-0.0009114583
558333.5900235811,9.7892761234,-0.0305175781,0.0634765625,-0.1744140625,0.0006618924,-0.0015190972
558333.6000235809,9.7875976566,-0.0433349609,0.0622558594,-0.1743706597,0.0006944444,-0.0012478299
558333.6100235810,9.7889709476,-0.0334167480,0.0659179688,-0.1744140625,0.0006618924,-0.0012369792
558333.6200235810,9.7877502445,-0.0389099121,0.0679016113,-0.1744466146,0.0006835937,-0.0015190972
558333.6300235810,9.7891235355,-0.0382995605,0.0653076172,-0.1744357639,0.0006727431,-0.0009548611
558333.6400235810,9.7888183597,-0.0355529785,0.0617980957,-0.1744357639,0.0006835937,-0.0018120660
558333.6500235810,9.7869873050,-0.0416564941,0.0650024414,-0.1744140625,0.0006944444,-0.0007812500
558333.6600235810,9.7879028324,-0.0314331055,0.0683593750,-0.1744140625,0.0006510417,-0.0017686632
558333.6700235810,9.7872924808,-0.0439453125,0.0656127930,-0.1743381076,0.0006835937,-0.0009548611
558333.6800235810,9.7900390628,-0.0300598145,0.0624084473,-0.1744140625,0.0007161458,-0.0015625000
558333.6900235810,9.7868347171,-0.0425720215,0.0642395020,-0.1744249132,0.0006944444,-0.0012369792
558333.7000235810,9.7888183597,-0.0332641602,0.0685119629,-0.1744249132,0.0006727431,-0.0011718750
558333.7100235811,9.7872924808,-0.0396728516,0.0666809082,-0.1744140625,0.0006835937,-0.0016276042
558333.7200235809,9.7888183597,-0.0384521484,0.0627136230,-0.1743706597,0.0006835937,-0.0008789062
558333.7300235810,9.7888183597,-0.0329589844,0.0633239746,-0.1744032118,0.0006944444,-0.0018012153
558333.7400235810,9.7882080081,-0.0427246094,0.0672912598,-0.1744032118,0.0006618924,-0.0008138021
558333.7500235810,9.7889709476,-0.0326538086,0.0677490234,-0.1744032118,0.0006835937,-0.0017144097
558333.7600235810,9.7875976566,-0.0445556641,0.0639343262,-0.1742838542,0.0006510417,-0.0009874132
558333.7700235810,9.7891235355,-0.0305175781,0.0627136230,-0.1742730035,0.0007378472,-0.0015190972
558333.7800235810,9.7879028324,-0.0421142578,0.0657653809,-0.1743598090,0.0006727431,-0.0012152778
558333.7900235810,9.7886657718,-0.0340270996,0.0677490234,-0.1744249132,0.0006727431,-0.0012369792
558333.8000235810,9.7886657718,-0.0401306152,0.0654602051,-0.1745117187,0.0006510417,-0.0015082465
558333.8100235810,9.7891235355,-0.0364685059,0.0625610352,-0.1744900174,0.0006944444,-0.0009765625
558333.8200235810,9.7892761234,-0.0350952148,0.0634765625,-0.1744249132,0.0007269965,-0.0016927083
558333.8300235810,9.7874450687,-0.0416564941,0.0683593750,-0.1744249132,0.0006618924,-0.0008355035
558333.8400235811,9.7889709476,-0.0328063965,0.0671386719,-0.1744140625,0.0006727431,-0.0017795139
558333.8500235809,9.7872924808,-0.0434875488,0.0631713867,-0.1743489583,0.0006835937,-0.0008897569
558333.8600235810,9.7898864749,-0.0300598145,0.0631713867,-0.1744140625,0.0006944444,-0.0015950521
558333.8700235810,9.7875976566,-0.0442504883,0.0666809082,-0.1743923611,0.0006835937,-0.0011610243
558333.8800235810,9.7886657718,-0.0334167480,0.0669860840,-0.1743381076,0.0006510417,-0.0013129340
558333.8900235810,9.7886657718,-0.0395202637,0.0639343262,-0.1743055555,0.0007052951,-0.0014756944
558333.9000235810,9.7891235355,-0.0364685059,0.0640869141,-0.1744032118,0.0006944444,-0.0009874132
558333.9100235810,9.7889709476,-0.0366210938,0.0656127930,-0.1744466146,0.0007378472,-0.0017361111
558333.9200235810,9.7874450687,-0.0413513184,0.0669860840,-0.1744249132,0.0006401910,-0.0008138021
558333.9300235810,9.7885131839,-0.0325012207,0.0648498535,-0.1744249132,0.0006835937,-0.0018012153
558333.9400235810,9.7886657718,-0.0437927246,0.0637817383,-0.1744032118,0.0006835937,-0.0008897569
558333.9500235810,9.7901916507,-0.0299072266,0.0659179688,-0.1744574653,0.0007161458,-0.0015842014
558333.9600235811,9.7869873050,-0.0440979004,0.0671386719,-0.1744466146,0.0006727431,-0.0012152778
558333.9700235809,9.7891235355,-0.0331115723,0.0656127930,-0.1744466146,0.0006510417,-0.0012369792
558333.9800235810,9.7885131839,-0.0389099121,0.0634765625,-0.1744466146,0.0007161458,-0.0015516493
558333.9900235810,9.7889709476,-0.0381469727,0.0651550293,-0.1743923611,0.0006944444,-0.0008897569
558334.0000235810,9.7892761234,-0.0354003906,0.0659179688,-0.1743706597,0.0006727431,-0.0018120660
558334.0100235810,9.7871398929,-0.0427246094,0.0659179688,-0.1746202257,0.0006510417,-0.0007921007
558334.0200235810,9.7889709476,-0.0302124023,0.0630187988,-0.1743489583,0.0006835937,-0.0017795139
558334.0300235810,9.7877502445,-0.0454711914,0.0648498535,-0.1743598090,0.0006835937,-0.0009657118
558334.0400235810,9.7894287113,-0.0321960449,0.0669860840,-0.1744032118,0.0007269965,-0.0014648437
558334.0500235810,9.7880554202,-0.0416564941,0.0660705566,-0.1744032118,0.0006510417,-0.0013346354
558334.0600235810,9.7888183597,-0.0344848633,0.0639343262,-0.1744032118,0.0006727431,-0.0011610243
558334.0700235810,9.7888183597,-0.0387573242,0.0648498535,-0.1743706597,0.0007161458,-0.0014973958
558334.0800235810,9.7900390628,-0.0387573242,0.0662231445,-0.1743598090,0.0006944444,-0.0010525174
558334.0900235811,9.7883605960,-0.0367736816,0.0650024414,-0.1743923611,0.0006835937,-0.0016601562
558334.1000235809,9.7877502445,-0.0386047363,0.0642395020,-0.1743923611,0.0006510417,-0.0008789062
558334.1100235810,9.7885131839,-0.0335693359,0.0645446777,-0.1744140625,0.0007161458,-0.0017795139
558334.1200235810,9.7879028324,-0.0451660156,0.0662231445,-0.1743381076,0.0006618924,-0.0008029514
558334.1300235810,9.7897338870,-0.0312805176,0.0660705566,-0.1744140625,0.0006835937,-0.0017144097
558334.1400235810,9.7874450687,-0.0439453125,0.0642395020,-0.1744032118,0.0006401910,-0.0010742187
558334.1500235810,9.7883605960,-0.0320434570,0.0640869141,-0.1744249132,0.0006835937,-0.0013454861
558334.1600235810,9.7877502445,-0.0422668457,0.0668334961,-0.1743923611,0.0006835937,-0.0014431424
558334.1700235810,9.7885131839,-0.0370788574,0.0660705566,-0.1744249132,0.0006727431,-0.0009657118
558334.1800235810,9.7886657718,-0.0361633301,0.0645446777,-0.1744357639,0.0006835937,-0.0017686632
558334.1900235810,9.7879028324,-0.0418090820,0.0636291504,-0.1743598090,0.0006401910,-0.0008029514
558334.2000235810,9.7886657718,-0.0328063965,0.0654602051,-0.1744249132,0.0007161458,-0.0018012153
558334.2100235811,9.7874450687,-0.0451660156,0.0665283203,-0.1744249132,0.0006618924,-0.0008897569
558334.2200235809,9.7906494144,-0.0305175781,0.0656127930,-0.1744574653,0.0006727431,-0.0016384549
558334.2300235810,9.7877502445,-0.0430297852,0.0650024414,-0.1744791667,0.0006835937,-0.0011718750
558334.2400235810,9.7886657718,-0.0338745117,0.0646972656,-0.1744574653,0.0006618924,-0.0012478299
558334.2500235810,9.7886657718,-0.0408935547,0.0660705566,-0.1744249132,0.0007161458,-0.0015407986
558334.2600235810,9.7883605960,-0.0375366211,0.0654602051,-0.1743381076,0.0006618924,-0.0009440104
558334.2700235810,9.7894287113,-0.0357055664,0.0640869141,-0.1743598090,0.0006944444,-0.0017686632
558334.2800235810,9.7879028324,-0.0424194336,0.0646972656,-0.1743489583,0.0006401910,-0.0008246528
558334.2900235810,9.7886657718,-0.0325012207,0.0659179688,-0.1743598090,0.0007269965,-0.0017686632
558334.3000235810,9.7880554202,-0.0436401367,0.0650024414,-0.1743706597,0.0006618924,-0.0009223090
558334.3100235810,9.7897338870,-0.0315856934,0.0645446777,-0.1744574653,0.0007161458,-0.0015625000
558334.3200235810,9.7877502445,-0.0445556641,0.0645446777,-0.1744466146,0.0006618924,-0.0011827257
558334.3300235810,9.7882080081,-0.0338745117,0.0659179688,-0.1743706597,0.0006727431,-0.0012586806
558334.3400235811,9.7882080081,-0.0398254395,0.0657653809,-0.1744357639,0.0006618924,-0.0015516493
558334.3500235809,9.7885131839,-0.0370788574,0.0642395020,-0.1743923611,0.0006835937,-0.0009114583
558334.3600235810,9.7885131839,-0.0357055664,0.0650024414,-0.1744249132,0.0006944444,-0.0017795139
558334.3700235810,9.7880554202,-0.0434875488,0.0659179688,-0.1744466146,0.0006618924,-0.0008138021
558334.3800235810,9.7894287113,-0.0297546387,0.0654602051,-0.1744791667,0.0006835937,-0.0017686632
558334.3900235810,9.7882080081,-0.0445556641,0.0645446777,-0.1744140625,0.0006618924,-0.0009223090
558334.4000235810,9.7895812991,-0.0328063965,0.0645446777,-0.1743923611,0.0006944444,-0.0015733507
558334.4100235810,9.7872924808,-0.0447082520,0.0651550293,-0.1743706597,0.0006618924,-0.0012044271
558334.4200235810,9.7882080081,-0.0334167480,0.0657653809,-0.1743923611,0.0006727431,-0.0012912326
558334.4300235810,9.7880554202,-0.0405883789,0.0656127930,-0.1744140625,0.0007161458,-0.0014865451
558334.4400235810,9.7894287113,-0.0369262695,0.0645446777,-0.1744574653,0.0006618924,-0.0010308160
558334.4500235820,9.7889709476,-0.0375366211,0.0654602051,-0.1744466146,0.0006835937,-0.0016927083
558334.4600235820,9.7877502445,-0.0396728516,0.0659179688,-0.1744032118,0.0006510417,-0.0008246528
558334.4700235820,9.7889709476,-0.0328063965,0.0653076172,-0.1744249132,0.0006835937,-0.0017795139
558334.4800235820,9.7871398929,-0.0442504883,0.0646972656,-0.1743489583,0.0006510417,-0.0008789062
558334.4900235820,9.7892761234,-0.0320434570,0.0653076172,-0.1744466146,0.0006944444,-0.0016710069
558334.5000235820,9.7872924808,-0.0442504883,0.0653076172,-0.1744791667,0.0006401910,-0.0010742187
558334.5100235820,9.7883605960,-0.0323486328,0.0639343262,-0.1745008680,0.0006835937,-0.0013346354
558334.5200235820,9.7886657718,-0.0415039063,0.0653076172,-0.1744357639,0.0006618924,-0.0014322917
558334.5300235820,9.7886657718,-0.0375366211,0.0662231445,-0.1744140625,0.0006835937,-0.0009982639
558334.5400235821,9.7897338870,-0.0369262695,0.0657653809,-0.1744032118,0.0006835937,-0.0017578125
558334.5500235819,9.7880554202,-0.0418090820,0.0645446777,-0.1743381076,0.0006618924,-0.0008029514
558334.5600235820,9.7892761234,-0.0323486328,0.0650024414,-0.1743598090,0.0006944444,-0.0018229167
558334.5700235820,9.7880554202,-0.0459289551,0.0659179688,-0.1743598090,0.0006727431,-0.0008897569
558334.5800235820,9.7897338870,-0.0312805176,0.0653076172,-0.1743923611,0.0006944444,-0.0016276042
558334.5900235820,9.7886657718,-0.0430297852,0.0646972656,-0.1744140625,0.0006618924,-0.0011718750
558334.6000235820,9.7877502445,-0.0337219238,0.0646972656,-0.1743923611,0.0006618924,-0.0012586806
558334.6100235820,9.7883605960,-0.0408935547,0.0653076172,-0.1744357639,0.0006944444,-0.0015516493
558334.6200235820,9.7886657718,-0.0382995605,0.0657653809,-0.1743598090,0.0006727431,-0.0009223090
558334.6300235820,9.7894287113,-0.0357055664,0.0651550293,-0.1744357639,0.0006944444,-0.0018229167
558334.6400235820,9.7875976566,-0.0434875488,0.0643920898,-0.1744140625,0.0006184896,-0.0007486979
558334.6500235820,9.7891235355,-0.0308227539,0.0651550293,-0.1744574653,0.0007161458,-0.0018012153
558334.6600235821,9.7880554202,-0.0457763672,0.0657653809,-0.1744357639,0.0006835937,-0.0009548611
558334.6700235819,9.7904968265,-0.0311279297,0.0654602051,-0.1744466146,0.0006835937,-0.0014756944
558334.6800235820,9.7880554202,-0.0431823730,0.0656127930,-0.1744140625,0.0006618924,-0.0013888889
558334.6900235820,9.7880554202,-0.0357055664,0.0659179688,-0.1743381076,0.0006618924,-0.0010416667
558334.7000235820,9.7882080081,-0.0370788574,0.0657653809,-0.1743706597,0.0006835937,-0.0016927083
558334.7100235820,9.7883605960,-0.0398254395,0.0651550293,-0.1743706597,0.0006618924,-0.0008789062
558334.7200235820,9.7889709476,-0.0347900391,0.0645446777,-0.1744032118,0.0006835937,-0.0017361111
558334.7300235820,9.7879028324,-0.0428771973,0.0643920898,-0.1743489583,0.0006510417,-0.0008897569
558334.7400235820,9.7891235355,-0.0334167480,0.0662231445,-0.1743598090,0.0006835937,-0.0017469618
558334.7500235820,9.7880554202,-0.0437927246,0.0656127930,-0.1743706597,0.0006618924,-0.0009548611
558334.7600235820,9.7895812991,-0.0315856934,0.0645446777,-0.1744032118,0.0006944444,-0.0015733507
558334.7700235820,9.7874450687,-0.0445556641,0.0666809082,-0.1744357639,0.0006727431,-0.0011393229
558334.7800235820,9.7877502445,-0.0335693359,0.0654602051,-0.1744032118,0.0006401910,-0.0013129340
558334.7900235821,9.7883605960,-0.0404357910,0.0645446777,-0.1744357639,0.0006944444,-0.0015082465
558334.8000235819,9.7883605960,-0.0360107422,0.0651550293,-0.1743923611,0.0006510417,-0.0009874132
558334.8100235820,9.7880554202,-0.0378417969,0.0659179688,-0.1743598090,0.0006835937,-0.0017144097
558334.8200235820,9.7877502445,-0.0422668457,0.0651550293,-0.1743489583,0.0006510417,-0.0009006076
558334.8300235820,9.7888183597,-0.0328063965,0.0646972656,-0.1744249132,0.0006835937,-0.0018012153
558334.8400235820,9.7888183597,-0.0425720215,0.0637817383,-0.1743923611,0.0006727431,-0.0008789062
558334.8500235820,9.7891235355,-0.0321960449,0.0656127930,-0.1744249132,0.0006618924,-0.0016493056
558334.8600235820,9.7877502445,-0.0460815430,0.0650024414,-0.1744249132,0.0006510417,-0.0010850694
558334.8700235820,9.7886657718,-0.0318908691,0.0639343262,-0.1743706597,0.0006510417,-0.0013997396
558334.8800235820,9.7875976566,-0.0407409668,0.0660705566,-0.1744140625,0.0006727431,-0.0014214410
558334.8900235820,9.7888183597,-0.0358581543,0.0657653809,-0.1744032118,0.0006835937,-0.0010091146
558334.9000235820,9.7892761234,-0.0384521484,0.0653076172,-0.1744357639,0.0006835937,-0.0017469618
558334.9100235821,9.7879028324,-0.0413513184,0.0648498535,-0.1743272569,0.0006510417,-0.0008029514
558334.9200235819,9.7891235355,-0.0315856934,0.0648498535,-0.1744357639,0.0006944444,-0.0018229167
558334.9300235820,9.7885131839,-0.0440979004,0.0659179688,-0.1743923611,0.0006727431,-0.0008789062
558334.9400235820,9.7900390628,-0.0323486328,0.0657653809,-0.1744249132,0.0006727431,-0.0016059028
558334.9500235820,9.7872924808,-0.0456237793,0.0654602051,-0.1744140625,0.0006727431,-0.0012152778
558334.9600235820,9.7879028324,-0.0329589844,0.0650024414,-0.1744249132,0.0006510417,-0.0012586806
558334.9700235820,9.7880554202,-0.0387573242,0.0650024414,-0.1744140625,0.0007161458,-0.0015190972
558334.9800235820,9.7889709476,-0.0384521484,0.0659179688,-0.1743706597,0.0006618924,-0.0009548611
558334.9900235820,9.7891235355,-0.0376892090,0.0653076172,-0.1743923611,0.0006835937,-0.0017252604
558335.0000235820,9.7868347171,-0.0405883789,0.0645446777,-0.1743489583,0.0006076389,-0.0009006076
558335.0100235820,9.7882080081,-0.0320434570,0.0653076172,-0.1746961805,0.0007161458,-0.0017469618
558335.0200235820,9.7888183597,-0.0445556641,0.0651550293,-0.1743489583,0.0006510417,-0.0009006076
558335.0300235820,9.7897338870,-0.0334167480,0.0659179688,-0.1744249132,0.0006835937,-0.0016710069
558335.0400235821,9.7872924808,-0.0439453125,0.0645446777,-0.1744032118,0.0006835937,-0.0010742187
558335.0500235819,9.7888183597,-0.0308227539,0.0643920898,-0.1744032118,0.0006510417,-0.0014105903
558335.0600235820,9.7877502445,-0.0431823730,0.0656127930,-0.1744032118,0.0006835937,-0.0013780382
558335.0700235820,9.7891235355,-0.0375366211,0.0651550293,-0.1744249132,0.0006618924,-0.0010633681
558335.0800235820,9.7882080081,-0.0384521484,0.0642395020,-0.1744140625,0.0006618924,-0.0017361111
558335.0900235820,9.7874450687,-0.0393676758,0.0656127930,-0.1743706597,0.0006727431,-0.0008138021
558335.1000235820,9.7888183597,-0.0332641602,0.0666809082,-0.1744032118,0.0006727431,-0.0018012153
558335.1100235820,9.7880554202,-0.0453186035,0.0653076172,-0.1743706597,0.0006727431,-0.0008789062
558335.1200235820,9.7901916507,-0.0323486328,0.0651550293,-0.1743598090,0.0006835937,-0.0016818576
558335.1300235820,9.7883605960,-0.0436401367,0.0650024414,-0.1743489583,0.0006618924,-0.0010850694
558335.1400235820,9.7889709476,-0.0320434570,0.0654602051,-0.1742838542,0.0006401910,-0.0013563368
558335.1500235820,9.7875976566,-0.0437927246,0.0654602051,-0.1743381076,0.0006835937,-0.0014322917
558335.1600235821,9.7892761234,-0.0375366211,0.0637817383,-0.1744140625,0.0006727431,-0.0010308160
558335.1700235819,9.7892761234,-0.0366210938,0.0651550293,-0.1745008680,0.0007161458,-0.0017578125
558335.1800235820,9.7865295413,-0.0411987305,0.0659179688,-0.1744357639,0.0006401910,-0.0007921007
558335.1900235820,9.7892761234,-0.0341796875,0.0662231445,-0.1744357639,0.0006618924,-0.0017795139
558335.2000235820,9.7882080081,-0.0448608398,0.0643920898,-0.1744140625,0.0006727431,-0.0008897569
558335.2100235820,9.7895812991,-0.0305175781,0.0651550293,-0.1743598090,0.0006944444,-0.0016601562
558335.2200235820,9.7877502445,-0.0433349609,0.0648498535,-0.1744466146,0.0006401910,-0.0010850694
558335.2300235820,9.7885131839,-0.0317382813,0.0662231445,-0.1744249132,0.0006510417,-0.0013346354
558335.2400235820,9.7882080081,-0.0445556641,0.0663757324,-0.1744249132,0.0006727431,-0.0014539931
558335.2500235820,9.7900390628,-0.0366210938,0.0637817383,-0.1744032118,0.0006727431,-0.0010416667
558335.2600235820,9.7882080081,-0.0369262695,0.0642395020,-0.1744140625,0.0006727431,-0.0017144097
558335.2700235820,9.7880554202,-0.0424194336,0.0654602051,-0.1743489583,0.0006510417,-0.0007812500
558335.2800235820,9.7877502445,-0.0343322754,0.0669860840,-0.1743489583,0.0006618924,-0.0018988715
558335.2900235821,9.7886657718,-0.0454711914,0.0650024414,-0.1743598090,0.0006944444,-0.0008789062
558335.3000235819,9.7897338870,-0.0297546387,0.0636291504,-0.1744140625,0.0006618924,-0.0016059028
558335.3100235820,9.7877502445,-0.0451660156,0.0659179688,-0.1743923611,0.0006944444,-0.0012152778
558335.3200235820,9.7891235355,-0.0343322754,0.0662231445,-0.1744249132,0.0006401910,-0.0012152778
558335.3300235820,9.7886657718,-0.0389099121,0.0657653809,-0.1744032118,0.0006835937,-0.0016276042
558335.3400235820,9.7891235355,-0.0381469727,0.0643920898,-0.1744249132,0.0006618924,-0.0008789062
558335.3500235820,9.7898864749,-0.0354003906,0.0645446777,-0.1744140625,0.0006944444,-0.0018229167
558335.3600235820,9.7872924808,-0.0442504883,0.0659179688,-0.1744140625,0.0006510417,-0.0008246528
558335.3700235820,9.7892761234,-0.0325012207,0.0657653809,-0.1744249132,0.0006727431,-0.0017469618
558335.3800235820,9.7872924808,-0.0454711914,0.0645446777,-0.1744140625,0.0006510417,-0.0009874132
558335.3900235820,9.7892761234,-0.0329589844,0.0650024414,-0.1744249132,0.0006727431,-0.0014865451
558335.4000235820,9.7880554202,-0.0448608398,0.0657653809,-0.1743489583,0.0006510417,-0.0013129340
558335.4100235821,9.7885131839,-0.0358581543,0.0651550293,-0.1743272569,0.0006510417,-0.0012261285
558335.4200235819,9.7885131839,-0.0393676758,0.0642395020,-0.1743055555,0.0006727431,-0.0015625000
558335.4300235820,9.7892761234,-0.0390625000,0.0656127930,-0.1743923611,0.0007052951,-0.0009548611
558335.4400235820,9.7901916507,-0.0364685059,0.0651550293,-0.1744032118,0.0006727431,-0.0017686632
558335.4500235820,9.7877502445,-0.0421142578,0.0648498535,-0.1744249132,0.0006618924,-0.0008246528
558335.4600235820,9.7883605960,-0.0320434570,0.0651550293,-0.1744357639,0.0006835937,-0.0017795139
558335.4700235820,9.7880554202,-0.0450134277,0.0643920898,-0.1743706597,0.0006618924,-0.0009006076
558335.4800235820,9.7889709476,-0.0326538086,0.0650024414,-0.1744249132,0.0006835937,-0.0016059028
558335.4900235820,9.7885131839,-0.0451660156,0.0650024414,-0.1744249132,0.0006618924,-0.0012152778
558335.5000235820,9.7879028324,-0.0332641602,0.0653076172,-0.1744140625,0.0006401910,-0.0012586806
558335.5100235820,9.7880554202,-0.0418090820,0.0654602051,-0.1744249132,0.0006944444,-0.0015190972
558335.5200235830,9.7892761234,-0.0392150879,0.0656127930,-0.1744466146,0.0006510417,-0.0009657118
558335.5300235830,9.7892761234,-0.0367736816,0.0657653809,-0.1744140625,0.0007161458,-0.0018120660
558335.5400235830,9.7875976566,-0.0425720215,0.0646972656,-0.1743706597,0.0006076389,-0.0008029514
558335.5500235830,9.7895812991,-0.0317382813,0.0651550293,-0.1743923611,0.0006944444,-0.0018120660
558335.5600235830,9.7877502445,-0.0463867188,0.0654602051,-0.1743923611,0.0006618924,-0.0009114583
558335.5700235830,9.7891235355,-0.0317382813,0.0645446777,-0.1744357639,0.0006835937,-0.0015625000
558335.5800235830,9.7874450687,-0.0439453125,0.0648498535,-0.1744900174,0.0006401910,-0.0012369792
558335.5900235830,9.7888183597,-0.0344848633,0.0654602051,-0.1744574653,0.0006618924,-0.0012152778
558335.6000235830,9.7882080081,-0.0415039063,0.0653076172,-0.1744249132,0.0006727431,-0.0015950521
558335.6100235831,9.7883605960,-0.0396728516,0.0654602051,-0.1744032118,0.0006618924,-0.0009223090
558335.6200235829,9.7891235355,-0.0354003906,0.0648498535,-0.1743923611,0.0006727431,-0.0018120660
558335.6300235830,9.7872924808,-0.0428771973,0.0653076172,-0.1743598090,0.0006510417,-0.0008138021
558335.6400235830,9.7882080081,-0.0326538086,0.0657653809,-0.1743381076,0.0006618924,-0.0017469618
558335.6500235830,9.7874450687,-0.0453186035,0.0650024414,-0.1743598090,0.0006835937,-0.0009657118
558335.6600235830,9.7895812991,-0.0329589844,0.0645446777,-0.1743706597,0.0006618924,-0.0015625000
558335.6700235830,9.7877502445,-0.0433349609,0.0654602051,-0.1743706597,0.0006727431,-0.0012261285
558335.6800235830,9.7888183597,-0.0343322754,0.0657653809,-0.1743489583,0.0006510417,-0.0013020833
558335.6900235830,9.7883605960,-0.0422668457,0.0657653809,-0.1743272569,0.0006835937,-0.0014322917
558335.7000235830,9.7883605960,-0.0369262695,0.0643920898,-0.1744032118,0.0006618924,-0.0010742187
558335.7100235830,9.7889709476,-0.0382995605,0.0646972656,-0.1743489583,0.0007161458,-0.0016710069
558335.7200235830,9.7877502445,-0.0401306152,0.0657653809,-0.1744249132,0.0006076389,-0.0008789062
558335.7300235830,9.7880554202,-0.0338745117,0.0651550293,-0.1744466146,0.0006835937,-0.0018229167
558335.7400235831,9.7879028324,-0.0451660156,0.0643920898,-0.1743489583,0.0006510417,-0.0008246528
558335.7500235830,9.7894287113,-0.0317382813,0.0648498535,-0.1744032118,0.0006944444,-0.0017252604
558335.7600235830,9.7874450687,-0.0462341309,0.0657653809,-0.1744466146,0.0006727431,-0.0011176215
558335.7700235830,9.7889709476,-0.0317382813,0.0654602051,-0.1744574653,0.0006618924,-0.0013129340
558335.7800235830,9.7885131839,-0.0418090820,0.0651550293,-0.1744249132,0.0006835937,-0.0015190972
558335.7900235830,9.7888183597,-0.0401306152,0.0653076172,-0.1743923611,0.0006835937,-0.0009114583
558335.8000235830,9.7894287113,-0.0357055664,0.0653076172,-0.1744032118,0.0006618924,-0.0018554687
558335.8100235830,9.7875976566,-0.0434875488,0.0654602051,-0.1743272569,0.0006510417,-0.0007921007
558335.8200235830,9.7888183597,-0.0320434570,0.0659179688,-0.1743489583,0.0006618924,-0.0017795139
558335.8300235830,9.7886657718,-0.0462341309,0.0643920898,-0.1743489583,0.0006727431,-0.0009657118
558335.8400235830,9.7900390628,-0.0317382813,0.0646972656,-0.1744249132,0.0006835937,-0.0015407986
558335.8500235830,9.7875976566,-0.0439453125,0.0659179688,-0.1744574653,0.0006835937,-0.0012912326
558335.8600235831,9.7891235355,-0.0355529785,0.0653076172,-0.1744249132,0.0006076389,-0.0011610243
558335.8700235829,9.7882080081,-0.0404357910,0.0642395020,-0.1744140625,0.0007161458,-0.0016601562
558335.8800235830,9.7886657718,-0.0396728516,0.0651550293,-0.1743598090,0.0006401910,-0.0008789062
558335.8900235830,9.7891235355,-0.0352478027,0.0657653809,-0.1744249132,0.0007161458,-0.0018012153
558335.9000235830,9.7874450687,-0.0454711914,0.0660705566,-0.1744249132,0.0006401910,-0.0008246528
558335.9100235830,9.7889709476,-0.0320434570,0.0648498535,-0.1744791667,0.0006835937,-0.0017795139
558335.9200235830,9.7875976566,-0.0453186035,0.0648498535,-0.1744466146,0.0006510417,-0.0009548611
558335.9300235830,9.7897338870,-0.0309753418,0.0645446777,-0.1744032118,0.0006835937,-0.0015625000
558335.9400235830,9.7880554202,-0.0439453125,0.0654602051,-0.1744140625,0.0006618924,-0.0013020833
558335.9500235830,9.7879028324,-0.0366210938,0.0665283203,-0.1743598090,0.0006618924,-0.0011393229
558335.9600235830,9.7886657718,-0.0393676758,0.0650024414,-0.1743923611,0.0006618924,-0.0016710069
558335.9700235830,9.7886657718,-0.0398254395,0.0653076172,-0.1743706597,0.0006727431,-0.0008897569
558335.9800235830,9.7895812991,-0.0340270996,0.0651550293,-0.1743598090,0.0006835937,-0.0018012153
558335.9900235831,9.7874450687,-0.0445556641,0.0651550293,-0.1743923611,0.0006076389,-0.0008355035
558336.0000235830,9.7886657718,-0.0323486328,0.0654602051,-0.1743381076,0.0006618924,-0.0017686632
558336.0100235830,9.7874450687,-0.0451660156,0.0643920898,-0.1746853299,0.0006618924,-0.0009982639
558336.0200235830,9.7894287113,-0.0312805176,0.0648498535,-0.1744140625,0.0006835937,-0.0015407986
558336.0300235830,9.7883605960,-0.0444030762,0.0669860840,-0.1744466146,0.0006835937,-0.0012586806
558336.0400235830,9.7874450687,-0.0343322754,0.0642395020,-0.1744466146,0.0006401910,-0.0012369792
558336.0500235830,9.7874450687,-0.0408935547,0.0640869141,-0.1744791667,0.0006944444,-0.0015842014
558336.0600235830,9.7889709476,-0.0384521484,0.0662231445,-0.1744357639,0.0006510417,-0.0009114583
558336.0700235830,9.7892761234,-0.0367736816,0.0672912598,-0.1744249132,0.0006835937,-0.0018337674
558336.0800235830,9.7875976566,-0.0440979004,0.0650024414,-0.1743706597,0.0006184896,-0.0008246528
558336.0900235830,9.7894287113,-0.0317382813,0.0639343262,-0.1744357639,0.0006835937,-0.0018120660
558336.1000235830,9.7886657718,-0.0456237793,0.0646972656,-0.1744357639,0.0006727431,-0.0009440104
558336.1100235831,9.7894287113,-0.0318908691,0.0668334961,-0.1744032118,0.0006618924,-0.0015190972
558336.1200235829,9.7882080081,-0.0442504883,0.0660705566,-0.1744466146,0.0006727431,-0.0013671875
558336.1300235830,9.7879028324,-0.0358581543,0.0642395020,-0.1744140625,0.0006293403,-0.0010850694
558336.1400235830,9.7886657718,-0.0386047363,0.0639343262,-0.1744249132,0.0006618924,-0.0017144097
558336.1500235830,9.7895812991,-0.0408935547,0.0654602051,-0.1743164062,0.0006944444,-0.0008355035
558336.1600235830,9.7877502445,-0.0346374512,0.0665283203,-0.1744140625,0.0006618924,-0.0018012153
558336.1700235830,9.7880554202,-0.0445556641,0.0650024414,-0.1744249132,0.0006618924,-0.0008897569
558336.1800235830,9.7882080081,-0.0320434570,0.0640869141,-0.1744574653,0.0006618924,-0.0016818576
558336.1900235830,9.7868347171,-0.0454711914,0.0651550293,-0.1744466146,0.0006727431,-0.0010416667
558336.2000235830,9.7900390628,-0.0331115723,0.0663757324,-0.1744032118,0.0006618924,-0.0014756944
558336.2100235830,9.7879028324,-0.0434875488,0.0660705566,-0.1743923611,0.0006618924,-0.0013237847
558336.2200235830,9.7886657718,-0.0360107422,0.0630187988,-0.1743598090,0.0006401910,-0.0011718750
558336.2300235830,9.7885131839,-0.0407409668,0.0643920898,-0.1743598090,0.0006835937,-0.0015407986
558336.2400235831,9.7883605960,-0.0392150879,0.0665283203,-0.1743706597,0.0006618924,-0.0009765625
558336.2500235830,9.7891235355,-0.0372314453,0.0660705566,-0.1744357639,0.0006835937,-0.0017686632
558336.2600235830,9.7877502445,-0.0424194336,0.0633239746,-0.1744574653,0.0006076389,-0.0008355035
558336.2700235830,9.7894287113,-0.0323486328,0.0640869141,-0.1745008680,0.0006944444,-0.0018012153
558336.2800235830,9.7880554202,-0.0466918945,0.0666809082,-0.1744249132,0.0006510417,-0.0008897569
558336.2900235830,9.7906494144,-0.0309753418,0.0654602051,-0.1744574653,0.0007161458,-0.0016601562
558336.3000235830,9.7872924808,-0.0447082520,0.0646972656,-0.1744357639,0.0005967882,-0.0012044271
558336.3100235830,9.7885131839,-0.0341796875,0.0634765625,-0.1744032118,0.0006727431,-0.0012152778
558336.3200235830,9.7880554202,-0.0416564941,0.0657653809,-0.1744249132,0.0006727431,-0.0016276042
558336.3300235830,9.7883605960,-0.0389099121,0.0672912598,-0.1744357639,0.0006618924,-0.0009114583
558336.3400235830,9.7891235355,-0.0357055664,0.0646972656,-0.1744249132,0.0006618924,-0.0017686632
558336.3500235830,9.7880554202,-0.0437927246,0.0634765625,-0.1743706597,0.0006184896,-0.0008680556
558336.3600235831,9.7894287113,-0.0349426270,0.0654602051,-0.1743489583,0.0006835937,-0.0017361111
558336.3700235829,9.7877502445,-0.0440979004,0.0663757324,-0.1743489583,0.0006401910,-0.0009765625
558336.3800235830,9.7900390628,-0.0323486328,0.0654602051,-0.1744140625,0.0006727431,-0.0016059028
558336.3900235830,9.7871398929,-0.0447082520,0.0640869141,-0.1743598090,0.0006076389,-0.0011284722
558336.4000235830,9.7883605960,-0.0347900391,0.0636291504,-0.1743489583,0.0006618924,-0.0014214410
558336.4100235830,9.7880554202,-0.0430297852,0.0660705566,-0.1743706597,0.0006835937,-0.0014105903
558336.4200235830,9.7892761234,-0.0352478027,0.0657653809,-0.1744357639,0.0006293403,-0.0010850694
558336.4300235830,9.7891235355,-0.0396728516,0.0639343262,-0.1744249132,0.0006944444,-0.0016818576
558336.4400235830,9.7880554202,-0.0427246094,0.0637817383,-0.1743923611,0.0006076389,-0.0008355035
558336.4500235830,9.7892761234,-0.0341796875,0.0662231445,-0.1744791667,0.0006944444,-0.0018337674
558336.4600235830,9.7869873050,-0.0450134277,0.0662231445,-0.1744249132,0.0006618924,-0.0008572049
558336.4700235830,9.7901916507,-0.0311279297,0.0637817383,-0.1744466146,0.0006727431,-0.0017144097
558336.4800235830,9.7871398929,-0.0469970703,0.0643920898,-0.1744032118,0.0006618924,-0.0010850694
558336.4900235831,9.7883605960,-0.0338745117,0.0660705566,-0.1743706597,0.0006618924,-0.0013237847
558336.5000235830,9.7875976566,-0.0421142578,0.0669860840,-0.1743923611,0.0006510417,-0.0015625000
558336.5100235830,9.7888183597,-0.0382995605,0.0642395020,-0.1743272569,0.0006618924,-0.0008789062
558336.5200235830,9.7897338870,-0.0370788574,0.0637817383,-0.1743706597,0.0006727431,-0.0018446181
558336.5300235830,9.7868347171,-0.0450134277,0.0656127930,-0.1743598090,0.0006401910,-0.0008138021
558336.5400235830,9.7888183597,-0.0328063965,0.0666809082,-0.1743923611,0.0006618924,-0.0017795139
558336.5500235830,9.7879028324,-0.0456237793,0.0645446777,-0.1744032118,0.0006618924,-0.0009548611
558336.5600235830,9.7895812991,-0.0326538086,0.0636291504,-0.1744249132,0.0006835937,-0.0015733507
558336.5700235830,9.7882080081,-0.0451660156,0.0654602051,-0.1744357639,0.0006727431,-0.0012478299
558336.5800235830,9.7886657718,-0.0343322754,0.0666809082,-0.1744140625,0.0006293403,-0.0012152778
558336.5900235830,9.7882080081,-0.0408935547,0.0656127930,-0.1744249132,0.0006618924,-0.0016384549
558336.6000235840,9.7885131839,-0.0401306152,0.0634765625,-0.1744357639,0.0006510417,-0.0009006076
558336.6100235840,9.7885131839,-0.0361633301,0.0643920898,-0.1744140625,0.0006835937,-0.0018337674
558336.6200235840,9.7872924808,-0.0450134277,0.0668334961,-0.1743598090,0.0006401910,-0.0008572049
558336.6300235840,9.7889709476,-0.0326538086,0.0660705566,-0.1743706597,0.0006510417,-0.0017252604
558336.6400235840,9.7877502445,-0.0454711914,0.0634765625,-0.1743381076,0.0006727431,-0.0009874132
558336.6500235840,9.7901916507,-0.0326538086,0.0637817383,-0.1743923611,0.0007161458,-0.0015516493
558336.6600235840,9.7874450687,-0.0445556641,0.0665283203,-0.1743598090,0.0006510417,-0.0012478299
558336.6700235840,9.7882080081,-0.0347900391,0.0665283203,-0.1743598090,0.0006076389,-0.0012695312
558336.6800235840,9.7879028324,-0.0410461426,0.0643920898,-0.1743598090,0.0006510417,-0.0015733507
558336.6900235839,9.7886657718,-0.0396728516,0.0639343262,-0.1743706597,0.0006835937,-0.0009006076
558336.7000235840,9.7892761234,-0.0367736816,0.0654602051,-0.1744466146,0.0006835937,-0.0018120660
558336.7100235840,9.7882080081,-0.0444030762,0.0662231445,-0.1744466146,0.0006401910,-0.0008246528
558336.7200235840,9.7892761234,-0.0323486328,0.0648498535,-0.1744791667,0.0006618924,-0.0017686632
558336.7300235840,9.7886657718,-0.0465393066,0.0639343262,-0.1743706597,0.0006727431,-0.0009765625
558336.7400235840,9.7900390628,-0.0334167480,0.0654602051,-0.1744574653,0.0006510417,-0.0015842014
558336.7500235840,9.7886657718,-0.0442504883,0.0659179688,-0.1744140625,0.0006510417,-0.0012478299
558336.7600235840,9.7880554202,-0.0340270996,0.0651550293,-0.1744140625,0.0006401910,-0.0012369792
558336.7700235840,9.7883605960,-0.0411987305,0.0646972656,-0.1743923611,0.0006727431,-0.0015625000
558336.7800235840,9.7892761234,-0.0399780273,0.0645446777,-0.1743489583,0.0006618924,-0.0009548611
558336.7900235840,9.7894287113,-0.0369262695,0.0651550293,-0.1743598090,0.0006727431,-0.0018229167
558336.8000235840,9.7874450687,-0.0433349609,0.0653076172,-0.1743164062,0.0006184896,-0.0008572049
558336.8100235841,9.7892761234,-0.0325012207,0.0656127930,-0.1743923611,0.0006618924,-0.0017795139
558336.8200235839,9.7875976566,-0.0463867188,0.0648498535,-0.1743489583,0.0006510417,-0.0009440104
558336.8300235840,9.7895812991,-0.0323486328,0.0643920898,-0.1744032118,0.0006835937,-0.0016059028
558336.8400235840,9.7882080081,-0.0444030762,0.0645446777,-0.1744249132,0.0006510417,-0.0012261285
558336.8500235840,9.7886657718,-0.0343322754,0.0645446777,-0.1744032118,0.0006727431,-0.0012695312
558336.8600235840,9.7885131839,-0.0424194336,0.0651550293,-0.1744140625,0.0006510417,-0.0015625000
558336.8700235840,9.7891235355,-0.0395202637,0.0651550293,-0.1743489583,0.0006618924,-0.0009874132
558336.8800235840,9.7888183597,-0.0363159180,0.0650024414,-0.1744032118,0.0006618924,-0.0018012153
558336.8900235840,9.7882080081,-0.0422668457,0.0643920898,-0.1744032118,0.0006510417,-0.0007812500
558336.9000235840,9.7892761234,-0.0338745117,0.0659179688,-0.1744140625,0.0006727431,-0.0018446181
558336.9100235840,9.7879028324,-0.0473022461,0.0653076172,-0.1743489583,0.0006618924,-0.0009114583
558336.9200235840,9.7900390628,-0.0309753418,0.0639343262,-0.1744249132,0.0006727431,-0.0016059028
558336.9300235840,9.7886657718,-0.0445556641,0.0648498535,-0.1743706597,0.0006510417,-0.0012261285
558336.9400235839,9.7885131839,-0.0343322754,0.0660705566,-0.1743706597,0.0006293403,-0.0012586806
558336.9500235840,9.7882080081,-0.0419616699,0.0654602051,-0.1743381076,0.0006618924,-0.0015516493
558336.9600235840,9.7885131839,-0.0386047363,0.0636291504,-0.1743923611,0.0006618924,-0.0009223090
558336.9700235840,9.7895812991,-0.0361633301,0.0648498535,-0.1744791667,0.0007161458,-0.0018229167
558336.9800235840,9.7883605960,-0.0451660156,0.0660705566,-0.1744140625,0.0006076389,-0.0008246528
558336.9900235840,9.7894287113,-0.0328063965,0.0657653809,-0.1744357639,0.0006727431,-0.0018012153
558337.0000235840,9.7879028324,-0.0448608398,0.0639343262,-0.1743923611,0.0006618924,-0.0009982639
558337.0100235840,9.7897338870,-0.0332641602,0.0643920898,-0.1747395833,0.0006727431,-0.0014973958
558337.0200235840,9.7874450687,-0.0445556641,0.0653076172,-0.1744574653,0.0006401910,-0.0013129340
558337.0300235840,9.7883605960,-0.0357055664,0.0654602051,-0.1744249132,0.0006618924,-0.0012044271
558337.0400235840,9.7880554202,-0.0408935547,0.0656127930,-0.1744357639,0.0006618924,-0.0015733507
558337.0500235840,9.7891235355,-0.0398254395,0.0643920898,-0.1744249132,0.0006618924,-0.0009982639
558337.0600235841,9.7897338870,-0.0373840332,0.0645446777,-0.1744032118,0.0006835937,-0.0017795139
558337.0700235839,9.7880554202,-0.0431823730,0.0656127930,-0.1743381076,0.0006401910,-0.0008246528
558337.0800235840,9.7888183597,-0.0329589844,0.0657653809,-0.1743272569,0.0006510417,-0.0018337674
558337.0900235840,9.7874450687,-0.0451660156,0.0639343262,-0.1742838542,0.0006618924,-0.0008897569
558337.1000235840,9.7906494144,-0.0314331055,0.0645446777,-0.1743381076,0.0006835937,-0.0016276042
558337.1100235840,9.7875976566,-0.0468444824,0.0659179688,-0.1744466146,0.0006510417,-0.0011610243
558337.1200235840,9.7882080081,-0.0331115723,0.0654602051,-0.1744140625,0.0006510417,-0.0013454861
558337.1300235840,9.7879028324,-0.0415039063,0.0646972656,-0.1744140625,0.0006510417,-0.0015516493
558337.1400235840,9.7885131839,-0.0389099121,0.0636291504,-0.1744357639,0.0006401910,-0.0009114583
558337.1500235840,9.7895812991,-0.0376892090,0.0653076172,-0.1744249132,0.0006944444,-0.0018554687
558337.1600235840,9.7877502445,-0.0440979004,0.0653076172,-0.1744466146,0.0006184896,-0.0007703993
558337.1700235840,9.7889709476,-0.0305175781,0.0651550293,-0.1744249132,0.0006618924,-0.0018120660
558337.1800235840,9.7879028324,-0.0465393066,0.0646972656,-0.1744574653,0.0006510417,-0.0009765625
558337.1900235839,9.7892761234,-0.0341796875,0.0648498535,-0.1744032118,0.0006727431,-0.0014648437
558337.2000235840,9.7875976566,-0.0445556641,0.0657653809,-0.1743706597,0.0006510417,-0.0014214410
558337.2100235840,9.7883605960,-0.0349426270,0.0651550293,-0.1743272569,0.0006618924,-0.0010525174
558337.2200235840,9.7886657718,-0.0381469727,0.0654602051,-0.1743055555,0.0006618924,-0.0017252604
558337.2300235840,9.7889709476,-0.0442504883,0.0642395020,-0.1743489583,0.0006510417,-0.0008680556
558337.2400235840,9.7892761234,-0.0350952148,0.0646972656,-0.1744032118,0.0006727431,-0.0018012153
558337.2500235840,9.7880554202,-0.0439453125,0.0657653809,-0.1744357639,0.0006401910,-0.0009006076
558337.2600235840,9.7892761234,-0.0321960449,0.0654602051,-0.1744466146,0.0006727431,-0.0017252604
558337.2700235840,9.7879028324,-0.0465393066,0.0650024414,-0.1743923611,0.0006510417,-0.0010308160
558337.2800235840,9.7894287113,-0.0341796875,0.0645446777,-0.1744466146,0.0006727431,-0.0015407986
558337.2900235840,9.7879028324,-0.0447082520,0.0654602051,-0.1743923611,0.0006510417,-0.0013129340
558337.3000235840,9.7883605960,-0.0341796875,0.0653076172,-0.1744466146,0.0006510417,-0.0012044271
558337.3100235841,9.7877502445,-0.0399780273,0.0653076172,-0.1744574653,0.0006727431,-0.0015842014
558337.3200235839,9.7891235355,-0.0410461426,0.0650024414,-0.1743923611,0.0006618924,-0.0009874132
558337.3300235840,9.7895812991,-0.0369262695,0.0648498535,-0.1744357639,0.0006727431,-0.0018229167
558337.3400235840,9.7880554202,-0.0430297852,0.0657653809,-0.1743923611,0.0006510417,-0.0008246528
558337.3500235840,9.7875976566,-0.0331115723,0.0656127930,-0.1743706597,0.0006618924,-0.0018229167
558337.3600235840,9.7869873050,-0.0480651855,0.0642395020,-0.1743706597,0.0006510417,-0.0009657118
558337.3700235840,9.7901916507,-0.0323486328,0.0640869141,-0.1744032118,0.0006727431,-0.0015407986
558337.3800235840,9.7877502445,-0.0442504883,0.0654602051,-0.1743923611,0.0006510417,-0.0013346354
558337.3900235840,9.7888183597,-0.0366210938,0.0659179688,-0.1743706597,0.0006510417,-0.0011284722
558337.4000235840,9.7888183597,-0.0396728516,0.0645446777,-0.1744032118,0.0006727431,-0.0017361111
558337.4100235840,9.7883605960,-0.0416564941,0.0642395020,-0.1744032118,0.0006618924,-0.0008572049
558337.4200235840,9.7898864749,-0.0347900391,0.0643920898,-0.1744032118,0.0006727431,-0.0018229167
558337.4300235840,9.7869873050,-0.0450134277,0.0654602051,-0.1743923611,0.0006076389,-0.0008789062
558337.4400235839,9.7889709476,-0.0343322754,0.0654602051,-0.1744574653,0.0006727431,-0.0017469618
558337.4500235840,9.7880554202,-0.0450134277,0.0648498535,-0.1744466146,0.0006618924,-0.0009982639
558337.4600235840,9.7898864749,-0.0334167480,0.0637817383,-0.1744357639,0.0006727431,-0.0015625000
558337.4700235840,9.7885131839,-0.0457763672,0.0651550293,-0.1744140625,0.0006510417,-0.0012695312
558337.4800235840,9.7875976566,-0.0346374512,0.0657653809,-0.1743381076,0.0006293403,-0.0012695312
558337.4900235840,9.7882080081,-0.0411987305,0.0653076172,-0.1743055555,0.0006618924,-0.0015733507
558337.5000235840,9.7888183597,-0.0399780273,0.0643920898,-0.1742838542,0.0006510417,-0.0009223090
558337.5100235840,9.7900390628,-0.0382995605,0.0648498535,-0.1743706597,0.0007161458,-0.0018337674
558337.5200235840,9.7877502445,-0.0440979004,0.0645446777,-0.1744032118,0.0005967882,-0.0008572049
558337.5300235840,9.7883605960,-0.0328063965,0.0651550293,-0.1743598090,0.0006835937,-0.0017578125
558337.5400235840,9.7875976566,-0.0457763672,0.0646972656,-0.1743489583,0.0006293403,-0.0009765625
558337.5500235840,9.7892761234,-0.0337219238,0.0636291504,-0.1744140625,0.0006727431,-0.0015733507
558337.5600235841,9.7882080081,-0.0445556641,0.0650024414,-0.1744249132,0.0006510417,-0.0012261285
558337.5700235839,9.7879028324,-0.0344848633,0.0651550293,-0.1744249132,0.0006727431,-0.0012912326
558337.5800235840,9.7882080081,-0.0422668457,0.0657653809,-0.1744574653,0.0006510417,-0.0015082465
558337.5900235840,9.7891235355,-0.0395202637,0.0643920898,-0.1745117187,0.0006401910,-0.0010633681
558337.6000235840,9.7888183597,-0.0384521484,0.0643920898,-0.1744249132,0.0006618924,-0.0017252604
558337.6100235840,9.7872924808,-0.0422668457,0.0653076172,-0.1744140625,0.0006293403,-0.0008789062
558337.6200235840,9.7889709476,-0.0347900391,0.0653076172,-0.1743923611,0.0006618924,-0.0018337674
558337.6300235840,9.7886657718,-0.0471496582,0.0643920898,-0.1744032118,0.0006727431,-0.0008572049
558337.6400235840,9.7897338870,-0.0315856934,0.0637817383,-0.1744032118,0.0006727431,-0.0016818576
558337.6500235840,9.7879028324,-0.0468444824,0.0653076172,-0.1744249132,0.0006618924,-0.0012261285
558337.6600235840,9.7882080081,-0.0349426270,0.0654602051,-0.1744032118,0.0006076389,-0.0012261285
558337.6700235850,9.7886657718,-0.0413513184,0.0646972656,-0.1743598090,0.0006727431,-0.0016384549
558337.6800235850,9.7891235355,-0.0398254395,0.0637817383,-0.1743164062,0.0006510417,-0.0008897569
558337.6900235850,9.7891235355,-0.0360107422,0.0643920898,-0.1743598090,0.0006727431,-0.0018229167
558337.7000235850,9.7879028324,-0.0454711914,0.0656127930,-0.1743923611,0.0006401910,-0.0008572049
558337.7100235850,9.7892761234,-0.0328063965,0.0659179688,-0.1743706597,0.0006510417,-0.0017795139
558337.7200235850,9.7879028324,-0.0456237793,0.0645446777,-0.1744466146,0.0006618924,-0.0009765625
558337.7300235850,9.7898864749,-0.0334167480,0.0640869141,-0.1744791667,0.0006944444,-0.0015516493
558337.7400235850,9.7882080081,-0.0462341309,0.0656127930,-0.1744791667,0.0006293403,-0.0012586806
558337.7500235850,9.7885131839,-0.0357055664,0.0651550293,-0.1743598090,0.0006510417,-0.0012586806
558337.7600235851,9.7880554202,-0.0408935547,0.0646972656,-0.1743489583,0.0006401910,-0.0015516493
558337.7700235849,9.7885131839,-0.0392150879,0.0645446777,-0.1743489583,0.0006727431,-0.0009982639
558337.7800235850,9.7889709476,-0.0402832031,0.0646972656,-0.1743489583,0.0006727431,-0.0017686632
558337.7900235850,9.7879028324,-0.0428771973,0.0651550293,-0.1743272569,0.0006401910,-0.0009006076
558337.8000235850,9.7889709476,-0.0332641602,0.0646972656,-0.1743706597,0.0006510417,-0.0018446181
558337.8100235850,9.7877502445,-0.0462341309,0.0642395020,-0.1743598090,0.0006510417,-0.0008680556
558337.8200235850,9.7895812991,-0.0335693359,0.0646972656,-0.1743923611,0.0006944444,-0.0017252604
558337.8300235850,9.7875976566,-0.0465393066,0.0657653809,-0.1744900174,0.0006401910,-0.0011176215
558337.8400235850,9.7886657718,-0.0334167480,0.0650024414,-0.1744574653,0.0006618924,-0.0013671875
558337.8500235850,9.7885131839,-0.0430297852,0.0645446777,-0.1744357639,0.0006727431,-0.0015190972
558337.8600235850,9.7888183597,-0.0390625000,0.0646972656,-0.1744357639,0.0006293403,-0.0009657118
558337.8700235850,9.7889709476,-0.0379943848,0.0653076172,-0.1744249132,0.0006727431,-0.0018012153
558337.8800235851,9.7875976566,-0.0440979004,0.0648498535,-0.1743598090,0.0005967882,-0.0008246528
558337.8900235849,9.7889709476,-0.0335693359,0.0643920898,-0.1743055555,0.0006835937,-0.0018337674
558337.9000235850,9.7877502445,-0.0466918945,0.0643920898,-0.1743164062,0.0006510417,-0.0009440104
558337.9100235850,9.7894287113,-0.0328063965,0.0650024414,-0.1743489583,0.0006727431,-0.0015950521
558337.9200235850,9.7882080081,-0.0457763672,0.0657653809,-0.1743381076,0.0006401910,-0.0013129340
558337.9300235850,9.7885131839,-0.0350952148,0.0648498535,-0.1743055555,0.0006076389,-0.0012044271
558337.9400235850,9.7882080081,-0.0404357910,0.0642395020,-0.1743706597,0.0006727431,-0.0016384549
558337.9500235850,9.7886657718,-0.0416564941,0.0642395020,-0.1743923611,0.0006510417,-0.0009440104
558337.9600235850,9.7894287113,-0.0363159180,0.0651550293,-0.1744032118,0.0006727431,-0.0018120660
558337.9700235850,9.7879028324,-0.0437927246,0.0646972656,-0.1744574653,0.0006510417,-0.0008789062
558337.9800235850,9.7889709476,-0.0341796875,0.0646972656,-0.1744466146,0.0006510417,-0.0017361111
558337.9900235850,9.7869873050,-0.0471496582,0.0646972656,-0.1744249132,0.0006727431,-0.0010091146
558338.0000235850,9.7894287113,-0.0338745117,0.0656127930,-0.1744574653,0.0006510417,-0.0016059028
558338.0100235851,9.7875976566,-0.0450134277,0.0642395020,-0.1747070312,0.0006727431,-0.0011718750
558338.0200235849,9.7894287113,-0.0343322754,0.0642395020,-0.1744140625,0.0006293403,-0.0013346354
558338.0300235850,9.7885131839,-0.0445556641,0.0650024414,-0.1743923611,0.0006727431,-0.0014431424
558338.0400235850,9.7895812991,-0.0382995605,0.0659179688,-0.1744140625,0.0006510417,-0.0011176215
558338.0500235850,9.7886657718,-0.0392150879,0.0656127930,-0.1743489583,0.0006618924,-0.0016927083
558338.0600235850,9.7872924808,-0.0416564941,0.0642395020,-0.1743489583,0.0006184896,-0.0008789062
558338.0700235850,9.7889709476,-0.0357055664,0.0643920898,-0.1743706597,0.0006618924,-0.0018554687
558338.0800235850,9.7875976566,-0.0465393066,0.0651550293,-0.1743706597,0.0006510417,-0.0008680556
558338.0900235850,9.7903442386,-0.0317382813,0.0650024414,-0.1743706597,0.0006727431,-0.0017252604
558338.1000235850,9.7879028324,-0.0466918945,0.0643920898,-0.1744466146,0.0006401910,-0.0010959201
558338.1100235850,9.7886657718,-0.0340270996,0.0637817383,-0.1744249132,0.0006727431,-0.0013888889
558338.1200235850,9.7885131839,-0.0436401367,0.0656127930,-0.1745442708,0.0006727431,-0.0015190972
558338.1300235851,9.7891235355,-0.0386047363,0.0657653809,-0.1745117187,0.0006727431,-0.0009440104
558338.1400235849,9.7891235355,-0.0355529785,0.0648498535,-0.1744466146,0.0006401910,-0.0019097222
558338.1500235850,9.7871398929,-0.0471496582,0.0642395020,-0.1743489583,0.0006510417,-0.0007378472
558338.1600235850,9.7889709476,-0.0318908691,0.0645446777,-0.1743489583,0.0006618924,-0.0018120660
558338.1700235850,9.7872924808,-0.0469970703,0.0656127930,-0.1743164062,0.0006618924,-0.0010850694
558338.1800235850,9.7906494144,-0.0323486328,0.0646972656,-0.1743489583,0.0006618924,-0.0013997396
558338.1900235850,9.7877502445,-0.0439453125,0.0648498535,-0.1743381076,0.0006510417,-0.0014756944
558338.2000235850,9.7889709476,-0.0381469727,0.0640869141,-0.1743706597,0.0006401910,-0.0011176215
558338.2100235850,9.7888183597,-0.0387573242,0.0651550293,-0.1743598090,0.0006835937,-0.0016601562
558338.2200235850,9.7880554202,-0.0410461426,0.0650024414,-0.1743598090,0.0006401910,-0.0009223090
558338.2300235850,9.7892761234,-0.0364685059,0.0639343262,-0.1744249132,0.0006944444,-0.0017361111
558338.2400235850,9.7875976566,-0.0451660156,0.0636291504,-0.1743923611,0.0006076389,-0.0009223090
558338.2500235850,9.7888183597,-0.0340270996,0.0645446777,-0.1744249132,0.0006510417,-0.0017578125
558338.2600235851,9.7871398929,-0.0459289551,0.0648498535,-0.1743598090,0.0006618924,-0.0009657118
558338.2700235849,9.7898864749,-0.0320434570,0.0654602051,-0.1744249132,0.0006727431,-0.0016276042
558338.2800235850,9.7882080081,-0.0462341309,0.0653076172,-0.1744466146,0.0006401910,-0.0012369792
558338.2900235850,9.7886657718,-0.0344848633,0.0636291504,-0.1744466146,0.0006618924,-0.0012369792
558338.3000235850,9.7882080081,-0.0416564941,0.0653076172,-0.1744574653,0.0006510417,-0.0016276042
558338.3100235850,9.7877502445,-0.0408935547,0.0656127930,-0.1743923611,0.0006618924,-0.0009548611
558338.3200235850,9.7885131839,-0.0364685059,0.0642395020,-0.1743923611,0.0006727431,-0.0018337674
558338.3300235850,9.7871398929,-0.0450134277,0.0643920898,-0.1743598090,0.0006184896,-0.0008355035
558338.3400235850,9.7888183597,-0.0332641602,0.0648498535,-0.1743381076,0.0006618924,-0.0018012153
558338.3500235850,9.7874450687,-0.0473022461,0.0654602051,-0.1744140625,0.0006510417,-0.0009657118
558338.3600235850,9.7894287113,-0.0326538086,0.0640869141,-0.1744466146,0.0006618924,-0.0015625000
558338.3700235850,9.7885131839,-0.0444030762,0.0640869141,-0.1744357639,0.0006727431,-0.0013671875
558338.3800235851,9.7882080081,-0.0367736816,0.0650024414,-0.1744140625,0.0006401910,-0.0011501736
558338.3900235849,9.7888183597,-0.0419616699,0.0656127930,-0.1744140625,0.0006510417,-0.0016493056
558338.4000235850,9.7882080081,-0.0408935547,0.0643920898,-0.1743923611,0.0006293403,-0.0009440104
558338.4100235850,9.7889709476,-0.0363159180,0.0642395020,-0.1743706597,0.0006835937,-0.0018120660
558338.4200235850,9.7882080081,-0.0448608398,0.0650024414,-0.1744032118,0.0006076389,-0.0008355035
558338.4300235850,9.7888183597,-0.0335693359,0.0654602051,-0.1744791667,0.0006727431,-0.0018012153
558338.4400235850,9.7880554202,-0.0466918945,0.0645446777,-0.1744140625,0.0006401910,-0.0010091146
558338.4500235850,9.7897338870,-0.0337219238,0.0640869141,-0.1744140625,0.0006618924,-0.0015516493
558338.4600235850,9.7886657718,-0.0454711914,0.0645446777,-0.1743598090,0.0006510417,-0.0013237847
558338.4700235850,9.7880554202,-0.0361633301,0.0645446777,-0.1743381076,0.0006510417,-0.0012261285
558338.4800235850,9.7883605960,-0.0413513184,0.0654602051,-0.1743164062,0.0006727431,-0.0015950521
558338.4900235850,9.7886657718,-0.0410461426,0.0645446777,-0.1743598090,0.0006510417,-0.0009657118
558338.5000235850,9.7886657718,-0.0384521484,0.0636291504,-0.1744466146,0.0006618924,-0.0018012153
558338.5100235851,9.7872924808,-0.0444030762,0.0642395020,-0.1744357639,0.0006401910,-0.0008789062
558338.5200235849,9.7882080081,-0.0331115723,0.0651550293,-0.1744574653,0.0006618924,-0.0018229167
558338.5300235850,9.7877502445,-0.0466918945,0.0651550293,-0.1743598090,0.0006618924,-0.0009874132
558338.5400235850,9.7901916507,-0.0332641602,0.0637817383,-0.1744140625,0.0006618924,-0.0015082465
558338.5500235850,9.7883605960,-0.0450134277,0.0645446777,-0.1743706597,0.0006727431,-0.0013780382
558338.5600235850,9.7879028324,-0.0367736816,0.0650024414,-0.1744466146,0.0006293403,-0.0011176215
558338.5700235850,9.7879028324,-0.0404357910,0.0651550293,-0.1744466146,0.0006618924,-0.0016927083
558338.5800235850,9.7883605960,-0.0415039063,0.0640869141,-0.1744140625,0.0006401910,-0.0009223090
558338.5900235850,9.7891235355,-0.0381469727,0.0646972656,-0.1743923611,0.0006835937,-0.0018120660
558338.6000235850,9.7882080081,-0.0444030762,0.0643920898,-0.1743706597,0.0006293403,-0.0008789062
558338.6100235850,9.7889709476,-0.0332641602,0.0657653809,-0.1743923611,0.0006510417,-0.0018229167
558338.6200235850,9.7869873050,-0.0473022461,0.0648498535,-0.1743272569,0.0006293403,-0.0009657118
558338.6300235851,9.7892761234,-0.0331115723,0.0639343262,-0.1744140625,0.0006835937,-0.0015842014
558338.6400235849,9.7877502445,-0.0465393066,0.0640869141,-0.1744466146,0.0006510417,-0.0013020833
558338.6500235850,9.7883605960,-0.0355529785,0.0650024414,-0.1744466146,0.0006727431,-0.0012478299
558338.6600235850,9.7886657718,-0.0418090820,0.0651550293,-0.1744466146,0.0006510417,-0.0016384549
558338.6700235850,9.7879028324,-0.0398254395,0.0642395020,-0.1744249132,0.0006510417,-0.0009223090
558338.6800235850,9.7882080081,-0.0375366211,0.0636291504,-0.1744357639,0.0006727431,-0.0018337674
558338.6900235850,9.7877502445,-0.0456237793,0.0648498535,-0.1743923611,0.0006184896,-0.0008355035
558338.7000235850,9.7879028324,-0.0334167480,0.0659179688,-0.1744032118,0.0006618924,-0.0018120660
558338.7100235850,9.7877502445,-0.0466918945,0.0646972656,-0.1743923611,0.0006401910,-0.0009874132
558338.7200235850,9.7895812991,-0.0331115723,0.0637817383,-0.1743923611,0.0006727431,-0.0015950521
558338.7300235850,9.7880554202,-0.0479125977,0.0642395020,-0.1743489583,0.0006510417,-0.0012912326
558338.7400235860,9.7891235355,-0.0364685059,0.0653076172,-0.1743055555,0.0006293403,-0.0011827257
558338.7500235860,9.7885131839,-0.0402832031,0.0648498535,-0.1743055555,0.0006727431,-0.0016601562
558338.7600235860,9.7889709476,-0.0413513184,0.0642395020,-0.1743489583,0.0006510417,-0.0009114583
558338.7700235860,9.7889709476,-0.0372314453,0.0637817383,-0.1744032118,0.0006727431,-0.0018446181
558338.7800235860,9.7875976566,-0.0456237793,0.0645446777,-0.1743923611,0.0006076389,-0.0008897569
558338.7900235860,9.7888183597,-0.0329589844,0.0657653809,-0.1743706597,0.0006401910,-0.0018120660
558338.8000235860,9.7872924808,-0.0453186035,0.0642395020,-0.1743706597,0.0006401910,-0.0009765625
558338.8100235860,9.7897338870,-0.0343322754,0.0636291504,-0.1744140625,0.0006944444,-0.0015625000
558338.8200235860,9.7882080081,-0.0473022461,0.0650024414,-0.1743923611,0.0006510417,-0.0013020833
558338.8300235861,9.7886657718,-0.0357055664,0.0654602051,-0.1744466146,0.0006510417,-0.0012695312
558338.8400235859,9.7874450687,-0.0411987305,0.0646972656,-0.1744574653,0.0006618924,-0.0015733507
558338.8500235860,9.7885131839,-0.0399780273,0.0634765625,-0.1745008680,0.0006510417,-0.0009874132
558338.8600235860,9.7889709476,-0.0399780273,0.0639343262,-0.1744466146,0.0006727431,-0.0018012153
558338.8700235860,9.7875976566,-0.0448608398,0.0650024414,-0.1743923611,0.0006401910,-0.0008572049
558338.8800235860,9.7889709476,-0.0329589844,0.0654602051,-0.1743706597,0.0006618924,-0.0018229167
558338.8900235860,9.7883605960,-0.0463867188,0.0645446777,-0.1743272569,0.0006510417,-0.0009440104
558338.9000235860,9.7903442386,-0.0334167480,0.0642395020,-0.1743923611,0.0006510417,-0.0015950521
558338.9100235860,9.7877502445,-0.0468444824,0.0636291504,-0.1743923611,0.0006401910,-0.0013020833
558338.9200235860,9.7883605960,-0.0357055664,0.0642395020,-0.1744140625,0.0006293403,-0.0012261285
558338.9300235860,9.7880554202,-0.0410461426,0.0646972656,-0.1744249132,0.0006401910,-0.0016493056
558338.9400235860,9.7883605960,-0.0416564941,0.0640869141,-0.1744032118,0.0006293403,-0.0008897569
558338.9500235860,9.7894287113,-0.0373840332,0.0642395020,-0.1744249132,0.0006944444,-0.0018663194
558338.9600235861,9.7877502445,-0.0465393066,0.0646972656,-0.1743706597,0.0006076389,-0.0008246528
558338.9700235859,9.7891235355,-0.0321960449,0.0648498535,-0.1744466146,0.0006835937,-0.0018012153
558338.9800235860,9.7875976566,-0.0469970703,0.0646972656,-0.1743923611,0.0006293403,-0.0010525174
558338.9900235860,9.7897338870,-0.0337219238,0.0639343262,-0.1744791667,0.0006727431,-0.0015190972
558339.0000235860,9.7882080081,-0.0457763672,0.0640869141,-0.1744032118,0.0006401910,-0.0013237847
558339.0100235860,9.7883605960,-0.0372314453,0.0639343262,-0.1746853299,0.0006510417,-0.0012152778
558339.0200235860,9.7880554202,-0.0411987305,0.0646972656,-0.1743381076,0.0006618924,-0.0016384549
558339.0300235860,9.7885131839,-0.0411987305,0.0646972656,-0.1744032118,0.0006618924,-0.0009440104
558339.0400235860,9.7897338870,-0.0367736816,0.0643920898,-0.1744249132,0.0006835937,-0.0018880208
558339.0500235860,9.7885131839,-0.0451660156,0.0637817383,-0.1744249132,0.0006401910,-0.0008138021
558339.0600235860,9.7888183597,-0.0332641602,0.0646972656,-0.1744249132,0.0006618924,-0.0018120660
558339.0700235860,9.7866821292,-0.0471496582,0.0648498535,-0.1743381076,0.0006401910,-0.0010416667
558339.0800235861,9.7888183597,-0.0343322754,0.0643920898,-0.1743923611,0.0006401910,-0.0014539931
558339.0900235859,9.7883605960,-0.0442504883,0.0637817383,-0.1743923611,0.0006835937,-0.0014322917
558339.1000235860,9.7875976566,-0.0386047363,0.0639343262,-0.1743598090,0.0005967882,-0.0011393229
558339.1100235860,9.7883605960,-0.0398254395,0.0657653809,-0.1744140625,0.0006944444,-0.0017144097
558339.1200235860,9.7888183597,-0.0399780273,0.0643920898,-0.1744249132,0.0006401910,-0.0009223090
558339.1300235860,9.7898864749,-0.0375366211,0.0643920898,-0.1744574653,0.0006944444,-0.0018012153
558339.1400235860,9.7877502445,-0.0465393066,0.0642395020,-0.1744032118,0.0005967882,-0.0009006076
558339.1500235860,9.7872924808,-0.0347900391,0.0637817383,-0.1743489583,0.0006618924,-0.0018012153
558339.1600235860,9.7856140140,-0.0436401367,0.0646972656,-0.1743381076,0.0006510417,-0.0010091146
558339.1700235860,9.7906494144,-0.0340270996,0.0653076172,-0.1743706597,0.0006510417,-0.0015516493
558339.1800235860,9.7889709476,-0.0497436523,0.0651550293,-0.1743923611,0.0006510417,-0.0012695312
558339.1900235860,9.7875976566,-0.0341796875,0.0633239746,-0.1744140625,0.0006510417,-0.0013129340
558339.2000235860,9.7885131839,-0.0387573242,0.0645446777,-0.1743923611,0.0006618924,-0.0015516493
558339.2100235861,9.7886657718,-0.0407409668,0.0653076172,-0.1743489583,0.0006618924,-0.0009440104
558339.2200235859,9.7891235355,-0.0396728516,0.0643920898,-0.1743706597,0.0006510417,-0.0018446181
558339.2300235860,9.7886657718,-0.0444030762,0.0634765625,-0.1743923611,0.0006510417,-0.0008246528
558339.2400235860,9.7885131839,-0.0314331055,0.0636291504,-0.1744249132,0.0006510417,-0.0018554687
558339.2500235860,9.7854614261,-0.0479125977,0.0650024414,-0.1744249132,0.0006510417,-0.0009765625
558339.2600235860,9.7889709476,-0.0357055664,0.0657653809,-0.1744140625,0.0006510417,-0.0015625000
558339.2700235860,9.7885131839,-0.0456237793,0.0630187988,-0.1744032118,0.0006401910,-0.0013563368
558339.2800235860,9.7894287113,-0.0352478027,0.0639343262,-0.1743706597,0.0006618924,-0.0011284722
558339.2900235860,9.7888183597,-0.0419616699,0.0657653809,-0.1744140625,0.0006727431,-0.0016601562
558339.3000235860,9.7885131839,-0.0421142578,0.0650024414,-0.1744032118,0.0006293403,-0.0009874132
558339.3100235860,9.7882080081,-0.0366210938,0.0646972656,-0.1744249132,0.0006835937,-0.0018229167
558339.3200235860,9.7885131839,-0.0444030762,0.0630187988,-0.1743598090,0.0005967882,-0.0008897569
558339.3300235861,9.7889709476,-0.0341796875,0.0640869141,-0.1743272569,0.0006727431,-0.0017795139
558339.3400235859,9.7882080081,-0.0463867188,0.0648498535,-0.1743598090,0.0006510417,-0.0009657118
558339.3500235860,9.7891235355,-0.0335693359,0.0643920898,-0.1743598090,0.0006618924,-0.0016384549
558339.3600235860,9.7879028324,-0.0460815430,0.0639343262,-0.1744140625,0.0006401910,-0.0012261285
558339.3700235860,9.7883605960,-0.0349426270,0.0633239746,-0.1744032118,0.0006510417,-0.0013020833
558339.3800235860,9.7891235355,-0.0434875488,0.0653076172,-0.1744357639,0.0006727431,-0.0015842014
558339.3900235860,9.7900390628,-0.0392150879,0.0662231445,-0.1744249132,0.0006401910,-0.0010091146
558339.4000235860,9.7894287113,-0.0382995605,0.0640869141,-0.1744574653,0.0006618924,-0.0018012153
558339.4100235860,9.7880554202,-0.0434875488,0.0639343262,-0.1744140625,0.0006184896,-0.0008246528
558339.4200235860,9.7885131839,-0.0350952148,0.0645446777,-0.1743923611,0.0006510417,-0.0018663194
558339.4300235860,9.7880554202,-0.0473022461,0.0654602051,-0.1743164062,0.0006510417,-0.0009548611
558339.4400235860,9.7892761234,-0.0325012207,0.0648498535,-0.1743598090,0.0006618924,-0.0016384549
558339.4500235860,9.7880554202,-0.0465393066,0.0639343262,-0.1743489583,0.0006401910,-0.0012586806
558339.4600235861,9.7879028324,-0.0358581543,0.0634765625,-0.1743164062,0.0006401910,-0.0012695312
558339.4700235859,9.7875976566,-0.0419616699,0.0637817383,-0.1743598090,0.0006401910,-0.0016384549
558339.4800235860,9.7883605960,-0.0405883789,0.0646972656,-0.1743381076,0.0006510417,-0.0009006076
558339.4900235860,9.7892761234,-0.0360107422,0.0640869141,-0.1744357639,0.0006618924,-0.0018554687
558339.5000235860,9.7882080081,-0.0471496582,0.0633239746,-0.1743598090,0.0006401910,-0.0008680556
558339.5100235860,9.7894287113,-0.0331115723,0.0642395020,-0.1744791667,0.0006727431,-0.0017686632
558339.5200235860,9.7875976566,-0.0466918945,0.0648498535,-0.1744249132,0.0006401910,-0.0010742187
558339.5300235860,9.7883605960,-0.0340270996,0.0648498535,-0.1744466146,0.0006401910,-0.0014865451
558339.5400235860,9.7885131839,-0.0459289551,0.0637817383,-0.1744574653,0.0006618924,-0.0013671875
558339.5500235860,9.7885131839,-0.0373840332,0.0633239746,-0.1744900174,0.0006293403,-0.0012044271
558339.5600235860,9.7883605960,-0.0424194336,0.0640869141,-0.1744574653,0.0006618924,-0.0017144097
558339.5700235860,9.7879028324,-0.0410461426,0.0645446777,-0.1743598090,0.0006510417,-0.0009006076
558339.5800235861,9.7894287113,-0.0361633301,0.0648498535,-0.1743598090,0.0006510417,-0.0018446181
558339.5900235859,9.7872924808,-0.0471496582,0.0639343262,-0.1743489583,0.0006184896,-0.0008355035
558339.6000235860,9.7886657718,-0.0352478027,0.0637817383,-0.1743598090,0.0006510417,-0.0018337674
558339.6100235860,9.7877502445,-0.0465393066,0.0643920898,-0.1743598090,0.0006401910,-0.0010091146
558339.6200235860,9.7894287113,-0.0331115723,0.0653076172,-0.1744032118,0.0006727431,-0.0015625000
558339.6300235860,9.7880554202,-0.0468444824,0.0642395020,-0.1744357639,0.0006510417,-0.0012912326
558339.6400235860,9.7888183597,-0.0357055664,0.0634765625,-0.1744357639,0.0006401910,-0.0012695312
558339.6500235860,9.7885131839,-0.0425720215,0.0639343262,-0.1744574653,0.0006727431,-0.0016384549
558339.6600235860,9.7888183597,-0.0404357910,0.0653076172,-0.1744140625,0.0006293403,-0.0009765625
558339.6700235860,9.7886657718,-0.0373840332,0.0648498535,-0.1744357639,0.0006618924,-0.0018120660
558339.6800235860,9.7882080081,-0.0454711914,0.0636291504,-0.1743923611,0.0006184896,-0.0008355035
558339.6900235860,9.7888183597,-0.0343322754,0.0643920898,-0.1743923611,0.0006727431,-0.0018554687
558339.7000235860,9.7879028324,-0.0480651855,0.0645446777,-0.1744140625,0.0006401910,-0.0010091146
558339.7100235861,9.7889709476,-0.0335693359,0.0646972656,-0.1743489583,0.0006727431,-0.0015733507
558339.7200235859,9.7883605960,-0.0456237793,0.0633239746,-0.1743706597,0.0006401910,-0.0013454861
558339.7300235860,9.7883605960,-0.0364685059,0.0637817383,-0.1743923611,0.0006510417,-0.0011393229
558339.7400235860,9.7883605960,-0.0411987305,0.0656127930,-0.1744032118,0.0006510417,-0.0017469618
558339.7500235860,9.7886657718,-0.0437927246,0.0639343262,-0.1744032118,0.0006618924,-0.0008680556
558339.7600235860,9.7897338870,-0.0344848633,0.0631713867,-0.1744466146,0.0006618924,-0.0018988715
558339.7700235860,9.7875976566,-0.0469970703,0.0628662109,-0.1744140625,0.0006401910,-0.0008897569
558339.7800235860,9.7892761234,-0.0338745117,0.0650024414,-0.1744140625,0.0006401910,-0.0017252604
558339.7900235860,9.7868347171,-0.0473022461,0.0650024414,-0.1743706597,0.0006510417,-0.0011176215
558339.8000235860,9.7898864749,-0.0340270996,0.0633239746,-0.1743923611,0.0006510417,-0.0014648437
558339.8100235860,9.7882080081,-0.0444030762,0.0630187988,-0.1744140625,0.0006618924,-0.0013888889
558339.8200235870,9.7886657718,-0.0373840332,0.0643920898,-0.1744357639,0.0006401910,-0.0012044271
558339.8300235870,9.7885131839,-0.0425720215,0.0656127930,-0.1744249132,0.0006510417,-0.0016710069
558339.8400235870,9.7883605960,-0.0411987305,0.0637817383,-0.1744032118,0.0006401910,-0.0009765625
558339.8500235870,9.7891235355,-0.0372314453,0.0624084473,-0.1744032118,0.0006618924,-0.0018012153
558339.8600235870,9.7879028324,-0.0454711914,0.0639343262,-0.1743055555,0.0006401910,-0.0009006076
558339.8700235870,9.7889709476,-0.0349426270,0.0657653809,-0.1743598090,0.0006618924,-0.0017686632
558339.8800235870,9.7877502445,-0.0486755371,0.0642395020,-0.1743598090,0.0006293403,-0.0010308160
558339.8900235870,9.7895812991,-0.0328063965,0.0624084473,-0.1744140625,0.0006944444,-0.0015842014
558339.9000235870,9.7879028324,-0.0462341309,0.0633239746,-0.1744357639,0.0006401910,-0.0012586806
558339.9100235871,9.7889709476,-0.0363159180,0.0651550293,-0.1744357639,0.0006835937,-0.0013346354
558339.9200235870,9.7886657718,-0.0434875488,0.0651550293,-0.1744140625,0.0006401910,-0.0015190972
558339.9300235870,9.7889709476,-0.0390625000,0.0622558594,-0.1744140625,0.0006510417,-0.0010525174
558339.9400235870,9.7886657718,-0.0387573242,0.0627136230,-0.1744466146,0.0006727431,-0.0018337674
558339.9500235870,9.7879028324,-0.0451660156,0.0650024414,-0.1744032118,0.0006510417,-0.0008138021
558339.9600235870,9.7877502445,-0.0338745117,0.0656127930,-0.1744032118,0.0006076389,-0.0018880208
558339.9700235870,9.7880554202,-0.0477600098,0.0637817383,-0.1744032118,0.0006618924,-0.0009765625
558339.9800235870,9.7906494144,-0.0346374512,0.0628662109,-0.1743923611,0.0006727431,-0.0015842014
558339.9900235870,9.7883605960,-0.0460815430,0.0646972656,-0.1743489583,0.0006727431,-0.0012912326
558340.0000235870,9.7895812991,-0.0354003906,0.0654602051,-0.1742730035,0.0006293403,-0.0012478299
558340.0100235870,9.7880554202,-0.0437927246,0.0642395020,-0.1746093750,0.0006401910,-0.0015842014
558340.0200235870,9.7888183597,-0.0399780273,0.0614929199,-0.1743598090,0.0006618924,-0.0010633681
558340.0300235871,9.7891235355,-0.0373840332,0.0631713867,-0.1745985243,0.0006618924,-0.0017795139
558340.0400235869,9.7874450687,-0.0442504883,0.0650024414,-0.1745225694,0.0006293403,-0.0008897569
558340.0500235870,9.7885131839,-0.0354003906,0.0650024414,-0.1744466146,0.0006401910,-0.0018663194
558340.0600235870,9.7868347171,-0.0476074219,0.0628662109,-0.1743598090,0.0006076389,-0.0009223090
558340.0700235870,9.7903442386,-0.0320434570,0.0628662109,-0.1743381076,0.0007269965,-0.0016384549
558340.0800235870,9.7885131839,-0.0469970703,0.0646972656,-0.1743381076,0.0006401910,-0.0012478299
558340.0900235870,9.7889709476,-0.0373840332,0.0657653809,-0.1743598090,0.0006401910,-0.0012586806
558340.1000235870,9.7882080081,-0.0419616699,0.0636291504,-0.1744466146,0.0006618924,-0.0016601562
558340.1100235870,9.7886657718,-0.0396728516,0.0617980957,-0.1744357639,0.0006510417,-0.0009657118
558340.1200235870,9.7882080081,-0.0381469727,0.0648498535,-0.1744791667,0.0006401910,-0.0017795139
558340.1300235870,9.7874450687,-0.0457763672,0.0657653809,-0.1743923611,0.0006510417,-0.0009006076
558340.1400235870,9.7883605960,-0.0358581543,0.0648498535,-0.1744032118,0.0006076389,-0.0018120660
558340.1500235870,9.7877502445,-0.0459289551,0.0624084473,-0.1743706597,0.0006618924,-0.0009765625
558340.1600235871,9.7894287113,-0.0332641602,0.0631713867,-0.1743923611,0.0006944444,-0.0016601562
558340.1700235870,9.7877502445,-0.0479125977,0.0650024414,-0.1744140625,0.0006510417,-0.0012044271
558340.1800235870,9.7886657718,-0.0355529785,0.0654602051,-0.1744140625,0.0006510417,-0.0013563368
558340.1900235870,9.7886657718,-0.0437927246,0.0640869141,-0.1743598090,0.0006618924,-0.0015733507
558340.2000235870,9.7885131839,-0.0396728516,0.0627136230,-0.1744032118,0.0006510417,-0.0009765625
558340.2100235870,9.7895812991,-0.0382995605,0.0646972656,-0.1744249132,0.0006835937,-0.0018337674
558340.2200235870,9.7877502445,-0.0454711914,0.0651550293,-0.1743598090,0.0006076389,-0.0008355035
558340.2300235870,9.7892761234,-0.0341796875,0.0639343262,-0.1743923611,0.0006618924,-0.0018663194
558340.2400235870,9.7882080081,-0.0465393066,0.0619506836,-0.1743598090,0.0006727431,-0.0009982639
558340.2500235870,9.7898864749,-0.0331115723,0.0639343262,-0.1743706597,0.0006510417,-0.0015733507
558340.2600235870,9.7880554202,-0.0469970703,0.0653076172,-0.1743923611,0.0006510417,-0.0013020833
558340.2700235870,9.7877502445,-0.0364685059,0.0640869141,-0.1743598090,0.0006076389,-0.0012586806
558340.2800235871,9.7872924808,-0.0419616699,0.0624084473,-0.1744140625,0.0006076389,-0.0016384549
558340.2900235869,9.7891235355,-0.0407409668,0.0637817383,-0.1744032118,0.0006510417,-0.0009548611
558340.3000235870,9.7895812991,-0.0393676758,0.0657653809,-0.1744140625,0.0007378472,-0.0018446181
558340.3100235870,9.7880554202,-0.0445556641,0.0636291504,-0.1744032118,0.0005967882,-0.0009006076
558340.3200235870,9.7886657718,-0.0331115723,0.0625610352,-0.1744032118,0.0006510417,-0.0018229167
558340.3300235870,9.7877502445,-0.0473022461,0.0633239746,-0.1743706597,0.0006727431,-0.0009657118
558340.3400235870,9.7898864749,-0.0344848633,0.0645446777,-0.1744032118,0.0006510417,-0.0015950521
558340.3500235870,9.7875976566,-0.0474548340,0.0642395020,-0.1743923611,0.0006076389,-0.0012912326
558340.3600235870,9.7886657718,-0.0350952148,0.0634765625,-0.1744249132,0.0006293403,-0.0013129340
558340.3700235870,9.7883605960,-0.0430297852,0.0643920898,-0.1744140625,0.0007161458,-0.0015842014
558340.3800235870,9.7894287113,-0.0415039063,0.0639343262,-0.1744466146,0.0006835937,-0.0009657118
558340.3900235870,9.7886657718,-0.0381469727,0.0643920898,-0.1744140625,0.0005859375,-0.0018663194
558340.4000235870,9.7877502445,-0.0445556641,0.0639343262,-0.1743923611,0.0006076389,-0.0008355035
558340.4100235871,9.7886657718,-0.0329589844,0.0637817383,-0.1743489583,0.0006944444,-0.0018012153
558340.4200235870,9.7882080081,-0.0479125977,0.0639343262,-0.1743381076,0.0006835937,-0.0010091146
558340.4300235870,9.7897338870,-0.0363159180,0.0646972656,-0.1743489583,0.0006401910,-0.0015733507
558340.4400235870,9.7869873050,-0.0445556641,0.0640869141,-0.1743598090,0.0005533854,-0.0013888889
558340.4500235870,9.7891235355,-0.0367736816,0.0628662109,-0.1743706597,0.0006944444,-0.0011718750
558340.4600235870,9.7889709476,-0.0408935547,0.0636291504,-0.1744574653,0.0007486979,-0.0017252604
558340.4700235870,9.7891235355,-0.0424194336,0.0639343262,-0.1744140625,0.0006401910,-0.0008897569
558340.4800235870,9.7883605960,-0.0367736816,0.0637817383,-0.1744466146,0.0005859375,-0.0018663194
558340.4900235870,9.7875976566,-0.0463867188,0.0633239746,-0.1743923611,0.0006401910,-0.0008897569
558340.5000235870,9.7891235355,-0.0335693359,0.0637817383,-0.1744574653,0.0006944444,-0.0017795139
558340.5100235870,9.7882080081,-0.0474548340,0.0645446777,-0.1744357639,0.0006835937,-0.0010742187
558340.5200235870,9.7892761234,-0.0352478027,0.0648498535,-0.1744140625,0.0006618924,-0.0014648437
558340.5300235871,9.7883605960,-0.0454711914,0.0628662109,-0.1744249132,0.0006293403,-0.0014539931
558340.5400235869,9.7880554202,-0.0382995605,0.0625610352,-0.1743706597,0.0005967882,-0.0011393229
558340.5500235870,9.7888183597,-0.0395202637,0.0646972656,-0.1743598090,0.0006618924,-0.0016927083
558340.5600235870,9.7886657718,-0.0419616699,0.0656127930,-0.1743381076,0.0006510417,-0.0009548611
558340.5700235870,9.7892761234,-0.0384521484,0.0637817383,-0.1743598090,0.0006835937,-0.0018229167
558340.5800235870,9.7885131839,-0.0463867188,0.0628662109,-0.1743598090,0.0005967882,-0.0009114583
558340.5900235870,9.7889709476,-0.0338745117,0.0634765625,-0.1743489583,0.0006401910,-0.0018120660
558340.6000235870,9.7871398929,-0.0459289551,0.0650024414,-0.1743381076,0.0006727431,-0.0009874132
558340.6100235870,9.7898864749,-0.0352478027,0.0648498535,-0.1743923611,0.0006835937,-0.0015733507
558340.6200235870,9.7880554202,-0.0471496582,0.0630187988,-0.1743923611,0.0006293403,-0.0013563368
558340.6300235870,9.7882080081,-0.0358581543,0.0617980957,-0.1744466146,0.0005967882,-0.0012369792
558340.6400235870,9.7882080081,-0.0419616699,0.0634765625,-0.1744466146,0.0006618924,-0.0016710069
558340.6500235870,9.7880554202,-0.0418090820,0.0654602051,-0.1744140625,0.0006510417,-0.0009548611
558340.6600235871,9.7889709476,-0.0381469727,0.0646972656,-0.1743923611,0.0007161458,-0.0018337674
558340.6700235870,9.7875976566,-0.0453186035,0.0622558594,-0.1743598090,0.0006076389,-0.0008680556
558340.6800235870,9.7885131839,-0.0347900391,0.0633239746,-0.1743706597,0.0006293403,-0.0018120660
558340.6900235870,9.7872924808,-0.0476074219,0.0642395020,-0.1743272569,0.0006510417,-0.0010091146
558340.7000235870,9.7897338870,-0.0344848633,0.0648498535,-0.1743923611,0.0006510417,-0.0016276042
558340.7100235870,9.7879028324,-0.0466918945,0.0637817383,-0.1743489583,0.0006401910,-0.0012369792
558340.7200235870,9.7879028324,-0.0357055664,0.0627136230,-0.1743381076,0.0006401910,-0.0013346354
558340.7300235870,9.7877502445,-0.0436401367,0.0631713867,-0.1743381076,0.0006618924,-0.0015950521
558340.7400235870,9.7883605960,-0.0395202637,0.0650024414,-0.1743272569,0.0006401910,-0.0009657118
558340.7500235870,9.7892761234,-0.0390625000,0.0642395020,-0.1744140625,0.0006835937,-0.0018988715
558340.7600235870,9.7875976566,-0.0463867188,0.0624084473,-0.1744032118,0.0006510417,-0.0008355035
558340.7700235870,9.7892761234,-0.0326538086,0.0628662109,-0.1744574653,0.0006727431,-0.0018337674
558340.7800235871,9.7872924808,-0.0477600098,0.0643920898,-0.1743706597,0.0005859375,-0.0010416667
558340.7900235869,9.7892761234,-0.0354003906,0.0650024414,-0.1744357639,0.0006618924,-0.0015516493
558340.8000235870,9.7882080081,-0.0465393066,0.0631713867,-0.1744791667,0.0006618924,-0.0013780382
558340.8100235870,9.7885131839,-0.0360107422,0.0631713867,-0.1745876736,0.0006944444,-0.0012261285
558340.8200235870,9.7882080081,-0.0424194336,0.0643920898,-0.1745442708,0.0006401910,-0.0016601562
558340.8300235870,9.7883605960,-0.0416564941,0.0645446777,-0.1744357639,0.0005967882,-0.0009548611
558340.8400235870,9.7892761234,-0.0378417969,0.0636291504,-0.1743923611,0.0006727431,-0.0019097222
558340.8500235870,9.7871398929,-0.0468444824,0.0627136230,-0.1743381076,0.0006510417,-0.0008355035
558340.8600235870,9.7892761234,-0.0337219238,0.0636291504,-0.1743164062,0.0006944444,-0.0018120660
558340.8700235870,9.7875976566,-0.0482177734,0.0637817383,-0.1743489583,0.0006076389,-0.0010525174
558340.8800235870,9.7892761234,-0.0338745117,0.0645446777,-0.1743706597,0.0006293403,-0.0015190972
558340.8900235880,9.7885131839,-0.0459289551,0.0630187988,-0.1744357639,0.0006618924,-0.0014322917
558340.9000235880,9.7883605960,-0.0378417969,0.0625610352,-0.1744249132,0.0006944444,-0.0011501736
558340.9100235880,9.7889709476,-0.0407409668,0.0646972656,-0.1744466146,0.0006835937,-0.0016710069
558340.9200235880,9.7886657718,-0.0425720215,0.0646972656,-0.1744032118,0.0005750868,-0.0009982639
558340.9300235880,9.7892761234,-0.0390625000,0.0640869141,-0.1743706597,0.0006401910,-0.0017795139
558340.9400235880,9.7880554202,-0.0440979004,0.0614929199,-0.1743923611,0.0006727431,-0.0009765625
558340.9500235880,9.7888183597,-0.0352478027,0.0640869141,-0.1743272569,0.0006727431,-0.0017686632
558340.9600235880,9.7871398929,-0.0483703613,0.0645446777,-0.1743381076,0.0006076389,-0.0010308160
558340.9700235880,9.7900390628,-0.0343322754,0.0640869141,-0.1743923611,0.0006944444,-0.0016601562
558340.9800235881,9.7875976566,-0.0460815430,0.0619506836,-0.1743706597,0.0005967882,-0.0012478299
558340.9900235879,9.7885131839,-0.0370788574,0.0639343262,-0.1743706597,0.0006510417,-0.0012912326
558341.0000235880,9.7883605960,-0.0436401367,0.0653076172,-0.1743598090,0.0006510417,-0.0016276042
558341.0100235880,9.7885131839,-0.0389099121,0.0630187988,-0.1746527778,0.0006293403,-0.0010308160
558341.0200235880,9.7894287113,-0.0384521484,0.0624084473,-0.1744140625,0.0006727431,-0.0018229167
558341.0300235880,9.7882080081,-0.0457763672,0.0633239746,-0.1744140625,0.0006510417,-0.0008680556
558341.0400235880,9.7882080081,-0.0357055664,0.0650024414,-0.1744900174,0.0006401910,-0.0018880208
558341.0500235880,9.7874450687,-0.0462341309,0.0637817383,-0.1744791667,0.0006401910,-0.0009548611
558341.0600235880,9.7892761234,-0.0326538086,0.0627136230,-0.1744574653,0.0006618924,-0.0016710069
558341.0700235880,9.7877502445,-0.0483703613,0.0633239746,-0.1744466146,0.0006618924,-0.0011393229
558341.0800235880,9.7892761234,-0.0370788574,0.0648498535,-0.1744140625,0.0006835937,-0.0014648437
558341.0900235880,9.7880554202,-0.0442504883,0.0646972656,-0.1744249132,0.0006076389,-0.0014756944
558341.1000235880,9.7892761234,-0.0369262695,0.0625610352,-0.1744249132,0.0006618924,-0.0011393229
558341.1100235879,9.7882080081,-0.0416564941,0.0624084473,-0.1743598090,0.0006727431,-0.0016927083
558341.1200235880,9.7882080081,-0.0433349609,0.0642395020,-0.1743706597,0.0006076389,-0.0009657118
558341.1300235880,9.7882080081,-0.0378417969,0.0656127930,-0.1743489583,0.0006727431,-0.0018337674
558341.1400235880,9.7877502445,-0.0456237793,0.0628662109,-0.1743706597,0.0006076389,-0.0009657118
558341.1500235880,9.7895812991,-0.0354003906,0.0616455078,-0.1743598090,0.0006618924,-0.0017686632
558341.1600235880,9.7879028324,-0.0469970703,0.0631713867,-0.1744032118,0.0006727431,-0.0010525174
558341.1700235880,9.7895812991,-0.0358581543,0.0659179688,-0.1744032118,0.0006618924,-0.0015842014
558341.1800235880,9.7871398929,-0.0462341309,0.0642395020,-0.1743598090,0.0006076389,-0.0013129340
558341.1900235880,9.7889709476,-0.0354003906,0.0617980957,-0.1744357639,0.0006727431,-0.0013129340
558341.2000235880,9.7888183597,-0.0439453125,0.0627136230,-0.1744357639,0.0006618924,-0.0015625000
558341.2100235880,9.7885131839,-0.0408935547,0.0650024414,-0.1743923611,0.0006510417,-0.0010633681
558341.2200235880,9.7888183597,-0.0389099121,0.0648498535,-0.1744357639,0.0006618924,-0.0018012153
558341.2300235881,9.7877502445,-0.0431823730,0.0625610352,-0.1744140625,0.0006510417,-0.0009223090
558341.2400235879,9.7895812991,-0.0364685059,0.0619506836,-0.1744140625,0.0006835937,-0.0018120660
558341.2500235880,9.7882080081,-0.0468444824,0.0637817383,-0.1743489583,0.0006401910,-0.0009548611
558341.2600235880,9.7889709476,-0.0334167480,0.0654602051,-0.1743489583,0.0006510417,-0.0017469618
558341.2700235880,9.7868347171,-0.0466918945,0.0637817383,-0.1743272569,0.0006293403,-0.0010959201
558341.2800235880,9.7888183597,-0.0346374512,0.0617980957,-0.1743598090,0.0006510417,-0.0015190972
558341.2900235880,9.7888183597,-0.0471496582,0.0627136230,-0.1744140625,0.0006835937,-0.0013888889
558341.3000235880,9.7885131839,-0.0370788574,0.0656127930,-0.1744466146,0.0006401910,-0.0011718750
558341.3100235880,9.7882080081,-0.0399780273,0.0639343262,-0.1744574653,0.0006510417,-0.0017578125
558341.3200235880,9.7886657718,-0.0430297852,0.0621032715,-0.1743706597,0.0006401910,-0.0008572049
558341.3300235880,9.7892761234,-0.0364685059,0.0621032715,-0.1744140625,0.0006727431,-0.0019205729
558341.3400235880,9.7872924808,-0.0471496582,0.0639343262,-0.1743923611,0.0006401910,-0.0009114583
558341.3500235880,9.7886657718,-0.0326538086,0.0656127930,-0.1744249132,0.0006727431,-0.0017361111
558341.3600235879,9.7874450687,-0.0488281250,0.0628662109,-0.1744140625,0.0006293403,-0.0011827257
558341.3700235880,9.7894287113,-0.0349426270,0.0608825684,-0.1744466146,0.0006401910,-0.0014214410
558341.3800235880,9.7885131839,-0.0448608398,0.0639343262,-0.1744032118,0.0007161458,-0.0014973958
558341.3900235880,9.7889709476,-0.0384521484,0.0651550293,-0.1743381076,0.0006618924,-0.0010416667
558341.4000235880,9.7877502445,-0.0401306152,0.0639343262,-0.1743381076,0.0005750868,-0.0018446181
558341.4100235880,9.7875976566,-0.0453186035,0.0622558594,-0.1743164062,0.0006835937,-0.0008355035
558341.4200235880,9.7892761234,-0.0343322754,0.0631713867,-0.1743923611,0.0007161458,-0.0019097222
558341.4300235880,9.7880554202,-0.0468444824,0.0636291504,-0.1744357639,0.0005967882,-0.0009548611
558341.4400235880,9.7895812991,-0.0334167480,0.0653076172,-0.1744357639,0.0006618924,-0.0016601562
558341.4500235880,9.7879028324,-0.0476074219,0.0633239746,-0.1744574653,0.0006510417,-0.0012695312
558341.4600235880,9.7891235355,-0.0360107422,0.0619506836,-0.1744249132,0.0006401910,-0.0013129340
558341.4700235880,9.7886657718,-0.0421142578,0.0637817383,-0.1744032118,0.0006835937,-0.0016276042
558341.4800235881,9.7885131839,-0.0413513184,0.0648498535,-0.1744357639,0.0006293403,-0.0009874132
558341.4900235879,9.7889709476,-0.0393676758,0.0636291504,-0.1744357639,0.0006510417,-0.0018663194
558341.5000235880,9.7879028324,-0.0444030762,0.0625610352,-0.1744466146,0.0006618924,-0.0008897569
558341.5100235880,9.7898864749,-0.0343322754,0.0633239746,-0.1744357639,0.0006510417,-0.0018229167
558341.5200235880,9.7883605960,-0.0486755371,0.0642395020,-0.1744249132,0.0006401910,-0.0009765625
558341.5300235880,9.7894287113,-0.0347900391,0.0636291504,-0.1743923611,0.0006618924,-0.0016601562
558341.5400235880,9.7872924808,-0.0462341309,0.0630187988,-0.1743381076,0.0006727431,-0.0012478299
558341.5500235880,9.7895812991,-0.0355529785,0.0636291504,-0.1743706597,0.0006618924,-0.0013997396
558341.5600235880,9.7886657718,-0.0450134277,0.0639343262,-0.1743706597,0.0006618924,-0.0015190972
558341.5700235880,9.7888183597,-0.0382995605,0.0631713867,-0.1745117187,0.0006618924,-0.0010959201
558341.5800235880,9.7886657718,-0.0398254395,0.0627136230,-0.1745985243,0.0006510417,-0.0017578125
558341.5900235880,9.7877502445,-0.0434875488,0.0628662109,-0.1745334201,0.0006618924,-0.0009006076
558341.6000235880,9.7895812991,-0.0366210938,0.0640869141,-0.1744249132,0.0006510417,-0.0018880208
558341.6100235879,9.7879028324,-0.0469970703,0.0628662109,-0.1743381076,0.0006401910,-0.0009114583
558341.6200235880,9.7895812991,-0.0338745117,0.0628662109,-0.1743706597,0.0006727431,-0.0017361111
558341.6300235880,9.7871398929,-0.0466918945,0.0621032715,-0.1744032118,0.0006618924,-0.0011827257
558341.6400235880,9.7889709476,-0.0360107422,0.0639343262,-0.1744466146,0.0006510417,-0.0014105903
558341.6500235880,9.7889709476,-0.0466918945,0.0643920898,-0.1744791667,0.0006618924,-0.0014648437
558341.6600235880,9.7891235355,-0.0387573242,0.0625610352,-0.1744466146,0.0006510417,-0.0011718750
558341.6700235880,9.7886657718,-0.0396728516,0.0628662109,-0.1743598090,0.0006727431,-0.0017361111
558341.6800235880,9.7879028324,-0.0424194336,0.0640869141,-0.1742730035,0.0006510417,-0.0009548611
558341.6900235880,9.7891235355,-0.0384521484,0.0642395020,-0.1743706597,0.0006727431,-0.0018446181
558341.7000235880,9.7883605960,-0.0453186035,0.0625610352,-0.1744032118,0.0006076389,-0.0009657118
558341.7100235880,9.7891235355,-0.0335693359,0.0619506836,-0.1744032118,0.0006835937,-0.0017795139
558341.7200235880,9.7874450687,-0.0468444824,0.0636291504,-0.1744140625,0.0006510417,-0.0010416667
558341.7300235881,9.7888183597,-0.0358581543,0.0654602051,-0.1744140625,0.0006618924,-0.0015407986
558341.7400235879,9.7883605960,-0.0474548340,0.0631713867,-0.1744032118,0.0006401910,-0.0013888889
558341.7500235880,9.7889709476,-0.0363159180,0.0616455078,-0.1743598090,0.0006618924,-0.0011827257
558341.7600235880,9.7891235355,-0.0410461426,0.0631713867,-0.1744140625,0.0006944444,-0.0017361111
558341.7700235880,9.7875976566,-0.0442504883,0.0645446777,-0.1744140625,0.0005967882,-0.0009006076
558341.7800235880,9.7883605960,-0.0379943848,0.0643920898,-0.1744574653,0.0006510417,-0.0018554687
558341.7900235880,9.7880554202,-0.0453186035,0.0624084473,-0.1744032118,0.0006293403,-0.0009006076
558341.8000235880,9.7891235355,-0.0337219238,0.0627136230,-0.1744032118,0.0006727431,-0.0018120660
558341.8100235880,9.7869873050,-0.0492858887,0.0640869141,-0.1743381076,0.0006401910,-0.0010308160
558341.8200235880,9.7897338870,-0.0344848633,0.0636291504,-0.1743164062,0.0006835937,-0.0016384549
558341.8300235880,9.7883605960,-0.0460815430,0.0630187988,-0.1743164062,0.0006510417,-0.0013129340
558341.8400235880,9.7885131839,-0.0358581543,0.0627136230,-0.1743381076,0.0006510417,-0.0012695312
558341.8500235880,9.7885131839,-0.0436401367,0.0630187988,-0.1743923611,0.0006618924,-0.0016493056
558341.8600235879,9.7889709476,-0.0425720215,0.0636291504,-0.1743923611,0.0006510417,-0.0009548611
558341.8700235880,9.7888183597,-0.0378417969,0.0636291504,-0.1744032118,0.0006727431,-0.0019205729
558341.8800235880,9.7883605960,-0.0463867188,0.0622558594,-0.1743923611,0.0006184896,-0.0008572049
558341.8900235880,9.7891235355,-0.0346374512,0.0625610352,-0.1744140625,0.0006618924,-0.0018120660
558341.9000235880,9.7872924808,-0.0477600098,0.0631713867,-0.1743923611,0.0006510417,-0.0010850694
558341.9100235880,9.7891235355,-0.0332641602,0.0643920898,-0.1744140625,0.0006618924,-0.0015516493
558341.9200235880,9.7879028324,-0.0476074219,0.0637817383,-0.1743598090,0.0006510417,-0.0013020833
558341.9300235880,9.7885131839,-0.0373840332,0.0628662109,-0.1743489583,0.0006727431,-0.0013346354
558341.9400235880,9.7880554202,-0.0436401367,0.0619506836,-0.1744032118,0.0006510417,-0.0015842014
558341.9500235880,9.7883605960,-0.0393676758,0.0643920898,-0.1743706597,0.0006618924,-0.0010525174
558341.9600235890,9.7885131839,-0.0402832031,0.0650024414,-0.1743706597,0.0006618924,-0.0018120660
558341.9700235890,9.7889709476,-0.0456237793,0.0621032715,-0.1744140625,0.0006510417,-0.0009006076
558341.9800235890,9.7889709476,-0.0349426270,0.0625610352,-0.1744032118,0.0006835937,-0.0018554687
558341.9900235890,9.7877502445,-0.0463867188,0.0627136230,-0.1743706597,0.0006076389,-0.0009440104
558342.0000235890,9.7897338870,-0.0343322754,0.0646972656,-0.1744140625,0.0006618924,-0.0017469618
558342.0100235890,9.7874450687,-0.0491333008,0.0630187988,-0.1747178819,0.0006510417,-0.0011501736
558342.0200235890,9.7891235355,-0.0346374512,0.0617980957,-0.1744357639,0.0006401910,-0.0014973958
558342.0300235890,9.7879028324,-0.0444030762,0.0625610352,-0.1744900174,0.0006835937,-0.0014648437
558342.0400235890,9.7891235355,-0.0392150879,0.0640869141,-0.1744791667,0.0006510417,-0.0010850694
558342.0500235891,9.7892761234,-0.0413513184,0.0634765625,-0.1744791667,0.0006618924,-0.0018229167
558342.0600235889,9.7886657718,-0.0448608398,0.0622558594,-0.1744140625,0.0006401910,-0.0008572049
558342.0700235890,9.7895812991,-0.0347900391,0.0628662109,-0.1743055555,0.0006401910,-0.0019314236
558342.0800235890,9.7879028324,-0.0483703613,0.0633239746,-0.1742404514,0.0006618924,-0.0009331597
558342.0900235890,9.7894287113,-0.0329589844,0.0636291504,-0.1743055555,0.0006618924,-0.0016927083
558342.1000235890,9.7871398929,-0.0469970703,0.0628662109,-0.1743164062,0.0006401910,-0.0013454861
558342.1100235890,9.7885131839,-0.0381469727,0.0628662109,-0.1743598090,0.0006401910,-0.0011393229
558342.1200235890,9.7880554202,-0.0419616699,0.0631713867,-0.1744249132,0.0006727431,-0.0018446181
558342.1300235890,9.7877502445,-0.0434875488,0.0631713867,-0.1744357639,0.0006510417,-0.0008572049
558342.1400235890,9.7892761234,-0.0355529785,0.0625610352,-0.1744357639,0.0006727431,-0.0018554687
558342.1500235890,9.7880554202,-0.0477600098,0.0631713867,-0.1744466146,0.0006618924,-0.0009657118
558342.1600235890,9.7894287113,-0.0350952148,0.0630187988,-0.1744466146,0.0006618924,-0.0017361111
558342.1700235890,9.7874450687,-0.0457763672,0.0628662109,-0.1744249132,0.0006401910,-0.0011610243
558342.1800235891,9.7892761234,-0.0346374512,0.0634765625,-0.1744357639,0.0006618924,-0.0014973958
558342.1900235889,9.7882080081,-0.0469970703,0.0628662109,-0.1744357639,0.0006401910,-0.0013671875
558342.2000235890,9.7891235355,-0.0381469727,0.0630187988,-0.1744466146,0.0006618924,-0.0012586806
558342.2100235890,9.7882080081,-0.0418090820,0.0633239746,-0.1744574653,0.0006510417,-0.0016493056
558342.2200235890,9.7886657718,-0.0402832031,0.0627136230,-0.1744032118,0.0006401910,-0.0010416667
558342.2300235890,9.7894287113,-0.0390625000,0.0625610352,-0.1744466146,0.0006727431,-0.0017686632
558342.2400235890,9.7883605960,-0.0450134277,0.0630187988,-0.1744249132,0.0006401910,-0.0009548611
558342.2500235890,9.7894287113,-0.0367736816,0.0636291504,-0.1744032118,0.0006835937,-0.0018337674
558342.2600235890,9.7882080081,-0.0453186035,0.0628662109,-0.1742838542,0.0006401910,-0.0009548611
558342.2700235890,9.7900390628,-0.0346374512,0.0630187988,-0.1742838542,0.0006727431,-0.0017469618
558342.2800235890,9.7875976566,-0.0479125977,0.0624084473,-0.1743489583,0.0006618924,-0.0010742187
558342.2900235890,9.7892761234,-0.0347900391,0.0639343262,-0.1743706597,0.0006510417,-0.0016276042
558342.3000235891,9.7875976566,-0.0456237793,0.0627136230,-0.1744249132,0.0006618924,-0.0013020833
558342.3100235889,9.7889709476,-0.0355529785,0.0628662109,-0.1744357639,0.0006510417,-0.0013020833
558342.3200235890,9.7880554202,-0.0442504883,0.0631713867,-0.1744357639,0.0006727431,-0.0015733507
558342.3300235890,9.7877502445,-0.0419616699,0.0637817383,-0.1744249132,0.0006401910,-0.0010850694
558342.3400235890,9.7889709476,-0.0396728516,0.0633239746,-0.1744140625,0.0006618924,-0.0018120660
558342.3500235890,9.7885131839,-0.0427246094,0.0628662109,-0.1744249132,0.0006618924,-0.0009657118
558342.3600235890,9.7888183597,-0.0367736816,0.0633239746,-0.1745008680,0.0006727431,-0.0018229167
558342.3700235890,9.7882080081,-0.0471496582,0.0621032715,-0.1744791667,0.0006727431,-0.0009223090
558342.3800235890,9.7891235355,-0.0341796875,0.0633239746,-0.1744249132,0.0006510417,-0.0017795139
558342.3900235890,9.7871398929,-0.0471496582,0.0630187988,-0.1743598090,0.0006510417,-0.0010959201
558342.4000235890,9.7888183597,-0.0341796875,0.0630187988,-0.1743598090,0.0006510417,-0.0014865451
558342.4100235890,9.7885131839,-0.0453186035,0.0622558594,-0.1743164062,0.0006618924,-0.0014431424
558342.4200235890,9.7888183597,-0.0389099121,0.0634765625,-0.1743706597,0.0006618924,-0.0011718750
558342.4300235891,9.7883605960,-0.0421142578,0.0634765625,-0.1744140625,0.0006727431,-0.0017252604
558342.4400235889,9.7880554202,-0.0419616699,0.0630187988,-0.1744140625,0.0006401910,-0.0009548611
558342.4500235890,9.7894287113,-0.0370788574,0.0631713867,-0.1744466146,0.0006618924,-0.0018554687
558342.4600235890,9.7882080081,-0.0483703613,0.0622558594,-0.1744466146,0.0006510417,-0.0009006076
558342.4700235890,9.7885131839,-0.0334167480,0.0624084473,-0.1744791667,0.0006727431,-0.0018337674
558342.4800235890,9.7874450687,-0.0471496582,0.0637817383,-0.1743923611,0.0006510417,-0.0010525174
558342.4900235890,9.7894287113,-0.0373840332,0.0642395020,-0.1744140625,0.0006293403,-0.0015190972
558342.5000235890,9.7880554202,-0.0457763672,0.0616455078,-0.1743598090,0.0006727431,-0.0014756944
558342.5100235890,9.7892761234,-0.0366210938,0.0622558594,-0.1743272569,0.0006727431,-0.0011284722
558342.5200235890,9.7885131839,-0.0399780273,0.0639343262,-0.1744032118,0.0006293403,-0.0017578125
558342.5300235890,9.7879028324,-0.0476074219,0.0636291504,-0.1743272569,0.0006076389,-0.0009114583
558342.5400235890,9.7892761234,-0.0372314453,0.0622558594,-0.1743381076,0.0006835937,-0.0019314236
558342.5500235891,9.7879028324,-0.0454711914,0.0619506836,-0.1743381076,0.0006184896,-0.0009114583
558342.5600235889,9.7895812991,-0.0331115723,0.0633239746,-0.1743706597,0.0006835937,-0.0017469618
558342.5700235890,9.7877502445,-0.0497436523,0.0642395020,-0.1744032118,0.0006510417,-0.0012044271
558342.5800235890,9.7892761234,-0.0354003906,0.0628662109,-0.1743923611,0.0006293403,-0.0013997396
558342.5900235890,9.7882080081,-0.0430297852,0.0625610352,-0.1744032118,0.0006727431,-0.0015625000
558342.6000235890,9.7883605960,-0.0393676758,0.0625610352,-0.1744249132,0.0006401910,-0.0010742187
558342.6100235890,9.7889709476,-0.0422668457,0.0631713867,-0.1744574653,0.0006727431,-0.0017686632
558342.6200235890,9.7872924808,-0.0434875488,0.0634765625,-0.1744140625,0.0006510417,-0.0009440104
558342.6300235890,9.7898864749,-0.0363159180,0.0631713867,-0.1744140625,0.0006727431,-0.0019097222
558342.6400235890,9.7880554202,-0.0479125977,0.0619506836,-0.1744466146,0.0006618924,-0.0009006076
558342.6500235890,9.7892761234,-0.0340270996,0.0634765625,-0.1743923611,0.0006727431,-0.0017578125
558342.6600235890,9.7882080081,-0.0485229492,0.0634765625,-0.1743272569,0.0006510417,-0.0011610243
558342.6700235890,9.7892761234,-0.0346374512,0.0628662109,-0.1743272569,0.0006510417,-0.0014756944
558342.6800235891,9.7885131839,-0.0457763672,0.0614929199,-0.1743489583,0.0006727431,-0.0015082465
558342.6900235889,9.7888183597,-0.0396728516,0.0624084473,-0.1743706597,0.0006727431,-0.0010850694
558342.7000235890,9.7898864749,-0.0399780273,0.0643920898,-0.1744140625,0.0006510417,-0.0018120660
558342.7100235890,9.7882080081,-0.0445556641,0.0631713867,-0.1744140625,0.0006401910,-0.0009223090
558342.7200235890,9.7889709476,-0.0360107422,0.0616455078,-0.1744357639,0.0006727431,-0.0018554687
558342.7300235890,9.7880554202,-0.0463867188,0.0616455078,-0.1744032118,0.0006727431,-0.0009440104
558342.7400235890,9.7892761234,-0.0343322754,0.0630187988,-0.1744032118,0.0006618924,-0.0017469618
558342.7500235890,9.7877502445,-0.0482177734,0.0628662109,-0.1743706597,0.0006401910,-0.0011718750
558342.7600235890,9.7891235355,-0.0346374512,0.0627136230,-0.1744249132,0.0006727431,-0.0014214410
558342.7700235890,9.7888183597,-0.0460815430,0.0621032715,-0.1743598090,0.0006835937,-0.0015516493
558342.7800235890,9.7882080081,-0.0408935547,0.0628662109,-0.1743923611,0.0006510417,-0.0010416667
558342.7900235890,9.7886657718,-0.0393676758,0.0634765625,-0.1743923611,0.0006727431,-0.0018446181
558342.8000235891,9.7877502445,-0.0450134277,0.0636291504,-0.1743489583,0.0006184896,-0.0008897569
558342.8100235889,9.7888183597,-0.0366210938,0.0625610352,-0.1743489583,0.0006835937,-0.0018663194
558342.8200235890,9.7883605960,-0.0483703613,0.0625610352,-0.1743598090,0.0006618924,-0.0009874132
558342.8300235890,9.7891235355,-0.0338745117,0.0628662109,-0.1744357639,0.0006618924,-0.0016927083
558342.8400235890,9.7874450687,-0.0465393066,0.0624084473,-0.1743923611,0.0006401910,-0.0011827257
558342.8500235890,9.7886657718,-0.0352478027,0.0628662109,-0.1744357639,0.0006618924,-0.0013997396
558342.8600235890,9.7882080081,-0.0456237793,0.0625610352,-0.1744357639,0.0006835937,-0.0015190972
558342.8700235890,9.7882080081,-0.0401306152,0.0628662109,-0.1744466146,0.0006510417,-0.0011393229
558342.8800235890,9.7883605960,-0.0404357910,0.0625610352,-0.1744466146,0.0006618924,-0.0017578125
558342.8900235890,9.7880554202,-0.0422668457,0.0624084473,-0.1744357639,0.0006510417,-0.0009548611
558342.9000235890,9.7891235355,-0.0378417969,0.0631713867,-0.1744574653,0.0007161458,-0.0018880208
558342.9100235890,9.7879028324,-0.0489807129,0.0630187988,-0.1744357639,0.0006401910,-0.0008897569
558342.9200235890,9.7901916507,-0.0329589844,0.0628662109,-0.1744032118,0.0006727431,-0.0018337674
558342.9300235891,9.7875976566,-0.0469970703,0.0624084473,-0.1743489583,0.0006510417,-0.0010850694
558342.9400235889,9.7894287113,-0.0347900391,0.0637817383,-0.1743272569,0.0006510417,-0.0015082465
558342.9500235890,9.7875976566,-0.0473022461,0.0625610352,-0.1743381076,0.0006618924,-0.0014648437
558342.9600235890,9.7894287113,-0.0384521484,0.0621032715,-0.1743706597,0.0006510417,-0.0011718750
558342.9700235890,9.7879028324,-0.0401306152,0.0625610352,-0.1744357639,0.0006727431,-0.0017578125
558342.9800235890,9.7880554202,-0.0430297852,0.0627136230,-0.1744466146,0.0006618924,-0.0008789062
558342.9900235890,9.7892761234,-0.0372314453,0.0628662109,-0.1743923611,0.0006618924,-0.0019097222
558343.0000235890,9.7882080081,-0.0474548340,0.0625610352,-0.1743923611,0.0006510417,-0.0009440104
558343.0100235890,9.7886657718,-0.0337219238,0.0628662109,-0.1746744792,0.0006727431,-0.0017686632
558343.0200235890,9.7869873050,-0.0477600098,0.0625610352,-0.1743489583,0.0006510417,-0.0011284722
558343.0300235890,9.7894287113,-0.0357055664,0.0628662109,-0.1744357639,0.0006401910,-0.0014973958
558343.0400235900,9.7882080081,-0.0459289551,0.0627136230,-0.1744357639,0.0006727431,-0.0014865451
558343.0500235900,9.7889709476,-0.0386047363,0.0617980957,-0.1744140625,0.0006618924,-0.0010959201
558343.0600235900,9.7886657718,-0.0404357910,0.0625610352,-0.1743923611,0.0006618924,-0.0018337674
558343.0700235900,9.7885131839,-0.0444030762,0.0625610352,-0.1743055555,0.0006510417,-0.0009006076
558343.0800235900,9.7898864749,-0.0360107422,0.0625610352,-0.1743489583,0.0006727431,-0.0019205729
558343.0900235900,9.7882080081,-0.0473022461,0.0627136230,-0.1743272569,0.0006510417,-0.0009440104
558343.1000235900,9.7898864749,-0.0346374512,0.0627136230,-0.1743381076,0.0006618924,-0.0017361111
558343.1100235900,9.7871398929,-0.0479125977,0.0625610352,-0.1743923611,0.0006618924,-0.0011718750
558343.1200235900,9.7895812991,-0.0344848633,0.0631713867,-0.1744032118,0.0006510417,-0.0014105903
558343.1300235901,9.7879028324,-0.0445556641,0.0630187988,-0.1744357639,0.0006510417,-0.0015625000
558343.1400235899,9.7891235355,-0.0398254395,0.0631713867,-0.1743706597,0.0006618924,-0.0010308160
558343.1500235900,9.7888183597,-0.0396728516,0.0627136230,-0.1744357639,0.0006510417,-0.0018880208
558343.1600235900,9.7880554202,-0.0456237793,0.0617980957,-0.1744032118,0.0006618924,-0.0008897569
558343.1700235900,9.7895812991,-0.0344848633,0.0625610352,-0.1744140625,0.0006727431,-0.0018880208
558343.1800235900,9.7880554202,-0.0479125977,0.0633239746,-0.1743923611,0.0006618924,-0.0009765625
558343.1900235900,9.7894287113,-0.0349426270,0.0630187988,-0.1743923611,0.0006510417,-0.0016710069
558343.2000235900,9.7871398929,-0.0477600098,0.0619506836,-0.1744249132,0.0006618924,-0.0013237847
558343.2100235900,9.7897338870,-0.0358581543,0.0619506836,-0.1743272569,0.0006727431,-0.0013346354
558343.2200235900,9.7882080081,-0.0431823730,0.0633239746,-0.1743272569,0.0006618924,-0.0016384549
558343.2300235900,9.7882080081,-0.0416564941,0.0633239746,-0.1743923611,0.0006618924,-0.0009982639
558343.2400235900,9.7889709476,-0.0396728516,0.0622558594,-0.1744032118,0.0006510417,-0.0018663194
558343.2500235901,9.7875976566,-0.0434875488,0.0616455078,-0.1744249132,0.0006727431,-0.0009440104
558343.2600235899,9.7895812991,-0.0358581543,0.0628662109,-0.1744466146,0.0006944444,-0.0018229167
558343.2700235900,9.7883605960,-0.0473022461,0.0634765625,-0.1744032118,0.0006510417,-0.0009657118
558343.2800235900,9.7892761234,-0.0344848633,0.0628662109,-0.1744357639,0.0006618924,-0.0017578125
558343.2900235900,9.7874450687,-0.0474548340,0.0616455078,-0.1743489583,0.0006401910,-0.0011718750
558343.3000235900,9.7897338870,-0.0346374512,0.0624084473,-0.1744140625,0.0006727431,-0.0014539931
558343.3100235900,9.7885131839,-0.0456237793,0.0630187988,-0.1744574653,0.0006618924,-0.0015190972
558343.3200235900,9.7885131839,-0.0389099121,0.0622558594,-0.1744466146,0.0006510417,-0.0010850694
558343.3300235900,9.7883605960,-0.0411987305,0.0622558594,-0.1744357639,0.0006618924,-0.0018229167
558343.3400235900,9.7875976566,-0.0428771973,0.0622558594,-0.1743381076,0.0006510417,-0.0009657118
558343.3500235900,9.7889709476,-0.0367736816,0.0631713867,-0.1743598090,0.0006944444,-0.0018554687
558343.3600235900,9.7871398929,-0.0463867188,0.0624084473,-0.1743489583,0.0006293403,-0.0009548611
558343.3700235900,9.7900390628,-0.0360107422,0.0619506836,-0.1744140625,0.0006727431,-0.0017578125
558343.3800235901,9.7869873050,-0.0469970703,0.0613403320,-0.1743598090,0.0006727431,-0.0011393229
558343.3900235899,9.7895812991,-0.0337219238,0.0631713867,-0.1744249132,0.0006618924,-0.0015407986
558343.4000235900,9.7882080081,-0.0463867188,0.0627136230,-0.1744249132,0.0006510417,-0.0014214410
558343.4100235900,9.7889709476,-0.0393676758,0.0617980957,-0.1743923611,0.0006618924,-0.0012044271
558343.4200235900,9.7882080081,-0.0415039063,0.0630187988,-0.1744249132,0.0006510417,-0.0017469618
558343.4300235900,9.7886657718,-0.0430297852,0.0624084473,-0.1743489583,0.0006510417,-0.0009223090
558343.4400235900,9.7889709476,-0.0369262695,0.0627136230,-0.1744574653,0.0006727431,-0.0019314236
558343.4500235900,9.7875976566,-0.0456237793,0.0634765625,-0.1744574653,0.0006727431,-0.0009006076
558343.4600235900,9.7895812991,-0.0352478027,0.0627136230,-0.1744574653,0.0006510417,-0.0018012153
558343.4700235900,9.7877502445,-0.0491333008,0.0608825684,-0.1744249132,0.0006618924,-0.0011284722
558343.4800235900,9.7892761234,-0.0340270996,0.0621032715,-0.1743923611,0.0006618924,-0.0015407986
558343.4900235900,9.7889709476,-0.0451660156,0.0633239746,-0.1743489583,0.0006835937,-0.0014865451
558343.5000235901,9.7886657718,-0.0390625000,0.0625610352,-0.1743381076,0.0006510417,-0.0010742187
558343.5100235899,9.7885131839,-0.0421142578,0.0619506836,-0.1744140625,0.0006727431,-0.0018337674
558343.5200235900,9.7875976566,-0.0436401367,0.0614929199,-0.1743489583,0.0006510417,-0.0009114583
558343.5300235900,9.7889709476,-0.0340270996,0.0628662109,-0.1743706597,0.0006618924,-0.0019097222
558343.5400235900,9.7879028324,-0.0483703613,0.0630187988,-0.1743598090,0.0006727431,-0.0009223090
558343.5500235900,9.7891235355,-0.0347900391,0.0621032715,-0.1743598090,0.0006510417,-0.0017578125
558343.5600235900,9.7879028324,-0.0482177734,0.0614929199,-0.1743923611,0.0006727431,-0.0012152778
558343.5700235900,9.7889709476,-0.0346374512,0.0621032715,-0.1744140625,0.0006618924,-0.0013780382
558343.5800235900,9.7885131839,-0.0440979004,0.0622558594,-0.1744140625,0.0006727431,-0.0015842014
558343.5900235900,9.7891235355,-0.0411987305,0.0622558594,-0.1744791667,0.0006401910,-0.0009982639
558343.6000235900,9.7886657718,-0.0395202637,0.0621032715,-0.1744791667,0.0006944444,-0.0019205729
558343.6100235900,9.7879028324,-0.0456237793,0.0624084473,-0.1744140625,0.0006401910,-0.0008897569
558343.6200235900,9.7889709476,-0.0350952148,0.0636291504,-0.1744357639,0.0006835937,-0.0018337674
558343.6300235901,9.7880554202,-0.0485229492,0.0628662109,-0.1744140625,0.0006510417,-0.0010416667
558343.6400235899,9.7891235355,-0.0355529785,0.0622558594,-0.1744140625,0.0006618924,-0.0016276042
558343.6500235900,9.7879028324,-0.0466918945,0.0608825684,-0.1743164062,0.0006835937,-0.0013237847
558343.6600235900,9.7888183597,-0.0355529785,0.0628662109,-0.1743706597,0.0006401910,-0.0013780382
558343.6700235900,9.7889709476,-0.0442504883,0.0631713867,-0.1744249132,0.0006835937,-0.0015516493
558343.6800235900,9.7888183597,-0.0407409668,0.0625610352,-0.1744032118,0.0006618924,-0.0011393229
558343.6900235900,9.7888183597,-0.0392150879,0.0613403320,-0.1744032118,0.0006618924,-0.0018012153
558343.7000235900,9.7875976566,-0.0422668457,0.0624084473,-0.1744032118,0.0006618924,-0.0009223090
558343.7100235900,9.7888183597,-0.0369262695,0.0633239746,-0.1744466146,0.0006727431,-0.0018446181
558343.7200235900,9.7879028324,-0.0483703613,0.0628662109,-0.1743706597,0.0006401910,-0.0009548611
558343.7300235900,9.7892761234,-0.0341796875,0.0619506836,-0.1744249132,0.0006727431,-0.0018120660
558343.7400235900,9.7874450687,-0.0474548340,0.0616455078,-0.1744466146,0.0006618924,-0.0011610243
558343.7500235901,9.7892761234,-0.0347900391,0.0633239746,-0.1744574653,0.0006835937,-0.0014214410
558343.7600235899,9.7889709476,-0.0459289551,0.0631713867,-0.1744900174,0.0006618924,-0.0015516493
558343.7700235900,9.7888183597,-0.0399780273,0.0619506836,-0.1744900174,0.0006510417,-0.0011176215
558343.7800235900,9.7888183597,-0.0387573242,0.0608825684,-0.1744357639,0.0006727431,-0.0018120660
558343.7900235900,9.7877502445,-0.0434875488,0.0622558594,-0.1743272569,0.0006510417,-0.0009223090
558343.8000235900,9.7891235355,-0.0372314453,0.0631713867,-0.1743923611,0.0006618924,-0.0018988715
558343.8100235900,9.7879028324,-0.0476074219,0.0622558594,-0.1741644965,0.0006618924,-0.0009657118
558343.8200235900,9.7891235355,-0.0331115723,0.0611877441,-0.1742513021,0.0006727431,-0.0017469618
558343.8300235900,9.7869873050,-0.0479125977,0.0621032715,-0.1744032118,0.0006835937,-0.0011393229
558343.8400235900,9.7894287113,-0.0361633301,0.0636291504,-0.1744357639,0.0006618924,-0.0015407986
558343.8500235900,9.7879028324,-0.0465393066,0.0621032715,-0.1744140625,0.0006727431,-0.0014105903
558343.8600235900,9.7891235355,-0.0367736816,0.0611877441,-0.1743706597,0.0006618924,-0.0012478299
558343.8700235900,9.7882080081,-0.0427246094,0.0624084473,-0.1744357639,0.0006727431,-0.0016927083
558343.8800235901,9.7879028324,-0.0436401367,0.0628662109,-0.1744249132,0.0006618924,-0.0009874132
558343.8900235899,9.7888183597,-0.0378417969,0.0630187988,-0.1744466146,0.0006618924,-0.0019422743
558343.9000235900,9.7875976566,-0.0448608398,0.0610351563,-0.1743923611,0.0006618924,-0.0008355035
558343.9100235900,9.7900390628,-0.0340270996,0.0619506836,-0.1744032118,0.0006618924,-0.0018554687
558343.9200235900,9.7869873050,-0.0497436523,0.0630187988,-0.1743272569,0.0006618924,-0.0011176215
558343.9300235900,9.7892761234,-0.0340270996,0.0631713867,-0.1743381076,0.0006510417,-0.0015299479
558343.9400235900,9.7874450687,-0.0450134277,0.0607299805,-0.1743164062,0.0006727431,-0.0015082465
558343.9500235900,9.7889709476,-0.0387573242,0.0621032715,-0.1744032118,0.0006618924,-0.0010742187
558343.9600235900,9.7885131839,-0.0413513184,0.0630187988,-0.1744900174,0.0006835937,-0.0018229167
558343.9700235900,9.7879028324,-0.0450134277,0.0625610352,-0.1744357639,0.0006510417,-0.0009440104
558343.9800235900,9.7892761234,-0.0349426270,0.0621032715,-0.1744466146,0.0006835937,-0.0018988715
558343.9900235900,9.7883605960,-0.0474548340,0.0617980957,-0.1744249132,0.0006618924,-0.0009440104
558344.0000235901,9.7894287113,-0.0350952148,0.0625610352,-0.1744032118,0.0006510417,-0.0017361111
558344.0100235899,9.7875976566,-0.0477600098,0.0624084473,-0.1746744792,0.0006727431,-0.0012369792
558344.0200235900,9.7885131839,-0.0349426270,0.0611877441,-0.1744032118,0.0006401910,-0.0014322917
558344.0300235900,9.7877502445,-0.0442504883,0.0610351563,-0.1744140625,0.0006944444,-0.0015082465
558344.0400235900,9.7886657718,-0.0396728516,0.0630187988,-0.1744140625,0.0006510417,-0.0011176215
558344.0500235900,9.7882080081,-0.0427246094,0.0628662109,-0.1744140625,0.0006618924,-0.0018229167
558344.0600235900,9.7877502445,-0.0428771973,0.0610351563,-0.1743598090,0.0006293403,-0.0009657118
558344.0700235900,9.7888183597,-0.0350952148,0.0619506836,-0.1743381076,0.0006727431,-0.0019097222
558344.0800235900,9.7882080081,-0.0483703613,0.0625610352,-0.1743272569,0.0006618924,-0.0009440104
558344.0900235900,9.7892761234,-0.0349426270,0.0633239746,-0.1743381076,0.0006618924,-0.0017578125
558344.1000235900,9.7882080081,-0.0474548340,0.0614929199,-0.1743923611,0.0006727431,-0.0012152778
558344.1100235910,9.7885131839,-0.0340270996,0.0611877441,-0.1744140625,0.0006510417,-0.0013888889
558344.1200235910,9.7880554202,-0.0442504883,0.0619506836,-0.1744357639,0.0006944444,-0.0015625000
558344.1300235910,9.7883605960,-0.0405883789,0.0627136230,-0.1744466146,0.0006510417,-0.0010850694
558344.1400235910,9.7886657718,-0.0402832031,0.0617980957,-0.1744900174,0.0006944444,-0.0018880208
558344.1500235910,9.7874450687,-0.0437927246,0.0608825684,-0.1744466146,0.0006510417,-0.0008680556
558344.1600235910,9.7895812991,-0.0350952148,0.0630187988,-0.1744140625,0.0006835937,-0.0018880208
558344.1700235910,9.7875976566,-0.0488281250,0.0633239746,-0.1744466146,0.0006510417,-0.0009657118
558344.1800235910,9.7892761234,-0.0341796875,0.0627136230,-0.1744466146,0.0006727431,-0.0017361111
558344.1900235910,9.7879028324,-0.0473022461,0.0616455078,-0.1743706597,0.0006510417,-0.0012695312
558344.2000235911,9.7894287113,-0.0361633301,0.0621032715,-0.1743923611,0.0006618924,-0.0013454861
558344.2100235909,9.7883605960,-0.0439453125,0.0621032715,-0.1744032118,0.0006727431,-0.0016384549
558344.2200235910,9.7889709476,-0.0402832031,0.0617980957,-0.1744032118,0.0006510417,-0.0010416667
558344.2300235910,9.7886657718,-0.0373840332,0.0621032715,-0.1744357639,0.0006835937,-0.0018229167
558344.2400235910,9.7882080081,-0.0447082520,0.0616455078,-0.1744032118,0.0006618924,-0.0009657118
558344.2500235910,9.7892761234,-0.0381469727,0.0624084473,-0.1744249132,0.0006835937,-0.0018337674
558344.2600235910,9.7872924808,-0.0460815430,0.0622558594,-0.1744032118,0.0006510417,-0.0010091146
558344.2700235910,9.7892761234,-0.0350952148,0.0621032715,-0.1744140625,0.0006727431,-0.0017578125
558344.2800235910,9.7872924808,-0.0483703613,0.0619506836,-0.1743489583,0.0006727431,-0.0011284722
558344.2900235910,9.7901916507,-0.0346374512,0.0633239746,-0.1744140625,0.0006727431,-0.0015733507
558344.3000235910,9.7889709476,-0.0457763672,0.0622558594,-0.1743923611,0.0006618924,-0.0014105903
558344.3100235910,9.7889709476,-0.0375366211,0.0613403320,-0.1743598090,0.0006835937,-0.0012044271
558344.3200235910,9.7886657718,-0.0418090820,0.0617980957,-0.1743706597,0.0006618924,-0.0017361111
558344.3300235911,9.7874450687,-0.0425720215,0.0619506836,-0.1743055555,0.0006510417,-0.0009657118
558344.3400235910,9.7885131839,-0.0369262695,0.0622558594,-0.1743706597,0.0006618924,-0.0018880208
558344.3500235910,9.7875976566,-0.0463867188,0.0621032715,-0.1744032118,0.0006618924,-0.0009440104
558344.3600235910,9.7892761234,-0.0354003906,0.0617980957,-0.1744249132,0.0006944444,-0.0018120660
558344.3700235910,9.7872924808,-0.0488281250,0.0625610352,-0.1743923611,0.0006401910,-0.0010959201
558344.3800235910,9.7891235355,-0.0338745117,0.0634765625,-0.1744140625,0.0006727431,-0.0015625000
558344.3900235910,9.7885131839,-0.0457763672,0.0614929199,-0.1744140625,0.0006618924,-0.0014214410
558344.4000235910,9.7885131839,-0.0379943848,0.0610351563,-0.1744249132,0.0006727431,-0.0012152778
558344.4100235910,9.7886657718,-0.0418090820,0.0616455078,-0.1744140625,0.0006835937,-0.0017252604
558344.4200235910,9.7879028324,-0.0419616699,0.0617980957,-0.1744140625,0.0006618924,-0.0009657118
558344.4300235910,9.7886657718,-0.0370788574,0.0617980957,-0.1744791667,0.0006835937,-0.0018880208
558344.4400235910,9.7879028324,-0.0469970703,0.0621032715,-0.1744357639,0.0006510417,-0.0009114583
558344.4500235911,9.7888183597,-0.0357055664,0.0624084473,-0.1743706597,0.0006727431,-0.0018229167
558344.4600235909,9.7869873050,-0.0488281250,0.0624084473,-0.1743598090,0.0006618924,-0.0011393229
558344.4700235910,9.7888183597,-0.0338745117,0.0624084473,-0.1743598090,0.0006727431,-0.0015407986
558344.4800235910,9.7883605960,-0.0456237793,0.0614929199,-0.1743489583,0.0006618924,-0.0014865451
558344.4900235910,9.7891235355,-0.0392150879,0.0610351563,-0.1743706597,0.0006727431,-0.0011501736
558344.5000235910,9.7886657718,-0.0410461426,0.0619506836,-0.1744249132,0.0006727431,-0.0017795139
558344.5100235910,9.7883605960,-0.0416564941,0.0622558594,-0.1743923611,0.0006293403,-0.0009657118
558344.5200235910,9.7894287113,-0.0366210938,0.0621032715,-0.1743923611,0.0006835937,-0.0018554687
558344.5300235910,9.7875976566,-0.0465393066,0.0613403320,-0.1744140625,0.0006618924,-0.0009440104
558344.5400235910,9.7886657718,-0.0360107422,0.0625610352,-0.1743489583,0.0006944444,-0.0018554687
558344.5500235910,9.7866821292,-0.0480651855,0.0624084473,-0.1743489583,0.0006510417,-0.0010633681
558344.5600235910,9.7889709476,-0.0343322754,0.0622558594,-0.1744140625,0.0006727431,-0.0015950521
558344.5700235910,9.7879028324,-0.0463867188,0.0619506836,-0.1744140625,0.0006944444,-0.0013997396
558344.5800235911,9.7892761234,-0.0379943848,0.0621032715,-0.1744140625,0.0006510417,-0.0012261285
558344.5900235910,9.7885131839,-0.0421142578,0.0619506836,-0.1743923611,0.0006618924,-0.0017469618
558344.6000235910,9.7882080081,-0.0415039063,0.0608825684,-0.1743598090,0.0006510417,-0.0010308160
558344.6100235910,9.7882080081,-0.0384521484,0.0617980957,-0.1743272569,0.0006727431,-0.0018337674
558344.6200235910,9.7883605960,-0.0460815430,0.0621032715,-0.1743706597,0.0006727431,-0.0009223090
558344.6300235910,9.7889709476,-0.0349426270,0.0627136230,-0.1744249132,0.0006835937,-0.0018554687
558344.6400235910,9.7869873050,-0.0479125977,0.0617980957,-0.1744032118,0.0006618924,-0.0010416667
558344.6500235910,9.7891235355,-0.0337219238,0.0619506836,-0.1744900174,0.0006944444,-0.0016276042
558344.6600235910,9.7875976566,-0.0468444824,0.0616455078,-0.1744574653,0.0006618924,-0.0014322917
558344.6700235910,9.7897338870,-0.0379943848,0.0630187988,-0.1744249132,0.0006618924,-0.0011718750
558344.6800235910,9.7888183597,-0.0408935547,0.0616455078,-0.1744466146,0.0006727431,-0.0018120660
558344.6900235910,9.7882080081,-0.0427246094,0.0607299805,-0.1744032118,0.0006618924,-0.0009006076
558344.7000235911,9.7895812991,-0.0375366211,0.0610351563,-0.1744574653,0.0006727431,-0.0018988715
558344.7100235909,9.7880554202,-0.0479125977,0.0617980957,-0.1744574653,0.0006618924,-0.0009765625
558344.7200235910,9.7885131839,-0.0340270996,0.0624084473,-0.1744140625,0.0006618924,-0.0017578125
558344.7300235910,9.7869873050,-0.0477600098,0.0614929199,-0.1743706597,0.0006618924,-0.0012369792
558344.7400235910,9.7889709476,-0.0352478027,0.0617980957,-0.1743381076,0.0006727431,-0.0013997396
558344.7500235910,9.7885131839,-0.0448608398,0.0614929199,-0.1744032118,0.0006727431,-0.0015842014
558344.7600235910,9.7891235355,-0.0411987305,0.0621032715,-0.1744249132,0.0006835937,-0.0010633681
558344.7700235910,9.7891235355,-0.0386047363,0.0622558594,-0.1744466146,0.0006727431,-0.0018880208
558344.7800235910,9.7879028324,-0.0444030762,0.0607299805,-0.1744466146,0.0006618924,-0.0008897569
558344.7900235910,9.7898864749,-0.0360107422,0.0619506836,-0.1744466146,0.0006727431,-0.0018663194
558344.8000235910,9.7885131839,-0.0480651855,0.0624084473,-0.1744249132,0.0006618924,-0.0009982639
558344.8100235910,9.7891235355,-0.0349426270,0.0624084473,-0.1743489583,0.0006727431,-0.0017252604
558344.8200235910,9.7877502445,-0.0465393066,0.0610351563,-0.1743706597,0.0006510417,-0.0011718750
558344.8300235911,9.7894287113,-0.0343322754,0.0611877441,-0.1743706597,0.0006835937,-0.0014865451
558344.8400235910,9.7875976566,-0.0463867188,0.0614929199,-0.1743706597,0.0006727431,-0.0014865451
558344.8500235910,9.7886657718,-0.0395202637,0.0624084473,-0.1743923611,0.0006727431,-0.0011718750
558344.8600235910,9.7900390628,-0.0407409668,0.0617980957,-0.1744140625,0.0006618924,-0.0017795139
558344.8700235910,9.7880554202,-0.0428771973,0.0613403320,-0.1743598090,0.0006727431,-0.0009548611
558344.8800235910,9.7900390628,-0.0372314453,0.0628662109,-0.1743489583,0.0006835937,-0.0018988715
558344.8900235910,9.7882080081,-0.0479125977,0.0617980957,-0.1743923611,0.0006510417,-0.0009223090
558344.9000235910,9.7897338870,-0.0349426270,0.0608825684,-0.1743706597,0.0006727431,-0.0018337674
558344.9100235910,9.7869873050,-0.0463867188,0.0607299805,-0.1743706597,0.0006727431,-0.0011176215
558344.9200235910,9.7889709476,-0.0331115723,0.0625610352,-0.1743923611,0.0006618924,-0.0015516493
558344.9300235910,9.7885131839,-0.0476074219,0.0619506836,-0.1743598090,0.0006835937,-0.0014431424
558344.9400235910,9.7883605960,-0.0392150879,0.0604248047,-0.1744032118,0.0006618924,-0.0012152778
558344.9500235911,9.7886657718,-0.0396728516,0.0617980957,-0.1743489583,0.0006727431,-0.0017469618
558344.9600235909,9.7879028324,-0.0415039063,0.0621032715,-0.1744032118,0.0006618924,-0.0009548611
558344.9700235910,9.7891235355,-0.0396728516,0.0625610352,-0.1744574653,0.0006835937,-0.0018880208
558344.9800235910,9.7877502445,-0.0477600098,0.0602722168,-0.1744466146,0.0006510417,-0.0009440104
558344.9900235910,9.7897338870,-0.0334167480,0.0611877441,-0.1744249132,0.0006835937,-0.0018663194
558345.0000235910,9.7872924808,-0.0460815430,0.0624084473,-0.1744357639,0.0006727431,-0.0010525174
558345.0100235910,9.7889709476,-0.0343322754,0.0628662109,-0.1746961805,0.0006835937,-0.0016167535
558345.0200235910,9.7874450687,-0.0482177734,0.0608825684,-0.1743489583,0.0006727431,-0.0013997396
558345.0300235910,9.7883605960,-0.0375366211,0.0605773926,-0.1743489583,0.0006618924,-0.0012044271
558345.0400235910,9.7880554202,-0.0410461426,0.0614929199,-0.1743272569,0.0006727431,-0.0018120660
558345.0500235910,9.7871398929,-0.0439453125,0.0619506836,-0.1743598090,0.0006510417,-0.0008680556
558345.0600235910,9.7889709476,-0.0367736816,0.0616455078,-0.1744357639,0.0006835937,-0.0019748264
558345.0700235910,9.7877502445,-0.0476074219,0.0613403320,-0.1744249132,0.0006835937,-0.0009548611
558345.0800235911,9.7895812991,-0.0338745117,0.0625610352,-0.1744357639,0.0006835937,-0.0017578125
558345.0900235910,9.7875976566,-0.0473022461,0.0617980957,-0.1744466146,0.0006618924,-0.0011827257
558345.1000235910,9.7883605960,-0.0346374512,0.0616455078,-0.1744249132,0.0006727431,-0.0014865451
558345.1100235910,9.7883605960,-0.0460815430,0.0616455078,-0.1744032118,0.0006727431,-0.0015082465
558345.1200235910,9.7886657718,-0.0398254395,0.0613403320,-0.1744032118,0.0006618924,-0.0011501736
558345.1300235910,9.7879028324,-0.0399780273,0.0622558594,-0.1744357639,0.0006944444,-0.0018120660
558345.1400235910,9.7875976566,-0.0433349609,0.0616455078,-0.1743381076,0.0006510417,-0.0009223090
558345.1500235910,9.7891235355,-0.0366210938,0.0608825684,-0.1743706597,0.0007161458,-0.0018988715
558345.1600235910,9.7877502445,-0.0471496582,0.0621032715,-0.1743598090,0.0006510417,-0.0009440104
558345.1700235910,9.7897338870,-0.0349426270,0.0614929199,-0.1743055555,0.0006835937,-0.0017686632
558345.1800235910,9.7871398929,-0.0471496582,0.0611877441,-0.1742621528,0.0006618924,-0.0012261285
558345.1900235920,9.7895812991,-0.0347900391,0.0610351563,-0.1743489583,0.0006618924,-0.0014431424
558345.2000235920,9.7875976566,-0.0448608398,0.0610351563,-0.1744032118,0.0006727431,-0.0015842014
558345.2100235920,9.7883605960,-0.0405883789,0.0621032715,-0.1744466146,0.0006618924,-0.0010416667
558345.2200235920,9.7888183597,-0.0393676758,0.0619506836,-0.1744791667,0.0006835937,-0.0019097222
558345.2300235920,9.7882080081,-0.0440979004,0.0607299805,-0.1744466146,0.0006727431,-0.0008789062
558345.2400235920,9.7892761234,-0.0349426270,0.0617980957,-0.1745225694,0.0006835937,-0.0018988715
558345.2500235920,9.7869873050,-0.0488281250,0.0619506836,-0.1744249132,0.0006618924,-0.0009874132
558345.2600235920,9.7895812991,-0.0355529785,0.0613403320,-0.1744357639,0.0006727431,-0.0017361111
558345.2700235920,9.7875976566,-0.0463867188,0.0608825684,-0.1743489583,0.0006727431,-0.0012586806
558345.2800235919,9.7892761234,-0.0347900391,0.0619506836,-0.1743164062,0.0006727431,-0.0014105903
558345.2900235920,9.7886657718,-0.0459289551,0.0614929199,-0.1743923611,0.0007269965,-0.0015190972
558345.3000235920,9.7885131839,-0.0408935547,0.0613403320,-0.1744032118,0.0006401910,-0.0011393229
558345.3100235920,9.7892761234,-0.0398254395,0.0611877441,-0.1744032118,0.0006727431,-0.0018446181
558345.3200235920,9.7877502445,-0.0411987305,0.0616455078,-0.1743381076,0.0006618924,-0.0009223090
558345.3300235920,9.7892761234,-0.0367736816,0.0616455078,-0.1743272569,0.0006835937,-0.0018988715
558345.3400235920,9.7879028324,-0.0486755371,0.0613403320,-0.1743706597,0.0006727431,-0.0009440104
558345.3500235920,9.7891235355,-0.0341796875,0.0613403320,-0.1744249132,0.0006835937,-0.0018120660
558345.3600235920,9.7872924808,-0.0469970703,0.0607299805,-0.1744032118,0.0006618924,-0.0011610243
558345.3700235920,9.7895812991,-0.0355529785,0.0614929199,-0.1744466146,0.0006727431,-0.0014539931
558345.3800235920,9.7879028324,-0.0468444824,0.0616455078,-0.1744032118,0.0006727431,-0.0014973958
558345.3900235920,9.7894287113,-0.0395202637,0.0610351563,-0.1744249132,0.0006618924,-0.0012152778
558345.4000235921,9.7885131839,-0.0396728516,0.0614929199,-0.1743923611,0.0006835937,-0.0017578125
558345.4100235919,9.7882080081,-0.0422668457,0.0608825684,-0.1743381076,0.0006727431,-0.0009548611
558345.4200235920,9.7888183597,-0.0381469727,0.0611877441,-0.1744032118,0.0006835937,-0.0018554687
558345.4300235920,9.7889709476,-0.0459289551,0.0616455078,-0.1744249132,0.0006727431,-0.0009657118
558345.4400235920,9.7891235355,-0.0340270996,0.0611877441,-0.1743706597,0.0006727431,-0.0018337674
558345.4500235920,9.7875976566,-0.0477600098,0.0608825684,-0.1743598090,0.0006727431,-0.0010742187
558345.4600235920,9.7898864749,-0.0341796875,0.0621032715,-0.1743923611,0.0006727431,-0.0016384549
558345.4700235920,9.7874450687,-0.0485229492,0.0614929199,-0.1743598090,0.0006835937,-0.0014105903
558345.4800235920,9.7900390628,-0.0364685059,0.0616455078,-0.1744249132,0.0006727431,-0.0011827257
558345.4900235920,9.7888183597,-0.0396728516,0.0608825684,-0.1744574653,0.0006944444,-0.0018120660
558345.5000235920,9.7880554202,-0.0437927246,0.0616455078,-0.1744249132,0.0006727431,-0.0009223090
558345.5100235920,9.7889709476,-0.0373840332,0.0625610352,-0.1744574653,0.0006727431,-0.0019205729
558345.5200235920,9.7880554202,-0.0456237793,0.0621032715,-0.1744466146,0.0006618924,-0.0009657118
558345.5300235919,9.7889709476,-0.0335693359,0.0610351563,-0.1744249132,0.0006835937,-0.0018012153
558345.5400235920,9.7872924808,-0.0486755371,0.0602722168,-0.1744140625,0.0006727431,-0.0011393229
558345.5500235920,9.7892761234,-0.0344848633,0.0617980957,-0.1744357639,0.0006944444,-0.0015190972
558345.5600235920,9.7886657718,-0.0454711914,0.0624084473,-0.1744032118,0.0006835937,-0.0014865451
558345.5700235920,9.7885131839,-0.0382995605,0.0616455078,-0.1744032118,0.0006727431,-0.0011610243
558345.5800235920,9.7882080081,-0.0407409668,0.0613403320,-0.1744032118,0.0006835937,-0.0018337674
558345.5900235920,9.7871398929,-0.0447082520,0.0611877441,-0.1743164062,0.0006401910,-0.0009006076
558345.6000235920,9.7891235355,-0.0350952148,0.0611877441,-0.1743489583,0.0006944444,-0.0019856771
558345.6100235920,9.7879028324,-0.0469970703,0.0621032715,-0.1743272569,0.0006618924,-0.0009223090
558345.6200235920,9.7897338870,-0.0334167480,0.0610351563,-0.1743706597,0.0006944444,-0.0017252604
558345.6300235920,9.7877502445,-0.0482177734,0.0602722168,-0.1744140625,0.0006727431,-0.0013346354
558345.6400235920,9.7889709476,-0.0361633301,0.0616455078,-0.1744032118,0.0006835937,-0.0013129340
558345.6500235921,9.7885131839,-0.0415039063,0.0621032715,-0.1744466146,0.0006835937,-0.0017252604
558345.6600235919,9.7883605960,-0.0427246094,0.0617980957,-0.1744249132,0.0006293403,-0.0009874132
558345.6700235920,9.7889709476,-0.0390625000,0.0601196289,-0.1743923611,0.0006944444,-0.0018880208
558345.6800235920,9.7874450687,-0.0444030762,0.0613403320,-0.1743923611,0.0006618924,-0.0009548611
558345.6900235920,9.7895812991,-0.0341796875,0.0628662109,-0.1744032118,0.0007161458,-0.0018446181
558345.7000235920,9.7875976566,-0.0485229492,0.0613403320,-0.1744466146,0.0006618924,-0.0010091146
558345.7100235920,9.7900390628,-0.0352478027,0.0601196289,-0.1744140625,0.0006727431,-0.0016818576
558345.7200235920,9.7872924808,-0.0447082520,0.0613403320,-0.1743706597,0.0006835937,-0.0013780382
558345.7300235920,9.7883605960,-0.0358581543,0.0627136230,-0.1743489583,0.0006727431,-0.0012369792
558345.7400235920,9.7883605960,-0.0431823730,0.0617980957,-0.1743489583,0.0006618924,-0.0017578125
558345.7500235920,9.7877502445,-0.0437927246,0.0596618652,-0.1743598090,0.0006727431,-0.0009657118
558345.7600235920,9.7892761234,-0.0361633301,0.0607299805,-0.1743598090,0.0007269965,-0.0019205729
558345.7700235920,9.7868347171,-0.0437927246,0.0625610352,-0.1743923611,0.0006727431,-0.0009440104
558345.7800235919,9.7898864749,-0.0357055664,0.0627136230,-0.1744140625,0.0006944444,-0.0018229167
558345.7900235920,9.7879028324,-0.0489807129,0.0610351563,-0.1744032118,0.0006618924,-0.0011284722
558345.8000235920,9.7898864749,-0.0334167480,0.0607299805,-0.1744140625,0.0006944444,-0.0015950521
558345.8100235920,9.7879028324,-0.0450134277,0.0610351563,-0.1743489583,0.0006727431,-0.0013346354
558345.8200235920,9.7886657718,-0.0367736816,0.0617980957,-0.1745117187,0.0006727431,-0.0013129340
558345.8300235920,9.7892761234,-0.0450134277,0.0617980957,-0.1745985243,0.0006835937,-0.0016601562
558345.8400235920,9.7880554202,-0.0399780273,0.0605773926,-0.1745225694,0.0006618924,-0.0010742187
558345.8500235920,9.7889709476,-0.0379943848,0.0610351563,-0.1744357639,0.0007269965,-0.0018120660
558345.8600235920,9.7879028324,-0.0442504883,0.0622558594,-0.1743164062,0.0006510417,-0.0009657118
558345.8700235920,9.7895812991,-0.0381469727,0.0610351563,-0.1742730035,0.0007161458,-0.0018880208
558345.8800235920,9.7877502445,-0.0463867188,0.0604248047,-0.1742838542,0.0006510417,-0.0010091146
558345.8900235920,9.7894287113,-0.0338745117,0.0608825684,-0.1743923611,0.0007161458,-0.0017361111
558345.9000235921,9.7882080081,-0.0473022461,0.0616455078,-0.1743598090,0.0006727431,-0.0011393229
558345.9100235919,9.7891235355,-0.0354003906,0.0621032715,-0.1744357639,0.0006835937,-0.0015625000
558345.9200235920,9.7885131839,-0.0450134277,0.0604248047,-0.1744357639,0.0006835937,-0.0014865451
558345.9300235920,9.7889709476,-0.0364685059,0.0598144531,-0.1744574653,0.0006727431,-0.0011827257
558345.9400235920,9.7882080081,-0.0413513184,0.0624084473,-0.1744140625,0.0007269965,-0.0017578125
558345.9500235920,9.7875976566,-0.0444030762,0.0619506836,-0.1743706597,0.0006618924,-0.0009223090
558345.9600235920,9.7889709476,-0.0372314453,0.0607299805,-0.1744140625,0.0006835937,-0.0019422743
558345.9700235920,9.7879028324,-0.0454711914,0.0602722168,-0.1744032118,0.0006835937,-0.0009440104
558345.9800235920,9.7889709476,-0.0343322754,0.0617980957,-0.1744140625,0.0006944444,-0.0018012153
558345.9900235920,9.7877502445,-0.0486755371,0.0617980957,-0.1743489583,0.0006727431,-0.0011284722
558346.0000235920,9.7897338870,-0.0354003906,0.0621032715,-0.1743381076,0.0006835937,-0.0015733507
558346.0100235920,9.7885131839,-0.0451660156,0.0607299805,-0.1745768229,0.0006944444,-0.0014539931
558346.0200235920,9.7889709476,-0.0366210938,0.0610351563,-0.1743598090,0.0006727431,-0.0012044271
558346.0300235919,9.7891235355,-0.0422668457,0.0613403320,-0.1744466146,0.0007161458,-0.0018229167
558346.0400235920,9.7883605960,-0.0447082520,0.0614929199,-0.1744466146,0.0006618924,-0.0008897569
558346.0500235920,9.7885131839,-0.0347900391,0.0607299805,-0.1745008680,0.0006835937,-0.0019965278
558346.0600235920,9.7877502445,-0.0473022461,0.0607299805,-0.1744466146,0.0006835937,-0.0009114583
558346.0700235920,9.7889709476,-0.0338745117,0.0614929199,-0.1744466146,0.0006944444,-0.0017686632
558346.0800235920,9.7875976566,-0.0489807129,0.0613403320,-0.1743923611,0.0006727431,-0.0012478299
558346.0900235920,9.7891235355,-0.0350952148,0.0605773926,-0.1744140625,0.0006835937,-0.0013997396
558346.1000235920,9.7885131839,-0.0431823730,0.0607299805,-0.1744466146,0.0006835937,-0.0015950521
558346.1100235920,9.7883605960,-0.0415039063,0.0610351563,-0.1744466146,0.0006727431,-0.0010525174
558346.1200235920,9.7892761234,-0.0401306152,0.0611877441,-0.1744249132,0.0006835937,-0.0018988715
558346.1300235920,9.7879028324,-0.0436401367,0.0613403320,-0.1743055555,0.0006835937,-0.0009114583
558346.1400235920,9.7892761234,-0.0352478027,0.0611877441,-0.1743598090,0.0006835937,-0.0018554687
558346.1500235921,9.7869873050,-0.0476074219,0.0608825684,-0.1743164062,0.0006835937,-0.0010091146
558346.1600235919,9.7897338870,-0.0354003906,0.0613403320,-0.1743706597,0.0006727431,-0.0017469618
558346.1700235920,9.7877502445,-0.0462341309,0.0604248047,-0.1744032118,0.0006727431,-0.0012152778
558346.1800235920,9.7895812991,-0.0337219238,0.0610351563,-0.1744357639,0.0006944444,-0.0014973958
558346.1900235920,9.7877502445,-0.0454711914,0.0607299805,-0.1744140625,0.0006727431,-0.0014756944
558346.2000235920,9.7885131839,-0.0396728516,0.0611877441,-0.1743706597,0.0006835937,-0.0012044271
558346.2100235920,9.7885131839,-0.0408935547,0.0610351563,-0.1744466146,0.0006835937,-0.0017795139
558346.2200235920,9.7877502445,-0.0411987305,0.0607299805,-0.1744466146,0.0006618924,-0.0009548611
558346.2300235920,9.7888183597,-0.0369262695,0.0611877441,-0.1744357639,0.0006835937,-0.0018880208
558346.2400235920,9.7877502445,-0.0479125977,0.0610351563,-0.1744466146,0.0006727431,-0.0009657118
558346.2500235920,9.7895812991,-0.0349426270,0.0608825684,-0.1744466146,0.0006944444,-0.0018554687
558346.2600235930,9.7882080081,-0.0459289551,0.0608825684,-0.1744249132,0.0006727431,-0.0011501736
558346.2700235930,9.7892761234,-0.0343322754,0.0611877441,-0.1743923611,0.0006944444,-0.0015082465
558346.2800235930,9.7879028324,-0.0469970703,0.0607299805,-0.1743489583,0.0006835937,-0.0014648437
558346.2900235930,9.7882080081,-0.0386047363,0.0611877441,-0.1744032118,0.0006835937,-0.0012478299
558346.3000235930,9.7882080081,-0.0402832031,0.0608825684,-0.1744032118,0.0006727431,-0.0018012153
558346.3100235930,9.7879028324,-0.0421142578,0.0601196289,-0.1743923611,0.0006835937,-0.0009223090
558346.3200235930,9.7892761234,-0.0384521484,0.0607299805,-0.1744249132,0.0006944444,-0.0019205729
558346.3300235930,9.7880554202,-0.0459289551,0.0619506836,-0.1744466146,0.0006835937,-0.0009765625
558346.3400235930,9.7895812991,-0.0337219238,0.0619506836,-0.1743923611,0.0006727431,-0.0018012153
558346.3500235931,9.7871398929,-0.0454711914,0.0599670410,-0.1744032118,0.0006835937,-0.0010850694
558346.3600235929,9.7895812991,-0.0357055664,0.0610351563,-0.1744466146,0.0006835937,-0.0016059028
558346.3700235930,9.7869873050,-0.0483703613,0.0604248047,-0.1744032118,0.0006727431,-0.0013780382
558346.3800235930,9.7888183597,-0.0358581543,0.0613403320,-0.1744466146,0.0006835937,-0.0013671875
558346.3900235930,9.7888183597,-0.0416564941,0.0604248047,-0.1744357639,0.0006510417,-0.0016493056
558346.4000235930,9.7883605960,-0.0416564941,0.0613403320,-0.1743598090,0.0006727431,-0.0009982639
558346.4100235930,9.7891235355,-0.0395202637,0.0607299805,-0.1743598090,0.0006835937,-0.0019205729
558346.4200235930,9.7879028324,-0.0448608398,0.0614929199,-0.1743489583,0.0006727431,-0.0008897569
558346.4300235930,9.7898864749,-0.0337219238,0.0607299805,-0.1743923611,0.0006835937,-0.0018663194
558346.4400235930,9.7871398929,-0.0485229492,0.0605773926,-0.1744032118,0.0006727431,-0.0010850694
558346.4500235930,9.7901916507,-0.0341796875,0.0605773926,-0.1744249132,0.0006835937,-0.0016059028
558346.4600235930,9.7875976566,-0.0460815430,0.0608825684,-0.1744140625,0.0006727431,-0.0014105903
558346.4700235931,9.7891235355,-0.0370788574,0.0614929199,-0.1744466146,0.0006944444,-0.0012912326
558346.4800235929,9.7882080081,-0.0427246094,0.0614929199,-0.1744574653,0.0006727431,-0.0016710069
558346.4900235930,9.7886657718,-0.0416564941,0.0604248047,-0.1743706597,0.0006727431,-0.0010308160
558346.5000235930,9.7888183597,-0.0375366211,0.0611877441,-0.1744574653,0.0007161458,-0.0018988715
558346.5100235930,9.7879028324,-0.0436401367,0.0610351563,-0.1744574653,0.0006618924,-0.0009114583
558346.5200235930,9.7895812991,-0.0358581543,0.0611877441,-0.1743706597,0.0006944444,-0.0019097222
558346.5300235930,9.7872924808,-0.0483703613,0.0605773926,-0.1743923611,0.0006618924,-0.0009765625
558346.5400235930,9.7900390628,-0.0326538086,0.0613403320,-0.1744032118,0.0006944444,-0.0017469618
558346.5500235930,9.7872924808,-0.0463867188,0.0613403320,-0.1744032118,0.0006835937,-0.0012478299
558346.5600235930,9.7891235355,-0.0364685059,0.0619506836,-0.1743598090,0.0006835937,-0.0013997396
558346.5700235930,9.7880554202,-0.0462341309,0.0604248047,-0.1743706597,0.0006727431,-0.0015842014
558346.5800235930,9.7888183597,-0.0381469727,0.0607299805,-0.1743706597,0.0006835937,-0.0011393229
558346.5900235930,9.7894287113,-0.0381469727,0.0599670410,-0.1744032118,0.0007161458,-0.0017795139
558346.6000235931,9.7882080081,-0.0445556641,0.0613403320,-0.1744140625,0.0006835937,-0.0009548611
558346.6100235929,9.7894287113,-0.0381469727,0.0616455078,-0.1744357639,0.0006944444,-0.0018880208
558346.6200235930,9.7874450687,-0.0447082520,0.0610351563,-0.1744900174,0.0006727431,-0.0009765625
558346.6300235930,9.7892761234,-0.0321960449,0.0607299805,-0.1744249132,0.0007161458,-0.0017795139
558346.6400235930,9.7877502445,-0.0480651855,0.0604248047,-0.1744466146,0.0006618924,-0.0011827257
558346.6500235930,9.7895812991,-0.0360107422,0.0610351563,-0.1744466146,0.0006944444,-0.0014648437
558346.6600235930,9.7883605960,-0.0440979004,0.0604248047,-0.1744466146,0.0006835937,-0.0015516493
558346.6700235930,9.7889709476,-0.0375366211,0.0611877441,-0.1744140625,0.0006727431,-0.0011284722
558346.6800235930,9.7891235355,-0.0405883789,0.0605773926,-0.1744140625,0.0006944444,-0.0017795139
558346.6900235930,9.7883605960,-0.0444030762,0.0607299805,-0.1743706597,0.0006727431,-0.0009765625
558346.7000235930,9.7886657718,-0.0375366211,0.0602722168,-0.1743272569,0.0006944444,-0.0019205729
558346.7100235930,9.7874450687,-0.0453186035,0.0607299805,-0.1744032118,0.0006727431,-0.0009548611
558346.7200235931,9.7895812991,-0.0335693359,0.0605773926,-0.1744032118,0.0006835937,-0.0018229167
558346.7300235929,9.7874450687,-0.0482177734,0.0607299805,-0.1744032118,0.0006944444,-0.0011393229
558346.7400235930,9.7897338870,-0.0347900391,0.0622558594,-0.1744574653,0.0006835937,-0.0015625000
558346.7500235930,9.7879028324,-0.0462341309,0.0596618652,-0.1744357639,0.0006944444,-0.0014648437
558346.7600235930,9.7888183597,-0.0370788574,0.0596618652,-0.1744140625,0.0006835937,-0.0012478299
558346.7700235930,9.7885131839,-0.0419616699,0.0608825684,-0.1744357639,0.0006835937,-0.0017252604
558346.7800235930,9.7885131839,-0.0424194336,0.0617980957,-0.1743489583,0.0006727431,-0.0010525174
558346.7900235930,9.7886657718,-0.0392150879,0.0605773926,-0.1744140625,0.0006944444,-0.0018446181
558346.8000235930,9.7879028324,-0.0437927246,0.0593566895,-0.1744140625,0.0006618924,-0.0009440104
558346.8100235930,9.7895812991,-0.0355529785,0.0607299805,-0.1744574653,0.0007269965,-0.0018446181
558346.8200235930,9.7879028324,-0.0468444824,0.0613403320,-0.1744249132,0.0006618924,-0.0010091146
558346.8300235930,9.7889709476,-0.0347900391,0.0611877441,-0.1744574653,0.0007161458,-0.0017795139
558346.8400235930,9.7871398929,-0.0469970703,0.0593566895,-0.1743923611,0.0006835937,-0.0012261285
558346.8500235931,9.7891235355,-0.0332641602,0.0614929199,-0.1743272569,0.0006944444,-0.0014865451
558346.8600235929,9.7883605960,-0.0444030762,0.0614929199,-0.1743489583,0.0006727431,-0.0015082465
558346.8700235930,9.7880554202,-0.0404357910,0.0605773926,-0.1742838542,0.0006618924,-0.0011501736
558346.8800235930,9.7888183597,-0.0401306152,0.0601196289,-0.1743381076,0.0007269965,-0.0018120660
558346.8900235930,9.7872924808,-0.0407409668,0.0608825684,-0.1743489583,0.0006727431,-0.0009765625
558346.9000235930,9.7892761234,-0.0375366211,0.0607299805,-0.1744032118,0.0006944444,-0.0018663194
558346.9100235930,9.7877502445,-0.0473022461,0.0599670410,-0.1744140625,0.0006835937,-0.0009548611
558346.9200235930,9.7888183597,-0.0340270996,0.0610351563,-0.1743706597,0.0006944444,-0.0018446181
558346.9300235930,9.7880554202,-0.0477600098,0.0604248047,-0.1744249132,0.0006944444,-0.0010742187
558346.9400235930,9.7888183597,-0.0332641602,0.0611877441,-0.1744466146,0.0006727431,-0.0015950521
558346.9500235930,9.7875976566,-0.0476074219,0.0607299805,-0.1744791667,0.0007161458,-0.0014322917
558346.9600235930,9.7888183597,-0.0381469727,0.0602722168,-0.1744357639,0.0006835937,-0.0012478299
558346.9700235931,9.7879028324,-0.0401306152,0.0604248047,-0.1744140625,0.0007161458,-0.0017578125
558346.9800235929,9.7883605960,-0.0427246094,0.0611877441,-0.1743706597,0.0006944444,-0.0009657118
558346.9900235930,9.7885131839,-0.0382995605,0.0617980957,-0.1743055555,0.0006944444,-0.0018988715
558347.0000235930,9.7875976566,-0.0456237793,0.0602722168,-0.1743381076,0.0006727431,-0.0009657118
558347.0100235930,9.7892761234,-0.0334167480,0.0596618652,-0.1746636285,0.0007161458,-0.0018446181
558347.0200235930,9.7880554202,-0.0474548340,0.0604248047,-0.1744140625,0.0006944444,-0.0010633681
558347.0300235930,9.7895812991,-0.0347900391,0.0622558594,-0.1744574653,0.0007161458,-0.0015842014
558347.0400235930,9.7879028324,-0.0473022461,0.0611877441,-0.1744140625,0.0006618924,-0.0015407986
558347.0500235930,9.7888183597,-0.0370788574,0.0605773926,-0.1744357639,0.0006727431,-0.0010959201
558347.0600235930,9.7885131839,-0.0381469727,0.0601196289,-0.1744249132,0.0006835937,-0.0018554687
558347.0700235930,9.7872924808,-0.0460815430,0.0610351563,-0.1742838542,0.0006727431,-0.0008897569
558347.0800235930,9.7892761234,-0.0366210938,0.0610351563,-0.1744032118,0.0007161458,-0.0019314236
558347.0900235930,9.7874450687,-0.0459289551,0.0608825684,-0.1744140625,0.0006727431,-0.0009982639
558347.1000235931,9.7898864749,-0.0328063965,0.0604248047,-0.1743706597,0.0007269965,-0.0017469618
558347.1100235929,9.7874450687,-0.0483703613,0.0604248047,-0.1743923611,0.0006727431,-0.0012369792
558347.1200235930,9.7894287113,-0.0363159180,0.0614929199,-0.1743272569,0.0006944444,-0.0014648437
558347.1300235930,9.7880554202,-0.0427246094,0.0610351563,-0.1743164062,0.0006944444,-0.0015516493
558347.1400235930,9.7888183597,-0.0379943848,0.0596618652,-0.1743381076,0.0006727431,-0.0011718750
558347.1500235930,9.7886657718,-0.0408935547,0.0598144531,-0.1743598090,0.0007269965,-0.0017686632
558347.1600235930,9.7872924808,-0.0437927246,0.0619506836,-0.1744140625,0.0006727431,-0.0009874132
558347.1700235930,9.7889709476,-0.0357055664,0.0614929199,-0.1744357639,0.0006944444,-0.0019097222
558347.1800235930,9.7872924808,-0.0444030762,0.0599670410,-0.1744249132,0.0006727431,-0.0009440104
558347.1900235930,9.7901916507,-0.0354003906,0.0593566895,-0.1744140625,0.0006944444,-0.0018337674
558347.2000235930,9.7879028324,-0.0483703613,0.0604248047,-0.1744466146,0.0007052951,-0.0010959201
558347.2100235930,9.7900390628,-0.0326538086,0.0617980957,-0.1744466146,0.0006944444,-0.0015842014
558347.2200235931,9.7875976566,-0.0457763672,0.0604248047,-0.1744032118,0.0006727431,-0.0014214410
558347.2300235929,9.7891235355,-0.0384521484,0.0595092773,-0.1744791667,0.0006944444,-0.0012586806
558347.2400235930,9.7874450687,-0.0416564941,0.0598144531,-0.1744574653,0.0007269965,-0.0017469618
558347.2500235930,9.7883605960,-0.0395202637,0.0611877441,-0.1743706597,0.0006835937,-0.0009982639
558347.2600235930,9.7891235355,-0.0379943848,0.0616455078,-0.1743598090,0.0007161458,-0.0018880208
558347.2700235930,9.7877502445,-0.0466918945,0.0599670410,-0.1743598090,0.0006727431,-0.0009440104
558347.2800235930,9.7888183597,-0.0357055664,0.0595092773,-0.1743923611,0.0007161458,-0.0018988715
558347.2900235930,9.7872924808,-0.0454711914,0.0604248047,-0.1743706597,0.0007269965,-0.0010633681
558347.3000235930,9.7891235355,-0.0325012207,0.0621032715,-0.1744466146,0.0006727431,-0.0016276042
558347.3100235930,9.7879028324,-0.0485229492,0.0610351563,-0.1744357639,0.0006944444,-0.0013997396
558347.3200235930,9.7885131839,-0.0381469727,0.0596618652,-0.1744032118,0.0006727431,-0.0012695312
558347.3300235940,9.7888183597,-0.0387573242,0.0607299805,-0.1744357639,0.0007269965,-0.0017578125
558347.3400235940,9.7882080081,-0.0408935547,0.0621032715,-0.1743598090,0.0006944444,-0.0009548611
558347.3500235940,9.7888183597,-0.0387573242,0.0605773926,-0.1744249132,0.0006835937,-0.0018988715
558347.3600235940,9.7879028324,-0.0476074219,0.0598144531,-0.1743489583,0.0006944444,-0.0009548611
558347.3700235940,9.7900390628,-0.0328063965,0.0598144531,-0.1744140625,0.0007269965,-0.0019205729
558347.3800235940,9.7874450687,-0.0451660156,0.0611877441,-0.1744140625,0.0006835937,-0.0010633681
558347.3900235940,9.7891235355,-0.0352478027,0.0610351563,-0.1743706597,0.0006944444,-0.0015625000
558347.4000235940,9.7875976566,-0.0479125977,0.0595092773,-0.1743381076,0.0006835937,-0.0015082465
558347.4100235940,9.7891235355,-0.0366210938,0.0605773926,-0.1743381076,0.0006944444,-0.0011610243
558347.4200235941,9.7886657718,-0.0378417969,0.0613403320,-0.1744249132,0.0007161458,-0.0018337674
558347.4300235939,9.7871398929,-0.0440979004,0.0608825684,-0.1743706597,0.0006618924,-0.0009006076
558347.4400235940,9.7903442386,-0.0375366211,0.0599670410,-0.1744574653,0.0007269965,-0.0019748264
558347.4500235940,9.7877502445,-0.0469970703,0.0604248047,-0.1744357639,0.0006835937,-0.0009657118
558347.4600235940,9.7898864749,-0.0309753418,0.0611877441,-0.1744791667,0.0007161458,-0.0017361111
558347.4700235940,9.7874450687,-0.0471496582,0.0610351563,-0.1744574653,0.0006944444,-0.0012586806
558347.4800235940,9.7897338870,-0.0375366211,0.0599670410,-0.1743923611,0.0006835937,-0.0013780382
558347.4900235940,9.7883605960,-0.0431823730,0.0598144531,-0.1744466146,0.0007161458,-0.0016818576
558347.5000235940,9.7885131839,-0.0381469727,0.0611877441,-0.1744357639,0.0006835937,-0.0010308160
558347.5100235940,9.7886657718,-0.0379943848,0.0611877441,-0.1744357639,0.0006944444,-0.0019097222
558347.5200235940,9.7879028324,-0.0465393066,0.0592041016,-0.1743923611,0.0006618924,-0.0009223090
558347.5300235940,9.7900390628,-0.0346374512,0.0598144531,-0.1743923611,0.0007161458,-0.0019314236
558347.5400235940,9.7875976566,-0.0456237793,0.0616455078,-0.1743381076,0.0006944444,-0.0010091146
558347.5500235941,9.7900390628,-0.0334167480,0.0616455078,-0.1743598090,0.0006835937,-0.0016710069
558347.5600235939,9.7874450687,-0.0483703613,0.0598144531,-0.1743489583,0.0006835937,-0.0013454861
558347.5700235940,9.7885131839,-0.0363159180,0.0592041016,-0.1744032118,0.0007052951,-0.0013454861
558347.5800235940,9.7882080081,-0.0402832031,0.0605773926,-0.1744140625,0.0006944444,-0.0016601562
558347.5900235940,9.7882080081,-0.0401306152,0.0616455078,-0.1744032118,0.0006727431,-0.0010416667
558347.6000235940,9.7889709476,-0.0395202637,0.0604248047,-0.1744357639,0.0007161458,-0.0018446181
558347.6100235940,9.7877502445,-0.0451660156,0.0595092773,-0.1744357639,0.0006835937,-0.0009765625
558347.6200235940,9.7895812991,-0.0340270996,0.0602722168,-0.1744357639,0.0007486979,-0.0018880208
558347.6300235940,9.7877502445,-0.0457763672,0.0610351563,-0.1745117187,0.0006835937,-0.0010308160
558347.6400235940,9.7895812991,-0.0355529785,0.0614929199,-0.1745008680,0.0006944444,-0.0017361111
558347.6500235940,9.7874450687,-0.0474548340,0.0602722168,-0.1743923611,0.0006944444,-0.0012912326
558347.6600235940,9.7897338870,-0.0337219238,0.0601196289,-0.1744249132,0.0007161458,-0.0014105903
558347.6700235941,9.7880554202,-0.0442504883,0.0611877441,-0.1743923611,0.0007269965,-0.0015407986
558347.6800235939,9.7882080081,-0.0408935547,0.0614929199,-0.1743706597,0.0006618924,-0.0011718750
558347.6900235940,9.7894287113,-0.0408935547,0.0601196289,-0.1744140625,0.0007161458,-0.0018229167
558347.7000235940,9.7877502445,-0.0408935547,0.0598144531,-0.1743706597,0.0006944444,-0.0009874132
558347.7100235940,9.7885131839,-0.0354003906,0.0602722168,-0.1743923611,0.0007378472,-0.0018446181
558347.7200235940,9.7880554202,-0.0471496582,0.0613403320,-0.1743706597,0.0006618924,-0.0009440104
558347.7300235940,9.7898864749,-0.0346374512,0.0610351563,-0.1743923611,0.0006835937,-0.0018337674
558347.7400235940,9.7877502445,-0.0459289551,0.0590515137,-0.1744032118,0.0006944444,-0.0011610243
558347.7500235940,9.7892761234,-0.0321960449,0.0605773926,-0.1744357639,0.0007161458,-0.0014865451
558347.7600235940,9.7871398929,-0.0468444824,0.0604248047,-0.1744140625,0.0006835937,-0.0015190972
558347.7700235940,9.7891235355,-0.0405883789,0.0601196289,-0.1744249132,0.0006618924,-0.0011501736
558347.7800235940,9.7883605960,-0.0382995605,0.0601196289,-0.1744249132,0.0007269965,-0.0018446181
558347.7900235940,9.7877502445,-0.0428771973,0.0610351563,-0.1743272569,0.0006727431,-0.0009114583
558347.8000235941,9.7904968265,-0.0354003906,0.0604248047,-0.1743706597,0.0007161458,-0.0019097222
558347.8100235939,9.7875976566,-0.0488281250,0.0601196289,-0.1743055555,0.0006944444,-0.0009874132
558347.8200235940,9.7895812991,-0.0334167480,0.0602722168,-0.1743489583,0.0007378472,-0.0017686632
558347.8300235940,9.7879028324,-0.0448608398,0.0602722168,-0.1743598090,0.0006727431,-0.0012586806
558347.8400235940,9.7897338870,-0.0347900391,0.0608825684,-0.1744249132,0.0006944444,-0.0014214410
558347.8500235940,9.7883605960,-0.0462341309,0.0593566895,-0.1744249132,0.0007269965,-0.0015950521
558347.8600235940,9.7885131839,-0.0386047363,0.0601196289,-0.1744140625,0.0006835937,-0.0011393229
558347.8700235940,9.7892761234,-0.0382995605,0.0607299805,-0.1744140625,0.0007378472,-0.0018229167
558347.8800235940,9.7874450687,-0.0428771973,0.0616455078,-0.1744032118,0.0006727431,-0.0009440104
558347.8900235940,9.7897338870,-0.0376892090,0.0598144531,-0.1744466146,0.0007161458,-0.0019097222
558347.9000235940,9.7885131839,-0.0456237793,0.0590515137,-0.1744140625,0.0006835937,-0.0010416667
558347.9100235940,9.7888183597,-0.0337219238,0.0598144531,-0.1744032118,0.0007269965,-0.0017469618
558347.9200235941,9.7874450687,-0.0469970703,0.0616455078,-0.1744140625,0.0006944444,-0.0011718750
558347.9300235939,9.7894287113,-0.0349426270,0.0608825684,-0.1743706597,0.0006835937,-0.0015082465
558347.9400235940,9.7882080081,-0.0453186035,0.0588989258,-0.1743272569,0.0007161458,-0.0015190972
558347.9500235940,9.7885131839,-0.0382995605,0.0592041016,-0.1743272569,0.0006835937,-0.0011718750
558347.9600235940,9.7883605960,-0.0396728516,0.0611877441,-0.1743272569,0.0007378472,-0.0017795139
558347.9700235940,9.7880554202,-0.0434875488,0.0616455078,-0.1743164062,0.0006835937,-0.0009765625
558347.9800235940,9.7892761234,-0.0375366211,0.0595092773,-0.1744032118,0.0007161458,-0.0018988715
558347.9900235940,9.7883605960,-0.0442504883,0.0593566895,-0.1743923611,0.0006835937,-0.0009874132
558348.0000235940,9.7897338870,-0.0350952148,0.0604248047,-0.1744140625,0.0007269965,-0.0018337674
558348.0100235940,9.7879028324,-0.0473022461,0.0611877441,-0.1746961805,0.0006835937,-0.0010850694
558348.0200235940,9.7892761234,-0.0337219238,0.0610351563,-0.1744032118,0.0006944444,-0.0016493056
558348.0300235940,9.7877502445,-0.0459289551,0.0588989258,-0.1743706597,0.0006835937,-0.0013888889
558348.0400235940,9.7892761234,-0.0364685059,0.0592041016,-0.1744140625,0.0007052951,-0.0012695312
558348.0500235941,9.7886657718,-0.0424194336,0.0614929199,-0.1744140625,0.0007161458,-0.0016927083
558348.0600235939,9.7886657718,-0.0421142578,0.0616455078,-0.1743381076,0.0006727431,-0.0010308160
558348.0700235940,9.7892761234,-0.0360107422,0.0590515137,-0.1743706597,0.0007269965,-0.0018988715
558348.0800235940,9.7877502445,-0.0447082520,0.0593566895,-0.1743598090,0.0006944444,-0.0009223090
558348.0900235940,9.7897338870,-0.0363159180,0.0608825684,-0.1743272569,0.0007486979,-0.0018663194
558348.1000235940,9.7871398929,-0.0471496582,0.0613403320,-0.1744140625,0.0006944444,-0.0011176215
558348.1100235940,9.7897338870,-0.0320434570,0.0607299805,-0.1744466146,0.0006835937,-0.0016276042
558348.1200235940,9.7879028324,-0.0453186035,0.0596618652,-0.1744249132,0.0006944444,-0.0014105903
558348.1300235940,9.7886657718,-0.0367736816,0.0599670410,-0.1744140625,0.0007052951,-0.0012369792
558348.1400235940,9.7888183597,-0.0428771973,0.0598144531,-0.1744357639,0.0007269965,-0.0018012153
558348.1500235940,9.7880554202,-0.0415039063,0.0613403320,-0.1744032118,0.0006835937,-0.0009548611
558348.1600235940,9.7900390628,-0.0346374512,0.0596618652,-0.1744900174,0.0007269965,-0.0019531250
558348.1700235941,9.7877502445,-0.0466918945,0.0601196289,-0.1744140625,0.0006727431,-0.0009223090
558348.1800235939,9.7894287113,-0.0343322754,0.0593566895,-0.1744791667,0.0007269965,-0.0018120660
558348.1900235940,9.7885131839,-0.0466918945,0.0602722168,-0.1743923611,0.0006835937,-0.0012369792
558348.2000235940,9.7888183597,-0.0341796875,0.0602722168,-0.1744140625,0.0006944444,-0.0013997396
558348.2100235940,9.7883605960,-0.0431823730,0.0605773926,-0.1743706597,0.0006944444,-0.0016493056
558348.2200235940,9.7880554202,-0.0404357910,0.0601196289,-0.1743923611,0.0006835937,-0.0010633681
558348.2300235940,9.7894287113,-0.0390625000,0.0592041016,-0.1744032118,0.0007161458,-0.0018880208
558348.2400235940,9.7877502445,-0.0436401367,0.0602722168,-0.1743164062,0.0006944444,-0.0009114583
558348.2500235940,9.7897338870,-0.0343322754,0.0608825684,-0.1743598090,0.0007269965,-0.0018988715
558348.2600235940,9.7882080081,-0.0480651855,0.0602722168,-0.1743489583,0.0006944444,-0.0010091146
558348.2700235940,9.7895812991,-0.0340270996,0.0585937500,-0.1743489583,0.0006944444,-0.0017144097
558348.2800235940,9.7872924808,-0.0460815430,0.0592041016,-0.1743381076,0.0007052951,-0.0013563368
558348.2900235940,9.7892761234,-0.0349426270,0.0610351563,-0.1743164062,0.0006835937,-0.0012695312
558348.3000235941,9.7886657718,-0.0421142578,0.0608825684,-0.1742838542,0.0007161458,-0.0017469618
558348.3100235939,9.7879028324,-0.0425720215,0.0595092773,-0.1743489583,0.0006944444,-0.0009874132
558348.3200235940,9.7897338870,-0.0369262695,0.0587463379,-0.1744791667,0.0007486979,-0.0018880208
558348.3300235940,9.7882080081,-0.0440979004,0.0596618652,-0.1745008680,0.0006944444,-0.0009982639
558348.3400235940,9.7898864749,-0.0358581543,0.0616455078,-0.1744900174,0.0007269965,-0.0018229167
558348.3500235940,9.7879028324,-0.0462341309,0.0607299805,-0.1744900174,0.0006944444,-0.0010742187
558348.3600235940,9.7891235355,-0.0329589844,0.0598144531,-0.1744791667,0.0007161458,-0.0017144097
558348.3700235940,9.7879028324,-0.0459289551,0.0585937500,-0.1743706597,0.0006944444,-0.0012478299
558348.3800235940,9.7894287113,-0.0350952148,0.0601196289,-0.1743272569,0.0007269965,-0.0014648437
558348.3900235940,9.7875976566,-0.0440979004,0.0622558594,-0.1743164062,0.0006944444,-0.0015190972
558348.4000235940,9.7888183597,-0.0384521484,0.0598144531,-0.1743055555,0.0006835937,-0.0011610243
558348.4100235950,9.7895812991,-0.0384521484,0.0582885742,-0.1742838542,0.0007269965,-0.0018229167
558348.4200235950,9.7880554202,-0.0433349609,0.0601196289,-0.1743164062,0.0006944444,-0.0009440104
558348.4300235950,9.7900390628,-0.0361633301,0.0610351563,-0.1743598090,0.0007269965,-0.0019422743
558348.4400235950,9.7872924808,-0.0459289551,0.0610351563,-0.1744357639,0.0006944444,-0.0009765625
558348.4500235950,9.7892761234,-0.0337219238,0.0593566895,-0.1744140625,0.0007161458,-0.0017578125
558348.4600235950,9.7875976566,-0.0473022461,0.0587463379,-0.1744140625,0.0006944444,-0.0011610243
558348.4700235950,9.7895812991,-0.0340270996,0.0601196289,-0.1744140625,0.0007269965,-0.0015082465
558348.4800235950,9.7879028324,-0.0442504883,0.0614929199,-0.1744032118,0.0006944444,-0.0015190972
558348.4900235950,9.7889709476,-0.0369262695,0.0604248047,-0.1744357639,0.0006944444,-0.0011827257
558348.5000235951,9.7889709476,-0.0393676758,0.0592041016,-0.1744249132,0.0007269965,-0.0017686632
558348.5100235950,9.7877502445,-0.0428771973,0.0596618652,-0.1743923611,0.0007052951,-0.0009874132
558348.5200235950,9.7892761234,-0.0367736816,0.0608825684,-0.1744032118,0.0007161458,-0.0018880208
558348.5300235950,9.7882080081,-0.0436401367,0.0604248047,-0.1743489583,0.0006944444,-0.0009657118
558348.5400235950,9.7894287113,-0.0344848633,0.0590515137,-0.1743923611,0.0007161458,-0.0018554687
558348.5500235950,9.7875976566,-0.0465393066,0.0596618652,-0.1744032118,0.0007052951,-0.0010525174
558348.5600235950,9.7894287113,-0.0331115723,0.0617980957,-0.1745008680,0.0007161458,-0.0016927083
558348.5700235950,9.7871398929,-0.0460815430,0.0605773926,-0.1744249132,0.0006727431,-0.0012695312
558348.5800235950,9.7894287113,-0.0344848633,0.0596618652,-0.1744900174,0.0007269965,-0.0014648437
558348.5900235950,9.7883605960,-0.0448608398,0.0599670410,-0.1744466146,0.0007161458,-0.0014973958
558348.6000235950,9.7885131839,-0.0378417969,0.0610351563,-0.1743706597,0.0007052951,-0.0012478299
558348.6100235950,9.7885131839,-0.0392150879,0.0598144531,-0.1744466146,0.0006944444,-0.0017252604
558348.6200235951,9.7883605960,-0.0413513184,0.0602722168,-0.1744140625,0.0007052951,-0.0010525174
558348.6300235949,9.7891235355,-0.0376892090,0.0596618652,-0.1744466146,0.0007378472,-0.0018663194
558348.6400235950,9.7879028324,-0.0430297852,0.0602722168,-0.1744249132,0.0006835937,-0.0009657118
558348.6500235950,9.7888183597,-0.0358581543,0.0607299805,-0.1743598090,0.0007378472,-0.0018880208
558348.6600235950,9.7872924808,-0.0462341309,0.0601196289,-0.1743272569,0.0006944444,-0.0009765625
558348.6700235950,9.7891235355,-0.0332641602,0.0599670410,-0.1743055555,0.0007269965,-0.0017795139
558348.6800235950,9.7865295413,-0.0473022461,0.0598144531,-0.1743598090,0.0006944444,-0.0012478299
558348.6900235950,9.7895812991,-0.0334167480,0.0596618652,-0.1744249132,0.0006944444,-0.0014214410
558348.7000235950,9.7883605960,-0.0430297852,0.0602722168,-0.1744791667,0.0007269965,-0.0016276042
558348.7100235950,9.7885131839,-0.0411987305,0.0596618652,-0.1744249132,0.0006944444,-0.0010959201
558348.7200235950,9.7889709476,-0.0386047363,0.0601196289,-0.1744032118,0.0007486979,-0.0018337674
558348.7300235950,9.7880554202,-0.0421142578,0.0605773926,-0.1743381076,0.0006835937,-0.0009440104
558348.7400235950,9.7888183597,-0.0357055664,0.0613403320,-0.1743164062,0.0007269965,-0.0019097222
558348.7500235951,9.7883605960,-0.0463867188,0.0590515137,-0.1743706597,0.0006835937,-0.0009982639
558348.7600235950,9.7888183597,-0.0343322754,0.0599670410,-0.1744249132,0.0006944444,-0.0017795139
558348.7700235950,9.7869873050,-0.0463867188,0.0601196289,-0.1744466146,0.0007269965,-0.0012261285
558348.7800235950,9.7891235355,-0.0326538086,0.0602722168,-0.1745008680,0.0006944444,-0.0015082465
558348.7900235950,9.7877502445,-0.0447082520,0.0601196289,-0.1744466146,0.0007378472,-0.0014648437
558348.8000235950,9.7891235355,-0.0387573242,0.0595092773,-0.1744357639,0.0006727431,-0.0012369792
558348.8100235950,9.7888183597,-0.0399780273,0.0604248047,-0.1744357639,0.0007378472,-0.0017361111
558348.8200235950,9.7875976566,-0.0416564941,0.0604248047,-0.1743706597,0.0006944444,-0.0009874132
558348.8300235950,9.7888183597,-0.0372314453,0.0599670410,-0.1744140625,0.0006944444,-0.0018988715
558348.8400235950,9.7877502445,-0.0447082520,0.0598144531,-0.1743923611,0.0007052951,-0.0009657118
558348.8500235950,9.7897338870,-0.0344848633,0.0602722168,-0.1743923611,0.0007269965,-0.0018446181
558348.8600235950,9.7879028324,-0.0459289551,0.0598144531,-0.1743706597,0.0007052951,-0.0010959201
558348.8700235951,9.7895812991,-0.0326538086,0.0605773926,-0.1743923611,0.0007269965,-0.0015950521
558348.8800235949,9.7877502445,-0.0465393066,0.0593566895,-0.1743381076,0.0007052951,-0.0014105903
558348.8900235950,9.7889709476,-0.0372314453,0.0588989258,-0.1744357639,0.0007269965,-0.0013020833
558348.9000235950,9.7882080081,-0.0398254395,0.0601196289,-0.1744900174,0.0007378472,-0.0016927083
558348.9100235950,9.7874450687,-0.0415039063,0.0607299805,-0.1742296007,0.0006944444,-0.0010416667
558348.9200235950,9.7892761234,-0.0373840332,0.0599670410,-0.1742404514,0.0006944444,-0.0018012153
558348.9300235950,9.7877502445,-0.0442504883,0.0598144531,-0.1743706597,0.0006944444,-0.0009765625
558348.9400235950,9.7888183597,-0.0370788574,0.0599670410,-0.1743923611,0.0007161458,-0.0018880208
558348.9500235950,9.7877502445,-0.0442504883,0.0607299805,-0.1743923611,0.0006944444,-0.0009982639
558348.9600235950,9.7898864749,-0.0332641602,0.0611877441,-0.1744032118,0.0007378472,-0.0017686632
558348.9700235950,9.7872924808,-0.0476074219,0.0592041016,-0.1744140625,0.0006835937,-0.0011718750
558348.9800235950,9.7895812991,-0.0349426270,0.0581359863,-0.1744574653,0.0007486979,-0.0015190972
558348.9900235950,9.7877502445,-0.0440979004,0.0613403320,-0.1743706597,0.0006944444,-0.0014865451
558349.0000235951,9.7882080081,-0.0367736816,0.0613403320,-0.1744140625,0.0007378472,-0.0012369792
558349.0100235950,9.7888183597,-0.0408935547,0.0599670410,-0.1747070312,0.0007161458,-0.0017252604
558349.0200235950,9.7882080081,-0.0421142578,0.0592041016,-0.1743923611,0.0006944444,-0.0009982639
558349.0300235950,9.7894287113,-0.0358581543,0.0584411621,-0.1744900174,0.0007269965,-0.0019314236
558349.0400235950,9.7872924808,-0.0450134277,0.0611877441,-0.1744249132,0.0007269965,-0.0009006076
558349.0500235950,9.7898864749,-0.0331115723,0.0613403320,-0.1744791667,0.0007161458,-0.0018446181
558349.0600235950,9.7875976566,-0.0480651855,0.0595092773,-0.1744032118,0.0007269965,-0.0011284722
558349.0700235950,9.7901916507,-0.0340270996,0.0579833984,-0.1743598090,0.0007269965,-0.0015516493
558349.0800235950,9.7879028324,-0.0439453125,0.0599670410,-0.1743381076,0.0007161458,-0.0015190972
558349.0900235950,9.7885131839,-0.0376892090,0.0611877441,-0.1743923611,0.0006944444,-0.0011501736
558349.1000235950,9.7897338870,-0.0402832031,0.0596618652,-0.1744357639,0.0007269965,-0.0018554687
558349.1100235950,9.7882080081,-0.0422668457,0.0590515137,-0.1743598090,0.0007269965,-0.0009440104
558349.1200235951,9.7891235355,-0.0347900391,0.0604248047,-0.1744249132,0.0007486979,-0.0018988715
558349.1300235949,9.7877502445,-0.0445556641,0.0617980957,-0.1744140625,0.0006944444,-0.0009874132
558349.1400235950,9.7900390628,-0.0347900391,0.0595092773,-0.1744249132,0.0007269965,-0.0018012153
558349.1500235950,9.7875976566,-0.0462341309,0.0581359863,-0.1743598090,0.0007052951,-0.0011718750
558349.1600235950,9.7891235355,-0.0328063965,0.0590515137,-0.1744357639,0.0007378472,-0.0015625000
558349.1700235950,9.7880554202,-0.0460815430,0.0617980957,-0.1743706597,0.0006944444,-0.0014214410
558349.1800235950,9.7889709476,-0.0376892090,0.0598144531,-0.1743923611,0.0006835937,-0.0012586806
558349.1900235950,9.7892761234,-0.0401306152,0.0581359863,-0.1744357639,0.0007378472,-0.0017578125
558349.2000235950,9.7883605960,-0.0407409668,0.0595092773,-0.1744249132,0.0007269965,-0.0009765625
558349.2100235950,9.7895812991,-0.0376892090,0.0613403320,-0.1744032118,0.0007378472,-0.0018663194
558349.2200235950,9.7872924808,-0.0447082520,0.0613403320,-0.1744249132,0.0006835937,-0.0009982639
558349.2300235950,9.7892761234,-0.0340270996,0.0596618652,-0.1744140625,0.0007269965,-0.0018663194
558349.2400235950,9.7879028324,-0.0451660156,0.0578308105,-0.1744466146,0.0007269965,-0.0010308160
558349.2500235951,9.7898864749,-0.0331115723,0.0611877441,-0.1744791667,0.0007161458,-0.0016818576
558349.2600235950,9.7871398929,-0.0476074219,0.0613403320,-0.1743923611,0.0007052951,-0.0013563368
558349.2700235950,9.7889709476,-0.0347900391,0.0595092773,-0.1744249132,0.0006944444,-0.0013237847
558349.2800235950,9.7886657718,-0.0404357910,0.0588989258,-0.1744466146,0.0007486979,-0.0016927083
558349.2900235950,9.7889709476,-0.0410461426,0.0601196289,-0.1744791667,0.0007269965,-0.0010091146
558349.3000235950,9.7889709476,-0.0382995605,0.0607299805,-0.1744900174,0.0007269965,-0.0018663194
558349.3100235950,9.7872924808,-0.0440979004,0.0593566895,-0.1744574653,0.0006944444,-0.0009657118
558349.3200235950,9.7892761234,-0.0340270996,0.0587463379,-0.1744032118,0.0007595486,-0.0018554687
558349.3300235950,9.7879028324,-0.0453186035,0.0602722168,-0.1743489583,0.0007052951,-0.0009874132
558349.3400235950,9.7891235355,-0.0338745117,0.0610351563,-0.1743923611,0.0007161458,-0.0017469618
558349.3500235950,9.7871398929,-0.0468444824,0.0599670410,-0.1743598090,0.0006944444,-0.0013346354
558349.3600235950,9.7892761234,-0.0340270996,0.0585937500,-0.1743706597,0.0007052951,-0.0013237847
558349.3700235951,9.7877502445,-0.0413513184,0.0592041016,-0.1744032118,0.0007486979,-0.0016818576
558349.3800235949,9.7883605960,-0.0408935547,0.0613403320,-0.1744140625,0.0007269965,-0.0010416667
558349.3900235950,9.7886657718,-0.0381469727,0.0604248047,-0.1744357639,0.0007269965,-0.0018988715
558349.4000235950,9.7869873050,-0.0434875488,0.0592041016,-0.1743923611,0.0006944444,-0.0009440104
558349.4100235950,9.7898864749,-0.0344848633,0.0590515137,-0.1744357639,0.0007486979,-0.0018880208
558349.4200235950,9.7879028324,-0.0466918945,0.0605773926,-0.1744032118,0.0007052951,-0.0010308160
558349.4300235950,9.7895812991,-0.0331115723,0.0613403320,-0.1744032118,0.0006944444,-0.0017144097
558349.4400235950,9.7875976566,-0.0453186035,0.0588989258,-0.1744032118,0.0007052951,-0.0012695312
558349.4500235950,9.7895812991,-0.0346374512,0.0585937500,-0.1743923611,0.0007269965,-0.0013563368
558349.4600235950,9.7882080081,-0.0422668457,0.0596618652,-0.1744032118,0.0007378472,-0.0016493056
558349.4700235950,9.7879028324,-0.0389099121,0.0608825684,-0.1743272569,0.0007052951,-0.0010742187
558349.4800235960,9.7891235355,-0.0373840332,0.0605773926,-0.1744249132,0.0007269965,-0.0018554687
558349.4900235960,9.7874450687,-0.0447082520,0.0585937500,-0.1744140625,0.0006835937,-0.0009440104
558349.5000235960,9.7891235355,-0.0349426270,0.0588989258,-0.1744032118,0.0007486979,-0.0019097222
558349.5100235960,9.7868347171,-0.0451660156,0.0616455078,-0.1744032118,0.0006944444,-0.0009765625
558349.5200235960,9.7894287113,-0.0328063965,0.0607299805,-0.1744140625,0.0007269965,-0.0017686632
558349.5300235960,9.7875976566,-0.0469970703,0.0587463379,-0.1743706597,0.0006944444,-0.0011718750
558349.5400235960,9.7895812991,-0.0347900391,0.0588989258,-0.1744249132,0.0007269965,-0.0015407986
558349.5500235960,9.7875976566,-0.0433349609,0.0602722168,-0.1743706597,0.0007269965,-0.0015516493
558349.5600235960,9.7880554202,-0.0364685059,0.0604248047,-0.1744466146,0.0007052951,-0.0011718750
558349.5700235961,9.7886657718,-0.0398254395,0.0595092773,-0.1742187500,0.0007161458,-0.0017795139
558349.5800235959,9.7880554202,-0.0430297852,0.0588989258,-0.1742513021,0.0006944444,-0.0009874132
558349.5900235960,9.7892761234,-0.0369262695,0.0587463379,-0.1743489583,0.0007486979,-0.0018663194
558349.6000235960,9.7877502445,-0.0424194336,0.0605773926,-0.1744466146,0.0007052951,-0.0009874132
558349.6100235960,9.7885131839,-0.0344848633,0.0614929199,-0.1744249132,0.0007161458,-0.0018337674
558349.6200235960,9.7883605960,-0.0473022461,0.0598144531,-0.1744032118,0.0007269965,-0.0010525174
558349.6300235960,9.7891235355,-0.0343322754,0.0590515137,-0.1744466146,0.0007161458,-0.0017252604
558349.6400235960,9.7871398929,-0.0450134277,0.0602722168,-0.1743706597,0.0007486979,-0.0012695312
558349.6500235960,9.7894287113,-0.0323486328,0.0608825684,-0.1743923611,0.0007161458,-0.0014214410
558349.6600235960,9.7875976566,-0.0448608398,0.0608825684,-0.1743706597,0.0007378472,-0.0014973958
558349.6700235960,9.7891235355,-0.0405883789,0.0585937500,-0.1743923611,0.0007052951,-0.0012044271
558349.6800235960,9.7886657718,-0.0384521484,0.0584411621,-0.1744466146,0.0007269965,-0.0017795139
558349.6900235960,9.7879028324,-0.0399780273,0.0610351563,-0.1744357639,0.0007052951,-0.0009765625
558349.7000235959,9.7897338870,-0.0358581543,0.0601196289,-0.1744900174,0.0007378472,-0.0018988715
558349.7100235960,9.7872924808,-0.0460815430,0.0598144531,-0.1744900174,0.0006944444,-0.0009440104
558349.7200235960,9.7898864749,-0.0346374512,0.0587463379,-0.1744357639,0.0007269965,-0.0018446181
558349.7300235960,9.7877502445,-0.0453186035,0.0598144531,-0.1744032118,0.0007052951,-0.0011176215
558349.7400235960,9.7892761234,-0.0326538086,0.0605773926,-0.1744357639,0.0007378472,-0.0016276042
558349.7500235960,9.7875976566,-0.0465393066,0.0599670410,-0.1743923611,0.0007052951,-0.0013780382
558349.7600235960,9.7894287113,-0.0370788574,0.0592041016,-0.1743706597,0.0007052951,-0.0013780382
558349.7700235960,9.7883605960,-0.0415039063,0.0595092773,-0.1743598090,0.0007378472,-0.0016384549
558349.7800235960,9.7883605960,-0.0389099121,0.0602722168,-0.1743055555,0.0007052951,-0.0010850694
558349.7900235960,9.7891235355,-0.0379943848,0.0596618652,-0.1743923611,0.0007269965,-0.0018337674
558349.8000235960,9.7872924808,-0.0440979004,0.0592041016,-0.1744140625,0.0006944444,-0.0009440104
558349.8100235960,9.7904968265,-0.0363159180,0.0592041016,-0.1744032118,0.0007486979,-0.0019097222
558349.8200235961,9.7879028324,-0.0444030762,0.0601196289,-0.1744249132,0.0007269965,-0.0009874132
558349.8300235959,9.7891235355,-0.0326538086,0.0613403320,-0.1744466146,0.0007161458,-0.0017578125
558349.8400235960,9.7874450687,-0.0477600098,0.0602722168,-0.1744466146,0.0007052951,-0.0011610243
558349.8500235960,9.7891235355,-0.0341796875,0.0587463379,-0.1744466146,0.0007378472,-0.0015516493
558349.8600235960,9.7871398929,-0.0434875488,0.0593566895,-0.1744249132,0.0007269965,-0.0014539931
558349.8700235960,9.7889709476,-0.0369262695,0.0593566895,-0.1744357639,0.0007378472,-0.0012369792
558349.8800235960,9.7879028324,-0.0410461426,0.0602722168,-0.1744466146,0.0007269965,-0.0017469618
558349.8900235960,9.7880554202,-0.0402832031,0.0608825684,-0.1744249132,0.0006944444,-0.0009982639
558349.9000235960,9.7891235355,-0.0355529785,0.0590515137,-0.1744357639,0.0007486979,-0.0019314236
558349.9100235960,9.7879028324,-0.0447082520,0.0590515137,-0.1743272569,0.0007052951,-0.0008897569
558349.9200235960,9.7897338870,-0.0335693359,0.0610351563,-0.1743598090,0.0007486979,-0.0018663194
558349.9300235960,9.7885131839,-0.0462341309,0.0604248047,-0.1743489583,0.0007052951,-0.0010850694
558349.9400235960,9.7900390628,-0.0325012207,0.0582885742,-0.1743706597,0.0007161458,-0.0016493056
558349.9500235959,9.7865295413,-0.0451660156,0.0590515137,-0.1744249132,0.0007378472,-0.0013780382
558349.9600235960,9.7859191898,-0.0364685059,0.0619506836,-0.1744357639,0.0007269965,-0.0013129340
558349.9700235960,9.7894287113,-0.0416564941,0.0599670410,-0.1744900174,0.0007269965,-0.0016927083
558349.9800235960,9.7903442386,-0.0392150879,0.0572204590,-0.1743923611,0.0007378472,-0.0009874132
558349.9900235960,9.7883605960,-0.0357055664,0.0595092773,-0.1744249132,0.0007595486,-0.0019205729
558350.0000235960,9.7882080081,-0.0454711914,0.0625610352,-0.1744249132,0.0007052951,-0.0009223090
558350.0100235960,9.7886657718,-0.0344848633,0.0592041016,-0.1746853299,0.0007269965,-0.0018880208
558350.0200235960,9.7869873050,-0.0450134277,0.0576782227,-0.1744249132,0.0007269965,-0.0010959201
558350.0300235960,9.7898864749,-0.0320434570,0.0593566895,-0.1744357639,0.0007486979,-0.0016059028
558350.0400235960,9.7882080081,-0.0453186035,0.0611877441,-0.1744032118,0.0007378472,-0.0013563368
558350.0500235960,9.7886657718,-0.0370788574,0.0599670410,-0.1743272569,0.0007052951,-0.0013020833
558350.0600235960,9.7877502445,-0.0402832031,0.0587463379,-0.1742838542,0.0007378472,-0.0016710069
558350.0700235961,9.7868347171,-0.0387573242,0.0593566895,-0.1743489583,0.0006944444,-0.0010633681
558350.0800235959,9.7888183597,-0.0384521484,0.0601196289,-0.1744140625,0.0007486979,-0.0018337674
558350.0900235960,9.7879028324,-0.0434875488,0.0599670410,-0.1744357639,0.0007052951,-0.0009657118
558350.1000235960,9.7892761234,-0.0341796875,0.0588989258,-0.1744791667,0.0007378472,-0.0018880208
558350.1100235960,9.7875976566,-0.0445556641,0.0592041016,-0.1744466146,0.0007269965,-0.0009874132
558350.1200235960,9.7889709476,-0.0334167480,0.0601196289,-0.1744249132,0.0007486979,-0.0017686632
558350.1300235960,9.7877502445,-0.0463867188,0.0605773926,-0.1744032118,0.0006944444,-0.0011827257
558350.1400235960,9.7895812991,-0.0334167480,0.0592041016,-0.1744574653,0.0007378472,-0.0015407986
558350.1500235960,9.7880554202,-0.0442504883,0.0587463379,-0.1744249132,0.0007378472,-0.0014973958
558350.1600235960,9.7889709476,-0.0373840332,0.0602722168,-0.1744357639,0.0007269965,-0.0011827257
558350.1700235960,9.7891235355,-0.0398254395,0.0602722168,-0.1744140625,0.0007378472,-0.0018012153
558350.1800235960,9.7882080081,-0.0419616699,0.0593566895,-0.1743272569,0.0007052951,-0.0009874132
558350.1900235960,9.7889709476,-0.0346374512,0.0582885742,-0.1743381076,0.0007486979,-0.0019205729
558350.2000235959,9.7882080081,-0.0447082520,0.0598144531,-0.1743381076,0.0007378472,-0.0009440104
558350.2100235960,9.7895812991,-0.0340270996,0.0610351563,-0.1743706597,0.0007161458,-0.0018337674
558350.2200235960,9.7874450687,-0.0457763672,0.0595092773,-0.1744032118,0.0007486979,-0.0011718750
558350.2300235960,9.7897338870,-0.0323486328,0.0587463379,-0.1744574653,0.0007378472,-0.0015407986
558350.2400235960,9.7875976566,-0.0451660156,0.0595092773,-0.1744466146,0.0007269965,-0.0014322917
558350.2500235960,9.7885131839,-0.0360107422,0.0610351563,-0.1744249132,0.0006944444,-0.0012261285
558350.2600235960,9.7880554202,-0.0401306152,0.0599670410,-0.1744357639,0.0007378472,-0.0017795139
558350.2700235960,9.7885131839,-0.0418090820,0.0590515137,-0.1744032118,0.0007052951,-0.0009657118
558350.2800235960,9.7898864749,-0.0358581543,0.0579833984,-0.1744032118,0.0007595486,-0.0019097222
558350.2900235960,9.7874450687,-0.0450134277,0.0602722168,-0.1744791667,0.0007052951,-0.0009440104
558350.3000235960,9.7891235355,-0.0331115723,0.0607299805,-0.1744249132,0.0007378472,-0.0018446181
558350.3100235960,9.7879028324,-0.0465393066,0.0590515137,-0.1744249132,0.0006944444,-0.0011176215
558350.3200235961,9.7898864749,-0.0329589844,0.0584411621,-0.1743923611,0.0007595486,-0.0015516493
558350.3300235959,9.7877502445,-0.0448608398,0.0593566895,-0.1743489583,0.0007269965,-0.0015190972
558350.3400235960,9.7880554202,-0.0367736816,0.0610351563,-0.1743706597,0.0007052951,-0.0011718750
558350.3500235960,9.7895812991,-0.0393676758,0.0593566895,-0.1744032118,0.0007378472,-0.0018229167
558350.3600235960,9.7885131839,-0.0422668457,0.0581359863,-0.1744140625,0.0007052951,-0.0009440104
558350.3700235960,9.7898864749,-0.0352478027,0.0595092773,-0.1744249132,0.0007486979,-0.0018988715
558350.3800235960,9.7880554202,-0.0453186035,0.0608825684,-0.1744574653,0.0006944444,-0.0009657118
558350.3900235960,9.7888183597,-0.0323486328,0.0601196289,-0.1744574653,0.0007269965,-0.0018446181
558350.4000235960,9.7880554202,-0.0466918945,0.0581359863,-0.1744357639,0.0007486979,-0.0011176215
558350.4100235960,9.7898864749,-0.0318908691,0.0590515137,-0.1744357639,0.0007269965,-0.0016276042
558350.4200235960,9.7879028324,-0.0450134277,0.0611877441,-0.1743706597,0.0007378472,-0.0013454861
558350.4300235960,9.7892761234,-0.0358581543,0.0596618652,-0.1744032118,0.0007269965,-0.0013346354
558350.4400235960,9.7889709476,-0.0416564941,0.0585937500,-0.1744032118,0.0007486979,-0.0016059028
558350.4500235959,9.7886657718,-0.0395202637,0.0598144531,-0.1743381076,0.0007052951,-0.0010959201
558350.4600235960,9.7891235355,-0.0379943848,0.0604248047,-0.1743489583,0.0007486979,-0.0018446181
558350.4700235960,9.7877502445,-0.0428771973,0.0608825684,-0.1742838542,0.0006835937,-0.0009657118
558350.4800235960,9.7900390628,-0.0350952148,0.0588989258,-0.1743489583,0.0007595486,-0.0019314236
558350.4900235960,9.7875976566,-0.0454711914,0.0587463379,-0.1743489583,0.0007269965,-0.0009223090
558350.5000235960,9.7894287113,-0.0315856934,0.0605773926,-0.1744249132,0.0007486979,-0.0018012153
558350.5100235960,9.7872924808,-0.0466918945,0.0602722168,-0.1744791667,0.0007269965,-0.0012044271
558350.5200235960,9.7895812991,-0.0337219238,0.0592041016,-0.1744574653,0.0007378472,-0.0014973958
558350.5300235960,9.7874450687,-0.0434875488,0.0587463379,-0.1744466146,0.0007378472,-0.0015407986
558350.5400235960,9.7889709476,-0.0384521484,0.0604248047,-0.1744574653,0.0007378472,-0.0011393229
558350.5500235970,9.7891235355,-0.0375366211,0.0608825684,-0.1744900174,0.0007269965,-0.0018229167
558350.5600235970,9.7886657718,-0.0427246094,0.0596618652,-0.1743706597,0.0007269965,-0.0009657118
558350.5700235970,9.7889709476,-0.0352478027,0.0572204590,-0.1744140625,0.0007378472,-0.0018663194
558350.5800235970,9.7879028324,-0.0439453125,0.0599670410,-0.1744249132,0.0007595486,-0.0009657118
558350.5900235970,9.7897338870,-0.0318908691,0.0614929199,-0.1744249132,0.0007269965,-0.0018120660
558350.6000235970,9.7869873050,-0.0474548340,0.0598144531,-0.1744032118,0.0007052951,-0.0012044271
558350.6100235970,9.7895812991,-0.0340270996,0.0572204590,-0.1743706597,0.0007161458,-0.0014865451
558350.6200235970,9.7879028324,-0.0431823730,0.0584411621,-0.1743706597,0.0007703993,-0.0015733507
558350.6300235970,9.7891235355,-0.0372314453,0.0605773926,-0.1743489583,0.0007052951,-0.0010850694
558350.6400235971,9.7888183597,-0.0378417969,0.0602722168,-0.1743489583,0.0007161458,-0.0018663194
558350.6500235969,9.7885131839,-0.0436401367,0.0585937500,-0.1743706597,0.0007269965,-0.0008897569
558350.6600235970,9.7891235355,-0.0340270996,0.0582885742,-0.1744249132,0.0007378472,-0.0019531250
558350.6700235970,9.7869873050,-0.0444030762,0.0613403320,-0.1743923611,0.0007486979,-0.0009657118
558350.6800235970,9.7895812991,-0.0325012207,0.0607299805,-0.1744574653,0.0007161458,-0.0017361111
558350.6900235970,9.7880554202,-0.0463867188,0.0582885742,-0.1744357639,0.0007269965,-0.0012695312
558350.7000235970,9.7894287113,-0.0346374512,0.0582885742,-0.1744574653,0.0007595486,-0.0013888889
558350.7100235970,9.7882080081,-0.0424194336,0.0596618652,-0.1743489583,0.0007486979,-0.0016276042
558350.7200235970,9.7885131839,-0.0372314453,0.0610351563,-0.1743272569,0.0007269965,-0.0010633681
558350.7300235970,9.7886657718,-0.0367736816,0.0592041016,-0.1743923611,0.0007161458,-0.0018446181
558350.7400235970,9.7871398929,-0.0450134277,0.0579833984,-0.1743381076,0.0007269965,-0.0009657118
558350.7500235970,9.7889709476,-0.0355529785,0.0584411621,-0.1743923611,0.0007595486,-0.0018663194
558350.7600235970,9.7877502445,-0.0425720215,0.0617980957,-0.1743923611,0.0007269965,-0.0009982639
558350.7700235971,9.7901916507,-0.0326538086,0.0601196289,-0.1744249132,0.0007486979,-0.0018012153
558350.7800235969,9.7877502445,-0.0468444824,0.0576782227,-0.1743706597,0.0007269965,-0.0011284722
558350.7900235970,9.7894287113,-0.0335693359,0.0590515137,-0.1744140625,0.0007486979,-0.0015842014
558350.8000235970,9.7883605960,-0.0442504883,0.0608825684,-0.1744140625,0.0007378472,-0.0014539931
558350.8100235970,9.7892761234,-0.0344848633,0.0605773926,-0.1744140625,0.0006944444,-0.0012369792
558350.8200235970,9.7891235355,-0.0395202637,0.0590515137,-0.1744466146,0.0007703993,-0.0017578125
558350.8300235970,9.7888183597,-0.0411987305,0.0590515137,-0.1744032118,0.0006835937,-0.0009548611
558350.8400235970,9.7889709476,-0.0361633301,0.0593566895,-0.1744574653,0.0007703993,-0.0019097222
558350.8500235970,9.7877502445,-0.0440979004,0.0601196289,-0.1743706597,0.0007269965,-0.0009223090
558350.8600235970,9.7895812991,-0.0311279297,0.0595092773,-0.1743598090,0.0007486979,-0.0018446181
558350.8700235970,9.7879028324,-0.0463867188,0.0584411621,-0.1743598090,0.0007269965,-0.0011284722
558350.8800235970,9.7892761234,-0.0337219238,0.0595092773,-0.1743706597,0.0007161458,-0.0015733507
558350.8900235971,9.7879028324,-0.0437927246,0.0601196289,-0.1743706597,0.0007486979,-0.0014648437
558350.9000235969,9.7894287113,-0.0344848633,0.0598144531,-0.1743706597,0.0007269965,-0.0012478299
558350.9100235970,9.7886657718,-0.0392150879,0.0595092773,-0.1744466146,0.0007378472,-0.0016710069
558350.9200235970,9.7886657718,-0.0413513184,0.0584411621,-0.1743598090,0.0007378472,-0.0010742187
558350.9300235970,9.7889709476,-0.0369262695,0.0598144531,-0.1744032118,0.0007378472,-0.0018663194
558350.9400235970,9.7874450687,-0.0411987305,0.0598144531,-0.1744140625,0.0007378472,-0.0009548611
558350.9500235970,9.7897338870,-0.0337219238,0.0595092773,-0.1744466146,0.0007269965,-0.0018446181
558350.9600235970,9.7877502445,-0.0463867188,0.0588989258,-0.1744357639,0.0007378472,-0.0010525174
558350.9700235970,9.7892761234,-0.0321960449,0.0598144531,-0.1745117187,0.0007269965,-0.0017144097
558350.9800235970,9.7877502445,-0.0444030762,0.0602722168,-0.1744249132,0.0007378472,-0.0012478299
558350.9900235970,9.7904968265,-0.0332641602,0.0579833984,-0.1744140625,0.0007486979,-0.0014865451
558351.0000235970,9.7871398929,-0.0433349609,0.0593566895,-0.1743164062,0.0007378472,-0.0014865451
558351.0100235970,9.7889709476,-0.0384521484,0.0608825684,-0.1746202257,0.0007269965,-0.0012261285
558351.0200235971,9.7889709476,-0.0382995605,0.0585937500,-0.1743489583,0.0007269965,-0.0018120660
558351.0300235969,9.7879028324,-0.0405883789,0.0587463379,-0.1743055555,0.0007269965,-0.0009440104
558351.0400235970,9.7900390628,-0.0354003906,0.0596618652,-0.1743706597,0.0007812500,-0.0018988715
558351.0500235970,9.7871398929,-0.0456237793,0.0608825684,-0.1743598090,0.0006944444,-0.0009223090
558351.0600235970,9.7898864749,-0.0318908691,0.0593566895,-0.1744032118,0.0007595486,-0.0018337674
558351.0700235970,9.7875976566,-0.0447082520,0.0579833984,-0.1743923611,0.0007052951,-0.0012044271
558351.0800235970,9.7897338870,-0.0335693359,0.0595092773,-0.1743706597,0.0007703993,-0.0014322917
558351.0900235970,9.7880554202,-0.0433349609,0.0604248047,-0.1744466146,0.0007269965,-0.0015950521
558351.1000235970,9.7883605960,-0.0387573242,0.0599670410,-0.1744791667,0.0007269965,-0.0010525174
558351.1100235970,9.7888183597,-0.0360107422,0.0590515137,-0.1744791667,0.0007595486,-0.0018988715
558351.1200235970,9.7877502445,-0.0444030762,0.0587463379,-0.1743598090,0.0007052951,-0.0008680556
558351.1300235970,9.7900390628,-0.0335693359,0.0590515137,-0.1743923611,0.0007703993,-0.0019422743
558351.1400235971,9.7872924808,-0.0457763672,0.0602722168,-0.1743489583,0.0007052951,-0.0010308160
558351.1500235969,9.7895812991,-0.0312805176,0.0593566895,-0.1743381076,0.0007378472,-0.0016384549
558351.1600235970,9.7879028324,-0.0451660156,0.0582885742,-0.1743489583,0.0007378472,-0.0013780382
558351.1700235970,9.7889709476,-0.0352478027,0.0587463379,-0.1743706597,0.0007486979,-0.0012912326
558351.1800235970,9.7892761234,-0.0402832031,0.0602722168,-0.1744032118,0.0007486979,-0.0017469618
558351.1900235970,9.7879028324,-0.0399780273,0.0595092773,-0.1743706597,0.0006944444,-0.0009548611
558351.2000235970,9.7894287113,-0.0358581543,0.0585937500,-0.1744357639,0.0007595486,-0.0019205729
558351.2100235970,9.7875976566,-0.0440979004,0.0588989258,-0.1744249132,0.0007052951,-0.0009548611
558351.2200235970,9.7894287113,-0.0325012207,0.0596618652,-0.1744357639,0.0007595486,-0.0018663194
558351.2300235970,9.7879028324,-0.0447082520,0.0593566895,-0.1744791667,0.0007269965,-0.0010742187
558351.2400235970,9.7897338870,-0.0331115723,0.0593566895,-0.1745008680,0.0007269965,-0.0015950521
558351.2500235970,9.7875976566,-0.0456237793,0.0582885742,-0.1744466146,0.0007269965,-0.0013671875
558351.2600235970,9.7891235355,-0.0343322754,0.0588989258,-0.1743923611,0.0007595486,-0.0013454861
558351.2700235971,9.7880554202,-0.0405883789,0.0595092773,-0.1744140625,0.0007378472,-0.0016384549
558351.2800235969,9.7883605960,-0.0389099121,0.0596618652,-0.1743598090,0.0007269965,-0.0010850694
558351.2900235970,9.7892761234,-0.0384521484,0.0592041016,-0.1744249132,0.0007378472,-0.0017686632
558351.3000235970,9.7871398929,-0.0418090820,0.0596618652,-0.1743164062,0.0007378472,-0.0010308160
558351.3100235970,9.7900390628,-0.0355529785,0.0592041016,-0.1744140625,0.0007269965,-0.0018337674
558351.3200235970,9.7875976566,-0.0419616699,0.0595092773,-0.1743489583,0.0007378472,-0.0009874132
558351.3300235970,9.7888183597,-0.0335693359,0.0596618652,-0.1744032118,0.0007378472,-0.0018446181
558351.3400235970,9.7883605960,-0.0469970703,0.0593566895,-0.1744249132,0.0007378472,-0.0010633681
558351.3500235970,9.7906494144,-0.0315856934,0.0592041016,-0.1744357639,0.0007486979,-0.0016818576
558351.3600235970,9.7875976566,-0.0433349609,0.0595092773,-0.1744574653,0.0007378472,-0.0013020833
558351.3700235970,9.7891235355,-0.0363159180,0.0590515137,-0.1744357639,0.0007486979,-0.0013454861
558351.3800235970,9.7880554202,-0.0424194336,0.0598144531,-0.1744791667,0.0007486979,-0.0016384549
558351.3900235971,9.7883605960,-0.0382995605,0.0595092773,-0.1743923611,0.0007052951,-0.0010742187
558351.4000235969,9.7886657718,-0.0370788574,0.0588989258,-0.1743923611,0.0007595486,-0.0018554687
558351.4100235970,9.7872924808,-0.0433349609,0.0598144531,-0.1743598090,0.0007378472,-0.0009223090
558351.4200235970,9.7889709476,-0.0346374512,0.0598144531,-0.1744032118,0.0007703993,-0.0018880208
558351.4300235970,9.7871398929,-0.0437927246,0.0596618652,-0.1744032118,0.0007052951,-0.0009874132
558351.4400235970,9.7895812991,-0.0326538086,0.0595092773,-0.1743923611,0.0007595486,-0.0017686632
558351.4500235970,9.7872924808,-0.0457763672,0.0587463379,-0.1743923611,0.0007269965,-0.0011718750
558351.4600235970,9.7892761234,-0.0323486328,0.0599670410,-0.1744032118,0.0007378472,-0.0015190972
558351.4700235970,9.7877502445,-0.0431823730,0.0595092773,-0.1743598090,0.0007378472,-0.0015082465
558351.4800235970,9.7891235355,-0.0375366211,0.0595092773,-0.1743923611,0.0007595486,-0.0011501736
558351.4900235970,9.7880554202,-0.0379943848,0.0587463379,-0.1744791667,0.0007595486,-0.0018337674
558351.5000235970,9.7871398929,-0.0418090820,0.0595092773,-0.1744574653,0.0007378472,-0.0009223090
558351.5100235970,9.7889709476,-0.0335693359,0.0601196289,-0.1744574653,0.0007595486,-0.0019205729
558351.5200235971,9.7874450687,-0.0457763672,0.0604248047,-0.1744466146,0.0007052951,-0.0009440104
558351.5300235969,9.7900390628,-0.0323486328,0.0585937500,-0.1744466146,0.0007486979,-0.0018229167
558351.5400235970,9.7879028324,-0.0447082520,0.0579833984,-0.1744032118,0.0007378472,-0.0011284722
558351.5500235970,9.7892761234,-0.0320434570,0.0596618652,-0.1744357639,0.0007378472,-0.0015842014
558351.5600235970,9.7875976566,-0.0442504883,0.0608825684,-0.1743598090,0.0007378472,-0.0014322917
558351.5700235970,9.7889709476,-0.0355529785,0.0587463379,-0.1743489583,0.0007486979,-0.0012044271
558351.5800235970,9.7888183597,-0.0398254395,0.0581359863,-0.1743055555,0.0007703993,-0.0018120660
558351.5900235970,9.7875976566,-0.0411987305,0.0598144531,-0.1743055555,0.0007269965,-0.0009223090
558351.6000235970,9.7891235355,-0.0344848633,0.0610351563,-0.1744140625,0.0007595486,-0.0019205729
558351.6100235970,9.7875976566,-0.0440979004,0.0588989258,-0.1744466146,0.0006944444,-0.0009440104
558351.6200235970,9.7897338870,-0.0326538086,0.0578308105,-0.1744900174,0.0007812500,-0.0018120660
558351.6300235980,9.7871398929,-0.0453186035,0.0593566895,-0.1745008680,0.0007269965,-0.0011393229
558351.6400235980,9.7894287113,-0.0328063965,0.0601196289,-0.1745117187,0.0007378472,-0.0015516493
558351.6500235980,9.7875976566,-0.0434875488,0.0598144531,-0.1744140625,0.0007269965,-0.0014756944
558351.6600235980,9.7894287113,-0.0360107422,0.0588989258,-0.1743489583,0.0007269965,-0.0012369792
558351.6700235980,9.7889709476,-0.0401306152,0.0588989258,-0.1743923611,0.0007486979,-0.0017144097
558351.6800235980,9.7879028324,-0.0401306152,0.0601196289,-0.1743489583,0.0007378472,-0.0010308160
558351.6900235980,9.7900390628,-0.0355529785,0.0596618652,-0.1743706597,0.0007378472,-0.0018988715
558351.7000235980,9.7877502445,-0.0431823730,0.0587463379,-0.1744140625,0.0007378472,-0.0009006076
558351.7100235980,9.7901916507,-0.0315856934,0.0588989258,-0.1744140625,0.0007595486,-0.0018663194
558351.7200235981,9.7879028324,-0.0463867188,0.0599670410,-0.1743706597,0.0007486979,-0.0010742187
558351.7300235979,9.7897338870,-0.0318908691,0.0607299805,-0.1743489583,0.0007378472,-0.0016059028
558351.7400235980,9.7875976566,-0.0430297852,0.0596618652,-0.1743489583,0.0007595486,-0.0014756944
558351.7500235980,9.7888183597,-0.0360107422,0.0575256348,-0.1743706597,0.0007269965,-0.0011393229
558351.7600235980,9.7885131839,-0.0384521484,0.0585937500,-0.1744140625,0.0007595486,-0.0018554687
558351.7700235980,9.7880554202,-0.0434875488,0.0605773926,-0.1743706597,0.0007052951,-0.0009006076
558351.7800235980,9.7892761234,-0.0331115723,0.0592041016,-0.1744574653,0.0007595486,-0.0019748264
558351.7900235980,9.7874450687,-0.0447082520,0.0576782227,-0.1744140625,0.0007486979,-0.0009223090
558351.8000235980,9.7900390628,-0.0315856934,0.0595092773,-0.1744032118,0.0007703993,-0.0017469618
558351.8100235980,9.7863769534,-0.0453186035,0.0605773926,-0.1743489583,0.0007378472,-0.0012152778
558351.8200235980,9.7897338870,-0.0334167480,0.0595092773,-0.1743706597,0.0007269965,-0.0014648437
558351.8300235980,9.7875976566,-0.0413513184,0.0582885742,-0.1743598090,0.0007378472,-0.0015516493
558351.8400235981,9.7891235355,-0.0372314453,0.0593566895,-0.1743489583,0.0007595486,-0.0010742187
558351.8500235979,9.7889709476,-0.0381469727,0.0598144531,-0.1744032118,0.0007486979,-0.0018446181
558351.8600235980,9.7874450687,-0.0424194336,0.0596618652,-0.1743923611,0.0007052951,-0.0009548611
558351.8700235980,9.7888183597,-0.0325012207,0.0584411621,-0.1744357639,0.0007486979,-0.0019097222
558351.8800235980,9.7875976566,-0.0436401367,0.0593566895,-0.1745008680,0.0007486979,-0.0009874132
558351.8900235980,9.7897338870,-0.0329589844,0.0601196289,-0.1745334201,0.0007486979,-0.0017469618
558351.9000235980,9.7875976566,-0.0459289551,0.0592041016,-0.1745008680,0.0007378472,-0.0011827257
558351.9100235980,9.7898864749,-0.0325012207,0.0584411621,-0.1744357639,0.0007486979,-0.0015082465
558351.9200235980,9.7879028324,-0.0425720215,0.0595092773,-0.1743706597,0.0007486979,-0.0014865451
558351.9300235980,9.7894287113,-0.0370788574,0.0596618652,-0.1743381076,0.0007378472,-0.0011827257
558351.9400235980,9.7886657718,-0.0387573242,0.0592041016,-0.1742730035,0.0007703993,-0.0017686632
558351.9500235980,9.7883605960,-0.0396728516,0.0581359863,-0.1742838542,0.0007378472,-0.0009440104
558351.9600235980,9.7894287113,-0.0343322754,0.0592041016,-0.1743164062,0.0007595486,-0.0019097222
558351.9700235981,9.7877502445,-0.0448608398,0.0602722168,-0.1743598090,0.0007378472,-0.0009440104
558351.9800235979,9.7901916507,-0.0326538086,0.0599670410,-0.1743923611,0.0007595486,-0.0018337674
558351.9900235980,9.7879028324,-0.0453186035,0.0576782227,-0.1743489583,0.0007052951,-0.0011176215
558352.0000235980,9.7894287113,-0.0320434570,0.0581359863,-0.1744032118,0.0007595486,-0.0016493056
558352.0100235980,9.7874450687,-0.0450134277,0.0608825684,-0.1746744792,0.0007378472,-0.0012803819
558352.0200235980,9.7900390628,-0.0343322754,0.0605773926,-0.1744032118,0.0007269965,-0.0013563368
558352.0300235980,9.7883605960,-0.0416564941,0.0575256348,-0.1744466146,0.0007595486,-0.0015950521
558352.0400235980,9.7889709476,-0.0373840332,0.0578308105,-0.1745117187,0.0007269965,-0.0010742187
558352.0500235980,9.7886657718,-0.0382995605,0.0601196289,-0.1744249132,0.0007595486,-0.0018446181
558352.0600235980,9.7874450687,-0.0430297852,0.0607299805,-0.1744357639,0.0006944444,-0.0009114583
558352.0700235980,9.7901916507,-0.0331115723,0.0587463379,-0.1744249132,0.0007703993,-0.0019205729
558352.0800235980,9.7872924808,-0.0440979004,0.0578308105,-0.1743706597,0.0007378472,-0.0009657118
558352.0900235981,9.7895812991,-0.0318908691,0.0598144531,-0.1744140625,0.0007486979,-0.0017144097
558352.1000235979,9.7874450687,-0.0462341309,0.0601196289,-0.1743706597,0.0007486979,-0.0013020833
558352.1100235980,9.7889709476,-0.0341796875,0.0587463379,-0.1744032118,0.0007269965,-0.0013563368
558352.1200235980,9.7883605960,-0.0393676758,0.0585937500,-0.1744140625,0.0007595486,-0.0016384549
558352.1300235980,9.7880554202,-0.0386047363,0.0590515137,-0.1743598090,0.0007269965,-0.0010525174
558352.1400235980,9.7895812991,-0.0386047363,0.0602722168,-0.1743706597,0.0007703993,-0.0018446181
558352.1500235980,9.7883605960,-0.0430297852,0.0599670410,-0.1743923611,0.0007269965,-0.0009223090
558352.1600235980,9.7897338870,-0.0323486328,0.0579833984,-0.1744249132,0.0007595486,-0.0019097222
558352.1700235980,9.7877502445,-0.0445556641,0.0588989258,-0.1743923611,0.0007486979,-0.0009765625
558352.1800235980,9.7897338870,-0.0326538086,0.0602722168,-0.1744466146,0.0007486979,-0.0017469618
558352.1900235980,9.7875976566,-0.0457763672,0.0598144531,-0.1744791667,0.0007378472,-0.0012912326
558352.2000235980,9.7900390628,-0.0326538086,0.0579833984,-0.1744791667,0.0007703993,-0.0013888889
558352.2100235980,9.7883605960,-0.0407409668,0.0592041016,-0.1744574653,0.0007703993,-0.0016384549
558352.2200235981,9.7888183597,-0.0382995605,0.0604248047,-0.1745008680,0.0007378472,-0.0010525174
558352.2300235979,9.7880554202,-0.0361633301,0.0601196289,-0.1744791667,0.0007378472,-0.0018880208
558352.2400235980,9.7880554202,-0.0433349609,0.0578308105,-0.1743923611,0.0007486979,-0.0009114583
558352.2500235980,9.7898864749,-0.0315856934,0.0576782227,-0.1743272569,0.0007595486,-0.0018988715
558352.2600235980,9.7877502445,-0.0453186035,0.0611877441,-0.1743164062,0.0007595486,-0.0010091146
558352.2700235980,9.7882080081,-0.0323486328,0.0595092773,-0.1743272569,0.0007269965,-0.0016818576
558352.2800235980,9.7874450687,-0.0447082520,0.0585937500,-0.1743272569,0.0007595486,-0.0013563368
558352.2900235980,9.7897338870,-0.0338745117,0.0582885742,-0.1743598090,0.0007486979,-0.0012695312
558352.3000235980,9.7900390628,-0.0398254395,0.0604248047,-0.1744032118,0.0007703993,-0.0017144097
558352.3100235980,9.7883605960,-0.0396728516,0.0598144531,-0.1743381076,0.0006944444,-0.0009982639
558352.3200235980,9.7889709476,-0.0343322754,0.0575256348,-0.1744032118,0.0007703993,-0.0018988715
558352.3300235980,9.7871398929,-0.0437927246,0.0590515137,-0.1744032118,0.0007378472,-0.0009006076
558352.3400235981,9.7903442386,-0.0331115723,0.0599670410,-0.1744140625,0.0007703993,-0.0019097222
558352.3500235979,9.7877502445,-0.0453186035,0.0593566895,-0.1744249132,0.0007486979,-0.0010633681
558352.3600235980,9.7898864749,-0.0308227539,0.0595092773,-0.1744574653,0.0007486979,-0.0016059028
558352.3700235980,9.7882080081,-0.0440979004,0.0595092773,-0.1744466146,0.0007595486,-0.0013563368
558352.3800235980,9.7891235355,-0.0360107422,0.0596618652,-0.1744357639,0.0007595486,-0.0013454861
558352.3900235980,9.7880554202,-0.0390625000,0.0595092773,-0.1744140625,0.0007595486,-0.0016601562
558352.4000235980,9.7883605960,-0.0375366211,0.0592041016,-0.1744249132,0.0007486979,-0.0010308160
558352.4100235980,9.7897338870,-0.0363159180,0.0590515137,-0.1744140625,0.0007703993,-0.0018446181
558352.4200235980,9.7875976566,-0.0448608398,0.0596618652,-0.1743923611,0.0007269965,-0.0008897569
558352.4300235980,9.7898864749,-0.0323486328,0.0588989258,-0.1743598090,0.0007703993,-0.0019314236
558352.4400235980,9.7869873050,-0.0437927246,0.0598144531,-0.1743164062,0.0007378472,-0.0010308160
558352.4500235980,9.7892761234,-0.0314331055,0.0592041016,-0.1743923611,0.0007378472,-0.0016493056
558352.4600235980,9.7874450687,-0.0462341309,0.0592041016,-0.1744032118,0.0007595486,-0.0013997396
558352.4700235981,9.7891235355,-0.0361633301,0.0588989258,-0.1744466146,0.0007269965,-0.0012261285
558352.4800235979,9.7891235355,-0.0372314453,0.0593566895,-0.1744574653,0.0007812500,-0.0017686632
558352.4900235980,9.7874450687,-0.0395202637,0.0598144531,-0.1744791667,0.0007052951,-0.0009114583
558352.5000235980,9.7895812991,-0.0352478027,0.0601196289,-0.1744900174,0.0007812500,-0.0019097222
558352.5100235980,9.7879028324,-0.0450134277,0.0584411621,-0.1744574653,0.0007269965,-0.0009440104
558352.5200235980,9.7897338870,-0.0305175781,0.0582885742,-0.1743923611,0.0007812500,-0.0018120660
558352.5300235980,9.7880554202,-0.0437927246,0.0595092773,-0.1743706597,0.0007269965,-0.0011501736
558352.5400235980,9.7894287113,-0.0337219238,0.0607299805,-0.1744032118,0.0007595486,-0.0014756944
558352.5500235980,9.7880554202,-0.0439453125,0.0587463379,-0.1743489583,0.0007703993,-0.0015190972
558352.5600235980,9.7886657718,-0.0355529785,0.0581359863,-0.1743272569,0.0007486979,-0.0011393229
558352.5700235980,9.7894287113,-0.0354003906,0.0596618652,-0.1743923611,0.0007812500,-0.0018012153
558352.5800235980,9.7877502445,-0.0416564941,0.0607299805,-0.1744032118,0.0007052951,-0.0009440104
558352.5900235981,9.7895812991,-0.0355529785,0.0590515137,-0.1744249132,0.0007595486,-0.0019314236
558352.6000235979,9.7877502445,-0.0444030762,0.0582885742,-0.1743706597,0.0007595486,-0.0009440104
558352.6100235980,9.7897338870,-0.0305175781,0.0592041016,-0.1744357639,0.0007595486,-0.0018120660
558352.6200235980,9.7875976566,-0.0456237793,0.0602722168,-0.1744791667,0.0007595486,-0.0011393229
558352.6300235980,9.7895812991,-0.0332641602,0.0593566895,-0.1745008680,0.0007269965,-0.0014865451
558352.6400235980,9.7879028324,-0.0425720215,0.0585937500,-0.1744140625,0.0007812500,-0.0015516493
558352.6500235980,9.7892761234,-0.0354003906,0.0585937500,-0.1743598090,0.0007378472,-0.0011284722
558352.6600235980,9.7892761234,-0.0367736816,0.0587463379,-0.1744032118,0.0007486979,-0.0018012153
558352.6700235980,9.7872924808,-0.0422668457,0.0602722168,-0.1742621528,0.0007269965,-0.0009114583
558352.6800235980,9.7889709476,-0.0343322754,0.0588989258,-0.1744249132,0.0007703993,-0.0019314236
558352.6900235980,9.7880554202,-0.0431823730,0.0587463379,-0.1743923611,0.0007378472,-0.0009548611
558352.7000235990,9.7900390628,-0.0302124023,0.0596618652,-0.1744140625,0.0007703993,-0.0017578125
558352.7100235990,9.7877502445,-0.0454711914,0.0602722168,-0.1744140625,0.0007486979,-0.0011827257
558352.7200235990,9.7897338870,-0.0334167480,0.0590515137,-0.1744574653,0.0007378472,-0.0015190972
558352.7300235990,9.7882080081,-0.0418090820,0.0587463379,-0.1744357639,0.0007703993,-0.0014865451
558352.7400235990,9.7891235355,-0.0346374512,0.0584411621,-0.1743381076,0.0007595486,-0.0011718750
558352.7500235990,9.7886657718,-0.0382995605,0.0604248047,-0.1742187500,0.0007486979,-0.0017578125
558352.7600235990,9.7872924808,-0.0416564941,0.0596618652,-0.1743164062,0.0007378472,-0.0009765625
558352.7700235990,9.7889709476,-0.0329589844,0.0581359863,-0.1744466146,0.0007378472,-0.0019097222
558352.7800235990,9.7872924808,-0.0427246094,0.0592041016,-0.1744900174,0.0007595486,-0.0009765625
558352.7900235991,9.7898864749,-0.0323486328,0.0605773926,-0.1744357639,0.0007269965,-0.0017686632
558352.8000235989,9.7871398929,-0.0450134277,0.0593566895,-0.1743598090,0.0007378472,-0.0011284722
558352.8100235990,9.7900390628,-0.0318908691,0.0581359863,-0.1743923611,0.0007703993,-0.0016059028
558352.8200235990,9.7874450687,-0.0427246094,0.0596618652,-0.1743164062,0.0007486979,-0.0013563368
558352.8300235990,9.7892761234,-0.0352478027,0.0596618652,-0.1743164062,0.0007703993,-0.0013129340
558352.8400235990,9.7886657718,-0.0410461426,0.0596618652,-0.1743055555,0.0007703993,-0.0016384549
558352.8500235990,9.7885131839,-0.0364685059,0.0595092773,-0.1743489583,0.0007269965,-0.0010850694
558352.8600235990,9.7891235355,-0.0367736816,0.0587463379,-0.1743598090,0.0007595486,-0.0018120660
558352.8700235990,9.7871398929,-0.0413513184,0.0588989258,-0.1743923611,0.0007486979,-0.0009440104
558352.8800235990,9.7895812991,-0.0332641602,0.0595092773,-0.1744574653,0.0008029514,-0.0018663194
558352.8900235990,9.7871398929,-0.0436401367,0.0592041016,-0.1744140625,0.0006835937,-0.0009982639
558352.9000235990,9.7894287113,-0.0314331055,0.0592041016,-0.1744357639,0.0007812500,-0.0017795139
558352.9100235990,9.7875976566,-0.0445556641,0.0590515137,-0.1744466146,0.0007269965,-0.0011393229
558352.9200235991,9.7897338870,-0.0321960449,0.0593566895,-0.1744249132,0.0007703993,-0.0015733507
558352.9300235990,9.7871398929,-0.0418090820,0.0593566895,-0.1744032118,0.0007269965,-0.0014214410
558352.9400235990,9.7886657718,-0.0338745117,0.0582885742,-0.1744032118,0.0007595486,-0.0012912326
558352.9500235990,9.7883605960,-0.0401306152,0.0590515137,-0.1744357639,0.0007595486,-0.0016276042
558352.9600235990,9.7886657718,-0.0384521484,0.0599670410,-0.1743706597,0.0007486979,-0.0010850694
558352.9700235990,9.7894287113,-0.0364685059,0.0595092773,-0.1743706597,0.0007595486,-0.0018229167
558352.9800235990,9.7874450687,-0.0407409668,0.0588989258,-0.1743706597,0.0007269965,-0.0009657118
558352.9900235990,9.7892761234,-0.0344848633,0.0595092773,-0.1743381076,0.0007703993,-0.0018663194
558353.0000235990,9.7882080081,-0.0437927246,0.0588989258,-0.1743489583,0.0007378472,-0.0009548611
558353.0100235990,9.7898864749,-0.0323486328,0.0593566895,-0.1746636285,0.0008029514,-0.0018337674
558353.0200235990,9.7880554202,-0.0444030762,0.0592041016,-0.1743923611,0.0007486979,-0.0010742187
558353.0300235990,9.7898864749,-0.0308227539,0.0596618652,-0.1744466146,0.0007486979,-0.0015950521
558353.0400235991,9.7869873050,-0.0440979004,0.0595092773,-0.1744574653,0.0007595486,-0.0013780382
558353.0500235989,9.7892761234,-0.0350952148,0.0593566895,-0.1743923611,0.0007378472,-0.0012912326
558353.0600235990,9.7889709476,-0.0387573242,0.0592041016,-0.1744032118,0.0007812500,-0.0017469618
558353.0700235990,9.7883605960,-0.0390625000,0.0585937500,-0.1743923611,0.0007052951,-0.0009223090
558353.0800235990,9.7886657718,-0.0354003906,0.0590515137,-0.1744357639,0.0007703993,-0.0018880208
558353.0900235990,9.7879028324,-0.0456237793,0.0595092773,-0.1743706597,0.0007378472,-0.0009114583
558353.1000235990,9.7892761234,-0.0296020508,0.0592041016,-0.1744140625,0.0007812500,-0.0018337674
558353.1100235990,9.7874450687,-0.0433349609,0.0587463379,-0.1743706597,0.0007486979,-0.0011284722
558353.1200235990,9.7897338870,-0.0334167480,0.0592041016,-0.1743272569,0.0007486979,-0.0015082465
558353.1300235990,9.7875976566,-0.0439453125,0.0601196289,-0.1743272569,0.0007595486,-0.0014756944
558353.1400235990,9.7889709476,-0.0344848633,0.0584411621,-0.1743706597,0.0007486979,-0.0012152778
558353.1500235990,9.7891235355,-0.0372314453,0.0592041016,-0.1744574653,0.0007921007,-0.0017469618
558353.1600235990,9.7872924808,-0.0413513184,0.0599670410,-0.1744357639,0.0007486979,-0.0009223090
558353.1700235991,9.7885131839,-0.0344848633,0.0596618652,-0.1744791667,0.0007595486,-0.0019422743
558353.1800235990,9.7874450687,-0.0434875488,0.0593566895,-0.1744249132,0.0007378472,-0.0009548611
558353.1900235990,9.7897338870,-0.0300598145,0.0588989258,-0.1744140625,0.0007703993,-0.0017578125
558353.2000235990,9.7874450687,-0.0442504883,0.0592041016,-0.1744140625,0.0007486979,-0.0011718750
558353.2100235990,9.7897338870,-0.0335693359,0.0599670410,-0.1744032118,0.0007595486,-0.0014973958
558353.2200235990,9.7879028324,-0.0424194336,0.0590515137,-0.1744032118,0.0007486979,-0.0014973958
558353.2300235990,9.7888183597,-0.0346374512,0.0575256348,-0.1743923611,0.0007378472,-0.0011393229
558353.2400235990,9.7886657718,-0.0376892090,0.0595092773,-0.1744140625,0.0007921007,-0.0018012153
558353.2500235990,9.7879028324,-0.0416564941,0.0611877441,-0.1743164062,0.0007052951,-0.0009548611
558353.2600235990,9.7891235355,-0.0338745117,0.0596618652,-0.1743055555,0.0007703993,-0.0019097222
558353.2700235990,9.7875976566,-0.0416564941,0.0581359863,-0.1743272569,0.0007269965,-0.0009548611
558353.2800235990,9.7903442386,-0.0323486328,0.0588989258,-0.1743489583,0.0008246528,-0.0018012153
558353.2900235991,9.7880554202,-0.0445556641,0.0601196289,-0.1743489583,0.0007486979,-0.0010633681
558353.3000235989,9.7892761234,-0.0314331055,0.0595092773,-0.1744140625,0.0007595486,-0.0016493056
558353.3100235990,9.7877502445,-0.0440979004,0.0590515137,-0.1743706597,0.0007378472,-0.0012912326
558353.3200235990,9.7895812991,-0.0328063965,0.0584411621,-0.1744140625,0.0007812500,-0.0013563368
558353.3300235990,9.7880554202,-0.0416564941,0.0604248047,-0.1744032118,0.0007486979,-0.0015842014
558353.3400235990,9.7883605960,-0.0366210938,0.0602722168,-0.1744466146,0.0007486979,-0.0011176215
558353.3500235990,9.7885131839,-0.0370788574,0.0584411621,-0.1744466146,0.0007486979,-0.0017686632
558353.3600235990,9.7875976566,-0.0398254395,0.0576782227,-0.1744249132,0.0007486979,-0.0009440104
558353.3700235990,9.7897338870,-0.0344848633,0.0595092773,-0.1744357639,0.0007812500,-0.0018880208
558353.3800235990,9.7875976566,-0.0442504883,0.0602722168,-0.1743923611,0.0007378472,-0.0009223090
558353.3900235990,9.7888183597,-0.0302124023,0.0592041016,-0.1743706597,0.0007486979,-0.0018337674
558353.4000235990,9.7872924808,-0.0450134277,0.0581359863,-0.1743598090,0.0007486979,-0.0010959201
558353.4100235990,9.7898864749,-0.0318908691,0.0582885742,-0.1743164062,0.0007595486,-0.0015625000
558353.4200235991,9.7882080081,-0.0425720215,0.0598144531,-0.1744249132,0.0007703993,-0.0013997396
558353.4300235990,9.7892761234,-0.0331115723,0.0604248047,-0.1744791667,0.0007486979,-0.0013020833
558353.4400235990,9.7875976566,-0.0395202637,0.0587463379,-0.1744900174,0.0007703993,-0.0016601562
558353.4500235990,9.7886657718,-0.0392150879,0.0582885742,-0.1744574653,0.0007486979,-0.0010525174
558353.4600235990,9.7885131839,-0.0357055664,0.0595092773,-0.1744900174,0.0008029514,-0.0018446181
558353.4700235990,9.7879028324,-0.0401306152,0.0607299805,-0.1744357639,0.0007269965,-0.0009114583
558353.4800235990,9.7885131839,-0.0315856934,0.0598144531,-0.1744032118,0.0007703993,-0.0018663194
558353.4900235990,9.7879028324,-0.0460815430,0.0576782227,-0.1744249132,0.0007269965,-0.0009657118
558353.5000235990,9.7898864749,-0.0303649902,0.0587463379,-0.1744249132,0.0008138021,-0.0017795139
558353.5100235990,9.7877502445,-0.0428771973,0.0601196289,-0.1743923611,0.0007486979,-0.0012152778
558353.5200235990,9.7891235355,-0.0317382813,0.0599670410,-0.1743381076,0.0007595486,-0.0013780382
558353.5300235990,9.7880554202,-0.0424194336,0.0582885742,-0.1742838542,0.0007486979,-0.0016384549
558353.5400235991,9.7885131839,-0.0392150879,0.0588989258,-0.1742404514,0.0007703993,-0.0010091146
558353.5500235989,9.7889709476,-0.0331115723,0.0592041016,-0.1743164062,0.0007703993,-0.0018880208
558353.5600235990,9.7874450687,-0.0413513184,0.0601196289,-0.1743706597,0.0007595486,-0.0008789062
558353.5700235990,9.7895812991,-0.0325012207,0.0588989258,-0.1744466146,0.0007703993,-0.0018880208
558353.5800235990,9.7869873050,-0.0456237793,0.0587463379,-0.1744249132,0.0007486979,-0.0010416667
558353.5900235990,9.7898864749,-0.0292968750,0.0592041016,-0.1744900174,0.0007812500,-0.0016818576
558353.6000235990,9.7872924808,-0.0434875488,0.0602722168,-0.1744574653,0.0007486979,-0.0013020833
558353.6100235990,9.7892761234,-0.0343322754,0.0592041016,-0.1744249132,0.0007378472,-0.0013237847
558353.6200235990,9.7877502445,-0.0399780273,0.0588989258,-0.1744574653,0.0007812500,-0.0016601562
558353.6300235990,9.7886657718,-0.0373840332,0.0588989258,-0.1744357639,0.0007378472,-0.0010416667
558353.6400235990,9.7889709476,-0.0350952148,0.0599670410,-0.1744249132,0.0007812500,-0.0018554687
558353.6500235990,9.7874450687,-0.0422668457,0.0590515137,-0.1743598090,0.0007052951,-0.0009006076
558353.6600235990,9.7895812991,-0.0321960449,0.0590515137,-0.1743381076,0.0007921007,-0.0018554687
558353.6700235991,9.7871398929,-0.0442504883,0.0596618652,-0.1743272569,0.0007269965,-0.0010308160
558353.6800235990,9.7898864749,-0.0305175781,0.0602722168,-0.1743706597,0.0007812500,-0.0016710069
558353.6900235990,9.7875976566,-0.0439453125,0.0590515137,-0.1743598090,0.0007595486,-0.0013020833
558353.7000235990,9.7897338870,-0.0326538086,0.0581359863,-0.1744249132,0.0007595486,-0.0013780382
558353.7100235990,9.7874450687,-0.0395202637,0.0602722168,-0.1744574653,0.0007703993,-0.0015733507
558353.7200235990,9.7883605960,-0.0373840332,0.0605773926,-0.1744574653,0.0007269965,-0.0011284722
558353.7300235990,9.7894287113,-0.0369262695,0.0585937500,-0.1744466146,0.0007703993,-0.0017469618
558353.7400235990,9.7882080081,-0.0401306152,0.0582885742,-0.1743923611,0.0007486979,-0.0010308160
558353.7500235990,9.7891235355,-0.0338745117,0.0604248047,-0.1744574653,0.0007703993,-0.0018120660
558353.7600235990,9.7871398929,-0.0427246094,0.0602722168,-0.1744357639,0.0007595486,-0.0009548611
558353.7700235990,9.7900390628,-0.0326538086,0.0588989258,-0.1743706597,0.0007486979,-0.0018446181
558353.7800236000,9.7877502445,-0.0424194336,0.0576782227,-0.1743923611,0.0007703993,-0.0010416667
558353.7900236000,9.7897338870,-0.0315856934,0.0596618652,-0.1743706597,0.0007703993,-0.0016710069
558353.8000236000,9.7877502445,-0.0445556641,0.0607299805,-0.1741644965,0.0007595486,-0.0012261285
558353.8100236000,9.7892761234,-0.0329589844,0.0592041016,-0.1742404514,0.0007486979,-0.0014756944
558353.8200236000,9.7880554202,-0.0405883789,0.0585937500,-0.1743923611,0.0007703993,-0.0014214410
558353.8300236000,9.7894287113,-0.0346374512,0.0578308105,-0.1744357639,0.0007486979,-0.0012586806
558353.8400236000,9.7885131839,-0.0399780273,0.0599670410,-0.1744249132,0.0007595486,-0.0016493056
558353.8500236000,9.7886657718,-0.0375366211,0.0602722168,-0.1744357639,0.0007486979,-0.0010850694
558353.8600236000,9.7894287113,-0.0354003906,0.0590515137,-0.1744357639,0.0007703993,-0.0018012153
558353.8700235999,9.7883605960,-0.0411987305,0.0588989258,-0.1744140625,0.0007378472,-0.0009548611
558353.8800236000,9.7894287113,-0.0331115723,0.0596618652,-0.1744791667,0.0007812500,-0.0018663194
558353.8900236000,9.7872924808,-0.0448608398,0.0604248047,-0.1744466146,0.0007378472,-0.0009657118
558353.9000236000,9.7898864749,-0.0312805176,0.0598144531,-0.1744574653,0.0007921007,-0.0017686632
558353.9100236000,9.7879028324,-0.0450134277,0.0582885742,-0.1743706597,0.0007595486,-0.0011610243
558353.9200236000,9.7895812991,-0.0317382813,0.0595092773,-0.1743598090,0.0007703993,-0.0014865451
558353.9300236000,9.7875976566,-0.0424194336,0.0604248047,-0.1743489583,0.0007378472,-0.0014648437
558353.9400236000,9.7891235355,-0.0361633301,0.0590515137,-0.1743598090,0.0007595486,-0.0011827257
558353.9500236000,9.7889709476,-0.0376892090,0.0585937500,-0.1743598090,0.0007703993,-0.0017252604
558353.9600236000,9.7880554202,-0.0390625000,0.0588989258,-0.1743706597,0.0007486979,-0.0009657118
558353.9700236000,9.7892761234,-0.0343322754,0.0598144531,-0.1744140625,0.0007595486,-0.0018880208
558353.9800236000,9.7872924808,-0.0437927246,0.0593566895,-0.1743706597,0.0007486979,-0.0009548611
558353.9900236001,9.7897338870,-0.0314331055,0.0585937500,-0.1743706597,0.0007595486,-0.0018337674
558354.0000235999,9.7880554202,-0.0439453125,0.0587463379,-0.1743923611,0.0007812500,-0.0010416667
558354.0100236000,9.7897338870,-0.0306701660,0.0595092773,-0.1747395833,0.0007812500,-0.0016384549
558354.0200236000,9.7872924808,-0.0437927246,0.0601196289,-0.1744249132,0.0007486979,-0.0013454861
558354.0300236000,9.7889709476,-0.0334167480,0.0585937500,-0.1744791667,0.0007486979,-0.0013129340
558354.0400236000,9.7886657718,-0.0393676758,0.0590515137,-0.1745117187,0.0007921007,-0.0016493056
558354.0500236000,9.7880554202,-0.0378417969,0.0592041016,-0.1744357639,0.0006944444,-0.0010525174
558354.0600236000,9.7889709476,-0.0347900391,0.0587463379,-0.1744032118,0.0008138021,-0.0018554687
558354.0700236000,9.7872924808,-0.0405883789,0.0590515137,-0.1744140625,0.0007052951,-0.0009114583
558354.0800236000,9.7898864749,-0.0328063965,0.0593566895,-0.1744140625,0.0008138021,-0.0018446181
558354.0900236000,9.7879028324,-0.0450134277,0.0596618652,-0.1743272569,0.0007486979,-0.0009874132
558354.1000236000,9.7901916507,-0.0309753418,0.0599670410,-0.1743598090,0.0007595486,-0.0017686632
558354.1100236000,9.7877502445,-0.0436401367,0.0595092773,-0.1743489583,0.0007486979,-0.0011827257
558354.1200235999,9.7897338870,-0.0312805176,0.0585937500,-0.1743706597,0.0007703993,-0.0015190972
558354.1300236000,9.7882080081,-0.0431823730,0.0596618652,-0.1744032118,0.0007812500,-0.0013780382
558354.1400236000,9.7886657718,-0.0334167480,0.0598144531,-0.1743923611,0.0007703993,-0.0012912326
558354.1500236000,9.7882080081,-0.0396728516,0.0598144531,-0.1744791667,0.0007595486,-0.0016601562
558354.1600236000,9.7874450687,-0.0369262695,0.0592041016,-0.1744900174,0.0007269965,-0.0009982639
558354.1700236000,9.7891235355,-0.0350952148,0.0595092773,-0.1744574653,0.0008029514,-0.0018663194
558354.1800236000,9.7882080081,-0.0422668457,0.0596618652,-0.1744249132,0.0007378472,-0.0009223090
558354.1900236000,9.7894287113,-0.0317382813,0.0590515137,-0.1744032118,0.0007703993,-0.0018554687
558354.2000236000,9.7875976566,-0.0434875488,0.0588989258,-0.1743706597,0.0007595486,-0.0009982639
558354.2100236000,9.7894287113,-0.0308227539,0.0588989258,-0.1743381076,0.0007703993,-0.0016818576
558354.2200236000,9.7880554202,-0.0444030762,0.0596618652,-0.1743923611,0.0007812500,-0.0012369792
558354.2300236000,9.7903442386,-0.0328063965,0.0601196289,-0.1743598090,0.0007486979,-0.0014648437
558354.2400236001,9.7882080081,-0.0407409668,0.0588989258,-0.1743923611,0.0007595486,-0.0015082465
558354.2500235999,9.7889709476,-0.0340270996,0.0592041016,-0.1743598090,0.0007595486,-0.0011610243
558354.2600236000,9.7892761234,-0.0378417969,0.0587463379,-0.1744249132,0.0007595486,-0.0017469618
558354.2700236000,9.7880554202,-0.0390625000,0.0585937500,-0.1744249132,0.0007595486,-0.0009223090
558354.2800236000,9.7895812991,-0.0328063965,0.0595092773,-0.1744140625,0.0007703993,-0.0019205729
558354.2900236000,9.7868347171,-0.0434875488,0.0602722168,-0.1744791667,0.0007595486,-0.0008897569
558354.3000236000,9.7897338870,-0.0308227539,0.0593566895,-0.1744900174,0.0007595486,-0.0018663194
558354.3100236000,9.7871398929,-0.0457763672,0.0592041016,-0.1744357639,0.0007595486,-0.0011176215
558354.3200236000,9.7892761234,-0.0311279297,0.0595092773,-0.1743923611,0.0007812500,-0.0014648437
558354.3300236000,9.7883605960,-0.0405883789,0.0592041016,-0.1743598090,0.0007378472,-0.0015950521
558354.3400236000,9.7885131839,-0.0370788574,0.0596618652,-0.1743923611,0.0007812500,-0.0009657118
558354.3500236000,9.7897338870,-0.0352478027,0.0596618652,-0.1744032118,0.0007595486,-0.0019531250
558354.3600236000,9.7869873050,-0.0433349609,0.0581359863,-0.1744249132,0.0007595486,-0.0008246528
558354.3700235999,9.7901916507,-0.0297546387,0.0588989258,-0.1744357639,0.0007703993,-0.0018988715
558354.3800236000,9.7872924808,-0.0448608398,0.0607299805,-0.1743923611,0.0007486979,-0.0010633681
558354.3900236000,9.7894287113,-0.0305175781,0.0596618652,-0.1744032118,0.0007595486,-0.0015625000
558354.4000236000,9.7874450687,-0.0424194336,0.0582885742,-0.1744466146,0.0007703993,-0.0014539931
558354.4100236000,9.7886657718,-0.0340270996,0.0582885742,-0.1744249132,0.0007703993,-0.0011393229
558354.4200236000,9.7880554202,-0.0366210938,0.0614929199,-0.1744140625,0.0007703993,-0.0017686632
558354.4300236000,9.7882080081,-0.0402832031,0.0611877441,-0.1744466146,0.0007486979,-0.0009548611
558354.4400236000,9.7895812991,-0.0335693359,0.0585937500,-0.1744900174,0.0007703993,-0.0019205729
558354.4500236000,9.7875976566,-0.0424194336,0.0581359863,-0.1744140625,0.0007486979,-0.0009006076
558354.4600236000,9.7897338870,-0.0302124023,0.0602722168,-0.1744466146,0.0007812500,-0.0018229167
558354.4700236000,9.7869873050,-0.0451660156,0.0610351563,-0.1743598090,0.0007378472,-0.0010742187
558354.4800236000,9.7897338870,-0.0314331055,0.0590515137,-0.1743381076,0.0007921007,-0.0015842014
558354.4900236001,9.7877502445,-0.0433349609,0.0578308105,-0.1743055555,0.0007595486,-0.0013888889
558354.5000235999,9.7898864749,-0.0332641602,0.0599670410,-0.1743164062,0.0007812500,-0.0012586806
558354.5100236000,9.7879028324,-0.0393676758,0.0613403320,-0.1743706597,0.0007595486,-0.0016710069
558354.5200236000,9.7883605960,-0.0386047363,0.0595092773,-0.1744140625,0.0007052951,-0.0009874132
558354.5300236000,9.7889709476,-0.0343322754,0.0575256348,-0.1744574653,0.0008138021,-0.0018880208
558354.5400236000,9.7880554202,-0.0410461426,0.0588989258,-0.1744249132,0.0007703993,-0.0009006076
558354.5500236000,9.7897338870,-0.0305175781,0.0602722168,-0.1744574653,0.0007595486,-0.0018446181
558354.5600236000,9.7871398929,-0.0448608398,0.0602722168,-0.1744249132,0.0007703993,-0.0010416667
558354.5700236000,9.7898864749,-0.0302124023,0.0590515137,-0.1744140625,0.0007486979,-0.0016384549
558354.5800236000,9.7880554202,-0.0428771973,0.0590515137,-0.1744466146,0.0007921007,-0.0013888889
558354.5900236000,9.7892761234,-0.0344848633,0.0595092773,-0.1744032118,0.0007378472,-0.0011827257
558354.6000236000,9.7883605960,-0.0390625000,0.0598144531,-0.1744032118,0.0007812500,-0.0017361111
558354.6100236000,9.7877502445,-0.0384521484,0.0590515137,-0.1743706597,0.0007378472,-0.0009548611
558354.6200235999,9.7895812991,-0.0331115723,0.0585937500,-0.1744140625,0.0008138021,-0.0018554687
558354.6300236000,9.7877502445,-0.0428771973,0.0593566895,-0.1743598090,0.0007595486,-0.0009114583
558354.6400236000,9.7903442386,-0.0320434570,0.0607299805,-0.1743598090,0.0007703993,-0.0018446181
558354.6500236000,9.7874450687,-0.0442504883,0.0587463379,-0.1743381076,0.0007486979,-0.0010742187
558354.6600236000,9.7892761234,-0.0292968750,0.0581359863,-0.1743923611,0.0007812500,-0.0015842014
558354.6700236000,9.7879028324,-0.0428771973,0.0601196289,-0.1744032118,0.0007703993,-0.0013454861
558354.6800236000,9.7894287113,-0.0343322754,0.0610351563,-0.1744574653,0.0007812500,-0.0012695312
558354.6900236000,9.7882080081,-0.0389099121,0.0590515137,-0.1744574653,0.0007378472,-0.0016818576
558354.7000236000,9.7883605960,-0.0364685059,0.0579833984,-0.1744249132,0.0007703993,-0.0010308160
558354.7100236000,9.7892761234,-0.0349426270,0.0596618652,-0.1743706597,0.0007703993,-0.0018337674
558354.7200236000,9.7877502445,-0.0425720215,0.0605773926,-0.1744032118,0.0007486979,-0.0008897569
558354.7300236000,9.7901916507,-0.0306701660,0.0595092773,-0.1744357639,0.0007486979,-0.0019097222
558354.7400236001,9.7866821292,-0.0440979004,0.0578308105,-0.1743923611,0.0007378472,-0.0009874132
558354.7500235999,9.7891235355,-0.0294494629,0.0588989258,-0.1744032118,0.0007921007,-0.0016384549
558354.7600236000,9.7877502445,-0.0439453125,0.0613403320,-0.1743923611,0.0007703993,-0.0013020833
558354.7700236000,9.7895812991,-0.0335693359,0.0601196289,-0.1744140625,0.0007378472,-0.0013780382
558354.7800236000,9.7875976566,-0.0393676758,0.0585937500,-0.1743164062,0.0007703993,-0.0015625000
558354.7900236000,9.7883605960,-0.0354003906,0.0579833984,-0.1743164062,0.0007378472,-0.0011176215
558354.8000236000,9.7892761234,-0.0358581543,0.0604248047,-0.1743489583,0.0007812500,-0.0017361111
558354.8100236000,9.7883605960,-0.0404357910,0.0604248047,-0.1743381076,0.0007378472,-0.0009982639
558354.8200236000,9.7888183597,-0.0329589844,0.0585937500,-0.1744249132,0.0007703993,-0.0018229167
558354.8300236000,9.7866821292,-0.0410461426,0.0578308105,-0.1744140625,0.0007595486,-0.0009982639
558354.8400236000,9.7891235355,-0.0325012207,0.0605773926,-0.1744032118,0.0007595486,-0.0016927083
558354.8500236010,9.7879028324,-0.0433349609,0.0610351563,-0.1743381076,0.0007703993,-0.0011393229
558354.8600236010,9.7891235355,-0.0318908691,0.0592041016,-0.1743706597,0.0007486979,-0.0015733507
558354.8700236010,9.7880554202,-0.0413513184,0.0578308105,-0.1743598090,0.0007486979,-0.0012695312
558354.8800236010,9.7889709476,-0.0328063965,0.0582885742,-0.1744032118,0.0008138021,-0.0013997396
558354.8900236010,9.7885131839,-0.0411987305,0.0608825684,-0.1743598090,0.0007378472,-0.0015082465
558354.9000236010,9.7891235355,-0.0347900391,0.0602722168,-0.1743272569,0.0007812500,-0.0012261285
558354.9100236010,9.7885131839,-0.0373840332,0.0582885742,-0.1743164062,0.0007378472,-0.0016818576
558354.9200236010,9.7879028324,-0.0382995605,0.0587463379,-0.1743489583,0.0007486979,-0.0010091146
558354.9300236010,9.7894287113,-0.0347900391,0.0608825684,-0.1743598090,0.0007921007,-0.0018337674
558354.9400236011,9.7874450687,-0.0413513184,0.0605773926,-0.1744032118,0.0007486979,-0.0009223090
558354.9500236009,9.7889709476,-0.0309753418,0.0587463379,-0.1745117187,0.0007486979,-0.0018337674
558354.9600236010,9.7874450687,-0.0430297852,0.0578308105,-0.1745334201,0.0007812500,-0.0010633681
558354.9700236010,9.7897338870,-0.0308227539,0.0604248047,-0.1745225694,0.0007595486,-0.0016493056
558354.9800236010,9.7879028324,-0.0424194336,0.0613403320,-0.1744574653,0.0007703993,-0.0013020833
558354.9900236010,9.7895812991,-0.0320434570,0.0593566895,-0.1744249132,0.0007703993,-0.0013129340
558355.0000236010,9.7882080081,-0.0390625000,0.0582885742,-0.1743706597,0.0007703993,-0.0016276042
558355.0100236010,9.7879028324,-0.0373840332,0.0590515137,-0.1746961805,0.0007812500,-0.0009874132
558355.0200236010,9.7889709476,-0.0344848633,0.0608825684,-0.1744032118,0.0007703993,-0.0019097222
558355.0300236010,9.7875976566,-0.0407409668,0.0595092773,-0.1743489583,0.0007378472,-0.0008355035
558355.0400236010,9.7904968265,-0.0288391113,0.0590515137,-0.1743706597,0.0008138021,-0.0018880208
558355.0500236010,9.7868347171,-0.0451660156,0.0595092773,-0.1743272569,0.0007595486,-0.0010308160
558355.0600236011,9.7889709476,-0.0303649902,0.0605773926,-0.1743706597,0.0007486979,-0.0015625000
558355.0700236009,9.7877502445,-0.0427246094,0.0604248047,-0.1743489583,0.0007703993,-0.0014322917
558355.0800236010,9.7892761234,-0.0331115723,0.0584411621,-0.1743489583,0.0007595486,-0.0011501736
558355.0900236010,9.7886657718,-0.0370788574,0.0585937500,-0.1744466146,0.0007921007,-0.0018229167
558355.1000236010,9.7877502445,-0.0401306152,0.0604248047,-0.1744900174,0.0007486979,-0.0008680556
558355.1100236010,9.7895812991,-0.0321960449,0.0605773926,-0.1745008680,0.0007595486,-0.0019422743
558355.1200236010,9.7879028324,-0.0442504883,0.0588989258,-0.1744574653,0.0007812500,-0.0009006076
558355.1300236010,9.7900390628,-0.0285339355,0.0582885742,-0.1744574653,0.0007703993,-0.0017144097
558355.1400236010,9.7872924808,-0.0434875488,0.0598144531,-0.1744249132,0.0007703993,-0.0013237847
558355.1500236010,9.7891235355,-0.0337219238,0.0599670410,-0.1744140625,0.0007595486,-0.0012261285
558355.1600236010,9.7875976566,-0.0378417969,0.0599670410,-0.1744357639,0.0007486979,-0.0018012153
558355.1700236010,9.7889709476,-0.0384521484,0.0581359863,-0.1744140625,0.0007921007,-0.0008680556
558355.1800236010,9.7898864749,-0.0308227539,0.0590515137,-0.1744032118,0.0007703993,-0.0019314236
558355.1900236011,9.7868347171,-0.0450134277,0.0607299805,-0.1743706597,0.0007595486,-0.0008897569
558355.2000236009,9.7891235355,-0.0311279297,0.0604248047,-0.1743706597,0.0007812500,-0.0017361111
558355.2100236010,9.7871398929,-0.0418090820,0.0582885742,-0.1743923611,0.0007703993,-0.0012369792
558355.2200236010,9.7894287113,-0.0303649902,0.0581359863,-0.1743706597,0.0007595486,-0.0013780382
558355.2300236010,9.7883605960,-0.0399780273,0.0604248047,-0.1743706597,0.0007595486,-0.0015842014
558355.2400236010,9.7885131839,-0.0379943848,0.0611877441,-0.1744574653,0.0008138021,-0.0010742187
558355.2500236010,9.7898864749,-0.0349426270,0.0592041016,-0.1743923611,0.0007812500,-0.0018120660
558355.2600236010,9.7880554202,-0.0389099121,0.0572204590,-0.1744249132,0.0007378472,-0.0009006076
558355.2700236010,9.7892761234,-0.0317382813,0.0596618652,-0.1744791667,0.0007486979,-0.0018554687
558355.2800236010,9.7872924808,-0.0445556641,0.0610351563,-0.1744466146,0.0007921007,-0.0009657118
558355.2900236010,9.7897338870,-0.0306701660,0.0598144531,-0.1744791667,0.0008246528,-0.0017252604
558355.3000236010,9.7868347171,-0.0431823730,0.0579833984,-0.1744032118,0.0007052951,-0.0012478299
558355.3100236011,9.7895812991,-0.0306701660,0.0592041016,-0.1743706597,0.0007486979,-0.0013237847
558355.3200236009,9.7880554202,-0.0392150879,0.0611877441,-0.1743164062,0.0008138021,-0.0016493056
558355.3300236010,9.7885131839,-0.0379943848,0.0605773926,-0.1743055555,0.0007703993,-0.0009765625
558355.3400236010,9.7894287113,-0.0329589844,0.0584411621,-0.1742838542,0.0007595486,-0.0018988715
558355.3500236010,9.7872924808,-0.0415039063,0.0579833984,-0.1743055555,0.0007269965,-0.0008680556
558355.3600236010,9.7897338870,-0.0302124023,0.0608825684,-0.1744032118,0.0008680556,-0.0018229167
558355.3700236010,9.7866821292,-0.0444030762,0.0611877441,-0.1743923611,0.0007052951,-0.0010633681
558355.3800236010,9.7894287113,-0.0306701660,0.0588989258,-0.1744900174,0.0007486979,-0.0015842014
558355.3900236010,9.7875976566,-0.0416564941,0.0578308105,-0.1744357639,0.0007703993,-0.0013454861
558355.4000236010,9.7889709476,-0.0329589844,0.0598144531,-0.1744466146,0.0007703993,-0.0012912326
558355.4100236010,9.7879028324,-0.0381469727,0.0608825684,-0.1744574653,0.0007595486,-0.0017252604
558355.4200236010,9.7877502445,-0.0379943848,0.0598144531,-0.1744791667,0.0007378472,-0.0009114583
558355.4300236010,9.7897338870,-0.0335693359,0.0585937500,-0.1745008680,0.0008029514,-0.0019097222
558355.4400236011,9.7885131839,-0.0427246094,0.0590515137,-0.1743598090,0.0007595486,-0.0009006076
558355.4500236009,9.7897338870,-0.0294494629,0.0599670410,-0.1744032118,0.0007486979,-0.0018337674
558355.4600236010,9.7869873050,-0.0421142578,0.0608825684,-0.1745876736,0.0007812500,-0.0010525174
558355.4700236010,9.7901916507,-0.0308227539,0.0588989258,-0.1745117187,0.0007812500,-0.0015842014
558355.4800236010,9.7874450687,-0.0430297852,0.0585937500,-0.1743272569,0.0007703993,-0.0013020833
558355.4900236010,9.7897338870,-0.0328063965,0.0598144531,-0.1743272569,0.0007812500,-0.0013346354
558355.5000236010,9.7874450687,-0.0381469727,0.0602722168,-0.1743055555,0.0007703993,-0.0016059028
558355.5100236010,9.7880554202,-0.0366210938,0.0592041016,-0.1742838542,0.0007486979,-0.0009982639
558355.5200236010,9.7891235355,-0.0352478027,0.0588989258,-0.1743598090,0.0007921007,-0.0018663194
558355.5300236010,9.7875976566,-0.0416564941,0.0590515137,-0.1743706597,0.0007595486,-0.0008680556
558355.5400236010,9.7900390628,-0.0302124023,0.0604248047,-0.1744249132,0.0007812500,-0.0019205729
558355.5500236010,9.7865295413,-0.0430297852,0.0595092773,-0.1744357639,0.0007269965,-0.0009874132
558355.5600236011,9.7894287113,-0.0300598145,0.0590515137,-0.1745225694,0.0007703993,-0.0016059028
558355.5700236009,9.7882080081,-0.0430297852,0.0592041016,-0.1744900174,0.0008246528,-0.0013780382
558355.5800236010,9.7894287113,-0.0317382813,0.0602722168,-0.1743706597,0.0007378472,-0.0012369792
558355.5900236010,9.7875976566,-0.0381469727,0.0602722168,-0.1742730035,0.0007595486,-0.0016710069
558355.6000236010,9.7879028324,-0.0384521484,0.0595092773,-0.1742838542,0.0007486979,-0.0009874132
558355.6100236010,9.7894287113,-0.0343322754,0.0592041016,-0.1743381076,0.0007921007,-0.0018554687
558355.6200236010,9.7882080081,-0.0410461426,0.0592041016,-0.1743381076,0.0007703993,-0.0009006076
558355.6300236010,9.7901916507,-0.0306701660,0.0590515137,-0.1743598090,0.0007703993,-0.0018446181
558355.6400236010,9.7875976566,-0.0437927246,0.0590515137,-0.1743706597,0.0007486979,-0.0009982639
558355.6500236010,9.7897338870,-0.0305175781,0.0588989258,-0.1744032118,0.0007703993,-0.0016818576
558355.6600236010,9.7879028324,-0.0437927246,0.0607299805,-0.1743598090,0.0007921007,-0.0012152778
558355.6700236010,9.7894287113,-0.0300598145,0.0604248047,-0.1744140625,0.0007595486,-0.0014322917
558355.6800236010,9.7882080081,-0.0401306152,0.0592041016,-0.1744357639,0.0007703993,-0.0015082465
558355.6900236011,9.7886657718,-0.0352478027,0.0587463379,-0.1744466146,0.0007703993,-0.0011393229
558355.7000236009,9.7882080081,-0.0375366211,0.0604248047,-0.1745008680,0.0007595486,-0.0017252604
558355.7100236010,9.7885131839,-0.0382995605,0.0595092773,-0.1744466146,0.0007595486,-0.0009874132
558355.7200236010,9.7891235355,-0.0326538086,0.0595092773,-0.1744357639,0.0008138021,-0.0018229167
558355.7300236010,9.7874450687,-0.0431823730,0.0602722168,-0.1743272569,0.0007378472,-0.0009006076
558355.7400236010,9.7895812991,-0.0309753418,0.0599670410,-0.1743272569,0.0007703993,-0.0018337674
558355.7500236010,9.7875976566,-0.0436401367,0.0596618652,-0.1743489583,0.0007703993,-0.0010308160
558355.7600236010,9.7897338870,-0.0292968750,0.0595092773,-0.1743489583,0.0007703993,-0.0015950521
558355.7700236010,9.7869873050,-0.0424194336,0.0596618652,-0.1743381076,0.0007486979,-0.0013346354
558355.7800236010,9.7895812991,-0.0334167480,0.0605773926,-0.1743489583,0.0008138021,-0.0012912326
558355.7900236010,9.7882080081,-0.0382995605,0.0598144531,-0.1744032118,0.0007921007,-0.0016384549
558355.8000236010,9.7889709476,-0.0370788574,0.0596618652,-0.1743489583,0.0007595486,-0.0010091146
558355.8100236011,9.7888183597,-0.0350952148,0.0593566895,-0.1744574653,0.0007486979,-0.0018446181
558355.8200236009,9.7879028324,-0.0411987305,0.0605773926,-0.1744574653,0.0007703993,-0.0008897569
558355.8300236010,9.7895812991,-0.0311279297,0.0596618652,-0.1744900174,0.0007595486,-0.0018880208
558355.8400236010,9.7880554202,-0.0437927246,0.0593566895,-0.1744466146,0.0007595486,-0.0009874132
558355.8500236010,9.7895812991,-0.0289916992,0.0593566895,-0.1744574653,0.0007812500,-0.0016384549
558355.8600236010,9.7868347171,-0.0424194336,0.0607299805,-0.1743706597,0.0007703993,-0.0012695312
558355.8700236010,9.7892761234,-0.0326538086,0.0602722168,-0.1743381076,0.0007486979,-0.0013888889
558355.8800236010,9.7882080081,-0.0404357910,0.0593566895,-0.1743706597,0.0007595486,-0.0014865451
558355.8900236010,9.7885131839,-0.0346374512,0.0590515137,-0.1743923611,0.0007812500,-0.0011501736
558355.9000236010,9.7889709476,-0.0364685059,0.0602722168,-0.1743598090,0.0007703993,-0.0017578125
558355.9100236010,9.7871398929,-0.0392150879,0.0605773926,-0.1743164062,0.0007486979,-0.0009440104
558355.9200236020,9.7895812991,-0.0334167480,0.0593566895,-0.1743272569,0.0007921007,-0.0018663194
558355.9300236020,9.7875976566,-0.0427246094,0.0585937500,-0.1742838542,0.0007595486,-0.0009223090
558355.9400236020,9.7895812991,-0.0286865234,0.0602722168,-0.1743381076,0.0007812500,-0.0017795139
558355.9500236020,9.7875976566,-0.0436401367,0.0607299805,-0.1744032118,0.0007486979,-0.0011284722
558355.9600236020,9.7894287113,-0.0315856934,0.0596618652,-0.1744574653,0.0007812500,-0.0014973958
558355.9700236020,9.7880554202,-0.0411987305,0.0588989258,-0.1744791667,0.0007703993,-0.0014648437
558355.9800236020,9.7891235355,-0.0344848633,0.0592041016,-0.1744466146,0.0007486979,-0.0011176215
558355.9900236020,9.7882080081,-0.0364685059,0.0605773926,-0.1744357639,0.0008246528,-0.0017361111
558356.0000236020,9.7879028324,-0.0386047363,0.0605773926,-0.1743923611,0.0007378472,-0.0009440104
558356.0100236021,9.7888183597,-0.0321960449,0.0588989258,-0.1746853299,0.0008138021,-0.0018880208
558356.0200236019,9.7880554202,-0.0421142578,0.0592041016,-0.1743706597,0.0007595486,-0.0008789062
558356.0300236020,9.7894287113,-0.0306701660,0.0605773926,-0.1743272569,0.0007595486,-0.0018120660
558356.0400236020,9.7871398929,-0.0433349609,0.0604248047,-0.1743598090,0.0007812500,-0.0010850694
558356.0500236020,9.7886657718,-0.0296020508,0.0595092773,-0.1743381076,0.0007486979,-0.0015299479
558356.0600236020,9.7882080081,-0.0413513184,0.0588989258,-0.1743489583,0.0007812500,-0.0014322917
558356.0700236020,9.7891235355,-0.0344848633,0.0599670410,-0.1743706597,0.0007812500,-0.0011284722
558356.0800236020,9.7882080081,-0.0358581543,0.0614929199,-0.1744357639,0.0008138021,-0.0017686632
558356.0900236020,9.7879028324,-0.0382995605,0.0595092773,-0.1744574653,0.0007269965,-0.0009440104
558356.1000236020,9.7895812991,-0.0326538086,0.0582885742,-0.1744249132,0.0007486979,-0.0018446181
558356.1100236020,9.7879028324,-0.0425720215,0.0599670410,-0.1744466146,0.0007378472,-0.0009548611
558356.1200236020,9.7901916507,-0.0299072266,0.0610351563,-0.1744140625,0.0008246528,-0.0017469618
558356.1300236020,9.7882080081,-0.0431823730,0.0604248047,-0.1744032118,0.0007595486,-0.0010850694
558356.1400236021,9.7886657718,-0.0302124023,0.0579833984,-0.1744032118,0.0007378472,-0.0015625000
558356.1500236019,9.7872924808,-0.0413513184,0.0599670410,-0.1744249132,0.0007703993,-0.0014105903
558356.1600236020,9.7894287113,-0.0332641602,0.0607299805,-0.1744032118,0.0007812500,-0.0011284722
558356.1700236020,9.7883605960,-0.0372314453,0.0598144531,-0.1743598090,0.0007703993,-0.0017686632
558356.1800236020,9.7877502445,-0.0398254395,0.0592041016,-0.1743489583,0.0007812500,-0.0008680556
558356.1900236020,9.7889709476,-0.0303649902,0.0593566895,-0.1743381076,0.0007703993,-0.0019097222
558356.2000236020,9.7877502445,-0.0428771973,0.0604248047,-0.1744466146,0.0007812500,-0.0008897569
558356.2100236020,9.7895812991,-0.0297546387,0.0598144531,-0.1745768229,0.0007703993,-0.0017469618
558356.2200236020,9.7869873050,-0.0439453125,0.0590515137,-0.1745008680,0.0007595486,-0.0012044271
558356.2300236020,9.7897338870,-0.0294494629,0.0593566895,-0.1744249132,0.0007703993,-0.0014539931
558356.2400236020,9.7879028324,-0.0402832031,0.0604248047,-0.1743598090,0.0007921007,-0.0014648437
558356.2500236020,9.7892761234,-0.0355529785,0.0598144531,-0.1743489583,0.0007812500,-0.0011284722
558356.2600236021,9.7882080081,-0.0372314453,0.0595092773,-0.1744032118,0.0007378472,-0.0017578125
558356.2700236019,9.7882080081,-0.0369262695,0.0590515137,-0.1744574653,0.0007269965,-0.0009440104
558356.2800236020,9.7892761234,-0.0314331055,0.0596618652,-0.1744574653,0.0008355035,-0.0018554687
558356.2900236020,9.7877502445,-0.0430297852,0.0605773926,-0.1744574653,0.0007595486,-0.0009006076
558356.3000236020,9.7892761234,-0.0321960449,0.0595092773,-0.1744357639,0.0007161458,-0.0018120660
558356.3100236020,9.7866821292,-0.0419616699,0.0584411621,-0.1743598090,0.0007486979,-0.0010850694
558356.3200236020,9.7894287113,-0.0289916992,0.0602722168,-0.1743272569,0.0008572049,-0.0014865451
558356.3300236020,9.7879028324,-0.0421142578,0.0610351563,-0.1743381076,0.0007812500,-0.0014105903
558356.3400236020,9.7897338870,-0.0357055664,0.0602722168,-0.1743489583,0.0007486979,-0.0012152778
558356.3500236020,9.7880554202,-0.0364685059,0.0584411621,-0.1743598090,0.0007595486,-0.0017252604
558356.3600236020,9.7880554202,-0.0366210938,0.0593566895,-0.1743489583,0.0007812500,-0.0009440104
558356.3700236020,9.7894287113,-0.0329589844,0.0605773926,-0.1743489583,0.0007812500,-0.0018337674
558356.3800236020,9.7875976566,-0.0430297852,0.0601196289,-0.1743164062,0.0007486979,-0.0008897569
558356.3900236021,9.7891235355,-0.0285339355,0.0596618652,-0.1743272569,0.0007921007,-0.0018229167
558356.4000236019,9.7872924808,-0.0425720215,0.0596618652,-0.1744140625,0.0007486979,-0.0010525174
558356.4100236020,9.7888183597,-0.0308227539,0.0593566895,-0.1744574653,0.0007921007,-0.0015190972
558356.4200236020,9.7872924808,-0.0421142578,0.0605773926,-0.1744249132,0.0007595486,-0.0014322917
558356.4300236020,9.7891235355,-0.0326538086,0.0596618652,-0.1744466146,0.0007812500,-0.0011827257
558356.4400236020,9.7886657718,-0.0360107422,0.0593566895,-0.1744466146,0.0008138021,-0.0016927083
558356.4500236020,9.7875976566,-0.0390625000,0.0585937500,-0.1744032118,0.0007269965,-0.0009114583
558356.4600236020,9.7885131839,-0.0338745117,0.0602722168,-0.1743598090,0.0007595486,-0.0018880208
558356.4700236020,9.7880554202,-0.0408935547,0.0607299805,-0.1743706597,0.0008138021,-0.0009114583
558356.4800236020,9.7900390628,-0.0299072266,0.0601196289,-0.1744032118,0.0008355035,-0.0017686632
558356.4900236020,9.7874450687,-0.0434875488,0.0590515137,-0.1744032118,0.0007269965,-0.0010308160
558356.5000236020,9.7889709476,-0.0315856934,0.0596618652,-0.1744357639,0.0007269965,-0.0016818576
558356.5100236021,9.7880554202,-0.0419616699,0.0602722168,-0.1744466146,0.0008355035,-0.0012044271
558356.5200236019,9.7898864749,-0.0296020508,0.0601196289,-0.1744357639,0.0008355035,-0.0014105903
558356.5300236020,9.7880554202,-0.0395202637,0.0582885742,-0.1744791667,0.0006944444,-0.0015190972
558356.5400236020,9.7874450687,-0.0366210938,0.0605773926,-0.1744900174,0.0007378472,-0.0010091146
558356.5500236020,9.7888183597,-0.0360107422,0.0614929199,-0.1744466146,0.0008138021,-0.0019422743
558356.5600236020,9.7889709476,-0.0401306152,0.0587463379,-0.1744140625,0.0007921007,-0.0008029514
558356.5700236020,9.7901916507,-0.0279235840,0.0596618652,-0.1744140625,0.0007486979,-0.0018554687
558356.5800236020,9.7879028324,-0.0466918945,0.0605773926,-0.1743272569,0.0007269965,-0.0009874132
558356.5900236020,9.7886657718,-0.0286865234,0.0610351563,-0.1743598090,0.0007921007,-0.0015842014
558356.6000236020,9.7880554202,-0.0416564941,0.0599670410,-0.1743489583,0.0007703993,-0.0014105903
558356.6100236020,9.7888183597,-0.0323486328,0.0582885742,-0.1742838542,0.0007595486,-0.0011176215
558356.6200236020,9.7886657718,-0.0379943848,0.0610351563,-0.1743706597,0.0007812500,-0.0017686632
558356.6300236020,9.7879028324,-0.0393676758,0.0601196289,-0.1743923611,0.0007812500,-0.0008789062
558356.6400236021,9.7897338870,-0.0311279297,0.0596618652,-0.1744574653,0.0007378472,-0.0019097222
558356.6500236019,9.7872924808,-0.0431823730,0.0593566895,-0.1744140625,0.0007812500,-0.0008897569
558356.6600236020,9.7904968265,-0.0294494629,0.0599670410,-0.1744140625,0.0007921007,-0.0017144097
558356.6700236020,9.7868347171,-0.0431823730,0.0605773926,-0.1744357639,0.0007378472,-0.0011827257
558356.6800236020,9.7895812991,-0.0302124023,0.0601196289,-0.1744032118,0.0007921007,-0.0014214410
558356.6900236020,9.7880554202,-0.0398254395,0.0596618652,-0.1744466146,0.0007703993,-0.0015082465
558356.7000236020,9.7891235355,-0.0355529785,0.0595092773,-0.1744140625,0.0007703993,-0.0010633681
558356.7100236020,9.7889709476,-0.0360107422,0.0607299805,-0.1743706597,0.0007921007,-0.0018012153
558356.7200236020,9.7872924808,-0.0392150879,0.0602722168,-0.1743598090,0.0007595486,-0.0008680556
558356.7300236020,9.7889709476,-0.0309753418,0.0593566895,-0.1744140625,0.0008029514,-0.0018988715
558356.7400236020,9.7879028324,-0.0445556641,0.0596618652,-0.1743272569,0.0007595486,-0.0009006076
558356.7500236020,9.7897338870,-0.0297546387,0.0607299805,-0.1743381076,0.0007812500,-0.0017469618
558356.7600236021,9.7874450687,-0.0424194336,0.0605773926,-0.1744032118,0.0007921007,-0.0011610243
558356.7700236019,9.7892761234,-0.0296020508,0.0599670410,-0.1744140625,0.0007269965,-0.0014214410
558356.7800236020,9.7883605960,-0.0422668457,0.0595092773,-0.1744357639,0.0007921007,-0.0014756944
558356.7900236020,9.7885131839,-0.0354003906,0.0598144531,-0.1744357639,0.0007703993,-0.0010959201
558356.8000236020,9.7882080081,-0.0360107422,0.0605773926,-0.1744574653,0.0007812500,-0.0018012153
558356.8100236020,9.7875976566,-0.0378417969,0.0596618652,-0.1744357639,0.0007486979,-0.0009223090
558356.8200236020,9.7892761234,-0.0325012207,0.0595092773,-0.1744357639,0.0007921007,-0.0018446181
558356.8300236020,9.7882080081,-0.0431823730,0.0598144531,-0.1744140625,0.0007812500,-0.0009223090
558356.8400236020,9.7891235355,-0.0289916992,0.0605773926,-0.1743489583,0.0007703993,-0.0017469618
558356.8500236020,9.7880554202,-0.0421142578,0.0604248047,-0.1743381076,0.0007595486,-0.0011501736
558356.8600236020,9.7891235355,-0.0311279297,0.0590515137,-0.1743706597,0.0007921007,-0.0013888889
558356.8700236020,9.7882080081,-0.0411987305,0.0593566895,-0.1744357639,0.0007486979,-0.0015407986
558356.8800236020,9.7886657718,-0.0347900391,0.0604248047,-0.1745659722,0.0008138021,-0.0010633681
558356.8900236021,9.7891235355,-0.0325012207,0.0605773926,-0.1744791667,0.0007812500,-0.0018229167
558356.9000236019,9.7882080081,-0.0404357910,0.0599670410,-0.1744140625,0.0007378472,-0.0008680556
558356.9100236020,9.7895812991,-0.0315856934,0.0593566895,-0.1743272569,0.0007812500,-0.0018446181
558356.9200236020,9.7874450687,-0.0436401367,0.0604248047,-0.1742730035,0.0008138021,-0.0009657118
558356.9300236020,9.7891235355,-0.0283813477,0.0605773926,-0.1743489583,0.0007595486,-0.0016818576
558356.9400236020,9.7871398929,-0.0421142578,0.0590515137,-0.1744032118,0.0007595486,-0.0012044271
558356.9500236020,9.7891235355,-0.0312805176,0.0588989258,-0.1745008680,0.0007921007,-0.0013780382
558356.9600236020,9.7877502445,-0.0404357910,0.0602722168,-0.1745008680,0.0008138021,-0.0015516493
558356.9700236020,9.7886657718,-0.0343322754,0.0604248047,-0.1744574653,0.0007269965,-0.0010633681
558356.9800236020,9.7888183597,-0.0346374512,0.0605773926,-0.1744466146,0.0008138021,-0.0017686632
558356.9900236020,9.7869873050,-0.0393676758,0.0593566895,-0.1744140625,0.0007378472,-0.0009114583
558357.0000236030,9.7894287113,-0.0325012207,0.0595092773,-0.1744140625,0.0007703993,-0.0018337674
558357.0100236030,9.7871398929,-0.0407409668,0.0608825684,-0.1746636285,0.0007921007,-0.0009440104
558357.0200236030,9.7897338870,-0.0299072266,0.0611877441,-0.1743598090,0.0007703993,-0.0017578125
558357.0300236030,9.7872924808,-0.0425720215,0.0590515137,-0.1743706597,0.0007269965,-0.0010633681
558357.0400236030,9.7889709476,-0.0303649902,0.0587463379,-0.1743489583,0.0008355035,-0.0015950521
558357.0500236030,9.7866821292,-0.0419616699,0.0604248047,-0.1743489583,0.0007486979,-0.0012478299
558357.0600236030,9.7892761234,-0.0300598145,0.0616455078,-0.1744032118,0.0007595486,-0.0013454861
558357.0700236030,9.7877502445,-0.0389099121,0.0601196289,-0.1744466146,0.0008138021,-0.0015407986
558357.0800236030,9.7886657718,-0.0350952148,0.0585937500,-0.1744791667,0.0007269965,-0.0010742187
558357.0900236031,9.7883605960,-0.0361633301,0.0599670410,-0.1745008680,0.0008138021,-0.0017469618
558357.1000236030,9.7875976566,-0.0384521484,0.0611877441,-0.1744574653,0.0007703993,-0.0009548611
558357.1100236030,9.7892761234,-0.0309753418,0.0604248047,-0.1744249132,0.0007595486,-0.0018229167
558357.1200236030,9.7879028324,-0.0410461426,0.0595092773,-0.1743055555,0.0007812500,-0.0009114583
558357.1300236030,9.7895812991,-0.0308227539,0.0590515137,-0.1744032118,0.0007486979,-0.0018012153
558357.1400236030,9.7875976566,-0.0434875488,0.0605773926,-0.1744140625,0.0008246528,-0.0010308160
558357.1500236030,9.7904968265,-0.0279235840,0.0616455078,-0.1743598090,0.0007703993,-0.0016493056
558357.1600236030,9.7872924808,-0.0411987305,0.0592041016,-0.1743164062,0.0007486979,-0.0012478299
558357.1700236030,9.7891235355,-0.0323486328,0.0588989258,-0.1743055555,0.0007812500,-0.0013237847
558357.1800236030,9.7885131839,-0.0398254395,0.0601196289,-0.1743489583,0.0007921007,-0.0015842014
558357.1900236030,9.7888183597,-0.0344848633,0.0614929199,-0.1743381076,0.0007378472,-0.0010525174
558357.2000236030,9.7888183597,-0.0337219238,0.0604248047,-0.1744249132,0.0007921007,-0.0017252604
558357.2100236031,9.7872924808,-0.0401306152,0.0587463379,-0.1744032118,0.0007378472,-0.0009982639
558357.2200236029,9.7894287113,-0.0334167480,0.0595092773,-0.1744466146,0.0008246528,-0.0017361111
558357.2300236030,9.7886657718,-0.0392150879,0.0613403320,-0.1743923611,0.0007595486,-0.0010416667
558357.2400236030,9.7895812991,-0.0297546387,0.0608825684,-0.1744140625,0.0007812500,-0.0016601562
558357.2500236030,9.7877502445,-0.0422668457,0.0588989258,-0.1744140625,0.0007703993,-0.0011176215
558357.2600236030,9.7891235355,-0.0321960449,0.0587463379,-0.1743923611,0.0007703993,-0.0015190972
558357.2700236030,9.7879028324,-0.0404357910,0.0605773926,-0.1743706597,0.0007812500,-0.0013780382
558357.2800236030,9.7894287113,-0.0320434570,0.0602722168,-0.1743706597,0.0007703993,-0.0012586806
558357.2900236030,9.7885131839,-0.0384521484,0.0599670410,-0.1743381076,0.0007812500,-0.0016059028
558357.3000236030,9.7888183597,-0.0364685059,0.0592041016,-0.1743164062,0.0007595486,-0.0009982639
558357.3100236030,9.7888183597,-0.0341796875,0.0605773926,-0.1743706597,0.0007812500,-0.0018012153
558357.3200236030,9.7875976566,-0.0402832031,0.0614929199,-0.1743598090,0.0007595486,-0.0009006076
558357.3300236030,9.7903442386,-0.0315856934,0.0595092773,-0.1743598090,0.0007812500,-0.0018554687
558357.3400236031,9.7869873050,-0.0411987305,0.0590515137,-0.1743272569,0.0007595486,-0.0009657118
558357.3500236030,9.7895812991,-0.0299072266,0.0607299805,-0.1743923611,0.0007921007,-0.0017144097
558357.3600236030,9.7882080081,-0.0424194336,0.0607299805,-0.1744791667,0.0007595486,-0.0011176215
558357.3700236030,9.7895812991,-0.0305175781,0.0610351563,-0.1745008680,0.0007812500,-0.0015516493
558357.3800236030,9.7883605960,-0.0410461426,0.0596618652,-0.1744574653,0.0007812500,-0.0012695312
558357.3900236030,9.7886657718,-0.0306701660,0.0598144531,-0.1744574653,0.0007486979,-0.0013780382
558357.4000236030,9.7877502445,-0.0407409668,0.0614929199,-0.1744140625,0.0007703993,-0.0014648437
558357.4100236030,9.7885131839,-0.0337219238,0.0601196289,-0.1743489583,0.0007812500,-0.0011610243
558357.4200236030,9.7894287113,-0.0366210938,0.0601196289,-0.1744140625,0.0007921007,-0.0016818576
558357.4300236030,9.7885131839,-0.0370788574,0.0595092773,-0.1744140625,0.0007486979,-0.0009765625
558357.4400236030,9.7892761234,-0.0320434570,0.0607299805,-0.1743489583,0.0007812500,-0.0017795139
558357.4500236030,9.7877502445,-0.0416564941,0.0607299805,-0.1743055555,0.0007595486,-0.0009114583
558357.4600236031,9.7900390628,-0.0300598145,0.0596618652,-0.1743272569,0.0007921007,-0.0018120660
558357.4700236029,9.7877502445,-0.0421142578,0.0587463379,-0.1743598090,0.0007595486,-0.0009982639
558357.4800236030,9.7892761234,-0.0292968750,0.0610351563,-0.1744249132,0.0007921007,-0.0016384549
558357.4900236030,9.7871398929,-0.0425720215,0.0601196289,-0.1745008680,0.0007486979,-0.0012261285
558357.5000236030,9.7892761234,-0.0315856934,0.0604248047,-0.1745008680,0.0008246528,-0.0013780382
558357.5100236030,9.7888183597,-0.0398254395,0.0601196289,-0.1745117187,0.0007595486,-0.0015082465
558357.5200236030,9.7883605960,-0.0334167480,0.0601196289,-0.1744791667,0.0007703993,-0.0010959201
558357.5300236030,9.7880554202,-0.0355529785,0.0601196289,-0.1744900174,0.0007703993,-0.0017144097
558357.5400236030,9.7875976566,-0.0393676758,0.0607299805,-0.1744140625,0.0007703993,-0.0009765625
558357.5500236030,9.7895812991,-0.0328063965,0.0605773926,-0.1743706597,0.0007812500,-0.0018229167
558357.5600236030,9.7877502445,-0.0393676758,0.0593566895,-0.1743598090,0.0007703993,-0.0009114583
558357.5700236030,9.7894287113,-0.0294494629,0.0602722168,-0.1743272569,0.0007921007,-0.0017686632
558357.5800236030,9.7875976566,-0.0430297852,0.0613403320,-0.1742730035,0.0007595486,-0.0010091146
558357.5900236031,9.7888183597,-0.0297546387,0.0613403320,-0.1743055555,0.0007703993,-0.0015950521
558357.6000236030,9.7877502445,-0.0415039063,0.0592041016,-0.1743164062,0.0007812500,-0.0013020833
558357.6100236030,9.7888183597,-0.0302124023,0.0590515137,-0.1744357639,0.0007703993,-0.0013020833
558357.6200236030,9.7872924808,-0.0384521484,0.0605773926,-0.1744791667,0.0007921007,-0.0015733507
558357.6300236030,9.7883605960,-0.0366210938,0.0605773926,-0.1744900174,0.0007595486,-0.0010091146
558357.6400236030,9.7888183597,-0.0337219238,0.0598144531,-0.1745008680,0.0007812500,-0.0018337674
558357.6500236030,9.7877502445,-0.0396728516,0.0590515137,-0.1744466146,0.0007703993,-0.0008246528
558357.6600236030,9.7897338870,-0.0288391113,0.0608825684,-0.1744574653,0.0007812500,-0.0018663194
558357.6700236030,9.7874450687,-0.0440979004,0.0608825684,-0.1744032118,0.0007486979,-0.0009657118
558357.6800236030,9.7895812991,-0.0288391113,0.0605773926,-0.1743923611,0.0008138021,-0.0016384549
558357.6900236030,9.7877502445,-0.0415039063,0.0590515137,-0.1743381076,0.0007595486,-0.0013020833
558357.7000236030,9.7886657718,-0.0308227539,0.0595092773,-0.1743272569,0.0007812500,-0.0012152778
558357.7100236031,9.7883605960,-0.0379943848,0.0611877441,-0.1743598090,0.0007595486,-0.0016710069
558357.7200236029,9.7880554202,-0.0369262695,0.0614929199,-0.1743489583,0.0007595486,-0.0009440104
558357.7300236030,9.7897338870,-0.0315856934,0.0596618652,-0.1744032118,0.0007812500,-0.0018663194
558357.7400236030,9.7877502445,-0.0410461426,0.0592041016,-0.1743706597,0.0007812500,-0.0008572049
558357.7500236030,9.7898864749,-0.0288391113,0.0608825684,-0.1744791667,0.0007703993,-0.0018337674
558357.7600236030,9.7872924808,-0.0425720215,0.0610351563,-0.1744900174,0.0007703993,-0.0010308160
558357.7700236030,9.7898864749,-0.0291442871,0.0601196289,-0.1744249132,0.0007703993,-0.0015625000
558357.7800236030,9.7880554202,-0.0418090820,0.0590515137,-0.1744466146,0.0007812500,-0.0013237847
558357.7900236030,9.7895812991,-0.0320434570,0.0601196289,-0.1744357639,0.0007595486,-0.0012152778
558357.8000236030,9.7885131839,-0.0357055664,0.0616455078,-0.1744574653,0.0007921007,-0.0017252604
558357.8100236030,9.7875976566,-0.0381469727,0.0611877441,-0.1744249132,0.0007486979,-0.0008897569
558357.8200236030,9.7895812991,-0.0320434570,0.0598144531,-0.1744140625,0.0008138021,-0.0018880208
558357.8300236030,9.7874450687,-0.0407409668,0.0585937500,-0.1743923611,0.0007703993,-0.0008680556
558357.8400236031,9.7889709476,-0.0288391113,0.0607299805,-0.1743706597,0.0007921007,-0.0018012153
558357.8500236030,9.7872924808,-0.0433349609,0.0614929199,-0.1745117187,0.0007486979,-0.0010633681
558357.8600236030,9.7892761234,-0.0294494629,0.0601196289,-0.1745225694,0.0007703993,-0.0014973958
558357.8700236030,9.7879028324,-0.0402832031,0.0588989258,-0.1744032118,0.0007703993,-0.0014431424
558357.8800236030,9.7889709476,-0.0328063965,0.0598144531,-0.1743706597,0.0008138021,-0.0011393229
558357.8900236030,9.7880554202,-0.0357055664,0.0630187988,-0.1743923611,0.0007812500,-0.0017252604
558357.9000236030,9.7882080081,-0.0387573242,0.0610351563,-0.1743381076,0.0007595486,-0.0009006076
558357.9100236030,9.7904968265,-0.0315856934,0.0592041016,-0.1743272569,0.0007921007,-0.0018663194
558357.9200236030,9.7875976566,-0.0413513184,0.0587463379,-0.1743381076,0.0007595486,-0.0008680556
558357.9300236030,9.7892761234,-0.0282287598,0.0617980957,-0.1743706597,0.0007703993,-0.0017578125
558357.9400236030,9.7872924808,-0.0434875488,0.0619506836,-0.1743706597,0.0007703993,-0.0010959201
558357.9500236030,9.7903442386,-0.0292968750,0.0599670410,-0.1743706597,0.0007595486,-0.0014865451
558357.9600236031,9.7886657718,-0.0401306152,0.0587463379,-0.1743598090,0.0007812500,-0.0013997396
558357.9700236029,9.7891235355,-0.0320434570,0.0605773926,-0.1743381076,0.0007486979,-0.0011284722
558357.9800236030,9.7877502445,-0.0378417969,0.0616455078,-0.1743164062,0.0007921007,-0.0017252604
558357.9900236030,9.7883605960,-0.0382995605,0.0607299805,-0.1743381076,0.0007378472,-0.0009006076
558358.0000236030,9.7898864749,-0.0312805176,0.0595092773,-0.1743272569,0.0008246528,-0.0018554687
558358.0100236030,9.7874450687,-0.0418090820,0.0595092773,-0.1746636285,0.0007595486,-0.0008572049
558358.0200236030,9.7894287113,-0.0297546387,0.0619506836,-0.1744357639,0.0007595486,-0.0018229167
558358.0300236030,9.7868347171,-0.0422668457,0.0611877441,-0.1744791667,0.0007595486,-0.0010416667
558358.0400236030,9.7903442386,-0.0280761719,0.0604248047,-0.1745225694,0.0007812500,-0.0014865451
558358.0500236030,9.7886657718,-0.0419616699,0.0598144531,-0.1744574653,0.0007812500,-0.0013780382
558358.0600236030,9.7882080081,-0.0329589844,0.0604248047,-0.1744791667,0.0007812500,-0.0011718750
558358.0700236040,9.7886657718,-0.0360107422,0.0607299805,-0.1744249132,0.0007595486,-0.0017469618
558358.0800236040,9.7882080081,-0.0389099121,0.0604248047,-0.1744140625,0.0007812500,-0.0008572049
558358.0900236040,9.7897338870,-0.0317382813,0.0599670410,-0.1743923611,0.0007703993,-0.0018663194
558358.1000236040,9.7872924808,-0.0410461426,0.0599670410,-0.1742730035,0.0007812500,-0.0008897569
558358.1100236040,9.7898864749,-0.0297546387,0.0617980957,-0.1743055555,0.0007486979,-0.0016818576
558358.1200236040,9.7886657718,-0.0430297852,0.0608825684,-0.1742621528,0.0007812500,-0.0011501736
558358.1300236040,9.7892761234,-0.0289916992,0.0596618652,-0.1743164062,0.0007812500,-0.0014756944
558358.1400236040,9.7871398929,-0.0402832031,0.0602722168,-0.1743055555,0.0007703993,-0.0013563368
558358.1500236040,9.7894287113,-0.0314331055,0.0598144531,-0.1743706597,0.0007595486,-0.0012261285
558358.1600236041,9.7875976566,-0.0401306152,0.0608825684,-0.1744249132,0.0007703993,-0.0016059028
558358.1700236039,9.7883605960,-0.0338745117,0.0604248047,-0.1744140625,0.0007595486,-0.0010416667
558358.1800236040,9.7888183597,-0.0335693359,0.0604248047,-0.1744574653,0.0007703993,-0.0017469618
558358.1900236040,9.7871398929,-0.0402832031,0.0599670410,-0.1744357639,0.0007595486,-0.0009006076
558358.2000236040,9.7897338870,-0.0306701660,0.0605773926,-0.1744466146,0.0008029514,-0.0018663194
558358.2100236040,9.7869873050,-0.0428771973,0.0602722168,-0.1744357639,0.0007595486,-0.0009006076
558358.2200236040,9.7900390628,-0.0282287598,0.0611877441,-0.1745117187,0.0008246528,-0.0017144097
558358.2300236040,9.7880554202,-0.0431823730,0.0601196289,-0.1744032118,0.0007703993,-0.0011284722
558358.2400236040,9.7898864749,-0.0302124023,0.0605773926,-0.1744032118,0.0007812500,-0.0013888889
558358.2500236040,9.7874450687,-0.0395202637,0.0601196289,-0.1743706597,0.0007595486,-0.0015082465
558358.2600236040,9.7885131839,-0.0343322754,0.0601196289,-0.1743923611,0.0007921007,-0.0010742187
558358.2700236040,9.7895812991,-0.0352478027,0.0614929199,-0.1743598090,0.0007812500,-0.0017686632
558358.2800236040,9.7872924808,-0.0381469727,0.0608825684,-0.1743272569,0.0007703993,-0.0008789062
558358.2900236039,9.7892761234,-0.0309753418,0.0604248047,-0.1743706597,0.0007812500,-0.0018446181
558358.3000236040,9.7869873050,-0.0421142578,0.0593566895,-0.1743706597,0.0007486979,-0.0008789062
558358.3100236040,9.7894287113,-0.0285339355,0.0610351563,-0.1744140625,0.0007921007,-0.0017361111
558358.3200236040,9.7872924808,-0.0434875488,0.0610351563,-0.1743489583,0.0007812500,-0.0011176215
558358.3300236040,9.7898864749,-0.0294494629,0.0601196289,-0.1743923611,0.0007486979,-0.0014322917
558358.3400236040,9.7869873050,-0.0402832031,0.0599670410,-0.1744140625,0.0008246528,-0.0014865451
558358.3500236040,9.7891235355,-0.0331115723,0.0613403320,-0.1744357639,0.0007378472,-0.0010742187
558358.3600236040,9.7889709476,-0.0349426270,0.0611877441,-0.1744357639,0.0008246528,-0.0017144097
558358.3700236040,9.7874450687,-0.0390625000,0.0598144531,-0.1744032118,0.0007486979,-0.0009223090
558358.3800236040,9.7889709476,-0.0332641602,0.0598144531,-0.1744249132,0.0007921007,-0.0018446181
558358.3900236040,9.7866821292,-0.0411987305,0.0607299805,-0.1744032118,0.0007486979,-0.0008897569
558358.4000236040,9.7906494144,-0.0283813477,0.0611877441,-0.1744140625,0.0008138021,-0.0017469618
558358.4100236041,9.7882080081,-0.0437927246,0.0601196289,-0.1743706597,0.0007703993,-0.0010850694
558358.4200236039,9.7897338870,-0.0289916992,0.0602722168,-0.1743381076,0.0007703993,-0.0014322917
558358.4300236040,9.7868347171,-0.0389099121,0.0614929199,-0.1743164062,0.0007486979,-0.0014973958
558358.4400236040,9.7879028324,-0.0341796875,0.0607299805,-0.1743381076,0.0007703993,-0.0010091146
558358.4500236040,9.7891235355,-0.0358581543,0.0601196289,-0.1743598090,0.0007812500,-0.0018012153
558358.4600236040,9.7886657718,-0.0390625000,0.0601196289,-0.1743706597,0.0007703993,-0.0009006076
558358.4700236040,9.7892761234,-0.0300598145,0.0607299805,-0.1744357639,0.0007812500,-0.0018446181
558358.4800236040,9.7871398929,-0.0413513184,0.0613403320,-0.1744574653,0.0007703993,-0.0009114583
558358.4900236040,9.7898864749,-0.0306701660,0.0611877441,-0.1744574653,0.0007812500,-0.0017252604
558358.5000236040,9.7879028324,-0.0418090820,0.0601196289,-0.1744466146,0.0007703993,-0.0010959201
558358.5100236040,9.7888183597,-0.0280761719,0.0601196289,-0.1744466146,0.0007812500,-0.0015407986
558358.5200236040,9.7872924808,-0.0411987305,0.0616455078,-0.1743706597,0.0007595486,-0.0012695312
558358.5300236040,9.7895812991,-0.0321960449,0.0608825684,-0.1743489583,0.0007703993,-0.0012912326
558358.5400236039,9.7891235355,-0.0387573242,0.0602722168,-0.1743923611,0.0008138021,-0.0015516493
558358.5500236040,9.7885131839,-0.0335693359,0.0602722168,-0.1743706597,0.0007486979,-0.0010416667
558358.5600236040,9.7889709476,-0.0346374512,0.0621032715,-0.1743923611,0.0007812500,-0.0017252604
558358.5700236040,9.7877502445,-0.0389099121,0.0608825684,-0.1743055555,0.0007378472,-0.0009223090
558358.5800236040,9.7894287113,-0.0314331055,0.0598144531,-0.1743598090,0.0008138021,-0.0018229167
558358.5900236040,9.7882080081,-0.0413513184,0.0599670410,-0.1743164062,0.0007486979,-0.0009006076
558358.6000236040,9.7897338870,-0.0288391113,0.0616455078,-0.1743598090,0.0008246528,-0.0017469618
558358.6100236040,9.7874450687,-0.0428771973,0.0610351563,-0.1743706597,0.0007052951,-0.0010959201
558358.6200236040,9.7883605960,-0.0300598145,0.0607299805,-0.1744357639,0.0007812500,-0.0014756944
558358.6300236040,9.7879028324,-0.0404357910,0.0598144531,-0.1744357639,0.0007703993,-0.0013997396
558358.6400236040,9.7892761234,-0.0312805176,0.0601196289,-0.1744249132,0.0007703993,-0.0011501736
558358.6500236040,9.7875976566,-0.0366210938,0.0628662109,-0.1744249132,0.0007703993,-0.0016601562
558358.6600236041,9.7879028324,-0.0381469727,0.0608825684,-0.1743489583,0.0007486979,-0.0009548611
558358.6700236039,9.7889709476,-0.0326538086,0.0595092773,-0.1743923611,0.0008138021,-0.0018229167
558358.6800236040,9.7880554202,-0.0395202637,0.0593566895,-0.1743706597,0.0007812500,-0.0008897569
558358.6900236040,9.7895812991,-0.0296020508,0.0616455078,-0.1743489583,0.0007703993,-0.0017686632
558358.7000236040,9.7877502445,-0.0433349609,0.0621032715,-0.1743706597,0.0007703993,-0.0009765625
558358.7100236040,9.7892761234,-0.0294494629,0.0593566895,-0.1744140625,0.0007486979,-0.0016493056
558358.7200236040,9.7879028324,-0.0404357910,0.0587463379,-0.1743381076,0.0007703993,-0.0012152778
558358.7300236040,9.7894287113,-0.0299072266,0.0613403320,-0.1743706597,0.0007703993,-0.0013129340
558358.7400236040,9.7883605960,-0.0398254395,0.0630187988,-0.1744032118,0.0007595486,-0.0015842014
558358.7500236040,9.7885131839,-0.0358581543,0.0602722168,-0.1744466146,0.0007595486,-0.0009765625
558358.7600236040,9.7891235355,-0.0332641602,0.0585937500,-0.1744574653,0.0008138021,-0.0018120660
558358.7700236040,9.7875976566,-0.0396728516,0.0604248047,-0.1744140625,0.0007595486,-0.0008029514
558358.7800236040,9.7891235355,-0.0299072266,0.0627136230,-0.1744249132,0.0007703993,-0.0018554687
558358.7900236039,9.7869873050,-0.0428771973,0.0592041016,-0.1743164062,0.0007486979,-0.0009223090
558358.8000236040,9.7901916507,-0.0286865234,0.0595092773,-0.1743272569,0.0008138021,-0.0016167535
558358.8100236040,9.7872924808,-0.0411987305,0.0604248047,-0.1743164062,0.0007703993,-0.0012478299
558358.8200236040,9.7901916507,-0.0309753418,0.0617980957,-0.1742838542,0.0007921007,-0.0013020833
558358.8300236040,9.7886657718,-0.0381469727,0.0625610352,-0.1743489583,0.0007486979,-0.0015299479
558358.8400236040,9.7880554202,-0.0349426270,0.0601196289,-0.1743381076,0.0007703993,-0.0009982639
558358.8500236040,9.7889709476,-0.0341796875,0.0595092773,-0.1743923611,0.0007703993,-0.0018229167
558358.8600236040,9.7875976566,-0.0395202637,0.0607299805,-0.1744032118,0.0007921007,-0.0008680556
558358.8700236040,9.7901916507,-0.0296020508,0.0628662109,-0.1745117187,0.0007812500,-0.0018337674
558358.8800236040,9.7869873050,-0.0415039063,0.0611877441,-0.1744574653,0.0007595486,-0.0009223090
558358.8900236040,9.7894287113,-0.0294494629,0.0582885742,-0.1745008680,0.0007703993,-0.0016601562
558358.9000236040,9.7877502445,-0.0419616699,0.0598144531,-0.1744900174,0.0007703993,-0.0011718750
558358.9100236041,9.7895812991,-0.0300598145,0.0630187988,-0.1744466146,0.0007812500,-0.0013888889
558358.9200236039,9.7880554202,-0.0390625000,0.0614929199,-0.1744249132,0.0007486979,-0.0014865451
558358.9300236040,9.7886657718,-0.0331115723,0.0590515137,-0.1743706597,0.0007812500,-0.0010633681
558358.9400236040,9.7882080081,-0.0363159180,0.0596618652,-0.1743706597,0.0007921007,-0.0017795139
558358.9500236040,9.7879028324,-0.0384521484,0.0617980957,-0.1743489583,0.0007812500,-0.0008029514
558358.9600236040,9.7901916507,-0.0294494629,0.0617980957,-0.1743381076,0.0007703993,-0.0018988715
558358.9700236040,9.7872924808,-0.0433349609,0.0595092773,-0.1743164062,0.0007595486,-0.0008463542
558358.9800236040,9.7891235355,-0.0291442871,0.0604248047,-0.1743272569,0.0007921007,-0.0016818576
558358.9900236040,9.7879028324,-0.0428771973,0.0607299805,-0.1743598090,0.0007486979,-0.0012586806
558359.0000236040,9.7897338870,-0.0297546387,0.0613403320,-0.1743706597,0.0007703993,-0.0012586806
558359.0100236040,9.7882080081,-0.0379943848,0.0608825684,-0.1747938368,0.0007595486,-0.0015842014
558359.0200236040,9.7885131839,-0.0363159180,0.0596618652,-0.1744357639,0.0007595486,-0.0009765625
558359.0300236040,9.7894287113,-0.0340270996,0.0608825684,-0.1745008680,0.0008029514,-0.0018229167
558359.0400236039,9.7877502445,-0.0399780273,0.0613403320,-0.1744249132,0.0007703993,-0.0008138021
558359.0500236040,9.7892761234,-0.0283813477,0.0607299805,-0.1744466146,0.0007595486,-0.0018446181
558359.0600236040,9.7872924808,-0.0437927246,0.0601196289,-0.1744249132,0.0007703993,-0.0009657118
558359.0700236040,9.7889709476,-0.0296020508,0.0611877441,-0.1744032118,0.0007812500,-0.0016059028
558359.0800236040,9.7877502445,-0.0415039063,0.0616455078,-0.1744466146,0.0007812500,-0.0013129340
558359.0900236040,9.7886657718,-0.0308227539,0.0607299805,-0.1743489583,0.0007486979,-0.0012044271
558359.1000236040,9.7882080081,-0.0369262695,0.0605773926,-0.1744032118,0.0007921007,-0.0016710069
558359.1100236040,9.7879028324,-0.0373840332,0.0607299805,-0.1743381076,0.0007486979,-0.0009114583
558359.1200236040,9.7889709476,-0.0326538086,0.0613403320,-0.1743489583,0.0007703993,-0.0018663194
558359.1300236040,9.7877502445,-0.0405883789,0.0601196289,-0.1743272569,0.0007703993,-0.0008463542
558359.1400236050,9.7900390628,-0.0282287598,0.0604248047,-0.1743706597,0.0007921007,-0.0017795139
558359.1500236050,9.7869873050,-0.0424194336,0.0610351563,-0.1744140625,0.0007703993,-0.0010416667
558359.1600236050,9.7894287113,-0.0297546387,0.0621032715,-0.1744357639,0.0007703993,-0.0015407986
558359.1700236050,9.7879028324,-0.0405883789,0.0614929199,-0.1744466146,0.0007703993,-0.0013454861
558359.1800236050,9.7892761234,-0.0315856934,0.0598144531,-0.1744357639,0.0007703993,-0.0011718750
558359.1900236050,9.7885131839,-0.0372314453,0.0605773926,-0.1744574653,0.0007703993,-0.0016493056
558359.2000236050,9.7875976566,-0.0366210938,0.0610351563,-0.1744249132,0.0007921007,-0.0009440104
558359.2100236050,9.7894287113,-0.0321960449,0.0613403320,-0.1744466146,0.0007812500,-0.0018337674
558359.2200236050,9.7886657718,-0.0407409668,0.0607299805,-0.1744357639,0.0007703993,-0.0008138021
558359.2300236051,9.7898864749,-0.0285339355,0.0601196289,-0.1744032118,0.0007703993,-0.0018229167
558359.2400236049,9.7879028324,-0.0427246094,0.0602722168,-0.1744249132,0.0007703993,-0.0010091146
558359.2500236050,9.7891235355,-0.0289916992,0.0630187988,-0.1744249132,0.0007595486,-0.0015082465
558359.2600236050,9.7885131839,-0.0415039063,0.0616455078,-0.1743706597,0.0007703993,-0.0014105903
558359.2700236050,9.7885131839,-0.0323486328,0.0601196289,-0.1743381076,0.0007486979,-0.0010959201
558359.2800236050,9.7889709476,-0.0355529785,0.0599670410,-0.1743923611,0.0007812500,-0.0017252604
558359.2900236050,9.7877502445,-0.0376892090,0.0611877441,-0.1743923611,0.0007486979,-0.0008789062
558359.3000236050,9.7892761234,-0.0328063965,0.0617980957,-0.1743706597,0.0007812500,-0.0018337674
558359.3100236050,9.7877502445,-0.0407409668,0.0604248047,-0.1744357639,0.0007486979,-0.0008897569
558359.3200236050,9.7892761234,-0.0279235840,0.0595092773,-0.1744574653,0.0008138021,-0.0017469618
558359.3300236050,9.7882080081,-0.0424194336,0.0610351563,-0.1744574653,0.0007486979,-0.0010742187
558359.3400236050,9.7894287113,-0.0300598145,0.0624084473,-0.1744466146,0.0007703993,-0.0014756944
558359.3500236050,9.7885131839,-0.0404357910,0.0604248047,-0.1744140625,0.0007812500,-0.0014322917
558359.3600236051,9.7889709476,-0.0317382813,0.0602722168,-0.1744140625,0.0007595486,-0.0010633681
558359.3700236049,9.7879028324,-0.0354003906,0.0608825684,-0.1744249132,0.0007703993,-0.0017686632
558359.3800236050,9.7877502445,-0.0392150879,0.0616455078,-0.1743272569,0.0007595486,-0.0008355035
558359.3900236050,9.7901916507,-0.0297546387,0.0617980957,-0.1743706597,0.0007812500,-0.0018554687
558359.4000236050,9.7877502445,-0.0411987305,0.0598144531,-0.1743381076,0.0007703993,-0.0009006076
558359.4100236050,9.7897338870,-0.0279235840,0.0601196289,-0.1743706597,0.0007595486,-0.0017144097
558359.4200236050,9.7872924808,-0.0430297852,0.0608825684,-0.1743706597,0.0007595486,-0.0010525174
558359.4300236050,9.7889709476,-0.0297546387,0.0614929199,-0.1743706597,0.0007486979,-0.0014756944
558359.4400236050,9.7880554202,-0.0399780273,0.0604248047,-0.1743923611,0.0007703993,-0.0013997396
558359.4500236050,9.7892761234,-0.0315856934,0.0607299805,-0.1743489583,0.0007595486,-0.0011393229
558359.4600236050,9.7877502445,-0.0367736816,0.0616455078,-0.1744466146,0.0007703993,-0.0016818576
558359.4700236050,9.7880554202,-0.0366210938,0.0604248047,-0.1744574653,0.0007595486,-0.0009440104
558359.4800236051,9.7889709476,-0.0320434570,0.0611877441,-0.1745225694,0.0007812500,-0.0017795139
558359.4900236049,9.7877502445,-0.0402832031,0.0604248047,-0.1744574653,0.0007595486,-0.0008680556
558359.5000236050,9.7898864749,-0.0311279297,0.0607299805,-0.1744140625,0.0007921007,-0.0017795139
558359.5100236050,9.7871398929,-0.0413513184,0.0604248047,-0.1744032118,0.0007486979,-0.0009874132
558359.5200236050,9.7891235355,-0.0276184082,0.0614929199,-0.1743489583,0.0008138021,-0.0016601562
558359.5300236050,9.7869873050,-0.0427246094,0.0614929199,-0.1743706597,0.0007486979,-0.0011501736
558359.5400236050,9.7894287113,-0.0305175781,0.0608825684,-0.1743923611,0.0008138021,-0.0013346354
558359.5500236050,9.7879028324,-0.0373840332,0.0608825684,-0.1744140625,0.0007486979,-0.0015625000
558359.5600236050,9.7877502445,-0.0338745117,0.0607299805,-0.1744357639,0.0007595486,-0.0009657118
558359.5700236050,9.7892761234,-0.0354003906,0.0605773926,-0.1744466146,0.0007921007,-0.0017686632
558359.5800236050,9.7886657718,-0.0392150879,0.0602722168,-0.1744140625,0.0007595486,-0.0008789062
558359.5900236050,9.7895812991,-0.0297546387,0.0608825684,-0.1744249132,0.0007703993,-0.0018337674
558359.6000236050,9.7874450687,-0.0410461426,0.0610351563,-0.1744357639,0.0007703993,-0.0009006076
558359.6100236051,9.7888183597,-0.0285339355,0.0617980957,-0.1744791667,0.0007703993,-0.0016601562
558359.6200236049,9.7883605960,-0.0430297852,0.0613403320,-0.1744574653,0.0007921007,-0.0011393229
558359.6300236050,9.7892761234,-0.0291442871,0.0602722168,-0.1744032118,0.0007595486,-0.0013780382
558359.6400236050,9.7874450687,-0.0381469727,0.0617980957,-0.1744140625,0.0007703993,-0.0015082465
558359.6500236050,9.7894287113,-0.0347900391,0.0610351563,-0.1743489583,0.0007595486,-0.0010091146
558359.6600236050,9.7894287113,-0.0347900391,0.0604248047,-0.1743381076,0.0007812500,-0.0017795139
558359.6700236050,9.7880554202,-0.0378417969,0.0608825684,-0.1743055555,0.0007595486,-0.0008246528
558359.6800236050,9.7898864749,-0.0289916992,0.0617980957,-0.1743598090,0.0007812500,-0.0018663194
558359.6900236050,9.7877502445,-0.0430297852,0.0605773926,-0.1743381076,0.0007595486,-0.0008680556
558359.7000236050,9.7898864749,-0.0282287598,0.0614929199,-0.1743598090,0.0007812500,-0.0016710069
558359.7100236050,9.7880554202,-0.0425720215,0.0610351563,-0.1743706597,0.0007486979,-0.0012152778
558359.7200236050,9.7894287113,-0.0296020508,0.0614929199,-0.1744032118,0.0007703993,-0.0013129340
558359.7300236051,9.7875976566,-0.0381469727,0.0610351563,-0.1744032118,0.0007595486,-0.0015733507
558359.7400236049,9.7880554202,-0.0355529785,0.0608825684,-0.1744032118,0.0007703993,-0.0009874132
558359.7500236050,9.7889709476,-0.0331115723,0.0604248047,-0.1744466146,0.0007921007,-0.0018229167
558359.7600236050,9.7877502445,-0.0386047363,0.0613403320,-0.1743923611,0.0007703993,-0.0008029514
558359.7700236050,9.7892761234,-0.0291442871,0.0621032715,-0.1743598090,0.0007703993,-0.0018554687
558359.7800236050,9.7879028324,-0.0428771973,0.0607299805,-0.1743381076,0.0007486979,-0.0009440104
558359.7900236050,9.7895812991,-0.0285339355,0.0604248047,-0.1743923611,0.0007703993,-0.0016276042
558359.8000236050,9.7877502445,-0.0410461426,0.0599670410,-0.1743272569,0.0007921007,-0.0012695312
558359.8100236050,9.7885131839,-0.0302124023,0.0614929199,-0.1742621528,0.0007703993,-0.0012152778
558359.8200236050,9.7875976566,-0.0367736816,0.0624084473,-0.1743164062,0.0007703993,-0.0016493056
558359.8300236050,9.7879028324,-0.0361633301,0.0605773926,-0.1743164062,0.0007486979,-0.0008897569
558359.8400236050,9.7895812991,-0.0317382813,0.0610351563,-0.1744032118,0.0007921007,-0.0018663194
558359.8500236050,9.7875976566,-0.0405883789,0.0608825684,-0.1744032118,0.0007703993,-0.0008029514
558359.8600236051,9.7894287113,-0.0276184082,0.0613403320,-0.1744357639,0.0007812500,-0.0018120660
558359.8700236049,9.7872924808,-0.0425720215,0.0611877441,-0.1744357639,0.0007378472,-0.0010308160
558359.8800236050,9.7891235355,-0.0286865234,0.0604248047,-0.1744032118,0.0007921007,-0.0014648437
558359.8900236050,9.7879028324,-0.0402832031,0.0598144531,-0.1745334201,0.0007812500,-0.0014322917
558359.9000236050,9.7888183597,-0.0320434570,0.0619506836,-0.1745768229,0.0007703993,-0.0010416667
558359.9100236050,9.7886657718,-0.0343322754,0.0627136230,-0.1744900174,0.0007595486,-0.0018120660
558359.9200236050,9.7875976566,-0.0399780273,0.0614929199,-0.1743272569,0.0007486979,-0.0008138021
558359.9300236050,9.7894287113,-0.0294494629,0.0599670410,-0.1742730035,0.0008246528,-0.0018880208
558359.9400236050,9.7877502445,-0.0410461426,0.0604248047,-0.1742404514,0.0007812500,-0.0009006076
558359.9500236050,9.7897338870,-0.0285339355,0.0625610352,-0.1742730035,0.0007812500,-0.0016384549
558359.9600236050,9.7871398929,-0.0428771973,0.0621032715,-0.1743272569,0.0007486979,-0.0011718750
558359.9700236050,9.7888183597,-0.0302124023,0.0605773926,-0.1743706597,0.0007595486,-0.0013454861
558359.9800236051,9.7885131839,-0.0376892090,0.0601196289,-0.1743706597,0.0007812500,-0.0015190972
558359.9900236049,9.7886657718,-0.0334167480,0.0614929199,-0.1744249132,0.0007595486,-0.0009657118
558360.0000236050,9.7894287113,-0.0349426270,0.0628662109,-0.1744357639,0.0007921007,-0.0018012153
558360.0100236050,9.7880554202,-0.0392150879,0.0607299805,-0.1747504340,0.0007595486,-0.0008463542
558360.0200236050,9.7895812991,-0.0294494629,0.0604248047,-0.1744900174,0.0007812500,-0.0018120660
558360.0300236050,9.7872924808,-0.0418090820,0.0617980957,-0.1744357639,0.0007812500,-0.0009006076
558360.0400236050,9.7892761234,-0.0300598145,0.0628662109,-0.1744466146,0.0007595486,-0.0016601562
558360.0500236050,9.7872924808,-0.0413513184,0.0613403320,-0.1744140625,0.0007378472,-0.0011610243
558360.0600236050,9.7898864749,-0.0296020508,0.0608825684,-0.1743923611,0.0007921007,-0.0013888889
558360.0700236050,9.7886657718,-0.0389099121,0.0605773926,-0.1743598090,0.0007703993,-0.0013888889
558360.0800236050,9.7894287113,-0.0341796875,0.0610351563,-0.1743706597,0.0008138021,-0.0011718750
558360.0900236050,9.7875976566,-0.0364685059,0.0625610352,-0.1743381076,0.0007486979,-0.0016059028
558360.1000236050,9.7886657718,-0.0349426270,0.0616455078,-0.1743381076,0.0007703993,-0.0010091146
558360.1100236051,9.7895812991,-0.0338745117,0.0605773926,-0.1743164062,0.0007595486,-0.0017252604
558360.1200236049,9.7879028324,-0.0401306152,0.0607299805,-0.1743923611,0.0007812500,-0.0009765625
558360.1300236050,9.7900390628,-0.0314331055,0.0616455078,-0.1744466146,0.0008138021,-0.0017252604
558360.1400236050,9.7875976566,-0.0376892090,0.0621032715,-0.1744791667,0.0007486979,-0.0009874132
558360.1500236050,9.7897338870,-0.0300598145,0.0610351563,-0.1744900174,0.0007812500,-0.0016059028
558360.1600236050,9.7882080081,-0.0415039063,0.0601196289,-0.1745117187,0.0007703993,-0.0011284722
558360.1700236050,9.7888183597,-0.0302124023,0.0611877441,-0.1745117187,0.0007812500,-0.0014865451
558360.1800236050,9.7888183597,-0.0373840332,0.0624084473,-0.1744249132,0.0007812500,-0.0013237847
558360.1900236050,9.7888183597,-0.0335693359,0.0619506836,-0.1744249132,0.0007378472,-0.0012369792
558360.2000236050,9.7879028324,-0.0375366211,0.0611877441,-0.1744140625,0.0007921007,-0.0014973958
558360.2100236050,9.7886657718,-0.0361633301,0.0604248047,-0.1744249132,0.0007595486,-0.0011610243
558360.2200236060,9.7895812991,-0.0320434570,0.0614929199,-0.1743923611,0.0007703993,-0.0014214410
558360.2300236060,9.7879028324,-0.0366210938,0.0622558594,-0.1744032118,0.0007595486,-0.0014105903
558360.2400236060,9.7882080081,-0.0387573242,0.0617980957,-0.1743598090,0.0007595486,-0.0012044271
558360.2500236060,9.7895812991,-0.0325012207,0.0608825684,-0.1743381076,0.0007921007,-0.0013888889
558360.2600236060,9.7891235355,-0.0354003906,0.0610351563,-0.1744140625,0.0007703993,-0.0014322917
558360.2700236060,9.7877502445,-0.0381469727,0.0608825684,-0.1744249132,0.0007486979,-0.0012044271
558360.2800236060,9.7883605960,-0.0343322754,0.0625610352,-0.1744357639,0.0007595486,-0.0013888889
558360.2900236060,9.7895812991,-0.0344848633,0.0619506836,-0.1744140625,0.0007595486,-0.0014322917
558360.3000236060,9.7891235355,-0.0355529785,0.0611877441,-0.1744140625,0.0007812500,-0.0012478299
558360.3100236061,9.7882080081,-0.0346374512,0.0605773926,-0.1744140625,0.0007703993,-0.0013237847
558360.3200236059,9.7883605960,-0.0358581543,0.0621032715,-0.1743923611,0.0007595486,-0.0014214410
558360.3300236060,9.7883605960,-0.0366210938,0.0614929199,-0.1744140625,0.0007378472,-0.0013020833
558360.3400236060,9.7891235355,-0.0343322754,0.0616455078,-0.1744032118,0.0007921007,-0.0012912326
558360.3500236060,9.7894287113,-0.0347900391,0.0608825684,-0.1744140625,0.0007703993,-0.0013888889
558360.3600236060,9.7886657718,-0.0369262695,0.0608825684,-0.1744032118,0.0007921007,-0.0013129340
558360.3700236060,9.7885131839,-0.0352478027,0.0630187988,-0.1744032118,0.0007378472,-0.0013237847
558360.3800236060,9.7880554202,-0.0338745117,0.0628662109,-0.1743598090,0.0007703993,-0.0013888889
558360.3900236060,9.7886657718,-0.0360107422,0.0601196289,-0.1743272569,0.0007486979,-0.0013129340
558360.4000236060,9.7886657718,-0.0358581543,0.0598144531,-0.1743923611,0.0007921007,-0.0013129340
558360.4100236060,9.7885131839,-0.0349426270,0.0627136230,-0.1744140625,0.0007595486,-0.0014105903
558360.4200236060,9.7879028324,-0.0352478027,0.0631713867,-0.1744357639,0.0007595486,-0.0013129340
558360.4300236061,9.7886657718,-0.0350952148,0.0614929199,-0.1744466146,0.0007595486,-0.0012912326
558360.4400236059,9.7882080081,-0.0354003906,0.0598144531,-0.1744900174,0.0007703993,-0.0013888889
558360.4500236060,9.7889709476,-0.0358581543,0.0613403320,-0.1744900174,0.0007486979,-0.0013454861
558360.4600236060,9.7879028324,-0.0341796875,0.0634765625,-0.1744466146,0.0007921007,-0.0013020833
558360.4700236060,9.7889709476,-0.0352478027,0.0617980957,-0.1744249132,0.0007486979,-0.0013454861
558360.4800236060,9.7892761234,-0.0358581543,0.0602722168,-0.1744357639,0.0007921007,-0.0013346354
558360.4900236060,9.7879028324,-0.0352478027,0.0605773926,-0.1743923611,0.0007703993,-0.0013237847
558360.5000236060,9.7877502445,-0.0344848633,0.0631713867,-0.1744140625,0.0007595486,-0.0013346354
558360.5100236060,9.7883605960,-0.0363159180,0.0621032715,-0.1743598090,0.0007703993,-0.0013346354
558360.5200236060,9.7886657718,-0.0350952148,0.0601196289,-0.1743055555,0.0007595486,-0.0013237847
558360.5300236060,9.7889709476,-0.0335693359,0.0602722168,-0.1743055555,0.0007812500,-0.0013346354
558360.5400236060,9.7888183597,-0.0358581543,0.0624084473,-0.1743164062,0.0007812500,-0.0013020833
558360.5500236060,9.7885131839,-0.0355529785,0.0621032715,-0.1744032118,0.0007595486,-0.0013237847
558360.5600236061,9.7886657718,-0.0355529785,0.0614929199,-0.1744900174,0.0007595486,-0.0013888889
558360.5700236059,9.7888183597,-0.0352478027,0.0605773926,-0.1744249132,0.0007703993,-0.0013020833
558360.5800236060,9.7874450687,-0.0349426270,0.0608825684,-0.1744249132,0.0007812500,-0.0013454861
558360.5900236060,9.7885131839,-0.0360107422,0.0619506836,-0.1744032118,0.0007486979,-0.0013454861
558360.6000236060,9.7875976566,-0.0358581543,0.0621032715,-0.1744032118,0.0007812500,-0.0013237847
558360.6100236060,9.7891235355,-0.0349426270,0.0613403320,-0.1743598090,0.0007595486,-0.0013237847
558360.6200236060,9.7888183597,-0.0347900391,0.0605773926,-0.1744032118,0.0007921007,-0.0013454861
558360.6300236060,9.7879028324,-0.0357055664,0.0616455078,-0.1744357639,0.0007595486,-0.0013129340
558360.6400236060,9.7888183597,-0.0360107422,0.0617980957,-0.1743489583,0.0007812500,-0.0013346354
558360.6500236060,9.7891235355,-0.0346374512,0.0621032715,-0.1743598090,0.0007595486,-0.0013888889
558360.6600236060,9.7883605960,-0.0354003906,0.0611877441,-0.1743706597,0.0007703993,-0.0013129340
558360.6700236060,9.7886657718,-0.0349426270,0.0604248047,-0.1743706597,0.0007812500,-0.0013129340
558360.6800236061,9.7882080081,-0.0357055664,0.0624084473,-0.1743706597,0.0007595486,-0.0013563368
558360.6900236059,9.7883605960,-0.0358581543,0.0622558594,-0.1744249132,0.0007703993,-0.0013237847
558360.7000236060,9.7886657718,-0.0343322754,0.0616455078,-0.1744249132,0.0007595486,-0.0013237847
558360.7100236060,9.7888183597,-0.0352478027,0.0608825684,-0.1744140625,0.0007703993,-0.0013454861
558360.7200236060,9.7886657718,-0.0360107422,0.0610351563,-0.1744032118,0.0007595486,-0.0013129340
558360.7300236060,9.7879028324,-0.0347900391,0.0611877441,-0.1744032118,0.0007595486,-0.0013346354
558360.7400236060,9.7892761234,-0.0357055664,0.0628662109,-0.1743598090,0.0007921007,-0.0013129340
558360.7500236060,9.7883605960,-0.0355529785,0.0624084473,-0.1743055555,0.0007378472,-0.0013129340
558360.7600236060,9.7886657718,-0.0355529785,0.0611877441,-0.1743381076,0.0007921007,-0.0013454861
558360.7700236060,9.7877502445,-0.0352478027,0.0611877441,-0.1743598090,0.0007269965,-0.0013454861
558360.7800236060,9.7877502445,-0.0355529785,0.0625610352,-0.1743381076,0.0007812500,-0.0013237847
558360.7900236060,9.7886657718,-0.0357055664,0.0628662109,-0.1743598090,0.0007595486,-0.0013237847
558360.8000236060,9.7886657718,-0.0350952148,0.0616455078,-0.1743923611,0.0007812500,-0.0013563368
558360.8100236061,9.7888183597,-0.0340270996,0.0616455078,-0.1744357639,0.0007812500,-0.0013237847
558360.8200236059,9.7872924808,-0.0358581543,0.0613403320,-0.1744900174,0.0007703993,-0.0013129340
558360.8300236060,9.7888183597,-0.0355529785,0.0621032715,-0.1744140625,0.0007595486,-0.0013563368
558360.8400236060,9.7882080081,-0.0349426270,0.0622558594,-0.1744140625,0.0007595486,-0.0013454861
558360.8500236060,9.7885131839,-0.0354003906,0.0611877441,-0.1744574653,0.0007595486,-0.0013020833
558360.8600236060,9.7882080081,-0.0355529785,0.0614929199,-0.1744574653,0.0007812500,-0.0013454861
558360.8700236060,9.7883605960,-0.0363159180,0.0617980957,-0.1744466146,0.0007595486,-0.0013346354
558360.8800236060,9.7883605960,-0.0350952148,0.0624084473,-0.1744140625,0.0007812500,-0.0013020833
558360.8900236060,9.7885131839,-0.0349426270,0.0616455078,-0.1743923611,0.0007595486,-0.0013346354
558360.9000236060,9.7888183597,-0.0364685059,0.0611877441,-0.1743272569,0.0007595486,-0.0013454861
558360.9100236060,9.7882080081,-0.0354003906,0.0613403320,-0.1743489583,0.0007486979,-0.0013346354
558360.9200236060,9.7885131839,-0.0349426270,0.0617980957,-0.1743489583,0.0007921007,-0.0013346354
558360.9300236061,9.7883605960,-0.0344848633,0.0617980957,-0.1743598090,0.0007595486,-0.0013237847
558360.9400236059,9.7882080081,-0.0357055664,0.0619506836,-0.1743923611,0.0007703993,-0.0013237847
558360.9500236060,9.7883605960,-0.0360107422,0.0614929199,-0.1744032118,0.0007486979,-0.0013346354
558360.9600236060,9.7886657718,-0.0349426270,0.0614929199,-0.1744466146,0.0007812500,-0.0013454861
558360.9700236060,9.7892761234,-0.0358581543,0.0616455078,-0.1743706597,0.0007595486,-0.0013129340
558360.9800236060,9.7888183597,-0.0350952148,0.0624084473,-0.1743923611,0.0007921007,-0.0013020833
558360.9900236060,9.7882080081,-0.0355529785,0.0627136230,-0.1743706597,0.0007378472,-0.0013454861
558361.0000236060,9.7882080081,-0.0363159180,0.0608825684,-0.1743923611,0.0007812500,-0.0013129340
558361.0100236060,9.7885131839,-0.0349426270,0.0613403320,-0.1746744792,0.0007812500,-0.0013129340
558361.0200236060,9.7895812991,-0.0343322754,0.0630187988,-0.1743489583,0.0007595486,-0.0013346354
558361.0300236060,9.7879028324,-0.0360107422,0.0619506836,-0.1743706597,0.0007486979,-0.0013020833
558361.0400236060,9.7886657718,-0.0355529785,0.0604248047,-0.1743164062,0.0007812500,-0.0013346354
558361.0500236060,9.7883605960,-0.0344848633,0.0617980957,-0.1743164062,0.0007486979,-0.0013780382
558361.0600236061,9.7889709476,-0.0354003906,0.0627136230,-0.1743923611,0.0007921007,-0.0012912326
558361.0700236059,9.7886657718,-0.0363159180,0.0619506836,-0.1743706597,0.0007378472,-0.0013020833
558361.0800236060,9.7886657718,-0.0358581543,0.0605773926,-0.1744574653,0.0007921007,-0.0013780382
558361.0900236060,9.7886657718,-0.0354003906,0.0616455078,-0.1744466146,0.0007378472,-0.0013237847
558361.1000236060,9.7880554202,-0.0341796875,0.0624084473,-0.1744791667,0.0008246528,-0.0012912326
558361.1100236060,9.7891235355,-0.0352478027,0.0627136230,-0.1744140625,0.0007378472,-0.0013346354
558361.1200236060,9.7882080081,-0.0355529785,0.0617980957,-0.1744466146,0.0007812500,-0.0013346354
558361.1300236060,9.7880554202,-0.0355529785,0.0611877441,-0.1744032118,0.0007595486,-0.0013020833
558361.1400236060,9.7886657718,-0.0344848633,0.0621032715,-0.1744574653,0.0007703993,-0.0013454861
558361.1500236060,9.7888183597,-0.0343322754,0.0628662109,-0.1744574653,0.0007595486,-0.0013237847
558361.1600236060,9.7886657718,-0.0366210938,0.0616455078,-0.1743598090,0.0007703993,-0.0012912326
558361.1700236060,9.7891235355,-0.0357055664,0.0613403320,-0.1743489583,0.0007595486,-0.0013563368
558361.1800236061,9.7886657718,-0.0347900391,0.0617980957,-0.1743272569,0.0007595486,-0.0013780382
558361.1900236059,9.7889709476,-0.0338745117,0.0613403320,-0.1742730035,0.0007595486,-0.0012695312
558361.2000236060,9.7886657718,-0.0344848633,0.0617980957,-0.1742730035,0.0007812500,-0.0013020833
558361.2100236060,9.7885131839,-0.0369262695,0.0625610352,-0.1743489583,0.0007486979,-0.0013563368
558361.2200236060,9.7885131839,-0.0357055664,0.0621032715,-0.1743706597,0.0007703993,-0.0013237847
558361.2300236060,9.7883605960,-0.0338745117,0.0611877441,-0.1744140625,0.0007486979,-0.0013237847
558361.2400236060,9.7888183597,-0.0357055664,0.0614929199,-0.1744357639,0.0007812500,-0.0013346354
558361.2500236060,9.7886657718,-0.0369262695,0.0622558594,-0.1744574653,0.0007486979,-0.0013237847
558361.2600236060,9.7886657718,-0.0352478027,0.0625610352,-0.1744574653,0.0007703993,-0.0013454861
558361.2700236060,9.7883605960,-0.0340270996,0.0614929199,-0.1744032118,0.0007595486,-0.0013346354
558361.2800236060,9.7880554202,-0.0357055664,0.0613403320,-0.1744791667,0.0007812500,-0.0012695312
558361.2900236070,9.7888183597,-0.0367736816,0.0624084473,-0.1744249132,0.0007595486,-0.0013346354
558361.3000236070,9.7889709476,-0.0354003906,0.0627136230,-0.1744140625,0.0007703993,-0.0013888889
558361.3100236070,9.7883605960,-0.0340270996,0.0622558594,-0.1743598090,0.0007486979,-0.0013129340
558361.3200236070,9.7892761234,-0.0341796875,0.0614929199,-0.1743923611,0.0007921007,-0.0013129340
558361.3300236070,9.7885131839,-0.0366210938,0.0611877441,-0.1743598090,0.0007378472,-0.0013346354
558361.3400236070,9.7883605960,-0.0366210938,0.0621032715,-0.1743598090,0.0007921007,-0.0013346354
558361.3500236070,9.7880554202,-0.0331115723,0.0622558594,-0.1743489583,0.0007486979,-0.0013346354
558361.3600236070,9.7883605960,-0.0343322754,0.0621032715,-0.1743598090,0.0007812500,-0.0013346354
558361.3700236070,9.7888183597,-0.0372314453,0.0613403320,-0.1743598090,0.0007378472,-0.0013020833
558361.3800236071,9.7880554202,-0.0364685059,0.0616455078,-0.1743706597,0.0007812500,-0.0013454861
558361.3900236069,9.7889709476,-0.0340270996,0.0625610352,-0.1744140625,0.0007703993,-0.0013563368
558361.4000236070,9.7879028324,-0.0343322754,0.0624084473,-0.1744249132,0.0007486979,-0.0012695312
558361.4100236070,9.7891235355,-0.0366210938,0.0613403320,-0.1744357639,0.0007703993,-0.0013129340
558361.4200236070,9.7889709476,-0.0358581543,0.0613403320,-0.1744357639,0.0007921007,-0.0013780382
558361.4300236070,9.7889709476,-0.0346374512,0.0624084473,-0.1744466146,0.0007595486,-0.0013237847
558361.4400236070,9.7883605960,-0.0347900391,0.0633239746,-0.1743706597,0.0007486979,-0.0012912326
558361.4500236070,9.7885131839,-0.0366210938,0.0611877441,-0.1743381076,0.0007703993,-0.0013454861
558361.4600236070,9.7888183597,-0.0357055664,0.0608825684,-0.1743598090,0.0007812500,-0.0013346354
558361.4700236070,9.7885131839,-0.0346374512,0.0614929199,-0.1743164062,0.0007812500,-0.0013237847
558361.4800236070,9.7894287113,-0.0347900391,0.0630187988,-0.1743923611,0.0007703993,-0.0013020833
558361.4900236070,9.7888183597,-0.0355529785,0.0625610352,-0.1743272569,0.0007269965,-0.0013346354
558361.5000236070,9.7891235355,-0.0361633301,0.0611877441,-0.1743706597,0.0007812500,-0.0013346354
558361.5100236071,9.7888183597,-0.0341796875,0.0616455078,-0.1743706597,0.0007595486,-0.0013346354
558361.5200236070,9.7889709476,-0.0350952148,0.0627136230,-0.1743923611,0.0007703993,-0.0013129340
558361.5300236070,9.7892761234,-0.0357055664,0.0627136230,-0.1744357639,0.0007595486,-0.0013346354
558361.5400236070,9.7879028324,-0.0357055664,0.0613403320,-0.1744791667,0.0007703993,-0.0013129340
558361.5500236070,9.7883605960,-0.0347900391,0.0607299805,-0.1744900174,0.0007486979,-0.0013346354
558361.5600236070,9.7889709476,-0.0347900391,0.0625610352,-0.1744574653,0.0007703993,-0.0013129340
558361.5700236070,9.7885131839,-0.0349426270,0.0630187988,-0.1745008680,0.0007486979,-0.0013129340
558361.5800236070,9.7891235355,-0.0355529785,0.0617980957,-0.1744900174,0.0007595486,-0.0013671875
558361.5900236070,9.7885131839,-0.0357055664,0.0614929199,-0.1744357639,0.0007486979,-0.0013346354
558361.6000236070,9.7892761234,-0.0344848633,0.0616455078,-0.1744032118,0.0007812500,-0.0013129340
558361.6100236070,9.7886657718,-0.0352478027,0.0616455078,-0.1744032118,0.0007486979,-0.0013020833
558361.6200236070,9.7888183597,-0.0355529785,0.0621032715,-0.1743381076,0.0007703993,-0.0013346354
558361.6300236071,9.7882080081,-0.0350952148,0.0621032715,-0.1743272569,0.0007378472,-0.0013454861
558361.6400236069,9.7885131839,-0.0355529785,0.0622558594,-0.1743272569,0.0007812500,-0.0013129340
558361.6500236070,9.7891235355,-0.0352478027,0.0621032715,-0.1743381076,0.0007595486,-0.0013346354
558361.6600236070,9.7886657718,-0.0354003906,0.0621032715,-0.1743381076,0.0007812500,-0.0013237847
558361.6700236070,9.7891235355,-0.0347900391,0.0625610352,-0.1743923611,0.0007595486,-0.0013237847
558361.6800236070,9.7886657718,-0.0347900391,0.0624084473,-0.1744900174,0.0007703993,-0.0013346354
558361.6900236070,9.7892761234,-0.0357055664,0.0621032715,-0.1744900174,0.0007595486,-0.0013020833
558361.7000236070,9.7883605960,-0.0354003906,0.0610351563,-0.1744574653,0.0007703993,-0.0013237847
558361.7100236070,9.7883605960,-0.0352478027,0.0622558594,-0.1744900174,0.0007595486,-0.0013346354
558361.7200236070,9.7888183597,-0.0364685059,0.0625610352,-0.1744466146,0.0007595486,-0.0013020833
558361.7300236070,9.7889709476,-0.0349426270,0.0622558594,-0.1744140625,0.0007595486,-0.0013237847
558361.7400236070,9.7891235355,-0.0354003906,0.0616455078,-0.1744140625,0.0007595486,-0.0013346354
558361.7500236070,9.7883605960,-0.0349426270,0.0611877441,-0.1744032118,0.0007486979,-0.0013129340
558361.7600236071,9.7888183597,-0.0347900391,0.0633239746,-0.1744032118,0.0007921007,-0.0013129340
558361.7700236070,9.7883605960,-0.0355529785,0.0631713867,-0.1743381076,0.0007486979,-0.0013454861
558361.7800236070,9.7885131839,-0.0360107422,0.0617980957,-0.1743598090,0.0007703993,-0.0013129340
558361.7900236070,9.7883605960,-0.0344848633,0.0602722168,-0.1743598090,0.0007595486,-0.0013129340
558361.8000236070,9.7885131839,-0.0347900391,0.0622558594,-0.1744249132,0.0007703993,-0.0013129340
558361.8100236070,9.7886657718,-0.0360107422,0.0637817383,-0.1744900174,0.0007595486,-0.0013020833
558361.8200236070,9.7888183597,-0.0357055664,0.0628662109,-0.1744900174,0.0007595486,-0.0013346354
558361.8300236070,9.7892761234,-0.0341796875,0.0599670410,-0.1744791667,0.0007486979,-0.0013780382
558361.8400236070,9.7883605960,-0.0354003906,0.0611877441,-0.1744574653,0.0008138021,-0.0013129340
558361.8500236070,9.7882080081,-0.0352478027,0.0637817383,-0.1743706597,0.0007595486,-0.0013129340
558361.8600236070,9.7886657718,-0.0354003906,0.0636291504,-0.1744032118,0.0007378472,-0.0013346354
558361.8700236070,9.7886657718,-0.0350952148,0.0607299805,-0.1743923611,0.0007486979,-0.0013129340
558361.8800236071,9.7889709476,-0.0350952148,0.0598144531,-0.1743923611,0.0007812500,-0.0013129340
558361.8900236069,9.7882080081,-0.0346374512,0.0630187988,-0.1743598090,0.0007595486,-0.0013454861
558361.9000236070,9.7883605960,-0.0357055664,0.0642395020,-0.1743923611,0.0007595486,-0.0013020833
558361.9100236070,9.7886657718,-0.0357055664,0.0621032715,-0.1742838542,0.0007595486,-0.0013129340
558361.9200236070,9.7888183597,-0.0354003906,0.0598144531,-0.1742513021,0.0007703993,-0.0013237847
558361.9300236070,9.7891235355,-0.0352478027,0.0616455078,-0.1742730035,0.0007812500,-0.0013346354
558361.9400236070,9.7883605960,-0.0347900391,0.0640869141,-0.1743706597,0.0007595486,-0.0013129340
558361.9500236070,9.7883605960,-0.0354003906,0.0630187988,-0.1744032118,0.0007269965,-0.0013237847
558361.9600236070,9.7885131839,-0.0361633301,0.0608825684,-0.1744574653,0.0007812500,-0.0013346354
558361.9700236070,9.7889709476,-0.0343322754,0.0614929199,-0.1745008680,0.0007595486,-0.0013237847
558361.9800236070,9.7882080081,-0.0338745117,0.0634765625,-0.1745008680,0.0007703993,-0.0013237847
558361.9900236070,9.7883605960,-0.0361633301,0.0630187988,-0.1744357639,0.0007595486,-0.0013129340
558362.0000236070,9.7892761234,-0.0360107422,0.0621032715,-0.1744357639,0.0007703993,-0.0013237847
558362.0100236071,9.7885131839,-0.0341796875,0.0611877441,-0.1746853299,0.0007703993,-0.0013237847
558362.0200236070,9.7883605960,-0.0360107422,0.0631713867,-0.1744140625,0.0007595486,-0.0013129340
558362.0300236070,9.7882080081,-0.0357055664,0.0630187988,-0.1743489583,0.0007595486,-0.0013346354
558362.0400236070,9.7885131839,-0.0340270996,0.0622558594,-0.1743598090,0.0007378472,-0.0013563368
558362.0500236070,9.7883605960,-0.0352478027,0.0624084473,-0.1743598090,0.0007486979,-0.0012912326
558362.0600236070,9.7888183597,-0.0357055664,0.0622558594,-0.1743598090,0.0007921007,-0.0013020833
558362.0700236070,9.7886657718,-0.0357055664,0.0616455078,-0.1743381076,0.0007486979,-0.0013563368
558362.0800236070,9.7885131839,-0.0357055664,0.0625610352,-0.1744357639,0.0007703993,-0.0013020833
558362.0900236070,9.7879028324,-0.0341796875,0.0622558594,-0.1744791667,0.0007595486,-0.0013129340
558362.1000236070,9.7888183597,-0.0349426270,0.0631713867,-0.1744900174,0.0007595486,-0.0013346354
558362.1100236070,9.7886657718,-0.0358581543,0.0621032715,-0.1744574653,0.0007378472,-0.0013237847
558362.1200236070,9.7880554202,-0.0354003906,0.0621032715,-0.1744249132,0.0007703993,-0.0013020833
558362.1300236071,9.7883605960,-0.0344848633,0.0621032715,-0.1744357639,0.0007703993,-0.0013346354
558362.1400236069,9.7889709476,-0.0355529785,0.0631713867,-0.1744140625,0.0007486979,-0.0013020833
558362.1500236070,9.7885131839,-0.0350952148,0.0628662109,-0.1744140625,0.0007703993,-0.0013129340
558362.1600236070,9.7888183597,-0.0352478027,0.0624084473,-0.1744140625,0.0007486979,-0.0013454861
558362.1700236070,9.7880554202,-0.0347900391,0.0616455078,-0.1743706597,0.0007595486,-0.0013129340
558362.1800236070,9.7883605960,-0.0347900391,0.0630187988,-0.1743381076,0.0007595486,-0.0013129340
558362.1900236070,9.7888183597,-0.0360107422,0.0636291504,-0.1743055555,0.0007486979,-0.0013346354
558362.2000236070,9.7885131839,-0.0350952148,0.0625610352,-0.1743489583,0.0007595486,-0.0013346354
558362.2100236070,9.7879028324,-0.0338745117,0.0619506836,-0.1744357639,0.0007595486,-0.0013129340
558362.2200236070,9.7886657718,-0.0355529785,0.0621032715,-0.1744140625,0.0007812500,-0.0013129340
558362.2300236070,9.7886657718,-0.0369262695,0.0634765625,-0.1744466146,0.0007486979,-0.0013129340
558362.2400236070,9.7888183597,-0.0341796875,0.0625610352,-0.1744357639,0.0007595486,-0.0013454861
558362.2500236070,9.7886657718,-0.0340270996,0.0614929199,-0.1744574653,0.0007378472,-0.0013020833
558362.2600236071,9.7882080081,-0.0358581543,0.0625610352,-0.1744466146,0.0007595486,-0.0012912326
558362.2700236070,9.7883605960,-0.0360107422,0.0627136230,-0.1744357639,0.0007595486,-0.0013237847
558362.2800236070,9.7889709476,-0.0349426270,0.0633239746,-0.1744574653,0.0007703993,-0.0013563368
558362.2900236070,9.7882080081,-0.0338745117,0.0617980957,-0.1743706597,0.0007595486,-0.0013020833
558362.3000236070,9.7883605960,-0.0347900391,0.0624084473,-0.1744140625,0.0007486979,-0.0013237847
558362.3100236070,9.7882080081,-0.0361633301,0.0622558594,-0.1743598090,0.0007595486,-0.0013454861
558362.3200236070,9.7886657718,-0.0360107422,0.0639343262,-0.1743706597,0.0007812500,-0.0012912326
558362.3300236070,9.7886657718,-0.0337219238,0.0630187988,-0.1743272569,0.0007378472,-0.0013129340
558362.3400236070,9.7882080081,-0.0355529785,0.0617980957,-0.1743272569,0.0007703993,-0.0013237847
558362.3500236070,9.7885131839,-0.0364685059,0.0610351563,-0.1743706597,0.0007486979,-0.0012912326
558362.3600236070,9.7877502445,-0.0352478027,0.0630187988,-0.1743381076,0.0007703993,-0.0013454861
558362.3700236080,9.7894287113,-0.0343322754,0.0636291504,-0.1744249132,0.0007486979,-0.0013346354
558362.3800236080,9.7883605960,-0.0347900391,0.0624084473,-0.1743923611,0.0007378472,-0.0012695312
558362.3900236080,9.7882080081,-0.0360107422,0.0616455078,-0.1744791667,0.0007486979,-0.0013129340
558362.4000236080,9.7885131839,-0.0360107422,0.0617980957,-0.1745008680,0.0007921007,-0.0013346354
558362.4100236080,9.7889709476,-0.0349426270,0.0634765625,-0.1744791667,0.0007486979,-0.0013129340
558362.4200236080,9.7889709476,-0.0334167480,0.0633239746,-0.1745008680,0.0007703993,-0.0013020833
558362.4300236080,9.7883605960,-0.0357055664,0.0624084473,-0.1744032118,0.0007378472,-0.0013237847
558362.4400236080,9.7875976566,-0.0369262695,0.0608825684,-0.1743706597,0.0007703993,-0.0013237847
558362.4500236080,9.7894287113,-0.0341796875,0.0627136230,-0.1743272569,0.0007703993,-0.0013129340
558362.4600236079,9.7882080081,-0.0337219238,0.0636291504,-0.1743272569,0.0007595486,-0.0013129340
558362.4700236080,9.7883605960,-0.0357055664,0.0627136230,-0.1743272569,0.0007486979,-0.0012912326
558362.4800236080,9.7882080081,-0.0367736816,0.0608825684,-0.1743598090,0.0007595486,-0.0013237847
558362.4900236080,9.7888183597,-0.0350952148,0.0617980957,-0.1743598090,0.0007378472,-0.0013888889
558362.5000236080,9.7880554202,-0.0346374512,0.0645446777,-0.1743706597,0.0007703993,-0.0012695312
558362.5100236080,9.7883605960,-0.0350952148,0.0640869141,-0.1743706597,0.0007595486,-0.0012912326
558362.5200236080,9.7879028324,-0.0363159180,0.0624084473,-0.1743923611,0.0007486979,-0.0013454861
558362.5300236080,9.7886657718,-0.0360107422,0.0610351563,-0.1744357639,0.0007703993,-0.0013020833
558362.5400236080,9.7883605960,-0.0335693359,0.0628662109,-0.1744574653,0.0007703993,-0.0012912326
558362.5500236080,9.7889709476,-0.0347900391,0.0639343262,-0.1744032118,0.0007486979,-0.0013346354
558362.5600236080,9.7886657718,-0.0361633301,0.0627136230,-0.1743706597,0.0007486979,-0.0013129340
558362.5700236080,9.7885131839,-0.0358581543,0.0617980957,-0.1743923611,0.0007486979,-0.0013237847
558362.5800236081,9.7885131839,-0.0350952148,0.0617980957,-0.1743272569,0.0007486979,-0.0013346354
558362.5900236079,9.7883605960,-0.0337219238,0.0622558594,-0.1744032118,0.0007703993,-0.0013020833
558362.6000236080,9.7885131839,-0.0350952148,0.0639343262,-0.1743706597,0.0007595486,-0.0012912326
558362.6100236080,9.7888183597,-0.0361633301,0.0631713867,-0.1744249132,0.0007269965,-0.0013454861
558362.6200236080,9.7885131839,-0.0360107422,0.0614929199,-0.1744140625,0.0007703993,-0.0013454861
558362.6300236080,9.7886657718,-0.0337219238,0.0625610352,-0.1744466146,0.0007486979,-0.0013129340
558362.6400236080,9.7880554202,-0.0352478027,0.0634765625,-0.1744140625,0.0007595486,-0.0013020833
558362.6500236080,9.7886657718,-0.0355529785,0.0636291504,-0.1744140625,0.0007486979,-0.0013237847
558362.6600236080,9.7883605960,-0.0355529785,0.0617980957,-0.1745008680,0.0007486979,-0.0013237847
558362.6700236080,9.7886657718,-0.0346374512,0.0617980957,-0.1745117187,0.0007703993,-0.0013020833
558362.6800236080,9.7889709476,-0.0347900391,0.0634765625,-0.1744791667,0.0007812500,-0.0013237847
558362.6900236080,9.7888183597,-0.0363159180,0.0640869141,-0.1744574653,0.0007486979,-0.0013020833
558362.7000236080,9.7885131839,-0.0352478027,0.0628662109,-0.1743923611,0.0007486979,-0.0013237847
558362.7100236079,9.7882080081,-0.0347900391,0.0617980957,-0.1743381076,0.0007052951,-0.0013346354
558362.7200236080,9.7888183597,-0.0360107422,0.0625610352,-0.1742730035,0.0007703993,-0.0013020833
558362.7300236080,9.7892761234,-0.0347900391,0.0633239746,-0.1743272569,0.0007595486,-0.0013237847
558362.7400236080,9.7888183597,-0.0341796875,0.0636291504,-0.1743598090,0.0007486979,-0.0013346354
558362.7500236080,9.7882080081,-0.0349426270,0.0628662109,-0.1744032118,0.0007378472,-0.0013020833
558362.7600236080,9.7877502445,-0.0358581543,0.0616455078,-0.1743923611,0.0007486979,-0.0013129340
558362.7700236080,9.7880554202,-0.0361633301,0.0625610352,-0.1743598090,0.0007486979,-0.0013454861
558362.7800236080,9.7885131839,-0.0354003906,0.0639343262,-0.1743706597,0.0007703993,-0.0013020833
558362.7900236080,9.7888183597,-0.0341796875,0.0628662109,-0.1743923611,0.0007378472,-0.0013129340
558362.8000236080,9.7886657718,-0.0361633301,0.0617980957,-0.1744140625,0.0007703993,-0.0013129340
558362.8100236080,9.7886657718,-0.0360107422,0.0614929199,-0.1744574653,0.0007595486,-0.0013237847
558362.8200236080,9.7891235355,-0.0344848633,0.0634765625,-0.1744791667,0.0007812500,-0.0013346354
558362.8300236081,9.7886657718,-0.0350952148,0.0633239746,-0.1744466146,0.0007378472,-0.0013129340
558362.8400236079,9.7886657718,-0.0354003906,0.0624084473,-0.1744249132,0.0007595486,-0.0013129340
558362.8500236080,9.7885131839,-0.0350952148,0.0622558594,-0.1744249132,0.0007378472,-0.0013129340
558362.8600236080,9.7885131839,-0.0361633301,0.0621032715,-0.1743706597,0.0007703993,-0.0013237847
558362.8700236080,9.7883605960,-0.0343322754,0.0639343262,-0.1743923611,0.0007486979,-0.0013129340
558362.8800236080,9.7886657718,-0.0349426270,0.0636291504,-0.1743706597,0.0007595486,-0.0013237847
558362.8900236080,9.7880554202,-0.0355529785,0.0625610352,-0.1743598090,0.0007486979,-0.0013129340
558362.9000236080,9.7885131839,-0.0350952148,0.0619506836,-0.1743923611,0.0007486979,-0.0013346354
558362.9100236080,9.7889709476,-0.0347900391,0.0628662109,-0.1744032118,0.0007595486,-0.0013237847
558362.9200236080,9.7883605960,-0.0350952148,0.0633239746,-0.1744032118,0.0007486979,-0.0012912326
558362.9300236080,9.7883605960,-0.0354003906,0.0631713867,-0.1744032118,0.0007486979,-0.0013237847
558362.9400236080,9.7879028324,-0.0366210938,0.0622558594,-0.1744032118,0.0007486979,-0.0013237847
558362.9500236080,9.7886657718,-0.0349426270,0.0621032715,-0.1744466146,0.0007486979,-0.0013237847
558362.9600236079,9.7889709476,-0.0343322754,0.0633239746,-0.1744466146,0.0007703993,-0.0013129340
558362.9700236080,9.7888183597,-0.0354003906,0.0628662109,-0.1744357639,0.0007378472,-0.0013129340
558362.9800236080,9.7880554202,-0.0354003906,0.0630187988,-0.1743923611,0.0007703993,-0.0013129340
558362.9900236080,9.7885131839,-0.0360107422,0.0619506836,-0.1743923611,0.0007378472,-0.0013129340
558363.0000236080,9.7882080081,-0.0347900391,0.0625610352,-0.1743706597,0.0007595486,-0.0013237847
558363.0100236080,9.7891235355,-0.0347900391,0.0630187988,-0.1746636285,0.0007595486,-0.0013020833
558363.0200236080,9.7883605960,-0.0360107422,0.0637817383,-0.1743381076,0.0007378472,-0.0013346354
558363.0300236080,9.7879028324,-0.0360107422,0.0628662109,-0.1744140625,0.0007269965,-0.0013237847
558363.0400236080,9.7889709476,-0.0355529785,0.0619506836,-0.1744249132,0.0007703993,-0.0013020833
558363.0500236080,9.7888183597,-0.0335693359,0.0624084473,-0.1744032118,0.0007595486,-0.0013237847
558363.0600236080,9.7886657718,-0.0357055664,0.0633239746,-0.1744249132,0.0007595486,-0.0013129340
558363.0700236080,9.7885131839,-0.0361633301,0.0628662109,-0.1744357639,0.0007486979,-0.0013020833
558363.0800236081,9.7882080081,-0.0352478027,0.0625610352,-0.1744466146,0.0007595486,-0.0013237847
558363.0900236079,9.7892761234,-0.0352478027,0.0621032715,-0.1744357639,0.0007486979,-0.0013454861
558363.1000236080,9.7892761234,-0.0341796875,0.0639343262,-0.1744574653,0.0007703993,-0.0013020833
558363.1100236080,9.7886657718,-0.0352478027,0.0634765625,-0.1744249132,0.0007378472,-0.0013237847
558363.1200236080,9.7880554202,-0.0360107422,0.0628662109,-0.1743706597,0.0007486979,-0.0013020833
558363.1300236080,9.7886657718,-0.0354003906,0.0622558594,-0.1743381076,0.0007486979,-0.0013020833
558363.1400236080,9.7883605960,-0.0352478027,0.0636291504,-0.1743598090,0.0007595486,-0.0013346354
558363.1500236080,9.7883605960,-0.0349426270,0.0633239746,-0.1743923611,0.0007486979,-0.0013346354
558363.1600236080,9.7882080081,-0.0357055664,0.0631713867,-0.1743164062,0.0007486979,-0.0013020833
558363.1700236080,9.7880554202,-0.0352478027,0.0619506836,-0.1742838542,0.0007378472,-0.0013237847
558363.1800236080,9.7895812991,-0.0360107422,0.0628662109,-0.1742838542,0.0007812500,-0.0013129340
558363.1900236080,9.7886657718,-0.0349426270,0.0639343262,-0.1743381076,0.0007486979,-0.0013129340
558363.2000236080,9.7888183597,-0.0347900391,0.0631713867,-0.1743923611,0.0007486979,-0.0013020833
558363.2100236079,9.7886657718,-0.0355529785,0.0622558594,-0.1744466146,0.0007486979,-0.0013129340
558363.2200236080,9.7885131839,-0.0364685059,0.0621032715,-0.1744466146,0.0007703993,-0.0013129340
558363.2300236080,9.7891235355,-0.0346374512,0.0633239746,-0.1744574653,0.0007486979,-0.0013346354
558363.2400236080,9.7888183597,-0.0340270996,0.0633239746,-0.1744900174,0.0007486979,-0.0013129340
558363.2500236080,9.7889709476,-0.0358581543,0.0631713867,-0.1744249132,0.0007052951,-0.0012912326
558363.2600236080,9.7889709476,-0.0352478027,0.0621032715,-0.1744140625,0.0007703993,-0.0013237847
558363.2700236080,9.7883605960,-0.0350952148,0.0628662109,-0.1744032118,0.0007595486,-0.0013454861
558363.2800236080,9.7880554202,-0.0352478027,0.0633239746,-0.1743923611,0.0007812500,-0.0012912326
558363.2900236080,9.7892761234,-0.0347900391,0.0627136230,-0.1743598090,0.0007378472,-0.0013129340
558363.3000236080,9.7880554202,-0.0358581543,0.0631713867,-0.1743489583,0.0007486979,-0.0013237847
558363.3100236080,9.7886657718,-0.0361633301,0.0631713867,-0.1742730035,0.0007703993,-0.0012695312
558363.3200236080,9.7892761234,-0.0344848633,0.0630187988,-0.1743164062,0.0007486979,-0.0013346354
558363.3300236081,9.7880554202,-0.0350952148,0.0625610352,-0.1743598090,0.0007486979,-0.0013129340
558363.3400236079,9.7880554202,-0.0363159180,0.0630187988,-0.1744140625,0.0007595486,-0.0012695312
558363.3500236080,9.7885131839,-0.0349426270,0.0633239746,-0.1744791667,0.0007486979,-0.0013346354
558363.3600236080,9.7883605960,-0.0357055664,0.0625610352,-0.1744357639,0.0007703993,-0.0013454861
558363.3700236080,9.7888183597,-0.0349426270,0.0628662109,-0.1744574653,0.0007486979,-0.0012912326
558363.3800236080,9.7886657718,-0.0352478027,0.0631713867,-0.1744357639,0.0007595486,-0.0013020833
558363.3900236080,9.7882080081,-0.0357055664,0.0633239746,-0.1744466146,0.0007161458,-0.0013237847
558363.4000236080,9.7886657718,-0.0354003906,0.0627136230,-0.1744249132,0.0007703993,-0.0013129340
558363.4100236080,9.7885131839,-0.0347900391,0.0631713867,-0.1743923611,0.0007269965,-0.0013237847
558363.4200236080,9.7891235355,-0.0347900391,0.0633239746,-0.1743598090,0.0007595486,-0.0013237847
558363.4300236080,9.7886657718,-0.0357055664,0.0627136230,-0.1743381076,0.0007378472,-0.0013020833
558363.4400236090,9.7888183597,-0.0357055664,0.0630187988,-0.1743272569,0.0007486979,-0.0013129340
558363.4500236090,9.7888183597,-0.0347900391,0.0633239746,-0.1743272569,0.0007595486,-0.0013129340
558363.4600236090,9.7883605960,-0.0344848633,0.0631713867,-0.1743923611,0.0007595486,-0.0012912326
558363.4700236090,9.7880554202,-0.0354003906,0.0621032715,-0.1744574653,0.0007269965,-0.0012695312
558363.4800236090,9.7886657718,-0.0360107422,0.0621032715,-0.1744900174,0.0007595486,-0.0013237847
558363.4900236090,9.7888183597,-0.0360107422,0.0639343262,-0.1744791667,0.0007269965,-0.0013129340
558363.5000236090,9.7885131839,-0.0350952148,0.0631713867,-0.1744466146,0.0007595486,-0.0013020833
558363.5100236090,9.7885131839,-0.0349426270,0.0622558594,-0.1744357639,0.0007378472,-0.0012912326
558363.5200236090,9.7877502445,-0.0357055664,0.0627136230,-0.1744032118,0.0007703993,-0.0013020833
558363.5300236091,9.7882080081,-0.0357055664,0.0645446777,-0.1744357639,0.0007378472,-0.0013129340
558363.5400236089,9.7882080081,-0.0346374512,0.0633239746,-0.1744249132,0.0007595486,-0.0013237847
558363.5500236090,9.7889709476,-0.0354003906,0.0631713867,-0.1743598090,0.0007486979,-0.0013237847
558363.5600236090,9.7883605960,-0.0358581543,0.0624084473,-0.1743598090,0.0007378472,-0.0013237847
558363.5700236090,9.7882080081,-0.0354003906,0.0624084473,-0.1743489583,0.0007486979,-0.0013020833
558363.5800236090,9.7880554202,-0.0346374512,0.0639343262,-0.1743272569,0.0007378472,-0.0012912326
558363.5900236090,9.7891235355,-0.0363159180,0.0630187988,-0.1743272569,0.0007378472,-0.0012695312
558363.6000236090,9.7889709476,-0.0361633301,0.0621032715,-0.1743598090,0.0007703993,-0.0013346354
558363.6100236090,9.7880554202,-0.0344848633,0.0625610352,-0.1744140625,0.0007378472,-0.0013346354
558363.6200236090,9.7892761234,-0.0347900391,0.0630187988,-0.1744357639,0.0007595486,-0.0012695312
558363.6300236090,9.7883605960,-0.0352478027,0.0633239746,-0.1744900174,0.0007378472,-0.0013237847
558363.6400236090,9.7885131839,-0.0363159180,0.0622558594,-0.1744574653,0.0007486979,-0.0013129340
558363.6500236091,9.7879028324,-0.0350952148,0.0617980957,-0.1744140625,0.0007486979,-0.0013020833
558363.6600236089,9.7886657718,-0.0344848633,0.0633239746,-0.1744140625,0.0007595486,-0.0013020833
558363.6700236090,9.7886657718,-0.0360107422,0.0628662109,-0.1743489583,0.0007378472,-0.0013129340
558363.6800236090,9.7892761234,-0.0357055664,0.0636291504,-0.1744249132,0.0007595486,-0.0013346354
558363.6900236090,9.7888183597,-0.0349426270,0.0639343262,-0.1744032118,0.0007269965,-0.0013346354
558363.7000236090,9.7888183597,-0.0340270996,0.0628662109,-0.1744249132,0.0007486979,-0.0013020833
558363.7100236090,9.7880554202,-0.0357055664,0.0625610352,-0.1744249132,0.0007486979,-0.0012912326
558363.7200236090,9.7886657718,-0.0366210938,0.0639343262,-0.1743706597,0.0007595486,-0.0013237847
558363.7300236090,9.7888183597,-0.0350952148,0.0625610352,-0.1743164062,0.0007378472,-0.0013020833
558363.7400236090,9.7888183597,-0.0347900391,0.0628662109,-0.1743164062,0.0007595486,-0.0013129340
558363.7500236090,9.7888183597,-0.0352478027,0.0633239746,-0.1743598090,0.0007486979,-0.0013020833
558363.7600236090,9.7888183597,-0.0364685059,0.0636291504,-0.1744140625,0.0007486979,-0.0013020833
558363.7700236090,9.7888183597,-0.0355529785,0.0636291504,-0.1744249132,0.0007269965,-0.0013237847
558363.7800236091,9.7885131839,-0.0347900391,0.0628662109,-0.1744466146,0.0007595486,-0.0013020833
558363.7900236089,9.7886657718,-0.0357055664,0.0625610352,-0.1744466146,0.0007595486,-0.0012912326
558363.8000236090,9.7889709476,-0.0358581543,0.0628662109,-0.1744574653,0.0007703993,-0.0013129340
558363.8100236090,9.7889709476,-0.0350952148,0.0639343262,-0.1743923611,0.0007486979,-0.0013346354
558363.8200236090,9.7886657718,-0.0349426270,0.0634765625,-0.1743923611,0.0007595486,-0.0013020833
558363.8300236090,9.7882080081,-0.0346374512,0.0630187988,-0.1743598090,0.0007269965,-0.0013237847
558363.8400236090,9.7879028324,-0.0364685059,0.0631713867,-0.1743489583,0.0007486979,-0.0013129340
558363.8500236090,9.7888183597,-0.0364685059,0.0640869141,-0.1743381076,0.0007703993,-0.0013129340
558363.8600236090,9.7894287113,-0.0347900391,0.0640869141,-0.1743598090,0.0007269965,-0.0013020833
558363.8700236090,9.7883605960,-0.0354003906,0.0634765625,-0.1743923611,0.0007378472,-0.0013129340
558363.8800236090,9.7882080081,-0.0352478027,0.0616455078,-0.1743923611,0.0007486979,-0.0012912326
558363.8900236090,9.7886657718,-0.0360107422,0.0630187988,-0.1744140625,0.0007378472,-0.0013346354
558363.9000236091,9.7886657718,-0.0350952148,0.0637817383,-0.1744032118,0.0007486979,-0.0013237847
558363.9100236089,9.7889709476,-0.0338745117,0.0637817383,-0.1743923611,0.0007269965,-0.0012695312
558363.9200236090,9.7895812991,-0.0355529785,0.0622558594,-0.1744032118,0.0007703993,-0.0013020833
558363.9300236090,9.7877502445,-0.0372314453,0.0625610352,-0.1744032118,0.0007378472,-0.0013129340
558363.9400236090,9.7882080081,-0.0360107422,0.0640869141,-0.1744249132,0.0007595486,-0.0013237847
558363.9500236090,9.7886657718,-0.0332641602,0.0637817383,-0.1744032118,0.0007486979,-0.0013129340
558363.9600236090,9.7886657718,-0.0352478027,0.0630187988,-0.1744032118,0.0007486979,-0.0013020833
558363.9700236090,9.7892761234,-0.0363159180,0.0627136230,-0.1743489583,0.0007378472,-0.0013020833
558363.9800236090,9.7894287113,-0.0360107422,0.0645446777,-0.1743381076,0.0007378472,-0.0013020833
558363.9900236090,9.7891235355,-0.0340270996,0.0642395020,-0.1743381076,0.0007378472,-0.0013020833
558364.0000236090,9.7883605960,-0.0344848633,0.0630187988,-0.1743598090,0.0007378472,-0.0013020833
558364.0100236090,9.7888183597,-0.0367736816,0.0616455078,-0.1746961805,0.0007595486,-0.0013020833
558364.0200236090,9.7889709476,-0.0361633301,0.0636291504,-0.1744140625,0.0007703993,-0.0013780382
558364.0300236091,9.7888183597,-0.0349426270,0.0643920898,-0.1744357639,0.0007378472,-0.0013129340
558364.0400236089,9.7889709476,-0.0346374512,0.0633239746,-0.1743598090,0.0007486979,-0.0012478299
558364.0500236090,9.7886657718,-0.0360107422,0.0627136230,-0.1744140625,0.0007378472,-0.0013237847
558364.0600236090,9.7886657718,-0.0369262695,0.0628662109,-0.1744032118,0.0007486979,-0.0013237847
558364.0700236090,9.7877502445,-0.0349426270,0.0643920898,-0.1744140625,0.0007486979,-0.0013129340
558364.0800236090,9.7880554202,-0.0341796875,0.0636291504,-0.1743923611,0.0007595486,-0.0013237847
558364.0900236090,9.7886657718,-0.0355529785,0.0634765625,-0.1743598090,0.0007269965,-0.0013020833
558364.1000236090,9.7882080081,-0.0363159180,0.0631713867,-0.1743489583,0.0007595486,-0.0012912326
558364.1100236090,9.7886657718,-0.0352478027,0.0633239746,-0.1743164062,0.0007052951,-0.0013129340
558364.1200236090,9.7888183597,-0.0349426270,0.0630187988,-0.1743381076,0.0007703993,-0.0012912326
558364.1300236090,9.7886657718,-0.0352478027,0.0634765625,-0.1743706597,0.0007486979,-0.0012695312
558364.1400236090,9.7885131839,-0.0358581543,0.0627136230,-0.1743923611,0.0007595486,-0.0013129340
558364.1500236091,9.7889709476,-0.0360107422,0.0628662109,-0.1744574653,0.0007486979,-0.0013346354
558364.1600236089,9.7882080081,-0.0341796875,0.0636291504,-0.1744357639,0.0007486979,-0.0013020833
558364.1700236090,9.7889709476,-0.0355529785,0.0636291504,-0.1744249132,0.0007595486,-0.0012695312
558364.1800236090,9.7891235355,-0.0358581543,0.0637817383,-0.1744032118,0.0007595486,-0.0013237847
558364.1900236090,9.7883605960,-0.0350952148,0.0634765625,-0.1744249132,0.0007378472,-0.0013020833
558364.2000236090,9.7879028324,-0.0346374512,0.0631713867,-0.1744466146,0.0007595486,-0.0013020833
558364.2100236090,9.7883605960,-0.0358581543,0.0639343262,-0.1744249132,0.0007378472,-0.0013237847
558364.2200236090,9.7880554202,-0.0367736816,0.0634765625,-0.1744140625,0.0007595486,-0.0013020833
558364.2300236090,9.7880554202,-0.0350952148,0.0631713867,-0.1744249132,0.0007052951,-0.0013237847
558364.2400236090,9.7886657718,-0.0349426270,0.0639343262,-0.1744249132,0.0007486979,-0.0013020833
558364.2500236090,9.7888183597,-0.0360107422,0.0631713867,-0.1743489583,0.0007378472,-0.0012695312
558364.2600236090,9.7885131839,-0.0349426270,0.0634765625,-0.1743706597,0.0007703993,-0.0013020833
558364.2700236090,9.7889709476,-0.0355529785,0.0642395020,-0.1743489583,0.0007269965,-0.0013237847
558364.2800236091,9.7877502445,-0.0366210938,0.0639343262,-0.1743381076,0.0007486979,-0.0012695312
558364.2900236089,9.7892761234,-0.0354003906,0.0621032715,-0.1743489583,0.0007269965,-0.0013346354
558364.3000236090,9.7886657718,-0.0349426270,0.0633239746,-0.1743706597,0.0007378472,-0.0013346354
558364.3100236090,9.7888183597,-0.0358581543,0.0643920898,-0.1744357639,0.0007269965,-0.0012586806
558364.3200236090,9.7885131839,-0.0349426270,0.0637817383,-0.1744791667,0.0007269965,-0.0013237847
558364.3300236090,9.7888183597,-0.0361633301,0.0622558594,-0.1744574653,0.0007378472,-0.0013346354
558364.3400236090,9.7886657718,-0.0358581543,0.0631713867,-0.1744574653,0.0007812500,-0.0012695312
558364.3500236090,9.7880554202,-0.0344848633,0.0645446777,-0.1744900174,0.0007269965,-0.0013237847
558364.3600236090,9.7888183597,-0.0364685059,0.0640869141,-0.1745008680,0.0007486979,-0.0013129340
558364.3700236090,9.7886657718,-0.0363159180,0.0628662109,-0.1744249132,0.0007378472,-0.0012912326
558364.3800236090,9.7891235355,-0.0357055664,0.0622558594,-0.1744140625,0.0007486979,-0.0013020833
558364.3900236090,9.7889709476,-0.0350952148,0.0643920898,-0.1743706597,0.0007378472,-0.0013129340
558364.4000236091,9.7888183597,-0.0347900391,0.0643920898,-0.1743489583,0.0007486979,-0.0012912326
558364.4100236089,9.7883605960,-0.0361633301,0.0625610352,-0.1743598090,0.0007378472,-0.0013129340
558364.4200236090,9.7885131839,-0.0363159180,0.0637817383,-0.1743598090,0.0007486979,-0.0013020833
558364.4300236090,9.7882080081,-0.0349426270,0.0633239746,-0.1744140625,0.0007378472,-0.0013020833
558364.4400236090,9.7888183597,-0.0347900391,0.0630187988,-0.1744140625,0.0007486979,-0.0013129340
558364.4500236090,9.7886657718,-0.0357055664,0.0631713867,-0.1744140625,0.0007486979,-0.0012695312
558364.4600236090,9.7885131839,-0.0355529785,0.0631713867,-0.1744357639,0.0007595486,-0.0013237847
558364.4700236090,9.7888183597,-0.0349426270,0.0637817383,-0.1746310764,0.0007269965,-0.0013129340
558364.4800236090,9.7885131839,-0.0355529785,0.0637817383,-0.1746310764,0.0007378472,-0.0013020833
558364.4900236090,9.7886657718,-0.0360107422,0.0625610352,-0.1745225694,0.0007486979,-0.0013020833
558364.5000236090,9.7879028324,-0.0358581543,0.0631713867,-0.1744574653,0.0007486979,-0.0013129340
558364.5100236100,9.7885131839,-0.0355529785,0.0643920898,-0.1744249132,0.0007378472,-0.0012695312
558364.5200236100,9.7883605960,-0.0354003906,0.0640869141,-0.1743923611,0.0007269965,-0.0013020833
558364.5300236100,9.7891235355,-0.0355529785,0.0633239746,-0.1744032118,0.0007486979,-0.0013237847
558364.5400236100,9.7892761234,-0.0355529785,0.0639343262,-0.1743489583,0.0007595486,-0.0012912326
558364.5500236100,9.7879028324,-0.0346374512,0.0646972656,-0.1744032118,0.0007052951,-0.0013129340
558364.5600236100,9.7888183597,-0.0366210938,0.0633239746,-0.1743706597,0.0007486979,-0.0013129340
558364.5700236100,9.7880554202,-0.0366210938,0.0628662109,-0.1743381076,0.0007269965,-0.0012695312
558364.5800236100,9.7891235355,-0.0344848633,0.0640869141,-0.1743923611,0.0007486979,-0.0012912326
558364.5900236100,9.7888183597,-0.0357055664,0.0639343262,-0.1743923611,0.0007269965,-0.0013129340
558364.6000236101,9.7883605960,-0.0364685059,0.0642395020,-0.1744574653,0.0007486979,-0.0012695312
558364.6100236099,9.7885131839,-0.0354003906,0.0633239746,-0.1744357639,0.0007269965,-0.0013454861
558364.6200236100,9.7885131839,-0.0357055664,0.0628662109,-0.1744791667,0.0007595486,-0.0013237847
558364.6300236100,9.7888183597,-0.0357055664,0.0639343262,-0.1744357639,0.0007378472,-0.0012586806
558364.6400236100,9.7886657718,-0.0349426270,0.0642395020,-0.1743923611,0.0007269965,-0.0013129340
558364.6500236100,9.7883605960,-0.0370788574,0.0637817383,-0.1743923611,0.0007269965,-0.0013129340
558364.6600236100,9.7886657718,-0.0360107422,0.0622558594,-0.1743381076,0.0007812500,-0.0012912326
558364.6700236100,9.7891235355,-0.0334167480,0.0642395020,-0.1743706597,0.0007378472,-0.0013129340
558364.6800236100,9.7885131839,-0.0363159180,0.0646972656,-0.1744140625,0.0007378472,-0.0012912326
558364.6900236100,9.7888183597,-0.0372314453,0.0630187988,-0.1743923611,0.0007378472,-0.0013020833
558364.7000236100,9.7883605960,-0.0347900391,0.0633239746,-0.1744249132,0.0007486979,-0.0013237847
558364.7100236100,9.7883605960,-0.0358581543,0.0628662109,-0.1743706597,0.0007486979,-0.0012695312
558364.7200236100,9.7897338870,-0.0350952148,0.0645446777,-0.1744357639,0.0007378472,-0.0012586806
558364.7300236101,9.7885131839,-0.0366210938,0.0642395020,-0.1744249132,0.0007378472,-0.0013346354
558364.7400236099,9.7885131839,-0.0366210938,0.0633239746,-0.1744466146,0.0007595486,-0.0013020833
558364.7500236100,9.7885131839,-0.0344848633,0.0628662109,-0.1744357639,0.0007378472,-0.0012912326
558364.7600236100,9.7888183597,-0.0352478027,0.0642395020,-0.1743923611,0.0007595486,-0.0013020833
558364.7700236100,9.7883605960,-0.0363159180,0.0646972656,-0.1744357639,0.0007269965,-0.0013020833
558364.7800236100,9.7886657718,-0.0361633301,0.0636291504,-0.1744032118,0.0007269965,-0.0013020833
558364.7900236100,9.7882080081,-0.0350952148,0.0625610352,-0.1744140625,0.0007378472,-0.0013237847
558364.8000236100,9.7888183597,-0.0354003906,0.0640869141,-0.1743706597,0.0007486979,-0.0012912326
558364.8100236100,9.7885131839,-0.0361633301,0.0646972656,-0.1743489583,0.0007052951,-0.0013129340
558364.8200236100,9.7886657718,-0.0354003906,0.0634765625,-0.1744140625,0.0007595486,-0.0013237847
558364.8300236100,9.7882080081,-0.0352478027,0.0627136230,-0.1743706597,0.0006944444,-0.0012912326
558364.8400236100,9.7883605960,-0.0355529785,0.0643920898,-0.1743489583,0.0007378472,-0.0012912326
558364.8500236101,9.7882080081,-0.0352478027,0.0639343262,-0.1743923611,0.0007269965,-0.0013020833
558364.8600236099,9.7895812991,-0.0360107422,0.0625610352,-0.1744140625,0.0007486979,-0.0013129340
558364.8700236100,9.7882080081,-0.0355529785,0.0633239746,-0.1744032118,0.0007378472,-0.0012912326
558364.8800236100,9.7882080081,-0.0358581543,0.0646972656,-0.1744357639,0.0007378472,-0.0013129340
558364.8900236100,9.7892761234,-0.0363159180,0.0637817383,-0.1744032118,0.0007595486,-0.0013020833
558364.9000236100,9.7885131839,-0.0349426270,0.0631713867,-0.1743598090,0.0007378472,-0.0013020833
558364.9100236100,9.7880554202,-0.0358581543,0.0628662109,-0.1744140625,0.0007378472,-0.0013020833
558364.9200236100,9.7882080081,-0.0361633301,0.0640869141,-0.1743598090,0.0007378472,-0.0012695312
558364.9300236100,9.7886657718,-0.0357055664,0.0653076172,-0.1743706597,0.0007595486,-0.0013237847
558364.9400236100,9.7885131839,-0.0358581543,0.0633239746,-0.1743923611,0.0007378472,-0.0013020833
558364.9500236100,9.7885131839,-0.0364685059,0.0621032715,-0.1743598090,0.0007269965,-0.0013020833
558364.9600236100,9.7888183597,-0.0349426270,0.0639343262,-0.1743923611,0.0007595486,-0.0013129340
558364.9700236100,9.7886657718,-0.0357055664,0.0662231445,-0.1743598090,0.0007052951,-0.0012586806
558364.9800236101,9.7886657718,-0.0363159180,0.0634765625,-0.1743164062,0.0007378472,-0.0012912326
558364.9900236099,9.7886657718,-0.0352478027,0.0616455078,-0.1743598090,0.0007378472,-0.0013563368
558365.0000236100,9.7886657718,-0.0350952148,0.0636291504,-0.1744032118,0.0007595486,-0.0012912326
558365.0100236100,9.7883605960,-0.0352478027,0.0650024414,-0.1746961805,0.0007161458,-0.0012478299
558365.0200236100,9.7892761234,-0.0366210938,0.0640869141,-0.1744032118,0.0007269965,-0.0013237847
558365.0300236100,9.7891235355,-0.0366210938,0.0624084473,-0.1744032118,0.0007378472,-0.0013020833
558365.0400236100,9.7885131839,-0.0347900391,0.0628662109,-0.1744032118,0.0007486979,-0.0012695312
558365.0500236100,9.7882080081,-0.0350952148,0.0645446777,-0.1744466146,0.0007269965,-0.0013237847
558365.0600236100,9.7880554202,-0.0372314453,0.0650024414,-0.1743923611,0.0007378472,-0.0012912326
558365.0700236100,9.7892761234,-0.0355529785,0.0627136230,-0.1744357639,0.0007269965,-0.0013020833
558365.0800236100,9.7883605960,-0.0354003906,0.0622558594,-0.1744032118,0.0007486979,-0.0013237847
558365.0900236100,9.7891235355,-0.0349426270,0.0648498535,-0.1744032118,0.0007269965,-0.0012912326
558365.1000236101,9.7877502445,-0.0367736816,0.0662231445,-0.1743923611,0.0007269965,-0.0012586806
558365.1100236099,9.7892761234,-0.0354003906,0.0634765625,-0.1743923611,0.0007052951,-0.0013237847
558365.1200236100,9.7886657718,-0.0355529785,0.0617980957,-0.1743381076,0.0007486979,-0.0013237847
558365.1300236100,9.7883605960,-0.0350952148,0.0640869141,-0.1742838542,0.0007378472,-0.0013020833
558365.1400236100,9.7882080081,-0.0354003906,0.0654602051,-0.1744140625,0.0007378472,-0.0013237847
558365.1500236100,9.7885131839,-0.0367736816,0.0639343262,-0.1744466146,0.0007052951,-0.0013129340
558365.1600236100,9.7891235355,-0.0357055664,0.0627136230,-0.1744466146,0.0007378472,-0.0013020833
558365.1700236100,9.7886657718,-0.0354003906,0.0636291504,-0.1744249132,0.0007378472,-0.0012912326
558365.1800236100,9.7894287113,-0.0354003906,0.0653076172,-0.1744249132,0.0007703993,-0.0013129340
558365.1900236100,9.7888183597,-0.0360107422,0.0656127930,-0.1744032118,0.0006944444,-0.0013020833
558365.2000236100,9.7882080081,-0.0364685059,0.0621032715,-0.1743381076,0.0007595486,-0.0013129340
558365.2100236100,9.7877502445,-0.0357055664,0.0619506836,-0.1743489583,0.0007269965,-0.0013237847
558365.2200236100,9.7892761234,-0.0344848633,0.0660705566,-0.1743923611,0.0007378472,-0.0012912326
558365.2300236101,9.7885131839,-0.0355529785,0.0653076172,-0.1743923611,0.0006835937,-0.0012695312
558365.2400236099,9.7891235355,-0.0363159180,0.0624084473,-0.1743598090,0.0007269965,-0.0013237847
558365.2500236100,9.7882080081,-0.0358581543,0.0628662109,-0.1743923611,0.0007269965,-0.0013020833
558365.2600236100,9.7888183597,-0.0354003906,0.0648498535,-0.1743706597,0.0007486979,-0.0012695312
558365.2700236100,9.7888183597,-0.0352478027,0.0646972656,-0.1743489583,0.0007052951,-0.0013346354
558365.2800236100,9.7883605960,-0.0366210938,0.0631713867,-0.1744140625,0.0007378472,-0.0013020833
558365.2900236100,9.7885131839,-0.0358581543,0.0631713867,-0.1744140625,0.0007378472,-0.0013020833
558365.3000236100,9.7885131839,-0.0346374512,0.0646972656,-0.1744140625,0.0007486979,-0.0013129340
558365.3100236100,9.7882080081,-0.0363159180,0.0645446777,-0.1743923611,0.0007052951,-0.0012586806
558365.3200236100,9.7889709476,-0.0357055664,0.0633239746,-0.1744249132,0.0007486979,-0.0012912326
558365.3300236100,9.7880554202,-0.0354003906,0.0636291504,-0.1744140625,0.0007269965,-0.0013237847
558365.3400236100,9.7885131839,-0.0363159180,0.0645446777,-0.1744574653,0.0007378472,-0.0012695312
558365.3500236101,9.7897338870,-0.0354003906,0.0646972656,-0.1744032118,0.0007269965,-0.0012695312
558365.3600236099,9.7882080081,-0.0361633301,0.0633239746,-0.1744466146,0.0007052951,-0.0013020833
558365.3700236100,9.7885131839,-0.0366210938,0.0631713867,-0.1744357639,0.0007378472,-0.0012912326
558365.3800236100,9.7883605960,-0.0347900391,0.0645446777,-0.1743706597,0.0007378472,-0.0013129340
558365.3900236100,9.7892761234,-0.0352478027,0.0648498535,-0.1743706597,0.0007269965,-0.0013020833
558365.4000236100,9.7886657718,-0.0361633301,0.0634765625,-0.1743598090,0.0007378472,-0.0012695312
558365.4100236100,9.7880554202,-0.0363159180,0.0630187988,-0.1744032118,0.0007269965,-0.0013346354
558365.4200236100,9.7882080081,-0.0352478027,0.0640869141,-0.1743598090,0.0007378472,-0.0013129340
558365.4300236100,9.7883605960,-0.0350952148,0.0643920898,-0.1743923611,0.0007269965,-0.0012586806
558365.4400236100,9.7889709476,-0.0358581543,0.0642395020,-0.1743598090,0.0007486979,-0.0013237847
558365.4500236100,9.7889709476,-0.0366210938,0.0633239746,-0.1744249132,0.0007052951,-0.0013237847
558365.4600236100,9.7879028324,-0.0363159180,0.0636291504,-0.1744357639,0.0007378472,-0.0012912326
558365.4700236100,9.7882080081,-0.0346374512,0.0640869141,-0.1744466146,0.0007378472,-0.0013237847
558365.4800236101,9.7894287113,-0.0350952148,0.0646972656,-0.1744574653,0.0007486979,-0.0012912326
558365.4900236099,9.7883605960,-0.0372314453,0.0634765625,-0.1744574653,0.0006944444,-0.0012586806
558365.5000236100,9.7888183597,-0.0373840332,0.0614929199,-0.1745008680,0.0007595486,-0.0013237847
558365.5100236100,9.7883605960,-0.0338745117,0.0642395020,-0.1744140625,0.0007052951,-0.0013346354
558365.5200236100,9.7886657718,-0.0340270996,0.0668334961,-0.1743923611,0.0007486979,-0.0012369792
558365.5300236100,9.7892761234,-0.0372314453,0.0637817383,-0.1743598090,0.0007052951,-0.0013020833
558365.5400236100,9.7891235355,-0.0372314453,0.0613403320,-0.1744140625,0.0007595486,-0.0013563368
558365.5500236100,9.7885131839,-0.0352478027,0.0640869141,-0.1744032118,0.0007269965,-0.0013020833
558365.5600236100,9.7882080081,-0.0335693359,0.0665283203,-0.1743923611,0.0007052951,-0.0012586806
558365.5700236100,9.7886657718,-0.0363159180,0.0642395020,-0.1744140625,0.0007052951,-0.0013129340
558365.5800236100,9.7883605960,-0.0381469727,0.0619506836,-0.1744357639,0.0007052951,-0.0013020833
558365.5900236110,9.7883605960,-0.0347900391,0.0628662109,-0.1744574653,0.0007269965,-0.0013237847
558365.6000236110,9.7888183597,-0.0334167480,0.0651550293,-0.1744140625,0.0007269965,-0.0013020833
558365.6100236110,9.7885131839,-0.0358581543,0.0645446777,-0.1744032118,0.0007052951,-0.0012369792
558365.6200236110,9.7894287113,-0.0375366211,0.0625610352,-0.1744357639,0.0007486979,-0.0013129340
558365.6300236110,9.7888183597,-0.0354003906,0.0627136230,-0.1744249132,0.0007269965,-0.0013454861
558365.6400236110,9.7880554202,-0.0347900391,0.0642395020,-0.1744032118,0.0007486979,-0.0012586806
558365.6500236110,9.7888183597,-0.0354003906,0.0657653809,-0.1744140625,0.0007052951,-0.0012695312
558365.6600236110,9.7888183597,-0.0370788574,0.0640869141,-0.1744140625,0.0007052951,-0.0013346354
558365.6700236110,9.7885131839,-0.0366210938,0.0625610352,-0.1743923611,0.0007486979,-0.0013020833
558365.6800236111,9.7886657718,-0.0340270996,0.0633239746,-0.1744357639,0.0007378472,-0.0013129340
558365.6900236110,9.7880554202,-0.0349426270,0.0654602051,-0.1744357639,0.0007052951,-0.0013020833
558365.7000236110,9.7889709476,-0.0372314453,0.0642395020,-0.1744357639,0.0007486979,-0.0012478299
558365.7100236110,9.7889709476,-0.0360107422,0.0624084473,-0.1744032118,0.0007052951,-0.0013237847
558365.7200236110,9.7885131839,-0.0347900391,0.0630187988,-0.1744466146,0.0007486979,-0.0013237847
558365.7300236110,9.7883605960,-0.0357055664,0.0648498535,-0.1744791667,0.0006944444,-0.0012586806
558365.7400236110,9.7883605960,-0.0363159180,0.0650024414,-0.1744791667,0.0007378472,-0.0013129340
558365.7500236110,9.7888183597,-0.0366210938,0.0636291504,-0.1744574653,0.0007269965,-0.0013346354
558365.7600236110,9.7894287113,-0.0349426270,0.0633239746,-0.1744791667,0.0007378472,-0.0012586806
558365.7700236110,9.7888183597,-0.0346374512,0.0643920898,-0.1743923611,0.0007269965,-0.0012912326
558365.7800236110,9.7880554202,-0.0373840332,0.0650024414,-0.1743164062,0.0007052951,-0.0013020833
558365.7900236110,9.7882080081,-0.0375366211,0.0631713867,-0.1742730035,0.0007486979,-0.0013020833
558365.8000236111,9.7891235355,-0.0340270996,0.0637817383,-0.1743055555,0.0007486979,-0.0013237847
558365.8100236109,9.7885131839,-0.0349426270,0.0646972656,-0.1743381076,0.0007378472,-0.0012912326
558365.8200236110,9.7883605960,-0.0378417969,0.0636291504,-0.1743381076,0.0007052951,-0.0012695312
558365.8300236110,9.7889709476,-0.0357055664,0.0636291504,-0.1743706597,0.0006944444,-0.0013346354
558365.8400236110,9.7885131839,-0.0360107422,0.0639343262,-0.1744140625,0.0007595486,-0.0013129340
558365.8500236110,9.7895812991,-0.0346374512,0.0637817383,-0.1743598090,0.0006944444,-0.0012586806
558365.8600236110,9.7880554202,-0.0370788574,0.0645446777,-0.1744032118,0.0007378472,-0.0013237847
558365.8700236110,9.7885131839,-0.0376892090,0.0640869141,-0.1744140625,0.0007378472,-0.0013237847
558365.8800236110,9.7880554202,-0.0343322754,0.0645446777,-0.1743923611,0.0007052951,-0.0012695312
558365.8900236110,9.7888183597,-0.0347900391,0.0639343262,-0.1743923611,0.0007486979,-0.0013020833
558365.9000236110,9.7882080081,-0.0372314453,0.0639343262,-0.1743706597,0.0006944444,-0.0012912326
558365.9100236110,9.7877502445,-0.0376892090,0.0645446777,-0.1743923611,0.0007269965,-0.0012695312
558365.9200236110,9.7877502445,-0.0347900391,0.0640869141,-0.1743272569,0.0007486979,-0.0013346354
558365.9300236111,9.7888183597,-0.0341796875,0.0646972656,-0.1743598090,0.0007269965,-0.0013129340
558365.9400236110,9.7891235355,-0.0364685059,0.0640869141,-0.1743706597,0.0007486979,-0.0012478299
558365.9500236110,9.7885131839,-0.0364685059,0.0637817383,-0.1743706597,0.0006835937,-0.0013129340
558365.9600236110,9.7883605960,-0.0367736816,0.0646972656,-0.1744032118,0.0007378472,-0.0013237847
558365.9700236110,9.7886657718,-0.0352478027,0.0636291504,-0.1743923611,0.0006944444,-0.0012695312
558365.9800236110,9.7894287113,-0.0340270996,0.0648498535,-0.1744140625,0.0007486979,-0.0013129340
558365.9900236110,9.7883605960,-0.0361633301,0.0642395020,-0.1743923611,0.0007052951,-0.0012912326
558366.0000236110,9.7879028324,-0.0384521484,0.0630187988,-0.1744466146,0.0007378472,-0.0012695312
558366.0100236110,9.7883605960,-0.0343322754,0.0639343262,-0.1747070312,0.0007486979,-0.0013346354
558366.0200236110,9.7888183597,-0.0354003906,0.0654602051,-0.1744574653,0.0007269965,-0.0013129340
558366.0300236110,9.7888183597,-0.0363159180,0.0633239746,-0.1744357639,0.0007378472,-0.0012369792
558366.0400236110,9.7886657718,-0.0363159180,0.0642395020,-0.1742296007,0.0007269965,-0.0013346354
558366.0500236111,9.7875976566,-0.0375366211,0.0642395020,-0.1733940972,0.0006944444,-0.0013129340
558366.0600236109,9.7883605960,-0.0373840332,0.0653076172,-0.1723198785,0.0007161458,-0.0012369792
558366.0700236110,9.7898864749,-0.0357055664,0.0654602051,-0.1710394965,0.0007161458,-0.0013129340
558366.0800236110,9.7882080081,-0.0366210938,0.0650024414,-0.1695638021,0.0007052951,-0.0012586806
558366.0900236110,9.7885131839,-0.0375366211,0.0636291504,-0.1686197917,0.0006618924,-0.0012152778
558366.1000236110,9.7886657718,-0.0367736816,0.0645446777,-0.1676649305,0.0007052951,-0.0012695312
558366.1100236110,9.7882080081,-0.0372314453,0.0650024414,-0.1666775174,0.0006510417,-0.0012586806
558366.1200236110,9.7882080081,-0.0361633301,0.0642395020,-0.1662543403,0.0007161458,-0.0012044271
558366.1300236110,9.7880554202,-0.0360107422,0.0634765625,-0.1654079861,0.0006835937,-0.0012478299
558366.1400236110,9.7897338870,-0.0372314453,0.0654602051,-0.1645507812,0.0007052951,-0.0012478299
558366.1500236110,9.7885131839,-0.0360107422,0.0662231445,-0.1637695312,0.0006727431,-0.0011935764
558366.1600236110,9.7885131839,-0.0369262695,0.0643920898,-0.1627387153,0.0006510417,-0.0012152778
558366.1700236110,9.7888183597,-0.0364685059,0.0627136230,-0.1618489583,0.0006944444,-0.0012261285
558366.1800236111,9.7889709476,-0.0367736816,0.0651550293,-0.1611219618,0.0006727431,-0.0011718750
558366.1900236110,9.7888183597,-0.0364685059,0.0657653809,-0.1600043403,0.0006401910,-0.0011935764
558366.2000236110,9.7880554202,-0.0369262695,0.0650024414,-0.1592881944,0.0006510417,-0.0012044271
558366.2100236110,9.7880554202,-0.0373840332,0.0633239746,-0.1581705729,0.0006618924,-0.0011827257
558366.2200236110,9.7885131839,-0.0358581543,0.0645446777,-0.1571072049,0.0006510417,-0.0011393229
558366.2300236110,9.7883605960,-0.0366210938,0.0659179688,-0.1568901910,0.0006401910,-0.0011501736
558366.2400236110,9.7886657718,-0.0379943848,0.0648498535,-0.1562282986,0.0006510417,-0.0011501736
558366.2500236110,9.7888183597,-0.0366210938,0.0631713867,-0.1552083333,0.0006510417,-0.0011827257
558366.2600236110,9.7889709476,-0.0357055664,0.0640869141,-0.1543836805,0.0006727431,-0.0011393229
558366.2700236110,9.7886657718,-0.0366210938,0.0666809082,-0.1530381944,0.0006293403,-0.0011067708
558366.2800236110,9.7883605960,-0.0376892090,0.0653076172,-0.1520724826,0.0006184896,-0.0011393229
558366.2900236110,9.7891235355,-0.0375366211,0.0634765625,-0.1514865451,0.0006076389,-0.0011284722
558366.3000236111,9.7886657718,-0.0355529785,0.0639343262,-0.1505859375,0.0006184896,-0.0010959201
558366.3100236109,9.7880554202,-0.0358581543,0.0650024414,-0.1498046875,0.0006184896,-0.0010959201
558366.3200236110,9.7885131839,-0.0381469727,0.0654602051,-0.1490342882,0.0006293403,-0.0011067708
558366.3300236110,9.7880554202,-0.0370788574,0.0643920898,-0.1480143229,0.0005642361,-0.0011176215
558366.3400236110,9.7882080081,-0.0360107422,0.0630187988,-0.1472656250,0.0006510417,-0.0010959201
558366.3500236110,9.7888183597,-0.0369262695,0.0650024414,-0.1462565104,0.0006076389,-0.0010308160
558366.3600236110,9.7891235355,-0.0381469727,0.0659179688,-0.1451388889,0.0005967882,-0.0010525174
558366.3700236110,9.7889709476,-0.0369262695,0.0645446777,-0.1445638021,0.0005967882,-0.0010959201
558366.3800236110,9.7883605960,-0.0364685059,0.0636291504,-0.1437608507,0.0005859375,-0.0010525174
558366.3900236110,9.7888183597,-0.0373840332,0.0643920898,-0.1427300347,0.0006076389,-0.0010308160
558366.4000236110,9.7894287113,-0.0376892090,0.0662231445,-0.1418294271,0.0005859375,-0.0010525174
558366.4100236110,9.7882080081,-0.0378417969,0.0653076172,-0.1408203125,0.0005750868,-0.0010308160
558366.4200236110,9.7894287113,-0.0347900391,0.0633239746,-0.1401692708,0.0005859375,-0.0010091146
558366.4300236111,9.7888183597,-0.0361633301,0.0653076172,-0.1394748264,0.0005750868,-0.0010308160
558366.4400236110,9.7888183597,-0.0386047363,0.0657653809,-0.1383572049,0.0005750868,-0.0009874132
558366.4500236110,9.7891235355,-0.0376892090,0.0650024414,-0.1375651042,0.0005425347,-0.0010525174
558366.4600236110,9.7888183597,-0.0352478027,0.0643920898,-0.1366970486,0.0005750868,-0.0010308160
558366.4700236110,9.7883605960,-0.0372314453,0.0645446777,-0.1357204861,0.0005533854,-0.0009548611
558366.4800236110,9.7885131839,-0.0369262695,0.0651550293,-0.1352864583,0.0005859375,-0.0009874132
558366.4900236110,9.7888183597,-0.0386047363,0.0659179688,-0.1343315972,0.0005316840,-0.0010199653
558366.5000236110,9.7889709476,-0.0364685059,0.0639343262,-0.1332248264,0.0005425347,-0.0009765625
558366.5100236110,9.7885131839,-0.0360107422,0.0633239746,-0.1322374132,0.0005425347,-0.0009548611
558366.5200236110,9.7888183597,-0.0375366211,0.0648498535,-0.1309027778,0.0005642361,-0.0009657118
558366.5300236110,9.7886657718,-0.0373840332,0.0665283203,-0.1304036458,0.0005425347,-0.0009657118
558366.5400236110,9.7894287113,-0.0369262695,0.0648498535,-0.1300455729,0.0005425347,-0.0009548611
558366.5500236111,9.7885131839,-0.0358581543,0.0634765625,-0.1291558160,0.0005316840,-0.0009548611
558366.5600236109,9.7886657718,-0.0366210938,0.0650024414,-0.1283854167,0.0005533854,-0.0009331597
558366.5700236110,9.7889709476,-0.0387573242,0.0665283203,-0.1273546007,0.0005099826,-0.0008897569
558366.5800236110,9.7880554202,-0.0378417969,0.0650024414,-0.1259223090,0.0005099826,-0.0009440104
558366.5900236110,9.7889709476,-0.0364685059,0.0633239746,-0.1252929687,0.0005316840,-0.0009223090
558366.6000236110,9.7883605960,-0.0363159180,0.0650024414,-0.1245008681,0.0005316840,-0.0008680556
558366.6100236110,9.7889709476,-0.0379943848,0.0659179688,-0.1235134549,0.0004774306,-0.0009006076
558366.6200236110,9.7880554202,-0.0376892090,0.0642395020,-0.1228841146,0.0005099826,-0.0009223090
558366.6300236110,9.7885131839,-0.0370788574,0.0633239746,-0.1219292535,0.0005099826,-0.0008572049
558366.6400236110,9.7885131839,-0.0363159180,0.0648498535,-0.1210720486,0.0004882812,-0.0008789062
558366.6500236110,9.7880554202,-0.0379943848,0.0660705566,-0.1202473958,0.0004665799,-0.0008897569
558366.6600236120,9.7879028324,-0.0386047363,0.0656127930,-0.1192057292,0.0004774306,-0.0008463542
558366.6700236120,9.7888183597,-0.0358581543,0.0637817383,-0.1184678819,0.0004774306,-0.0009006076
558366.6800236120,9.7883605960,-0.0363159180,0.0648498535,-0.1178276910,0.0005099826,-0.0008463542
558366.6900236120,9.7892761234,-0.0381469727,0.0657653809,-0.1168185764,0.0004665799,-0.0008138021
558366.7000236120,9.7886657718,-0.0378417969,0.0654602051,-0.1159179687,0.0004557292,-0.0008680556
558366.7100236120,9.7883605960,-0.0372314453,0.0639343262,-0.1149414062,0.0004665799,-0.0008572049
558366.7200236120,9.7882080081,-0.0367736816,0.0643920898,-0.1138129340,0.0004774306,-0.0007921007
558366.7300236120,9.7888183597,-0.0373840332,0.0651550293,-0.1132269965,0.0004665799,-0.0008355035
558366.7400236120,9.7888183597,-0.0396728516,0.0654602051,-0.1122829861,0.0004557292,-0.0008138021
558366.7500236121,9.7883605960,-0.0372314453,0.0642395020,-0.1113281250,0.0004448785,-0.0008029514
558366.7600236119,9.7885131839,-0.0354003906,0.0642395020,-0.1108289931,0.0004774306,-0.0008246528
558366.7700236120,9.7882080081,-0.0369262695,0.0651550293,-0.1097005208,0.0004231771,-0.0007595486
558366.7800236120,9.7886657718,-0.0375366211,0.0656127930,-0.1087999132,0.0004557292,-0.0007812500
558366.7900236120,9.7882080081,-0.0378417969,0.0645446777,-0.1081163194,0.0004123264,-0.0008138021
558366.8000236120,9.7886657718,-0.0379943848,0.0625610352,-0.1068901910,0.0004448785,-0.0007703993
558366.8100236120,9.7888183597,-0.0344848633,0.0651550293,-0.1063476562,0.0004448785,-0.0007595486
558366.8200236120,9.7883605960,-0.0395202637,0.0669860840,-0.1053493924,0.0004448785,-0.0007269965
558366.8300236120,9.7885131839,-0.0376892090,0.0653076172,-0.1042317708,0.0004123264,-0.0007486979
558366.8400236120,9.7888183597,-0.0364685059,0.0631713867,-0.1037760417,0.0004448785,-0.0007812500
558366.8500236120,9.7888183597,-0.0370788574,0.0648498535,-0.1030490451,0.0004231771,-0.0007161458
558366.8600236120,9.7886657718,-0.0369262695,0.0663757324,-0.1021050347,0.0004014757,-0.0007269965
558366.8700236120,9.7883605960,-0.0387573242,0.0648498535,-0.1013020833,0.0004123264,-0.0007595486
558366.8800236119,9.7880554202,-0.0375366211,0.0642395020,-0.0999023437,0.0004123264,-0.0006944444
558366.8900236120,9.7885131839,-0.0363159180,0.0642395020,-0.0989800347,0.0004014757,-0.0007052951
558366.9000236120,9.7883605960,-0.0369262695,0.0657653809,-0.0983398437,0.0004123264,-0.0007052951
558366.9100236120,9.7883605960,-0.0393676758,0.0650024414,-0.0974066840,0.0003580729,-0.0006944444
558366.9200236120,9.7888183597,-0.0370788574,0.0646972656,-0.0967230903,0.0004231771,-0.0006944444
558366.9300236120,9.7882080081,-0.0361633301,0.0648498535,-0.0959743924,0.0003689236,-0.0007161458
558366.9400236120,9.7883605960,-0.0384521484,0.0651550293,-0.0949327257,0.0003906250,-0.0006293403
558366.9500236120,9.7885131839,-0.0379943848,0.0654602051,-0.0941297743,0.0003797743,-0.0006727431
558366.9600236120,9.7880554202,-0.0376892090,0.0646972656,-0.0931749132,0.0003906250,-0.0007052951
558366.9700236120,9.7885131839,-0.0370788574,0.0648498535,-0.0921332465,0.0003689236,-0.0006401910
558366.9800236120,9.7888183597,-0.0367736816,0.0648498535,-0.0915798611,0.0003906250,-0.0006293403
558366.9900236120,9.7885131839,-0.0389099121,0.0656127930,-0.0906032986,0.0003689236,-0.0006835937
558367.0000236121,9.7885131839,-0.0381469727,0.0645446777,-0.0895073785,0.0003689236,-0.0006401910
558367.0100236119,9.7894287113,-0.0369262695,0.0643920898,-0.0889539931,0.0003797743,-0.0006076389
558367.0200236120,9.7882080081,-0.0369262695,0.0650024414,-0.0878689236,0.0003689236,-0.0006293403
558367.0300236120,9.7891235355,-0.0381469727,0.0654602051,-0.0870876736,0.0003363715,-0.0005859375
558367.0400236120,9.7886657718,-0.0376892090,0.0646972656,-0.0863172743,0.0003580729,-0.0006076389
558367.0500236120,9.7885131839,-0.0369262695,0.0643920898,-0.0852213542,0.0003472222,-0.0006401910
558367.0600236120,9.7885131839,-0.0369262695,0.0651550293,-0.0844075521,0.0003689236,-0.0005642361
558367.0700236120,9.7880554202,-0.0386047363,0.0650024414,-0.0835394965,0.0003255208,-0.0005642361
558367.0800236120,9.7885131839,-0.0387573242,0.0646972656,-0.0825629340,0.0003472222,-0.0006184896
558367.0900236120,9.7889709476,-0.0363159180,0.0645446777,-0.0821506076,0.0003363715,-0.0005967882
558367.1000236120,9.7888183597,-0.0370788574,0.0646972656,-0.0811848958,0.0003363715,-0.0005316840
558367.1100236120,9.7883605960,-0.0379943848,0.0659179688,-0.0800672743,0.0003255208,-0.0005750868
558367.1200236120,9.7891235355,-0.0386047363,0.0646972656,-0.0793185764,0.0003146701,-0.0005967882
558367.1300236119,9.7892761234,-0.0382995605,0.0646972656,-0.0779839410,0.0003363715,-0.0005316840
558367.1400236120,9.7892761234,-0.0347900391,0.0653076172,-0.0773328993,0.0003255208,-0.0005642361
558367.1500236120,9.7886657718,-0.0382995605,0.0648498535,-0.0768554687,0.0002929687,-0.0004991319
558367.1600236120,9.7880554202,-0.0387573242,0.0651550293,-0.0758680556,0.0003038194,-0.0004882812
558367.1700236120,9.7888183597,-0.0369262695,0.0639343262,-0.0750651042,0.0002821181,-0.0005750868
558367.1800236120,9.7888183597,-0.0360107422,0.0651550293,-0.0741427951,0.0003038194,-0.0005099826
558367.1900236120,9.7888183597,-0.0379943848,0.0654602051,-0.0730468750,0.0002712674,-0.0004557292
558367.2000236120,9.7888183597,-0.0386047363,0.0648498535,-0.0723090278,0.0003038194,-0.0005316840
558367.2100236120,9.7883605960,-0.0387573242,0.0643920898,-0.0714626736,0.0003038194,-0.0005099826
558367.2200236120,9.7888183597,-0.0372314453,0.0646972656,-0.0703993056,0.0002712674,-0.0004448785
558367.2300236120,9.7891235355,-0.0360107422,0.0654602051,-0.0696940104,0.0003038194,-0.0004882812
558367.2400236120,9.7889709476,-0.0386047363,0.0654602051,-0.0686957465,0.0002712674,-0.0004882812
558367.2500236121,9.7885131839,-0.0379943848,0.0650024414,-0.0678276910,0.0002604167,-0.0004448785
558367.2600236119,9.7885131839,-0.0364685059,0.0645446777,-0.0671223958,0.0002712674,-0.0005099826
558367.2700236120,9.7880554202,-0.0376892090,0.0651550293,-0.0661349826,0.0002495660,-0.0004557292
558367.2800236120,9.7882080081,-0.0382995605,0.0654602051,-0.0653211806,0.0002821181,-0.0004014757
558367.2900236120,9.7886657718,-0.0382995605,0.0645446777,-0.0644748264,0.0002387153,-0.0004557292
558367.3000236120,9.7886657718,-0.0378417969,0.0648498535,-0.0633572049,0.0002495660,-0.0004557292
558367.3100236120,9.7888183597,-0.0369262695,0.0657653809,-0.0624674479,0.0002712674,-0.0003906250
558367.3200236120,9.7886657718,-0.0378417969,0.0654602051,-0.0617621528,0.0002495660,-0.0004231771
558367.3300236120,9.7885131839,-0.0386047363,0.0642395020,-0.0608832465,0.0002495660,-0.0004231771
558367.3400236120,9.7888183597,-0.0373840332,0.0640869141,-0.0602647569,0.0002604167,-0.0003797743
558367.3500236120,9.7882080081,-0.0369262695,0.0662231445,-0.0591688368,0.0002387153,-0.0003906250
558367.3600236120,9.7885131839,-0.0390625000,0.0654602051,-0.0581705729,0.0002278646,-0.0003689236
558367.3700236120,9.7886657718,-0.0378417969,0.0648498535,-0.0573784722,0.0002061632,-0.0003906250
558367.3800236119,9.7885131839,-0.0376892090,0.0648498535,-0.0564887153,0.0002387153,-0.0003906250
558367.3900236120,9.7891235355,-0.0364685059,0.0651550293,-0.0557400174,0.0002170139,-0.0003580729
558367.4000236120,9.7889709476,-0.0370788574,0.0657653809,-0.0549479167,0.0002387153,-0.0003363715
558367.4100236120,9.7894287113,-0.0386047363,0.0650024414,-0.0539171007,0.0002061632,-0.0003797743
558367.4200236120,9.7889709476,-0.0360107422,0.0642395020,-0.0533094618,0.0002387153,-0.0003363715
558367.4300236120,9.7879028324,-0.0373840332,0.0657653809,-0.0523546007,0.0002061632,-0.0003580729
558367.4400236120,9.7888183597,-0.0381469727,0.0653076172,-0.0511827257,0.0002061632,-0.0003038194
558367.4500236120,9.7880554202,-0.0379943848,0.0643920898,-0.0505208333,0.0001736111,-0.0003363715
558367.4600236120,9.7888183597,-0.0378417969,0.0645446777,-0.0496093750,0.0002278646,-0.0003363715
558367.4700236120,9.7877502445,-0.0372314453,0.0645446777,-0.0485785590,0.0001736111,-0.0003038194
558367.4800236120,9.7883605960,-0.0370788574,0.0654602051,-0.0479817708,0.0002061632,-0.0003038194
558367.4900236120,9.7880554202,-0.0386047363,0.0656127930,-0.0467990451,0.0001627604,-0.0002821181
558367.5000236121,9.7886657718,-0.0381469727,0.0640869141,-0.0459092882,0.0001736111,-0.0003146701
558367.5100236119,9.7892761234,-0.0372314453,0.0648498535,-0.0453993056,0.0001953125,-0.0002821181
558367.5200236120,9.7877502445,-0.0369262695,0.0653076172,-0.0444444444,0.0001953125,-0.0002604167
558367.5300236120,9.7891235355,-0.0379943848,0.0654602051,-0.0435655382,0.0001627604,-0.0003146701
558367.5400236120,9.7891235355,-0.0382995605,0.0648498535,-0.0427408854,0.0001736111,-0.0002712674
558367.5500236120,9.7889709476,-0.0372314453,0.0643920898,-0.0416015625,0.0001519097,-0.0002387153
558367.5600236120,9.7888183597,-0.0370788574,0.0648498535,-0.0409071181,0.0001736111,-0.0002712674
558367.5700236120,9.7889709476,-0.0384521484,0.0659179688,-0.0400824653,0.0001519097,-0.0002495660
558367.5800236120,9.7886657718,-0.0379943848,0.0651550293,-0.0390625000,0.0001519097,-0.0002387153
558367.5900236120,9.7882080081,-0.0373840332,0.0642395020,-0.0383897569,0.0001302083,-0.0002495660
558367.6000236120,9.7888183597,-0.0375366211,0.0650024414,-0.0374348958,0.0001627604,-0.0002061632
558367.6100236120,9.7891235355,-0.0370788574,0.0654602051,-0.0365017361,0.0001410590,-0.0001953125
558367.6200236120,9.7872924808,-0.0392150879,0.0645446777,-0.0356987847,0.0001193576,-0.0002170139
558367.6300236119,9.7892761234,-0.0379943848,0.0642395020,-0.0345920139,0.0001410590,-0.0002170139
558367.6400236120,9.7886657718,-0.0367736816,0.0660705566,-0.0337456597,0.0001410590,-0.0001844618
558367.6500236120,9.7883605960,-0.0381469727,0.0651550293,-0.0330729167,0.0001302083,-0.0001953125
558367.6600236120,9.7883605960,-0.0386047363,0.0645446777,-0.0319552951,0.0001302083,-0.0001953125
558367.6700236120,9.7892761234,-0.0379943848,0.0637817383,-0.0312391493,0.0001302083,-0.0001736111
558367.6800236120,9.7882080081,-0.0361633301,0.0656127930,-0.0305013021,0.0001519097,-0.0001519097
558367.6900236120,9.7892761234,-0.0376892090,0.0657653809,-0.0295464410,0.0001085069,-0.0001736111
558367.7000236120,9.7885131839,-0.0389099121,0.0636291504,-0.0289388021,0.0000976562,-0.0001627604
558367.7100236120,9.7883605960,-0.0375366211,0.0651550293,-0.0279947917,0.0001085069,-0.0001844618
558367.7200236120,9.7888183597,-0.0372314453,0.0663757324,-0.0268120660,0.0000868056,-0.0001627604
558367.7300236130,9.7885131839,-0.0378417969,0.0653076172,-0.0259765625,0.0001193576,-0.0000976562
558367.7400236130,9.7888183597,-0.0382995605,0.0639343262,-0.0246202257,0.0000976562,-0.0001193576
558367.7500236130,9.7888183597,-0.0367736816,0.0643920898,-0.0240668403,0.0001085069,-0.0001519097
558367.7600236130,9.7886657718,-0.0373840332,0.0662231445,-0.0237521701,0.0000759549,-0.0000759549
558367.7700236130,9.7882080081,-0.0375366211,0.0657653809,-0.0229058160,0.0000434028,-0.0001085069
558367.7800236130,9.7888183597,-0.0382995605,0.0640869141,-0.0220052083,0.0000976562,-0.0001627604
558367.7900236130,9.7889709476,-0.0381469727,0.0637817383,-0.0209418403,0.0000868056,-0.0000759549
558367.8000236130,9.7888183597,-0.0367736816,0.0659179688,-0.0196506076,0.0000868056,-0.0000759549
558367.8100236130,9.7885131839,-0.0375366211,0.0659179688,-0.0189127604,0.0000651042,-0.0001085069
558367.8200236131,9.7879028324,-0.0390625000,0.0645446777,-0.0181098090,0.0000759549,-0.0000434028
558367.8300236129,9.7880554202,-0.0376892090,0.0642395020,-0.0171332465,0.0000434028,-0.0000759549
558367.8400236130,9.7883605960,-0.0364685059,0.0651550293,-0.0165690104,0.0000868056,-0.0001085069
558367.8500236130,9.7880554202,-0.0389099121,0.0662231445,-0.0156032986,0.0000542535,-0.0000217014
558367.8600236130,9.7888183597,-0.0378417969,0.0651550293,-0.0146592882,0.0000434028,-0.0000542535
558367.8700236130,9.7886657718,-0.0372314453,0.0636291504,-0.0138780382,0.0000434028,-0.0000651042
558367.8800236130,9.7883605960,-0.0382995605,0.0642395020,-0.0128689236,0.0000651042,0.0000108507
558367.8900236130,9.7886657718,-0.0370788574,0.0665283203,-0.0120659722,0.0000108507,-0.0000217014
558367.9000236130,9.7886657718,-0.0382995605,0.0656127930,-0.0113389757,0.0000542535,-0.0000651042
558367.9100236130,9.7883605960,-0.0390625000,0.0643920898,-0.0102973090,0.0000325521,0.0000000000
558367.9200236130,9.7882080081,-0.0366210938,0.0642395020,-0.0094618056,0.0000325521,-0.0000217014
558367.9300236130,9.7885131839,-0.0373840332,0.0654602051,-0.0086480035,0.0000434028,-0.0000325521
558367.9400236130,9.7880554202,-0.0390625000,0.0653076172,-0.0076280382,0.0000108507,0.0000434028
558367.9500236131,9.7885131839,-0.0370788574,0.0643920898,-0.0069335937,0.0000217014,0.0000000000
558367.9600236129,9.7889709476,-0.0379943848,0.0657653809,-0.0059461806,0.0000325521,0.0000000000
558367.9700236130,9.7886657718,-0.0382995605,0.0656127930,-0.0049587674,-0.0000000000,0.0000542535
558367.9800236130,9.7889709476,-0.0378417969,0.0643920898,-0.0041992187,-0.0000000000,0.0000000000
558367.9900236130,9.7888183597,-0.0376892090,0.0646972656,-0.0033962674,0.0000108507,0.0000000000
558368.0000236130,9.7886657718,-0.0373840332,0.0656127930,-0.0026258681,0.0000217014,0.0000868056
558368.0100236130,9.7885131839,-0.0370788574,0.0657653809,-0.0019314236,-0.0000000000,0.0000434028
558368.0200236130,9.7883605960,-0.0387573242,0.0642395020,-0.0007921007,-0.0000108507,0.0000325521
558368.0300236130,9.7888183597,-0.0378417969,0.0643920898,0.0000434028,-0.0000000000,0.0000759549
558368.0400236130,9.7885131839,-0.0366210938,0.0651550293,0.0000000000,0.0000325521,0.0000434028
558368.0500236130,9.7883605960,-0.0375366211,0.0660705566,-0.0000976562,0.0000217014,0.0000325521
558368.0600236130,9.7877502445,-0.0376892090,0.0640869141,-0.0001410590,-0.0000325521,0.0000976562
558368.0700236131,9.7888183597,-0.0364685059,0.0637817383,-0.0001519097,-0.0000000000,0.0000325521
558368.0800236129,9.7882080081,-0.0373840332,0.0654602051,-0.0002278646,-0.0000000000,0.0000217014
558368.0900236130,9.7889709476,-0.0379943848,0.0657653809,-0.0001953125,-0.0000000000,0.0000976562
558368.1000236130,9.7886657718,-0.0367736816,0.0645446777,-0.0001844618,-0.0000108507,0.0000217014
558368.1100236130,9.7892761234,-0.0369262695,0.0639343262,-0.0001953125,-0.0000000000,0.0000217014
558368.1200236130,9.7883605960,-0.0370788574,0.0645446777,-0.0001627604,0.0000108507,0.0000976562
558368.1300236130,9.7886657718,-0.0364685059,0.0656127930,-0.0001193576,-0.0000000000,0.0000759549
558368.1400236130,9.7886657718,-0.0384521484,0.0642395020,-0.0001410590,-0.0000325521,0.0000217014
558368.1500236130,9.7882080081,-0.0373840332,0.0628662109,-0.0001844618,0.0000108507,0.0000759549
558368.1600236130,9.7883605960,-0.0363159180,0.0650024414,-0.0001193576,-0.0000000000,0.0000217014
558368.1700236130,9.7889709476,-0.0373840332,0.0650024414,-0.0001085069,0.0000108507,0.0000542535
558368.1800236130,9.7889709476,-0.0372314453,0.0650024414,-0.0001410590,-0.0000000000,0.0000868056
558368.1900236130,9.7882080081,-0.0370788574,0.0640869141,-0.0000976562,-0.0000108507,0.0000325521
558368.2000236131,9.7888183597,-0.0372314453,0.0643920898,-0.0001302083,0.0000108507,0.0000542535
558368.2100236129,9.7871398929,-0.0367736816,0.0653076172,-0.0001627604,-0.0000000000,0.0000868056
558368.2200236130,9.7892761234,-0.0373840332,0.0651550293,-0.0000759549,-0.0000108507,0.0000434028
558368.2300236130,9.7885131839,-0.0367736816,0.0643920898,-0.0001302083,-0.0000000000,0.0000325521
558368.2400236130,9.7892761234,-0.0369262695,0.0648498535,-0.0000434028,0.0000217014,0.0000759549
558368.2500236130,9.7885131839,-0.0363159180,0.0651550293,-0.0001410590,-0.0000000000,0.0000325521
558368.2600236130,9.7883605960,-0.0387573242,0.0646972656,-0.0000651042,-0.0000000000,0.0000868056
558368.2700236130,9.7891235355,-0.0370788574,0.0643920898,-0.0000976562,-0.0000000000,0.0000542535
558368.2800236130,9.7883605960,-0.0360107422,0.0642395020,-0.0001085069,-0.0000000000,0.0000325521
558368.2900236130,9.7882080081,-0.0372314453,0.0650024414,-0.0001302083,-0.0000000000,0.0000868056
558368.3000236130,9.7880554202,-0.0373840332,0.0660705566,-0.0000542535,-0.0000000000,0.0000759549
558368.3100236130,9.7885131839,-0.0367736816,0.0651550293,-0.0000759549,0.0000108507,0.0000000000
558368.3200236131,9.7882080081,-0.0367736816,0.0637817383,-0.0000325521,-0.0000000000,0.0000868056
558368.3300236129,9.7882080081,-0.0367736816,0.0639343262,-0.0001193576,-0.0000000000,0.0000542535
558368.3400236130,9.7882080081,-0.0381469727,0.0657653809,-0.0000325521,-0.0000000000,0.0000325521
558368.3500236130,9.7882080081,-0.0369262695,0.0657653809,-0.0001085069,-0.0000000000,0.0000759549
558368.3600236130,9.7883605960,-0.0363159180,0.0631713867,-0.0000759549,0.0000108507,0.0000976562
558368.3700236130,9.7892761234,-0.0369262695,0.0640869141,-0.0000217014,0.0000108507,0.0000217014
558368.3800236130,9.7889709476,-0.0381469727,0.0659179688,-0.0001085069,-0.0000000000,0.0000542535
558368.3900236130,9.7882080081,-0.0369262695,0.0651550293,0.0000108507,0.0000217014,0.0000759549
558368.4000236130,9.7885131839,-0.0363159180,0.0628662109,-0.0000759549,-0.0000325521,0.0000217014
558368.4100236130,9.7880554202,-0.0375366211,0.0650024414,-0.0001085069,-0.0000108507,0.0000976562
558368.4200236130,9.7885131839,-0.0370788574,0.0659179688,-0.0000217014,-0.0000000000,0.0000868056
558368.4300236130,9.7889709476,-0.0369262695,0.0646972656,-0.0000542535,0.0000108507,0.0000108507
558368.4400236130,9.7883605960,-0.0379943848,0.0640869141,-0.0000434028,0.0000325521,0.0000759549
558368.4500236131,9.7883605960,-0.0363159180,0.0642395020,0.0000108507,-0.0000108507,0.0000868056
558368.4600236129,9.7883605960,-0.0375366211,0.0651550293,-0.0000434028,-0.0000325521,0.0000325521
558368.4700236130,9.7880554202,-0.0376892090,0.0653076172,-0.0001085069,-0.0000000000,0.0000759549
558368.4800236130,9.7886657718,-0.0366210938,0.0643920898,0.0000000000,0.0000325521,0.0000868056
558368.4900236130,9.7891235355,-0.0361633301,0.0634765625,-0.0000434028,0.0000542535,0.0000108507
558368.5000236130,9.7877502445,-0.0384521484,0.0650024414,-0.0000651042,-0.0000000000,0.0000976562
558368.5100236130,9.7888183597,-0.0370788574,0.0656127930,-0.0000217014,-0.0000325521,0.0000542535
558368.5200236130,9.7883605960,-0.0364685059,0.0639343262,0.0000108507,-0.0000325521,0.0000217014
558368.5300236130,9.7880554202,-0.0370788574,0.0637817383,-0.0000217014,0.0000217014,0.0000976562
558368.5400236130,9.7892761234,-0.0364685059,0.0656127930,-0.0000976562,0.0000434028,0.0000759549
558368.5500236130,9.7882080081,-0.0370788574,0.0660705566,0.0000000000,0.0000108507,0.0000325521
558368.5600236130,9.7880554202,-0.0378417969,0.0636291504,0.0000000000,-0.0000542535,0.0000868056
558368.5700236131,9.7882080081,-0.0367736816,0.0631713867,-0.0000217014,-0.0000434028,0.0000434028
558368.5800236129,9.7877502445,-0.0360107422,0.0650024414,-0.0000434028,-0.0000000000,0.0000217014
558368.5900236130,9.7886657718,-0.0384521484,0.0663757324,-0.0000325521,0.0000434028,0.0000868056
558368.6000236130,9.7888183597,-0.0370788574,0.0645446777,0.0000217014,0.0000542535,0.0000868056
558368.6100236130,9.7879028324,-0.0364685059,0.0631713867,0.0000000000,-0.0000868056,0.0000217014
558368.6200236130,9.7885131839,-0.0373840332,0.0643920898,-0.0000434028,-0.0000542535,0.0000868056
558368.6300236130,9.7886657718,-0.0369262695,0.0663757324,-0.0000542535,0.0000325521,0.0000759549
558368.6400236130,9.7886657718,-0.0370788574,0.0650024414,-0.0000542535,0.0000325521,0.0000108507
558368.6500236130,9.7885131839,-0.0376892090,0.0634765625,0.0000542535,0.0000434028,0.0000759549
558368.6600236130,9.7886657718,-0.0369262695,0.0648498535,0.0000217014,-0.0000542535,0.0000759549
558368.6700236130,9.7885131839,-0.0364685059,0.0659179688,-0.0000434028,-0.0000651042,0.0000217014
558368.6800236130,9.7883605960,-0.0375366211,0.0643920898,-0.0000651042,0.0000217014,0.0000759549
558368.6900236130,9.7882080081,-0.0369262695,0.0634765625,-0.0000542535,0.0000325521,0.0000542535
558368.7000236131,9.7889709476,-0.0367736816,0.0654602051,0.0000651042,0.0000325521,0.0000325521
558368.7100236129,9.7880554202,-0.0373840332,0.0663757324,0.0000217014,-0.0000000000,0.0000759549
558368.7200236130,9.7888183597,-0.0373840332,0.0646972656,-0.0000108507,0.0000108507,0.0000542535
558368.7300236130,9.7885131839,-0.0369262695,0.0639343262,-0.0000217014,-0.0000542535,0.0000325521
558368.7400236130,9.7886657718,-0.0373840332,0.0650024414,-0.0000434028,-0.0000108507,0.0000759549
558368.7500236130,9.7885131839,-0.0369262695,0.0654602051,-0.0000542535,0.0000108507,0.0000542535
558368.7600236130,9.7889709476,-0.0376892090,0.0646972656,0.0000651042,0.0000217014,0.0000325521
558368.7700236130,9.7889709476,-0.0366210938,0.0640869141,-0.0000108507,0.0000108507,0.0000542535
558368.7800236130,9.7885131839,-0.0372314453,0.0650024414,0.0000542535,-0.0000108507,0.0000434028
558368.7900236130,9.7888183597,-0.0372314453,0.0650024414,0.0000217014,-0.0000108507,0.0000434028
558368.8000236130,9.7883605960,-0.0375366211,0.0650024414,0.0000217014,0.0000325521,0.0000759549
558368.8100236140,9.7891235355,-0.0372314453,0.0640869141,-0.0000217014,0.0000108507,0.0000759549
558368.8200236140,9.7885131839,-0.0366210938,0.0640869141,-0.0000217014,-0.0000651042,0.0000325521
558368.8300236140,9.7891235355,-0.0373840332,0.0650024414,-0.0000325521,-0.0000000000,0.0000542535
558368.8400236140,9.7888183597,-0.0375366211,0.0653076172,0.0000000000,0.0000217014,0.0000759549
558368.8500236140,9.7885131839,-0.0369262695,0.0648498535,0.0000868056,-0.0000000000,0.0000434028
558368.8600236140,9.7894287113,-0.0375366211,0.0648498535,-0.0000325521,0.0000542535,0.0000759549
558368.8700236140,9.7879028324,-0.0373840332,0.0648498535,0.0000434028,-0.0000434028,0.0000542535
558368.8800236140,9.7882080081,-0.0367736816,0.0646972656,0.0000108507,-0.0000651042,0.0000325521
558368.8900236140,9.7885131839,-0.0370788574,0.0642395020,0.0000108507,0.0000325521,0.0000434028
558368.9000236141,9.7891235355,-0.0367736816,0.0650024414,0.0000108507,0.0000217014,0.0000868056
558368.9100236139,9.7888183597,-0.0364685059,0.0654602051,0.0000108507,0.0000325521,0.0000217014
558368.9200236140,9.7888183597,-0.0373840332,0.0650024414,0.0000108507,0.0000108507,0.0000868056
558368.9300236140,9.7889709476,-0.0367736816,0.0636291504,0.0000000000,-0.0000651042,0.0000868056
558368.9400236140,9.7888183597,-0.0373840332,0.0640869141,-0.0000434028,-0.0000000000,0.0000434028
558368.9500236140,9.7883605960,-0.0375366211,0.0653076172,0.0000976562,0.0000217014,0.0000759549
558368.9600236140,9.7886657718,-0.0366210938,0.0650024414,-0.0000759549,0.0000108507,0.0000434028
558368.9700236140,9.7883605960,-0.0376892090,0.0646972656,0.0000651042,0.0000325521,0.0000434028
558368.9800236140,9.7889709476,-0.0375366211,0.0637817383,0.0000651042,-0.0000108507,0.0000868056
558368.9900236140,9.7886657718,-0.0367736816,0.0645446777,0.0000108507,-0.0000868056,0.0000542535
