t(s),acc_x,acc_y,acc_z,gyro_x,gyro_y,gyro_z
557721.0000230100,0.0263977051,9.7982788089,-0.0210571289,-0.0008029514,0.0000651042,0.0000000000
557721.0100230100,0.0280761719,9.7967529300,-0.0277709961,0.0009223090,0.0000108507,0.0000000000
557721.0200230100,0.0294494629,9.8001098636,-0.0091552734,-0.0007486979,0.0000325521,-0.0000108507
557721.0300230100,0.0285339355,9.7956848148,-0.0334167480,-0.0000108507,0.0000542535,0.0000000000
557721.0400230100,0.0267028809,9.7985839847,-0.0164794922,0.0005533854,-0.0000000000,0.0000108507
557721.0500230100,0.0274658203,9.7991943363,-0.0154113770,-0.0010742187,0.0000434028,-0.0000108507
557721.0600230100,0.0294494629,9.7956848148,-0.0346374512,0.0007921007,0.0000217014,0.0000000000
557721.0700230100,0.0285339355,9.7996520999,-0.0085449219,-0.0003038194,0.0000325521,0.0000000000
557721.0800230100,0.0270080566,9.7966003421,-0.0270080566,-0.0005316840,0.0000325521,-0.0000217014
557721.0900230100,0.0276184082,9.7969055179,-0.0245666504,0.0008789062,0.0000217014,0.0000108507
557721.1000230100,0.0288391113,9.8002624515,-0.0117492676,-0.0010199653,0.0000434028,0.0000000000
557721.1100230101,0.0283813477,9.7952270511,-0.0338745117,0.0003797743,0.0000325521,0.0000108507
557721.1200230099,0.0274658203,9.8002624515,-0.0114440918,0.0001193576,0.0000217014,0.0000000000
557721.1300230100,0.0274658203,9.7981262210,-0.0213623047,-0.0008246528,0.0000217014,0.0000000000
557721.1400230100,0.0288391113,9.7964477542,-0.0300598145,0.0009982639,0.0000217014,0.0000000000
557721.1500230100,0.0283813477,9.8010253909,-0.0088500977,-0.0007378472,0.0000325521,0.0000108507
557721.1600230100,0.0270080566,9.7956848148,-0.0317382813,-0.0000976562,0.0000434028,0.0000108507
557721.1700230100,0.0277709961,9.7982788089,-0.0167846680,0.0006184896,0.0000325521,0.0000000000
557721.1800230100,0.0283813477,9.7996520999,-0.0149536133,-0.0010416667,0.0000434028,0.0000000000
557721.1900230100,0.0286865234,9.7958374027,-0.0337219238,0.0007161458,0.0000325521,0.0000000000
557721.2000230100,0.0274658203,9.7996520999,-0.0093078613,-0.0002170139,0.0000217014,-0.0000217014
557721.2100230100,0.0271606445,9.7973632816,-0.0257873535,-0.0005859375,0.0000434028,-0.0000108507
557721.2200230100,0.0289916992,9.7970581058,-0.0250244141,0.0009114583,0.0000434028,0.0000000000
557721.2300230101,0.0280761719,9.8002624515,-0.0097656250,-0.0009874132,0.0000325521,-0.0000108507
557721.2400230099,0.0277709961,9.7953796390,-0.0332641602,0.0002604167,-0.0000000000,0.0000108507
557721.2500230100,0.0280761719,9.7985839847,-0.0137329102,0.0002929687,0.0000325521,0.0000000000
557721.2600230100,0.0279235840,9.7982788089,-0.0210571289,-0.0009331597,0.0000434028,-0.0000108507
557721.2700230100,0.0283813477,9.7959899906,-0.0314331055,0.0009114583,0.0000325521,0.0000000000
557721.2800230100,0.0279235840,9.8001098636,-0.0080871582,-0.0006184896,0.0000325521,0.0000000000
557721.2900230100,0.0279235840,9.7959899906,-0.0309753418,-0.0001519097,0.0000217014,0.0000000000
557721.3000230100,0.0291442871,9.7978210452,-0.0193786621,0.0006510417,0.0000108507,0.0000000000
557721.3100230100,0.0285339355,9.7994995120,-0.0144958496,-0.0010742187,0.0000759549,0.0000000000
557721.3200230100,0.0273132324,9.7949218753,-0.0332641602,0.0006293403,0.0000217014,0.0000000000
557721.3300230100,0.0276184082,9.7999572757,-0.0100708008,-0.0000759549,0.0000434028,-0.0000217014
557721.3400230110,0.0282287598,9.7976684574,-0.0251770020,-0.0006835937,0.0000325521,0.0000000000
557721.3500230110,0.0292968750,9.7966003421,-0.0273132324,0.0009223090,0.0000217014,0.0000000000
557721.3600230110,0.0277709961,9.7998046878,-0.0082397461,-0.0009223090,0.0000651042,0.0000000000
557721.3700230110,0.0277709961,9.7947692874,-0.0328063965,0.0001736111,0.0000108507,0.0000108507
557721.3800230110,0.0286865234,9.7987365726,-0.0157165527,0.0004340278,0.0000217014,0.0000000000
557721.3900230110,0.0282287598,9.7988891605,-0.0183105469,-0.0010199653,0.0000434028,-0.0000108507
557721.4000230110,0.0280761719,9.7953796390,-0.0317382813,0.0008246528,0.0000108507,0.0000000000
557721.4100230110,0.0274658203,9.7999572757,-0.0079345703,-0.0004665799,0.0000434028,0.0000000000
557721.4200230110,0.0285339355,9.7962951663,-0.0289916992,-0.0002929687,0.0000217014,0.0000000000
557721.4300230111,0.0283813477,9.7973632816,-0.0218200684,0.0007486979,-0.0000000000,0.0000108507
557721.4400230109,0.0273132324,9.7994995120,-0.0122070313,-0.0010959201,0.0000434028,0.0000000000
557721.4500230110,0.0279235840,9.7949218753,-0.0343322754,0.0005316840,0.0000108507,0.0000108507
557721.4600230110,0.0282287598,9.7991943363,-0.0112915039,0.0000325521,0.0000434028,-0.0000217014
557721.4700230110,0.0279235840,9.7979736331,-0.0225830078,-0.0008029514,0.0000759549,-0.0000108507
557721.4800230110,0.0282287598,9.7964477542,-0.0279235840,0.0009548611,-0.0000000000,0.0000000000
557721.4900230110,0.0277709961,9.8004150394,-0.0086975098,-0.0008138021,0.0000434028,0.0000217014
557721.5000230110,0.0285339355,9.7950744632,-0.0329589844,0.0000434028,0.0000325521,0.0000108507
557721.5100230110,0.0283813477,9.7990417484,-0.0166320801,0.0004774306,-0.0000000000,0.0000000000
557721.5200230110,0.0285339355,9.7985839847,-0.0164794922,-0.0010525174,0.0000651042,-0.0000108507
557721.5300230110,0.0276184082,9.7953796390,-0.0323486328,0.0008355035,0.0000434028,0.0000000000
557721.5400230110,0.0276184082,9.8007202152,-0.0091552734,-0.0003689236,0.0000108507,0.0000000000
557721.5500230110,0.0285339355,9.7967529300,-0.0280761719,-0.0004448785,0.0000759549,-0.0000108507
557721.5600230111,0.0289916992,9.7970581058,-0.0230407715,0.0008138021,-0.0000000000,0.0000108507
557721.5700230110,0.0282287598,9.7996520999,-0.0108337402,-0.0010525174,0.0000325521,-0.0000108507
557721.5800230110,0.0268554688,9.7953796390,-0.0346374512,0.0004340278,0.0000542535,0.0000000000
557721.5900230110,0.0282287598,9.7993469241,-0.0122070313,0.0001736111,0.0000217014,0.0000000000
557721.6000230110,0.0277709961,9.7978210452,-0.0199890137,-0.0009006076,0.0000434028,0.0000000000
557721.6100230110,0.0289916992,9.7958374027,-0.0300598145,0.0009223090,0.0000217014,0.0000000000
557721.6200230110,0.0274658203,9.8007202152,-0.0086975098,-0.0006401910,0.0000325521,0.0000000000
557721.6300230110,0.0280761719,9.7959899906,-0.0317382813,-0.0001193576,0.0000217014,0.0000000000
557721.6400230110,0.0286865234,9.7981262210,-0.0196838379,0.0006293403,0.0000325521,0.0000000000
557721.6500230110,0.0280761719,9.7994995120,-0.0149536133,-0.0010525174,0.0000325521,-0.0000325521
557721.6600230110,0.0280761719,9.7953796390,-0.0331115723,0.0007052951,0.0000217014,0.0000000000
557721.6700230110,0.0276184082,9.8001098636,-0.0093078613,-0.0001953125,0.0000217014,0.0000108507
557721.6800230111,0.0276184082,9.7969055179,-0.0267028809,-0.0005967882,0.0000325521,0.0000000000
557721.6900230109,0.0291442871,9.7967529300,-0.0253295898,0.0009006076,0.0000217014,-0.0000108507
557721.7000230110,0.0282287598,9.8001098636,-0.0097656250,-0.0009765625,0.0000651042,0.0000108507
557721.7100230110,0.0274658203,9.7952270511,-0.0346374512,0.0002821181,0.0000217014,0.0000000000
557721.7200230110,0.0276184082,9.7990417484,-0.0132751465,0.0002929687,0.0000217014,0.0000000000
557721.7300230110,0.0282287598,9.7979736331,-0.0192260742,-0.0009548611,0.0000434028,-0.0000108507
557721.7400230110,0.0282287598,9.7959899906,-0.0305175781,0.0009006076,0.0000217014,0.0000000000
557721.7500230110,0.0280761719,9.8005676273,-0.0088500977,-0.0005967882,0.0000651042,0.0000000000
557721.7600230110,0.0276184082,9.7959899906,-0.0308227539,-0.0001953125,0.0000217014,0.0000000000
557721.7700230110,0.0277709961,9.7981262210,-0.0187683105,0.0006618924,-0.0000000000,0.0000000000
557721.7800230110,0.0282287598,9.7990417484,-0.0135803223,-0.0010850694,0.0000651042,-0.0000108507
557721.7900230110,0.0277709961,9.7944641116,-0.0338745117,0.0006618924,0.0000108507,0.0000000000
557721.8000230110,0.0283813477,9.8002624515,-0.0097656250,-0.0001519097,0.0000217014,0.0000000000
557721.8100230111,0.0280761719,9.7970581058,-0.0254821777,-0.0005967882,0.0000434028,0.0000000000
557721.8200230110,0.0289916992,9.7967529300,-0.0254821777,0.0008897569,0.0000108507,0.0000000000
557721.8300230110,0.0274658203,9.8002624515,-0.0102233887,-0.0009331597,0.0000759549,0.0000000000
557721.8400230110,0.0277709961,9.7958374027,-0.0343322754,0.0002712674,0.0000108507,0.0000000000
557721.8500230110,0.0280761719,9.7993469241,-0.0135803223,0.0002712674,0.0000217014,0.0000000000
557721.8600230110,0.0285339355,9.7984313968,-0.0196838379,-0.0009223090,0.0000434028,0.0000000000
557721.8700230110,0.0282287598,9.7961425784,-0.0315856934,0.0008680556,0.0000108507,0.0000000000
557721.8800230110,0.0276184082,9.8004150394,-0.0088500977,-0.0006184896,0.0000434028,0.0000000000
557721.8900230110,0.0283813477,9.7958374027,-0.0305175781,-0.0001953125,0.0000651042,0.0000108507
557721.9000230110,0.0288391113,9.7979736331,-0.0190734863,0.0006727431,0.0000217014,0.0000000000
557721.9100230110,0.0279235840,9.7998046878,-0.0137329102,-0.0010742187,0.0000434028,-0.0000108507
557721.9200230110,0.0276184082,9.7953796390,-0.0343322754,0.0006184896,0.0000325521,0.0000000000
557721.9300230111,0.0277709961,9.7998046878,-0.0091552734,-0.0000651042,0.0000217014,0.0000000000
557721.9400230109,0.0285339355,9.7972106937,-0.0244140625,-0.0007161458,0.0000434028,0.0000000000
557721.9500230110,0.0277709961,9.7966003421,-0.0273132324,0.0009331597,0.0000108507,0.0000000000
557721.9600230110,0.0270080566,9.7998046878,-0.0090026855,-0.0008897569,0.0000651042,0.0000108507
557721.9700230110,0.0280761719,9.7958374027,-0.0321960449,0.0001736111,0.0000434028,0.0000000000
557721.9800230110,0.0288391113,9.7990417484,-0.0157165527,0.0003689236,0.0000108507,0.0000000000
557721.9900230110,0.0280761719,9.7993469241,-0.0190734863,-0.0010091146,0.0000325521,-0.0000217014
557722.0000230110,0.0277709961,9.7955322269,-0.0311279297,0.0008463542,0.0000217014,0.0000108507
557722.0100230110,0.0276184082,9.8002624515,-0.0085449219,-0.0004557292,0.0000325521,0.0000000000
557722.0200230110,0.0285339355,9.7969055179,-0.0300598145,-0.0003689236,0.0000325521,-0.0000108507
557722.0300230110,0.0282287598,9.7976684574,-0.0216674805,0.0007812500,0.0000325521,0.0000108507
557722.0400230110,0.0276184082,9.7996520999,-0.0112915039,-0.0010742187,0.0000434028,0.0000000000
557722.0500230110,0.0282287598,9.7953796390,-0.0355529785,0.0005425347,0.0000434028,0.0000000000
557722.0600230111,0.0286865234,9.7998046878,-0.0123596191,0.0000976562,0.0000217014,0.0000000000
557722.0700230110,0.0279235840,9.7985839847,-0.0219726563,-0.0009006076,0.0000434028,-0.0000108507
557722.0800230110,0.0280761719,9.7967529300,-0.0288391113,0.0009982639,0.0000217014,0.0000000000
557722.0900230110,0.0277709961,9.8002624515,-0.0085449219,-0.0007595486,0.0000434028,0.0000108507
557722.1000230110,0.0279235840,9.7962951663,-0.0326538086,-0.0000976562,0.0000325521,0.0000108507
557722.1100230110,0.0282287598,9.7981262210,-0.0183105469,0.0005750868,-0.0000000000,0.0000000000
557722.1200230110,0.0273132324,9.7991943363,-0.0149536133,-0.0010525174,0.0000434028,0.0000000000
557722.1300230110,0.0279235840,9.7955322269,-0.0326538086,0.0007595486,0.0000108507,0.0000000000
557722.1400230110,0.0288391113,9.7998046878,-0.0086975098,-0.0002821181,0.0000434028,-0.0000217014
557722.1500230110,0.0280761719,9.7972106937,-0.0263977051,-0.0005750868,0.0000434028,-0.0000108507
557722.1600230110,0.0274658203,9.7969055179,-0.0245666504,0.0009548611,0.0000108507,0.0000000000
557722.1700230110,0.0280761719,9.8004150394,-0.0094604492,-0.0009982639,0.0000759549,0.0000108507
557722.1800230111,0.0285339355,9.7955322269,-0.0354003906,0.0002278646,0.0000217014,0.0000000000
557722.1900230109,0.0286865234,9.7988891605,-0.0148010254,0.0003906250,0.0000108507,0.0000000000
557722.2000230110,0.0273132324,9.7984313968,-0.0172424316,-0.0010199653,0.0000434028,0.0000000000
557722.2100230110,0.0277709961,9.7955322269,-0.0329589844,0.0008897569,0.0000108507,0.0000000000
557722.2200230110,0.0288391113,9.8004150394,-0.0090026855,-0.0004882812,0.0000434028,0.0000108507
557722.2300230110,0.0286865234,9.7962951663,-0.0288391113,-0.0003906250,0.0000325521,-0.0000108507
557722.2400230110,0.0283813477,9.7979736331,-0.0218200684,0.0008138021,0.0000108507,0.0000000000
557722.2500230110,0.0274658203,9.7994995120,-0.0117492676,-0.0010525174,0.0000434028,0.0000000000
557722.2600230110,0.0286865234,9.7956848148,-0.0354003906,0.0005316840,0.0000217014,0.0000000000
557722.2700230110,0.0288391113,9.7999572757,-0.0102233887,0.0000325521,0.0000217014,0.0000000000
557722.2800230110,0.0276184082,9.7978210452,-0.0224304199,-0.0008138021,0.0000651042,0.0000000000
557722.2900230110,0.0274658203,9.7967529300,-0.0296020508,0.0009657118,-0.0000000000,0.0000000000
557722.3000230110,0.0279235840,9.8007202152,-0.0091552734,-0.0008355035,0.0000759549,0.0000000000
557722.3100230111,0.0285339355,9.7955322269,-0.0320434570,0.0000217014,0.0000325521,0.0000000000
557722.3200230110,0.0274658203,9.7978210452,-0.0155639648,0.0005208333,0.0000108507,0.0000000000
557722.3300230110,0.0274658203,9.7978210452,-0.0158691406,-0.0010199653,0.0000434028,0.0000000000
557722.3400230110,0.0283813477,9.7956848148,-0.0335693359,0.0007812500,0.0000108507,0.0000000000
557722.3500230110,0.0285339355,9.8013305667,-0.0093078613,-0.0003580729,0.0000217014,-0.0000108507
557722.3600230110,0.0274658203,9.7970581058,-0.0270080566,-0.0004882812,0.0000651042,0.0000000000
557722.3700230110,0.0277709961,9.7966003421,-0.0233459473,0.0008680556,0.0000217014,0.0000000000
557722.3800230110,0.0285339355,9.7998046878,-0.0115966797,-0.0010416667,0.0000325521,-0.0000108507
557722.3900230110,0.0280761719,9.7946166995,-0.0340270996,0.0003797743,0.0000325521,0.0000000000
557722.4000230110,0.0279235840,9.7988891605,-0.0119018555,0.0002278646,0.0000217014,0.0000000000
557722.4100230120,0.0271606445,9.7984313968,-0.0207519531,-0.0009548611,0.0000434028,0.0000108507
557722.4200230120,0.0291442871,9.7956848148,-0.0315856934,0.0009331597,0.0000325521,0.0000217014
557722.4300230120,0.0292968750,9.8002624515,-0.0080871582,-0.0006293403,0.0000434028,0.0000000000
557722.4400230120,0.0271606445,9.7959899906,-0.0306701660,-0.0002387153,0.0000325521,0.0000000000
557722.4500230120,0.0270080566,9.7976684574,-0.0196838379,0.0007921007,0.0000217014,0.0000000000
557722.4600230120,0.0289916992,9.7998046878,-0.0128173828,-0.0010850694,0.0000325521,0.0000000000
557722.4700230120,0.0294494629,9.7946166995,-0.0346374512,0.0006076389,0.0000217014,0.0000000000
557722.4800230120,0.0277709961,9.7998046878,-0.0103759766,-0.0000325521,0.0000434028,0.0000108507
557722.4900230120,0.0262451172,9.7976684574,-0.0244140625,-0.0007595486,0.0000434028,0.0000000000
557722.5000230120,0.0285339355,9.7966003421,-0.0273132324,0.0009548611,0.0000108507,0.0000108507
557722.5100230119,0.0296020508,9.8001098636,-0.0086975098,-0.0009006076,0.0000434028,0.0000000000
557722.5200230120,0.0280761719,9.7955322269,-0.0329589844,0.0001736111,0.0000325521,0.0000000000
557722.5300230120,0.0270080566,9.7987365726,-0.0152587891,0.0004340278,0.0000217014,0.0000000000
557722.5400230120,0.0285339355,9.7990417484,-0.0187683105,-0.0010091146,0.0000434028,0.0000217014
557722.5500230120,0.0299072266,9.7952270511,-0.0309753418,0.0008789062,0.0000217014,0.0000000000
557722.5600230120,0.0276184082,9.8005676273,-0.0073242188,-0.0004665799,0.0000217014,-0.0000108507
557722.5700230120,0.0262451172,9.7962951663,-0.0289916992,-0.0004557292,0.0000434028,0.0000000000
557722.5800230120,0.0285339355,9.7969055179,-0.0230407715,0.0008463542,0.0000108507,0.0000000000
557722.5900230120,0.0299072266,9.7999572757,-0.0112915039,-0.0010633681,0.0000325521,0.0000000000
557722.6000230120,0.0279235840,9.7953796390,-0.0354003906,0.0004774306,0.0000108507,0.0000000000
557722.6100230120,0.0273132324,9.7999572757,-0.0122070313,0.0001736111,0.0000217014,0.0000108507
557722.6200230120,0.0282287598,9.7978210452,-0.0215148926,-0.0009765625,0.0000434028,0.0000108507
557722.6300230121,0.0292968750,9.7959899906,-0.0303649902,0.0009765625,0.0000217014,0.0000108507
557722.6400230119,0.0276184082,9.7998046878,-0.0068664551,-0.0006401910,0.0000434028,0.0000000000
557722.6500230120,0.0265502930,9.7958374027,-0.0308227539,-0.0002712674,0.0000325521,0.0000000000
557722.6600230120,0.0280761719,9.7973632816,-0.0224304199,0.0008029514,0.0000217014,0.0000108507
557722.6700230120,0.0300598145,9.8001098636,-0.0106811523,-0.0011284722,0.0000434028,0.0000000000
557722.6800230120,0.0292968750,9.7950744632,-0.0334167480,0.0006076389,0.0000108507,0.0000000000
557722.6900230120,0.0270080566,9.7996520999,-0.0109863281,0.0000217014,0.0000325521,0.0000108507
557722.7000230120,0.0274658203,9.7975158695,-0.0227355957,-0.0008355035,0.0000651042,0.0000000000
557722.7100230120,0.0289916992,9.7959899906,-0.0283813477,0.0009223090,0.0000108507,0.0000000000
557722.7200230120,0.0286865234,9.8002624515,-0.0076293945,-0.0007921007,0.0000325521,-0.0000108507
557722.7300230120,0.0273132324,9.7953796390,-0.0329589844,-0.0000217014,0.0000325521,0.0000000000
557722.7400230120,0.0271606445,9.7985839847,-0.0184631348,0.0006401910,-0.0000000000,0.0000000000
557722.7500230120,0.0285339355,9.7991943363,-0.0138854980,-0.0010850694,0.0000759549,0.0000000000
557722.7600230119,0.0289916992,9.7955322269,-0.0335693359,0.0007052951,0.0000217014,0.0000000000
557722.7700230120,0.0280761719,9.7998046878,-0.0090026855,-0.0001953125,0.0000325521,0.0000000000
557722.7800230120,0.0262451172,9.7973632816,-0.0263977051,-0.0006510417,0.0000434028,0.0000108507
557722.7900230120,0.0280761719,9.7967529300,-0.0268554688,0.0009223090,-0.0000000000,0.0000000000
557722.8000230120,0.0288391113,9.7999572757,-0.0096130371,-0.0009548611,0.0000434028,0.0000000000
557722.8100230120,0.0286865234,9.7950744632,-0.0321960449,0.0002929687,0.0000434028,-0.0000108507
557722.8200230120,0.0273132324,9.7988891605,-0.0137329102,0.0003146701,0.0000108507,0.0000108507
557722.8300230120,0.0271606445,9.7978210452,-0.0207519531,-0.0009657118,0.0000434028,0.0000000000
557722.8400230120,0.0291442871,9.7962951663,-0.0309753418,0.0008355035,0.0000217014,0.0000000000
557722.8500230120,0.0288391113,9.8007202152,-0.0073242188,-0.0005859375,0.0000217014,-0.0000108507
557722.8600230120,0.0273132324,9.7964477542,-0.0306701660,-0.0001844618,0.0000651042,0.0000000000
557722.8700230120,0.0271606445,9.7979736331,-0.0205993652,0.0007052951,0.0000108507,0.0000217014
557722.8800230121,0.0288391113,9.7999572757,-0.0131225586,-0.0010199653,0.0000325521,0.0000000000
557722.8900230119,0.0286865234,9.7943115238,-0.0331115723,0.0006293403,0.0000325521,0.0000000000
557722.9000230120,0.0286865234,9.7987365726,-0.0106811523,-0.0001302083,0.0000325521,0.0000000000
557722.9100230120,0.0279235840,9.7982788089,-0.0262451172,-0.0006618924,0.0000325521,0.0000000000
557722.9200230120,0.0263977051,9.7966003421,-0.0260925293,0.0008680556,0.0000108507,0.0000000000
557722.9300230120,0.0291442871,9.8002624515,-0.0085449219,-0.0008897569,0.0000434028,0.0000000000
557722.9400230120,0.0296020508,9.7953796390,-0.0332641602,0.0002821181,0.0000217014,0.0000000000
557722.9500230120,0.0276184082,9.7985839847,-0.0144958496,0.0003472222,0.0000217014,0.0000000000
557722.9600230120,0.0250244141,9.7981262210,-0.0195312500,-0.0009982639,0.0000651042,0.0000108507
557722.9700230120,0.0283813477,9.7958374027,-0.0306701660,0.0008789062,-0.0000000000,0.0000000000
557722.9800230120,0.0308227539,9.8001098636,-0.0086975098,-0.0005859375,0.0000434028,-0.0000108507
557722.9900230120,0.0277709961,9.7961425784,-0.0309753418,-0.0002387153,0.0000651042,0.0000000000
557723.0000230120,0.0262451172,9.7975158695,-0.0198364258,0.0007378472,-0.0000000000,0.0000000000
557723.0100230119,0.0276184082,9.7998046878,-0.0129699707,-0.0010525174,0.0000325521,0.0000217014
557723.0200230120,0.0311279297,9.7949218753,-0.0341796875,0.0006076389,0.0000325521,0.0000108507
557723.0300230120,0.0282287598,9.8004150394,-0.0115966797,-0.0001085069,0.0000325521,0.0000000000
557723.0400230120,0.0263977051,9.7979736331,-0.0238037109,-0.0007378472,0.0000434028,-0.0000108507
557723.0500230120,0.0282287598,9.7964477542,-0.0262451172,0.0009223090,0.0000217014,0.0000000000
557723.0600230120,0.0302124023,9.8001098636,-0.0090026855,-0.0008572049,0.0000325521,0.0000000000
557723.0700230120,0.0277709961,9.7953796390,-0.0337219238,0.0001519097,0.0000325521,0.0000000000
557723.0800230120,0.0268554688,9.7988891605,-0.0146484375,0.0003580729,0.0000325521,0.0000108507
557723.0900230120,0.0274658203,9.7985839847,-0.0178527832,-0.0009874132,0.0000325521,0.0000108507
557723.1000230120,0.0299072266,9.7956848148,-0.0312805176,0.0008789062,-0.0000000000,0.0000000000
557723.1100230120,0.0283813477,9.8002624515,-0.0090026855,-0.0005642361,0.0000325521,-0.0000217014
557723.1200230120,0.0263977051,9.7962951663,-0.0297546387,-0.0003363715,0.0001953125,-0.0000108507
557723.1300230121,0.0280761719,9.7975158695,-0.0198364258,0.0007921007,0.0005316840,0.0000217014
557723.1400230119,0.0315856934,9.7998046878,-0.0103759766,-0.0010525174,0.0026150174,0.0000108507
557723.1500230120,0.0311279297,9.7947692874,-0.0338745117,0.0005967882,0.0045464410,0.0000000000
557723.1600230120,0.0265502930,9.7999572757,-0.0123596191,0.0000434028,0.0053493924,0.0000000000
557723.1700230120,0.0268554688,9.7978210452,-0.0196838379,-0.0008246528,0.0066623264,0.0000000000
557723.1800230120,0.0299072266,9.7964477542,-0.0265502930,0.0009874132,0.0075195312,0.0000000000
557723.1900230120,0.0303649902,9.8008728031,-0.0102233887,-0.0006835937,0.0078667535,-0.0000108507
557723.2000230120,0.0282287598,9.7955322269,-0.0312805176,-0.0000108507,0.0090711806,0.0000000000
557723.2100230120,0.0254821777,9.7987365726,-0.0175476074,0.0006184896,0.0097330729,0.0000000000
557723.2200230120,0.0292968750,9.7991943363,-0.0128173828,-0.0010091146,0.0106770833,0.0000108507
557723.2300230120,0.0306701660,9.7952270511,-0.0323486328,0.0007812500,0.0115234375,0.0000000000
557723.2400230120,0.0292968750,9.8002624515,-0.0099182129,-0.0002495660,0.0121636285,-0.0000217014
557723.2500230120,0.0268554688,9.7972106937,-0.0238037109,-0.0005425347,0.0133138021,-0.0000108507
557723.2600230119,0.0277709961,9.7966003421,-0.0230407715,0.0009874132,0.0144205729,0.0000000000
557723.2700230120,0.0300598145,9.8002624515,-0.0112915039,-0.0008789062,0.0149088542,0.0000000000
557723.2800230120,0.0294494629,9.7952270511,-0.0332641602,0.0003580729,0.0161132812,0.0000000000
557723.2900230120,0.0280761719,9.7999572757,-0.0123596191,0.0003580729,0.0170247396,0.0000000000
557723.3000230120,0.0263977051,9.7976684574,-0.0178527832,-0.0009006076,0.0174913194,0.0000000000
557723.3100230120,0.0300598145,9.7952270511,-0.0314331055,0.0009440104,0.0187391493,0.0000000000
557723.3200230120,0.0309753418,9.7999572757,-0.0091552734,-0.0004774306,0.0195638021,-0.0000217014
557723.3300230120,0.0289916992,9.7964477542,-0.0268554688,-0.0001519097,0.0202907986,0.0000000000
557723.3400230120,0.0270080566,9.7981262210,-0.0189208984,0.0008355035,0.0214626736,0.0000000000
557723.3500230120,0.0277709961,9.7993469241,-0.0141906738,-0.0009331597,0.0220377604,0.0000000000
557723.3600230120,0.0317382813,9.7953796390,-0.0323486328,0.0006293403,0.0230360243,-0.0000108507
557723.3700230120,0.0299072266,9.7999572757,-0.0103759766,0.0000434028,0.0239691840,-0.0000108507
557723.3800230121,0.0250244141,9.7973632816,-0.0224304199,-0.0006401910,0.0244032118,0.0000000000
557723.3900230119,0.0297546387,9.7970581058,-0.0256347656,0.0009765625,0.0258246528,0.0000000000
557723.4000230120,0.0303649902,9.7998046878,-0.0105285645,-0.0006944444,0.0266710069,0.0000000000
557723.4100230120,0.0277709961,9.7953796390,-0.0326538086,0.0003146701,0.0270182292,-0.0000217014
557723.4200230120,0.0291442871,9.7993469241,-0.0119018555,0.0004774306,0.0289822049,-0.0000108507
557723.4300230120,0.0263977051,9.7981262210,-0.0187683105,-0.0008789062,0.0290256076,-0.0000108507
557723.4400230120,0.0296020508,9.7956848148,-0.0314331055,0.0010199653,0.0295789931,0.0000000000
557723.4500230120,0.0315856934,9.8008728031,-0.0071716309,-0.0004448785,0.0309570312,-0.0000325521
557723.4600230120,0.0282287598,9.7958374027,-0.0288391113,-0.0001302083,0.0314778646,-0.0000217014
557723.4700230120,0.0274658203,9.7973632816,-0.0190734863,0.0009223090,0.0324869792,0.0000108507
557723.4800230120,0.0296020508,9.7999572757,-0.0128173828,-0.0009440104,0.0337239583,-0.0000108507
557723.4900230130,0.0288391113,9.7950744632,-0.0329589844,0.0007269965,0.0339843750,-0.0000108507
557723.5000230130,0.0291442871,9.7993469241,-0.0094604492,0.0001302083,0.0353081597,-0.0000434028
557723.5100230130,0.0276184082,9.7979736331,-0.0230407715,-0.0006510417,0.0364583333,-0.0000217014
557723.5200230130,0.0286865234,9.7970581058,-0.0273132324,0.0011393229,0.0367838542,0.0000000000
557723.5300230130,0.0312805176,9.8002624515,-0.0080871582,-0.0006401910,0.0381293403,-0.0000217014
557723.5400230130,0.0296020508,9.7955322269,-0.0331115723,0.0001736111,0.0384982639,0.0000000000
557723.5500230130,0.0279235840,9.7984313968,-0.0158691406,0.0007595486,0.0393988715,-0.0000108507
557723.5600230130,0.0279235840,9.7987365726,-0.0141906738,-0.0009548611,0.0407226562,-0.0000217014
557723.5700230130,0.0296020508,9.7952270511,-0.0321960449,0.0009440104,0.0412326389,-0.0000217014
557723.5800230131,0.0297546387,9.7999572757,-0.0096130371,-0.0000542535,0.0420572917,-0.0000108507
557723.5900230129,0.0292968750,9.7972106937,-0.0253295898,-0.0004774306,0.0433268229,-0.0000217014
557723.6000230130,0.0276184082,9.7964477542,-0.0254821777,0.0011610243,0.0435438368,0.0000108507
557723.6100230130,0.0291442871,9.8004150394,-0.0073242188,-0.0007703993,0.0448242187,0.0000000000
557723.6200230130,0.0292968750,9.7949218753,-0.0329589844,0.0004665799,0.0458875868,0.0000000000
557723.6300230130,0.0280761719,9.7988891605,-0.0152587891,0.0005425347,0.0461263021,-0.0000325521
557723.6400230130,0.0285339355,9.7990417484,-0.0178527832,-0.0008463542,0.0475043403,-0.0000217014
557723.6500230130,0.0297546387,9.7956848148,-0.0302124023,0.0010959201,0.0484483507,-0.0000217014
557723.6600230130,0.0286865234,9.7998046878,-0.0097656250,-0.0002170139,0.0485026042,-0.0000217014
557723.6700230130,0.0302124023,9.7970581058,-0.0262451172,-0.0001736111,0.0503146701,-0.0000217014
557723.6800230130,0.0274658203,9.7973632816,-0.0216674805,0.0009874132,0.0507921007,0.0000000000
557723.6900230130,0.0282287598,9.7996520999,-0.0122070313,-0.0007812500,0.0517361111,-0.0000108507
557723.7000230131,0.0297546387,9.7947692874,-0.0318908691,0.0007269965,0.0529730903,-0.0000108507
557723.7100230129,0.0297546387,9.7996520999,-0.0123596191,0.0002278646,0.0533311632,-0.0000325521
557723.7200230130,0.0274658203,9.7972106937,-0.0219726563,-0.0005425347,0.0537109375,-0.0000108507
557723.7300230130,0.0288391113,9.7962951663,-0.0260925293,0.0011718750,0.0556857639,0.0000000000
557723.7400230130,0.0288391113,9.8005676273,-0.0090026855,-0.0005750868,0.0560112847,0.0000000000
557723.7500230130,0.0296020508,9.7955322269,-0.0311279297,0.0002712674,0.0567925347,-0.0000217014
557723.7600230130,0.0280761719,9.7984313968,-0.0163269043,0.0007378472,0.0580620660,-0.0000325521
557723.7700230130,0.0282287598,9.7991943363,-0.0155639648,-0.0007812500,0.0586697049,-0.0000325521
557723.7800230130,0.0289916992,9.7958374027,-0.0311279297,0.0010416667,0.0595486111,-0.0000108507
557723.7900230130,0.0297546387,9.7998046878,-0.0103759766,-0.0001302083,0.0604166667,-0.0000217014
557723.8000230130,0.0297546387,9.7959899906,-0.0256347656,-0.0001410590,0.0609483507,-0.0000108507
557723.8100230130,0.0285339355,9.7972106937,-0.0204467773,0.0010308160,0.0624457465,-0.0000108507
557723.8200230130,0.0277709961,9.8001098636,-0.0131225586,-0.0007378472,0.0629665799,-0.0000108507
557723.8300230131,0.0303649902,9.7950744632,-0.0321960449,0.0007378472,0.0638020833,-0.0000325521
557723.8400230129,0.0296020508,9.7999572757,-0.0103759766,0.0002929687,0.0649414062,-0.0000325521
557723.8500230130,0.0285339355,9.7979736331,-0.0210571289,-0.0005099826,0.0653862847,-0.0000217014
557723.8600230130,0.0280761719,9.7959899906,-0.0274658203,0.0012261285,0.0664171007,0.0000000000
557723.8700230130,0.0294494629,9.8004150394,-0.0102233887,-0.0004665799,0.0676323785,-0.0000108507
557723.8800230130,0.0294494629,9.7955322269,-0.0305175781,0.0002821181,0.0681206597,-0.0000434028
557723.8900230130,0.0289916992,9.7979736331,-0.0167846680,0.0008246528,0.0691406250,-0.0000108507
557723.9000230130,0.0276184082,9.7993469241,-0.0157165527,-0.0007486979,0.0700303819,-0.0000325521
557723.9100230130,0.0297546387,9.7950744632,-0.0317382813,0.0010742187,0.0706705729,-0.0000217014
557723.9200230130,0.0306701660,9.7998046878,-0.0079345703,-0.0000542535,0.0720594618,-0.0000434028
557723.9300230130,0.0285339355,9.7970581058,-0.0273132324,-0.0001736111,0.0724175347,-0.0000217014
557723.9400230130,0.0286865234,9.7967529300,-0.0231933594,0.0012369792,0.0733289931,0.0000000000
557723.9500230131,0.0289916992,9.8002624515,-0.0112915039,-0.0007269965,0.0746093750,-0.0000108507
557723.9600230129,0.0299072266,9.7952270511,-0.0325012207,0.0007595486,0.0749674479,-0.0000325521
557723.9700230130,0.0294494629,9.7998046878,-0.0109863281,0.0004557292,0.0759657118,-0.0000325521
557723.9800230130,0.0279235840,9.7982788089,-0.0215148926,-0.0006076389,0.0771158854,-0.0000325521
557723.9900230130,0.0285339355,9.7962951663,-0.0294494629,0.0013020833,0.0776041667,0.0000000000
557724.0000230130,0.0296020508,9.8010253909,-0.0071716309,-0.0003580729,0.0790256076,-0.0000325521
557724.0100230130,0.0285339355,9.7958374027,-0.0302124023,0.0002170139,0.0798828125,-0.0000217014
557724.0200230130,0.0274658203,9.7978210452,-0.0193786621,0.0010308160,0.0798719618,-0.0000108507
557724.0300230130,0.0294494629,9.7999572757,-0.0115966797,-0.0007921007,0.0812934028,-0.0000434028
557724.0400230130,0.0294494629,9.7944641116,-0.0338745117,0.0010633681,0.0821072049,-0.0000325521
557724.0500230130,0.0289916992,9.7999572757,-0.0100708008,0.0002278646,0.0828667535,-0.0000325521
557724.0600230130,0.0292968750,9.7972106937,-0.0233459473,-0.0004014757,0.0842122396,-0.0000325521
557724.0700230130,0.0285339355,9.7967529300,-0.0268554688,0.0013563368,0.0846462674,0.0000000000
557724.0800230131,0.0299072266,9.8004150394,-0.0077819824,-0.0005099826,0.0857313368,-0.0000325521
557724.0900230129,0.0288391113,9.7956848148,-0.0315856934,0.0005099826,0.0865017361,-0.0000217014
557724.1000230130,0.0277709961,9.7993469241,-0.0169372559,0.0007703993,0.0871744792,-0.0000325521
557724.1100230130,0.0296020508,9.7988891605,-0.0160217285,-0.0006618924,0.0884331597,-0.0000542535
557724.1200230130,0.0288391113,9.7952270511,-0.0305175781,0.0012152778,0.0893663194,-0.0000217014
557724.1300230130,0.0296020508,9.8002624515,-0.0096130371,0.0000000000,0.0898763021,-0.0000325521
557724.1400230130,0.0294494629,9.7959899906,-0.0265502930,-0.0000542535,0.0912760417,-0.0000217014
557724.1500230130,0.0276184082,9.7967529300,-0.0238037109,0.0013129340,0.0915039062,-0.0000217014
557724.1600230130,0.0294494629,9.8004150394,-0.0097656250,-0.0006510417,0.0923936632,-0.0000217014
557724.1700230130,0.0308227539,9.7950744632,-0.0320434570,0.0007378472,0.0938259549,-0.0000325521
557724.1800230130,0.0286865234,9.7998046878,-0.0134277344,0.0006835937,0.0942925347,-0.0000651042
557724.1900230130,0.0292968750,9.7984313968,-0.0184631348,-0.0006401910,0.0950846354,-0.0000217014
557724.2000230131,0.0296020508,9.7956848148,-0.0305175781,0.0013671875,0.0963867187,-0.0000217014
557724.2100230129,0.0289916992,9.8007202152,-0.0079345703,-0.0000868056,0.0968967014,-0.0000108507
557724.2200230130,0.0292968750,9.7959899906,-0.0273132324,-0.0000217014,0.0977756076,-0.0000217014
557724.2300230130,0.0286865234,9.7970581058,-0.0225830078,0.0013346354,0.0989040799,-0.0000217014
557724.2400230130,0.0292968750,9.8002624515,-0.0112915039,-0.0006727431,0.0994357639,-0.0000542535
557724.2500230130,0.0302124023,9.7949218753,-0.0331115723,0.0008680556,0.1005208333,-0.0000325521
557724.2600230130,0.0276184082,9.7993469241,-0.0131225586,0.0006184896,0.1014105903,-0.0000325521
557724.2700230130,0.0292968750,9.7978210452,-0.0202941895,-0.0004882812,0.1017252604,-0.0000217014
557724.2800230130,0.0300598145,9.7961425784,-0.0270080566,0.0013671875,0.1032660590,-0.0000217014
557724.2900230130,0.0285339355,9.8013305667,-0.0094604492,-0.0002495660,0.1041015625,-0.0000217014
557724.3000230130,0.0296020508,9.7952270511,-0.0296020508,0.0003472222,0.1047743056,-0.0000325521
557724.3100230130,0.0283813477,9.7982788089,-0.0190734863,0.0010850694,0.1059678819,-0.0000325521
557724.3200230130,0.0303649902,9.7996520999,-0.0148010254,-0.0006618924,0.1065755208,-0.0000434028
557724.3300230131,0.0297546387,9.7953796390,-0.0308227539,0.0012152778,0.1072808160,-0.0000217014
557724.3400230129,0.0276184082,9.8004150394,-0.0096130371,0.0002387153,0.1085503472,-0.0000542535
557724.3500230130,0.0297546387,9.7973632816,-0.0244140625,-0.0001302083,0.1090711806,-0.0000217014
557724.3600230130,0.0297546387,9.7969055179,-0.0254821777,0.0013346354,0.1097656250,-0.0000325521
557724.3700230130,0.0296020508,9.8002624515,-0.0096130371,-0.0004991319,0.1109917535,-0.0000651042
557724.3800230130,0.0296020508,9.7950744632,-0.0320434570,0.0007921007,0.1113715278,-0.0000542535
557724.3900230130,0.0291442871,9.7993469241,-0.0122070313,0.0007921007,0.1131076389,-0.0000108507
557724.4000230130,0.0288391113,9.7985839847,-0.0207519531,-0.0004774306,0.1135959201,-0.0000325521
557724.4100230130,0.0306701660,9.7958374027,-0.0292968750,0.0013997396,0.1141493056,-0.0000325521
557724.4200230130,0.0296020508,9.8005676273,-0.0062561035,-0.0001410590,0.1155924479,-0.0000434028
557724.4300230130,0.0273132324,9.7955322269,-0.0300598145,0.0003146701,0.1159939236,-0.0000542535
557724.4400230130,0.0309753418,9.7985839847,-0.0202941895,0.0011610243,0.1170138889,-0.0000434028
557724.4500230131,0.0306701660,9.7991943363,-0.0134277344,-0.0005750868,0.1181098090,-0.0000542535
557724.4600230129,0.0289916992,9.7949218753,-0.0318908691,0.0012044271,0.1185655382,-0.0000325521
557724.4700230130,0.0289916992,9.8002624515,-0.0094604492,0.0004014757,0.1198025174,-0.0000434028
557724.4800230130,0.0296020508,9.7973632816,-0.0257873535,-0.0002495660,0.1208658854,-0.0000325521
557724.4900230130,0.0300598145,9.7964477542,-0.0279235840,0.0014539931,0.1211154514,-0.0000434028
557724.5000230130,0.0297546387,9.8005676273,-0.0071716309,-0.0003363715,0.1225043403,-0.0000759549
557724.5100230130,0.0291442871,9.7955322269,-0.0312805176,0.0005859375,0.1232530382,-0.0000434028
557724.5200230130,0.0285339355,9.7984313968,-0.0173950195,0.0010742187,0.1237521701,-0.0000434028
557724.5300230130,0.0300598145,9.7990417484,-0.0166320801,-0.0005099826,0.1250976562,-0.0000434028
557724.5400230130,0.0302124023,9.7958374027,-0.0302124023,0.0012912326,0.1256727431,-0.0000434028
557724.5500230130,0.0299072266,9.8001098636,-0.0079345703,0.0002604167,0.1265299479,-0.0000542535
557724.5600230140,0.0283813477,9.7969055179,-0.0263977051,0.0000000000,0.1278971354,-0.0000325521
557724.5700230140,0.0296020508,9.7970581058,-0.0247192383,0.0014322917,0.1280815972,-0.0000325521
557724.5800230140,0.0306701660,9.7993469241,-0.0097656250,-0.0004340278,0.1287543403,-0.0000651042
557724.5900230140,0.0296020508,9.7955322269,-0.0323486328,0.0008897569,0.1304036458,-0.0000434028
557724.6000230140,0.0289916992,9.7990417484,-0.0132751465,0.0008680556,0.1310004340,-0.0000542535
557724.6100230140,0.0288391113,9.7982788089,-0.0202941895,-0.0003906250,0.1320638021,-0.0000217014
557724.6200230140,0.0296020508,9.7958374027,-0.0303649902,0.0014539931,0.1330078125,-0.0000325521
557724.6300230140,0.0305175781,9.8002624515,-0.0085449219,-0.0000651042,0.1330078125,-0.0000542535
557724.6400230140,0.0297546387,9.7964477542,-0.0279235840,0.0003797743,0.1347656250,-0.0000651042
557724.6500230141,0.0283813477,9.7975158695,-0.0216674805,0.0012586806,0.1353081597,-0.0000325521
557724.6600230139,0.0297546387,9.7994995120,-0.0128173828,-0.0004774306,0.1361653646,-0.0000542535
557724.6700230140,0.0308227539,9.7949218753,-0.0317382813,0.0012044271,0.1371853299,-0.0000434028
557724.6800230140,0.0286865234,9.8001098636,-0.0120544434,0.0005533854,0.1378363715,-0.0000651042
557724.6900230140,0.0296020508,9.7975158695,-0.0230407715,-0.0001736111,0.1390842014,-0.0000434028
557724.7000230140,0.0302124023,9.7961425784,-0.0260925293,0.0014865451,0.1394639757,-0.0000434028
557724.7100230140,0.0305175781,9.8004150394,-0.0096130371,-0.0002712674,0.1403971354,-0.0000759549
557724.7200230140,0.0303649902,9.7950744632,-0.0300598145,0.0007595486,0.1416124132,-0.0000542535
557724.7300230140,0.0292968750,9.7985839847,-0.0169372559,0.0010199653,0.1423502604,-0.0000434028
557724.7400230140,0.0291442871,9.7985839847,-0.0184631348,-0.0003689236,0.1432725694,-0.0000542535
557724.7500230140,0.0309753418,9.7959899906,-0.0277709961,0.0014539931,0.1443467882,-0.0000434028
557724.7600230140,0.0296020508,9.7998046878,-0.0090026855,0.0000868056,0.1449761285,-0.0000868056
557724.7700230140,0.0282287598,9.7966003421,-0.0286865234,0.0003146701,0.1457031250,-0.0000542535
557724.7800230141,0.0289916992,9.7976684574,-0.0221252441,0.0013563368,0.1468424479,-0.0000434028
557724.7900230139,0.0302124023,9.7998046878,-0.0134277344,-0.0004340278,0.1475368924,-0.0000542535
557724.8000230140,0.0314331055,9.7952270511,-0.0306701660,0.0012695312,0.1482747396,-0.0000542535
557724.8100230140,0.0297546387,9.7993469241,-0.0109863281,0.0006618924,0.1495225694,-0.0000542535
557724.8200230140,0.0285339355,9.7981262210,-0.0238037109,-0.0001953125,0.1502604167,-0.0000542535
557724.8300230140,0.0297546387,9.7956848148,-0.0273132324,0.0016384549,0.1511067708,-0.0000542535
557724.8400230140,0.0302124023,9.8004150394,-0.0091552734,-0.0002604167,0.1521375868,-0.0000868056
557724.8500230140,0.0315856934,9.7956848148,-0.0329589844,0.0007921007,0.1527777778,-0.0000759549
557724.8600230140,0.0286865234,9.7984313968,-0.0167846680,0.0011501736,0.1536349826,-0.0000325521
557724.8700230140,0.0286865234,9.7993469241,-0.0172424316,-0.0004231771,0.1547092014,-0.0000542535
557724.8800230140,0.0309753418,9.7953796390,-0.0318908691,0.0015516493,0.1547743055,-0.0000325521
557724.8900230140,0.0321960449,9.8005676273,-0.0064086914,0.0001844618,0.1565212674,-0.0000759549
557724.9000230141,0.0292968750,9.7962951663,-0.0274658203,0.0002712674,0.1571289062,-0.0000759549
557724.9100230139,0.0288391113,9.7967529300,-0.0234985352,0.0014865451,0.1579210069,-0.0000651042
557724.9200230140,0.0300598145,9.8001098636,-0.0112915039,-0.0003797743,0.1593750000,-0.0000651042
557724.9300230140,0.0302124023,9.7953796390,-0.0331115723,0.0012044271,0.1595703125,-0.0000542535
557724.9400230140,0.0300598145,9.7988891605,-0.0106811523,0.0007921007,0.1604383680,-0.0000651042
557724.9500230140,0.0302124023,9.7976684574,-0.0212097168,-0.0001519097,0.1619357639,-0.0000651042
557724.9600230140,0.0296020508,9.7964477542,-0.0296020508,0.0016493056,0.1621093750,-0.0000651042
557724.9700230140,0.0302124023,9.7996520999,-0.0085449219,-0.0000542535,0.1632921007,-0.0000759549
557724.9800230140,0.0312805176,9.7959899906,-0.0311279297,0.0005859375,0.1644531250,-0.0000651042
557724.9900230140,0.0308227539,9.7982788089,-0.0193786621,0.0014214410,0.1646918403,-0.0000434028
557725.0000230140,0.0294494629,9.7993469241,-0.0129699707,-0.0003689236,0.1661349826,-0.0000759549
557725.0100230140,0.0283813477,9.7958374027,-0.0334167480,0.0013780382,0.1671115451,-0.0000651042
557725.0200230140,0.0312805176,9.7998046878,-0.0090026855,0.0006293403,0.1673502604,-0.0000542535
557725.0300230141,0.0309753418,9.7975158695,-0.0239562988,-0.0000325521,0.1687174479,-0.0000868056
557725.0400230139,0.0303649902,9.7961425784,-0.0279235840,0.0016710069,0.1693142361,-0.0000651042
557725.0500230140,0.0296020508,9.8010253909,-0.0077819824,-0.0001736111,0.1701714410,-0.0000542535
557725.0600230140,0.0289916992,9.7953796390,-0.0326538086,0.0008463542,0.1712131076,-0.0000651042
557725.0700230140,0.0306701660,9.7984313968,-0.0163269043,0.0012478299,0.1717990451,-0.0000542535
557725.0800230140,0.0306701660,9.7991943363,-0.0163269043,-0.0003146701,0.1729383680,-0.0000651042
557725.0900230140,0.0305175781,9.7956848148,-0.0314331055,0.0015190972,0.1740234375,-0.0000759549
557725.1000230140,0.0288391113,9.8001098636,-0.0094604492,0.0004231771,0.1743164062,-0.0000651042
557725.1100230140,0.0300598145,9.7966003421,-0.0270080566,0.0001953125,0.1755967882,-0.0000759549
557725.1200230140,0.0302124023,9.7975158695,-0.0247192383,0.0016384549,0.1757486979,-0.0000542535
557725.1300230140,0.0292968750,9.7993469241,-0.0115966797,-0.0002170139,0.1751410590,-0.0000651042
557725.1400230140,0.0282287598,9.7958374027,-0.0331115723,0.0010633681,0.1745876736,-0.0000759549
557725.1500230141,0.0289916992,9.7987365726,-0.0152587891,0.0010091146,0.1742947049,-0.0000651042
557725.1600230139,0.0302124023,9.7984313968,-0.0212097168,-0.0001953125,0.1741427951,-0.0000868056
557725.1700230140,0.0297546387,9.7961425784,-0.0305175781,0.0016384549,0.1741861979,-0.0000651042
557725.1800230140,0.0294494629,9.8005676273,-0.0097656250,0.0001085069,0.1742730035,-0.0000759549
557725.1900230140,0.0294494629,9.7964477542,-0.0300598145,0.0005642361,0.1742730035,-0.0000542535
557725.2000230140,0.0302124023,9.7979736331,-0.0199890137,0.0014865451,0.1742838542,-0.0000434028
557725.2100230140,0.0303649902,9.7996520999,-0.0155639648,-0.0003146701,0.1743055555,-0.0000759549
557725.2200230140,0.0294494629,9.7953796390,-0.0347900391,0.0013780382,0.1742404514,-0.0000868056
557725.2300230140,0.0299072266,9.7996520999,-0.0114440918,0.0006618924,0.1743164062,-0.0000651042
557725.2400230140,0.0291442871,9.7972106937,-0.0247192383,0.0000000000,0.1744032118,-0.0000868056
557725.2500230140,0.0299072266,9.7962951663,-0.0277709961,0.0016710069,0.1743164062,-0.0000542535
557725.2600230140,0.0300598145,9.8005676273,-0.0105285645,-0.0001085069,0.1743923611,-0.0000651042
557725.2700230140,0.0294494629,9.7956848148,-0.0312805176,0.0009114583,0.1744140625,-0.0000868056
557725.2800230141,0.0288391113,9.7988891605,-0.0172424316,0.0012261285,0.1742838542,-0.0000759549
557725.2900230139,0.0294494629,9.7990417484,-0.0178527832,-0.0003146701,0.1743164062,-0.0000651042
557725.3000230140,0.0299072266,9.7955322269,-0.0321960449,0.0015516493,0.1743272569,-0.0000868056
557725.3100230140,0.0294494629,9.8007202152,-0.0096130371,0.0003255208,0.1743598090,-0.0000868056
557725.3200230140,0.0297546387,9.7962951663,-0.0282287598,0.0003363715,0.1743381076,-0.0000759549
557725.3300230140,0.0300598145,9.7970581058,-0.0234985352,0.0015842014,0.1743489583,-0.0000542535
557725.3400230140,0.0292968750,9.7994995120,-0.0134277344,-0.0003038194,0.1743923611,-0.0000759549
557725.3500230140,0.0292968750,9.7956848148,-0.0335693359,0.0012586806,0.1742947049,-0.0000759549
557725.3600230140,0.0302124023,9.7999572757,-0.0126647949,0.0008355035,0.1743598090,-0.0000868056
557725.3700230140,0.0303649902,9.7979736331,-0.0219726563,-0.0000976562,0.1744683160,-0.0000759549
557725.3800230140,0.0297546387,9.7959899906,-0.0297546387,0.0016601562,0.1743923611,-0.0000651042
557725.3900230140,0.0299072266,9.7999572757,-0.0096130371,0.0000108507,0.1744791667,-0.0000651042
557725.4000230141,0.0296020508,9.7953796390,-0.0315856934,0.0006944444,0.1744900174,-0.0000325521
557725.4100230139,0.0300598145,9.7982788089,-0.0193786621,0.0013563368,0.1744574653,-0.0000434028
557725.4200230140,0.0300598145,9.7993469241,-0.0158691406,-0.0003038194,0.1744791667,-0.0000759549
557725.4300230140,0.0294494629,9.7956848148,-0.0338745117,0.0014648437,0.1744574653,-0.0000542535
557725.4400230140,0.0300598145,9.7999572757,-0.0102233887,0.0004665799,0.1744249132,-0.0000759549
557725.4500230140,0.0303649902,9.7973632816,-0.0265502930,0.0001193576,0.1745334201,-0.0000759549
557725.4600230140,0.0305175781,9.7970581058,-0.0265502930,0.0016601562,0.1744032118,-0.0000542535
557725.4700230140,0.0294494629,9.7998046878,-0.0105285645,-0.0001627604,0.1745008680,-0.0000651042
557725.4800230140,0.0289916992,9.7953796390,-0.0338745117,0.0010199653,0.1744683160,-0.0000651042
557725.4900230140,0.0297546387,9.7988891605,-0.0154113770,0.0010959201,0.1744140625,-0.0000868056
557725.5000230140,0.0300598145,9.7981262210,-0.0183105469,-0.0002712674,0.1745117187,-0.0000868056
557725.5100230140,0.0296020508,9.7956848148,-0.0314331055,0.0016384549,0.1744140625,-0.0000651042
557725.5200230140,0.0297546387,9.8005676273,-0.0094604492,0.0002495660,0.1745008680,-0.0000759549
557725.5300230141,0.0297546387,9.7964477542,-0.0300598145,0.0004123264,0.1745876736,-0.0000759549
557725.5400230139,0.0294494629,9.7972106937,-0.0228881836,0.0015190972,0.1744900174,-0.0000759549
557725.5500230140,0.0297546387,9.7996520999,-0.0129699707,-0.0002712674,0.1744683160,-0.0000868056
557725.5600230140,0.0300598145,9.7956848148,-0.0334167480,0.0012912326,0.1744574653,-0.0000868056
557725.5700230140,0.0297546387,9.7998046878,-0.0126647949,0.0007595486,0.1744683160,-0.0000868056
557725.5800230140,0.0297546387,9.7976684574,-0.0241088867,-0.0000217014,0.1745117187,-0.0000759549
557725.5900230140,0.0299072266,9.7966003421,-0.0289916992,0.0016384549,0.1744683160,-0.0000651042
557725.6000230140,0.0305175781,9.8002624515,-0.0103759766,-0.0000651042,0.1744683160,-0.0000759549
557725.6100230140,0.0292968750,9.7962951663,-0.0312805176,0.0008897569,0.1744791667,-0.0000759549
557725.6200230140,0.0297546387,9.7985839847,-0.0166320801,0.0011935764,0.1744791667,-0.0000542535
557725.6300230140,0.0300598145,9.7990417484,-0.0196838379,-0.0003038194,0.1744900174,-0.0000868056
557725.6400230150,0.0299072266,9.7952270511,-0.0320434570,0.0015625000,0.1744574653,-0.0000651042
557725.6500230150,0.0302124023,9.8004150394,-0.0090026855,0.0002712674,0.1745659722,-0.0000651042
557725.6600230150,0.0283813477,9.7966003421,-0.0296020508,0.0004231771,0.1745876736,-0.0000651042
557725.6700230150,0.0294494629,9.7979736331,-0.0233459473,0.0014756944,0.1745442708,-0.0000868056
557725.6800230150,0.0302124023,9.7994995120,-0.0149536133,-0.0002604167,0.1745442708,-0.0000759549
557725.6900230150,0.0303649902,9.7952270511,-0.0323486328,0.0013020833,0.1744900174,-0.0000868056
557725.7000230150,0.0297546387,9.7998046878,-0.0119018555,0.0006727431,0.1745008680,-0.0000868056
557725.7100230150,0.0289916992,9.7976684574,-0.0259399414,0.0000325521,0.1745117187,-0.0000759549
557725.7200230150,0.0296020508,9.7969055179,-0.0265502930,0.0016276042,0.1745008680,-0.0000651042
557725.7300230151,0.0308227539,9.7999572757,-0.0108337402,-0.0000976562,0.1744574653,-0.0000759549
557725.7400230150,0.0302124023,9.7956848148,-0.0320434570,0.0009657118,0.1743923611,-0.0000976562
557725.7500230150,0.0297546387,9.7988891605,-0.0167846680,0.0011393229,0.1744683160,-0.0000759549
557725.7600230150,0.0297546387,9.7985839847,-0.0202941895,-0.0003038194,0.1745117187,-0.0000759549
557725.7700230150,0.0299072266,9.7953796390,-0.0312805176,0.0016059028,0.1745442708,-0.0000651042
557725.7800230150,0.0306701660,9.8004150394,-0.0093078613,0.0002604167,0.1745768229,-0.0000759549
557725.7900230150,0.0286865234,9.7959899906,-0.0294494629,0.0003797743,0.1745334201,-0.0000651042
557725.8000230150,0.0297546387,9.7975158695,-0.0234985352,0.0015733507,0.1745551215,-0.0000868056
557725.8100230150,0.0302124023,9.7996520999,-0.0131225586,-0.0003038194,0.1745551215,-0.0000651042
557725.8200230150,0.0299072266,9.7950744632,-0.0343322754,0.0012152778,0.1744900174,-0.0000759549
557725.8300230150,0.0294494629,9.8002624515,-0.0131225586,0.0008680556,0.1745225694,-0.0000976562
557725.8400230150,0.0288391113,9.7981262210,-0.0221252441,-0.0001627604,0.1744791667,-0.0000759549
557725.8500230151,0.0311279297,9.7962951663,-0.0296020508,0.0016927083,0.1745659722,-0.0000651042
557725.8600230149,0.0294494629,9.7998046878,-0.0094604492,0.0000759549,0.1744791667,-0.0000759549
557725.8700230150,0.0291442871,9.7964477542,-0.0314331055,0.0005967882,0.1744249132,-0.0000651042
557725.8800230150,0.0308227539,9.7978210452,-0.0198364258,0.0014431424,0.1745117187,-0.0000868056
557725.8900230150,0.0303649902,9.7998046878,-0.0144958496,-0.0003580729,0.1745659722,-0.0001085069
557725.9000230150,0.0289916992,9.7953796390,-0.0343322754,0.0014431424,0.1744683160,-0.0000542535
557725.9100230150,0.0300598145,9.8004150394,-0.0122070313,0.0005750868,0.1745551215,-0.0000759549
557725.9200230150,0.0296020508,9.7972106937,-0.0250244141,0.0000542535,0.1744466146,-0.0000759549
557725.9300230150,0.0300598145,9.7966003421,-0.0260925293,0.0017361111,0.1744791667,-0.0000651042
557725.9400230150,0.0297546387,9.8002624515,-0.0108337402,-0.0001736111,0.1745659722,-0.0000759549
557725.9500230150,0.0288391113,9.7958374027,-0.0354003906,0.0009765625,0.1744574653,-0.0000868056
557725.9600230150,0.0308227539,9.7985839847,-0.0167846680,0.0011284722,0.1745659722,-0.0000759549
557725.9700230150,0.0315856934,9.7985839847,-0.0175476074,-0.0003255208,0.1746202257,-0.0000759549
557725.9800230151,0.0292968750,9.7962951663,-0.0320434570,0.0016384549,0.1744683160,-0.0000868056
557725.9900230150,0.0280761719,9.7998046878,-0.0105285645,0.0002929687,0.1745659722,-0.0000542535
557726.0000230150,0.0302124023,9.7966003421,-0.0286865234,0.0003255208,0.1745551215,-0.0000651042
557726.0100230150,0.0315856934,9.7975158695,-0.0239562988,0.0016167535,0.1747504340,-0.0000868056
557726.0200230150,0.0296020508,9.7998046878,-0.0126647949,-0.0003038194,0.1745117187,-0.0000976562
557726.0300230150,0.0273132324,9.7958374027,-0.0334167480,0.0011935764,0.1745225694,-0.0000868056
557726.0400230150,0.0297546387,9.7998046878,-0.0140380859,0.0008789062,0.1744466146,-0.0000651042
557726.0500230150,0.0320434570,9.7984313968,-0.0216674805,-0.0001519097,0.1745985243,-0.0000976562
557726.0600230150,0.0312805176,9.7962951663,-0.0300598145,0.0016927083,0.1745334201,-0.0000651042
557726.0700230150,0.0277709961,9.8002624515,-0.0096130371,0.0000217014,0.1744249132,-0.0000868056
557726.0800230150,0.0291442871,9.7962951663,-0.0318908691,0.0006618924,0.1746093750,-0.0000651042
557726.0900230150,0.0314331055,9.7981262210,-0.0190734863,0.0013563368,0.1745442708,-0.0000759549
557726.1000230151,0.0305175781,9.7996520999,-0.0161743164,-0.0003255208,0.1745876736,-0.0000976562
557726.1100230149,0.0285339355,9.7950744632,-0.0332641602,0.0014539931,0.1745876736,-0.0000759549
557726.1200230150,0.0285339355,9.7998046878,-0.0111389160,0.0005208333,0.1745334201,-0.0000759549
557726.1300230150,0.0312805176,9.7972106937,-0.0265502930,0.0001193576,0.1745442708,-0.0000651042
557726.1400230150,0.0311279297,9.7972106937,-0.0250244141,0.0016710069,0.1744791667,-0.0000868056
557726.1500230150,0.0300598145,9.7999572757,-0.0122070313,-0.0001736111,0.1745551215,-0.0000976562
557726.1600230150,0.0292968750,9.7949218753,-0.0335693359,0.0010199653,0.1745008680,-0.0000976562
557726.1700230150,0.0303649902,9.7991943363,-0.0151062012,0.0010091146,0.1745551215,-0.0000759549
557726.1800230150,0.0312805176,9.7982788089,-0.0213623047,-0.0001844618,0.1745551215,-0.0000759549
557726.1900230150,0.0297546387,9.7961425784,-0.0314331055,0.0016927083,0.1744574653,-0.0000651042
557726.2000230150,0.0292968750,9.8004150394,-0.0099182129,0.0000976562,0.1745659722,-0.0000759549
557726.2100230150,0.0299072266,9.7959899906,-0.0305175781,0.0006076389,0.1744791667,-0.0000651042
557726.2200230150,0.0305175781,9.7981262210,-0.0196838379,0.0014322917,0.1745008680,-0.0000868056
557726.2300230151,0.0302124023,9.7996520999,-0.0154113770,-0.0003255208,0.1746744792,-0.0001193576
557726.2400230150,0.0291442871,9.7949218753,-0.0340270996,0.0014105903,0.1744900174,-0.0000542535
557726.2500230150,0.0308227539,9.7998046878,-0.0109863281,0.0005533854,0.1745225694,-0.0000651042
557726.2600230150,0.0302124023,9.7970581058,-0.0268554688,0.0001193576,0.1745659722,-0.0000651042
557726.2700230150,0.0306701660,9.7966003421,-0.0259399414,0.0016927083,0.1744683160,-0.0000651042
557726.2800230150,0.0289916992,9.8004150394,-0.0106811523,-0.0001736111,0.1745659722,-0.0000976562
557726.2900230150,0.0302124023,9.7950744632,-0.0337219238,0.0009765625,0.1745551215,-0.0000759549
557726.3000230150,0.0311279297,9.7987365726,-0.0158691406,0.0010959201,0.1745768229,-0.0000976562
557726.3100230150,0.0299072266,9.7988891605,-0.0193786621,-0.0002821181,0.1745334201,-0.0000868056
557726.3200230150,0.0294494629,9.7952270511,-0.0323486328,0.0016601562,0.1745768229,-0.0000651042
557726.3300230150,0.0294494629,9.7998046878,-0.0109863281,0.0002712674,0.1745008680,-0.0000868056
557726.3400230150,0.0305175781,9.7967529300,-0.0299072266,0.0004014757,0.1745008680,-0.0000759549
557726.3500230151,0.0317382813,9.7972106937,-0.0212097168,0.0015407986,0.1745551215,-0.0000976562
557726.3600230149,0.0297546387,9.7999572757,-0.0137329102,-0.0003038194,0.1745876736,-0.0001193576
557726.3700230150,0.0279235840,9.7956848148,-0.0355529785,0.0012695312,0.1745551215,-0.0000759549
557726.3800230150,0.0320434570,9.7996520999,-0.0125122070,0.0007595486,0.1746744792,-0.0000651042
557726.3900230150,0.0318908691,9.7982788089,-0.0230407715,-0.0000976562,0.1745442708,-0.0000868056
557726.4000230150,0.0292968750,9.7966003421,-0.0285339355,0.0017252604,0.1745225694,-0.0000868056
557726.4100230150,0.0288391113,9.8002624515,-0.0105285645,-0.0000108507,0.1746310764,-0.0000976562
557726.4200230150,0.0291442871,9.7958374027,-0.0326538086,0.0007703993,0.1745551215,-0.0000759549
557726.4300230150,0.0320434570,9.7988891605,-0.0190734863,0.0012261285,0.1745117187,-0.0000976562
557726.4400230150,0.0309753418,9.7998046878,-0.0166320801,-0.0003038194,0.1745985243,-0.0000868056
557726.4500230150,0.0282287598,9.7961425784,-0.0320434570,0.0015516493,0.1745659722,-0.0000976562
557726.4600230150,0.0285339355,9.8002624515,-0.0111389160,0.0003472222,0.1745442708,-0.0000651042
557726.4700230150,0.0314331055,9.7964477542,-0.0292968750,0.0003580729,0.1746419271,-0.0000651042
557726.4800230151,0.0315856934,9.7972106937,-0.0218200684,0.0015733507,0.1745442708,-0.0000976562
557726.4900230150,0.0297546387,9.7998046878,-0.0134277344,-0.0002821181,0.1745442708,-0.0000976562
557726.5000230150,0.0285339355,9.7953796390,-0.0358581543,0.0013020833,0.1745551215,-0.0000434028
557726.5100230150,0.0305175781,9.7996520999,-0.0134277344,0.0007595486,0.1745768229,-0.0000759549
557726.5200230150,0.0317382813,9.7978210452,-0.0216674805,-0.0001085069,0.1745442708,-0.0000868056
557726.5300230150,0.0303649902,9.7961425784,-0.0296020508,0.0017578125,0.1745334201,-0.0000868056
557726.5400230150,0.0288391113,9.7999572757,-0.0102233887,0.0000000000,0.1746310764,-0.0000976562
557726.5500230150,0.0299072266,9.7958374027,-0.0325012207,0.0005967882,0.1745876736,-0.0000759549
557726.5600230150,0.0315856934,9.7979736331,-0.0192260742,0.0014431424,0.1745768229,-0.0000976562
557726.5700230150,0.0308227539,9.7991943363,-0.0163269043,-0.0003363715,0.1745876736,-0.0000976562
557726.5800230150,0.0291442871,9.7959899906,-0.0341796875,0.0014105903,0.1745659722,-0.0000868056
557726.5900230150,0.0291442871,9.7994995120,-0.0109863281,0.0005750868,0.1744791667,-0.0000868056
557726.6000230151,0.0306701660,9.7975158695,-0.0257873535,0.0000976562,0.1745334201,-0.0000759549
557726.6100230149,0.0318908691,9.7969055179,-0.0257873535,0.0016710069,0.1745551215,-0.0001085069
557726.6200230150,0.0291442871,9.8004150394,-0.0119018555,-0.0001844618,0.1745551215,-0.0000868056
557726.6300230150,0.0286865234,9.7953796390,-0.0343322754,0.0010199653,0.1746310764,-0.0000868056
557726.6400230150,0.0305175781,9.7988891605,-0.0141906738,0.0010416667,0.1745985243,-0.0000651042
557726.6500230150,0.0317382813,9.7987365726,-0.0202941895,-0.0002278646,0.1746527778,-0.0000868056
557726.6600230150,0.0306701660,9.7956848148,-0.0317382813,0.0016927083,0.1746527778,-0.0000868056
557726.6700230150,0.0297546387,9.7998046878,-0.0105285645,0.0001410590,0.1745985243,-0.0000868056
557726.6800230150,0.0303649902,9.7964477542,-0.0294494629,0.0005533854,0.1749457465,-0.0000868056
557726.6900230150,0.0309753418,9.7976684574,-0.0210571289,0.0014105903,0.1745985243,-0.0000868056
557726.7000230150,0.0305175781,9.7990417484,-0.0152587891,-0.0003255208,0.1746310764,-0.0000759549
557726.7100230160,0.0302124023,9.7950744632,-0.0344848633,0.0014539931,0.1745008680,-0.0000976562
557726.7200230160,0.0302124023,9.8001098636,-0.0106811523,0.0005316840,0.1744574653,-0.0000868056
557726.7300230160,0.0299072266,9.7972106937,-0.0260925293,0.0001085069,0.1745551215,-0.0000868056
557726.7400230160,0.0306701660,9.7969055179,-0.0276184082,0.0017469618,0.1745334201,-0.0000976562
557726.7500230160,0.0297546387,9.8002624515,-0.0119018555,-0.0001844618,0.1744900174,-0.0000868056
557726.7600230160,0.0302124023,9.7956848148,-0.0335693359,0.0008789062,0.1745768229,-0.0000976562
557726.7700230160,0.0305175781,9.7985839847,-0.0149536133,0.0012369792,0.1745876736,-0.0000868056
557726.7800230160,0.0297546387,9.7984313968,-0.0178527832,-0.0003255208,0.1745334201,-0.0000759549
557726.7900230160,0.0299072266,9.7952270511,-0.0343322754,0.0015842014,0.1746202257,-0.0000542535
557726.8000230161,0.0314331055,9.7999572757,-0.0096130371,0.0004014757,0.1746419271,-0.0001085069
557726.8100230159,0.0300598145,9.7970581058,-0.0274658203,0.0002495660,0.1745768229,-0.0000868056
557726.8200230160,0.0302124023,9.7969055179,-0.0244140625,0.0016601562,0.1745876736,-0.0000868056
557726.8300230160,0.0302124023,9.7998046878,-0.0123596191,-0.0002495660,0.1746527778,-0.0000976562
557726.8400230160,0.0299072266,9.7952270511,-0.0347900391,0.0010633681,0.1745876736,-0.0000759549
557726.8500230160,0.0311279297,9.7985839847,-0.0144958496,0.0010416667,0.1744249132,-0.0000868056
557726.8600230160,0.0300598145,9.7990417484,-0.0204467773,-0.0002170139,0.1745876736,-0.0000976562
557726.8700230160,0.0300598145,9.7956848148,-0.0325012207,0.0016601562,0.1744791667,-0.0000868056
557726.8800230160,0.0303649902,9.8002624515,-0.0108337402,0.0001953125,0.1745008680,-0.0000868056
557726.8900230160,0.0305175781,9.7966003421,-0.0296020508,0.0004014757,0.1745442708,-0.0000759549
557726.9000230160,0.0305175781,9.7976684574,-0.0219726563,0.0015407986,0.1745117187,-0.0000976562
557726.9100230160,0.0303649902,9.7990417484,-0.0143432617,-0.0003038194,0.1745334201,-0.0000868056
557726.9200230160,0.0297546387,9.7952270511,-0.0349426270,0.0012912326,0.1745442708,-0.0000868056
557726.9300230159,0.0308227539,9.8001098636,-0.0131225586,0.0007595486,0.1745551215,-0.0000651042
557726.9400230160,0.0309753418,9.7973632816,-0.0239562988,0.0000000000,0.1746202257,-0.0000868056
557726.9500230160,0.0297546387,9.7964477542,-0.0283813477,0.0016601562,0.1745768229,-0.0000868056
557726.9600230160,0.0294494629,9.7999572757,-0.0123596191,-0.0000651042,0.1745876736,-0.0000868056
557726.9700230160,0.0308227539,9.7956848148,-0.0314331055,0.0008789062,0.1745225694,-0.0000759549
557726.9800230160,0.0315856934,9.7985839847,-0.0167846680,0.0011501736,0.1746093750,-0.0000868056
557726.9900230160,0.0306701660,9.7982788089,-0.0201416016,-0.0001953125,0.1745659722,-0.0000868056
557727.0000230160,0.0285339355,9.7956848148,-0.0320434570,0.0015842014,0.1745008680,-0.0000976562
557727.0100230160,0.0309753418,9.7994995120,-0.0088500977,0.0003255208,0.1748697917,-0.0000868056
557727.0200230160,0.0325012207,9.7967529300,-0.0288391113,0.0003472222,0.1745117187,-0.0000868056
557727.0300230160,0.0303649902,9.7969055179,-0.0247192383,0.0016276042,0.1745768229,-0.0001085069
557727.0400230160,0.0289916992,9.7999572757,-0.0131225586,-0.0003363715,0.1745551215,-0.0000868056
557727.0500230161,0.0300598145,9.7952270511,-0.0346374512,0.0012261285,0.1745551215,-0.0000759549
557727.0600230159,0.0312805176,9.7996520999,-0.0138854980,0.0009331597,0.1745117187,-0.0000868056
557727.0700230160,0.0312805176,9.7985839847,-0.0228881836,-0.0001736111,0.1745876736,-0.0000976562
557727.0800230160,0.0297546387,9.7958374027,-0.0308227539,0.0017144097,0.1745225694,-0.0000976562
557727.0900230160,0.0292968750,9.8002624515,-0.0096130371,0.0000217014,0.1745008680,-0.0000976562
557727.1000230160,0.0306701660,9.7969055179,-0.0317382813,0.0006510417,0.1745659722,-0.0000868056
557727.1100230160,0.0321960449,9.7987365726,-0.0199890137,0.0013563368,0.1745225694,-0.0000868056
557727.1200230160,0.0305175781,9.7994995120,-0.0170898438,-0.0003038194,0.1745117187,-0.0000868056
557727.1300230160,0.0297546387,9.7956848148,-0.0341796875,0.0014756944,0.1745876736,-0.0000868056
557727.1400230160,0.0297546387,9.7999572757,-0.0097656250,0.0005533854,0.1745876736,-0.0000759549
557727.1500230160,0.0309753418,9.7967529300,-0.0265502930,0.0001085069,0.1745442708,-0.0000976562
557727.1600230160,0.0308227539,9.7976684574,-0.0279235840,0.0016276042,0.1745225694,-0.0000976562
557727.1700230160,0.0300598145,9.7998046878,-0.0111389160,-0.0001627604,0.1745876736,-0.0000976562
557727.1800230159,0.0294494629,9.7953796390,-0.0332641602,0.0009657118,0.1744574653,-0.0000868056
557727.1900230160,0.0318908691,9.7985839847,-0.0157165527,0.0011284722,0.1745768229,-0.0000976562
557727.2000230160,0.0311279297,9.7988891605,-0.0198364258,-0.0002170139,0.1746202257,-0.0000976562
557727.2100230160,0.0296020508,9.7961425784,-0.0332641602,0.0016384549,0.1745659722,-0.0001085069
557727.2200230160,0.0297546387,9.7998046878,-0.0102233887,0.0002061632,0.1745876736,-0.0000976562
557727.2300230160,0.0318908691,9.7961425784,-0.0296020508,0.0004231771,0.1746744792,-0.0000868056
557727.2400230160,0.0314331055,9.7973632816,-0.0218200684,0.0014756944,0.1745008680,-0.0000976562
557727.2500230160,0.0297546387,9.7996520999,-0.0152587891,-0.0002495660,0.1745008680,-0.0000868056
557727.2600230160,0.0291442871,9.7952270511,-0.0337219238,0.0013129340,0.1745985243,-0.0000868056
557727.2700230160,0.0312805176,9.7993469241,-0.0120544434,0.0007703993,0.1745117187,-0.0000868056
557727.2800230160,0.0317382813,9.7979736331,-0.0245666504,-0.0000542535,0.1745334201,-0.0000976562
557727.2900230160,0.0299072266,9.7961425784,-0.0294494629,0.0017469618,0.1744900174,-0.0000868056
557727.3000230161,0.0296020508,9.8010253909,-0.0106811523,-0.0000651042,0.1746636285,-0.0000868056
557727.3100230159,0.0305175781,9.7961425784,-0.0323486328,0.0007378472,0.1745442708,-0.0000868056
557727.3200230160,0.0315856934,9.7984313968,-0.0180053711,0.0013020833,0.1745008680,-0.0000868056
557727.3300230160,0.0305175781,9.7988891605,-0.0173950195,-0.0002712674,0.1745659722,-0.0001193576
557727.3400230160,0.0296020508,9.7961425784,-0.0340270996,0.0015190972,0.1745985243,-0.0000976562
557727.3500230160,0.0308227539,9.7999572757,-0.0109863281,0.0004557292,0.1745876736,-0.0000759549
557727.3600230160,0.0315856934,9.7970581058,-0.0271606445,0.0001953125,0.1745768229,-0.0000868056
557727.3700230160,0.0312805176,9.7972106937,-0.0244140625,0.0015733507,0.1745876736,-0.0000976562
557727.3800230160,0.0289916992,9.7994995120,-0.0123596191,-0.0001953125,0.1746310764,-0.0000868056
557727.3900230160,0.0294494629,9.7953796390,-0.0335693359,0.0011176215,0.1745442708,-0.0000759549
557727.4000230160,0.0321960449,9.7996520999,-0.0137329102,0.0009765625,0.1745442708,-0.0000868056
557727.4100230160,0.0312805176,9.7978210452,-0.0225830078,-0.0001085069,0.1746527778,-0.0001193576
557727.4200230160,0.0296020508,9.7955322269,-0.0309753418,0.0016601562,0.1744574653,-0.0000976562
557727.4300230159,0.0306701660,9.8005676273,-0.0105285645,0.0000542535,0.1744683160,-0.0000868056
557727.4400230160,0.0306701660,9.7959899906,-0.0306701660,0.0005859375,0.1745876736,-0.0000651042
557727.4500230160,0.0308227539,9.7981262210,-0.0209045410,0.0014648437,0.1745768229,-0.0000868056
557727.4600230160,0.0305175781,9.7994995120,-0.0166320801,-0.0003363715,0.1746527778,-0.0000868056
557727.4700230160,0.0300598145,9.7950744632,-0.0341796875,0.0013888889,0.1746093750,-0.0000868056
557727.4800230160,0.0314331055,9.7996520999,-0.0115966797,0.0006401910,0.1746636285,-0.0000868056
557727.4900230160,0.0305175781,9.7979736331,-0.0260925293,0.0000868056,0.1746419271,-0.0000976562
557727.5000230160,0.0308227539,9.7967529300,-0.0273132324,0.0016384549,0.1744683160,-0.0000976562
557727.5100230160,0.0300598145,9.7998046878,-0.0119018555,-0.0001953125,0.1745659722,-0.0000868056
557727.5200230160,0.0305175781,9.7953796390,-0.0335693359,0.0010416667,0.1745768229,-0.0000759549
557727.5300230160,0.0318908691,9.7985839847,-0.0148010254,0.0011067708,0.1745442708,-0.0000976562
557727.5400230160,0.0302124023,9.7985839847,-0.0209045410,-0.0002278646,0.1745551215,-0.0000976562
557727.5500230161,0.0302124023,9.7958374027,-0.0320434570,0.0016384549,0.1745768229,-0.0000868056
557727.5600230159,0.0303649902,9.7999572757,-0.0090026855,0.0001844618,0.1745551215,-0.0000759549
557727.5700230160,0.0311279297,9.7964477542,-0.0292968750,0.0004123264,0.1745334201,-0.0000976562
557727.5800230160,0.0314331055,9.7975158695,-0.0231933594,0.0015516493,0.1745442708,-0.0000976562
557727.5900230160,0.0305175781,9.7993469241,-0.0148010254,-0.0003038194,0.1745117187,-0.0000976562
557727.6000230160,0.0299072266,9.7953796390,-0.0334167480,0.0013454861,0.1745659722,-0.0000976562
557727.6100230160,0.0311279297,9.7994995120,-0.0123596191,0.0007161458,0.1746093750,-0.0000976562
557727.6200230160,0.0311279297,9.7973632816,-0.0248718262,0.0000000000,0.1746419271,-0.0000976562
557727.6300230160,0.0306701660,9.7966003421,-0.0279235840,0.0016927083,0.1745659722,-0.0000651042
557727.6400230160,0.0302124023,9.8007202152,-0.0102233887,-0.0001302083,0.1746419271,-0.0000868056
557727.6500230160,0.0303649902,9.7953796390,-0.0337219238,0.0008897569,0.1746744792,-0.0000976562
557727.6600230160,0.0311279297,9.7988891605,-0.0172424316,0.0012044271,0.1746636285,-0.0000868056
557727.6700230160,0.0308227539,9.7990417484,-0.0192260742,-0.0002495660,0.1745659722,-0.0000976562
557727.6800230159,0.0308227539,9.7952270511,-0.0314331055,0.0016167535,0.1744900174,-0.0001085069
557727.6900230160,0.0303649902,9.8001098636,-0.0114440918,0.0002821181,0.1744900174,-0.0000868056
557727.7000230160,0.0309753418,9.7964477542,-0.0309753418,0.0003255208,0.1746093750,-0.0000976562
557727.7100230160,0.0312805176,9.7973632816,-0.0234985352,0.0015842014,0.1745442708,-0.0000868056
557727.7200230160,0.0306701660,9.7999572757,-0.0115966797,-0.0003038194,0.1746527778,-0.0000976562
557727.7300230160,0.0305175781,9.7952270511,-0.0355529785,0.0012912326,0.1745442708,-0.0001085069
557727.7400230160,0.0305175781,9.8002624515,-0.0134277344,0.0008355035,0.1745768229,-0.0001085069
557727.7500230160,0.0315856934,9.7978210452,-0.0218200684,-0.0001085069,0.1745768229,-0.0001193576
557727.7600230160,0.0306701660,9.7947692874,-0.0299072266,0.0017252604,0.1744683160,-0.0000868056
557727.7700230160,0.0300598145,9.7999572757,-0.0111389160,0.0000217014,0.1745876736,-0.0000976562
557727.7800230170,0.0305175781,9.7952270511,-0.0329589844,0.0006727431,0.1747178819,-0.0000868056
557727.7900230170,0.0302124023,9.7984313968,-0.0184631348,0.0013563368,0.1746419271,-0.0000976562
557727.8000230170,0.0317382813,9.7994995120,-0.0154113770,-0.0003146701,0.1746419271,-0.0001193576
557727.8100230170,0.0309753418,9.7953796390,-0.0341796875,0.0015516493,0.1745117187,-0.0000976562
557727.8200230170,0.0296020508,9.7996520999,-0.0125122070,0.0005208333,0.1744249132,-0.0001085069
557727.8300230170,0.0302124023,9.7976684574,-0.0276184082,0.0000868056,0.1744900174,-0.0000868056
557727.8400230170,0.0314331055,9.7972106937,-0.0263977051,0.0016601562,0.1744900174,-0.0000868056
557727.8500230170,0.0326538086,9.7991943363,-0.0105285645,-0.0001627604,0.1745876736,-0.0001193576
557727.8600230170,0.0303649902,9.7953796390,-0.0352478027,0.0009765625,0.1745225694,-0.0000976562
557727.8700230171,0.0303649902,9.7993469241,-0.0158691406,0.0011501736,0.1745442708,-0.0000976562
557727.8800230169,0.0297546387,9.7994995120,-0.0187683105,-0.0003363715,0.1746527778,-0.0000976562
557727.8900230170,0.0315856934,9.7953796390,-0.0325012207,0.0016384549,0.1745008680,-0.0000868056
557727.9000230170,0.0314331055,9.8002624515,-0.0099182129,0.0003363715,0.1745442708,-0.0000976562
557727.9100230170,0.0300598145,9.7973632816,-0.0306701660,0.0002604167,0.1746744792,-0.0000868056
557727.9200230170,0.0296020508,9.7970581058,-0.0244140625,0.0016493056,0.1746744792,-0.0000868056
557727.9300230170,0.0321960449,9.7996520999,-0.0102233887,-0.0002604167,0.1746636285,-0.0000976562
557727.9400230170,0.0315856934,9.7958374027,-0.0343322754,0.0011935764,0.1745768229,-0.0001085069
557727.9500230170,0.0300598145,9.7991943363,-0.0157165527,0.0009657118,0.1745225694,-0.0000759549
557727.9600230170,0.0299072266,9.7987365726,-0.0219726563,-0.0002278646,0.1744791667,-0.0000976562
557727.9700230170,0.0315856934,9.7956848148,-0.0305175781,0.0016927083,0.1744574653,-0.0000868056
557727.9800230170,0.0318908691,9.8002624515,-0.0093078613,0.0001085069,0.1744900174,-0.0000976562
557727.9900230170,0.0305175781,9.7961425784,-0.0318908691,0.0005859375,0.1745659722,-0.0000976562
557728.0000230171,0.0303649902,9.7975158695,-0.0205993652,0.0014539931,0.1744900174,-0.0000976562
557728.0100230169,0.0317382813,9.7996520999,-0.0154113770,-0.0003255208,0.1749023437,-0.0001193576
557728.0200230170,0.0308227539,9.7950744632,-0.0358581543,0.0014539931,0.1744574653,-0.0001085069
557728.0300230170,0.0308227539,9.8001098636,-0.0125122070,0.0006076389,0.1745551215,-0.0000868056
557728.0400230170,0.0308227539,9.7978210452,-0.0250244141,0.0000542535,0.1746636285,-0.0000976562
557728.0500230170,0.0317382813,9.7962951663,-0.0262451172,0.0017035590,0.1746636285,-0.0000976562
557728.0600230170,0.0312805176,9.8001098636,-0.0117492676,-0.0001302083,0.1746636285,-0.0001193576
557728.0700230170,0.0311279297,9.7958374027,-0.0355529785,0.0009657118,0.1745876736,-0.0001085069
557728.0800230170,0.0308227539,9.7990417484,-0.0167846680,0.0011935764,0.1745985243,-0.0001085069
557728.0900230170,0.0305175781,9.7981262210,-0.0189208984,-0.0003038194,0.1745334201,-0.0000868056
557728.1000230170,0.0315856934,9.7953796390,-0.0326538086,0.0016384549,0.1745551215,-0.0000651042
557728.1100230170,0.0314331055,9.8005676273,-0.0112915039,0.0002495660,0.1745768229,-0.0000976562
557728.1200230171,0.0300598145,9.7964477542,-0.0294494629,0.0003689236,0.1745876736,-0.0001085069
557728.1300230169,0.0297546387,9.7976684574,-0.0225830078,0.0015842014,0.1745876736,-0.0001085069
557728.1400230170,0.0321960449,9.7999572757,-0.0126647949,-0.0002712674,0.1746310764,-0.0001193576
557728.1500230170,0.0314331055,9.7950744632,-0.0363159180,0.0012912326,0.1745117187,-0.0001085069
557728.1600230170,0.0300598145,9.7996520999,-0.0137329102,0.0008355035,0.1745225694,-0.0000976562
557728.1700230170,0.0294494629,9.7972106937,-0.0221252441,-0.0001410590,0.1745551215,-0.0000868056
557728.1800230170,0.0321960449,9.7964477542,-0.0297546387,0.0017361111,0.1745334201,-0.0000868056
557728.1900230170,0.0332641602,9.7999572757,-0.0106811523,0.0000542535,0.1746853299,-0.0001085069
557728.2000230170,0.0303649902,9.7964477542,-0.0335693359,0.0006727431,0.1746419271,-0.0000976562
557728.2100230170,0.0299072266,9.7978210452,-0.0201416016,0.0013997396,0.1745659722,-0.0000976562
557728.2200230170,0.0312805176,9.7987365726,-0.0148010254,-0.0003146701,0.1745551215,-0.0001193576
557728.2300230170,0.0318908691,9.7955322269,-0.0341796875,0.0014648437,0.1745008680,-0.0001085069
557728.2400230170,0.0311279297,9.7996520999,-0.0128173828,0.0005425347,0.1745551215,-0.0000868056
557728.2500230171,0.0302124023,9.7970581058,-0.0263977051,0.0000868056,0.1745008680,-0.0000976562
557728.2600230169,0.0312805176,9.7973632816,-0.0254821777,0.0016927083,0.1745985243,-0.0000868056
557728.2700230170,0.0320434570,9.7996520999,-0.0112915039,-0.0000976562,0.1746636285,-0.0000976562
557728.2800230170,0.0314331055,9.7956848148,-0.0349426270,0.0009331597,0.1745117187,-0.0001085069
557728.2900230170,0.0308227539,9.7987365726,-0.0163269043,0.0011718750,0.1744900174,-0.0000976562
557728.3000230170,0.0300598145,9.7987365726,-0.0175476074,-0.0003146701,0.1745659722,-0.0001193576
557728.3100230170,0.0306701660,9.7959899906,-0.0332641602,0.0016601562,0.1746202257,-0.0000868056
557728.3200230170,0.0326538086,9.8001098636,-0.0103759766,0.0003255208,0.1747287326,-0.0000976562
557728.3300230170,0.0315856934,9.7966003421,-0.0294494629,0.0003146701,0.1746310764,-0.0001085069
557728.3400230170,0.0308227539,9.7972106937,-0.0234985352,0.0016276042,0.1745225694,-0.0001085069
557728.3500230170,0.0302124023,9.7990417484,-0.0129699707,-0.0002821181,0.1745551215,-0.0000976562
557728.3600230170,0.0308227539,9.7952270511,-0.0352478027,0.0012044271,0.1745659722,-0.0000976562
557728.3700230171,0.0318908691,9.7998046878,-0.0137329102,0.0008789062,0.1745442708,-0.0000868056
557728.3800230169,0.0315856934,9.7981262210,-0.0222778320,-0.0001410590,0.1745985243,-0.0001193576
557728.3900230170,0.0308227539,9.7955322269,-0.0300598145,0.0017361111,0.1745876736,-0.0001085069
557728.4000230170,0.0308227539,9.8005676273,-0.0105285645,0.0000325521,0.1744900174,-0.0001193576
557728.4100230170,0.0303649902,9.7955322269,-0.0325012207,0.0007052951,0.1744683160,-0.0001085069
557728.4200230170,0.0314331055,9.7976684574,-0.0195312500,0.0013563368,0.1744683160,-0.0000868056
557728.4300230170,0.0321960449,9.7993469241,-0.0170898438,-0.0003146701,0.1745768229,-0.0000976562
557728.4400230170,0.0311279297,9.7956848148,-0.0343322754,0.0014865451,0.1745876736,-0.0001085069
557728.4500230170,0.0302124023,9.8001098636,-0.0114440918,0.0005208333,0.1745985243,-0.0000759549
557728.4600230170,0.0312805176,9.7975158695,-0.0262451172,0.0001519097,0.1745876736,-0.0000976562
557728.4700230170,0.0317382813,9.7962951663,-0.0248718262,0.0017252604,0.1745225694,-0.0001085069
557728.4800230170,0.0305175781,9.7999572757,-0.0119018555,-0.0002170139,0.1745008680,-0.0000976562
557728.4900230170,0.0309753418,9.7952270511,-0.0350952148,0.0010633681,0.1746744792,-0.0000868056
557728.5000230171,0.0314331055,9.7990417484,-0.0144958496,0.0010199653,0.1746744792,-0.0000868056
557728.5100230169,0.0321960449,9.7987365726,-0.0196838379,-0.0002387153,0.1746310764,-0.0000976562
557728.5200230170,0.0320434570,9.7956848148,-0.0315856934,0.0017144097,0.1745334201,-0.0001085069
557728.5300230170,0.0299072266,9.8004150394,-0.0119018555,0.0001953125,0.1745008680,-0.0001085069
557728.5400230170,0.0300598145,9.7964477542,-0.0306701660,0.0004991319,0.1745442708,-0.0001085069
557728.5500230170,0.0312805176,9.7975158695,-0.0204467773,0.0014756944,0.1745985243,-0.0001085069
557728.5600230170,0.0320434570,9.7994995120,-0.0148010254,-0.0003038194,0.1746310764,-0.0000976562
557728.5700230170,0.0317382813,9.7955322269,-0.0367736816,0.0013888889,0.1745008680,-0.0001085069
557728.5800230170,0.0303649902,9.7994995120,-0.0126647949,0.0006293403,0.1745225694,-0.0001085069
557728.5900230170,0.0302124023,9.7972106937,-0.0247192383,0.0000759549,0.1745008680,-0.0000976562
557728.6000230170,0.0309753418,9.7966003421,-0.0274658203,0.0017252604,0.1745117187,-0.0000976562
557728.6100230170,0.0328063965,9.8004150394,-0.0123596191,-0.0001519097,0.1746636285,-0.0000976562
557728.6200230171,0.0323486328,9.7952270511,-0.0340270996,0.0009765625,0.1747070312,-0.0001085069
557728.6300230169,0.0288391113,9.7998046878,-0.0161743164,0.0011284722,0.1745551215,-0.0000868056
557728.6400230170,0.0312805176,9.7988891605,-0.0205993652,-0.0002495660,0.1745659722,-0.0001193576
557728.6500230170,0.0323486328,9.7956848148,-0.0318908691,0.0016601562,0.1744574653,-0.0001085069
557728.6600230170,0.0321960449,9.8001098636,-0.0102233887,0.0002278646,0.1745008680,-0.0001085069
557728.6700230170,0.0306701660,9.7955322269,-0.0294494629,0.0004448785,0.1745442708,-0.0000976562
557728.6800230170,0.0300598145,9.7978210452,-0.0224304199,0.0015733507,0.1744900174,-0.0000976562
557728.6900230170,0.0320434570,9.7996520999,-0.0146484375,-0.0003363715,0.1745442708,-0.0000759549
557728.7000230170,0.0318908691,9.7955322269,-0.0357055664,0.0012912326,0.1745551215,-0.0001085069
557728.7100230170,0.0308227539,9.7990417484,-0.0117492676,0.0007921007,0.1745659722,-0.0000976562
557728.7200230170,0.0305175781,9.7982788089,-0.0224304199,-0.0000542535,0.1745876736,-0.0000976562
557728.7300230170,0.0312805176,9.7959899906,-0.0289916992,0.0017578125,0.1745117187,-0.0000976562
557728.7400230170,0.0328063965,9.8001098636,-0.0114440918,-0.0000108507,0.1746202257,-0.0001193576
557728.7500230171,0.0312805176,9.7959899906,-0.0340270996,0.0007595486,0.1747178819,-0.0001085069
557728.7600230169,0.0302124023,9.7988891605,-0.0181579590,0.0013237847,0.1745876736,-0.0000976562
557728.7700230170,0.0309753418,9.7984313968,-0.0163269043,-0.0003363715,0.1745985243,-0.0001193576
557728.7800230170,0.0317382813,9.7962951663,-0.0347900391,0.0015299479,0.1745551215,-0.0000868056
557728.7900230170,0.0326538086,9.7998046878,-0.0108337402,0.0005316840,0.1745768229,-0.0001193576
557728.8000230170,0.0303649902,9.7972106937,-0.0274658203,0.0001736111,0.1745008680,-0.0001302083
557728.8100230170,0.0308227539,9.7973632816,-0.0257873535,0.0017144097,0.1745334201,-0.0000976562
557728.8200230170,0.0314331055,9.7996520999,-0.0115966797,-0.0002604167,0.1745442708,-0.0000976562
557728.8300230170,0.0320434570,9.7959899906,-0.0352478027,0.0010525174,0.1745551215,-0.0000868056
557728.8400230170,0.0318908691,9.7985839847,-0.0152587891,0.0010850694,0.1745225694,-0.0001085069
557728.8500230170,0.0300598145,9.7987365726,-0.0202941895,-0.0002712674,0.1745768229,-0.0001302083
557728.8600230180,0.0308227539,9.7961425784,-0.0326538086,0.0017144097,0.1745551215,-0.0000868056
557728.8700230180,0.0323486328,9.7998046878,-0.0091552734,0.0002495660,0.1746093750,-0.0000759549
557728.8800230180,0.0317382813,9.7972106937,-0.0314331055,0.0004014757,0.1746853299,-0.0001085069
557728.8900230180,0.0311279297,9.7973632816,-0.0224304199,0.0015407986,0.1746527778,-0.0001085069
557728.9000230180,0.0306701660,9.7996520999,-0.0132751465,-0.0002604167,0.1745985243,-0.0000976562
557728.9100230180,0.0312805176,9.7953796390,-0.0338745117,0.0012695312,0.1746093750,-0.0000868056
557728.9200230180,0.0331115723,9.7993469241,-0.0138854980,0.0008463542,0.1745876736,-0.0001085069
557728.9300230180,0.0317382813,9.7982788089,-0.0233459473,-0.0000759549,0.1745551215,-0.0001302083
557728.9400230180,0.0299072266,9.7966003421,-0.0305175781,0.0017252604,0.1745225694,-0.0001193576
557728.9500230181,0.0309753418,9.8001098636,-0.0105285645,-0.0000108507,0.1745551215,-0.0000868056
557728.9600230179,0.0331115723,9.7961425784,-0.0318908691,0.0006944444,0.1745225694,-0.0000976562
557728.9700230180,0.0331115723,9.7984313968,-0.0180053711,0.0013780382,0.1744900174,-0.0001085069
557728.9800230180,0.0300598145,9.7981262210,-0.0190734863,-0.0002821181,0.1745334201,-0.0001193576
557728.9900230180,0.0299072266,9.7958374027,-0.0338745117,0.0015190972,0.1745008680,-0.0000976562
557729.0000230180,0.0318908691,9.8002624515,-0.0112915039,0.0004665799,0.1745876736,-0.0001085069
557729.0100230180,0.0326538086,9.7972106937,-0.0270080566,0.0002495660,0.1749565972,-0.0001302083
557729.0200230180,0.0318908691,9.7964477542,-0.0236511230,0.0016384549,0.1746527778,-0.0001085069
557729.0300230180,0.0302124023,9.7998046878,-0.0122070313,-0.0002495660,0.1746527778,-0.0000976562
557729.0400230180,0.0305175781,9.7953796390,-0.0364685059,0.0011067708,0.1745659722,-0.0000868056
557729.0500230180,0.0328063965,9.7993469241,-0.0141906738,0.0009982639,0.1745985243,-0.0001085069
557729.0600230180,0.0323486328,9.7981262210,-0.0204467773,-0.0001085069,0.1746310764,-0.0001302083
557729.0700230181,0.0305175781,9.7959899906,-0.0303649902,0.0017144097,0.1746744792,-0.0000976562
557729.0800230179,0.0303649902,9.8004150394,-0.0106811523,0.0000976562,0.1745985243,-0.0000976562
557729.0900230180,0.0318908691,9.7959899906,-0.0318908691,0.0005967882,0.1744574653,-0.0000868056
557729.1000230180,0.0325012207,9.7975158695,-0.0202941895,0.0014648437,0.1744683160,-0.0001085069
557729.1100230180,0.0317382813,9.7998046878,-0.0160217285,-0.0003363715,0.1746527778,-0.0001302083
557729.1200230180,0.0299072266,9.7956848148,-0.0349426270,0.0014973958,0.1745442708,-0.0000868056
557729.1300230180,0.0309753418,9.8001098636,-0.0115966797,0.0005533854,0.1745442708,-0.0000976562
557729.1400230180,0.0334167480,9.7970581058,-0.0256347656,0.0001193576,0.1745985243,-0.0001085069
557729.1500230180,0.0323486328,9.7967529300,-0.0265502930,0.0017144097,0.1745551215,-0.0000976562
557729.1600230180,0.0300598145,9.8002624515,-0.0129699707,-0.0002387153,0.1746419271,-0.0000976562
557729.1700230180,0.0309753418,9.7955322269,-0.0349426270,0.0010199653,0.1745768229,-0.0000868056
557729.1800230180,0.0325012207,9.7987365726,-0.0146484375,0.0010959201,0.1745985243,-0.0001085069
557729.1900230180,0.0326538086,9.7987365726,-0.0199890137,-0.0002495660,0.1745985243,-0.0001302083
557729.2000230181,0.0300598145,9.7958374027,-0.0331115723,0.0017469618,0.1745551215,-0.0001085069
557729.2100230179,0.0303649902,9.8004150394,-0.0103759766,0.0001627604,0.1745442708,-0.0001085069
557729.2200230180,0.0320434570,9.7961425784,-0.0302124023,0.0005099826,0.1744574653,-0.0000976562
557729.2300230180,0.0321960449,9.7981262210,-0.0212097168,0.0015190972,0.1744357639,-0.0000976562
557729.2400230180,0.0317382813,9.7994995120,-0.0146484375,-0.0003038194,0.1745334201,-0.0001193576
557729.2500230180,0.0302124023,9.7950744632,-0.0349426270,0.0013997396,0.1745117187,-0.0001085069
557729.2600230180,0.0321960449,9.7996520999,-0.0120544434,0.0007161458,0.1746093750,-0.0001085069
557729.2700230180,0.0323486328,9.7978210452,-0.0236511230,0.0000108507,0.1745659722,-0.0001193576
557729.2800230180,0.0318908691,9.7966003421,-0.0296020508,0.0017361111,0.1745551215,-0.0001085069
557729.2900230180,0.0303649902,9.7996520999,-0.0106811523,-0.0000759549,0.1746310764,-0.0001193576
557729.3000230180,0.0314331055,9.7956848148,-0.0343322754,0.0008029514,0.1745768229,-0.0000976562
557729.3100230180,0.0323486328,9.7987365726,-0.0172424316,0.0012369792,0.1745551215,-0.0000976562
557729.3200230181,0.0325012207,9.7988891605,-0.0172424316,-0.0002604167,0.1745659722,-0.0001302083
557729.3300230179,0.0309753418,9.7959899906,-0.0338745117,0.0016493056,0.1745985243,-0.0001193576
557729.3400230180,0.0308227539,9.7996520999,-0.0105285645,0.0003580729,0.1746310764,-0.0001302083
557729.3500230180,0.0314331055,9.7964477542,-0.0286865234,0.0002604167,0.1745334201,-0.0000976562
557729.3600230180,0.0320434570,9.7970581058,-0.0248718262,0.0016059028,0.1744683160,-0.0000976562
557729.3700230180,0.0315856934,9.8002624515,-0.0141906738,-0.0003038194,0.1745985243,-0.0001193576
557729.3800230180,0.0314331055,9.7955322269,-0.0343322754,0.0012152778,0.1746636285,-0.0000976562
557729.3900230180,0.0314331055,9.7993469241,-0.0122070313,0.0009223090,0.1745117187,-0.0001085069
557729.4000230180,0.0323486328,9.7970581058,-0.0228881836,-0.0000868056,0.1745551215,-0.0000976562
557729.4100230180,0.0312805176,9.7959899906,-0.0321960449,0.0017469618,0.1745117187,-0.0001085069
557729.4200230180,0.0314331055,9.8001098636,-0.0096130371,0.0000000000,0.1746961805,-0.0001085069
557729.4300230180,0.0309753418,9.7961425784,-0.0318908691,0.0006835937,0.1745768229,-0.0000976562
557729.4400230180,0.0320434570,9.7982788089,-0.0195312500,0.0013997396,0.1745768229,-0.0001193576
557729.4500230181,0.0328063965,9.7985839847,-0.0158691406,-0.0003363715,0.1746419271,-0.0001302083
557729.4600230179,0.0309753418,9.7950744632,-0.0355529785,0.0015299479,0.1745985243,-0.0001085069
557729.4700230180,0.0305175781,9.8001098636,-0.0102233887,0.0005750868,0.1745225694,-0.0000976562
557729.4800230180,0.0328063965,9.7967529300,-0.0263977051,0.0000759549,0.1745876736,-0.0001085069
557729.4900230180,0.0320434570,9.7959899906,-0.0280761719,0.0017252604,0.1744900174,-0.0000976562
557729.5000230180,0.0317382813,9.7998046878,-0.0120544434,-0.0001519097,0.1744791667,-0.0001193576
557729.5100230180,0.0309753418,9.7956848148,-0.0343322754,0.0008789062,0.1745225694,-0.0000976562
557729.5200230180,0.0318908691,9.7984313968,-0.0160217285,0.0012803819,0.1744791667,-0.0001193576
557729.5300230180,0.0329589844,9.7987365726,-0.0183105469,-0.0002821181,0.1745551215,-0.0001302083
557729.5400230180,0.0315856934,9.7958374027,-0.0352478027,0.0016276042,0.1745876736,-0.0000976562
557729.5500230180,0.0302124023,9.8002624515,-0.0112915039,0.0003689236,0.1745551215,-0.0001085069
557729.5600230180,0.0314331055,9.7962951663,-0.0277709961,0.0002278646,0.1745876736,-0.0000976562
557729.5700230181,0.0326538086,9.7966003421,-0.0234985352,0.0016167535,0.1745659722,-0.0000976562
557729.5800230179,0.0321960449,9.7998046878,-0.0132751465,-0.0001519097,0.1745985243,-0.0001302083
557729.5900230180,0.0300598145,9.7947692874,-0.0372314453,0.0011501736,0.1746961805,-0.0001085069
557729.6000230180,0.0318908691,9.7996520999,-0.0141906738,0.0008897569,0.1746527778,-0.0000976562
557729.6100230180,0.0326538086,9.7981262210,-0.0205993652,-0.0000759549,0.1745551215,-0.0001302083
557729.6200230180,0.0312805176,9.7961425784,-0.0292968750,0.0017252604,0.1745659722,-0.0001085069
557729.6300230180,0.0317382813,9.7998046878,-0.0111389160,0.0000325521,0.1745768229,-0.0001302083
557729.6400230180,0.0303649902,9.7958374027,-0.0338745117,0.0006076389,0.1744683160,-0.0000868056
557729.6500230180,0.0317382813,9.7979736331,-0.0181579590,0.0013780382,0.1745008680,-0.0001193576
557729.6600230180,0.0332641602,9.7990417484,-0.0137329102,-0.0002495660,0.1745876736,-0.0001302083
557729.6700230180,0.0305175781,9.7949218753,-0.0355529785,0.0015407986,0.1744574653,-0.0001193576
557729.6800230180,0.0309753418,9.8001098636,-0.0134277344,0.0005208333,0.1745334201,-0.0000976562
557729.6900230180,0.0326538086,9.7969055179,-0.0259399414,0.0001085069,0.1746202257,-0.0001085069
557729.7000230181,0.0315856934,9.7970581058,-0.0247192383,0.0016710069,0.1745117187,-0.0001085069
557729.7100230179,0.0320434570,9.7998046878,-0.0119018555,-0.0001736111,0.1745659722,-0.0001302083
557729.7200230180,0.0308227539,9.7952270511,-0.0367736816,0.0010633681,0.1745985243,-0.0001302083
557729.7300230180,0.0309753418,9.7991943363,-0.0166320801,0.0010525174,0.1745876736,-0.0001085069
557729.7400230180,0.0334167480,9.7981262210,-0.0184631348,-0.0001953125,0.1745985243,-0.0000976562
557729.7500230180,0.0320434570,9.7959899906,-0.0306701660,0.0017252604,0.1745334201,-0.0000976562
557729.7600230180,0.0306701660,9.7999572757,-0.0119018555,0.0001410590,0.1746202257,-0.0001302083
557729.7700230180,0.0317382813,9.7961425784,-0.0315856934,0.0004991319,0.1744900174,-0.0000976562
557729.7800230180,0.0309753418,9.7978210452,-0.0213623047,0.0014973958,0.1744900174,-0.0001085069
557729.7900230180,0.0332641602,9.8001098636,-0.0135803223,-0.0002821181,0.1746419271,-0.0001519097
557729.8000230180,0.0317382813,9.7953796390,-0.0349426270,0.0014322917,0.1744683160,-0.0001193576
557729.8100230180,0.0302124023,9.7998046878,-0.0135803223,0.0006944444,0.1745442708,-0.0001085069
557729.8200230181,0.0323486328,9.7978210452,-0.0242614746,0.0000000000,0.1746202257,-0.0000976562
557729.8300230179,0.0325012207,9.7967529300,-0.0274658203,0.0016927083,0.1745117187,-0.0000976562
557729.8400230180,0.0326538086,9.7993469241,-0.0117492676,-0.0000868056,0.1746419271,-0.0001410590
557729.8500230180,0.0312805176,9.7955322269,-0.0347900391,0.0009440104,0.1745985243,-0.0001085069
557729.8600230180,0.0318908691,9.7988891605,-0.0160217285,0.0011935764,0.1745768229,-0.0001085069
557729.8700230180,0.0332641602,9.7982788089,-0.0173950195,-0.0002170139,0.1746527778,-0.0001302083
557729.8800230180,0.0314331055,9.7953796390,-0.0329589844,0.0016927083,0.1745659722,-0.0000976562
557729.8900230180,0.0318908691,9.7998046878,-0.0119018555,0.0001844618,0.1746419271,-0.0000976562
557729.9000230180,0.0325012207,9.7964477542,-0.0302124023,0.0004557292,0.1745442708,-0.0000976562
557729.9100230180,0.0314331055,9.7979736331,-0.0216674805,0.0014973958,0.1745985243,-0.0001085069
557729.9200230180,0.0320434570,9.8002624515,-0.0154113770,-0.0002495660,0.1745768229,-0.0001193576
557729.9300230190,0.0314331055,9.7952270511,-0.0358581543,0.0013780382,0.1745442708,-0.0001302083
557729.9400230190,0.0315856934,9.7996520999,-0.0109863281,0.0007378472,0.1745985243,-0.0001085069
557729.9500230190,0.0318908691,9.7970581058,-0.0242614746,0.0000000000,0.1745659722,-0.0000976562
557729.9600230190,0.0323486328,9.7962951663,-0.0296020508,0.0017252604,0.1744791667,-0.0001085069
557729.9700230190,0.0318908691,9.7998046878,-0.0134277344,-0.0001085069,0.1744683160,-0.0001193576
557729.9800230190,0.0314331055,9.7956848148,-0.0334167480,0.0008897569,0.1745551215,-0.0001193576
557729.9900230190,0.0311279297,9.7985839847,-0.0148010254,0.0012586806,0.1745225694,-0.0000976562
557730.0000230190,0.0318908691,9.7985839847,-0.0184631348,-0.0002495660,0.1745768229,-0.0001302083
557730.0100230190,0.0328063965,9.7955322269,-0.0350952148,0.0016710069,0.1748480903,-0.0001085069
557730.0200230191,0.0317382813,9.8004150394,-0.0096130371,0.0002712674,0.1746093750,-0.0001302083
557730.0300230189,0.0314331055,9.7969055179,-0.0280761719,0.0002821181,0.1746310764,-0.0000976562
557730.0400230190,0.0315856934,9.7975158695,-0.0239562988,0.0016493056,0.1745117187,-0.0001085069
557730.0500230190,0.0329589844,9.7996520999,-0.0128173828,-0.0002495660,0.1746527778,-0.0001193576
557730.0600230190,0.0323486328,9.7958374027,-0.0357055664,0.0012369792,0.1745985243,-0.0001085069
557730.0700230190,0.0314331055,9.7991943363,-0.0131225586,0.0009331597,0.1745551215,-0.0000976562
557730.0800230190,0.0326538086,9.7982788089,-0.0225830078,-0.0001302083,0.1746527778,-0.0000976562
557730.0900230190,0.0317382813,9.7958374027,-0.0314331055,0.0017469618,0.1745768229,-0.0000976562
557730.1000230190,0.0317382813,9.8004150394,-0.0106811523,0.0000217014,0.1745442708,-0.0001302083
557730.1100230190,0.0320434570,9.7961425784,-0.0337219238,0.0006944444,0.1745442708,-0.0001085069
557730.1200230190,0.0326538086,9.7990417484,-0.0158691406,0.0013671875,0.1745442708,-0.0001193576
557730.1300230190,0.0314331055,9.7994995120,-0.0177001953,-0.0002387153,0.1745551215,-0.0001302083
557730.1400230190,0.0315856934,9.7958374027,-0.0354003906,0.0015516493,0.1745659722,-0.0000976562
557730.1500230191,0.0325012207,9.8004150394,-0.0111389160,0.0004448785,0.1745442708,-0.0000976562
557730.1600230190,0.0317382813,9.7964477542,-0.0273132324,0.0001953125,0.1745551215,-0.0001085069
557730.1700230190,0.0309753418,9.7969055179,-0.0242614746,0.0016601562,0.1744900174,-0.0001085069
557730.1800230190,0.0315856934,9.8001098636,-0.0135803223,-0.0001844618,0.1745876736,-0.0001302083
557730.1900230190,0.0323486328,9.7950744632,-0.0346374512,0.0011284722,0.1745225694,-0.0001193576
557730.2000230190,0.0323486328,9.7990417484,-0.0140380859,0.0009548611,0.1745768229,-0.0001193576
557730.2100230190,0.0318908691,9.7981262210,-0.0212097168,-0.0000651042,0.1745442708,-0.0000976562
557730.2200230190,0.0318908691,9.7964477542,-0.0297546387,0.0016710069,0.1745659722,-0.0000976562
557730.2300230190,0.0323486328,9.7994995120,-0.0125122070,0.0000325521,0.1745768229,-0.0000976562
557730.2400230190,0.0325012207,9.7956848148,-0.0325012207,0.0007052951,0.1745551215,-0.0001410590
557730.2500230190,0.0323486328,9.7973632816,-0.0172424316,0.0013671875,0.1745768229,-0.0001302083
557730.2600230190,0.0317382813,9.7991943363,-0.0178527832,-0.0002712674,0.1745768229,-0.0001193576
557730.2700230191,0.0318908691,9.7953796390,-0.0363159180,0.0016059028,0.1745768229,-0.0000976562
557730.2800230189,0.0326538086,9.8001098636,-0.0091552734,0.0004340278,0.1746093750,-0.0000976562
557730.2900230190,0.0326538086,9.7973632816,-0.0273132324,0.0001953125,0.1746961805,-0.0001085069
557730.3000230190,0.0317382813,9.7964477542,-0.0259399414,0.0017361111,0.1745768229,-0.0001085069
557730.3100230190,0.0311279297,9.8004150394,-0.0132751465,-0.0002495660,0.1745876736,-0.0001193576
557730.3200230190,0.0325012207,9.7944641116,-0.0352478027,0.0010850694,0.1745985243,-0.0001085069
557730.3300230190,0.0328063965,9.7987365726,-0.0132751465,0.0011176215,0.1745876736,-0.0001193576
557730.3400230190,0.0315856934,9.7985839847,-0.0213623047,-0.0001627604,0.1745768229,-0.0001193576
557730.3500230190,0.0315856934,9.7961425784,-0.0335693359,0.0016601562,0.1745008680,-0.0001085069
557730.3600230190,0.0331115723,9.8005676273,-0.0090026855,0.0001410590,0.1746202257,-0.0001085069
557730.3700230190,0.0321960449,9.7955322269,-0.0297546387,0.0005750868,0.1745334201,-0.0001193576
557730.3800230190,0.0312805176,9.7978210452,-0.0216674805,0.0014648437,0.1745117187,-0.0001085069
557730.3900230190,0.0325012207,9.7987365726,-0.0172424316,-0.0002604167,0.1745768229,-0.0001302083
557730.4000230191,0.0320434570,9.7956848148,-0.0337219238,0.0014648437,0.1744791667,-0.0001085069
557730.4100230190,0.0334167480,9.7994995120,-0.0099182129,0.0006184896,0.1745985243,-0.0001193576
557730.4200230190,0.0311279297,9.7966003421,-0.0268554688,0.0001410590,0.1745551215,-0.0001085069
557730.4300230190,0.0315856934,9.7964477542,-0.0274658203,0.0016710069,0.1745551215,-0.0001085069
557730.4400230190,0.0325012207,9.7999572757,-0.0117492676,-0.0001736111,0.1746527778,-0.0001193576
557730.4500230190,0.0318908691,9.7952270511,-0.0343322754,0.0010959201,0.1745551215,-0.0001193576
557730.4600230190,0.0325012207,9.7990417484,-0.0166320801,0.0010959201,0.1745117187,-0.0000976562
557730.4700230190,0.0325012207,9.7982788089,-0.0201416016,-0.0001844618,0.1746202257,-0.0001302083
557730.4800230190,0.0318908691,9.7958374027,-0.0311279297,0.0016927083,0.1744900174,-0.0001085069
557730.4900230190,0.0325012207,9.8001098636,-0.0105285645,0.0001736111,0.1745008680,-0.0000976562
557730.5000230190,0.0326538086,9.7959899906,-0.0317382813,0.0005750868,0.1745876736,-0.0001410590
557730.5100230190,0.0320434570,9.7979736331,-0.0212097168,0.0014539931,0.1745008680,-0.0001085069
557730.5200230191,0.0317382813,9.7996520999,-0.0160217285,-0.0002821181,0.1745768229,-0.0001193576
557730.5300230189,0.0323486328,9.7949218753,-0.0341796875,0.0014973958,0.1745768229,-0.0001085069
557730.5400230190,0.0328063965,9.7994995120,-0.0105285645,0.0006184896,0.1745768229,-0.0001085069
557730.5500230190,0.0317382813,9.7973632816,-0.0279235840,0.0000976562,0.1746853299,-0.0000976562
557730.5600230190,0.0318908691,9.7962951663,-0.0265502930,0.0016493056,0.1746093750,-0.0000976562
557730.5700230190,0.0332641602,9.7994995120,-0.0112915039,-0.0001736111,0.1746202257,-0.0001410590
557730.5800230190,0.0329589844,9.7953796390,-0.0346374512,0.0011067708,0.1745008680,-0.0001193576
557730.5900230190,0.0315856934,9.7988891605,-0.0149536133,0.0010850694,0.1745551215,-0.0001302083
557730.6000230190,0.0308227539,9.7976684574,-0.0204467773,-0.0001736111,0.1745659722,-0.0001193576
557730.6100230190,0.0321960449,9.7956848148,-0.0311279297,0.0016927083,0.1745985243,-0.0000868056
557730.6200230190,0.0335693359,9.7998046878,-0.0100708008,0.0001519097,0.1744683160,-0.0001085069
557730.6300230190,0.0318908691,9.7961425784,-0.0328063965,0.0005967882,0.1745659722,-0.0001410590
557730.6400230190,0.0311279297,9.7978210452,-0.0202941895,0.0014431424,0.1745117187,-0.0001302083
557730.6500230191,0.0318908691,9.7993469241,-0.0144958496,-0.0003038194,0.1745551215,-0.0001193576
557730.6600230190,0.0328063965,9.7955322269,-0.0347900391,0.0014973958,0.1745442708,-0.0001193576
557730.6700230190,0.0341796875,9.7993469241,-0.0111389160,0.0005967882,0.1745768229,-0.0001193576
557730.6800230190,0.0315856934,9.7975158695,-0.0273132324,0.0001410590,0.1746202257,-0.0001302083
557730.6900230190,0.0309753418,9.7964477542,-0.0265502930,0.0017144097,0.1746202257,-0.0000976562
557730.7000230190,0.0331115723,9.8002624515,-0.0109863281,-0.0001953125,0.1746961805,-0.0001193576
557730.7100230190,0.0341796875,9.7952270511,-0.0350952148,0.0010633681,0.1746310764,-0.0001193576
557730.7200230190,0.0326538086,9.7987365726,-0.0148010254,0.0010633681,0.1745551215,-0.0001302083
557730.7300230190,0.0303649902,9.7982788089,-0.0199890137,-0.0001627604,0.1746419271,-0.0001193576
557730.7400230190,0.0308227539,9.7958374027,-0.0317382813,0.0017252604,0.1744900174,-0.0000976562
557730.7500230190,0.0331115723,9.7999572757,-0.0108337402,0.0001519097,0.1745985243,-0.0000868056
557730.7600230190,0.0338745117,9.7964477542,-0.0323486328,0.0005750868,0.1745442708,-0.0001085069
557730.7700230191,0.0306701660,9.7976684574,-0.0201416016,0.0014322917,0.1744791667,-0.0001085069
557730.7800230189,0.0309753418,9.7988891605,-0.0138854980,-0.0002604167,0.1746636285,-0.0001193576
557730.7900230190,0.0329589844,9.7958374027,-0.0349426270,0.0015190972,0.1745551215,-0.0000976562
557730.8000230190,0.0338745117,9.7998046878,-0.0128173828,0.0005750868,0.1745876736,-0.0001085069
557730.8100230190,0.0328063965,9.7978210452,-0.0265502930,0.0001519097,0.1746636285,-0.0000976562
557730.8200230190,0.0308227539,9.7970581058,-0.0248718262,0.0017035590,0.1745008680,-0.0001085069
557730.8300230190,0.0318908691,9.7999572757,-0.0109863281,-0.0001627604,0.1745985243,-0.0000976562
557730.8400230190,0.0337219238,9.7956848148,-0.0354003906,0.0010416667,0.1746093750,-0.0001193576
557730.8500230190,0.0332641602,9.7991943363,-0.0141906738,0.0010850694,0.1745117187,-0.0001302083
557730.8600230190,0.0312805176,9.7985839847,-0.0205993652,-0.0001627604,0.1745551215,-0.0001410590
557730.8700230190,0.0311279297,9.7961425784,-0.0325012207,0.0017252604,0.1745659722,-0.0000868056
557730.8800230190,0.0329589844,9.7999572757,-0.0106811523,0.0001627604,0.1745008680,-0.0000976562
557730.8900230190,0.0337219238,9.7958374027,-0.0306701660,0.0005750868,0.1745659722,-0.0001085069
557730.9000230191,0.0320434570,9.7982788089,-0.0205993652,0.0014539931,0.1745876736,-0.0001085069
557730.9100230190,0.0312805176,9.7990417484,-0.0164794922,-0.0002604167,0.1745659722,-0.0001302083
557730.9200230190,0.0318908691,9.7955322269,-0.0343322754,0.0014431424,0.1745551215,-0.0001085069
557730.9300230190,0.0335693359,9.7998046878,-0.0108337402,0.0006076389,0.1746310764,-0.0001193576
557730.9400230190,0.0328063965,9.7973632816,-0.0259399414,0.0001953125,0.1745768229,-0.0001085069
557730.9500230190,0.0318908691,9.7973632816,-0.0270080566,0.0016384549,0.1745225694,-0.0001085069
557730.9600230190,0.0317382813,9.7998046878,-0.0128173828,-0.0001085069,0.1745985243,-0.0000976562
557730.9700230190,0.0315856934,9.7959899906,-0.0332641602,0.0010199653,0.1745876736,-0.0001085069
557730.9800230190,0.0338745117,9.7993469241,-0.0137329102,0.0010308160,0.1746527778,-0.0000976562
557730.9900230190,0.0328063965,9.7979736331,-0.0224304199,-0.0000542535,0.1746202257,-0.0001410590
557731.0000230200,0.0311279297,9.7970581058,-0.0314331055,0.0017144097,0.1746636285,-0.0001085069
557731.0100230200,0.0321960449,9.7994995120,-0.0096130371,0.0001193576,0.1748806424,-0.0001085069
557731.0200230200,0.0328063965,9.7961425784,-0.0302124023,0.0006076389,0.1745442708,-0.0000976562
557731.0300230200,0.0331115723,9.7973632816,-0.0210571289,0.0014648437,0.1745551215,-0.0001193576
557731.0400230200,0.0314331055,9.7993469241,-0.0172424316,-0.0002821181,0.1745659722,-0.0001302083
557731.0500230200,0.0320434570,9.7958374027,-0.0335693359,0.0014431424,0.1745768229,-0.0001085069
557731.0600230200,0.0334167480,9.7994995120,-0.0108337402,0.0006293403,0.1744574653,-0.0000976562
557731.0700230200,0.0320434570,9.7978210452,-0.0263977051,0.0001627604,0.1745659722,-0.0001302083
557731.0800230200,0.0332641602,9.7970581058,-0.0268554688,0.0017035590,0.1745117187,-0.0000976562
557731.0900230200,0.0320434570,9.7996520999,-0.0117492676,-0.0001844618,0.1745008680,-0.0001302083
557731.1000230199,0.0314331055,9.7959899906,-0.0346374512,0.0010416667,0.1746093750,-0.0001193576
557731.1100230200,0.0338745117,9.7991943363,-0.0144958496,0.0010959201,0.1745768229,-0.0001085069
557731.1200230200,0.0315856934,9.7984313968,-0.0216674805,-0.0001736111,0.1745659722,-0.0001302083
557731.1300230200,0.0325012207,9.7958374027,-0.0311279297,0.0017035590,0.1745876736,-0.0001193576
557731.1400230200,0.0332641602,9.7996520999,-0.0086975098,0.0001844618,0.1745985243,-0.0001410590
557731.1500230200,0.0315856934,9.7958374027,-0.0314331055,0.0005967882,0.1745117187,-0.0001193576
557731.1600230200,0.0331115723,9.7982788089,-0.0212097168,0.0014105903,0.1745876736,-0.0001085069
557731.1700230200,0.0331115723,9.7996520999,-0.0160217285,-0.0002604167,0.1745659722,-0.0001410590
557731.1800230200,0.0318908691,9.7952270511,-0.0341796875,0.0014431424,0.1745008680,-0.0001302083
557731.1900230200,0.0328063965,9.7996520999,-0.0115966797,0.0006618924,0.1745659722,-0.0001519097
557731.2000230200,0.0323486328,9.7973632816,-0.0253295898,0.0001193576,0.1745659722,-0.0001085069
557731.2100230200,0.0325012207,9.7966003421,-0.0274658203,0.0017035590,0.1744249132,-0.0000976562
557731.2200230201,0.0335693359,9.7996520999,-0.0122070313,-0.0001627604,0.1745117187,-0.0001302083
557731.2300230199,0.0315856934,9.7950744632,-0.0338745117,0.0010416667,0.1744791667,-0.0001193576
557731.2400230200,0.0326538086,9.7994995120,-0.0148010254,0.0010850694,0.1745117187,-0.0001193576
557731.2500230200,0.0329589844,9.7987365726,-0.0213623047,-0.0001844618,0.1747721354,-0.0001302083
557731.2600230200,0.0334167480,9.7961425784,-0.0328063965,0.0016927083,0.1747395833,-0.0001085069
557731.2700230200,0.0323486328,9.7996520999,-0.0093078613,0.0001953125,0.1746093750,-0.0001302083
557731.2800230200,0.0318908691,9.7964477542,-0.0306701660,0.0005316840,0.1745659722,-0.0000976562
557731.2900230200,0.0317382813,9.7975158695,-0.0227355957,0.0015516493,0.1745117187,-0.0001085069
557731.3000230200,0.0331115723,9.7996520999,-0.0137329102,-0.0003146701,0.1745117187,-0.0001193576
557731.3100230200,0.0334167480,9.7950744632,-0.0349426270,0.0013671875,0.1745659722,-0.0001193576
557731.3200230200,0.0321960449,9.7987365726,-0.0120544434,0.0007703993,0.1745551215,-0.0001410590
557731.3300230200,0.0318908691,9.7981262210,-0.0239562988,0.0000217014,0.1745442708,-0.0001193576
557731.3400230200,0.0335693359,9.7967529300,-0.0288391113,0.0017252604,0.1744574653,-0.0001085069
557731.3500230199,0.0331115723,9.8001098636,-0.0112915039,-0.0001085069,0.1744357639,-0.0001193576
557731.3600230200,0.0321960449,9.7952270511,-0.0332641602,0.0009440104,0.1745442708,-0.0001193576
557731.3700230200,0.0320434570,9.7981262210,-0.0154113770,0.0011501736,0.1745551215,-0.0001193576
557731.3800230200,0.0318908691,9.7981262210,-0.0215148926,-0.0001736111,0.1745551215,-0.0001302083
557731.3900230200,0.0335693359,9.7955322269,-0.0325012207,0.0016276042,0.1746419271,-0.0001193576
557731.4000230200,0.0329589844,9.7998046878,-0.0083923340,0.0002604167,0.1745334201,-0.0001085069
557731.4100230200,0.0331115723,9.7961425784,-0.0302124023,0.0005099826,0.1745768229,-0.0001193576
557731.4200230200,0.0317382813,9.7978210452,-0.0225830078,0.0015299479,0.1745985243,-0.0001085069
557731.4300230200,0.0329589844,9.7990417484,-0.0143432617,-0.0002821181,0.1745659722,-0.0001302083
557731.4400230200,0.0317382813,9.7956848148,-0.0343322754,0.0013237847,0.1745551215,-0.0001410590
557731.4500230200,0.0328063965,9.7994995120,-0.0111389160,0.0008246528,0.1745551215,-0.0001302083
557731.4600230200,0.0317382813,9.7973632816,-0.0250244141,0.0000000000,0.1744791667,-0.0001193576
557731.4700230201,0.0326538086,9.7966003421,-0.0306701660,0.0017795139,0.1744574653,-0.0001085069
557731.4800230199,0.0335693359,9.8010253909,-0.0099182129,-0.0000651042,0.1745334201,-0.0001193576
557731.4900230200,0.0332641602,9.7961425784,-0.0323486328,0.0008246528,0.1745551215,-0.0001519097
557731.5000230200,0.0318908691,9.7979736331,-0.0175476074,0.0013237847,0.1745551215,-0.0001193576
557731.5100230200,0.0329589844,9.7988891605,-0.0180053711,-0.0003146701,0.1746636285,-0.0001302083
557731.5200230200,0.0326538086,9.7955322269,-0.0347900391,0.0016493056,0.1745442708,-0.0001085069
557731.5300230200,0.0331115723,9.7996520999,-0.0086975098,0.0003797743,0.1745334201,-0.0001085069
557731.5400230200,0.0337219238,9.7966003421,-0.0286865234,0.0003580729,0.1746527778,-0.0001302083
557731.5500230200,0.0317382813,9.7969055179,-0.0244140625,0.0016384549,0.1745117187,-0.0001085069
557731.5600230200,0.0331115723,9.8001098636,-0.0126647949,-0.0002604167,0.1746961805,-0.0001193576
557731.5700230200,0.0326538086,9.7950744632,-0.0343322754,0.0012152778,0.1745985243,-0.0001085069
557731.5800230200,0.0331115723,9.7987365726,-0.0132751465,0.0009331597,0.1745117187,-0.0001085069
557731.5900230200,0.0335693359,9.7975158695,-0.0227355957,-0.0000976562,0.1746310764,-0.0001302083
557731.6000230199,0.0325012207,9.7964477542,-0.0315856934,0.0017795139,0.1745334201,-0.0001085069
557731.6100230200,0.0317382813,9.8001098636,-0.0090026855,0.0000217014,0.1745442708,-0.0001302083
557731.6200230200,0.0326538086,9.7955322269,-0.0311279297,0.0007161458,0.1746310764,-0.0001085069
557731.6300230200,0.0326538086,9.7979736331,-0.0204467773,0.0014105903,0.1745985243,-0.0001085069
557731.6400230200,0.0335693359,9.7987365726,-0.0180053711,-0.0003146701,0.1746310764,-0.0001410590
557731.6500230200,0.0317382813,9.7946166995,-0.0349426270,0.0015190972,0.1745768229,-0.0001085069
557731.6600230200,0.0326538086,9.8002624515,-0.0091552734,0.0005859375,0.1745985243,-0.0001085069
557731.6700230200,0.0340270996,9.7972106937,-0.0265502930,0.0001844618,0.1745876736,-0.0001085069
557731.6800230200,0.0334167480,9.7969055179,-0.0285339355,0.0017144097,0.1745985243,-0.0001085069
557731.6900230200,0.0328063965,9.7999572757,-0.0111389160,-0.0001736111,0.1746636285,-0.0001302083
557731.7000230200,0.0317382813,9.7953796390,-0.0329589844,0.0010199653,0.1745442708,-0.0001302083
557731.7100230200,0.0321960449,9.7994995120,-0.0160217285,0.0012044271,0.1745008680,-0.0001085069
557731.7200230201,0.0334167480,9.7982788089,-0.0202941895,-0.0002278646,0.1745768229,-0.0001302083
557731.7300230199,0.0320434570,9.7961425784,-0.0340270996,0.0016601562,0.1743706597,-0.0001085069
557731.7400230200,0.0332641602,9.8001098636,-0.0074768066,0.0003255208,0.1745442708,-0.0001302083
557731.7500230200,0.0331115723,9.7964477542,-0.0282287598,0.0003797743,0.1745768229,-0.0001302083
557731.7600230200,0.0328063965,9.7969055179,-0.0253295898,0.0016493056,0.1744574653,-0.0001085069
557731.7700230200,0.0329589844,9.7993469241,-0.0138854980,-0.0002712674,0.1746636285,-0.0001410590
557731.7800230200,0.0321960449,9.7953796390,-0.0335693359,0.0012586806,0.1745659722,-0.0001085069
557731.7900230200,0.0326538086,9.7996520999,-0.0129699707,0.0009440104,0.1744791667,-0.0001085069
557731.8000230200,0.0328063965,9.7978210452,-0.0221252441,-0.0000759549,0.1746636285,-0.0001302083
557731.8100230200,0.0331115723,9.7962951663,-0.0315856934,0.0017144097,0.1746202257,-0.0001193576
557731.8200230200,0.0332641602,9.7999572757,-0.0086975098,0.0000325521,0.1745768229,-0.0001302083
557731.8300230200,0.0329589844,9.7958374027,-0.0320434570,0.0007269965,0.1746744792,-0.0001410590
557731.8400230200,0.0326538086,9.7988891605,-0.0209045410,0.0013997396,0.1745659722,-0.0001302083
557731.8500230199,0.0326538086,9.7991943363,-0.0175476074,-0.0002387153,0.1745659722,-0.0001302083
557731.8600230200,0.0328063965,9.7953796390,-0.0328063965,0.0015299479,0.1745442708,-0.0000976562
557731.8700230200,0.0331115723,9.8001098636,-0.0097656250,0.0005533854,0.1744900174,-0.0001085069
557731.8800230200,0.0335693359,9.7972106937,-0.0283813477,0.0001953125,0.1745551215,-0.0001302083
557731.8900230200,0.0321960449,9.7970581058,-0.0270080566,0.0017252604,0.1745008680,-0.0001193576
557731.9000230200,0.0325012207,9.8001098636,-0.0109863281,-0.0001953125,0.1745551215,-0.0001193576
557731.9100230200,0.0323486328,9.7955322269,-0.0347900391,0.0011176215,0.1746419271,-0.0001193576
557731.9200230200,0.0329589844,9.7994995120,-0.0152587891,0.0010959201,0.1745985243,-0.0001085069
557731.9300230200,0.0323486328,9.7979736331,-0.0204467773,-0.0001627604,0.1745876736,-0.0001302083
557731.9400230200,0.0326538086,9.7962951663,-0.0315856934,0.0016601562,0.1746636285,-0.0000976562
557731.9500230200,0.0338745117,9.7998046878,-0.0085449219,0.0002278646,0.1745768229,-0.0001302083
557731.9600230200,0.0331115723,9.7967529300,-0.0309753418,0.0005316840,0.1745659722,-0.0001410590
557731.9700230201,0.0323486328,9.7975158695,-0.0218200684,0.0014973958,0.1745876736,-0.0001085069
557731.9800230199,0.0321960449,9.7998046878,-0.0144958496,-0.0002712674,0.1745768229,-0.0001302083
557731.9900230200,0.0329589844,9.7956848148,-0.0341796875,0.0014539931,0.1745008680,-0.0001085069
557732.0000230200,0.0328063965,9.8001098636,-0.0102233887,0.0006727431,0.1745768229,-0.0001193576
557732.0100230200,0.0326538086,9.7972106937,-0.0273132324,0.0001085069,0.1748372396,-0.0000976562
557732.0200230200,0.0332641602,9.7959899906,-0.0288391113,0.0017469618,0.1744791667,-0.0000976562
557732.0300230200,0.0331115723,9.8007202152,-0.0085449219,-0.0001736111,0.1745659722,-0.0001410590
557732.0400230200,0.0326538086,9.7950744632,-0.0332641602,0.0010091146,0.1744683160,-0.0001193576
557732.0500230200,0.0312805176,9.7990417484,-0.0181579590,0.0012369792,0.1745659722,-0.0000976562
557732.0600230200,0.0337219238,9.7985839847,-0.0198364258,-0.0002712674,0.1745985243,-0.0001193576
557732.0700230200,0.0321960449,9.7956848148,-0.0325012207,0.0016493056,0.1744357639,-0.0001085069
557732.0800230210,0.0331115723,9.8007202152,-0.0080871582,0.0003580729,0.1746419271,-0.0001302083
557732.0900230210,0.0332641602,9.7967529300,-0.0297546387,0.0003472222,0.1746310764,-0.0001302083
557732.1000230210,0.0318908691,9.7973632816,-0.0242614746,0.0016276042,0.1745442708,-0.0001193576
557732.1100230210,0.0340270996,9.7993469241,-0.0122070313,-0.0003255208,0.1747178819,-0.0001410590
557732.1200230210,0.0334167480,9.7950744632,-0.0340270996,0.0013671875,0.1745768229,-0.0001193576
557732.1300230210,0.0318908691,9.7993469241,-0.0134277344,0.0008572049,0.1744466146,-0.0001193576
557732.1400230210,0.0334167480,9.7979736331,-0.0231933594,-0.0000542535,0.1746419271,-0.0001193576
557732.1500230210,0.0334167480,9.7958374027,-0.0286865234,0.0017903646,0.1745117187,-0.0001085069
557732.1600230210,0.0332641602,9.8001098636,-0.0096130371,-0.0000434028,0.1745442708,-0.0001410590
557732.1700230211,0.0334167480,9.7966003421,-0.0332641602,0.0007921007,0.1746310764,-0.0001193576
557732.1800230209,0.0320434570,9.7979736331,-0.0189208984,0.0014105903,0.1743923611,-0.0001193576
557732.1900230210,0.0329589844,9.7999572757,-0.0173950195,-0.0003472222,0.1745008680,-0.0001193576
557732.2000230210,0.0340270996,9.7958374027,-0.0349426270,0.0016167535,0.1745551215,-0.0000976562
557732.2100230210,0.0325012207,9.8002624515,-0.0091552734,0.0005533854,0.1744900174,-0.0001193576
557732.2200230210,0.0329589844,9.7972106937,-0.0271606445,0.0002061632,0.1746093750,-0.0001410590
557732.2300230210,0.0340270996,9.7970581058,-0.0262451172,0.0016493056,0.1746093750,-0.0001085069
557732.2400230210,0.0329589844,9.7999572757,-0.0128173828,-0.0001627604,0.1745768229,-0.0001302083
557732.2500230210,0.0340270996,9.7962951663,-0.0331115723,0.0011501736,0.1746310764,-0.0001085069
557732.2600230210,0.0325012207,9.7994995120,-0.0149536133,0.0010525174,0.1745985243,-0.0001193576
557732.2700230210,0.0317382813,9.7985839847,-0.0230407715,-0.0001085069,0.1746202257,-0.0000976562
557732.2800230210,0.0338745117,9.7962951663,-0.0300598145,0.0017252604,0.1746961805,-0.0001193576
557732.2900230211,0.0340270996,9.8002624515,-0.0085449219,0.0000976562,0.1745659722,-0.0001085069
557732.3000230209,0.0325012207,9.7966003421,-0.0315856934,0.0006510417,0.1745225694,-0.0001193576
557732.3100230210,0.0315856934,9.7981262210,-0.0216674805,0.0014648437,0.1745659722,-0.0001193576
557732.3200230210,0.0326538086,9.7993469241,-0.0154113770,-0.0003038194,0.1744791667,-0.0000976562
557732.3300230210,0.0341796875,9.7959899906,-0.0332641602,0.0015190972,0.1744574653,-0.0001085069
557732.3400230210,0.0335693359,9.7999572757,-0.0102233887,0.0006293403,0.1745008680,-0.0001085069
557732.3500230210,0.0325012207,9.7973632816,-0.0263977051,0.0001627604,0.1745334201,-0.0001085069
557732.3600230210,0.0326538086,9.7970581058,-0.0271606445,0.0016710069,0.1745225694,-0.0001193576
557732.3700230210,0.0340270996,9.7998046878,-0.0109863281,-0.0001410590,0.1746310764,-0.0001302083
557732.3800230210,0.0341796875,9.7958374027,-0.0334167480,0.0011067708,0.1745659722,-0.0001085069
557732.3900230210,0.0335693359,9.7988891605,-0.0158691406,0.0010850694,0.1745225694,-0.0001193576
557732.4000230210,0.0318908691,9.7982788089,-0.0199890137,-0.0001085069,0.1746636285,-0.0001302083
557732.4100230210,0.0326538086,9.7961425784,-0.0311279297,0.0016601562,0.1746202257,-0.0000976562
557732.4200230211,0.0355529785,9.7998046878,-0.0100708008,0.0001627604,0.1745551215,-0.0001302083
557732.4300230209,0.0332641602,9.7967529300,-0.0311279297,0.0005967882,0.1745551215,-0.0001519097
557732.4400230210,0.0315856934,9.7985839847,-0.0212097168,0.0015190972,0.1745442708,-0.0001302083
557732.4500230210,0.0315856934,9.7987365726,-0.0144958496,-0.0002712674,0.1744791667,-0.0001302083
557732.4600230210,0.0350952148,9.7956848148,-0.0335693359,0.0014973958,0.1746202257,-0.0001085069
557732.4700230210,0.0347900391,9.8001098636,-0.0120544434,0.0006727431,0.1744900174,-0.0001193576
557732.4800230210,0.0325012207,9.7976684574,-0.0253295898,0.0000651042,0.1745008680,-0.0001410590
557732.4900230210,0.0317382813,9.7962951663,-0.0254821777,0.0017795139,0.1745768229,-0.0001085069
557732.5000230210,0.0329589844,9.7998046878,-0.0108337402,-0.0000759549,0.1745768229,-0.0001410590
557732.5100230210,0.0337219238,9.7958374027,-0.0358581543,0.0009548611,0.1745551215,-0.0001193576
557732.5200230210,0.0347900391,9.7987365726,-0.0152587891,0.0012261285,0.1746419271,-0.0001193576
557732.5300230210,0.0311279297,9.7991943363,-0.0160217285,-0.0002170139,0.1745876736,-0.0001302083
557732.5400230211,0.0329589844,9.7956848148,-0.0335693359,0.0017144097,0.1745768229,-0.0001085069
557732.5500230209,0.0335693359,9.8002624515,-0.0108337402,0.0002929687,0.1745876736,-0.0001302083
557732.5600230210,0.0341796875,9.7964477542,-0.0292968750,0.0004123264,0.1745008680,-0.0001410590
557732.5700230210,0.0328063965,9.7976684574,-0.0225830078,0.0015733507,0.1744140625,-0.0001085069
557732.5800230210,0.0321960449,9.7996520999,-0.0129699707,-0.0002278646,0.1745442708,-0.0001193576
557732.5900230210,0.0323486328,9.7959899906,-0.0358581543,0.0013237847,0.1745117187,-0.0000976562
557732.6000230210,0.0350952148,9.7994995120,-0.0123596191,0.0008463542,0.1745442708,-0.0001085069
557732.6100230210,0.0346374512,9.7982788089,-0.0219726563,-0.0000217014,0.1746527778,-0.0001302083
557732.6200230210,0.0317382813,9.7969055179,-0.0299072266,0.0017903646,0.1745551215,-0.0001193576
557732.6300230210,0.0328063965,9.7999572757,-0.0100708008,0.0000108507,0.1745985243,-0.0001302083
557732.6400230210,0.0341796875,9.7966003421,-0.0338745117,0.0006944444,0.1746093750,-0.0001410590
557732.6500230210,0.0343322754,9.7984313968,-0.0177001953,0.0014431424,0.1745659722,-0.0001085069
557732.6600230210,0.0335693359,9.7993469241,-0.0146484375,-0.0002495660,0.1746853299,-0.0001410590
557732.6700230211,0.0326538086,9.7959899906,-0.0347900391,0.0015733507,0.1745551215,-0.0001085069
557732.6800230209,0.0334167480,9.8004150394,-0.0112915039,0.0005316840,0.1745985243,-0.0001193576
557732.6900230210,0.0335693359,9.7970581058,-0.0262451172,0.0001410590,0.1746419271,-0.0001302083
557732.7000230210,0.0332641602,9.7969055179,-0.0250244141,0.0017252604,0.1745008680,-0.0001193576
557732.7100230210,0.0329589844,9.7994995120,-0.0109863281,-0.0001627604,0.1745442708,-0.0001410590
557732.7200230210,0.0318908691,9.7953796390,-0.0349426270,0.0010850694,0.1744791667,-0.0001085069
557732.7300230210,0.0338745117,9.7990417484,-0.0152587891,0.0011935764,0.1744900174,-0.0001085069
557732.7400230210,0.0341796875,9.7990417484,-0.0181579590,-0.0002387153,0.1746202257,-0.0001193576
557732.7500230210,0.0331115723,9.7953796390,-0.0329589844,0.0017144097,0.1745876736,-0.0001302083
557732.7600230210,0.0331115723,9.7998046878,-0.0099182129,0.0002604167,0.1746093750,-0.0001410590
557732.7700230210,0.0326538086,9.7959899906,-0.0296020508,0.0004340278,0.1746093750,-0.0001193576
557732.7800230210,0.0332641602,9.7975158695,-0.0213623047,0.0016059028,0.1745876736,-0.0001193576
557732.7900230211,0.0341796875,9.7993469241,-0.0134277344,-0.0002387153,0.1746419271,-0.0001410590
557732.8000230209,0.0321960449,9.7953796390,-0.0361633301,0.0013780382,0.1745768229,-0.0001193576
557732.8100230210,0.0328063965,9.7988891605,-0.0129699707,0.0008680556,0.1745551215,-0.0001085069
557732.8200230210,0.0331115723,9.7981262210,-0.0212097168,-0.0000868056,0.1746202257,-0.0001302083
557732.8300230210,0.0329589844,9.7964477542,-0.0289916992,0.0017469618,0.1744574653,-0.0001302083
557732.8400230210,0.0335693359,9.7999572757,-0.0106811523,0.0000325521,0.1745008680,-0.0001302083
557732.8500230210,0.0328063965,9.7955322269,-0.0314331055,0.0007703993,0.1745876736,-0.0001085069
557732.8600230210,0.0323486328,9.7982788089,-0.0186157227,0.0013563368,0.1745225694,-0.0001193576
557732.8700230210,0.0343322754,9.7982788089,-0.0154113770,-0.0001736111,0.1746636285,-0.0001193576
557732.8800230210,0.0344848633,9.7966003421,-0.0334167480,0.0015733507,0.1745985243,-0.0001193576
557732.8900230210,0.0335693359,9.7990417484,-0.0106811523,0.0004340278,0.1745442708,-0.0001519097
557732.9000230210,0.0326538086,9.7975158695,-0.0280761719,0.0003363715,0.1745659722,-0.0000976562
557732.9100230210,0.0321960449,9.7964477542,-0.0238037109,0.0016167535,0.1745659722,-0.0001410590
557732.9200230211,0.0354003906,9.7996520999,-0.0119018555,-0.0001953125,0.1746202257,-0.0001193576
557732.9300230209,0.0341796875,9.7952270511,-0.0355529785,0.0013020833,0.1746093750,-0.0001193576
557732.9400230210,0.0325012207,9.7991943363,-0.0135803223,0.0009548611,0.1746527778,-0.0001193576
557732.9500230210,0.0329589844,9.7985839847,-0.0210571289,-0.0001302083,0.1746419271,-0.0001410590
557732.9600230210,0.0332641602,9.7959899906,-0.0302124023,0.0017361111,0.1745117187,-0.0001085069
557732.9700230210,0.0335693359,9.7998046878,-0.0090026855,0.0000651042,0.1745551215,-0.0001410590
557732.9800230210,0.0337219238,9.7959899906,-0.0328063965,0.0007161458,0.1745659722,-0.0001193576
557732.9900230210,0.0321960449,9.7978210452,-0.0192260742,0.0014539931,0.1745985243,-0.0001193576
557733.0000230210,0.0335693359,9.7991943363,-0.0158691406,-0.0002712674,0.1745876736,-0.0001193576
557733.0100230210,0.0331115723,9.7955322269,-0.0335693359,0.0015190972,0.1748372396,-0.0000976562
557733.0200230210,0.0334167480,9.7993469241,-0.0099182129,0.0006293403,0.1745768229,-0.0001410590
557733.0300230210,0.0328063965,9.7976684574,-0.0256347656,0.0000976562,0.1745008680,-0.0001085069
557733.0400230211,0.0334167480,9.7962951663,-0.0270080566,0.0017469618,0.1744900174,-0.0001193576
557733.0500230209,0.0334167480,9.7999572757,-0.0105285645,-0.0001302083,0.1745117187,-0.0001410590
557733.0600230210,0.0340270996,9.7955322269,-0.0344848633,0.0011067708,0.1745008680,-0.0001193576
557733.0700230210,0.0329589844,9.7985839847,-0.0138854980,0.0011067708,0.1745117187,-0.0001085069
557733.0800230210,0.0325012207,9.7985839847,-0.0198364258,-0.0001519097,0.1746636285,-0.0001302083
557733.0900230210,0.0334167480,9.7959899906,-0.0318908691,0.0017144097,0.1746093750,-0.0001085069
557733.1000230210,0.0332641602,9.7996520999,-0.0102233887,0.0001519097,0.1745551215,-0.0001085069
557733.1100230210,0.0332641602,9.7959899906,-0.0305175781,0.0005750868,0.1746744792,-0.0001193576
557733.1200230210,0.0332641602,9.7975158695,-0.0201416016,0.0015733507,0.1745876736,-0.0001193576
557733.1300230210,0.0337219238,9.7994995120,-0.0138854980,-0.0002821181,0.1746419271,-0.0001302083
557733.1400230210,0.0329589844,9.7952270511,-0.0358581543,0.0013888889,0.1745768229,-0.0001085069
557733.1500230220,0.0337219238,9.7991943363,-0.0103759766,0.0007812500,0.1745551215,-0.0001193576
557733.1600230220,0.0338745117,9.7976684574,-0.0233459473,0.0000325521,0.1745768229,-0.0001410590
557733.1700230220,0.0337219238,9.7964477542,-0.0292968750,0.0017469618,0.1745659722,-0.0001302083
557733.1800230220,0.0323486328,9.8004150394,-0.0109863281,-0.0000651042,0.1745334201,-0.0001193576
557733.1900230220,0.0325012207,9.7959899906,-0.0332641602,0.0009548611,0.1745442708,-0.0001085069
557733.2000230220,0.0341796875,9.7985839847,-0.0146484375,0.0012369792,0.1745008680,-0.0001085069
557733.2100230220,0.0337219238,9.7985839847,-0.0189208984,-0.0001736111,0.1745768229,-0.0001410590
557733.2200230220,0.0337219238,9.7958374027,-0.0332641602,0.0016493056,0.1745551215,-0.0001193576
557733.2300230220,0.0328063965,9.7994995120,-0.0091552734,0.0002278646,0.1744900174,-0.0001302083
557733.2400230221,0.0326538086,9.7962951663,-0.0297546387,0.0005859375,0.1744900174,-0.0001085069
557733.2500230219,0.0340270996,9.7979736331,-0.0216674805,0.0014973958,0.1744900174,-0.0000976562
557733.2600230220,0.0341796875,9.7994995120,-0.0148010254,-0.0002278646,0.1745334201,-0.0001410590
557733.2700230220,0.0323486328,9.7959899906,-0.0335693359,0.0014431424,0.1745659722,-0.0001193576
557733.2800230220,0.0323486328,9.7993469241,-0.0103759766,0.0007052951,0.1745551215,-0.0001085069
557733.2900230220,0.0337219238,9.7975158695,-0.0254821777,0.0000651042,0.1745659722,-0.0001085069
557733.3000230220,0.0352478027,9.7961425784,-0.0288391113,0.0017903646,0.1749674479,-0.0001193576
557733.3100230220,0.0338745117,9.7994995120,-0.0094604492,-0.0000976562,0.1746419271,-0.0001410590
557733.3200230220,0.0323486328,9.7961425784,-0.0335693359,0.0009331597,0.1745442708,-0.0001085069
557733.3300230220,0.0332641602,9.7985839847,-0.0169372559,0.0013888889,0.1745768229,-0.0000976562
557733.3400230220,0.0328063965,9.7991943363,-0.0177001953,-0.0003363715,0.1745442708,-0.0001302083
557733.3500230220,0.0344848633,9.7955322269,-0.0344848633,0.0016167535,0.1745768229,-0.0001193576
557733.3600230220,0.0325012207,9.7993469241,-0.0076293945,0.0004991319,0.1745985243,-0.0001193576
557733.3700230221,0.0340270996,9.7973632816,-0.0273132324,0.0001736111,0.1745985243,-0.0001302083
557733.3800230219,0.0344848633,9.7956848148,-0.0263977051,0.0017795139,0.1745768229,-0.0001085069
557733.3900230220,0.0341796875,9.7999572757,-0.0111389160,-0.0001627604,0.1746527778,-0.0001302083
557733.4000230220,0.0340270996,9.7949218753,-0.0341796875,0.0011176215,0.1745659722,-0.0001193576
557733.4100230220,0.0328063965,9.7993469241,-0.0152587891,0.0011176215,0.1745442708,-0.0001085069
557733.4200230220,0.0337219238,9.7984313968,-0.0201416016,-0.0001736111,0.1745768229,-0.0001410590
557733.4300230220,0.0334167480,9.7955322269,-0.0309753418,0.0016927083,0.1745117187,-0.0001193576
557733.4400230220,0.0332641602,9.8004150394,-0.0085449219,0.0002278646,0.1745659722,-0.0001410590
557733.4500230220,0.0325012207,9.7958374027,-0.0299072266,0.0005316840,0.1746527778,-0.0001085069
557733.4600230220,0.0331115723,9.7975158695,-0.0228881836,0.0016384549,0.1744900174,-0.0001085069
557733.4700230220,0.0343322754,9.7991943363,-0.0126647949,-0.0002821181,0.1745768229,-0.0001410590
557733.4800230220,0.0343322754,9.7955322269,-0.0346374512,0.0013780382,0.1746202257,-0.0001410590
557733.4900230221,0.0328063965,9.7998046878,-0.0109863281,0.0008355035,0.1744574653,-0.0001085069
557733.5000230219,0.0328063965,9.7975158695,-0.0221252441,-0.0000108507,0.1746527778,-0.0001302083
557733.5100230220,0.0338745117,9.7964477542,-0.0294494629,0.0018120660,0.1746093750,-0.0001085069
557733.5200230220,0.0337219238,9.7993469241,-0.0102233887,0.0000108507,0.1745659722,-0.0001302083
557733.5300230220,0.0341796875,9.7959899906,-0.0326538086,0.0007812500,0.1747395833,-0.0001085069
557733.5400230220,0.0337219238,9.7975158695,-0.0178527832,0.0014105903,0.1745551215,-0.0001193576
557733.5500230220,0.0325012207,9.7993469241,-0.0166320801,-0.0002821181,0.1744574653,-0.0001302083
557733.5600230220,0.0335693359,9.7953796390,-0.0341796875,0.0016059028,0.1746093750,-0.0000976562
557733.5700230220,0.0329589844,9.7999572757,-0.0080871582,0.0004665799,0.1744574653,-0.0001193576
557733.5800230220,0.0340270996,9.7964477542,-0.0274658203,0.0002604167,0.1744683160,-0.0000976562
557733.5900230220,0.0338745117,9.7969055179,-0.0257873535,0.0017903646,0.1745876736,-0.0000976562
557733.6000230220,0.0335693359,9.8002624515,-0.0111389160,-0.0001953125,0.1744683160,-0.0001302083
557733.6100230220,0.0335693359,9.7952270511,-0.0340270996,0.0011067708,0.1746310764,-0.0001193576
557733.6200230221,0.0344848633,9.7991943363,-0.0123596191,0.0011067708,0.1746527778,-0.0001193576
557733.6300230219,0.0334167480,9.7979736331,-0.0178527832,-0.0001953125,0.1746419271,-0.0001410590
557733.6400230220,0.0337219238,9.7959899906,-0.0326538086,0.0017469618,0.1746636285,-0.0001193576
557733.6500230220,0.0332641602,9.7996520999,-0.0091552734,0.0002387153,0.1746636285,-0.0001302083
557733.6600230220,0.0332641602,9.7964477542,-0.0305175781,0.0004991319,0.1744791667,-0.0001085069
557733.6700230220,0.0337219238,9.7975158695,-0.0216674805,0.0016493056,0.1745442708,-0.0001193576
557733.6800230220,0.0335693359,9.7998046878,-0.0125122070,-0.0002821181,0.1745768229,-0.0001519097
557733.6900230220,0.0328063965,9.7955322269,-0.0352478027,0.0013563368,0.1744574653,-0.0001302083
557733.7000230220,0.0331115723,9.7990417484,-0.0122070313,0.0008246528,0.1745442708,-0.0001302083
557733.7100230220,0.0341796875,9.7979736331,-0.0222778320,0.0000000000,0.1745985243,-0.0001193576
557733.7200230220,0.0343322754,9.7962951663,-0.0294494629,0.0017903646,0.1745008680,-0.0001085069
557733.7300230220,0.0334167480,9.8002624515,-0.0097656250,0.0000108507,0.1745876736,-0.0001085069
557733.7400230221,0.0337219238,9.7959899906,-0.0332641602,0.0008463542,0.1745659722,-0.0001302083
557733.7500230219,0.0337219238,9.7982788089,-0.0161743164,0.0013129340,0.1745442708,-0.0001085069
557733.7600230220,0.0334167480,9.7987365726,-0.0170898438,-0.0002170139,0.1746419271,-0.0001302083
557733.7700230220,0.0338745117,9.7964477542,-0.0343322754,0.0016167535,0.1745442708,-0.0001085069
557733.7800230220,0.0341796875,9.7999572757,-0.0097656250,0.0004123264,0.1746419271,-0.0001193576
557733.7900230220,0.0326538086,9.7967529300,-0.0270080566,0.0003689236,0.1746093750,-0.0000976562
557733.8000230220,0.0331115723,9.7972106937,-0.0234985352,0.0016927083,0.1745334201,-0.0000976562
557733.8100230220,0.0347900391,9.7994995120,-0.0122070313,-0.0002278646,0.1744791667,-0.0001193576
557733.8200230220,0.0338745117,9.7956848148,-0.0334167480,0.0012586806,0.1745117187,-0.0001193576
557733.8300230220,0.0332641602,9.8004150394,-0.0126647949,0.0009548611,0.1745225694,-0.0001302083
557733.8400230220,0.0321960449,9.7978210452,-0.0224304199,-0.0000759549,0.1745334201,-0.0000976562
557733.8500230220,0.0347900391,9.7967529300,-0.0292968750,0.0017578125,0.1746202257,-0.0000868056
557733.8600230220,0.0346374512,9.7999572757,-0.0088500977,0.0000976562,0.1745551215,-0.0001302083
557733.8700230221,0.0329589844,9.7961425784,-0.0314331055,0.0007595486,0.1744466146,-0.0001193576
557733.8800230219,0.0332641602,9.7978210452,-0.0192260742,0.0014648437,0.1745876736,-0.0001193576
557733.8900230220,0.0344848633,9.7994995120,-0.0157165527,-0.0003146701,0.1745551215,-0.0001302083
557733.9000230220,0.0341796875,9.7953796390,-0.0350952148,0.0015299479,0.1746419271,-0.0001193576
557733.9100230220,0.0338745117,9.8004150394,-0.0096130371,0.0006184896,0.1746310764,-0.0001085069
557733.9200230220,0.0337219238,9.7976684574,-0.0247192383,0.0001627604,0.1745008680,-0.0000976562
557733.9300230220,0.0329589844,9.7973632816,-0.0280761719,0.0017903646,0.1744900174,-0.0001302083
557733.9400230220,0.0343322754,9.7998046878,-0.0099182129,-0.0001302083,0.1745334201,-0.0001302083
557733.9500230220,0.0331115723,9.7955322269,-0.0325012207,0.0009765625,0.1745225694,-0.0001193576
557733.9600230220,0.0337219238,9.7993469241,-0.0151062012,0.0012695312,0.1745659722,-0.0001302083
557733.9700230220,0.0334167480,9.7987365726,-0.0180053711,-0.0002495660,0.1745768229,-0.0001410590
557733.9800230220,0.0335693359,9.7962951663,-0.0343322754,0.0016927083,0.1745008680,-0.0000976562
557733.9900230221,0.0340270996,9.7991943363,-0.0079345703,0.0004014757,0.1745768229,-0.0001085069
557734.0000230219,0.0334167480,9.7970581058,-0.0280761719,0.0003689236,0.1745659722,-0.0001085069
557734.0100230220,0.0335693359,9.7975158695,-0.0241088867,0.0017035590,0.1748806424,-0.0001302083
557734.0200230220,0.0335693359,9.7994995120,-0.0123596191,-0.0002387153,0.1745876736,-0.0001410590
557734.0300230220,0.0341796875,9.7952270511,-0.0335693359,0.0012369792,0.1745659722,-0.0001193576
557734.0400230220,0.0337219238,9.7996520999,-0.0115966797,0.0009331597,0.1745008680,-0.0001193576
557734.0500230220,0.0337219238,9.7975158695,-0.0212097168,-0.0000434028,0.1746310764,-0.0001302083
557734.0600230220,0.0343322754,9.7966003421,-0.0300598145,0.0017578125,0.1745876736,-0.0001085069
557734.0700230220,0.0340270996,9.7998046878,-0.0091552734,0.0000759549,0.1745876736,-0.0001410590
557734.0800230220,0.0338745117,9.7958374027,-0.0320434570,0.0007812500,0.1747178819,-0.0001193576
557734.0900230220,0.0337219238,9.7990417484,-0.0180053711,0.0013671875,0.1745551215,-0.0001085069
557734.1000230220,0.0335693359,9.7994995120,-0.0157165527,-0.0002387153,0.1745659722,-0.0001193576
557734.1100230220,0.0331115723,9.7961425784,-0.0335693359,0.0015625000,0.1745876736,-0.0001193576
557734.1200230221,0.0329589844,9.7991943363,-0.0099182129,0.0004991319,0.1745334201,-0.0001193576
557734.1300230219,0.0340270996,9.7972106937,-0.0263977051,0.0002821181,0.1746093750,-0.0001085069
557734.1400230220,0.0334167480,9.7966003421,-0.0250244141,0.0017469618,0.1745551215,-0.0001193576
557734.1500230220,0.0335693359,9.8002624515,-0.0109863281,-0.0001953125,0.1745985243,-0.0001302083
557734.1600230220,0.0331115723,9.7953796390,-0.0350952148,0.0012152778,0.1745551215,-0.0001085069
557734.1700230220,0.0337219238,9.7993469241,-0.0119018555,0.0009548611,0.1746310764,-0.0001085069
557734.1800230220,0.0344848633,9.7976684574,-0.0199890137,-0.0000651042,0.1746527778,-0.0001302083
557734.1900230220,0.0334167480,9.7966003421,-0.0296020508,0.0017903646,0.1745985243,-0.0001193576
557734.2000230220,0.0328063965,9.7998046878,-0.0097656250,0.0000976562,0.1745768229,-0.0001302083
557734.2100230220,0.0340270996,9.7959899906,-0.0317382813,0.0007486979,0.1745442708,-0.0001193576
557734.2200230220,0.0328063965,9.7981262210,-0.0175476074,0.0013997396,0.1744574653,-0.0001193576
557734.2300230230,0.0343322754,9.7991943363,-0.0144958496,-0.0002604167,0.1746202257,-0.0001193576
557734.2400230230,0.0341796875,9.7958374027,-0.0338745117,0.0016059028,0.1744683160,-0.0001085069
557734.2500230230,0.0329589844,9.8002624515,-0.0100708008,0.0005425347,0.1744791667,-0.0001410590
557734.2600230230,0.0338745117,9.7975158695,-0.0267028809,0.0001953125,0.1746310764,-0.0001302083
557734.2700230230,0.0338745117,9.7970581058,-0.0256347656,0.0017903646,0.1746202257,-0.0001193576
557734.2800230230,0.0335693359,9.8002624515,-0.0102233887,-0.0001953125,0.1748046875,-0.0001302083
557734.2900230230,0.0354003906,9.7955322269,-0.0332641602,0.0011393229,0.1747395833,-0.0001410590
557734.3000230230,0.0326538086,9.7993469241,-0.0146484375,0.0010959201,0.1744357639,-0.0001193576
557734.3100230230,0.0337219238,9.7985839847,-0.0204467773,-0.0001627604,0.1745334201,-0.0001193576
557734.3200230231,0.0337219238,9.7959899906,-0.0311279297,0.0017795139,0.1745008680,-0.0001085069
557734.3300230230,0.0340270996,9.8001098636,-0.0070190430,0.0002278646,0.1745117187,-0.0001519097
557734.3400230230,0.0343322754,9.7961425784,-0.0306701660,0.0006076389,0.1745225694,-0.0001410590
557734.3500230230,0.0326538086,9.7981262210,-0.0210571289,0.0015842014,0.1745876736,-0.0001193576
557734.3600230230,0.0341796875,9.7994995120,-0.0123596191,-0.0003363715,0.1746202257,-0.0001410590
557734.3700230230,0.0340270996,9.7962951663,-0.0349426270,0.0013997396,0.1745008680,-0.0001193576
557734.3800230230,0.0346374512,9.7996520999,-0.0108337402,0.0009114583,0.1746310764,-0.0001085069
557734.3900230230,0.0331115723,9.7982788089,-0.0221252441,-0.0000651042,0.1745876736,-0.0001410590
557734.4000230230,0.0334167480,9.7962951663,-0.0306701660,0.0018229167,0.1744140625,-0.0001085069
557734.4100230230,0.0344848633,9.7999572757,-0.0073242188,0.0000868056,0.1746636285,-0.0001085069
557734.4200230230,0.0340270996,9.7964477542,-0.0314331055,0.0006944444,0.1745117187,-0.0001410590
557734.4300230230,0.0338745117,9.7979736331,-0.0195312500,0.0014648437,0.1745659722,-0.0001302083
557734.4400230231,0.0335693359,9.7988891605,-0.0151062012,-0.0002821181,0.1746202257,-0.0001193576
557734.4500230229,0.0334167480,9.7955322269,-0.0341796875,0.0014973958,0.1745117187,-0.0001085069
557734.4600230230,0.0344848633,9.7994995120,-0.0094604492,0.0007052951,0.1746093750,-0.0001085069
557734.4700230230,0.0344848633,9.7975158695,-0.0244140625,0.0001410590,0.1745985243,-0.0001410590
557734.4800230230,0.0334167480,9.7970581058,-0.0283813477,0.0017795139,0.1745334201,-0.0001193576
557734.4900230230,0.0340270996,9.8001098636,-0.0099182129,-0.0001302083,0.1746310764,-0.0001410590
557734.5000230230,0.0340270996,9.7958374027,-0.0323486328,0.0010308160,0.1745117187,-0.0000976562
557734.5100230230,0.0337219238,9.7993469241,-0.0152587891,0.0012369792,0.1744574653,-0.0001193576
557734.5200230230,0.0352478027,9.7981262210,-0.0184631348,-0.0001736111,0.1746202257,-0.0001193576
557734.5300230230,0.0326538086,9.7962951663,-0.0326538086,0.0017144097,0.1744357639,-0.0001193576
557734.5400230230,0.0340270996,9.7988891605,-0.0082397461,0.0003255208,0.1745985243,-0.0001302083
557734.5500230230,0.0331115723,9.7964477542,-0.0265502930,0.0004448785,0.1745768229,-0.0001410590
557734.5600230230,0.0344848633,9.7981262210,-0.0234985352,0.0016601562,0.1744357639,-0.0001085069
557734.5700230231,0.0349426270,9.7990417484,-0.0140380859,-0.0002495660,0.1745985243,-0.0001410590
557734.5800230230,0.0326538086,9.7950744632,-0.0328063965,0.0012912326,0.1745225694,-0.0001085069
557734.5900230230,0.0332641602,9.7999572757,-0.0108337402,0.0009548611,0.1745442708,-0.0000976562
557734.6000230230,0.0346374512,9.7973632816,-0.0213623047,-0.0000108507,0.1745985243,-0.0001302083
557734.6100230230,0.0346374512,9.7964477542,-0.0314331055,0.0017795139,0.1745551215,-0.0001302083
557734.6200230230,0.0346374512,9.7994995120,-0.0076293945,0.0000759549,0.1746419271,-0.0001410590
557734.6300230230,0.0323486328,9.7952270511,-0.0303649902,0.0006944444,0.1746310764,-0.0001085069
557734.6400230230,0.0334167480,9.7981262210,-0.0218200684,0.0014973958,0.1746093750,-0.0000976562
557734.6500230230,0.0355529785,9.7988891605,-0.0140380859,-0.0002821181,0.1746310764,-0.0001302083
557734.6600230230,0.0343322754,9.7955322269,-0.0332641602,0.0015190972,0.1745008680,-0.0001085069
557734.6700230230,0.0335693359,9.7993469241,-0.0090026855,0.0007378472,0.1745768229,-0.0001410590
557734.6800230230,0.0328063965,9.7976684574,-0.0254821777,0.0000217014,0.1745659722,-0.0001085069
557734.6900230231,0.0340270996,9.7959899906,-0.0291442871,0.0018120660,0.1745008680,-0.0001085069
557734.7000230229,0.0360107422,9.8001098636,-0.0079345703,-0.0000868056,0.1746310764,-0.0001302083
557734.7100230230,0.0344848633,9.7953796390,-0.0325012207,0.0009548611,0.1745551215,-0.0001193576
557734.7200230230,0.0318908691,9.7985839847,-0.0163269043,0.0013671875,0.1745551215,-0.0001193576
557734.7300230230,0.0338745117,9.7988891605,-0.0169372559,-0.0002387153,0.1746527778,-0.0001193576
557734.7400230230,0.0338745117,9.7955322269,-0.0329589844,0.0016710069,0.1745225694,-0.0001193576
557734.7500230230,0.0343322754,9.7998046878,-0.0082397461,0.0004123264,0.1746636285,-0.0001519097
557734.7600230230,0.0335693359,9.7969055179,-0.0268554688,0.0003255208,0.1745442708,-0.0001302083
557734.7700230230,0.0326538086,9.7967529300,-0.0239562988,0.0017144097,0.1744574653,-0.0001085069
557734.7800230230,0.0347900391,9.7998046878,-0.0117492676,-0.0002170139,0.1745334201,-0.0000976562
557734.7900230230,0.0350952148,9.7955322269,-0.0329589844,0.0013129340,0.1744683160,-0.0001085069
557734.8000230230,0.0335693359,9.7991943363,-0.0120544434,0.0009331597,0.1744466146,-0.0001193576
557734.8100230230,0.0326538086,9.7984313968,-0.0222778320,0.0000000000,0.1745659722,-0.0000976562
557734.8200230231,0.0334167480,9.7962951663,-0.0299072266,0.0017361111,0.1744791667,-0.0001085069
557734.8300230230,0.0344848633,9.7993469241,-0.0073242188,-0.0000108507,0.1746202257,-0.0001193576
557734.8400230230,0.0347900391,9.7958374027,-0.0320434570,0.0008246528,0.1745985243,-0.0001193576
557734.8500230230,0.0329589844,9.7979736331,-0.0187683105,0.0014539931,0.1744683160,-0.0000976562
557734.8600230230,0.0346374512,9.7993469241,-0.0164794922,-0.0002495660,0.1745876736,-0.0001193576
557734.8700230230,0.0350952148,9.7952270511,-0.0334167480,0.0015625000,0.1746093750,-0.0001085069
557734.8800230230,0.0347900391,9.7996520999,-0.0091552734,0.0005750868,0.1746310764,-0.0001193576
557734.8900230230,0.0323486328,9.7976684574,-0.0256347656,0.0002278646,0.1746419271,-0.0001302083
557734.9000230230,0.0331115723,9.7964477542,-0.0259399414,0.0017361111,0.1746202257,-0.0001085069
557734.9100230230,0.0343322754,9.7993469241,-0.0102233887,-0.0001519097,0.1746202257,-0.0000976562
557734.9200230230,0.0340270996,9.7966003421,-0.0329589844,0.0011176215,0.1745768229,-0.0001193576
557734.9300230230,0.0349426270,9.7984313968,-0.0129699707,0.0011935764,0.1745659722,-0.0001085069
557734.9400230231,0.0332641602,9.7984313968,-0.0187683105,-0.0001627604,0.1745985243,-0.0001302083
557734.9500230229,0.0332641602,9.7961425784,-0.0323486328,0.0017361111,0.1747504340,-0.0001302083
557734.9600230230,0.0347900391,9.7996520999,-0.0082397461,0.0002712674,0.1745985243,-0.0001302083
557734.9700230230,0.0332641602,9.7966003421,-0.0277709961,0.0004557292,0.1744466146,-0.0001085069
557734.9800230230,0.0332641602,9.7975158695,-0.0228881836,0.0016710069,0.1745442708,-0.0001193576
557734.9900230230,0.0340270996,9.7990417484,-0.0120544434,-0.0002170139,0.1745768229,-0.0001193576
557735.0000230230,0.0338745117,9.7952270511,-0.0347900391,0.0013020833,0.1745985243,-0.0001193576
557735.0100230230,0.0354003906,9.7996520999,-0.0112915039,0.0009765625,0.1750000000,-0.0001302083
557735.0200230230,0.0331115723,9.7981262210,-0.0201416016,-0.0000651042,0.1745117187,-0.0001193576
557735.0300230230,0.0338745117,9.7966003421,-0.0303649902,0.0017361111,0.1746093750,-0.0001193576
557735.0400230230,0.0350952148,9.7999572757,-0.0090026855,0.0001410590,0.1745659722,-0.0001085069
557735.0500230230,0.0331115723,9.7958374027,-0.0306701660,0.0007378472,0.1744032118,-0.0001085069
557735.0600230230,0.0335693359,9.7979736331,-0.0192260742,0.0014865451,0.1747395833,-0.0001302083
557735.0700230231,0.0341796875,9.7994995120,-0.0144958496,-0.0002712674,0.1745768229,-0.0001193576
557735.0800230230,0.0338745117,9.7958374027,-0.0343322754,0.0015407986,0.1744683160,-0.0001085069
557735.0900230230,0.0341796875,9.7996520999,-0.0085449219,0.0006401910,0.1745876736,-0.0001193576
557735.1000230230,0.0332641602,9.7969055179,-0.0238037109,0.0001410590,0.1745008680,-0.0000976562
557735.1100230230,0.0334167480,9.7964477542,-0.0274658203,0.0017578125,0.1744900174,-0.0001085069
557735.1200230230,0.0358581543,9.8001098636,-0.0088500977,-0.0000976562,0.1745876736,-0.0001193576
557735.1300230230,0.0346374512,9.7953796390,-0.0331115723,0.0010525174,0.1745768229,-0.0001193576
557735.1400230230,0.0329589844,9.7981262210,-0.0154113770,0.0012695312,0.1745008680,-0.0001193576
557735.1500230230,0.0332641602,9.7982788089,-0.0173950195,-0.0002495660,0.1746527778,-0.0001302083
557735.1600230230,0.0346374512,9.7961425784,-0.0329589844,0.0017035590,0.1745551215,-0.0001193576
557735.1700230230,0.0347900391,9.7996520999,-0.0074768066,0.0002821181,0.1745876736,-0.0001085069
557735.1800230230,0.0343322754,9.7962951663,-0.0283813477,0.0005533854,0.1745551215,-0.0001085069
557735.1900230231,0.0326538086,9.7972106937,-0.0231933594,0.0016276042,0.1746093750,-0.0001302083
557735.2000230229,0.0347900391,9.7991943363,-0.0132751465,-0.0002604167,0.1746202257,-0.0001193576
557735.2100230230,0.0344848633,9.7952270511,-0.0317382813,0.0013997396,0.1745225694,-0.0001302083
557735.2200230230,0.0343322754,9.7996520999,-0.0097656250,0.0008572049,0.1744683160,-0.0001193576
557735.2300230230,0.0334167480,9.7978210452,-0.0248718262,0.0000217014,0.1744791667,-0.0001193576
557735.2400230230,0.0341796875,9.7959899906,-0.0299072266,0.0017578125,0.1745334201,-0.0001193576
557735.2500230230,0.0343322754,9.8002624515,-0.0073242188,0.0000000000,0.1745659722,-0.0001193576
557735.2600230230,0.0344848633,9.7955322269,-0.0315856934,0.0009114583,0.1745442708,-0.0001302083
557735.2700230230,0.0331115723,9.7982788089,-0.0173950195,0.0013888889,0.1745985243,-0.0001302083
557735.2800230230,0.0337219238,9.7982788089,-0.0166320801,-0.0002495660,0.1745659722,-0.0001410590
557735.2900230230,0.0344848633,9.7955322269,-0.0328063965,0.0016059028,0.1745225694,-0.0000976562
557735.3000230240,0.0347900391,9.7998046878,-0.0064086914,0.0004665799,0.1746527778,-0.0001085069
557735.3100230240,0.0344848633,9.7969055179,-0.0273132324,0.0003146701,0.1745008680,-0.0000976562
557735.3200230240,0.0332641602,9.7972106937,-0.0256347656,0.0017469618,0.1745334201,-0.0001085069
557735.3300230240,0.0341796875,9.7996520999,-0.0094604492,-0.0001627604,0.1746744792,-0.0001302083
557735.3400230240,0.0344848633,9.7956848148,-0.0320434570,0.0011501736,0.1745551215,-0.0001193576
557735.3500230240,0.0338745117,9.7988891605,-0.0134277344,0.0010959201,0.1745551215,-0.0001302083
557735.3600230240,0.0343322754,9.7984313968,-0.0210571289,-0.0001302083,0.1745985243,-0.0001193576
557735.3700230240,0.0340270996,9.7958374027,-0.0318908691,0.0017361111,0.1745008680,-0.0001085069
557735.3800230240,0.0344848633,9.7994995120,-0.0064086914,0.0001844618,0.1745117187,-0.0000976562
557735.3900230241,0.0341796875,9.7959899906,-0.0289916992,0.0006618924,0.1746419271,-0.0001193576
557735.4000230239,0.0340270996,9.7976684574,-0.0215148926,0.0016059028,0.1745117187,-0.0001085069
557735.4100230240,0.0341796875,9.7993469241,-0.0144958496,-0.0002495660,0.1745334201,-0.0001410590
557735.4200230240,0.0341796875,9.7959899906,-0.0325012207,0.0013563368,0.1745768229,-0.0001193576
557735.4300230240,0.0343322754,9.7993469241,-0.0099182129,0.0008680556,0.1745117187,-0.0000976562
557735.4400230240,0.0334167480,9.7982788089,-0.0227355957,-0.0000108507,0.1745985243,-0.0001302083
557735.4500230240,0.0338745117,9.7959899906,-0.0288391113,0.0018229167,0.1746527778,-0.0001085069
557735.4600230240,0.0337219238,9.7996520999,-0.0082397461,0.0000217014,0.1745659722,-0.0001302083
557735.4700230240,0.0341796875,9.7958374027,-0.0309753418,0.0008680556,0.1746636285,-0.0000976562
557735.4800230240,0.0349426270,9.7984313968,-0.0186157227,0.0014105903,0.1745659722,-0.0001302083
557735.4900230240,0.0341796875,9.7991943363,-0.0157165527,-0.0002712674,0.1745768229,-0.0001410590
557735.5000230240,0.0337219238,9.7961425784,-0.0312805176,0.0015733507,0.1745551215,-0.0000976562
557735.5100230240,0.0343322754,9.8002624515,-0.0090026855,0.0006184896,0.1744791667,-0.0001193576
557735.5200230239,0.0344848633,9.7966003421,-0.0257873535,0.0001953125,0.1745334201,-0.0001302083
557735.5300230240,0.0340270996,9.7961425784,-0.0254821777,0.0017469618,0.1745985243,-0.0001085069
557735.5400230240,0.0341796875,9.7993469241,-0.0090026855,-0.0000976562,0.1745659722,-0.0001193576
557735.5500230240,0.0346374512,9.7955322269,-0.0332641602,0.0011067708,0.1745008680,-0.0001085069
557735.5600230240,0.0350952148,9.7998046878,-0.0158691406,0.0011176215,0.1745442708,-0.0001519097
557735.5700230240,0.0343322754,9.7981262210,-0.0181579590,-0.0001844618,0.1744466146,-0.0001193576
557735.5800230240,0.0338745117,9.7956848148,-0.0300598145,0.0017903646,0.1745117187,-0.0001085069
557735.5900230240,0.0350952148,9.7999572757,-0.0076293945,0.0002929687,0.1746093750,-0.0001302083
557735.6000230240,0.0349426270,9.7969055179,-0.0309753418,0.0005533854,0.1745876736,-0.0001193576
557735.6100230240,0.0334167480,9.7978210452,-0.0218200684,0.0015733507,0.1746419271,-0.0001193576
557735.6200230240,0.0332641602,9.7996520999,-0.0111389160,-0.0002495660,0.1746636285,-0.0001193576
557735.6300230240,0.0344848633,9.7949218753,-0.0326538086,0.0014431424,0.1745008680,-0.0000976562
557735.6400230241,0.0354003906,9.7998046878,-0.0111389160,0.0007486979,0.1745768229,-0.0001193576
557735.6500230239,0.0338745117,9.7979736331,-0.0248718262,0.0001519097,0.1745442708,-0.0001302083
557735.6600230240,0.0328063965,9.7967529300,-0.0253295898,0.0016927083,0.1744900174,-0.0001085069
557735.6700230240,0.0343322754,9.7998046878,-0.0082397461,-0.0000434028,0.1745659722,-0.0001193576
557735.6800230240,0.0360107422,9.7958374027,-0.0328063965,0.0011501736,0.1745442708,-0.0001193576
557735.6900230240,0.0344848633,9.7994995120,-0.0144958496,0.0011284722,0.1748372396,-0.0001410590
557735.7000230240,0.0326538086,9.7982788089,-0.0184631348,-0.0001953125,0.1746636285,-0.0000976562
557735.7100230240,0.0335693359,9.7969055179,-0.0297546387,0.0017252604,0.1747070312,-0.0001085069
557735.7200230240,0.0350952148,9.7994995120,-0.0076293945,0.0003255208,0.1745551215,-0.0001085069
557735.7300230240,0.0340270996,9.7967529300,-0.0308227539,0.0005208333,0.1745551215,-0.0001410590
557735.7400230240,0.0338745117,9.7975158695,-0.0213623047,0.0016167535,0.1745659722,-0.0001302083
557735.7500230240,0.0329589844,9.7996520999,-0.0108337402,-0.0002170139,0.1746202257,-0.0001302083
557735.7600230240,0.0343322754,9.7959899906,-0.0335693359,0.0014322917,0.1745117187,-0.0001085069
557735.7700230239,0.0352478027,9.7991943363,-0.0114440918,0.0007812500,0.1746093750,-0.0001085069
557735.7800230240,0.0340270996,9.7978210452,-0.0230407715,0.0000759549,0.1745876736,-0.0001085069
557735.7900230240,0.0331115723,9.7970581058,-0.0277709961,0.0017795139,0.1745225694,-0.0001302083
557735.8000230240,0.0341796875,9.8001098636,-0.0083923340,0.0000000000,0.1745876736,-0.0001302083
557735.8100230240,0.0346374512,9.7956848148,-0.0320434570,0.0009548611,0.1745659722,-0.0001302083
557735.8200230240,0.0337219238,9.7982788089,-0.0164794922,0.0012912326,0.1745225694,-0.0001085069
557735.8300230240,0.0343322754,9.7991943363,-0.0155639648,-0.0002387153,0.1744683160,-0.0001193576
557735.8400230240,0.0334167480,9.7962951663,-0.0320434570,0.0016710069,0.1745008680,-0.0000976562
557735.8500230240,0.0349426270,9.7999572757,-0.0077819824,0.0004340278,0.1746310764,-0.0000976562
557735.8600230240,0.0334167480,9.7969055179,-0.0276184082,0.0003689236,0.1745659722,-0.0001302083
557735.8700230240,0.0341796875,9.7978210452,-0.0228881836,0.0017361111,0.1745876736,-0.0001085069
557735.8800230240,0.0347900391,9.7993469241,-0.0097656250,-0.0002170139,0.1746527778,-0.0001302083
557735.8900230241,0.0346374512,9.7964477542,-0.0337219238,0.0012152778,0.1745659722,-0.0000976562
557735.9000230239,0.0338745117,9.7990417484,-0.0129699707,0.0010308160,0.1745659722,-0.0001193576
557735.9100230240,0.0343322754,9.7987365726,-0.0196838379,-0.0000759549,0.1746310764,-0.0001193576
557735.9200230240,0.0343322754,9.7964477542,-0.0299072266,0.0018012153,0.1744791667,-0.0000976562
557735.9300230240,0.0343322754,9.7996520999,-0.0082397461,0.0002061632,0.1745768229,-0.0001302083
557735.9400230240,0.0340270996,9.7962951663,-0.0303649902,0.0006076389,0.1745659722,-0.0001410590
557735.9500230240,0.0344848633,9.7979736331,-0.0187683105,0.0015407986,0.1745442708,-0.0001193576
557735.9600230240,0.0341796875,9.7998046878,-0.0122070313,-0.0002495660,0.1746310764,-0.0001193576
557735.9700230240,0.0347900391,9.7958374027,-0.0349426270,0.0014865451,0.1745659722,-0.0001085069
557735.9800230240,0.0343322754,9.7994995120,-0.0106811523,0.0006944444,0.1746093750,-0.0001085069
557735.9900230240,0.0340270996,9.7979736331,-0.0236511230,0.0001844618,0.1745876736,-0.0001302083
557736.0000230240,0.0344848633,9.7967529300,-0.0242614746,0.0017469618,0.1745551215,-0.0001193576
557736.0100230240,0.0346374512,9.7999572757,-0.0105285645,-0.0000651042,0.1749023437,-0.0001410590
557736.0200230239,0.0335693359,9.7953796390,-0.0338745117,0.0011067708,0.1745768229,-0.0001085069
557736.0300230240,0.0340270996,9.7994995120,-0.0140380859,0.0011284722,0.1745442708,-0.0001085069
557736.0400230240,0.0346374512,9.7985839847,-0.0172424316,-0.0001410590,0.1745876736,-0.0001302083
557736.0500230240,0.0355529785,9.7964477542,-0.0306701660,0.0017469618,0.1746527778,-0.0001193576
557736.0600230240,0.0338745117,9.7993469241,-0.0085449219,0.0002821181,0.1745551215,-0.0001085069
557736.0700230240,0.0332641602,9.7970581058,-0.0286865234,0.0004991319,0.1746310764,-0.0001085069
557736.0800230240,0.0343322754,9.7972106937,-0.0209045410,0.0016710069,0.1746093750,-0.0001085069
557736.0900230240,0.0337219238,9.7999572757,-0.0112915039,-0.0002712674,0.1745334201,-0.0001302083
557736.1000230240,0.0343322754,9.7955322269,-0.0344848633,0.0013997396,0.1745008680,-0.0001085069
557736.1100230240,0.0343322754,9.7996520999,-0.0120544434,0.0008680556,0.1745008680,-0.0001085069
557736.1200230240,0.0341796875,9.7978210452,-0.0201416016,0.0000108507,0.1744791667,-0.0001302083
557736.1300230240,0.0344848633,9.7967529300,-0.0268554688,0.0018120660,0.1744900174,-0.0001193576
557736.1400230241,0.0350952148,9.7999572757,-0.0086975098,0.0000651042,0.1746202257,-0.0001302083
557736.1500230239,0.0329589844,9.7959899906,-0.0331115723,0.0008355035,0.1745117187,-0.0000976562
557736.1600230240,0.0346374512,9.7982788089,-0.0177001953,0.0013780382,0.1745225694,-0.0000976562
557736.1700230240,0.0354003906,9.7991943363,-0.0146484375,-0.0002495660,0.1745985243,-0.0001193576
557736.1800230240,0.0347900391,9.7959899906,-0.0335693359,0.0016927083,0.1745117187,-0.0001193576
557736.1900230240,0.0335693359,9.7998046878,-0.0083923340,0.0004991319,0.1746093750,-0.0001193576
557736.2000230240,0.0341796875,9.7964477542,-0.0253295898,0.0002821181,0.1747287326,-0.0001085069
557736.2100230240,0.0340270996,9.7970581058,-0.0245666504,0.0017578125,0.1744900174,-0.0001193576
557736.2200230240,0.0349426270,9.7993469241,-0.0094604492,-0.0001627604,0.1747287326,-0.0001193576
557736.2300230240,0.0341796875,9.7959899906,-0.0326538086,0.0011718750,0.1745985243,-0.0001085069
557736.2400230240,0.0331115723,9.7990417484,-0.0126647949,0.0011067708,0.1745117187,-0.0001085069
557736.2500230240,0.0344848633,9.7978210452,-0.0178527832,-0.0000868056,0.1745985243,-0.0001193576
557736.2600230240,0.0346374512,9.7966003421,-0.0305175781,0.0017469618,0.1744357639,-0.0001193576
557736.2700230239,0.0338745117,9.7996520999,-0.0085449219,0.0002604167,0.1745551215,-0.0001085069
557736.2800230240,0.0346374512,9.7967529300,-0.0292968750,0.0005533854,0.1745768229,-0.0000976562
557736.2900230240,0.0343322754,9.7979736331,-0.0199890137,0.0015516493,0.1744791667,-0.0000976562
557736.3000230240,0.0335693359,9.7999572757,-0.0123596191,-0.0002821181,0.1745659722,-0.0001193576
557736.3100230240,0.0344848633,9.7953796390,-0.0332641602,0.0015407986,0.1745551215,-0.0000976562
557736.3200230240,0.0337219238,9.7998046878,-0.0100708008,0.0007486979,0.1744466146,-0.0000976562
557736.3300230240,0.0349426270,9.7975158695,-0.0234985352,0.0000217014,0.1746419271,-0.0001085069
557736.3400230240,0.0347900391,9.7966003421,-0.0274658203,0.0018880208,0.1744683160,-0.0001302083
557736.3500230240,0.0334167480,9.8007202152,-0.0082397461,0.0000000000,0.1744249132,-0.0000976562
557736.3600230240,0.0349426270,9.7962951663,-0.0314331055,0.0007921007,0.1745551215,-0.0000976562
557736.3700230250,0.0335693359,9.7982788089,-0.0167846680,0.0014322917,0.1745117187,-0.0001085069
557736.3800230250,0.0349426270,9.7993469241,-0.0132751465,-0.0002170139,0.1745659722,-0.0000868056
557736.3900230250,0.0350952148,9.7955322269,-0.0325012207,0.0016384549,0.1746527778,-0.0001085069
557736.4000230250,0.0341796875,9.7996520999,-0.0090026855,0.0005425347,0.1745117187,-0.0001193576
557736.4100230250,0.0343322754,9.7969055179,-0.0257873535,0.0002929687,0.1746093750,-0.0001085069
557736.4200230250,0.0341796875,9.7973632816,-0.0228881836,0.0017144097,0.1745008680,-0.0000976562
557736.4300230250,0.0349426270,9.7996520999,-0.0093078613,-0.0001736111,0.1745659722,-0.0001193576
557736.4400230250,0.0344848633,9.7956848148,-0.0334167480,0.0011827257,0.1746310764,-0.0001193576
557736.4500230250,0.0337219238,9.7988891605,-0.0132751465,0.0011067708,0.1745225694,-0.0001085069
557736.4600230251,0.0341796875,9.7984313968,-0.0193786621,-0.0001627604,0.1745659722,-0.0001193576
557736.4700230249,0.0360107422,9.7959899906,-0.0283813477,0.0018229167,0.1746093750,-0.0001193576
557736.4800230250,0.0334167480,9.7998046878,-0.0067138672,0.0002061632,0.1744574653,-0.0001085069
557736.4900230250,0.0340270996,9.7962951663,-0.0297546387,0.0005859375,0.1746961805,-0.0000976562
557736.5000230250,0.0341796875,9.7970581058,-0.0213623047,0.0016276042,0.1745442708,-0.0001085069
557736.5100230250,0.0350952148,9.7998046878,-0.0105285645,-0.0002604167,0.1746527778,-0.0000976562
557736.5200230250,0.0341796875,9.7955322269,-0.0338745117,0.0014322917,0.1745551215,-0.0001302083
557736.5300230250,0.0329589844,9.7999572757,-0.0115966797,0.0009331597,0.1745225694,-0.0000976562
557736.5400230250,0.0337219238,9.7978210452,-0.0215148926,-0.0000434028,0.1745659722,-0.0000976562
557736.5500230250,0.0358581543,9.7964477542,-0.0262451172,0.0018012153,0.1745117187,-0.0000976562
557736.5600230250,0.0347900391,9.8005676273,-0.0067138672,0.0000000000,0.1745876736,-0.0001302083
557736.5700230250,0.0338745117,9.7956848148,-0.0320434570,0.0008680556,0.1746310764,-0.0001085069
557736.5800230250,0.0328063965,9.7987365726,-0.0186157227,0.0014105903,0.1745442708,-0.0000976562
557736.5900230251,0.0343322754,9.7991943363,-0.0144958496,-0.0002604167,0.1746636285,-0.0001302083
557736.6000230249,0.0360107422,9.7958374027,-0.0314331055,0.0016384549,0.1745551215,-0.0001085069
557736.6100230250,0.0344848633,9.7998046878,-0.0085449219,0.0005859375,0.1745008680,-0.0001193576
557736.6200230250,0.0323486328,9.7967529300,-0.0256347656,0.0002387153,0.1746527778,-0.0000976562
557736.6300230250,0.0335693359,9.7961425784,-0.0250244141,0.0017903646,0.1745659722,-0.0001085069
557736.6400230250,0.0347900391,9.7999572757,-0.0085449219,-0.0001844618,0.1745876736,-0.0000976562
557736.6500230250,0.0350952148,9.7955322269,-0.0331115723,0.0011935764,0.1746093750,-0.0001085069
557736.6600230250,0.0338745117,9.7998046878,-0.0134277344,0.0010959201,0.1745876736,-0.0001085069
557736.6700230250,0.0332641602,9.7981262210,-0.0189208984,-0.0000542535,0.1745117187,-0.0001193576
557736.6800230250,0.0349426270,9.7962951663,-0.0288391113,0.0017361111,0.1745225694,-0.0000976562
557736.6900230250,0.0347900391,9.8002624515,-0.0079345703,0.0001410590,0.1745334201,-0.0000976562
557736.7000230250,0.0352478027,9.7958374027,-0.0302124023,0.0006727431,0.1745876736,-0.0001193576
557736.7100230251,0.0326538086,9.7979736331,-0.0186157227,0.0015407986,0.1746093750,-0.0001085069
557736.7200230249,0.0343322754,9.7993469241,-0.0126647949,-0.0001844618,0.1746310764,-0.0001193576
557736.7300230250,0.0341796875,9.7955322269,-0.0334167480,0.0015190972,0.1746419271,-0.0000976562
557736.7400230250,0.0349426270,9.7996520999,-0.0100708008,0.0006727431,0.1745985243,-0.0001085069
557736.7500230250,0.0338745117,9.7970581058,-0.0227355957,0.0001736111,0.1745876736,-0.0000868056
557736.7600230250,0.0337219238,9.7964477542,-0.0254821777,0.0018012153,0.1745659722,-0.0000976562
557736.7700230250,0.0346374512,9.7999572757,-0.0103759766,-0.0000651042,0.1746419271,-0.0001193576
557736.7800230250,0.0347900391,9.7952270511,-0.0328063965,0.0010308160,0.1745008680,-0.0001085069
557736.7900230250,0.0341796875,9.7991943363,-0.0129699707,0.0012152778,0.1745442708,-0.0001085069
557736.8000230250,0.0341796875,9.7976684574,-0.0151062012,-0.0000759549,0.1745551215,-0.0001193576
557736.8100230250,0.0340270996,9.7966003421,-0.0320434570,0.0016710069,0.1745334201,-0.0000976562
557736.8200230250,0.0347900391,9.7991943363,-0.0085449219,0.0002821181,0.1746310764,-0.0000976562
557736.8300230250,0.0343322754,9.7962951663,-0.0279235840,0.0004882812,0.1745985243,-0.0000976562
557736.8400230251,0.0352478027,9.7972106937,-0.0210571289,0.0016927083,0.1745551215,-0.0001085069
557736.8500230249,0.0344848633,9.7994995120,-0.0108337402,-0.0002170139,0.1746527778,-0.0001302083
557736.8600230250,0.0340270996,9.7956848148,-0.0341796875,0.0013997396,0.1745225694,-0.0000976562
557736.8700230250,0.0343322754,9.7987365726,-0.0102233887,0.0008897569,0.1745659722,-0.0001193576
557736.8800230250,0.0350952148,9.7976684574,-0.0204467773,-0.0000217014,0.1746636285,-0.0000868056
557736.8900230250,0.0346374512,9.7959899906,-0.0279235840,0.0017903646,0.1745876736,-0.0000976562
557736.9000230250,0.0332641602,9.8004150394,-0.0082397461,0.0000542535,0.1745768229,-0.0000976562
557736.9100230250,0.0337219238,9.7956848148,-0.0317382813,0.0008572049,0.1746093750,-0.0000976562
557736.9200230250,0.0363159180,9.7981262210,-0.0163269043,0.0013129340,0.1745551215,-0.0001085069
557736.9300230250,0.0349426270,9.7985839847,-0.0149536133,-0.0001844618,0.1744466146,-0.0001410590
557736.9400230250,0.0331115723,9.7959899906,-0.0311279297,0.0016927083,0.1746744792,-0.0000976562
557736.9500230250,0.0335693359,9.8001098636,-0.0090026855,0.0004448785,0.1745008680,-0.0000976562
557736.9600230251,0.0361633301,9.7966003421,-0.0268554688,0.0003255208,0.1745768229,-0.0000976562
557736.9700230249,0.0360107422,9.7969055179,-0.0210571289,0.0017035590,0.1745985243,-0.0001085069
557736.9800230250,0.0332641602,9.7996520999,-0.0096130371,-0.0001410590,0.1744791667,-0.0001302083
557736.9900230250,0.0343322754,9.7956848148,-0.0341796875,0.0013237847,0.1745985243,-0.0001085069
557737.0000230250,0.0344848633,9.7990417484,-0.0114440918,0.0009657118,0.1745659722,-0.0001085069
557737.0100230250,0.0347900391,9.7981262210,-0.0199890137,-0.0000759549,0.1748480903,-0.0000976562
557737.0200230250,0.0349426270,9.7958374027,-0.0274658203,0.0018337674,0.1745551215,-0.0001085069
557737.0300230250,0.0326538086,9.7996520999,-0.0077819824,0.0001193576,0.1745117187,-0.0001085069
557737.0400230250,0.0343322754,9.7958374027,-0.0306701660,0.0007595486,0.1745117187,-0.0000976562
557737.0500230250,0.0361633301,9.7981262210,-0.0186157227,0.0014431424,0.1745551215,-0.0001193576
557737.0600230250,0.0360107422,9.7988891605,-0.0131225586,-0.0001844618,0.1745768229,-0.0001193576
557737.0700230250,0.0326538086,9.7956848148,-0.0325012207,0.0016167535,0.1745008680,-0.0000976562
557737.0800230250,0.0335693359,9.7996520999,-0.0108337402,0.0005425347,0.1745985243,-0.0001085069
557737.0900230251,0.0341796875,9.7966003421,-0.0251770020,0.0002278646,0.1745551215,-0.0000868056
557737.1000230249,0.0352478027,9.7966003421,-0.0225830078,0.0017144097,0.1745659722,-0.0001085069
557737.1100230250,0.0338745117,9.8001098636,-0.0083923340,-0.0000868056,0.1746202257,-0.0001193576
557737.1200230250,0.0343322754,9.7955322269,-0.0335693359,0.0012044271,0.1746093750,-0.0001193576
557737.1300230250,0.0344848633,9.7991943363,-0.0143432617,0.0011067708,0.1746310764,-0.0001085069
557737.1400230250,0.0350952148,9.7979736331,-0.0164794922,-0.0001736111,0.1745659722,-0.0000868056
557737.1500230250,0.0346374512,9.7953796390,-0.0296020508,0.0017795139,0.1745117187,-0.0000868056
557737.1600230250,0.0346374512,9.7996520999,-0.0077819824,0.0002929687,0.1745985243,-0.0001085069
557737.1700230250,0.0337219238,9.7962951663,-0.0277709961,0.0004557292,0.1744683160,-0.0001085069
557737.1800230250,0.0346374512,9.7978210452,-0.0215148926,0.0016710069,0.1745225694,-0.0000976562
557737.1900230250,0.0350952148,9.8001098636,-0.0097656250,-0.0001844618,0.1746202257,-0.0001193576
557737.2000230250,0.0343322754,9.7952270511,-0.0328063965,0.0013997396,0.1745008680,-0.0001193576
557737.2100230251,0.0343322754,9.7998046878,-0.0120544434,0.0009223090,0.1745876736,-0.0001085069
557737.2200230249,0.0340270996,9.7975158695,-0.0195312500,0.0000000000,0.1745768229,-0.0000976562
557737.2300230250,0.0352478027,9.7962951663,-0.0268554688,0.0017469618,0.1745659722,-0.0000868056
557737.2400230250,0.0352478027,9.8002624515,-0.0077819824,0.0000976562,0.1745876736,-0.0001085069
557737.2500230250,0.0337219238,9.7962951663,-0.0318908691,0.0008355035,0.1745442708,-0.0001085069
557737.2600230250,0.0341796875,9.7978210452,-0.0177001953,0.0014539931,0.1745551215,-0.0001085069
557737.2700230250,0.0346374512,9.7999572757,-0.0131225586,-0.0002495660,0.1745876736,-0.0000976562
557737.2800230250,0.0343322754,9.7953796390,-0.0320434570,0.0016276042,0.1745442708,-0.0000976562
557737.2900230250,0.0337219238,9.8002624515,-0.0086975098,0.0005316840,0.1746093750,-0.0001085069
557737.3000230250,0.0346374512,9.7962951663,-0.0251770020,0.0002712674,0.1745985243,-0.0000976562
557737.3100230250,0.0347900391,9.7975158695,-0.0233459473,0.0017144097,0.1744791667,-0.0001085069
557737.3200230250,0.0344848633,9.7998046878,-0.0100708008,-0.0001302083,0.1746310764,-0.0001302083
557737.3300230250,0.0347900391,9.7952270511,-0.0325012207,0.0012369792,0.1746093750,-0.0000976562
557737.3400230251,0.0341796875,9.7994995120,-0.0117492676,0.0010416667,0.1745008680,-0.0000976562
557737.3500230249,0.0335693359,9.7972106937,-0.0187683105,-0.0000759549,0.1743272569,-0.0000976562
557737.3600230250,0.0349426270,9.7966003421,-0.0283813477,0.0017361111,0.1744900174,-0.0000976562
557737.3700230250,0.0338745117,9.8001098636,-0.0074768066,0.0001627604,0.1744791667,-0.0000976562
557737.3800230250,0.0349426270,9.7962951663,-0.0297546387,0.0007486979,0.1746744792,-0.0000976562
557737.3900230250,0.0346374512,9.7976684574,-0.0172424316,0.0015516493,0.1746419271,-0.0001085069
557737.4000230250,0.0341796875,9.7987365726,-0.0132751465,-0.0002387153,0.1745551215,-0.0001302083
557737.4100230250,0.0344848633,9.7953796390,-0.0337219238,0.0015190972,0.1746961805,-0.0000976562
557737.4200230250,0.0354003906,9.7998046878,-0.0082397461,0.0006835937,0.1745768229,-0.0000976562
557737.4300230250,0.0344848633,9.7975158695,-0.0228881836,0.0001519097,0.1745876736,-0.0001085069
557737.4400230250,0.0343322754,9.7962951663,-0.0267028809,0.0018229167,0.1746093750,-0.0001085069
557737.4500230260,0.0337219238,9.7999572757,-0.0080871582,-0.0000868056,0.1745551215,-0.0001193576
557737.4600230260,0.0349426270,9.7955322269,-0.0315856934,0.0010199653,0.1745008680,-0.0000976562
557737.4700230260,0.0346374512,9.7987365726,-0.0138854980,0.0013563368,0.1745768229,-0.0000976562
557737.4800230260,0.0347900391,9.7996520999,-0.0158691406,-0.0002604167,0.1745117187,-0.0000976562
557737.4900230260,0.0341796875,9.7956848148,-0.0323486328,0.0016927083,0.1745551215,-0.0001085069
557737.5000230260,0.0341796875,9.7988891605,-0.0082397461,0.0004014757,0.1745334201,-0.0000759549
557737.5100230260,0.0357055664,9.7961425784,-0.0263977051,0.0004448785,0.1745008680,-0.0001193576
557737.5200230260,0.0349426270,9.7973632816,-0.0213623047,0.0017252604,0.1745334201,-0.0001085069
557737.5300230260,0.0341796875,9.8004150394,-0.0108337402,-0.0001844618,0.1745876736,-0.0001193576
557737.5400230261,0.0338745117,9.7955322269,-0.0323486328,0.0013454861,0.1746636285,-0.0000976562
557737.5500230259,0.0350952148,9.8001098636,-0.0097656250,0.0009657118,0.1746636285,-0.0000976562
557737.5600230260,0.0354003906,9.7979736331,-0.0209045410,-0.0000976562,0.1745876736,-0.0001302083
557737.5700230260,0.0340270996,9.7952270511,-0.0308227539,0.0018446181,0.1746527778,-0.0000976562
557737.5800230260,0.0331115723,9.7993469241,-0.0068664551,0.0001193576,0.1745442708,-0.0001085069
557737.5900230260,0.0349426270,9.7966003421,-0.0280761719,0.0006727431,0.1745117187,-0.0001193576
557737.6000230260,0.0355529785,9.7979736331,-0.0183105469,0.0016493056,0.1745225694,-0.0001085069
557737.6100230260,0.0341796875,9.7994995120,-0.0134277344,-0.0002712674,0.1745008680,-0.0000976562
557737.6200230260,0.0338745117,9.7950744632,-0.0332641602,0.0014539931,0.1745659722,-0.0000976562
557737.6300230260,0.0337219238,9.7993469241,-0.0076293945,0.0008246528,0.1745768229,-0.0000976562
557737.6400230260,0.0358581543,9.7979736331,-0.0218200684,0.0000325521,0.1744900174,-0.0000976562
557737.6500230260,0.0352478027,9.7969055179,-0.0279235840,0.0018446181,0.1745225694,-0.0001193576
557737.6600230261,0.0326538086,9.7991943363,-0.0079345703,0.0000217014,0.1745551215,-0.0000976562
557737.6700230259,0.0340270996,9.7955322269,-0.0308227539,0.0008463542,0.1745768229,-0.0000759549
557737.6800230260,0.0361633301,9.7978210452,-0.0169372559,0.0014648437,0.1746093750,-0.0000868056
557737.6900230260,0.0357055664,9.7994995120,-0.0140380859,-0.0002604167,0.1746202257,-0.0001193576
557737.7000230260,0.0338745117,9.7952270511,-0.0326538086,0.0015733507,0.1745876736,-0.0001085069
557737.7100230260,0.0334167480,9.7994995120,-0.0073242188,0.0005967882,0.1746419271,-0.0000868056
557737.7200230260,0.0346374512,9.7969055179,-0.0228881836,0.0002278646,0.1745117187,-0.0000868056
557737.7300230260,0.0354003906,9.7972106937,-0.0251770020,0.0018446181,0.1745659722,-0.0000976562
557737.7400230260,0.0347900391,9.7998046878,-0.0093078613,-0.0000868056,0.1745876736,-0.0001193576
557737.7500230260,0.0335693359,9.7961425784,-0.0318908691,0.0010091146,0.1745876736,-0.0000868056
557737.7600230260,0.0338745117,9.7990417484,-0.0123596191,0.0012803819,0.1746419271,-0.0000976562
557737.7700230260,0.0355529785,9.7982788089,-0.0157165527,-0.0001844618,0.1746527778,-0.0000976562
557737.7800230260,0.0358581543,9.7959899906,-0.0326538086,0.0017144097,0.1745008680,-0.0001085069
557737.7900230261,0.0343322754,9.7994995120,-0.0076293945,0.0004882812,0.1746419271,-0.0001410590
557737.8000230259,0.0331115723,9.7970581058,-0.0253295898,0.0003255208,0.1746310764,-0.0000976562
557737.8100230260,0.0347900391,9.7966003421,-0.0234985352,0.0017795139,0.1745985243,-0.0000868056
557737.8200230260,0.0349426270,9.8002624515,-0.0099182129,-0.0001627604,0.1745876736,-0.0001193576
557737.8300230260,0.0346374512,9.7952270511,-0.0334167480,0.0011718750,0.1746310764,-0.0001193576
557737.8400230260,0.0337219238,9.7996520999,-0.0112915039,0.0011393229,0.1745876736,-0.0001085069
557737.8500230260,0.0340270996,9.7979736331,-0.0169372559,-0.0001302083,0.1745768229,-0.0000976562
557737.8600230260,0.0354003906,9.7958374027,-0.0306701660,0.0018120660,0.1745659722,-0.0000976562
557737.8700230260,0.0343322754,9.8004150394,-0.0067138672,0.0002821181,0.1745442708,-0.0001085069
557737.8800230260,0.0337219238,9.7958374027,-0.0288391113,0.0004991319,0.1744574653,-0.0000759549
557737.8900230260,0.0341796875,9.7969055179,-0.0196838379,0.0016384549,0.1745442708,-0.0000976562
557737.9000230260,0.0355529785,9.7991943363,-0.0090026855,-0.0002495660,0.1745551215,-0.0001193576
557737.9100230261,0.0349426270,9.7952270511,-0.0329589844,0.0013997396,0.1745008680,-0.0000976562
557737.9200230259,0.0344848633,9.7991943363,-0.0112915039,0.0009657118,0.1745008680,-0.0001085069
557737.9300230260,0.0346374512,9.7982788089,-0.0187683105,-0.0000651042,0.1745659722,-0.0001193576
557737.9400230260,0.0334167480,9.7958374027,-0.0279235840,0.0018229167,0.1745876736,-0.0000976562
557737.9500230260,0.0344848633,9.7999572757,-0.0070190430,0.0001519097,0.1745985243,-0.0000976562
557737.9600230260,0.0344848633,9.7961425784,-0.0305175781,0.0006618924,0.1745985243,-0.0000976562
557737.9700230260,0.0349426270,9.7972106937,-0.0172424316,0.0015407986,0.1745551215,-0.0001085069
557737.9800230260,0.0328063965,9.7987365726,-0.0117492676,-0.0002278646,0.1745985243,-0.0000868056
557737.9900230260,0.0358581543,9.7955322269,-0.0335693359,0.0015407986,0.1745876736,-0.0001085069
557738.0000230260,0.0347900391,9.7994995120,-0.0102233887,0.0007161458,0.1745659722,-0.0000976562
557738.0100230260,0.0341796875,9.7979736331,-0.0221252441,0.0000868056,0.1748589410,-0.0000868056
557738.0200230260,0.0338745117,9.7962951663,-0.0251770020,0.0017795139,0.1745659722,-0.0001085069
557738.0300230260,0.0341796875,9.7990417484,-0.0076293945,0.0000000000,0.1746310764,-0.0000976562
557738.0400230261,0.0344848633,9.7952270511,-0.0320434570,0.0009548611,0.1745659722,-0.0000976562
557738.0500230259,0.0354003906,9.7982788089,-0.0152587891,0.0013237847,0.1745659722,-0.0001085069
557738.0600230260,0.0338745117,9.7985839847,-0.0144958496,-0.0001844618,0.1746202257,-0.0000976562
557738.0700230260,0.0340270996,9.7956848148,-0.0306701660,0.0017252604,0.1745768229,-0.0000868056
557738.0800230260,0.0352478027,9.7998046878,-0.0071716309,0.0004448785,0.1746527778,-0.0000976562
557738.0900230260,0.0344848633,9.7964477542,-0.0263977051,0.0002929687,0.1746419271,-0.0000976562
557738.1000230260,0.0343322754,9.7967529300,-0.0218200684,0.0017469618,0.1745659722,-0.0001085069
557738.1100230260,0.0344848633,9.7998046878,-0.0076293945,-0.0001410590,0.1745659722,-0.0000868056
557738.1200230260,0.0355529785,9.7958374027,-0.0331115723,0.0012695312,0.1745768229,-0.0001193576
557738.1300230260,0.0344848633,9.7984313968,-0.0134277344,0.0010959201,0.1745551215,-0.0000976562
557738.1400230260,0.0337219238,9.7978210452,-0.0170898438,-0.0001302083,0.1745659722,-0.0000976562
557738.1500230260,0.0344848633,9.7956848148,-0.0273132324,0.0017903646,0.1744357639,-0.0000651042
557738.1600230261,0.0347900391,9.7998046878,-0.0083923340,0.0001736111,0.1745334201,-0.0000868056
557738.1700230259,0.0357055664,9.7958374027,-0.0312805176,0.0007161458,0.1745551215,-0.0001085069
557738.1800230260,0.0341796875,9.7975158695,-0.0167846680,0.0014756944,0.1744683160,-0.0001085069
557738.1900230260,0.0334167480,9.7990417484,-0.0109863281,-0.0001844618,0.1746636285,-0.0000976562
557738.2000230260,0.0354003906,9.7958374027,-0.0323486328,0.0016167535,0.1745659722,-0.0000868056
557738.2100230260,0.0355529785,9.7994995120,-0.0097656250,0.0005859375,0.1746093750,-0.0000976562
557738.2200230260,0.0347900391,9.7969055179,-0.0242614746,0.0002604167,0.1745876736,-0.0000976562
557738.2300230260,0.0343322754,9.7966003421,-0.0224304199,0.0017361111,0.1745876736,-0.0001085069
557738.2400230260,0.0335693359,9.8001098636,-0.0096130371,-0.0000651042,0.1745768229,-0.0000976562
557738.2500230260,0.0349426270,9.7955322269,-0.0334167480,0.0012152778,0.1746310764,-0.0001085069
557738.2600230260,0.0343322754,9.7990417484,-0.0115966797,0.0010850694,0.1745768229,-0.0000976562
557738.2700230260,0.0343322754,9.7979736331,-0.0161743164,-0.0000868056,0.1746853299,-0.0000976562
557738.2800230260,0.0343322754,9.7955322269,-0.0286865234,0.0017903646,0.1745225694,-0.0000868056
557738.2900230261,0.0344848633,9.8001098636,-0.0080871582,0.0002278646,0.1745551215,-0.0001085069
557738.3000230259,0.0349426270,9.7953796390,-0.0294494629,0.0006401910,0.1746093750,-0.0000976562
557738.3100230260,0.0346374512,9.7979736331,-0.0178527832,0.0015299479,0.1744900174,-0.0000976562
557738.3200230260,0.0346374512,9.7990417484,-0.0105285645,-0.0001844618,0.1745985243,-0.0000976562
557738.3300230260,0.0340270996,9.7955322269,-0.0320434570,0.0015407986,0.1745117187,-0.0000976562
557738.3400230260,0.0340270996,9.7996520999,-0.0103759766,0.0006618924,0.1745551215,-0.0001085069
557738.3500230260,0.0346374512,9.7969055179,-0.0228881836,0.0001953125,0.1744900174,-0.0000868056
557738.3600230260,0.0349426270,9.7970581058,-0.0231933594,0.0017469618,0.1745659722,-0.0000976562
557738.3700230260,0.0343322754,9.7998046878,-0.0093078613,-0.0000868056,0.1744900174,-0.0001193576
557738.3800230260,0.0340270996,9.7950744632,-0.0329589844,0.0012044271,0.1746527778,-0.0000976562
557738.3900230260,0.0352478027,9.7996520999,-0.0119018555,0.0011067708,0.1746527778,-0.0000868056
557738.4000230260,0.0340270996,9.7981262210,-0.0180053711,-0.0000868056,0.1743923611,-0.0000868056
557738.4100230261,0.0358581543,9.7964477542,-0.0283813477,0.0018229167,0.1744574653,-0.0000976562
557738.4200230259,0.0332641602,9.8002624515,-0.0079345703,0.0001953125,0.1744249132,-0.0000759549
557738.4300230260,0.0346374512,9.7959899906,-0.0285339355,0.0006184896,0.1747395833,-0.0000868056
557738.4400230260,0.0347900391,9.7975158695,-0.0173950195,0.0015842014,0.1746419271,-0.0001085069
557738.4500230260,0.0344848633,9.7998046878,-0.0108337402,-0.0002387153,0.1745985243,-0.0000976562
557738.4600230260,0.0352478027,9.7952270511,-0.0318908691,0.0015299479,0.1746961805,-0.0000868056
557738.4700230260,0.0334167480,9.7994995120,-0.0100708008,0.0007812500,0.1744791667,-0.0000868056
557738.4800230260,0.0341796875,9.7975158695,-0.0230407715,0.0000759549,0.1745551215,-0.0000868056
557738.4900230260,0.0360107422,9.7969055179,-0.0239562988,0.0017469618,0.1745876736,-0.0000868056
557738.5000230260,0.0341796875,9.7998046878,-0.0085449219,-0.0000217014,0.1745334201,-0.0001302083
557738.5100230260,0.0334167480,9.7958374027,-0.0314331055,0.0010416667,0.1745117187,-0.0000976562
557738.5200230270,0.0338745117,9.7985839847,-0.0140380859,0.0012912326,0.1745659722,-0.0000868056
557738.5300230270,0.0346374512,9.7985839847,-0.0155639648,-0.0001410590,0.1745985243,-0.0000868056
557738.5400230270,0.0347900391,9.7959899906,-0.0309753418,0.0017035590,0.1745876736,-0.0000868056
557738.5500230270,0.0352478027,9.7994995120,-0.0077819824,0.0003472222,0.1746093750,-0.0000976562
557738.5600230270,0.0331115723,9.7961425784,-0.0263977051,0.0004991319,0.1745551215,-0.0001085069
557738.5700230270,0.0340270996,9.7972106937,-0.0193786621,0.0016276042,0.1744791667,-0.0000976562
557738.5800230270,0.0360107422,9.7988891605,-0.0120544434,-0.0001736111,0.1746202257,-0.0001193576
557738.5900230270,0.0358581543,9.7961425784,-0.0323486328,0.0014322917,0.1745117187,-0.0001085069
557738.6000230270,0.0341796875,9.8014831546,-0.0093078613,0.0008897569,0.1745551215,-0.0000868056
557738.6100230271,0.0329589844,9.7978210452,-0.0192260742,0.0000000000,0.1746527778,-0.0000868056
557738.6200230269,0.0332641602,9.7961425784,-0.0265502930,0.0018229167,0.1745225694,-0.0000868056
557738.6300230270,0.0361633301,9.7996520999,-0.0085449219,0.0000651042,0.1745551215,-0.0000759549
557738.6400230270,0.0358581543,9.7956848148,-0.0299072266,0.0008029514,0.1745876736,-0.0001193576
557738.6500230270,0.0338745117,9.7985839847,-0.0148010254,0.0014756944,0.1746202257,-0.0001193576
557738.6600230270,0.0321960449,9.7990417484,-0.0132751465,-0.0001627604,0.1746419271,-0.0000759549
557738.6700230270,0.0354003906,9.7956848148,-0.0331115723,0.0016167535,0.1745768229,-0.0000868056
557738.6800230270,0.0366210938,9.8001098636,-0.0083923340,0.0005425347,0.1746636285,-0.0000976562
557738.6900230270,0.0341796875,9.7966003421,-0.0224304199,0.0002712674,0.1745442708,-0.0001085069
557738.7000230270,0.0323486328,9.7959899906,-0.0219726563,0.0017578125,0.1745659722,-0.0000976562
557738.7100230270,0.0337219238,9.8002624515,-0.0094604492,-0.0000759549,0.1746527778,-0.0000868056
557738.7200230270,0.0358581543,9.7952270511,-0.0331115723,0.0011827257,0.1745117187,-0.0000868056
557738.7300230270,0.0366210938,9.7990417484,-0.0106811523,0.0011176215,0.1745659722,-0.0000976562
557738.7400230271,0.0329589844,9.7985839847,-0.0154113770,-0.0000976562,0.1745985243,-0.0000976562
557738.7500230270,0.0314331055,9.7961425784,-0.0308227539,0.0017903646,0.1744574653,-0.0000651042
557738.7600230270,0.0358581543,9.8001098636,-0.0082397461,0.0002495660,0.1746310764,-0.0001085069
557738.7700230270,0.0369262695,9.7966003421,-0.0257873535,0.0005316840,0.1745876736,-0.0000976562
557738.7800230270,0.0344848633,9.7976684574,-0.0193786621,0.0016710069,0.1745334201,-0.0001085069
557738.7900230270,0.0321960449,9.7999572757,-0.0119018555,-0.0001627604,0.1746310764,-0.0000976562
557738.8000230270,0.0349426270,9.7950744632,-0.0334167480,0.0013997396,0.1745876736,-0.0000759549
557738.8100230270,0.0360107422,9.7993469241,-0.0079345703,0.0009114583,0.1744900174,-0.0000868056
557738.8200230270,0.0354003906,9.7975158695,-0.0187683105,0.0000000000,0.1745659722,-0.0001193576
557738.8300230270,0.0338745117,9.7958374027,-0.0276184082,0.0018446181,0.1745117187,-0.0001193576
557738.8400230270,0.0328063965,9.8001098636,-0.0083923340,0.0000542535,0.1744900174,-0.0000868056
557738.8500230270,0.0357055664,9.7959899906,-0.0282287598,0.0008355035,0.1746419271,-0.0000868056
557738.8600230271,0.0355529785,9.7978210452,-0.0154113770,0.0014648437,0.1745551215,-0.0000868056
557738.8700230269,0.0346374512,9.7991943363,-0.0131225586,-0.0002278646,0.1746310764,-0.0001193576
557738.8800230270,0.0338745117,9.7953796390,-0.0317382813,0.0016493056,0.1745551215,-0.0000868056
557738.8900230270,0.0332641602,9.7998046878,-0.0068664551,0.0005316840,0.1744466146,-0.0000976562
557738.9000230270,0.0354003906,9.7973632816,-0.0251770020,0.0002712674,0.1745334201,-0.0000868056
557738.9100230270,0.0357055664,9.7970581058,-0.0224304199,0.0017903646,0.1745117187,-0.0001085069
557738.9200230270,0.0334167480,9.8002624515,-0.0088500977,-0.0001302083,0.1745768229,-0.0001193576
557738.9300230270,0.0346374512,9.7952270511,-0.0300598145,0.0012586806,0.1746093750,-0.0000868056
557738.9400230270,0.0350952148,9.7990417484,-0.0111389160,0.0011067708,0.1745768229,-0.0000868056
557738.9500230270,0.0352478027,9.7984313968,-0.0189208984,-0.0001410590,0.1746527778,-0.0000976562
557738.9600230270,0.0346374512,9.7961425784,-0.0294494629,0.0018120660,0.1746202257,-0.0000976562
557738.9700230270,0.0338745117,9.8004150394,-0.0057983398,0.0002061632,0.1746093750,-0.0000976562
557738.9800230270,0.0338745117,9.7964477542,-0.0274658203,0.0005859375,0.1745985243,-0.0000976562
557738.9900230271,0.0354003906,9.7975158695,-0.0198364258,0.0017144097,0.1745768229,-0.0000868056
557739.0000230270,0.0352478027,9.7996520999,-0.0102233887,-0.0002170139,0.1746310764,-0.0000976562
557739.0100230270,0.0338745117,9.7955322269,-0.0315856934,0.0013454861,0.1749131944,-0.0000868056
557739.0200230270,0.0341796875,9.7990417484,-0.0103759766,0.0009223090,0.1745117187,-0.0000976562
557739.0300230270,0.0350952148,9.7975158695,-0.0187683105,-0.0000108507,0.1746310764,-0.0000868056
557739.0400230270,0.0343322754,9.7958374027,-0.0270080566,0.0018337674,0.1745117187,-0.0000976562
557739.0500230270,0.0343322754,9.7994995120,-0.0065612793,0.0001410590,0.1746093750,-0.0000868056
557739.0600230270,0.0344848633,9.7966003421,-0.0288391113,0.0007703993,0.1745659722,-0.0000759549
557739.0700230270,0.0349426270,9.7981262210,-0.0169372559,0.0014973958,0.1745551215,-0.0000976562
557739.0800230270,0.0344848633,9.7994995120,-0.0128173828,-0.0001953125,0.1745659722,-0.0000759549
557739.0900230270,0.0344848633,9.7961425784,-0.0311279297,0.0015190972,0.1745008680,-0.0000868056
557739.1000230270,0.0350952148,9.7994995120,-0.0083923340,0.0006618924,0.1746093750,-0.0000976562
557739.1100230271,0.0338745117,9.7975158695,-0.0228881836,0.0002278646,0.1745551215,-0.0000976562
557739.1200230269,0.0352478027,9.7967529300,-0.0234985352,0.0018012153,0.1745551215,-0.0000976562
557739.1300230270,0.0337219238,9.7999572757,-0.0088500977,-0.0000759549,0.1745876736,-0.0000868056
557739.1400230270,0.0344848633,9.7952270511,-0.0328063965,0.0011935764,0.1745985243,-0.0000759549
557739.1500230270,0.0346374512,9.7994995120,-0.0117492676,0.0011067708,0.1745442708,-0.0000976562
557739.1600230270,0.0340270996,9.7979736331,-0.0170898438,-0.0001085069,0.1746636285,-0.0000976562
557739.1700230270,0.0340270996,9.7962951663,-0.0285339355,0.0017903646,0.1745768229,-0.0000976562
557739.1800230270,0.0338745117,9.7994995120,-0.0071716309,0.0002495660,0.1744900174,-0.0000976562
557739.1900230270,0.0357055664,9.7958374027,-0.0270080566,0.0006727431,0.1745876736,-0.0000759549
557739.2000230270,0.0344848633,9.7982788089,-0.0187683105,0.0015516493,0.1744683160,-0.0000868056
557739.2100230270,0.0335693359,9.7998046878,-0.0119018555,-0.0001844618,0.1745117187,-0.0000759549
557739.2200230270,0.0340270996,9.7956848148,-0.0309753418,0.0014973958,0.1744574653,-0.0000759549
557739.2300230270,0.0350952148,9.7996520999,-0.0074768066,0.0006944444,0.1745008680,-0.0000976562
557739.2400230271,0.0340270996,9.7970581058,-0.0227355957,0.0001736111,0.1745442708,-0.0000976562
557739.2500230270,0.0354003906,9.7958374027,-0.0250244141,0.0018012153,0.1745659722,-0.0000976562
557739.2600230270,0.0340270996,9.7991943363,-0.0068664551,-0.0000217014,0.1745985243,-0.0000976562
557739.2700230270,0.0337219238,9.7958374027,-0.0306701660,0.0010525174,0.1746310764,-0.0000759549
557739.2800230270,0.0346374512,9.7990417484,-0.0151062012,0.0012369792,0.1746636285,-0.0000976562
557739.2900230270,0.0350952148,9.7985839847,-0.0149536133,-0.0001627604,0.1746961805,-0.0000976562
557739.3000230270,0.0340270996,9.7956848148,-0.0285339355,0.0017144097,0.1747287326,-0.0001085069
557739.3100230270,0.0332641602,9.7999572757,-0.0065612793,0.0004231771,0.1746310764,-0.0000976562
557739.3200230270,0.0337219238,9.7967529300,-0.0267028809,0.0004665799,0.1745442708,-0.0000868056
557739.3300230270,0.0354003906,9.7972106937,-0.0207519531,0.0017144097,0.1745876736,-0.0000651042
557739.3400230270,0.0352478027,9.7998046878,-0.0096130371,-0.0001844618,0.1745117187,-0.0000976562
557739.3500230270,0.0340270996,9.7950744632,-0.0311279297,0.0013671875,0.1744140625,-0.0000759549
557739.3600230271,0.0335693359,9.7999572757,-0.0100708008,0.0008897569,0.1745008680,-0.0000868056
557739.3700230269,0.0344848633,9.7975158695,-0.0199890137,0.0000000000,0.1745551215,-0.0000868056
557739.3800230270,0.0354003906,9.7967529300,-0.0256347656,0.0018120660,0.1746093750,-0.0000868056
557739.3900230270,0.0343322754,9.7998046878,-0.0076293945,0.0001085069,0.1745985243,-0.0000976562
557739.4000230270,0.0332641602,9.7961425784,-0.0303649902,0.0008463542,0.1745225694,-0.0000651042
557739.4100230270,0.0346374512,9.7978210452,-0.0144958496,0.0014648437,0.1745659722,-0.0000759549
557739.4200230270,0.0349426270,9.7987365726,-0.0126647949,-0.0002495660,0.1745334201,-0.0000868056
557739.4300230270,0.0344848633,9.7950744632,-0.0311279297,0.0016059028,0.1746093750,-0.0000868056
557739.4400230270,0.0338745117,9.7998046878,-0.0076293945,0.0006076389,0.1745985243,-0.0000868056
557739.4500230270,0.0344848633,9.7972106937,-0.0234985352,0.0002712674,0.1745876736,-0.0000651042
557739.4600230270,0.0350952148,9.7967529300,-0.0239562988,0.0018229167,0.1745876736,-0.0000868056
557739.4700230270,0.0349426270,9.8002624515,-0.0079345703,-0.0001085069,0.1745659722,-0.0000868056
557739.4800230270,0.0338745117,9.7958374027,-0.0306701660,0.0011393229,0.1744791667,-0.0000868056
557739.4900230271,0.0337219238,9.7982788089,-0.0114440918,0.0012152778,0.1745876736,-0.0000976562
557739.5000230270,0.0347900391,9.7991943363,-0.0169372559,-0.0002278646,0.1745985243,-0.0000976562
557739.5100230270,0.0354003906,9.7959899906,-0.0300598145,0.0017903646,0.1745768229,-0.0000976562
557739.5200230270,0.0334167480,9.8010253909,-0.0054931641,0.0004014757,0.1746527778,-0.0000759549
557739.5300230270,0.0343322754,9.7970581058,-0.0245666504,0.0004340278,0.1745985243,-0.0000759549
557739.5400230270,0.0341796875,9.7966003421,-0.0218200684,0.0017252604,0.1745008680,-0.0000651042
557739.5500230270,0.0344848633,9.7994995120,-0.0090026855,-0.0001844618,0.1746853299,-0.0000976562
557739.5600230270,0.0338745117,9.7955322269,-0.0303649902,0.0012803819,0.1745117187,-0.0000868056
557739.5700230270,0.0343322754,9.7990417484,-0.0097656250,0.0009982639,0.1745985243,-0.0000976562
557739.5800230270,0.0347900391,9.7987365726,-0.0193786621,0.0000000000,0.1745334201,-0.0000759549
557739.5900230280,0.0340270996,9.7964477542,-0.0280761719,0.0018229167,0.1744683160,-0.0000542535
557739.6000230280,0.0341796875,9.8004150394,-0.0068664551,0.0001410590,0.1745551215,-0.0000868056
557739.6100230280,0.0340270996,9.7961425784,-0.0274658203,0.0007161458,0.1745659722,-0.0000759549
557739.6200230280,0.0346374512,9.7973632816,-0.0172424316,0.0015625000,0.1745659722,-0.0000868056
557739.6300230280,0.0347900391,9.7996520999,-0.0128173828,-0.0002495660,0.1745768229,-0.0000759549
557739.6400230280,0.0343322754,9.7949218753,-0.0314331055,0.0015516493,0.1745985243,-0.0000868056
557739.6500230280,0.0343322754,9.8002624515,-0.0077819824,0.0007921007,0.1746527778,-0.0000759549
557739.6600230280,0.0349426270,9.7973632816,-0.0202941895,0.0000651042,0.1746310764,-0.0000651042
557739.6700230280,0.0346374512,9.7966003421,-0.0265502930,0.0018988715,0.1745768229,-0.0000976562
557739.6800230280,0.0334167480,9.7999572757,-0.0068664551,0.0000542535,0.1745768229,-0.0000759549
557739.6900230279,0.0334167480,9.7961425784,-0.0289916992,0.0007703993,0.1745117187,-0.0000976562
557739.7000230280,0.0355529785,9.7978210452,-0.0175476074,0.0015299479,0.1745768229,-0.0000868056
557739.7100230280,0.0341796875,9.7994995120,-0.0119018555,-0.0002387153,0.1745768229,-0.0001193576
557739.7200230280,0.0335693359,9.7950744632,-0.0303649902,0.0015516493,0.1745985243,-0.0000651042
557739.7300230280,0.0329589844,9.8002624515,-0.0073242188,0.0007161458,0.1744791667,-0.0000868056
557739.7400230280,0.0361633301,9.7967529300,-0.0213623047,0.0001627604,0.1745551215,-0.0000651042
557739.7500230280,0.0355529785,9.7975158695,-0.0238037109,0.0017903646,0.1745117187,-0.0000976562
557739.7600230280,0.0338745117,9.8005676273,-0.0080871582,-0.0000542535,0.1745442708,-0.0000868056
557739.7700230280,0.0338745117,9.7952270511,-0.0305175781,0.0010416667,0.1745876736,-0.0000868056
557739.7800230280,0.0340270996,9.7993469241,-0.0128173828,0.0013129340,0.1745768229,-0.0000976562
557739.7900230280,0.0361633301,9.7985839847,-0.0140380859,-0.0001627604,0.1746419271,-0.0000759549
557739.8000230280,0.0344848633,9.7955322269,-0.0306701660,0.0017144097,0.1745117187,-0.0000976562
557739.8100230281,0.0334167480,9.8005676273,-0.0061035156,0.0004557292,0.1745768229,-0.0000868056
557739.8200230279,0.0343322754,9.7972106937,-0.0253295898,0.0003689236,0.1745985243,-0.0000759549
557739.8300230280,0.0354003906,9.7978210452,-0.0230407715,0.0017361111,0.1745551215,-0.0000868056
557739.8400230280,0.0347900391,9.8002624515,-0.0086975098,-0.0001519097,0.1745768229,-0.0001193576
557739.8500230280,0.0335693359,9.7956848148,-0.0305175781,0.0012261285,0.1745876736,-0.0000976562
557739.8600230280,0.0337219238,9.7990417484,-0.0112915039,0.0011827257,0.1745225694,-0.0000759549
557739.8700230280,0.0343322754,9.7985839847,-0.0167846680,-0.0001627604,0.1745442708,-0.0000651042
557739.8800230280,0.0369262695,9.7961425784,-0.0297546387,0.0017469618,0.1745225694,-0.0000976562
557739.8900230280,0.0337219238,9.7996520999,-0.0057983398,0.0002929687,0.1745442708,-0.0000868056
557739.9000230280,0.0326538086,9.7973632816,-0.0262451172,0.0005750868,0.1746310764,-0.0000759549
557739.9100230280,0.0343322754,9.7981262210,-0.0190734863,0.0016384549,0.1745442708,-0.0000868056
557739.9200230280,0.0349426270,9.7991943363,-0.0112915039,-0.0001844618,0.1746310764,-0.0000651042
557739.9300230280,0.0347900391,9.7956848148,-0.0297546387,0.0014431424,0.1745768229,-0.0000868056
557739.9400230279,0.0331115723,9.7990417484,-0.0077819824,0.0008463542,0.1745876736,-0.0000759549
557739.9500230280,0.0334167480,9.7981262210,-0.0212097168,0.0000976562,0.1746310764,-0.0000868056
557739.9600230280,0.0350952148,9.7966003421,-0.0256347656,0.0018337674,0.1745659722,-0.0000651042
557739.9700230280,0.0346374512,9.8001098636,-0.0062561035,0.0000000000,0.1745659722,-0.0000868056
557739.9800230280,0.0347900391,9.7961425784,-0.0288391113,0.0009657118,0.1745985243,-0.0000868056
557739.9900230280,0.0343322754,9.7984313968,-0.0143432617,0.0013671875,0.1744900174,-0.0000868056
557740.0000230280,0.0338745117,9.7990417484,-0.0158691406,-0.0001302083,0.1746636285,-0.0000759549
557740.0100230280,0.0344848633,9.7961425784,-0.0300598145,0.0016493056,0.1748589410,-0.0000868056
557740.0200230280,0.0341796875,9.7990417484,-0.0062561035,0.0004448785,0.1745442708,-0.0000759549
557740.0300230280,0.0347900391,9.7967529300,-0.0241088867,0.0003797743,0.1746310764,-0.0000759549
557740.0400230280,0.0340270996,9.7973632816,-0.0209045410,0.0017578125,0.1745334201,-0.0000868056
557740.0500230280,0.0340270996,9.7999572757,-0.0099182129,-0.0001736111,0.1745117187,-0.0000651042
557740.0600230281,0.0349426270,9.7953796390,-0.0302124023,0.0012912326,0.1746419271,-0.0000868056
557740.0700230279,0.0346374512,9.7987365726,-0.0102233887,0.0010416667,0.1745551215,-0.0000759549
557740.0800230280,0.0341796875,9.7984313968,-0.0187683105,-0.0000434028,0.1745551215,-0.0000759549
557740.0900230280,0.0344848633,9.7959899906,-0.0267028809,0.0017903646,0.1745985243,-0.0000868056
557740.1000230280,0.0343322754,9.7999572757,-0.0068664551,0.0001519097,0.1745442708,-0.0000868056
557740.1100230280,0.0344848633,9.7959899906,-0.0274658203,0.0007812500,0.1745985243,-0.0000868056
557740.1200230280,0.0344848633,9.7981262210,-0.0164794922,0.0014865451,0.1744574653,-0.0000868056
557740.1300230280,0.0337219238,9.7993469241,-0.0125122070,-0.0001844618,0.1745659722,-0.0000759549
557740.1400230280,0.0346374512,9.7958374027,-0.0305175781,0.0016059028,0.1745008680,-0.0000868056
557740.1500230280,0.0337219238,9.7999572757,-0.0070190430,0.0006618924,0.1745225694,-0.0000868056
557740.1600230280,0.0347900391,9.7972106937,-0.0219726563,0.0001410590,0.1745659722,-0.0000759549
557740.1700230280,0.0346374512,9.7961425784,-0.0242614746,0.0018771701,0.1745008680,-0.0000976562
557740.1800230280,0.0335693359,9.7994995120,-0.0067138672,-0.0000217014,0.1746202257,-0.0000759549
557740.1900230279,0.0344848633,9.7956848148,-0.0297546387,0.0009657118,0.1746310764,-0.0000759549
557740.2000230280,0.0352478027,9.7981262210,-0.0144958496,0.0013671875,0.1744900174,-0.0000542535
557740.2100230280,0.0340270996,9.7991943363,-0.0143432617,-0.0001844618,0.1746636285,-0.0000651042
557740.2200230280,0.0350952148,9.7955322269,-0.0291442871,0.0017035590,0.1746093750,-0.0000868056
557740.2300230280,0.0344848633,9.8002624515,-0.0065612793,0.0004448785,0.1745117187,-0.0000976562
557740.2400230280,0.0347900391,9.7966003421,-0.0254821777,0.0004340278,0.1745768229,-0.0000759549
557740.2500230280,0.0344848633,9.7970581058,-0.0202941895,0.0017035590,0.1745768229,-0.0000868056
557740.2600230280,0.0338745117,9.7998046878,-0.0093078613,-0.0001627604,0.1745442708,-0.0000651042
557740.2700230280,0.0346374512,9.7950744632,-0.0315856934,0.0013129340,0.1745876736,-0.0000868056
557740.2800230280,0.0338745117,9.7993469241,-0.0093078613,0.0010525174,0.1745659722,-0.0000868056
557740.2900230280,0.0334167480,9.7976684574,-0.0166320801,-0.0000976562,0.1745659722,-0.0000759549
557740.3000230280,0.0346374512,9.7956848148,-0.0288391113,0.0018012153,0.1746093750,-0.0000868056
557740.3100230281,0.0347900391,9.8002624515,-0.0059509277,0.0002387153,0.1745334201,-0.0000868056
557740.3200230279,0.0349426270,9.7955322269,-0.0265502930,0.0006618924,0.1745768229,-0.0000759549
557740.3300230280,0.0338745117,9.7973632816,-0.0172424316,0.0016059028,0.1745225694,-0.0000542535
557740.3400230280,0.0341796875,9.7998046878,-0.0109863281,-0.0001844618,0.1745768229,-0.0000868056
557740.3500230280,0.0350952148,9.7958374027,-0.0318908691,0.0014105903,0.1745985243,-0.0000868056
557740.3600230280,0.0352478027,9.7990417484,-0.0077819824,0.0008789062,0.1745985243,-0.0000868056
557740.3700230280,0.0328063965,9.7976684574,-0.0202941895,0.0000325521,0.1746419271,-0.0000759549
557740.3800230280,0.0338745117,9.7969055179,-0.0262451172,0.0017903646,0.1745985243,-0.0000651042
557740.3900230280,0.0344848633,9.8001098636,-0.0067138672,0.0000651042,0.1745768229,-0.0000651042
557740.4000230280,0.0352478027,9.7956848148,-0.0274658203,0.0009440104,0.1745225694,-0.0000868056
557740.4100230280,0.0338745117,9.7984313968,-0.0138854980,0.0013563368,0.1745551215,-0.0000868056
557740.4200230280,0.0329589844,9.7981262210,-0.0157165527,-0.0001410590,0.1745985243,-0.0000759549
557740.4300230280,0.0340270996,9.7955322269,-0.0292968750,0.0016384549,0.1745551215,-0.0000434028
557740.4400230279,0.0367736816,9.8002624515,-0.0047302246,0.0004557292,0.1746310764,-0.0000868056
557740.4500230280,0.0338745117,9.7958374027,-0.0253295898,0.0004991319,0.1745334201,-0.0000651042
557740.4600230280,0.0334167480,9.7975158695,-0.0216674805,0.0016710069,0.1745876736,-0.0000542535
557740.4700230280,0.0328063965,9.7991943363,-0.0094604492,-0.0001953125,0.1745442708,-0.0000651042
557740.4800230280,0.0364685059,9.7947692874,-0.0288391113,0.0013780382,0.1745876736,-0.0000868056
557740.4900230280,0.0355529785,9.7993469241,-0.0086975098,0.0009331597,0.1745876736,-0.0001085069
557740.5000230280,0.0331115723,9.7978210452,-0.0209045410,0.0000217014,0.1746202257,-0.0000868056
557740.5100230280,0.0326538086,9.7962951663,-0.0253295898,0.0018012153,0.1745008680,-0.0000542535
557740.5200230280,0.0338745117,9.8001098636,-0.0056457520,0.0000759549,0.1744900174,-0.0000651042
557740.5300230280,0.0364685059,9.7958374027,-0.0267028809,0.0009331597,0.1746527778,-0.0000759549
557740.5400230280,0.0347900391,9.7984313968,-0.0155639648,0.0013888889,0.1745659722,-0.0000976562
557740.5500230280,0.0323486328,9.7987365726,-0.0157165527,-0.0001844618,0.1746310764,-0.0000651042
557740.5600230281,0.0340270996,9.7958374027,-0.0288391113,0.0016167535,0.1745008680,-0.0000651042
557740.5700230279,0.0363159180,9.7998046878,-0.0057983398,0.0004882812,0.1745768229,-0.0000759549
557740.5800230280,0.0341796875,9.7972106937,-0.0241088867,0.0004231771,0.1745334201,-0.0000759549
557740.5900230280,0.0332641602,9.7970581058,-0.0213623047,0.0017795139,0.1745334201,-0.0000651042
557740.6000230280,0.0328063965,9.8002624515,-0.0094604492,-0.0001844618,0.1745985243,-0.0000651042
557740.6100230280,0.0355529785,9.7956848148,-0.0302124023,0.0012586806,0.1746202257,-0.0000759549
557740.6200230280,0.0347900391,9.7993469241,-0.0096130371,0.0010850694,0.1746419271,-0.0000868056
557740.6300230280,0.0335693359,9.7981262210,-0.0177001953,-0.0000651042,0.1746419271,-0.0000868056
557740.6400230280,0.0341796875,9.7961425784,-0.0282287598,0.0017903646,0.1745876736,-0.0000542535
557740.6500230280,0.0338745117,9.8001098636,-0.0068664551,0.0002278646,0.1745876736,-0.0000759549
557740.6600230280,0.0354003906,9.7962951663,-0.0254821777,0.0006184896,0.1746310764,-0.0000651042
557740.6700230290,0.0344848633,9.7973632816,-0.0172424316,0.0016710069,0.1746093750,-0.0000868056
557740.6800230290,0.0334167480,9.7999572757,-0.0111389160,-0.0002495660,0.1745768229,-0.0000759549
557740.6900230290,0.0344848633,9.7952270511,-0.0312805176,0.0014539931,0.1745008680,-0.0000759549
557740.7000230290,0.0349426270,9.7998046878,-0.0073242188,0.0008246528,0.1745442708,-0.0000868056
557740.7100230290,0.0343322754,9.7975158695,-0.0196838379,0.0001193576,0.1745551215,-0.0000651042
557740.7200230290,0.0338745117,9.7966003421,-0.0248718262,0.0018229167,0.1744900174,-0.0000651042
557740.7300230290,0.0338745117,9.7999572757,-0.0076293945,0.0000000000,0.1746310764,-0.0000651042
557740.7400230290,0.0352478027,9.7959899906,-0.0288391113,0.0010308160,0.1745876736,-0.0000868056
557740.7500230290,0.0338745117,9.7985839847,-0.0131225586,0.0012369792,0.1745551215,-0.0000868056
557740.7600230291,0.0335693359,9.7990417484,-0.0157165527,-0.0001302083,0.1746310764,-0.0000759549
557740.7700230289,0.0340270996,9.7958374027,-0.0289916992,0.0017035590,0.1745876736,-0.0000651042
557740.7800230290,0.0352478027,9.8005676273,-0.0062561035,0.0003472222,0.1745768229,-0.0000651042
557740.7900230290,0.0338745117,9.7966003421,-0.0245666504,0.0005425347,0.1745768229,-0.0000868056
557740.8000230290,0.0337219238,9.7972106937,-0.0193786621,0.0016710069,0.1745768229,-0.0000542535
557740.8100230290,0.0331115723,9.7998046878,-0.0119018555,-0.0001953125,0.1746202257,-0.0000759549
557740.8200230290,0.0352478027,9.7956848148,-0.0308227539,0.0014105903,0.1745659722,-0.0000759549
557740.8300230290,0.0347900391,9.7994995120,-0.0065612793,0.0008246528,0.1745985243,-0.0000651042
557740.8400230290,0.0335693359,9.7973632816,-0.0192260742,0.0001193576,0.1745442708,-0.0000759549
557740.8500230290,0.0329589844,9.7972106937,-0.0257873535,0.0017903646,0.1745334201,-0.0000542535
557740.8600230290,0.0338745117,9.8004150394,-0.0073242188,0.0000325521,0.1745985243,-0.0000651042
557740.8700230290,0.0349426270,9.7959899906,-0.0282287598,0.0009657118,0.1746744792,-0.0000868056
557740.8800230291,0.0338745117,9.7990417484,-0.0128173828,0.0013563368,0.1745876736,-0.0000976562
557740.8900230289,0.0328063965,9.7991943363,-0.0141906738,-0.0001844618,0.1746202257,-0.0000651042
557740.9000230290,0.0338745117,9.7958374027,-0.0299072266,0.0016710069,0.1745985243,-0.0000542535
557740.9100230290,0.0355529785,9.7999572757,-0.0053405762,0.0004665799,0.1746093750,-0.0000759549
557740.9200230290,0.0347900391,9.7975158695,-0.0239562988,0.0004123264,0.1745768229,-0.0000651042
557740.9300230290,0.0331115723,9.7973632816,-0.0221252441,0.0017252604,0.1745551215,-0.0000651042
557740.9400230290,0.0329589844,9.7996520999,-0.0093078613,-0.0001519097,0.1745876736,-0.0000759549
557740.9500230290,0.0341796875,9.7958374027,-0.0292968750,0.0012586806,0.1745117187,-0.0000759549
557740.9600230290,0.0366210938,9.7994995120,-0.0086975098,0.0010416667,0.1745442708,-0.0000759549
557740.9700230290,0.0332641602,9.7979736331,-0.0187683105,-0.0000217014,0.1745334201,-0.0000868056
557740.9800230290,0.0323486328,9.7961425784,-0.0280761719,0.0017903646,0.1745659722,-0.0000542535
557740.9900230290,0.0343322754,9.8001098636,-0.0054931641,0.0001627604,0.1745876736,-0.0000651042
557741.0000230290,0.0355529785,9.7966003421,-0.0262451172,0.0007378472,0.1746093750,-0.0000759549
557741.0100230291,0.0358581543,9.7988891605,-0.0158691406,0.0015407986,0.1748914930,-0.0000651042
557741.0200230289,0.0334167480,9.7991943363,-0.0126647949,-0.0002387153,0.1745551215,-0.0000868056
557741.0300230290,0.0325012207,9.7953796390,-0.0303649902,0.0015407986,0.1745768229,-0.0000542535
557741.0400230290,0.0349426270,9.7996520999,-0.0061035156,0.0006944444,0.1745876736,-0.0000651042
557741.0500230290,0.0366210938,9.7970581058,-0.0218200684,0.0002712674,0.1746744792,-0.0000759549
557741.0600230290,0.0341796875,9.7966003421,-0.0230407715,0.0017795139,0.1745008680,-0.0000868056
557741.0700230290,0.0315856934,9.7996520999,-0.0076293945,-0.0000651042,0.1746202257,-0.0000759549
557741.0800230290,0.0329589844,9.7958374027,-0.0289916992,0.0011393229,0.1745876736,-0.0000542535
557741.0900230290,0.0369262695,9.7991943363,-0.0115966797,0.0011393229,0.1745659722,-0.0000976562
557741.1000230290,0.0355529785,9.7984313968,-0.0166320801,-0.0001085069,0.1745659722,-0.0000759549
557741.1100230290,0.0326538086,9.7959899906,-0.0279235840,0.0018120660,0.1745117187,-0.0000651042
557741.1200230290,0.0317382813,9.8001098636,-0.0051879883,0.0003255208,0.1745551215,-0.0000759549
557741.1300230291,0.0350952148,9.7966003421,-0.0260925293,0.0005533854,0.1746527778,-0.0000542535
557741.1400230289,0.0363159180,9.7972106937,-0.0181579590,0.0016276042,0.1745876736,-0.0000651042
557741.1500230290,0.0350952148,9.7994995120,-0.0097656250,-0.0002170139,0.1745659722,-0.0000976562
557741.1600230290,0.0321960449,9.7949218753,-0.0302124023,0.0014756944,0.1745985243,-0.0000542535
557741.1700230290,0.0332641602,9.7993469241,-0.0093078613,0.0008463542,0.1745768229,-0.0000434028
557741.1800230290,0.0364685059,9.7978210452,-0.0210571289,0.0000976562,0.1746419271,-0.0000434028
557741.1900230290,0.0360107422,9.7969055179,-0.0231933594,0.0018012153,0.1745659722,-0.0000868056
557741.2000230290,0.0328063965,9.8002624515,-0.0059509277,0.0000108507,0.1745768229,-0.0000759549
557741.2100230290,0.0317382813,9.7953796390,-0.0299072266,0.0009765625,0.1745768229,-0.0000759549
557741.2200230290,0.0349426270,9.7991943363,-0.0143432617,0.0013020833,0.1745551215,-0.0000759549
557741.2300230290,0.0361633301,9.7991943363,-0.0140380859,-0.0001844618,0.1745659722,-0.0000759549
557741.2400230290,0.0341796875,9.7955322269,-0.0271606445,0.0017252604,0.1745225694,-0.0000651042
557741.2500230290,0.0328063965,9.8001098636,-0.0057983398,0.0004448785,0.1745876736,-0.0000759549
557741.2600230291,0.0329589844,9.7961425784,-0.0257873535,0.0004882812,0.1745659722,-0.0000217014
557741.2700230289,0.0357055664,9.7967529300,-0.0198364258,0.0017144097,0.1744791667,-0.0000868056
557741.2800230290,0.0347900391,9.7998046878,-0.0082397461,-0.0002387153,0.1746636285,-0.0000868056
557741.2900230290,0.0344848633,9.7950744632,-0.0296020508,0.0013997396,0.1746419271,-0.0000759549
557741.3000230290,0.0329589844,9.7998046878,-0.0106811523,0.0009657118,0.1745768229,-0.0000759549
557741.3100230290,0.0347900391,9.7979736331,-0.0187683105,-0.0000217014,0.1745442708,-0.0000651042
557741.3200230290,0.0340270996,9.7967529300,-0.0254821777,0.0018337674,0.1745225694,-0.0000542535
557741.3300230290,0.0347900391,9.7998046878,-0.0042724609,0.0001519097,0.1746636285,-0.0000759549
557741.3400230290,0.0332641602,9.7959899906,-0.0292968750,0.0007595486,0.1745225694,-0.0000868056
557741.3500230290,0.0331115723,9.7978210452,-0.0177001953,0.0014865451,0.1745117187,-0.0000759549
557741.3600230290,0.0338745117,9.7996520999,-0.0112915039,-0.0002495660,0.1745442708,-0.0000759549
557741.3700230290,0.0357055664,9.7958374027,-0.0280761719,0.0016276042,0.1745551215,-0.0000651042
557741.3800230291,0.0343322754,9.7999572757,-0.0071716309,0.0006835937,0.1745117187,-0.0000759549
557741.3900230289,0.0331115723,9.7972106937,-0.0241088867,0.0002061632,0.1745768229,-0.0000759549
557741.4000230290,0.0334167480,9.7966003421,-0.0230407715,0.0018120660,0.1745225694,-0.0000434028
557741.4100230290,0.0346374512,9.8001098636,-0.0053405762,-0.0000759549,0.1745659722,-0.0000651042
557741.4200230290,0.0354003906,9.7950744632,-0.0296020508,0.0010633681,0.1745985243,-0.0000759549
557741.4300230290,0.0335693359,9.7985839847,-0.0128173828,0.0013129340,0.1745551215,-0.0000868056
557741.4400230290,0.0328063965,9.7991943363,-0.0141906738,-0.0002278646,0.1746419271,-0.0000434028
557741.4500230290,0.0344848633,9.7959899906,-0.0283813477,0.0017578125,0.1745876736,-0.0000651042
557741.4600230290,0.0352478027,9.7998046878,-0.0051879883,0.0004882812,0.1745876736,-0.0000759549
557741.4700230290,0.0346374512,9.7972106937,-0.0248718262,0.0003472222,0.1746527778,-0.0000868056
557741.4800230290,0.0334167480,9.7973632816,-0.0207519531,0.0017578125,0.1746202257,-0.0000651042
557741.4900230290,0.0311279297,9.7993469241,-0.0079345703,-0.0001736111,0.1745008680,-0.0000651042
557741.5000230290,0.0341796875,9.7953796390,-0.0299072266,0.0012261285,0.1745659722,-0.0000325521
557741.5100230291,0.0363159180,9.7987365726,-0.0102233887,0.0011284722,0.1746093750,-0.0000542535
557741.5200230289,0.0343322754,9.7982788089,-0.0177001953,-0.0000868056,0.1745876736,-0.0000759549
557741.5300230290,0.0325012207,9.7959899906,-0.0268554688,0.0018120660,0.1745551215,-0.0000651042
557741.5400230290,0.0335693359,9.7999572757,-0.0051879883,0.0002387153,0.1745008680,-0.0000651042
557741.5500230290,0.0352478027,9.7966003421,-0.0274658203,0.0006510417,0.1745768229,-0.0000759549
557741.5600230290,0.0358581543,9.7975158695,-0.0166320801,0.0016059028,0.1745876736,-0.0000976562
557741.5700230290,0.0326538086,9.7988891605,-0.0097656250,-0.0002495660,0.1745659722,-0.0000651042
557741.5800230290,0.0325012207,9.7953796390,-0.0306701660,0.0014865451,0.1741427951,-0.0000325521
557741.5900230290,0.0360107422,9.7993469241,-0.0080871582,0.0008680556,0.1745768229,-0.0000434028
557741.6000230290,0.0346374512,9.7976684574,-0.0196838379,0.0000759549,0.1746636285,-0.0000868056
557741.6100230290,0.0334167480,9.7964477542,-0.0230407715,0.0018012153,0.1745334201,-0.0000651042
557741.6200230290,0.0323486328,9.7994995120,-0.0057983398,0.0000651042,0.1744900174,-0.0000759549
557741.6300230291,0.0340270996,9.7956848148,-0.0285339355,0.0008680556,0.1746419271,-0.0000651042
557741.6400230289,0.0357055664,9.7982788089,-0.0144958496,0.0013780382,0.1746093750,-0.0000542535
557741.6500230290,0.0346374512,9.7985839847,-0.0132751465,-0.0001085069,0.1745768229,-0.0000759549
557741.6600230290,0.0337219238,9.7955322269,-0.0274658203,0.0016276042,0.1745442708,-0.0000542535
557741.6700230290,0.0338745117,9.7993469241,-0.0079345703,0.0006076389,0.1745876736,-0.0000651042
557741.6800230290,0.0340270996,9.7972106937,-0.0227355957,0.0002061632,0.1745768229,-0.0000651042
557741.6900230290,0.0344848633,9.7962951663,-0.0216674805,0.0018120660,0.1745117187,-0.0000542535
557741.7000230290,0.0335693359,9.7998046878,-0.0061035156,-0.0001085069,0.1745876736,-0.0000542535
557741.7100230290,0.0329589844,9.7958374027,-0.0305175781,0.0011284722,0.1745768229,-0.0000759549
557741.7200230290,0.0344848633,9.7984313968,-0.0128173828,0.0012261285,0.1745768229,-0.0000542535
557741.7300230290,0.0338745117,9.7984313968,-0.0155639648,-0.0001085069,0.1745659722,-0.0000651042
557741.7400230300,0.0352478027,9.7961425784,-0.0262451172,0.0017252604,0.1745659722,-0.0000434028
557741.7500230300,0.0343322754,9.7998046878,-0.0047302246,0.0003472222,0.1745659722,-0.0000759549
557741.7600230300,0.0334167480,9.7964477542,-0.0265502930,0.0005533854,0.1746093750,-0.0000759549
557741.7700230300,0.0337219238,9.7972106937,-0.0190734863,0.0016167535,0.1745225694,-0.0000542535
557741.7800230300,0.0337219238,9.7993469241,-0.0091552734,-0.0001844618,0.1745876736,-0.0000651042
557741.7900230300,0.0347900391,9.7949218753,-0.0299072266,0.0014648437,0.1745876736,-0.0000542535
557741.8000230300,0.0340270996,9.7998046878,-0.0083923340,0.0008897569,0.1746310764,-0.0000759549
557741.8100230300,0.0338745117,9.7972106937,-0.0187683105,0.0000217014,0.1745551215,-0.0000651042
557741.8200230300,0.0337219238,9.7956848148,-0.0251770020,0.0018012153,0.1745225694,-0.0000542535
557741.8300230301,0.0340270996,9.7994995120,-0.0059509277,0.0000542535,0.1746202257,-0.0000759549
557741.8400230299,0.0337219238,9.7956848148,-0.0282287598,0.0009223090,0.1745659722,-0.0000325521
557741.8500230300,0.0349426270,9.7993469241,-0.0141906738,0.0013780382,0.1745876736,-0.0000542535
557741.8600230300,0.0328063965,9.7984313968,-0.0134277344,-0.0001627604,0.1746961805,-0.0000651042
557741.8700230300,0.0314331055,9.7955322269,-0.0292968750,0.0016710069,0.1746636285,-0.0000542535
557741.8800230300,0.0350952148,9.7993469241,-0.0056457520,0.0004665799,0.1745659722,-0.0000759549
557741.8900230300,0.0346374512,9.7972106937,-0.0236511230,0.0004123264,0.1746419271,-0.0000651042
557741.9000230300,0.0343322754,9.7975158695,-0.0204467773,0.0016601562,0.1745768229,-0.0000651042
557741.9100230300,0.0323486328,9.7999572757,-0.0093078613,-0.0001410590,0.1745985243,-0.0000651042
557741.9200230300,0.0328063965,9.7955322269,-0.0305175781,0.0013454861,0.1745117187,-0.0000325521
557741.9300230300,0.0350952148,9.7991943363,-0.0085449219,0.0010091146,0.1745442708,-0.0000434028
557741.9400230300,0.0350952148,9.7978210452,-0.0177001953,-0.0000217014,0.1746202257,-0.0000651042
557741.9500230300,0.0329589844,9.7959899906,-0.0262451172,0.0018120660,0.1745334201,-0.0000868056
557741.9600230301,0.0315856934,9.8004150394,-0.0057983398,0.0001519097,0.1746744792,-0.0000542535
557741.9700230299,0.0346374512,9.7962951663,-0.0276184082,0.0007486979,0.1745985243,-0.0000325521
557741.9800230300,0.0357055664,9.7981262210,-0.0151062012,0.0014973958,0.1744900174,-0.0000434028
557741.9900230300,0.0338745117,9.7988891605,-0.0097656250,-0.0001736111,0.1746202257,-0.0000759549
557742.0000230300,0.0317382813,9.7946166995,-0.0303649902,0.0015733507,0.1745876736,-0.0000434028
557742.0100230300,0.0337219238,9.8001098636,-0.0077819824,0.0006727431,0.1748263889,-0.0000434028
557742.0200230300,0.0357055664,9.7975158695,-0.0213623047,0.0001844618,0.1744683160,-0.0000651042
557742.0300230300,0.0352478027,9.7964477542,-0.0210571289,0.0018663194,0.1745225694,-0.0000542535
557742.0400230300,0.0321960449,9.7999572757,-0.0062561035,-0.0000217014,0.1746744792,-0.0000651042
557742.0500230300,0.0323486328,9.7959899906,-0.0303649902,0.0010091146,0.1746636285,-0.0000434028
557742.0600230300,0.0350952148,9.7981262210,-0.0128173828,0.0013563368,0.1744791667,-0.0000434028
557742.0700230300,0.0357055664,9.7990417484,-0.0134277344,-0.0001844618,0.1745334201,-0.0000759549
557742.0800230301,0.0341796875,9.7955322269,-0.0289916992,0.0017035590,0.1746202257,-0.0000868056
557742.0900230299,0.0315856934,9.8004150394,-0.0062561035,0.0004557292,0.1746419271,-0.0000325521
557742.1000230300,0.0328063965,9.7961425784,-0.0242614746,0.0003363715,0.1745334201,-0.0000434028
557742.1100230300,0.0364685059,9.7969055179,-0.0199890137,0.0018012153,0.1744791667,-0.0000542535
557742.1200230300,0.0350952148,9.7996520999,-0.0070190430,-0.0001302083,0.1746310764,-0.0000868056
557742.1300230300,0.0323486328,9.7953796390,-0.0302124023,0.0012586806,0.1746419271,-0.0000759549
557742.1400230300,0.0328063965,9.7993469241,-0.0105285645,0.0010308160,0.1745985243,-0.0000434028
557742.1500230300,0.0343322754,9.7976684574,-0.0167846680,-0.0000217014,0.1744791667,-0.0000542535
557742.1600230300,0.0357055664,9.7961425784,-0.0247192383,0.0017469618,0.1745117187,-0.0000868056
557742.1700230300,0.0328063965,9.8004150394,-0.0051879883,0.0001736111,0.1746636285,-0.0000759549
557742.1800230300,0.0318908691,9.7959899906,-0.0274658203,0.0007595486,0.1745876736,-0.0000325521
557742.1900230300,0.0335693359,9.7978210452,-0.0163269043,0.0015407986,0.1745008680,-0.0000325521
557742.2000230300,0.0350952148,9.7991943363,-0.0103759766,-0.0002278646,0.1744791667,-0.0000651042
557742.2100230301,0.0346374512,9.7955322269,-0.0297546387,0.0016276042,0.1745551215,-0.0000651042
557742.2200230299,0.0326538086,9.8002624515,-0.0073242188,0.0006401910,0.1746093750,-0.0000759549
557742.2300230300,0.0328063965,9.7972106937,-0.0213623047,0.0001953125,0.1746310764,-0.0000217014
557742.2400230300,0.0347900391,9.7962951663,-0.0219726563,0.0017903646,0.1741319444,-0.0000434028
557742.2500230300,0.0343322754,9.8001098636,-0.0070190430,-0.0000434028,0.1744791667,-0.0000759549
557742.2600230300,0.0328063965,9.7955322269,-0.0297546387,0.0011284722,0.1746744792,-0.0000542535
557742.2700230300,0.0329589844,9.7984313968,-0.0115966797,0.0011718750,0.1746093750,-0.0000542535
557742.2800230300,0.0344848633,9.7985839847,-0.0155639648,-0.0000976562,0.1745876736,-0.0000651042
557742.2900230300,0.0352478027,9.7956848148,-0.0259399414,0.0017469618,0.1745551215,-0.0000434028
557742.3000230300,0.0334167480,9.7996520999,-0.0057983398,0.0002712674,0.1745985243,-0.0000542535
557742.3100230300,0.0323486328,9.7964477542,-0.0271606445,0.0006510417,0.1745008680,-0.0000542535
557742.3200230300,0.0340270996,9.7979736331,-0.0172424316,0.0015299479,0.1744249132,-0.0000325521
557742.3300230301,0.0343322754,9.7998046878,-0.0090026855,-0.0001519097,0.1745659722,-0.0000651042
557742.3400230299,0.0346374512,9.7955322269,-0.0285339355,0.0015190972,0.1745876736,-0.0000542535
557742.3500230300,0.0335693359,9.7999572757,-0.0085449219,0.0007921007,0.1745768229,-0.0000759549
557742.3600230300,0.0323486328,9.7973632816,-0.0202941895,0.0000542535,0.1745985243,-0.0000434028
557742.3700230300,0.0344848633,9.7966003421,-0.0222778320,0.0018446181,0.1746636285,-0.0000434028
557742.3800230300,0.0340270996,9.7994995120,-0.0050354004,0.0000651042,0.1746961805,-0.0000651042
557742.3900230300,0.0334167480,9.7952270511,-0.0308227539,0.0009440104,0.1746093750,-0.0000651042
557742.4000230300,0.0328063965,9.7985839847,-0.0134277344,0.0013454861,0.1744791667,-0.0000434028
557742.4100230300,0.0346374512,9.7988891605,-0.0111389160,-0.0001736111,0.1745551215,-0.0000651042
557742.4200230300,0.0340270996,9.7950744632,-0.0282287598,0.0017035590,0.1745551215,-0.0000434028
557742.4300230300,0.0344848633,9.8004150394,-0.0082397461,0.0004448785,0.1745985243,-0.0000651042
557742.4400230300,0.0320434570,9.7966003421,-0.0234985352,0.0004123264,0.1744574653,-0.0000325521
557742.4500230300,0.0346374512,9.7973632816,-0.0178527832,0.0017361111,0.1744574653,-0.0000434028
557742.4600230301,0.0347900391,9.8002624515,-0.0080871582,-0.0001302083,0.1745985243,-0.0000759549
557742.4700230299,0.0332641602,9.7958374027,-0.0315856934,0.0013129340,0.1744900174,-0.0000434028
557742.4800230300,0.0325012207,9.7999572757,-0.0083923340,0.0009982639,0.1744900174,-0.0000651042
557742.4900230300,0.0338745117,9.7978210452,-0.0164794922,-0.0000542535,0.1746527778,-0.0000542535
557742.5000230300,0.0346374512,9.7958374027,-0.0259399414,0.0018337674,0.1745551215,-0.0000542535
557742.5100230300,0.0334167480,9.8004150394,-0.0070190430,0.0001953125,0.1745768229,-0.0000651042
557742.5200230300,0.0321960449,9.7961425784,-0.0268554688,0.0007052951,0.1746093750,-0.0000542535
557742.5300230300,0.0334167480,9.7979736331,-0.0149536133,0.0015842014,0.1745008680,-0.0000542535
557742.5400230300,0.0346374512,9.7998046878,-0.0088500977,-0.0002387153,0.1745551215,-0.0000651042
557742.5500230300,0.0340270996,9.7947692874,-0.0300598145,0.0015299479,0.1746093750,-0.0000542535
557742.5600230300,0.0323486328,9.7996520999,-0.0074768066,0.0007378472,0.1746419271,-0.0000434028
557742.5700230300,0.0328063965,9.7969055179,-0.0209045410,0.0001627604,0.1746636285,-0.0000434028
557742.5800230301,0.0347900391,9.7970581058,-0.0205993652,0.0018229167,0.1745334201,-0.0000542535
557742.5900230299,0.0344848633,9.7999572757,-0.0062561035,0.0000108507,0.1746310764,-0.0000759549
557742.6000230300,0.0320434570,9.7956848148,-0.0305175781,0.0010199653,0.1745551215,-0.0000434028
557742.6100230300,0.0321960449,9.7984313968,-0.0114440918,0.0012695312,0.1745768229,-0.0000434028
557742.6200230300,0.0334167480,9.7993469241,-0.0137329102,-0.0001736111,0.1746202257,-0.0000542535
557742.6300230300,0.0358581543,9.7958374027,-0.0282287598,0.0017578125,0.1746093750,-0.0000434028
557742.6400230300,0.0332641602,9.7999572757,-0.0067138672,0.0003689236,0.1745985243,-0.0000759549
557742.6500230300,0.0318908691,9.7966003421,-0.0244140625,0.0005425347,0.1746310764,-0.0000325521
557742.6600230300,0.0329589844,9.7970581058,-0.0175476074,0.0016493056,0.1744574653,-0.0000434028
557742.6700230300,0.0360107422,9.7990417484,-0.0093078613,-0.0002170139,0.1746310764,-0.0000759549
557742.6800230300,0.0343322754,9.7958374027,-0.0303649902,0.0013997396,0.1745117187,-0.0000542535
557742.6900230300,0.0315856934,9.7998046878,-0.0077819824,0.0009331597,0.1745985243,-0.0000651042
557742.7000230300,0.0325012207,9.7973632816,-0.0177001953,-0.0000434028,0.1745768229,-0.0000542535
557742.7100230301,0.0349426270,9.7966003421,-0.0260925293,0.0018988715,0.1745768229,-0.0000325521
557742.7200230299,0.0354003906,9.8001098636,-0.0045776367,0.0001844618,0.1745985243,-0.0000651042
557742.7300230300,0.0329589844,9.7959899906,-0.0265502930,0.0006944444,0.1744574653,-0.0000651042
557742.7400230300,0.0320434570,9.7979736331,-0.0170898438,0.0015625000,0.1744357639,-0.0000651042
557742.7500230300,0.0332641602,9.7994995120,-0.0096130371,-0.0002170139,0.1745008680,-0.0000542535
557742.7600230300,0.0338745117,9.7953796390,-0.0300598145,0.0014648437,0.1745442708,-0.0000434028
557742.7700230300,0.0340270996,9.7998046878,-0.0076293945,0.0008463542,0.1744900174,-0.0000434028
557742.7800230300,0.0329589844,9.7978210452,-0.0189208984,0.0001085069,0.1746419271,-0.0000542535
557742.7900230300,0.0332641602,9.7953796390,-0.0247192383,0.0018120660,0.1745985243,-0.0000542535
557742.8000230300,0.0326538086,9.8004150394,-0.0073242188,0.0000542535,0.1745659722,-0.0000542535
557742.8100230300,0.0338745117,9.7958374027,-0.0273132324,0.0008572049,0.1746636285,-0.0000434028
557742.8200230310,0.0340270996,9.7981262210,-0.0128173828,0.0013888889,0.1745985243,-0.0000434028
557742.8300230310,0.0329589844,9.7993469241,-0.0134277344,-0.0001736111,0.1745985243,-0.0000651042
557742.8400230310,0.0332641602,9.7958374027,-0.0289916992,0.0016601562,0.1746202257,-0.0000542535
557742.8500230310,0.0329589844,9.8002624515,-0.0051879883,0.0004448785,0.1744900174,-0.0000217014
557742.8600230310,0.0347900391,9.7966003421,-0.0238037109,0.0004557292,0.1743272569,-0.0000651042
557742.8700230310,0.0340270996,9.7973632816,-0.0190734863,0.0017361111,0.1744791667,-0.0000542535
557742.8800230310,0.0329589844,9.7994995120,-0.0091552734,-0.0001844618,0.1746527778,-0.0000651042
557742.8900230310,0.0325012207,9.7959899906,-0.0299072266,0.0013237847,0.1745876736,-0.0000217014
557742.9000230310,0.0337219238,9.7990417484,-0.0073242188,0.0009331597,0.1745117187,-0.0000217014
557742.9100230311,0.0347900391,9.7978210452,-0.0180053711,0.0000651042,0.1746202257,-0.0000542535
557742.9200230310,0.0338745117,9.7958374027,-0.0247192383,0.0018229167,0.1744791667,-0.0000434028
557742.9300230310,0.0320434570,9.8004150394,-0.0067138672,0.0000759549,0.1746202257,-0.0000651042
557742.9400230310,0.0332641602,9.7958374027,-0.0279235840,0.0008897569,0.1745985243,-0.0000325521
557742.9500230310,0.0349426270,9.7982788089,-0.0122070313,0.0013563368,0.1745225694,-0.0000542535
557742.9600230310,0.0338745117,9.7990417484,-0.0131225586,-0.0001953125,0.1745768229,-0.0000651042
557742.9700230310,0.0332641602,9.7958374027,-0.0279235840,0.0017144097,0.1745768229,-0.0000325521
557742.9800230310,0.0321960449,9.8001098636,-0.0062561035,0.0004991319,0.1745876736,-0.0000651042
557742.9900230310,0.0334167480,9.7967529300,-0.0233459473,0.0003472222,0.1746527778,-0.0000325521
557743.0000230310,0.0344848633,9.7967529300,-0.0202941895,0.0018120660,0.1745768229,-0.0000542535
557743.0100230310,0.0338745117,9.8001098636,-0.0073242188,-0.0001627604,0.1749348958,-0.0000759549
557743.0200230310,0.0321960449,9.7953796390,-0.0312805176,0.0011935764,0.1745876736,-0.0000434028
557743.0300230311,0.0329589844,9.7984313968,-0.0091552734,0.0011176215,0.1746310764,-0.0000325521
557743.0400230309,0.0343322754,9.7987365726,-0.0158691406,-0.0000976562,0.1746744792,-0.0000434028
557743.0500230310,0.0346374512,9.7956848148,-0.0274658203,0.0018446181,0.1746202257,-0.0000434028
557743.0600230310,0.0334167480,9.8002624515,-0.0056457520,0.0002604167,0.1744900174,-0.0000651042
557743.0700230310,0.0328063965,9.7966003421,-0.0248718262,0.0006184896,0.1745876736,-0.0000542535
557743.0800230310,0.0328063965,9.7967529300,-0.0154113770,0.0015407986,0.1745442708,-0.0000434028
557743.0900230310,0.0341796875,9.7991943363,-0.0115966797,-0.0001627604,0.1745008680,-0.0000434028
557743.1000230310,0.0346374512,9.7953796390,-0.0282287598,0.0015299479,0.1745551215,-0.0000542535
557743.1100230310,0.0323486328,9.7991943363,-0.0064086914,0.0007378472,0.1745876736,-0.0000325521
557743.1200230310,0.0317382813,9.7979736331,-0.0215148926,0.0001627604,0.1744791667,-0.0000542535
557743.1300230310,0.0338745117,9.7958374027,-0.0215148926,0.0018446181,0.1746636285,-0.0000434028
557743.1400230310,0.0349426270,9.8004150394,-0.0048828125,-0.0000542535,0.1745985243,-0.0000759549
557743.1500230310,0.0337219238,9.7962951663,-0.0294494629,0.0010091146,0.1745442708,-0.0000434028
557743.1600230311,0.0325012207,9.7984313968,-0.0126647949,0.0013454861,0.1745551215,-0.0000325521
557743.1700230310,0.0325012207,9.7988891605,-0.0129699707,-0.0002170139,0.1745985243,-0.0000542535
557743.1800230310,0.0349426270,9.7953796390,-0.0291442871,0.0017035590,0.1744791667,-0.0000325521
557743.1900230310,0.0357055664,9.7996520999,-0.0051879883,0.0004991319,0.1745659722,-0.0000651042
557743.2000230310,0.0328063965,9.7969055179,-0.0234985352,0.0004014757,0.1745117187,-0.0000651042
557743.2100230310,0.0317382813,9.7970581058,-0.0195312500,0.0016927083,0.1745117187,-0.0000325521
557743.2200230310,0.0334167480,9.7994995120,-0.0091552734,-0.0001410590,0.1745876736,-0.0000108507
557743.2300230310,0.0352478027,9.7950744632,-0.0292968750,0.0012803819,0.1745659722,-0.0000434028
557743.2400230310,0.0335693359,9.7994995120,-0.0082397461,0.0010199653,0.1744574653,-0.0000434028
557743.2500230310,0.0320434570,9.7984313968,-0.0169372559,-0.0000108507,0.1745768229,-0.0000434028
557743.2600230310,0.0337219238,9.7956848148,-0.0248718262,0.0018446181,0.1745334201,-0.0000217014
557743.2700230310,0.0337219238,9.7998046878,-0.0059509277,0.0000868056,0.1746310764,-0.0000542535
557743.2800230311,0.0346374512,9.7959899906,-0.0257873535,0.0008463542,0.1746636285,-0.0000434028
557743.2900230309,0.0326538086,9.7981262210,-0.0134277344,0.0014431424,0.1745117187,-0.0000434028
557743.3000230310,0.0323486328,9.7987365726,-0.0135803223,-0.0002278646,0.1746202257,-0.0000325521
557743.3100230310,0.0347900391,9.7956848148,-0.0283813477,0.0016601562,0.1745985243,-0.0000325521
557743.3200230310,0.0346374512,9.7996520999,-0.0045776367,0.0005967882,0.1745659722,-0.0000651042
557743.3300230310,0.0329589844,9.7970581058,-0.0222778320,0.0002712674,0.1746419271,-0.0000651042
557743.3400230310,0.0323486328,9.7966003421,-0.0207519531,0.0017469618,0.1745768229,-0.0000325521
557743.3500230310,0.0332641602,9.7998046878,-0.0073242188,-0.0000976562,0.1745876736,-0.0000108507
557743.3600230310,0.0346374512,9.7952270511,-0.0291442871,0.0011718750,0.1745117187,-0.0000325521
557743.3700230310,0.0340270996,9.7991943363,-0.0112915039,0.0011284722,0.1745225694,-0.0000542535
557743.3800230310,0.0317382813,9.7985839847,-0.0152587891,-0.0000868056,0.1745551215,-0.0000542535
557743.3900230310,0.0331115723,9.7962951663,-0.0259399414,0.0018012153,0.1745876736,-0.0000434028
557743.4000230310,0.0337219238,9.7996520999,-0.0064086914,0.0002604167,0.1745985243,-0.0000542535
557743.4100230311,0.0341796875,9.7962951663,-0.0260925293,0.0006618924,0.1746310764,-0.0000217014
557743.4200230310,0.0329589844,9.7979736331,-0.0161743164,0.0015407986,0.1745008680,-0.0000542535
557743.4300230310,0.0325012207,9.7993469241,-0.0096130371,-0.0001844618,0.1746202257,-0.0000434028
557743.4400230310,0.0331115723,9.7952270511,-0.0303649902,0.0015407986,0.1745442708,-0.0000325521
557743.4500230310,0.0340270996,9.7996520999,-0.0065612793,0.0006944444,0.1745442708,-0.0000651042
557743.4600230310,0.0329589844,9.7961425784,-0.0201416016,0.0002604167,0.1746527778,-0.0000651042
557743.4700230310,0.0326538086,9.7970581058,-0.0209045410,0.0017469618,0.1745768229,-0.0000325521
557743.4800230310,0.0332641602,9.8001098636,-0.0065612793,-0.0000868056,0.1745659722,-0.0000325521
557743.4900230310,0.0341796875,9.7955322269,-0.0299072266,0.0011284722,0.1745876736,-0.0000325521
557743.5000230310,0.0341796875,9.7988891605,-0.0111389160,0.0011718750,0.1745768229,-0.0000325521
557743.5100230310,0.0318908691,9.7985839847,-0.0143432617,-0.0000759549,0.1746202257,-0.0000434028
557743.5200230310,0.0332641602,9.7953796390,-0.0257873535,0.0017903646,0.1746093750,-0.0000325521
557743.5300230311,0.0346374512,9.7999572757,-0.0048828125,0.0003363715,0.1745768229,-0.0000434028
557743.5400230309,0.0338745117,9.7964477542,-0.0260925293,0.0005533854,0.1745768229,-0.0000542535
557743.5500230310,0.0326538086,9.7979736331,-0.0175476074,0.0016059028,0.1745551215,-0.0000325521
557743.5600230310,0.0325012207,9.7993469241,-0.0076293945,-0.0002278646,0.1746636285,-0.0000325521
557743.5700230310,0.0346374512,9.7950744632,-0.0282287598,0.0015299479,0.1745876736,-0.0000217014
557743.5800230310,0.0335693359,9.7996520999,-0.0082397461,0.0008029514,0.1745659722,-0.0000434028
557743.5900230310,0.0323486328,9.7975158695,-0.0218200684,0.0001193576,0.1746310764,-0.0000651042
557743.6000230310,0.0321960449,9.7966003421,-0.0224304199,0.0017578125,0.1744900174,-0.0000217014
557743.6100230310,0.0337219238,9.8004150394,-0.0045776367,0.0000108507,0.1746202257,-0.0000434028
557743.6200230310,0.0343322754,9.7956848148,-0.0286865234,0.0010199653,0.1745225694,-0.0000434028
557743.6300230310,0.0332641602,9.7990417484,-0.0125122070,0.0012152778,0.1745442708,-0.0000434028
557743.6400230310,0.0321960449,9.7987365726,-0.0141906738,-0.0000868056,0.1745876736,-0.0000434028
557743.6500230310,0.0332641602,9.7959899906,-0.0254821777,0.0017469618,0.1745876736,-0.0000325521
557743.6600230311,0.0354003906,9.8002624515,-0.0048828125,0.0003472222,0.1745768229,-0.0000542535
557743.6700230310,0.0337219238,9.7964477542,-0.0268554688,0.0005859375,0.1746527778,-0.0000542535
557743.6800230310,0.0321960449,9.7978210452,-0.0172424316,0.0016167535,0.1745442708,-0.0000434028
557743.6900230310,0.0328063965,9.7996520999,-0.0071716309,-0.0002170139,0.1746310764,-0.0000434028
557743.7000230310,0.0337219238,9.7958374027,-0.0280761719,0.0014648437,0.1745985243,-0.0000217014
557743.7100230310,0.0337219238,9.7998046878,-0.0094604492,0.0008789062,0.1745117187,-0.0000651042
557743.7200230310,0.0326538086,9.7978210452,-0.0195312500,0.0000976562,0.1746744792,-0.0000434028
557743.7300230310,0.0329589844,9.7966003421,-0.0221252441,0.0017795139,0.1745876736,-0.0000108507
557743.7400230310,0.0335693359,9.8001098636,-0.0057983398,0.0000217014,0.1746202257,-0.0000542535
557743.7500230310,0.0338745117,9.7961425784,-0.0285339355,0.0009982639,0.1745985243,-0.0000325521
557743.7600230310,0.0328063965,9.7993469241,-0.0119018555,0.0012369792,0.1745659722,-0.0000434028
557743.7700230310,0.0318908691,9.7996520999,-0.0141906738,-0.0001519097,0.1745768229,-0.0000325521
557743.7800230311,0.0326538086,9.7959899906,-0.0279235840,0.0017252604,0.1745008680,-0.0000325521
557743.7900230309,0.0347900391,9.8004150394,-0.0053405762,0.0004340278,0.1744791667,-0.0000651042
557743.8000230310,0.0341796875,9.7970581058,-0.0241088867,0.0003689236,0.1745334201,-0.0000542535
557743.8100230310,0.0317382813,9.7969055179,-0.0183105469,0.0017469618,0.1744791667,-0.0000325521
557743.8200230310,0.0320434570,9.7999572757,-0.0074768066,-0.0001844618,0.1745876736,-0.0000434028
557743.8300230310,0.0335693359,9.7953796390,-0.0302124023,0.0012803819,0.1745876736,-0.0000217014
557743.8400230310,0.0350952148,9.7996520999,-0.0079345703,0.0010308160,0.1745225694,-0.0000651042
557743.8500230310,0.0325012207,9.7982788089,-0.0172424316,-0.0000217014,0.1745985243,-0.0000651042
557743.8600230310,0.0314331055,9.7959899906,-0.0254821777,0.0018446181,0.1745985243,-0.0000434028
557743.8700230310,0.0328063965,9.8001098636,-0.0045776367,0.0001410590,0.1745442708,-0.0000108507
557743.8800230310,0.0347900391,9.7955322269,-0.0260925293,0.0007703993,0.1746527778,-0.0000325521
557743.8900230320,0.0340270996,9.7985839847,-0.0144958496,0.0014648437,0.1745225694,-0.0000434028
557743.9000230320,0.0314331055,9.7993469241,-0.0117492676,-0.0001736111,0.1745442708,-0.0000434028
557743.9100230320,0.0323486328,9.7949218753,-0.0289916992,0.0016059028,0.1746202257,-0.0000217014
557743.9200230320,0.0347900391,9.7998046878,-0.0064086914,0.0006727431,0.1745659722,-0.0000542535
557743.9300230320,0.0344848633,9.7973632816,-0.0202941895,0.0002387153,0.1746310764,-0.0000651042
557743.9400230320,0.0323486328,9.7970581058,-0.0219726563,0.0017903646,0.1745876736,-0.0000434028
557743.9500230320,0.0320434570,9.8002624515,-0.0064086914,-0.0000868056,0.1745659722,-0.0000325521
557743.9600230320,0.0335693359,9.7958374027,-0.0292968750,0.0010850694,0.1745659722,-0.0000217014
557743.9700230320,0.0346374512,9.7991943363,-0.0108337402,0.0012803819,0.1746093750,-0.0000217014
557743.9800230321,0.0340270996,9.7987365726,-0.0140380859,-0.0001519097,0.1745659722,-0.0000542535
557743.9900230319,0.0317382813,9.7950744632,-0.0282287598,0.0017578125,0.1745117187,-0.0000325521
557744.0000230320,0.0314331055,9.8001098636,-0.0048828125,0.0003472222,0.1745551215,-0.0000542535
557744.0100230320,0.0338745117,9.7966003421,-0.0236511230,0.0004991319,0.1749023437,-0.0000217014
557744.0200230320,0.0343322754,9.7984313968,-0.0172424316,0.0016276042,0.1745442708,-0.0000542535
557744.0300230320,0.0329589844,9.7996520999,-0.0099182129,-0.0001627604,0.1745985243,-0.0000542535
557744.0400230320,0.0320434570,9.7959899906,-0.0289916992,0.0013780382,0.1744140625,-0.0000217014
557744.0500230320,0.0332641602,9.8001098636,-0.0065612793,0.0009114583,0.1745551215,-0.0000434028
557744.0600230320,0.0337219238,9.7976684574,-0.0173950195,0.0000651042,0.1744900174,-0.0000217014
557744.0700230320,0.0326538086,9.7969055179,-0.0253295898,0.0017469618,0.1745225694,-0.0000434028
557744.0800230320,0.0332641602,9.8004150394,-0.0047302246,0.0001085069,0.1745985243,-0.0000434028
557744.0900230320,0.0318908691,9.7956848148,-0.0256347656,0.0008572049,0.1744900174,-0.0000325521
557744.1000230320,0.0340270996,9.7985839847,-0.0135803223,0.0013888889,0.1745225694,-0.0000217014
557744.1100230319,0.0332641602,9.7985839847,-0.0123596191,-0.0001519097,0.1745985243,-0.0000434028
557744.1200230320,0.0329589844,9.7961425784,-0.0273132324,0.0016601562,0.1745117187,-0.0000434028
557744.1300230320,0.0337219238,9.7998046878,-0.0056457520,0.0005099826,0.1746093750,-0.0000542535
557744.1400230320,0.0325012207,9.7970581058,-0.0238037109,0.0003689236,0.1745659722,-0.0000217014
557744.1500230320,0.0332641602,9.7973632816,-0.0192260742,0.0017252604,0.1745551215,-0.0000325521
557744.1600230320,0.0335693359,9.8002624515,-0.0079345703,-0.0001627604,0.1746527778,-0.0000434028
557744.1700230320,0.0321960449,9.7950744632,-0.0291442871,0.0012695312,0.1745442708,-0.0000108507
557744.1800230320,0.0323486328,9.8002624515,-0.0076293945,0.0010199653,0.1745008680,-0.0000325521
557744.1900230320,0.0331115723,9.7981262210,-0.0172424316,0.0000000000,0.1746527778,-0.0000434028
557744.2000230320,0.0329589844,9.7962951663,-0.0263977051,0.0018120660,0.1745225694,-0.0000434028
557744.2100230320,0.0328063965,9.8004150394,-0.0045776367,0.0001410590,0.1745876736,-0.0000434028
557744.2200230320,0.0325012207,9.7962951663,-0.0250244141,0.0007378472,0.1746419271,-0.0000217014
557744.2300230321,0.0338745117,9.7981262210,-0.0143432617,0.0015299479,0.1744683160,-0.0000217014
557744.2400230319,0.0332641602,9.7990417484,-0.0106811523,-0.0001953125,0.1746419271,-0.0000542535
557744.2500230320,0.0318908691,9.7955322269,-0.0291442871,0.0015407986,0.1745551215,-0.0000434028
557744.2600230320,0.0337219238,9.7991943363,-0.0053405762,0.0007812500,0.1744900174,-0.0000325521
557744.2700230320,0.0325012207,9.7976684574,-0.0202941895,0.0001193576,0.1745442708,-0.0000434028
557744.2800230320,0.0334167480,9.7961425784,-0.0234985352,0.0018012153,0.1744683160,-0.0000217014
557744.2900230320,0.0326538086,9.7998046878,-0.0062561035,-0.0000434028,0.1745659722,-0.0000434028
557744.3000230320,0.0332641602,9.7955322269,-0.0271606445,0.0010091146,0.1745442708,-0.0000217014
557744.3100230320,0.0337219238,9.7993469241,-0.0108337402,0.0013454861,0.1746527778,-0.0000542535
557744.3200230320,0.0328063965,9.7987365726,-0.0135803223,-0.0001844618,0.1745768229,-0.0000434028
557744.3300230320,0.0318908691,9.7958374027,-0.0299072266,0.0017252604,0.1746202257,-0.0000325521
557744.3400230320,0.0321960449,9.8002624515,-0.0047302246,0.0004448785,0.1745985243,-0.0000217014
557744.3500230320,0.0341796875,9.7976684574,-0.0215148926,0.0003363715,0.1745768229,-0.0000434028
557744.3600230319,0.0335693359,9.7969055179,-0.0192260742,0.0017903646,0.1744900174,-0.0000325521
557744.3700230320,0.0312805176,9.7994995120,-0.0083923340,-0.0001410590,0.1745768229,-0.0000651042
557744.3800230320,0.0321960449,9.7956848148,-0.0296020508,0.0011827257,0.1745659722,-0.0000217014
557744.3900230320,0.0341796875,9.7988891605,-0.0085449219,0.0012152778,0.1745659722,-0.0000325521
557744.4000230320,0.0338745117,9.7987365726,-0.0129699707,-0.0001736111,0.1746419271,-0.0000434028
557744.4100230320,0.0328063965,9.7956848148,-0.0283813477,0.0018120660,0.1746419271,-0.0000434028
557744.4200230320,0.0311279297,9.7999572757,-0.0056457520,0.0003580729,0.1745768229,-0.0000217014
557744.4300230320,0.0329589844,9.7969055179,-0.0224304199,0.0003472222,0.1746419271,-0.0000217014
557744.4400230320,0.0344848633,9.7972106937,-0.0180053711,0.0017903646,0.1745768229,-0.0000434028
557744.4500230320,0.0325012207,9.7998046878,-0.0065612793,-0.0001085069,0.1746202257,-0.0000434028
557744.4600230320,0.0312805176,9.7950744632,-0.0311279297,0.0012261285,0.1745442708,-0.0000217014
557744.4700230320,0.0326538086,9.7993469241,-0.0103759766,0.0011393229,0.1745008680,-0.0000325521
557744.4800230321,0.0334167480,9.7990417484,-0.0134277344,-0.0001410590,0.1745659722,-0.0000108507
557744.4900230319,0.0344848633,9.7961425784,-0.0256347656,0.0017903646,0.1745117187,-0.0000325521
557744.5000230320,0.0323486328,9.8001098636,-0.0059509277,0.0002821181,0.1745334201,-0.0000542535
557744.5100230320,0.0308227539,9.7964477542,-0.0265502930,0.0005967882,0.1746093750,-0.0000325521
557744.5200230320,0.0332641602,9.7972106937,-0.0167846680,0.0016384549,0.1746527778,-0.0000108507
557744.5300230320,0.0343322754,9.7993469241,-0.0086975098,-0.0002170139,0.1745876736,-0.0000651042
557744.5400230320,0.0334167480,9.7949218753,-0.0294494629,0.0014539931,0.1745876736,-0.0000325521
557744.5500230320,0.0323486328,9.7991943363,-0.0079345703,0.0008572049,0.1745876736,-0.0000217014
557744.5600230320,0.0315856934,9.7973632816,-0.0195312500,0.0000217014,0.1745551215,-0.0000217014
557744.5700230320,0.0338745117,9.7962951663,-0.0224304199,0.0018229167,0.1746419271,-0.0000108507
557744.5800230320,0.0337219238,9.8004150394,-0.0047302246,0.0000759549,0.1746310764,-0.0000434028
557744.5900230320,0.0315856934,9.7956848148,-0.0283813477,0.0009114583,0.1745008680,-0.0000325521
557744.6000230320,0.0325012207,9.7982788089,-0.0120544434,0.0013780382,0.1746527778,-0.0000108507
557744.6100230319,0.0332641602,9.7987365726,-0.0128173828,-0.0001953125,0.1745334201,-0.0000325521
557744.6200230320,0.0335693359,9.7950744632,-0.0276184082,0.0016710069,0.1745225694,-0.0000217014
557744.6300230320,0.0328063965,9.7999572757,-0.0050354004,0.0004557292,0.1746419271,-0.0000217014
557744.6400230320,0.0321960449,9.7967529300,-0.0234985352,0.0003797743,0.1745442708,-0.0000325521
557744.6500230320,0.0334167480,9.7967529300,-0.0190734863,0.0017795139,0.1745551215,-0.0000325521
557744.6600230320,0.0337219238,9.8001098636,-0.0064086914,-0.0001627604,0.1746527778,-0.0000434028
557744.6700230320,0.0318908691,9.7956848148,-0.0300598145,0.0012044271,0.1745225694,-0.0000325521
557744.6800230320,0.0325012207,9.7993469241,-0.0080871582,0.0011176215,0.1745551215,-0.0000217014
557744.6900230320,0.0331115723,9.7982788089,-0.0163269043,-0.0001302083,0.1745768229,-0.0000325521
557744.7000230320,0.0335693359,9.7959899906,-0.0265502930,0.0017903646,0.1745768229,-0.0000217014
557744.7100230320,0.0326538086,9.8005676273,-0.0039672852,0.0002604167,0.1746636285,-0.0000542535
557744.7200230320,0.0320434570,9.7966003421,-0.0265502930,0.0006727431,0.1745768229,-0.0000325521
557744.7300230321,0.0328063965,9.7976684574,-0.0155639648,0.0016059028,0.1745442708,-0.0000217014
557744.7400230319,0.0332641602,9.7999572757,-0.0086975098,-0.0002712674,0.1745985243,-0.0000325521
557744.7500230320,0.0326538086,9.7950744632,-0.0288391113,0.0015407986,0.1744683160,-0.0000434028
557744.7600230320,0.0315856934,9.7996520999,-0.0057983398,0.0007378472,0.1744900174,-0.0000108507
557744.7700230320,0.0331115723,9.7979736331,-0.0205993652,0.0001519097,0.1745985243,-0.0000434028
557744.7800230320,0.0334167480,9.7964477542,-0.0210571289,0.0018229167,0.1745334201,-0.0000325521
557744.7900230320,0.0325012207,9.8002624515,-0.0051879883,-0.0000434028,0.1745985243,-0.0000434028
557744.8000230320,0.0315856934,9.7952270511,-0.0288391113,0.0010416667,0.1745876736,-0.0000434028
557744.8100230320,0.0323486328,9.7987365726,-0.0114440918,0.0012695312,0.1745442708,-0.0000108507
557744.8200230320,0.0340270996,9.7985839847,-0.0131225586,-0.0001736111,0.1746202257,-0.0000325521
557744.8300230320,0.0326538086,9.7956848148,-0.0262451172,0.0017361111,0.1745008680,-0.0000325521
557744.8400230320,0.0318908691,9.8001098636,-0.0050354004,0.0003580729,0.1746419271,-0.0000325521
557744.8500230320,0.0320434570,9.7964477542,-0.0244140625,0.0005208333,0.1745876736,-0.0000217014
557744.8600230319,0.0331115723,9.7981262210,-0.0166320801,0.0016167535,0.1745768229,-0.0000217014
557744.8700230320,0.0343322754,9.7996520999,-0.0082397461,-0.0001627604,0.1745985243,-0.0000434028
557744.8800230320,0.0321960449,9.7950744632,-0.0294494629,0.0014105903,0.1745117187,-0.0000325521
557744.8900230320,0.0318908691,9.7999572757,-0.0080871582,0.0008572049,0.1745659722,-0.0000108507
557744.9000230320,0.0326538086,9.7978210452,-0.0193786621,0.0000325521,0.1745985243,-0.0000108507
557744.9100230320,0.0340270996,9.7961425784,-0.0216674805,0.0018120660,0.1745008680,-0.0000325521
557744.9200230320,0.0329589844,9.8004150394,-0.0041198730,0.0000542535,0.1745876736,-0.0000217014
557744.9300230320,0.0308227539,9.7953796390,-0.0282287598,0.0009223090,0.1745659722,-0.0000217014
557744.9400230320,0.0317382813,9.7991943363,-0.0140380859,0.0013888889,0.1745225694,-0.0000108507
557744.9500230320,0.0338745117,9.7991943363,-0.0111389160,-0.0002170139,0.1745985243,-0.0000108507
557744.9600230330,0.0334167480,9.7959899906,-0.0265502930,0.0016601562,0.1745334201,-0.0000325521
557744.9700230330,0.0321960449,9.8001098636,-0.0056457520,0.0005208333,0.1745768229,-0.0000217014
557744.9800230330,0.0308227539,9.7970581058,-0.0231933594,0.0003472222,0.1746093750,-0.0000217014
557744.9900230330,0.0334167480,9.7972106937,-0.0192260742,0.0017469618,0.1745334201,-0.0000217014
557745.0000230330,0.0337219238,9.7998046878,-0.0059509277,-0.0001410590,0.1745551215,-0.0000542535
557745.0100230330,0.0323486328,9.7959899906,-0.0289916992,0.0012152778,0.1748372396,-0.0000217014
557745.0200230330,0.0317382813,9.7990417484,-0.0093078613,0.0010959201,0.1745008680,-0.0000217014
557745.0300230330,0.0321960449,9.7982788089,-0.0157165527,-0.0000976562,0.1745442708,0.0000000000
557745.0400230330,0.0337219238,9.7961425784,-0.0256347656,0.0017903646,0.1745225694,-0.0000325521
557745.0500230331,0.0332641602,9.8001098636,-0.0042724609,0.0002712674,0.1745985243,-0.0000434028
557745.0600230329,0.0317382813,9.7964477542,-0.0257873535,0.0006835937,0.1745985243,-0.0000325521
557745.0700230330,0.0317382813,9.7981262210,-0.0172424316,0.0015299479,0.1745442708,-0.0000108507
557745.0800230330,0.0329589844,9.7999572757,-0.0096130371,-0.0001844618,0.1745985243,-0.0000108507
557745.0900230330,0.0338745117,9.7956848148,-0.0270080566,0.0014865451,0.1745876736,-0.0000217014
557745.1000230330,0.0335693359,9.7999572757,-0.0062561035,0.0007378472,0.1744900174,-0.0000542535
557745.1100230330,0.0309753418,9.7973632816,-0.0221252441,0.0001953125,0.1746636285,-0.0000217014
557745.1200230330,0.0320434570,9.7970581058,-0.0219726563,0.0017795139,0.1745768229,-0.0000325521
557745.1300230330,0.0331115723,9.7994995120,-0.0047302246,-0.0000434028,0.1745876736,-0.0000325521
557745.1400230330,0.0334167480,9.7958374027,-0.0280761719,0.0010850694,0.1745768229,-0.0000217014
557745.1500230330,0.0328063965,9.7987365726,-0.0100708008,0.0012044271,0.1745768229,-0.0000217014
557745.1600230330,0.0312805176,9.7985839847,-0.0146484375,-0.0001627604,0.1744900174,-0.0000108507
557745.1700230330,0.0320434570,9.7959899906,-0.0268554688,0.0017469618,0.1744791667,-0.0000217014
557745.1800230331,0.0338745117,9.8005676273,-0.0039672852,0.0003363715,0.1745551215,-0.0000434028
557745.1900230329,0.0323486328,9.7958374027,-0.0245666504,0.0005533854,0.1745659722,-0.0000217014
557745.2000230330,0.0312805176,9.7978210452,-0.0161743164,0.0016384549,0.1745768229,-0.0000217014
557745.2100230330,0.0320434570,9.7999572757,-0.0086975098,-0.0001844618,0.1745768229,-0.0000108507
557745.2200230330,0.0325012207,9.7952270511,-0.0288391113,0.0013997396,0.1745659722,-0.0000108507
557745.2300230330,0.0337219238,9.7996520999,-0.0062561035,0.0008572049,0.1745985243,-0.0000108507
557745.2400230330,0.0318908691,9.7979736331,-0.0190734863,0.0000759549,0.1745334201,-0.0000542535
557745.2500230330,0.0314331055,9.7964477542,-0.0239562988,0.0018120660,0.1745334201,-0.0000108507
557745.2600230330,0.0332641602,9.7996520999,-0.0047302246,0.0000759549,0.1745768229,-0.0000434028
557745.2700230330,0.0328063965,9.7953796390,-0.0276184082,0.0009114583,0.1745442708,-0.0000325521
557745.2800230330,0.0334167480,9.7987365726,-0.0129699707,0.0013237847,0.1745768229,-0.0000434028
557745.2900230330,0.0311279297,9.7987365726,-0.0128173828,-0.0001953125,0.1745442708,-0.0000325521
557745.3000230331,0.0312805176,9.7953796390,-0.0271606445,0.0016601562,0.1745659722,-0.0000108507
557745.3100230329,0.0332641602,9.8007202152,-0.0061035156,0.0004991319,0.1745442708,-0.0000325521
557745.3200230330,0.0341796875,9.7964477542,-0.0233459473,0.0003363715,0.1747178819,-0.0000542535
557745.3300230330,0.0318908691,9.7976684574,-0.0183105469,0.0017252604,0.1747721354,-0.0000108507
557745.3400230330,0.0325012207,9.8010253909,-0.0042724609,-0.0001519097,0.1746310764,-0.0000108507
557745.3500230330,0.0321960449,9.7958374027,-0.0308227539,0.0012803819,0.1744357639,-0.0000108507
557745.3600230330,0.0331115723,9.7991943363,-0.0115966797,0.0010308160,0.1745551215,-0.0000217014
557745.3700230330,0.0318908691,9.7985839847,-0.0141906738,-0.0000976562,0.1745117187,-0.0000325521
557745.3800230330,0.0321960449,9.7958374027,-0.0216674805,0.0018012153,0.1745008680,-0.0000217014
557745.3900230330,0.0331115723,9.8002624515,-0.0067138672,0.0002387153,0.1746093750,-0.0000434028
557745.4000230330,0.0331115723,9.7961425784,-0.0279235840,0.0006727431,0.1744791667,-0.0000217014
557745.4100230330,0.0317382813,9.7979736331,-0.0128173828,0.0014973958,0.1745876736,-0.0000108507
557745.4200230330,0.0334167480,9.7998046878,-0.0074768066,-0.0002495660,0.1746636285,-0.0000434028
557745.4300230331,0.0326538086,9.7950744632,-0.0299072266,0.0015842014,0.1744574653,-0.0000325521
557745.4400230329,0.0323486328,9.7999572757,-0.0083923340,0.0007161458,0.1746093750,-0.0000325521
557745.4500230330,0.0309753418,9.7975158695,-0.0196838379,0.0001085069,0.1745876736,-0.0000217014
557745.4600230330,0.0323486328,9.7967529300,-0.0209045410,0.0018120660,0.1745008680,-0.0000217014
557745.4700230330,0.0337219238,9.7998046878,-0.0047302246,0.0000000000,0.1746527778,-0.0000217014
557745.4800230330,0.0317382813,9.7958374027,-0.0292968750,0.0010199653,0.1745768229,-0.0000217014
557745.4900230330,0.0314331055,9.7990417484,-0.0129699707,0.0012152778,0.1745876736,-0.0000217014
557745.5000230330,0.0320434570,9.7993469241,-0.0115966797,-0.0001410590,0.1745768229,-0.0000108507
557745.5100230330,0.0331115723,9.7956848148,-0.0242614746,0.0017361111,0.1745225694,-0.0000217014
557745.5200230330,0.0329589844,9.8001098636,-0.0070190430,0.0003472222,0.1745551215,-0.0000434028
557745.5300230330,0.0321960449,9.7967529300,-0.0254821777,0.0005642361,0.1745117187,-0.0000217014
557745.5400230330,0.0318908691,9.7979736331,-0.0152587891,0.0015516493,0.1744791667,-0.0000108507
557745.5500230331,0.0331115723,9.8001098636,-0.0076293945,-0.0001844618,0.1746744792,-0.0000325521
557745.5600230329,0.0325012207,9.7950744632,-0.0302124023,0.0014973958,0.1745551215,-0.0000217014
557745.5700230330,0.0318908691,9.8001098636,-0.0073242188,0.0007486979,0.1745659722,-0.0000325521
557745.5800230330,0.0317382813,9.7973632816,-0.0178527832,0.0001519097,0.1745768229,-0.0000108507
557745.5900230330,0.0317382813,9.7966003421,-0.0212097168,0.0017903646,0.1745117187,-0.0000108507
557745.6000230330,0.0334167480,9.8002624515,-0.0059509277,0.0000000000,0.1746419271,-0.0000434028
557745.6100230330,0.0326538086,9.7956848148,-0.0286865234,0.0010091146,0.1746093750,-0.0000325521
557745.6200230330,0.0323486328,9.7991943363,-0.0108337402,0.0012044271,0.1745985243,-0.0000108507
557745.6300230330,0.0317382813,9.7985839847,-0.0128173828,-0.0001410590,0.1746527778,-0.0000108507
557745.6400230330,0.0328063965,9.7956848148,-0.0265502930,0.0017361111,0.1745768229,-0.0000217014
557745.6500230330,0.0344848633,9.8002624515,-0.0059509277,0.0003689236,0.1745985243,-0.0000325521
557745.6600230330,0.0321960449,9.7966003421,-0.0242614746,0.0004665799,0.1744791667,-0.0000217014
557745.6700230330,0.0306701660,9.7975158695,-0.0180053711,0.0017035590,0.1745225694,0.0000000000
557745.6800230331,0.0320434570,9.7999572757,-0.0070190430,-0.0002278646,0.1746853299,-0.0000325521
557745.6900230329,0.0329589844,9.7950744632,-0.0292968750,0.0013129340,0.1745768229,-0.0000108507
557745.7000230330,0.0323486328,9.7998046878,-0.0083923340,0.0010416667,0.1745985243,-0.0000217014
557745.7100230330,0.0321960449,9.7979736331,-0.0149536133,-0.0000759549,0.1746310764,-0.0000325521
557745.7200230330,0.0308227539,9.7961425784,-0.0250244141,0.0018012153,0.1744683160,-0.0000108507
557745.7300230330,0.0332641602,9.8004150394,-0.0051879883,0.0001627604,0.1745985243,-0.0000217014
557745.7400230330,0.0328063965,9.7962951663,-0.0260925293,0.0007052951,0.1745551215,-0.0000108507
557745.7500230330,0.0318908691,9.7981262210,-0.0126647949,0.0015190972,0.1745659722,-0.0000325521
557745.7600230330,0.0308227539,9.7996520999,-0.0099182129,-0.0001953125,0.1745985243,-0.0000325521
557745.7700230330,0.0315856934,9.7955322269,-0.0282287598,0.0015625000,0.1745551215,-0.0000108507
557745.7800230330,0.0331115723,9.8001098636,-0.0056457520,0.0006076389,0.1745876736,-0.0000325521
557745.7900230330,0.0329589844,9.7979736331,-0.0205993652,0.0002929687,0.1745442708,-0.0000434028
557745.8000230331,0.0320434570,9.7967529300,-0.0205993652,0.0018012153,0.1745008680,-0.0000217014
557745.8100230329,0.0315856934,9.8002624515,-0.0074768066,-0.0001519097,0.1745876736,-0.0000108507
557745.8200230330,0.0329589844,9.7955322269,-0.0285339355,0.0011176215,0.1745985243,-0.0000217014
557745.8300230330,0.0334167480,9.7984313968,-0.0082397461,0.0011827257,0.1745876736,-0.0000325521
557745.8400230330,0.0320434570,9.7984313968,-0.0149536133,-0.0001519097,0.1746202257,-0.0000434028
557745.8500230330,0.0311279297,9.7958374027,-0.0268554688,0.0017795139,0.1744683160,-0.0000108507
557745.8600230330,0.0325012207,9.8002624515,-0.0044250488,0.0002821181,0.1745876736,-0.0000217014
557745.8700230330,0.0325012207,9.7964477542,-0.0242614746,0.0006076389,0.1745659722,0.0000000000
557745.8800230330,0.0321960449,9.7975158695,-0.0163269043,0.0015733507,0.1744683160,-0.0000217014
557745.8900230330,0.0321960449,9.8002624515,-0.0088500977,-0.0001844618,0.1746853299,0.0000000000
557745.9000230330,0.0320434570,9.7953796390,-0.0277709961,0.0014865451,0.1746636285,-0.0000217014
557745.9100230330,0.0321960449,9.7994995120,-0.0061035156,0.0007486979,0.1746419271,-0.0000217014
557745.9200230330,0.0318908691,9.7982788089,-0.0216674805,0.0001627604,0.1746310764,-0.0000217014
557745.9300230331,0.0317382813,9.7966003421,-0.0207519531,0.0018337674,0.1745659722,-0.0000108507
557745.9400230329,0.0325012207,9.8007202152,-0.0048828125,-0.0000542535,0.1745659722,-0.0000108507
557745.9500230330,0.0325012207,9.7956848148,-0.0285339355,0.0010416667,0.1745768229,-0.0000325521
557745.9600230330,0.0317382813,9.7991943363,-0.0119018555,0.0012695312,0.1745659722,-0.0000108507
557745.9700230330,0.0321960449,9.7985839847,-0.0134277344,-0.0001953125,0.1745442708,-0.0000325521
557745.9800230330,0.0328063965,9.7955322269,-0.0270080566,0.0017469618,0.1744791667,-0.0000325521
557745.9900230330,0.0323486328,9.8004150394,-0.0038146973,0.0004557292,0.1744249132,-0.0000217014
557746.0000230330,0.0317382813,9.7973632816,-0.0239562988,0.0003797743,0.1745442708,-0.0000108507
557746.0100230330,0.0312805176,9.7972106937,-0.0195312500,0.0017035590,0.1748589410,0.0000000000
557746.0200230330,0.0332641602,9.8001098636,-0.0080871582,-0.0001953125,0.1745876736,-0.0000108507
557746.0300230330,0.0334167480,9.7956848148,-0.0276184082,0.0013020833,0.1746093750,-0.0000108507
557746.0400230340,0.0320434570,9.7993469241,-0.0077819824,0.0009548611,0.1745876736,-0.0000434028
557746.0500230340,0.0309753418,9.7982788089,-0.0195312500,0.0000217014,0.1745551215,0.0000000000
557746.0600230340,0.0331115723,9.7962951663,-0.0228881836,0.0018012153,0.1746202257,-0.0000108507
557746.0700230340,0.0331115723,9.8002624515,-0.0036621094,0.0000217014,0.1745551215,-0.0000217014
557746.0800230340,0.0325012207,9.7953796390,-0.0273132324,0.0009223090,0.1745876736,-0.0000108507
557746.0900230340,0.0309753418,9.7990417484,-0.0138854980,0.0013671875,0.1745985243,-0.0000108507
557746.1000230340,0.0317382813,9.7990417484,-0.0125122070,-0.0001953125,0.1745768229,-0.0000434028
557746.1100230340,0.0328063965,9.7955322269,-0.0260925293,0.0016601562,0.1745768229,-0.0000217014
557746.1200230340,0.0323486328,9.8002624515,-0.0041198730,0.0005425347,0.1745442708,-0.0000217014
557746.1300230341,0.0306701660,9.7970581058,-0.0234985352,0.0003255208,0.1745768229,0.0000000000
557746.1400230339,0.0320434570,9.7964477542,-0.0202941895,0.0017361111,0.1745117187,0.0000000000
557746.1500230340,0.0329589844,9.7994995120,-0.0056457520,-0.0001519097,0.1745876736,-0.0000108507
557746.1600230340,0.0331115723,9.7955322269,-0.0285339355,0.0012261285,0.1745985243,-0.0000217014
557746.1700230340,0.0318908691,9.7996520999,-0.0102233887,0.0011067708,0.1745768229,-0.0000217014
557746.1800230340,0.0309753418,9.7985839847,-0.0146484375,-0.0000868056,0.1745985243,-0.0000108507
557746.1900230340,0.0325012207,9.7962951663,-0.0250244141,0.0017578125,0.1745985243,0.0000000000
557746.2000230340,0.0335693359,9.8001098636,-0.0050354004,0.0002495660,0.1745876736,-0.0000217014
557746.2100230340,0.0318908691,9.7962951663,-0.0259399414,0.0006293403,0.1745442708,-0.0000217014
557746.2200230340,0.0311279297,9.7982788089,-0.0155639648,0.0014973958,0.1745442708,-0.0000108507
557746.2300230340,0.0321960449,9.7994995120,-0.0088500977,-0.0001844618,0.1745117187,-0.0000108507
557746.2400230340,0.0331115723,9.7956848148,-0.0288391113,0.0015407986,0.1745442708,-0.0000108507
557746.2500230341,0.0332641602,9.8002624515,-0.0070190430,0.0006184896,0.1745768229,-0.0000542535
557746.2600230339,0.0309753418,9.7969055179,-0.0215148926,0.0002821181,0.1745117187,-0.0000217014
557746.2700230340,0.0303649902,9.7969055179,-0.0177001953,0.0016927083,0.1745117187,0.0000108507
557746.2800230340,0.0334167480,9.8007202152,-0.0064086914,-0.0000759549,0.1745876736,-0.0000108507
557746.2900230340,0.0328063965,9.7952270511,-0.0305175781,0.0012044271,0.1745442708,-0.0000108507
557746.3000230340,0.0309753418,9.7994995120,-0.0094604492,0.0010091146,0.1745551215,-0.0000325521
557746.3100230340,0.0308227539,9.7978210452,-0.0135803223,-0.0000108507,0.1745442708,-0.0000325521
557746.3200230340,0.0308227539,9.7961425784,-0.0228881836,0.0018012153,0.1745117187,0.0000000000
557746.3300230340,0.0338745117,9.8005676273,-0.0059509277,0.0001627604,0.1745876736,-0.0000217014
557746.3400230340,0.0323486328,9.7959899906,-0.0276184082,0.0006944444,0.1745876736,-0.0000217014
557746.3500230340,0.0314331055,9.7982788089,-0.0137329102,0.0014865451,0.1745008680,-0.0000108507
557746.3600230340,0.0312805176,9.7991943363,-0.0090026855,-0.0002387153,0.1745659722,-0.0000434028
557746.3700230340,0.0311279297,9.7952270511,-0.0289916992,0.0016059028,0.1745985243,-0.0000108507
557746.3800230341,0.0326538086,9.8007202152,-0.0054931641,0.0006510417,0.1745659722,-0.0000217014
557746.3900230339,0.0335693359,9.7978210452,-0.0207519531,0.0002495660,0.1746419271,-0.0000108507
557746.4000230340,0.0326538086,9.7972106937,-0.0221252441,0.0017469618,0.1745876736,-0.0000108507
557746.4100230340,0.0317382813,9.8005676273,-0.0074768066,-0.0000976562,0.1745442708,-0.0000325521
557746.4200230340,0.0306701660,9.7955322269,-0.0277709961,0.0011176215,0.1746636285,-0.0000108507
557746.4300230340,0.0314331055,9.7987365726,-0.0074768066,0.0011284722,0.1744900174,0.0000000000
557746.4400230340,0.0326538086,9.7994995120,-0.0137329102,-0.0000868056,0.1745659722,-0.0000108507
557746.4500230340,0.0331115723,9.7961425784,-0.0270080566,0.0018120660,0.1745985243,-0.0000217014
557746.4600230340,0.0309753418,9.8005676273,-0.0073242188,0.0002061632,0.1745659722,-0.0000217014
557746.4700230340,0.0305175781,9.7958374027,-0.0245666504,0.0006510417,0.1746744792,-0.0000108507
557746.4800230340,0.0312805176,9.7981262210,-0.0111389160,0.0014756944,0.1745551215,0.0000108507
557746.4900230340,0.0334167480,9.8001098636,-0.0097656250,-0.0001736111,0.1746202257,-0.0000325521
557746.5000230341,0.0337219238,9.7956848148,-0.0311279297,0.0015842014,0.1745659722,-0.0000108507
557746.5100230339,0.0321960449,9.7998046878,-0.0080871582,0.0006293403,0.1745117187,-0.0000325521
557746.5200230340,0.0308227539,9.7975158695,-0.0199890137,0.0001410590,0.1746744792,-0.0000108507
557746.5300230340,0.0309753418,9.7964477542,-0.0181579590,0.0018337674,0.1745334201,0.0000000000
557746.5400230340,0.0325012207,9.8008728031,-0.0042724609,-0.0000542535,0.1745334201,-0.0000108507
557746.5500230340,0.0334167480,9.7952270511,-0.0305175781,0.0010199653,0.1745985243,-0.0000108507
557746.5600230340,0.0312805176,9.7987365726,-0.0128173828,0.0012261285,0.1745008680,-0.0000217014
557746.5700230340,0.0309753418,9.7987365726,-0.0137329102,-0.0001519097,0.1745876736,-0.0000325521
557746.5800230340,0.0303649902,9.7955322269,-0.0254821777,0.0017252604,0.1745659722,-0.0000108507
557746.5900230340,0.0317382813,9.8014831546,-0.0032043457,0.0003472222,0.1745008680,0.0000000000
557746.6000230340,0.0329589844,9.7972106937,-0.0241088867,0.0004991319,0.1745768229,-0.0000325521
557746.6100230340,0.0312805176,9.7975158695,-0.0180053711,0.0016927083,0.1744900174,-0.0000108507
557746.6200230340,0.0317382813,9.8001098636,-0.0102233887,-0.0002604167,0.1745008680,-0.0000325521
557746.6300230341,0.0317382813,9.7947692874,-0.0288391113,0.0013671875,0.1745117187,-0.0000108507
557746.6400230339,0.0318908691,9.8001098636,-0.0056457520,0.0009548611,0.1744574653,-0.0000217014
557746.6500230340,0.0321960449,9.7981262210,-0.0164794922,0.0000108507,0.1746202257,0.0000000000
557746.6600230340,0.0317382813,9.7964477542,-0.0253295898,0.0018337674,0.1745876736,-0.0000108507
557746.6700230340,0.0334167480,9.8005676273,-0.0062561035,0.0000217014,0.1746310764,-0.0000108507
557746.6800230340,0.0320434570,9.7950744632,-0.0262451172,0.0007812500,0.1746093750,-0.0000217014
557746.6900230340,0.0297546387,9.7985839847,-0.0109863281,0.0013997396,0.1745225694,-0.0000217014
557746.7000230340,0.0305175781,9.7993469241,-0.0106811523,-0.0002387153,0.1745768229,-0.0000325521
557746.7100230340,0.0328063965,9.7956848148,-0.0289916992,0.0016710069,0.1745659722,0.0000000000
557746.7200230340,0.0340270996,9.8004150394,-0.0061035156,0.0005316840,0.1745876736,-0.0000108507
557746.7300230340,0.0318908691,9.7964477542,-0.0221252441,0.0002495660,0.1745876736,-0.0000434028
557746.7400230340,0.0286865234,9.7961425784,-0.0189208984,0.0018012153,0.1746093750,-0.0000108507
557746.7500230341,0.0311279297,9.8005676273,-0.0053405762,-0.0001627604,0.1746419271,0.0000000000
557746.7600230339,0.0335693359,9.7956848148,-0.0296020508,0.0011284722,0.1745768229,0.0000000000
557746.7700230340,0.0341796875,9.7994995120,-0.0103759766,0.0011935764,0.1745659722,-0.0000434028
557746.7800230340,0.0311279297,9.7987365726,-0.0152587891,-0.0001085069,0.1745442708,-0.0000542535
557746.7900230340,0.0291442871,9.7953796390,-0.0268554688,0.0017469618,0.1745225694,0.0000108507
557746.8000230340,0.0314331055,9.8005676273,-0.0033569336,0.0001953125,0.1746093750,-0.0000108507
557746.8100230340,0.0329589844,9.7959899906,-0.0233459473,0.0006727431,0.1745659722,-0.0000108507
557746.8200230340,0.0325012207,9.7985839847,-0.0157165527,0.0015299479,0.1745768229,-0.0000325521
557746.8300230340,0.0309753418,9.7999572757,-0.0123596191,-0.0002278646,0.1745768229,-0.0000325521
557746.8400230340,0.0305175781,9.7953796390,-0.0292968750,0.0015733507,0.1744791667,-0.0000108507
557746.8500230340,0.0318908691,9.7998046878,-0.0039672852,0.0005750868,0.1745659722,-0.0000217014
557746.8600230340,0.0320434570,9.7969055179,-0.0189208984,0.0002712674,0.1745985243,-0.0000108507
557746.8700230340,0.0302124023,9.7975158695,-0.0205993652,0.0017795139,0.1744249132,0.0000000000
557746.8800230341,0.0317382813,9.8005676273,-0.0077819824,-0.0001410590,0.1746310764,0.0000000000
557746.8900230339,0.0331115723,9.7950744632,-0.0299072266,0.0011393229,0.1744900174,-0.0000108507
557746.9000230340,0.0317382813,9.7991943363,-0.0077819824,0.0010959201,0.1745117187,-0.0000217014
557746.9100230340,0.0303649902,9.7981262210,-0.0131225586,-0.0000651042,0.1746744792,-0.0000325521
557746.9200230340,0.0306701660,9.7961425784,-0.0244140625,0.0018229167,0.1745659722,0.0000000000
557746.9300230340,0.0344848633,9.8002624515,-0.0068664551,0.0001736111,0.1745985243,-0.0000108507
557746.9400230340,0.0331115723,9.7958374027,-0.0274658203,0.0006618924,0.1746310764,-0.0000217014
557746.9500230340,0.0309753418,9.7975158695,-0.0144958496,0.0014865451,0.1746202257,-0.0000434028
557746.9600230340,0.0291442871,9.7994995120,-0.0083923340,-0.0002387153,0.1745334201,-0.0000325521
557746.9700230340,0.0317382813,9.7949218753,-0.0279235840,0.0015733507,0.1746093750,0.0000000000
557746.9800230340,0.0343322754,9.8007202152,-0.0056457520,0.0007052951,0.1746310764,-0.0000108507
557746.9900230340,0.0326538086,9.7972106937,-0.0218200684,0.0001410590,0.1745768229,-0.0000108507
557747.0000230341,0.0305175781,9.7962951663,-0.0228881836,0.0018012153,0.1746419271,0.0000000000
557747.0100230339,0.0308227539,9.8004150394,-0.0045776367,-0.0000651042,0.1748697917,-0.0000108507
557747.0200230340,0.0314331055,9.7949218753,-0.0270080566,0.0009982639,0.1746310764,-0.0000108507
557747.0300230340,0.0323486328,9.7988891605,-0.0102233887,0.0012695312,0.1745117187,0.0000000000
557747.0400230340,0.0317382813,9.7984313968,-0.0140380859,-0.0001519097,0.1745334201,-0.0000108507
557747.0500230340,0.0311279297,9.7953796390,-0.0282287598,0.0017252604,0.1745551215,0.0000108507
557747.0600230340,0.0320434570,9.7998046878,-0.0042724609,0.0004123264,0.1745768229,-0.0000217014
557747.0700230340,0.0311279297,9.7966003421,-0.0238037109,0.0003580729,0.1745768229,0.0000000000
557747.0800230340,0.0305175781,9.7979736331,-0.0164794922,0.0016710069,0.1745334201,-0.0000217014
557747.0900230340,0.0318908691,9.8004150394,-0.0062561035,-0.0001844618,0.1746310764,-0.0000325521
557747.1000230340,0.0323486328,9.7946166995,-0.0303649902,0.0013454861,0.1745659722,-0.0000108507
557747.1100230350,0.0318908691,9.7990417484,-0.0090026855,0.0009548611,0.1745008680,-0.0000217014
557747.1200230350,0.0309753418,9.7982788089,-0.0170898438,-0.0000434028,0.1746419271,-0.0000108507
557747.1300230350,0.0305175781,9.7962951663,-0.0236511230,0.0017795139,0.1745659722,0.0000108507
557747.1400230350,0.0317382813,9.8005676273,-0.0036621094,0.0001085069,0.1745659722,-0.0000108507
557747.1500230350,0.0325012207,9.7956848148,-0.0271606445,0.0007921007,0.1746310764,-0.0000217014
557747.1600230350,0.0323486328,9.7976684574,-0.0148010254,0.0014539931,0.1745008680,-0.0000108507
557747.1700230350,0.0305175781,9.7990417484,-0.0120544434,-0.0002495660,0.1745334201,-0.0000434028
557747.1800230350,0.0305175781,9.7956848148,-0.0270080566,0.0015842014,0.1745985243,0.0000000000
557747.1900230350,0.0323486328,9.7999572757,-0.0035095215,0.0006184896,0.1745659722,-0.0000108507
557747.2000230351,0.0320434570,9.7970581058,-0.0234985352,0.0002604167,0.1745985243,-0.0000108507
557747.2100230349,0.0312805176,9.7966003421,-0.0227355957,0.0017361111,0.1746093750,-0.0000108507
557747.2200230350,0.0306701660,9.7996520999,-0.0065612793,-0.0001519097,0.1745334201,-0.0000325521
557747.2300230350,0.0308227539,9.7952270511,-0.0270080566,0.0011393229,0.1745876736,-0.0000108507
557747.2400230350,0.0320434570,9.7994995120,-0.0083923340,0.0011393229,0.1745876736,0.0000000000
557747.2500230350,0.0315856934,9.7990417484,-0.0166320801,-0.0000868056,0.1744900174,-0.0000325521
557747.2600230350,0.0305175781,9.7959899906,-0.0259399414,0.0017469618,0.1745659722,0.0000000000
557747.2700230350,0.0320434570,9.8004150394,-0.0038146973,0.0001844618,0.1746093750,-0.0000108507
557747.2800230350,0.0317382813,9.7959899906,-0.0247192383,0.0006510417,0.1745442708,-0.0000217014
557747.2900230350,0.0314331055,9.7976684574,-0.0148010254,0.0015407986,0.1745225694,-0.0000108507
557747.3000230350,0.0305175781,9.7993469241,-0.0094604492,-0.0002170139,0.1745659722,-0.0000325521
557747.3100230350,0.0311279297,9.7955322269,-0.0291442871,0.0015190972,0.1745008680,0.0000000000
557747.3200230350,0.0328063965,9.8007202152,-0.0064086914,0.0007595486,0.1746093750,0.0000000000
557747.3300230351,0.0320434570,9.7967529300,-0.0201416016,0.0001519097,0.1745008680,-0.0000108507
557747.3400230350,0.0294494629,9.7961425784,-0.0236511230,0.0017795139,0.1742296007,0.0000108507
557747.3500230350,0.0309753418,9.8001098636,-0.0039672852,-0.0000759549,0.1745334201,-0.0000108507
557747.3600230350,0.0303649902,9.7955322269,-0.0274658203,0.0010199653,0.1745117187,-0.0000108507
557747.3700230350,0.0321960449,9.7991943363,-0.0126647949,0.0013454861,0.1746744792,-0.0000108507
557747.3800230350,0.0328063965,9.7991943363,-0.0137329102,-0.0002278646,0.1746744792,-0.0000108507
557747.3900230350,0.0300598145,9.7956848148,-0.0267028809,0.0016710069,0.1745768229,-0.0000108507
557747.4000230350,0.0302124023,9.8005676273,-0.0032043457,0.0004123264,0.1746744792,-0.0000108507
557747.4100230350,0.0320434570,9.7970581058,-0.0219726563,0.0004448785,0.1745876736,0.0000000000
557747.4200230350,0.0329589844,9.7981262210,-0.0195312500,0.0016601562,0.1745225694,-0.0000108507
557747.4300230350,0.0318908691,9.8002624515,-0.0086975098,-0.0002387153,0.1745876736,-0.0000108507
557747.4400230350,0.0294494629,9.7950744632,-0.0282287598,0.0013780382,0.1745551215,-0.0000108507
557747.4500230351,0.0305175781,9.7994995120,-0.0067138672,0.0009223090,0.1745117187,0.0000000000
557747.4600230349,0.0318908691,9.7979736331,-0.0169372559,0.0000000000,0.1746202257,0.0000000000
557747.4700230350,0.0318908691,9.7966003421,-0.0244140625,0.0017469618,0.1745117187,0.0000000000
557747.4800230350,0.0312805176,9.8001098636,-0.0056457520,0.0000759549,0.1745117187,-0.0000217014
557747.4900230350,0.0306701660,9.7958374027,-0.0277709961,0.0008029514,0.1746093750,-0.0000108507
557747.5000230350,0.0320434570,9.7978210452,-0.0123596191,0.0014105903,0.1745117187,-0.0000108507
557747.5100230350,0.0312805176,9.7988891605,-0.0112915039,-0.0001736111,0.1745659722,-0.0000108507
557747.5200230350,0.0317382813,9.7958374027,-0.0262451172,0.0016167535,0.1746093750,0.0000000000
557747.5300230350,0.0317382813,9.8007202152,-0.0051879883,0.0005316840,0.1745117187,0.0000000000
557747.5400230350,0.0317382813,9.7967529300,-0.0242614746,0.0003255208,0.1745768229,-0.0000108507
557747.5500230350,0.0321960449,9.7972106937,-0.0210571289,0.0016601562,0.1745768229,-0.0000217014
557747.5600230350,0.0300598145,9.7996520999,-0.0056457520,-0.0001519097,0.1745768229,0.0000000000
557747.5700230350,0.0294494629,9.7959899906,-0.0273132324,0.0012369792,0.1745876736,-0.0000217014
557747.5800230351,0.0315856934,9.7998046878,-0.0083923340,0.0010633681,0.1745225694,0.0000000000
557747.5900230350,0.0323486328,9.7984313968,-0.0177001953,-0.0000651042,0.1745442708,0.0000000000
557747.6000230350,0.0311279297,9.7961425784,-0.0260925293,0.0017795139,0.1745551215,0.0000000000
557747.6100230350,0.0308227539,9.8005676273,-0.0024414063,0.0001627604,0.1745008680,-0.0000217014
557747.6200230350,0.0302124023,9.7959899906,-0.0260925293,0.0006510417,0.1745659722,-0.0000108507
557747.6300230350,0.0315856934,9.7979736331,-0.0158691406,0.0015625000,0.1745442708,-0.0000217014
557747.6400230350,0.0334167480,9.7996520999,-0.0086975098,-0.0002604167,0.1745659722,0.0000000000
557747.6500230350,0.0315856934,9.7947692874,-0.0286865234,0.0014973958,0.1745551215,0.0000000000
557747.6600230350,0.0300598145,9.7999572757,-0.0061035156,0.0007595486,0.1745225694,-0.0000108507
557747.6700230350,0.0306701660,9.7979736331,-0.0199890137,0.0000759549,0.1745985243,0.0000108507
557747.6800230350,0.0323486328,9.7964477542,-0.0224304199,0.0017903646,0.1744574653,0.0000000000
557747.6900230350,0.0334167480,9.8008728031,-0.0032043457,-0.0000542535,0.1746310764,-0.0000434028
557747.7000230351,0.0311279297,9.7955322269,-0.0285339355,0.0010091146,0.1745985243,-0.0000108507
557747.7100230349,0.0302124023,9.7985839847,-0.0131225586,0.0012803819,0.1745008680,0.0000000000
557747.7200230350,0.0311279297,9.7984313968,-0.0129699707,-0.0002170139,0.1746419271,0.0000000000
557747.7300230350,0.0314331055,9.7962951663,-0.0253295898,0.0017035590,0.1745876736,-0.0000108507
557747.7400230350,0.0309753418,9.8010253909,-0.0041198730,0.0004014757,0.1744900174,-0.0000108507
557747.7500230350,0.0318908691,9.7969055179,-0.0254821777,0.0003797743,0.1745985243,0.0000000000
557747.7600230350,0.0314331055,9.7976684574,-0.0183105469,0.0016493056,0.1744900174,-0.0000108507
557747.7700230350,0.0315856934,9.7996520999,-0.0067138672,-0.0002278646,0.1746744792,-0.0000434028
557747.7800230350,0.0297546387,9.7950744632,-0.0277709961,0.0013780382,0.1745768229,0.0000000000
557747.7900230350,0.0308227539,9.8001098636,-0.0080871582,0.0008897569,0.1745985243,0.0000000000
557747.8000230350,0.0311279297,9.7984313968,-0.0183105469,-0.0000108507,0.1745334201,0.0000000000
557747.8100230350,0.0320434570,9.7962951663,-0.0219726563,0.0017903646,0.1745551215,-0.0000108507
557747.8200230350,0.0311279297,9.8002624515,-0.0051879883,0.0000217014,0.1745768229,-0.0000217014
557747.8300230351,0.0306701660,9.7950744632,-0.0279235840,0.0008572049,0.1745876736,0.0000000000
557747.8400230350,0.0309753418,9.7978210452,-0.0117492676,0.0013780382,0.1745442708,0.0000000000
557747.8500230350,0.0309753418,9.7998046878,-0.0105285645,-0.0001953125,0.1745876736,0.0000000000
557747.8600230350,0.0328063965,9.7958374027,-0.0282287598,0.0017035590,0.1745768229,0.0000000000
557747.8700230350,0.0314331055,9.7999572757,-0.0068664551,0.0004882812,0.1744900174,-0.0000217014
557747.8800230350,0.0300598145,9.7967529300,-0.0227355957,0.0002495660,0.1746093750,0.0000000000
557747.8900230350,0.0302124023,9.7967529300,-0.0170898438,0.0017361111,0.1745225694,0.0000000000
557747.9000230350,0.0317382813,9.8002624515,-0.0053405762,-0.0001302083,0.1746310764,-0.0000325521
557747.9100230350,0.0321960449,9.7959899906,-0.0326538086,0.0011935764,0.1745551215,0.0000000000
557747.9200230350,0.0317382813,9.7990417484,-0.0111389160,0.0011393229,0.1745659722,-0.0000108507
557747.9300230350,0.0309753418,9.7987365726,-0.0132751465,-0.0001736111,0.1745442708,0.0000000000
557747.9400230350,0.0294494629,9.7952270511,-0.0247192383,0.0017578125,0.1745225694,-0.0000108507
557747.9500230351,0.0317382813,9.8002624515,-0.0047302246,0.0002821181,0.1745768229,0.0000000000
557747.9600230349,0.0320434570,9.7964477542,-0.0251770020,0.0004882812,0.1745551215,-0.0000108507
557747.9700230350,0.0315856934,9.7981262210,-0.0175476074,0.0016927083,0.1745659722,0.0000000000
557747.9800230350,0.0311279297,9.7994995120,-0.0065612793,-0.0002387153,0.1746310764,0.0000000000
557747.9900230350,0.0292968750,9.7947692874,-0.0299072266,0.0013780382,0.1745008680,0.0000000000
557748.0000230350,0.0314331055,9.7996520999,-0.0070190430,0.0009223090,0.1745442708,-0.0000108507
557748.0100230350,0.0320434570,9.7984313968,-0.0164794922,-0.0000217014,0.1748806424,0.0000000000
557748.0200230350,0.0306701660,9.7966003421,-0.0227355957,0.0017469618,0.1745008680,-0.0000108507
557748.0300230350,0.0320434570,9.8007202152,-0.0051879883,0.0000651042,0.1746527778,-0.0000108507
557748.0400230350,0.0308227539,9.7958374027,-0.0286865234,0.0008897569,0.1745442708,-0.0000108507
557748.0500230350,0.0312805176,9.7982788089,-0.0119018555,0.0013237847,0.1745985243,0.0000000000
557748.0600230350,0.0315856934,9.7987365726,-0.0103759766,-0.0001627604,0.1746419271,0.0000000000
557748.0700230350,0.0315856934,9.7958374027,-0.0273132324,0.0016710069,0.1744249132,-0.0000108507
557748.0800230351,0.0318908691,9.8001098636,-0.0067138672,0.0004014757,0.1745985243,-0.0000217014
557748.0900230350,0.0308227539,9.7969055179,-0.0244140625,0.0003797743,0.1746093750,0.0000000000
557748.1000230350,0.0309753418,9.7976684574,-0.0173950195,0.0016927083,0.1744900174,-0.0000217014
557748.1100230350,0.0303649902,9.7994995120,-0.0054931641,-0.0002170139,0.1745985243,0.0000000000
557748.1200230350,0.0308227539,9.7947692874,-0.0299072266,0.0013129340,0.1745768229,0.0000000000
557748.1300230350,0.0318908691,9.8004150394,-0.0083923340,0.0009765625,0.1745551215,-0.0000108507
557748.1400230350,0.0317382813,9.7987365726,-0.0161743164,-0.0000976562,0.1745659722,0.0000000000
557748.1500230350,0.0309753418,9.7959899906,-0.0257873535,0.0017361111,0.1745117187,0.0000000000
557748.1600230350,0.0305175781,9.8005676273,-0.0041198730,0.0001410590,0.1745659722,0.0000000000
557748.1700230350,0.0306701660,9.7958374027,-0.0253295898,0.0007052951,0.1745768229,0.0000000000
557748.1800230360,0.0325012207,9.7979736331,-0.0146484375,0.0015407986,0.1745225694,0.0000000000
557748.1900230360,0.0320434570,9.7994995120,-0.0111389160,-0.0002278646,0.1746636285,-0.0000108507
557748.2000230360,0.0302124023,9.7947692874,-0.0285339355,0.0015299479,0.1745225694,-0.0000108507
557748.2100230360,0.0297546387,9.7996520999,-0.0053405762,0.0006184896,0.1745659722,-0.0000108507
557748.2200230360,0.0306701660,9.7981262210,-0.0209045410,0.0001844618,0.1745768229,-0.0000108507
557748.2300230360,0.0321960449,9.7969055179,-0.0201416016,0.0017469618,0.1745551215,0.0000000000
557748.2400230360,0.0318908691,9.8002624515,-0.0064086914,-0.0000759549,0.1745442708,0.0000000000
557748.2500230360,0.0308227539,9.7949218753,-0.0286865234,0.0010633681,0.1746853299,-0.0000108507
557748.2600230360,0.0302124023,9.7987365726,-0.0096130371,0.0011827257,0.1745876736,0.0000000000
557748.2700230360,0.0306701660,9.7987365726,-0.0138854980,-0.0001410590,0.1745659722,-0.0000108507
557748.2800230359,0.0312805176,9.7962951663,-0.0245666504,0.0016710069,0.1746419271,-0.0000217014
557748.2900230360,0.0321960449,9.7999572757,-0.0059509277,0.0002604167,0.1745334201,-0.0000108507
557748.3000230360,0.0297546387,9.7959899906,-0.0268554688,0.0006293403,0.1746527778,-0.0000108507
557748.3100230360,0.0312805176,9.7979736331,-0.0148010254,0.0015190972,0.1746853299,0.0000108507
557748.3200230360,0.0303649902,9.7998046878,-0.0088500977,-0.0001844618,0.1745008680,0.0000000000
557748.3300230360,0.0317382813,9.7955322269,-0.0283813477,0.0015407986,0.1745985243,0.0000000000
557748.3400230360,0.0306701660,9.8004150394,-0.0073242188,0.0006510417,0.1745876736,-0.0000108507
557748.3500230360,0.0308227539,9.7972106937,-0.0215148926,0.0000868056,0.1744249132,0.0000000000
557748.3600230360,0.0312805176,9.7966003421,-0.0204467773,0.0018120660,0.1745551215,0.0000000000
557748.3700230360,0.0312805176,9.8001098636,-0.0028991699,-0.0000651042,0.1745334201,0.0000000000
557748.3800230360,0.0297546387,9.7956848148,-0.0300598145,0.0010091146,0.1745768229,0.0000000000
557748.3900230360,0.0303649902,9.7993469241,-0.0114440918,0.0012695312,0.1746527778,0.0000000000
557748.4000230361,0.0315856934,9.7990417484,-0.0119018555,-0.0001844618,0.1745334201,0.0000000000
557748.4100230359,0.0318908691,9.7952270511,-0.0263977051,0.0016710069,0.1745551215,-0.0000217014
557748.4200230360,0.0314331055,9.7999572757,-0.0065612793,0.0003363715,0.1745876736,-0.0000108507
557748.4300230360,0.0292968750,9.7969055179,-0.0239562988,0.0004665799,0.1744900174,0.0000000000
557748.4400230360,0.0297546387,9.7979736331,-0.0137329102,0.0015842014,0.1745225694,0.0000108507
557748.4500230360,0.0321960449,9.7998046878,-0.0080871582,-0.0001627604,0.1746202257,0.0000000000
557748.4600230360,0.0309753418,9.7953796390,-0.0317382813,0.0014539931,0.1744900174,0.0000000000
557748.4700230360,0.0306701660,9.7996520999,-0.0079345703,0.0007486979,0.1746310764,-0.0000217014
557748.4800230360,0.0302124023,9.7969055179,-0.0164794922,-0.0000217014,0.1746202257,-0.0000217014
557748.4900230360,0.0302124023,9.7964477542,-0.0222778320,0.0018880208,0.1745225694,0.0000108507
557748.5000230360,0.0305175781,9.8010253909,-0.0045776367,0.0000000000,0.1746202257,0.0000000000
557748.5100230360,0.0315856934,9.7955322269,-0.0299072266,0.0008572049,0.1745225694,0.0000000000
557748.5200230360,0.0315856934,9.7988891605,-0.0129699707,0.0013780382,0.1745442708,0.0000000000
557748.5300230359,0.0303649902,9.7990417484,-0.0109863281,-0.0002278646,0.1746527778,-0.0000108507
557748.5400230360,0.0289916992,9.7953796390,-0.0270080566,0.0016493056,0.1745225694,-0.0000108507
557748.5500230360,0.0312805176,9.8005676273,-0.0053405762,0.0004014757,0.1746310764,-0.0000108507
557748.5600230360,0.0323486328,9.7966003421,-0.0233459473,0.0004014757,0.1746527778,-0.0000108507
557748.5700230360,0.0311279297,9.7973632816,-0.0178527832,0.0016710069,0.1745225694,-0.0000108507
557748.5800230360,0.0305175781,9.7999572757,-0.0083923340,-0.0001953125,0.1745985243,0.0000000000
557748.5900230360,0.0300598145,9.7953796390,-0.0286865234,0.0013563368,0.1745008680,0.0000000000
557748.6000230360,0.0309753418,9.7996520999,-0.0053405762,0.0009331597,0.1744900174,0.0000000000
557748.6100230360,0.0326538086,9.7981262210,-0.0175476074,-0.0000759549,0.1746310764,0.0000000000
557748.6200230360,0.0308227539,9.7964477542,-0.0256347656,0.0018012153,0.1745117187,-0.0000108507
557748.6300230360,0.0302124023,9.8005676273,-0.0047302246,0.0000325521,0.1745551215,-0.0000108507
557748.6400230360,0.0305175781,9.7952270511,-0.0268554688,0.0008246528,0.1745768229,0.0000000000
557748.6500230361,0.0306701660,9.7982788089,-0.0137329102,0.0014431424,0.1744791667,0.0000000000
557748.6600230359,0.0314331055,9.8001098636,-0.0111389160,-0.0002604167,0.1746202257,0.0000000000
557748.6700230360,0.0311279297,9.7953796390,-0.0292968750,0.0016059028,0.1745985243,0.0000000000
557748.6800230360,0.0294494629,9.8001098636,-0.0039672852,0.0005642361,0.1745225694,-0.0000217014
557748.6900230360,0.0312805176,9.7967529300,-0.0224304199,0.0002061632,0.1746310764,0.0000000000
557748.7000230360,0.0309753418,9.7966003421,-0.0222778320,0.0017795139,0.1746093750,-0.0000108507
557748.7100230360,0.0306701660,9.8005676273,-0.0057983398,-0.0000868056,0.1745768229,0.0000000000
557748.7200230360,0.0300598145,9.7955322269,-0.0271606445,0.0010525174,0.1745985243,0.0000000000
557748.7300230360,0.0306701660,9.7991943363,-0.0096130371,0.0012261285,0.1745008680,0.0000000000
557748.7400230360,0.0311279297,9.7985839847,-0.0163269043,-0.0001736111,0.1745551215,-0.0000325521
557748.7500230360,0.0317382813,9.7956848148,-0.0274658203,0.0017144097,0.1746527778,0.0000000000
557748.7600230360,0.0300598145,9.7999572757,-0.0032043457,0.0002387153,0.1745876736,-0.0000108507
557748.7700230360,0.0300598145,9.7964477542,-0.0242614746,0.0005750868,0.1745659722,0.0000000000
557748.7800230359,0.0300598145,9.7978210452,-0.0167846680,0.0016384549,0.1746636285,0.0000108507
557748.7900230360,0.0325012207,9.7998046878,-0.0083923340,-0.0002387153,0.1746419271,-0.0000108507
557748.8000230360,0.0302124023,9.7943115238,-0.0299072266,0.0013671875,0.1745985243,-0.0000108507
557748.8100230360,0.0299072266,9.7998046878,-0.0061035156,0.0008789062,0.1746744792,-0.0000108507
557748.8200230360,0.0296020508,9.7976684574,-0.0170898438,-0.0000434028,0.1745334201,0.0000000000
557748.8300230360,0.0318908691,9.7961425784,-0.0260925293,0.0018229167,0.1745551215,0.0000108507
557748.8400230360,0.0331115723,9.8008728031,-0.0051879883,0.0000325521,0.1745659722,0.0000000000
557748.8500230360,0.0296020508,9.7953796390,-0.0267028809,0.0007812500,0.1744574653,-0.0000217014
557748.8600230360,0.0280761719,9.7982788089,-0.0123596191,0.0014539931,0.1745659722,0.0000108507
557748.8700230360,0.0308227539,9.7993469241,-0.0100708008,-0.0002387153,0.1746202257,0.0000000000
557748.8800230360,0.0323486328,9.7953796390,-0.0289916992,0.0015842014,0.1744249132,-0.0000108507
557748.8900230360,0.0318908691,9.8007202152,-0.0061035156,0.0004991319,0.1745985243,-0.0000108507
557748.9000230361,0.0300598145,9.7966003421,-0.0219726563,0.0002929687,0.1745768229,0.0000000000
557748.9100230359,0.0283813477,9.7969055179,-0.0184631348,0.0017035590,0.1744791667,0.0000108507
557748.9200230360,0.0315856934,9.7999572757,-0.0064086914,-0.0001410590,0.1746961805,0.0000108507
557748.9300230360,0.0314331055,9.7955322269,-0.0300598145,0.0012152778,0.1745876736,0.0000000000
557748.9400230360,0.0312805176,9.7996520999,-0.0086975098,0.0010416667,0.1745659722,-0.0000108507
557748.9500230360,0.0297546387,9.7985839847,-0.0152587891,-0.0001627604,0.1746202257,-0.0000108507
557748.9600230360,0.0302124023,9.7956848148,-0.0257873535,0.0017903646,0.1745551215,0.0000000000
557748.9700230360,0.0309753418,9.8004150394,-0.0041198730,0.0001953125,0.1745768229,0.0000000000
557748.9800230360,0.0306701660,9.7956848148,-0.0265502930,0.0005967882,0.1746310764,0.0000000000
557748.9900230360,0.0302124023,9.7978210452,-0.0148010254,0.0015733507,0.1745225694,0.0000000000
557749.0000230360,0.0309753418,9.7994995120,-0.0093078613,-0.0002278646,0.1746419271,0.0000000000
557749.0100230360,0.0311279297,9.7950744632,-0.0296020508,0.0014756944,0.1748046875,0.0000000000
557749.0200230360,0.0308227539,9.7998046878,-0.0064086914,0.0006618924,0.1745659722,-0.0000217014
557749.0300230359,0.0296020508,9.7973632816,-0.0186157227,0.0001410590,0.1746310764,0.0000000000
557749.0400230360,0.0297546387,9.7972106937,-0.0207519531,0.0018012153,0.1745659722,0.0000108507
557749.0500230360,0.0321960449,9.8004150394,-0.0068664551,-0.0000542535,0.1745659722,0.0000000000
557749.0600230360,0.0311279297,9.7952270511,-0.0314331055,0.0010091146,0.1744357639,-0.0000217014
557749.0700230360,0.0299072266,9.7990417484,-0.0097656250,0.0011935764,0.1745008680,-0.0000217014
557749.0800230360,0.0292968750,9.7991943363,-0.0126647949,-0.0001953125,0.1744574653,-0.0000108507
557749.0900230360,0.0297546387,9.7958374027,-0.0279235840,0.0017252604,0.1744249132,0.0000000000
557749.1000230360,0.0325012207,9.8005676273,-0.0050354004,0.0003255208,0.1746527778,0.0000000000
557749.1100230360,0.0318908691,9.7966003421,-0.0234985352,0.0005099826,0.1745985243,0.0000000000
557749.1200230360,0.0296020508,9.7972106937,-0.0169372559,0.0016384549,0.1745768229,0.0000000000
557749.1300230360,0.0300598145,9.7996520999,-0.0082397461,-0.0002604167,0.1747178819,0.0000000000
557749.1400230360,0.0303649902,9.7956848148,-0.0318908691,0.0013671875,0.1745225694,0.0000000000
557749.1500230361,0.0306701660,9.8008728031,-0.0044250488,0.0008355035,0.1745876736,-0.0000217014
557749.1600230359,0.0312805176,9.7978210452,-0.0164794922,-0.0000108507,0.1746419271,0.0000000000
557749.1700230360,0.0300598145,9.7958374027,-0.0256347656,0.0018120660,0.1744791667,0.0000217014
557749.1800230360,0.0311279297,9.8004150394,-0.0053405762,0.0000217014,0.1745659722,0.0000000000
557749.1900230360,0.0300598145,9.7952270511,-0.0276184082,0.0008680556,0.1745551215,0.0000000000
557749.2000230360,0.0297546387,9.7991943363,-0.0114440918,0.0013020833,0.1745659722,0.0000325521
557749.2100230360,0.0315856934,9.7991943363,-0.0106811523,-0.0002495660,0.1746202257,-0.0000325521
557749.2200230360,0.0309753418,9.7947692874,-0.0294494629,0.0017035590,0.1745659722,0.0000000000
557749.2300230360,0.0309753418,9.8005676273,-0.0047302246,0.0004014757,0.1745551215,-0.0000108507
557749.2400230360,0.0285339355,9.7966003421,-0.0238037109,0.0003689236,0.1744140625,0.0000000000
557749.2500230360,0.0292968750,9.7972106937,-0.0178527832,0.0017035590,0.1745225694,0.0000434028
557749.2600230370,0.0320434570,9.8005676273,-0.0068664551,-0.0002170139,0.1745985243,0.0000000000
557749.2700230370,0.0305175781,9.7956848148,-0.0311279297,0.0012912326,0.1744791667,-0.0000108507
557749.2800230370,0.0297546387,9.7998046878,-0.0067138672,0.0008789062,0.1746093750,0.0000000000
557749.2900230370,0.0296020508,9.7978210452,-0.0160217285,-0.0000434028,0.1745876736,-0.0000108507
557749.3000230370,0.0303649902,9.7961425784,-0.0253295898,0.0018120660,0.1745117187,0.0000217014
557749.3100230370,0.0318908691,9.8001098636,-0.0048828125,0.0000217014,0.1745876736,-0.0000108507
557749.3200230370,0.0308227539,9.7964477542,-0.0271606445,0.0008355035,0.1745442708,-0.0000108507
557749.3300230370,0.0300598145,9.7982788089,-0.0122070313,0.0013888889,0.1745551215,0.0000000000
557749.3400230370,0.0309753418,9.7985839847,-0.0105285645,-0.0002604167,0.1745442708,-0.0000108507
557749.3500230371,0.0309753418,9.7952270511,-0.0300598145,0.0016059028,0.1744574653,0.0000000000
557749.3600230369,0.0308227539,9.8001098636,-0.0044250488,0.0005425347,0.1746310764,-0.0000108507
557749.3700230370,0.0303649902,9.7972106937,-0.0218200684,0.0001844618,0.1745334201,0.0000000000
557749.3800230370,0.0305175781,9.7967529300,-0.0210571289,0.0017903646,0.1745008680,0.0000000000
557749.3900230370,0.0321960449,9.7999572757,-0.0044250488,-0.0001410590,0.1747287326,0.0000108507
557749.4000230370,0.0305175781,9.7955322269,-0.0300598145,0.0011176215,0.1744357639,-0.0000108507
557749.4100230370,0.0289916992,9.7988891605,-0.0091552734,0.0011176215,0.1745985243,-0.0000108507
557749.4200230370,0.0305175781,9.7984313968,-0.0144958496,-0.0001410590,0.1746202257,0.0000000000
557749.4300230370,0.0302124023,9.7959899906,-0.0256347656,0.0017252604,0.1744900174,0.0000217014
557749.4400230370,0.0320434570,9.8004150394,-0.0051879883,0.0002278646,0.1746310764,-0.0000108507
557749.4500230370,0.0302124023,9.7959899906,-0.0265502930,0.0006510417,0.1746093750,-0.0000108507
557749.4600230370,0.0288391113,9.7978210452,-0.0137329102,0.0014756944,0.1745551215,0.0000000000
557749.4700230371,0.0299072266,9.7993469241,-0.0096130371,-0.0002278646,0.1746419271,0.0000000000
557749.4800230369,0.0314331055,9.7952270511,-0.0292968750,0.0014973958,0.1745442708,-0.0000108507
557749.4900230370,0.0320434570,9.7996520999,-0.0071716309,0.0006076389,0.1745551215,0.0000000000
557749.5000230370,0.0299072266,9.7970581058,-0.0216674805,0.0002387153,0.1745768229,-0.0000217014
557749.5100230370,0.0282287598,9.7966003421,-0.0193786621,0.0017144097,0.1745768229,0.0000000000
557749.5200230370,0.0302124023,9.8004150394,-0.0051879883,-0.0000976562,0.1745876736,0.0000000000
557749.5300230370,0.0317382813,9.7956848148,-0.0292968750,0.0011827257,0.1745876736,-0.0000108507
557749.5400230370,0.0314331055,9.7993469241,-0.0090026855,0.0010199653,0.1746093750,0.0000000000
557749.5500230370,0.0294494629,9.7985839847,-0.0170898438,-0.0000759549,0.1745768229,0.0000000000
557749.5600230370,0.0296020508,9.7958374027,-0.0241088867,0.0017144097,0.1745334201,0.0000000000
557749.5700230370,0.0317382813,9.7999572757,-0.0033569336,0.0001627604,0.1747395833,0.0000000000
557749.5800230370,0.0300598145,9.7956848148,-0.0276184082,0.0007703993,0.1748263889,-0.0000108507
557749.5900230370,0.0296020508,9.7978210452,-0.0143432617,0.0014539931,0.1746853299,-0.0000108507
557749.6000230371,0.0300598145,9.7985839847,-0.0120544434,-0.0002712674,0.1744357639,0.0000000000
557749.6100230369,0.0299072266,9.7952270511,-0.0280761719,0.0015625000,0.1745768229,0.0000000000
557749.6200230370,0.0306701660,9.8002624515,-0.0050354004,0.0005099826,0.1744900174,0.0000000000
557749.6300230370,0.0302124023,9.7969055179,-0.0219726563,0.0002712674,0.1745008680,0.0000000000
557749.6400230370,0.0302124023,9.7969055179,-0.0201416016,0.0017469618,0.1745768229,0.0000000000
557749.6500230370,0.0300598145,9.8002624515,-0.0057983398,-0.0001627604,0.1746310764,0.0000000000
557749.6600230370,0.0305175781,9.7946166995,-0.0294494629,0.0011718750,0.1745442708,0.0000000000
557749.6700230370,0.0305175781,9.7993469241,-0.0090026855,0.0011067708,0.1746527778,-0.0000108507
557749.6800230370,0.0296020508,9.7982788089,-0.0155639648,-0.0001519097,0.1745659722,0.0000000000
557749.6900230370,0.0302124023,9.7956848148,-0.0268554688,0.0017252604,0.1745117187,0.0000217014
557749.7000230370,0.0321960449,9.8004150394,-0.0032043457,0.0002387153,0.1746310764,0.0000000000
557749.7100230370,0.0308227539,9.7958374027,-0.0248718262,0.0006510417,0.1745876736,0.0000000000
557749.7200230371,0.0294494629,9.7976684574,-0.0167846680,0.0015190972,0.1745659722,0.0000000000
557749.7300230369,0.0291442871,9.7991943363,-0.0100708008,-0.0002387153,0.1746202257,0.0000108507
557749.7400230370,0.0306701660,9.7950744632,-0.0274658203,0.0014648437,0.1745876736,0.0000108507
557749.7500230370,0.0306701660,9.7998046878,-0.0056457520,0.0006835937,0.1745442708,-0.0000108507
557749.7600230370,0.0296020508,9.7966003421,-0.0210571289,0.0001519097,0.1744900174,0.0000000000
557749.7700230370,0.0296020508,9.7958374027,-0.0222778320,0.0017903646,0.1745768229,0.0000108507
557749.7800230370,0.0300598145,9.8001098636,-0.0045776367,-0.0001085069,0.1745659722,0.0000000000
557749.7900230370,0.0306701660,9.7946166995,-0.0291442871,0.0010850694,0.1745768229,0.0000000000
557749.8000230370,0.0309753418,9.7990417484,-0.0111389160,0.0012152778,0.1745876736,0.0000000000
557749.8100230370,0.0297546387,9.7987365726,-0.0143432617,-0.0002495660,0.1744791667,0.0000000000
557749.8200230370,0.0300598145,9.7950744632,-0.0274658203,0.0017144097,0.1745659722,0.0000000000
557749.8300230370,0.0311279297,9.8010253909,-0.0035095215,0.0003255208,0.1745985243,0.0000000000
557749.8400230370,0.0300598145,9.7961425784,-0.0260925293,0.0004340278,0.1744900174,0.0000000000
557749.8500230371,0.0294494629,9.7972106937,-0.0189208984,0.0017144097,0.1746202257,0.0000108507
557749.8600230369,0.0300598145,9.8001098636,-0.0067138672,-0.0003038194,0.1745768229,-0.0000108507
557749.8700230370,0.0309753418,9.7947692874,-0.0306701660,0.0013671875,0.1745225694,0.0000000000
557749.8800230370,0.0309753418,9.7996520999,-0.0082397461,0.0009331597,0.1745985243,-0.0000108507
557749.8900230370,0.0292968750,9.7979736331,-0.0164794922,-0.0001627604,0.1745442708,0.0000000000
557749.9000230370,0.0282287598,9.7956848148,-0.0245666504,0.0017903646,0.1744900174,0.0000217014
557749.9100230370,0.0314331055,9.8005676273,-0.0036621094,0.0001627604,0.1746419271,0.0000000000
557749.9200230370,0.0315856934,9.7958374027,-0.0288391113,0.0006184896,0.1745551215,-0.0000108507
557749.9300230370,0.0302124023,9.7979736331,-0.0155639648,0.0015733507,0.1745225694,-0.0000108507
557749.9400230370,0.0285339355,9.7994995120,-0.0064086914,-0.0003255208,0.1746202257,-0.0000108507
557749.9500230370,0.0289916992,9.7950744632,-0.0292968750,0.0014322917,0.1745225694,0.0000000000
557749.9600230370,0.0311279297,9.8002624515,-0.0065612793,0.0008572049,0.1745225694,0.0000000000
557749.9700230371,0.0303649902,9.7975158695,-0.0190734863,-0.0000651042,0.1745985243,0.0000000000
557749.9800230369,0.0303649902,9.7958374027,-0.0253295898,0.0017903646,0.1745225694,-0.0000108507
557749.9900230370,0.0288391113,9.8004150394,-0.0033569336,0.0001085069,0.1745117187,0.0000000000
557750.0000230370,0.0302124023,9.7964477542,-0.0279235840,0.0007161458,0.1745876736,0.0000000000
557750.0100230370,0.0306701660,9.7982788089,-0.0151062012,0.0014431424,0.1748372396,0.0000000000
557750.0200230370,0.0292968750,9.7993469241,-0.0103759766,-0.0002712674,0.1745442708,0.0000000000
557750.0300230370,0.0296020508,9.7953796390,-0.0286865234,0.0015625000,0.1745117187,0.0000108507
557750.0400230370,0.0303649902,9.8001098636,-0.0059509277,0.0006293403,0.1745659722,0.0000000000
557750.0500230370,0.0305175781,9.7970581058,-0.0222778320,0.0001736111,0.1745659722,0.0000000000
557750.0600230370,0.0308227539,9.7966003421,-0.0207519531,0.0017578125,0.1746093750,-0.0000108507
557750.0700230370,0.0294494629,9.8002624515,-0.0022888184,-0.0001519097,0.1745985243,0.0000000000
557750.0800230370,0.0289916992,9.7956848148,-0.0299072266,0.0010525174,0.1745442708,0.0000000000
557750.0900230370,0.0311279297,9.7987365726,-0.0120544434,0.0011935764,0.1745876736,0.0000000000
557750.1000230371,0.0312805176,9.7991943363,-0.0144958496,-0.0002170139,0.1745659722,0.0000000000
557750.1100230369,0.0294494629,9.7955322269,-0.0260925293,0.0017035590,0.1745659722,-0.0000108507
557750.1200230370,0.0282287598,9.8005676273,-0.0027465820,0.0004014757,0.1746093750,0.0000000000
557750.1300230370,0.0300598145,9.7970581058,-0.0247192383,0.0003580729,0.1745985243,0.0000000000
557750.1400230370,0.0318908691,9.7978210452,-0.0210571289,0.0016167535,0.1745225694,-0.0000108507
557750.1500230370,0.0325012207,9.7999572757,-0.0068664551,-0.0002278646,0.1746310764,-0.0000108507
557750.1600230370,0.0283813477,9.7955322269,-0.0273132324,0.0012803819,0.1745551215,0.0000000000
557750.1700230370,0.0280761719,9.7996520999,-0.0088500977,0.0009331597,0.1745225694,0.0000108507
557750.1800230370,0.0305175781,9.7982788089,-0.0193786621,0.0000108507,0.1745876736,0.0000108507
557750.1900230370,0.0335693359,9.7959899906,-0.0247192383,0.0017252604,0.1744791667,0.0000000000
557750.2000230370,0.0306701660,9.8005676273,-0.0041198730,0.0000000000,0.1745334201,-0.0000434028
557750.2100230370,0.0276184082,9.7953796390,-0.0260925293,0.0009114583,0.1745876736,-0.0000108507
557750.2200230371,0.0283813477,9.7991943363,-0.0138854980,0.0013020833,0.1744249132,0.0000000000
557750.2300230369,0.0321960449,9.7996520999,-0.0140380859,-0.0002495660,0.1745659722,0.0000108507
557750.2400230370,0.0317382813,9.7955322269,-0.0268554688,0.0016384549,0.1745876736,-0.0000217014
557750.2500230370,0.0291442871,9.7998046878,-0.0039672852,0.0004665799,0.1745334201,-0.0000108507
557750.2600230370,0.0276184082,9.7970581058,-0.0238037109,0.0003363715,0.1745551215,0.0000000000
557750.2700230370,0.0306701660,9.7970581058,-0.0202941895,0.0016710069,0.1745768229,0.0000108507
557750.2800230370,0.0318908691,9.7999572757,-0.0064086914,-0.0002604167,0.1745551215,-0.0000108507
557750.2900230370,0.0299072266,9.7956848148,-0.0289916992,0.0012803819,0.1745768229,-0.0000108507
557750.3000230370,0.0285339355,9.7994995120,-0.0070190430,0.0009982639,0.1745768229,0.0000000000
557750.3100230370,0.0297546387,9.7984313968,-0.0184631348,-0.0000759549,0.1745334201,0.0000108507
557750.3200230370,0.0323486328,9.7958374027,-0.0251770020,0.0017361111,0.1745768229,0.0000000000
557750.3300230380,0.0299072266,9.8010253909,-0.0027465820,0.0000217014,0.1746310764,-0.0000217014
557750.3400230380,0.0292968750,9.7956848148,-0.0274658203,0.0008029514,0.1748480903,-0.0000108507
557750.3500230380,0.0286865234,9.7985839847,-0.0158691406,0.0013780382,0.1746527778,0.0000217014
557750.3600230380,0.0318908691,9.7987365726,-0.0112915039,-0.0002495660,0.1746961805,0.0000000000
557750.3700230380,0.0308227539,9.7959899906,-0.0274658203,0.0016167535,0.1745334201,0.0000108507
557750.3800230380,0.0280761719,9.8002624515,-0.0042724609,0.0005208333,0.1745117187,0.0000000000
557750.3900230380,0.0285339355,9.7969055179,-0.0247192383,0.0002821181,0.1745659722,0.0000108507
557750.4000230380,0.0308227539,9.7975158695,-0.0210571289,0.0017035590,0.1744249132,0.0000000000
557750.4100230380,0.0323486328,9.7999572757,-0.0047302246,-0.0001953125,0.1745442708,-0.0000108507
557750.4200230381,0.0299072266,9.7953796390,-0.0305175781,0.0012044271,0.1745117187,0.0000000000
557750.4300230379,0.0288391113,9.7996520999,-0.0100708008,0.0010959201,0.1745117187,0.0000000000
557750.4400230380,0.0289916992,9.7985839847,-0.0146484375,-0.0001736111,0.1745985243,0.0000000000
557750.4500230380,0.0305175781,9.7956848148,-0.0260925293,0.0017361111,0.1745551215,0.0000000000
557750.4600230380,0.0315856934,9.8002624515,-0.0050354004,0.0002278646,0.1744900174,-0.0000108507
557750.4700230380,0.0294494629,9.7956848148,-0.0253295898,0.0005967882,0.1745876736,-0.0000108507
557750.4800230380,0.0289916992,9.7975158695,-0.0163269043,0.0014865451,0.1745442708,0.0000108507
557750.4900230380,0.0297546387,9.7990417484,-0.0090026855,-0.0002821181,0.1745334201,0.0000000000
557750.5000230380,0.0306701660,9.7950744632,-0.0276184082,0.0014756944,0.1745768229,0.0000217014
557750.5100230380,0.0308227539,9.7993469241,-0.0067138672,0.0006944444,0.1745117187,0.0000000000
557750.5200230380,0.0292968750,9.7969055179,-0.0221252441,0.0001410590,0.1745659722,-0.0000108507
557750.5300230380,0.0291442871,9.7964477542,-0.0216674805,0.0016927083,0.1745659722,0.0000000000
557750.5400230380,0.0303649902,9.8001098636,-0.0042724609,-0.0001085069,0.1745442708,0.0000000000
557750.5500230381,0.0308227539,9.7958374027,-0.0289916992,0.0010416667,0.1745768229,0.0000000000
557750.5600230379,0.0309753418,9.7984313968,-0.0120544434,0.0011935764,0.1745551215,0.0000000000
557750.5700230380,0.0308227539,9.7979736331,-0.0149536133,-0.0002170139,0.1746202257,0.0000000000
557750.5800230380,0.0300598145,9.7955322269,-0.0271606445,0.0017144097,0.1744900174,0.0000000000
557750.5900230380,0.0292968750,9.7999572757,-0.0047302246,0.0002929687,0.1745442708,0.0000000000
557750.6000230380,0.0296020508,9.7962951663,-0.0256347656,0.0004991319,0.1745876736,-0.0000108507
557750.6100230380,0.0291442871,9.7981262210,-0.0169372559,0.0015516493,0.1745551215,0.0000000000
557750.6200230380,0.0300598145,9.7996520999,-0.0090026855,-0.0002604167,0.1745659722,0.0000000000
557750.6300230380,0.0299072266,9.7953796390,-0.0291442871,0.0014322917,0.1745659722,0.0000217014
557750.6400230380,0.0296020508,9.7996520999,-0.0073242188,0.0007595486,0.1746419271,0.0000000000
557750.6500230380,0.0294494629,9.7979736331,-0.0198364258,0.0000759549,0.1746093750,0.0000000000
557750.6600230380,0.0302124023,9.7959899906,-0.0215148926,0.0017252604,0.1745985243,0.0000000000
557750.6700230381,0.0302124023,9.8001098636,-0.0039672852,-0.0000542535,0.1745008680,0.0000000000
557750.6800230379,0.0300598145,9.7955322269,-0.0288391113,0.0009657118,0.1746527778,0.0000000000
557750.6900230380,0.0289916992,9.7984313968,-0.0125122070,0.0011827257,0.1745659722,0.0000000000
557750.7000230380,0.0302124023,9.7985839847,-0.0143432617,-0.0001736111,0.1745659722,0.0000000000
557750.7100230380,0.0306701660,9.7955322269,-0.0267028809,0.0017144097,0.1745659722,0.0000000000
557750.7200230380,0.0299072266,9.8002624515,-0.0050354004,0.0002712674,0.1745442708,0.0000000000
557750.7300230380,0.0289916992,9.7961425784,-0.0247192383,0.0004882812,0.1745008680,-0.0000108507
557750.7400230380,0.0299072266,9.7973632816,-0.0170898438,0.0015733507,0.1745551215,0.0000108507
557750.7500230380,0.0314331055,9.7998046878,-0.0091552734,-0.0002712674,0.1745768229,0.0000000000
557750.7600230380,0.0289916992,9.7941589359,-0.0312805176,0.0014105903,0.1745225694,0.0000000000
557750.7700230380,0.0288391113,9.8001098636,-0.0067138672,0.0007595486,0.1746310764,0.0000000000
557750.7800230380,0.0305175781,9.7973632816,-0.0175476074,0.0000868056,0.1745768229,0.0000000000
557750.7900230380,0.0312805176,9.7961425784,-0.0231933594,0.0017469618,0.1745768229,0.0000000000
557750.8000230381,0.0306701660,9.8002624515,-0.0073242188,-0.0000651042,0.1745659722,-0.0000325521
557750.8100230379,0.0292968750,9.7952270511,-0.0285339355,0.0009223090,0.1745225694,0.0000000000
557750.8200230380,0.0291442871,9.7985839847,-0.0108337402,0.0012369792,0.1745659722,0.0000000000
557750.8300230380,0.0303649902,9.7987365726,-0.0132751465,-0.0002278646,0.1746202257,0.0000000000
557750.8400230380,0.0309753418,9.7947692874,-0.0302124023,0.0017144097,0.1745225694,0.0000108507
557750.8500230380,0.0305175781,9.8002624515,-0.0039672852,0.0002929687,0.1745442708,-0.0000217014
557750.8600230380,0.0288391113,9.7961425784,-0.0227355957,0.0003797743,0.1745551215,0.0000000000
557750.8700230380,0.0288391113,9.7966003421,-0.0190734863,0.0016927083,0.1745334201,0.0000000000
557750.8800230380,0.0303649902,9.7999572757,-0.0068664551,-0.0002387153,0.1746744792,0.0000000000
557750.8900230380,0.0303649902,9.7949218753,-0.0320434570,0.0012695312,0.1745442708,-0.0000108507
557750.9000230380,0.0291442871,9.8001098636,-0.0090026855,0.0008897569,0.1745551215,0.0000000000
557750.9100230380,0.0288391113,9.7979736331,-0.0144958496,-0.0000434028,0.1746310764,0.0000000000
557750.9200230381,0.0289916992,9.7950744632,-0.0254821777,0.0017903646,0.1745117187,-0.0000108507
557750.9300230379,0.0315856934,9.8013305667,-0.0083923340,0.0000759549,0.1745117187,-0.0000108507
557750.9400230380,0.0303649902,9.7958374027,-0.0248718262,0.0006618924,0.1745659722,0.0000000000
557750.9500230380,0.0279235840,9.7981262210,-0.0146484375,0.0014539931,0.1744900174,0.0000000000
557750.9600230380,0.0297546387,9.7998046878,-0.0102233887,-0.0002387153,0.1745768229,0.0000000000
557750.9700230380,0.0305175781,9.7952270511,-0.0314331055,0.0015407986,0.1746419271,0.0000108507
557750.9800230380,0.0297546387,9.8002624515,-0.0047302246,0.0005642361,0.1745551215,0.0000000000
557750.9900230380,0.0297546387,9.7976684574,-0.0202941895,0.0002278646,0.1745768229,-0.0000217014
557751.0000230380,0.0289916992,9.7962951663,-0.0218200684,0.0017578125,0.1745876736,0.0000000000
557751.0100230380,0.0294494629,9.8007202152,-0.0083923340,-0.0001953125,0.1749023437,0.0000000000
557751.0200230380,0.0302124023,9.7946166995,-0.0305175781,0.0010308160,0.1745876736,0.0000000000
557751.0300230380,0.0305175781,9.7994995120,-0.0080871582,0.0012152778,0.1746093750,0.0000000000
557751.0400230380,0.0282287598,9.7990417484,-0.0132751465,-0.0002278646,0.1746202257,0.0000000000
557751.0500230381,0.0297546387,9.7950744632,-0.0297546387,0.0017578125,0.1745985243,0.0000000000
557751.0600230379,0.0308227539,9.8011779788,-0.0044250488,0.0002387153,0.1746093750,-0.0000108507
557751.0700230380,0.0303649902,9.7961425784,-0.0234985352,0.0004340278,0.1745442708,-0.0000108507
557751.0800230380,0.0288391113,9.7975158695,-0.0178527832,0.0016493056,0.1745117187,0.0000108507
557751.0900230380,0.0282287598,9.8002624515,-0.0080871582,-0.0002821181,0.1745876736,0.0000108507
557751.1000230380,0.0306701660,9.7950744632,-0.0308227539,0.0012803819,0.1745442708,0.0000217014
557751.1100230380,0.0303649902,9.7993469241,-0.0067138672,0.0009765625,0.1745442708,-0.0000217014
557751.1200230380,0.0302124023,9.7982788089,-0.0163269043,-0.0001302083,0.1748697917,-0.0000108507
557751.1300230380,0.0282287598,9.7959899906,-0.0288391113,0.0017795139,0.1745334201,0.0000000000
557751.1400230380,0.0282287598,9.8008728031,-0.0038146973,0.0000976562,0.1746961805,0.0000000000
557751.1500230380,0.0314331055,9.7958374027,-0.0256347656,0.0005967882,0.1745117187,0.0000000000
557751.1600230380,0.0305175781,9.7979736331,-0.0154113770,0.0015190972,0.1744357639,0.0000000000
557751.1700230381,0.0302124023,9.7993469241,-0.0108337402,-0.0002387153,0.1746202257,-0.0000108507
557751.1800230379,0.0277709961,9.7949218753,-0.0312805176,0.0014648437,0.1744357639,0.0000000000
557751.1900230380,0.0292968750,9.8001098636,-0.0057983398,0.0007052951,0.1744574653,0.0000000000
557751.2000230380,0.0305175781,9.7979736331,-0.0183105469,0.0000325521,0.1746310764,-0.0000108507
557751.2100230380,0.0292968750,9.7966003421,-0.0245666504,0.0018012153,0.1744900174,0.0000000000
557751.2200230380,0.0286865234,9.8001098636,-0.0054931641,-0.0000651042,0.1745768229,0.0000000000
557751.2300230380,0.0288391113,9.7959899906,-0.0280761719,0.0008355035,0.1746093750,-0.0000108507
557751.2400230380,0.0302124023,9.7982788089,-0.0125122070,0.0013888889,0.1746419271,0.0000000000
557751.2500230380,0.0300598145,9.7993469241,-0.0114440918,-0.0002821181,0.1746419271,0.0000000000
557751.2600230380,0.0300598145,9.7950744632,-0.0302124023,0.0016059028,0.1745551215,-0.0000108507
557751.2700230380,0.0288391113,9.8008728031,-0.0051879883,0.0005208333,0.1746419271,0.0000000000
557751.2800230380,0.0297546387,9.7970581058,-0.0210571289,0.0001410590,0.1745442708,0.0000000000
557751.2900230380,0.0294494629,9.7964477542,-0.0222778320,0.0017469618,0.1745334201,0.0000108507
557751.3000230381,0.0308227539,9.8002624515,-0.0048828125,-0.0001085069,0.1746419271,0.0000000000
557751.3100230379,0.0294494629,9.7950744632,-0.0308227539,0.0010199653,0.1745551215,0.0000000000
557751.3200230380,0.0291442871,9.7988891605,-0.0125122070,0.0012152778,0.1745551215,0.0000000000
557751.3300230380,0.0306701660,9.7993469241,-0.0134277344,-0.0002278646,0.1745659722,-0.0000108507
557751.3400230380,0.0297546387,9.7956848148,-0.0282287598,0.0016927083,0.1745334201,0.0000000000
557751.3500230380,0.0292968750,9.8002624515,-0.0051879883,0.0003146701,0.1746527778,0.0000000000
557751.3600230380,0.0283813477,9.7970581058,-0.0254821777,0.0003797743,0.1745117187,0.0000000000
557751.3700230380,0.0300598145,9.7972106937,-0.0192260742,0.0016601562,0.1745334201,0.0000217014
557751.3800230380,0.0305175781,9.7998046878,-0.0077819824,-0.0002495660,0.1745876736,-0.0000108507
557751.3900230380,0.0289916992,9.7950744632,-0.0306701660,0.0012803819,0.1745008680,0.0000000000
557751.4000230380,0.0286865234,9.7994995120,-0.0080871582,0.0009440104,0.1745768229,0.0000000000
557751.4100230390,0.0300598145,9.7979736331,-0.0161743164,-0.0001519097,0.1746310764,0.0000000000
557751.4200230390,0.0296020508,9.7956848148,-0.0267028809,0.0017469618,0.1745225694,0.0000217014
557751.4300230390,0.0294494629,9.8007202152,-0.0041198730,0.0000759549,0.1745876736,0.0000000000
557751.4400230390,0.0297546387,9.7956848148,-0.0273132324,0.0007378472,0.1745876736,0.0000000000
557751.4500230390,0.0296020508,9.7982788089,-0.0154113770,0.0014431424,0.1745225694,0.0000000000
557751.4600230390,0.0299072266,9.7990417484,-0.0111389160,-0.0002821181,0.1746527778,0.0000000000
557751.4700230390,0.0296020508,9.7952270511,-0.0286865234,0.0015299479,0.1745551215,-0.0000217014
557751.4800230390,0.0283813477,9.8002624515,-0.0056457520,0.0005967882,0.1745225694,0.0000000000
557751.4900230390,0.0305175781,9.7969055179,-0.0230407715,0.0001410590,0.1745876736,0.0000000000
557751.5000230391,0.0289916992,9.7964477542,-0.0231933594,0.0017361111,0.1745334201,0.0000000000
557751.5100230390,0.0305175781,9.8002624515,-0.0045776367,-0.0001410590,0.1745768229,-0.0000108507
557751.5200230390,0.0276184082,9.7949218753,-0.0296020508,0.0010199653,0.1745117187,0.0000000000
557751.5300230390,0.0296020508,9.7994995120,-0.0114440918,0.0011718750,0.1745985243,0.0000000000
557751.5400230390,0.0308227539,9.7987365726,-0.0143432617,-0.0002278646,0.1745334201,-0.0000108507
557751.5500230390,0.0297546387,9.7955322269,-0.0271606445,0.0016601562,0.1745876736,0.0000000000
557751.5600230390,0.0286865234,9.7999572757,-0.0048828125,0.0002712674,0.1745551215,0.0000000000
557751.5700230390,0.0285339355,9.7970581058,-0.0256347656,0.0005208333,0.1745117187,0.0000000000
557751.5800230390,0.0302124023,9.7978210452,-0.0163269043,0.0015625000,0.1745551215,0.0000108507
557751.5900230390,0.0311279297,9.7996520999,-0.0086975098,-0.0002604167,0.1746202257,0.0000000000
557751.6000230390,0.0288391113,9.7947692874,-0.0308227539,0.0014322917,0.1745551215,-0.0000108507
557751.6100230390,0.0282287598,9.8011779788,-0.0068664551,0.0007052951,0.1746419271,0.0000000000
557751.6200230391,0.0300598145,9.7973632816,-0.0193786621,0.0000325521,0.1746419271,0.0000217014
557751.6300230389,0.0299072266,9.7961425784,-0.0239562988,0.0017578125,0.1745117187,-0.0000108507
557751.6400230390,0.0302124023,9.8004150394,-0.0053405762,-0.0000651042,0.1746310764,-0.0000108507
557751.6500230390,0.0291442871,9.7953796390,-0.0286865234,0.0009223090,0.1745442708,0.0000000000
557751.6600230390,0.0291442871,9.7987365726,-0.0115966797,0.0012695312,0.1744900174,-0.0000108507
557751.6700230390,0.0299072266,9.7990417484,-0.0140380859,-0.0002712674,0.1745768229,0.0000108507
557751.6800230390,0.0306701660,9.7950744632,-0.0294494629,0.0016601562,0.1745659722,-0.0000108507
557751.6900230390,0.0283813477,9.8010253909,-0.0039672852,0.0003363715,0.1744791667,0.0000000000
557751.7000230390,0.0285339355,9.7962951663,-0.0244140625,0.0003580729,0.1745659722,0.0000108507
557751.7100230390,0.0292968750,9.7972106937,-0.0195312500,0.0017361111,0.1745008680,0.0000000000
557751.7200230390,0.0305175781,9.7998046878,-0.0073242188,-0.0002495660,0.1745768229,-0.0000108507
557751.7300230390,0.0302124023,9.7952270511,-0.0309753418,0.0011935764,0.1745442708,-0.0000325521
557751.7400230390,0.0270080566,9.7994995120,-0.0090026855,0.0010308160,0.1745225694,0.0000108507
557751.7500230391,0.0291442871,9.7984313968,-0.0154113770,-0.0002170139,0.1745768229,0.0000000000
557751.7600230390,0.0311279297,9.7956848148,-0.0262451172,0.0017578125,0.1745334201,0.0000108507
557751.7700230390,0.0292968750,9.8002624515,-0.0051879883,0.0001627604,0.1745442708,0.0000000000
557751.7800230390,0.0282287598,9.7958374027,-0.0260925293,0.0005859375,0.1745985243,0.0000000000
557751.7900230390,0.0283813477,9.7979736331,-0.0160217285,0.0014973958,0.1745551215,0.0000108507
557751.8000230390,0.0303649902,9.7991943363,-0.0097656250,-0.0002495660,0.1745768229,0.0000000000
557751.8100230390,0.0308227539,9.7953796390,-0.0305175781,0.0014322917,0.1745551215,0.0000000000
557751.8200230390,0.0291442871,9.8002624515,-0.0073242188,0.0006184896,0.1745442708,0.0000000000
557751.8300230390,0.0282287598,9.7975158695,-0.0202941895,0.0001519097,0.1745768229,0.0000000000
557751.8400230390,0.0292968750,9.7964477542,-0.0219726563,0.0017469618,0.1744791667,0.0000000000
557751.8500230390,0.0300598145,9.8007202152,-0.0067138672,-0.0000976562,0.1745985243,0.0000000000
557751.8600230390,0.0297546387,9.7955322269,-0.0291442871,0.0010308160,0.1746093750,0.0000000000
557751.8700230391,0.0291442871,9.7991943363,-0.0123596191,0.0011393229,0.1745768229,0.0000000000
557751.8800230389,0.0292968750,9.7988891605,-0.0148010254,-0.0001953125,0.1745985243,0.0000000000
557751.8900230390,0.0296020508,9.7959899906,-0.0276184082,0.0016493056,0.1745225694,0.0000000000
557751.9000230390,0.0297546387,9.7999572757,-0.0041198730,0.0002929687,0.1745008680,0.0000000000
557751.9100230390,0.0289916992,9.7961425784,-0.0248718262,0.0004882812,0.1745768229,0.0000000000
557751.9200230390,0.0289916992,9.7979736331,-0.0184631348,0.0016167535,0.1745225694,0.0000108507
557751.9300230390,0.0306701660,9.8002624515,-0.0090026855,-0.0003146701,0.1745659722,0.0000000000
557751.9400230390,0.0299072266,9.7947692874,-0.0305175781,0.0013454861,0.1746093750,-0.0000217014
557751.9500230390,0.0276184082,9.7999572757,-0.0068664551,0.0008572049,0.1745551215,0.0000000000
557751.9600230390,0.0289916992,9.7982788089,-0.0173950195,-0.0000759549,0.1746202257,0.0000108507
557751.9700230390,0.0300598145,9.7962951663,-0.0270080566,0.0018120660,0.1746093750,0.0000000000
557751.9800230390,0.0297546387,9.8011779788,-0.0048828125,0.0000651042,0.1745442708,-0.0000108507
557751.9900230390,0.0289916992,9.7959899906,-0.0280761719,0.0006727431,0.1745551215,0.0000000000
557752.0000230391,0.0282287598,9.7978210452,-0.0143432617,0.0014648437,0.1745985243,0.0000108507
557752.0100230390,0.0303649902,9.7994995120,-0.0105285645,-0.0003255208,0.1748046875,0.0000000000
557752.0200230390,0.0296020508,9.7949218753,-0.0314331055,0.0014648437,0.1745768229,0.0000000000
557752.0300230390,0.0291442871,9.8002624515,-0.0053405762,0.0006293403,0.1745985243,0.0000000000
557752.0400230390,0.0292968750,9.7970581058,-0.0205993652,0.0000976562,0.1744683160,0.0000000000
557752.0500230390,0.0286865234,9.7961425784,-0.0248718262,0.0017795139,0.1745551215,-0.0000108507
557752.0600230390,0.0300598145,9.7999572757,-0.0056457520,-0.0001085069,0.1745876736,0.0000000000
557752.0700230390,0.0292968750,9.7955322269,-0.0292968750,0.0009331597,0.1744900174,0.0000000000
557752.0800230390,0.0292968750,9.7984313968,-0.0112915039,0.0012152778,0.1745768229,-0.0000108507
557752.0900230390,0.0289916992,9.7987365726,-0.0137329102,-0.0002387153,0.1746202257,0.0000108507
557752.1000230390,0.0299072266,9.7953796390,-0.0294494629,0.0016710069,0.1745117187,0.0000108507
557752.1100230390,0.0294494629,9.7999572757,-0.0062561035,0.0003146701,0.1745659722,-0.0000108507
557752.1200230391,0.0288391113,9.7964477542,-0.0245666504,0.0004231771,0.1746419271,0.0000000000
557752.1300230389,0.0286865234,9.7970581058,-0.0173950195,0.0016167535,0.1745117187,0.0000000000
557752.1400230390,0.0297546387,9.7999572757,-0.0079345703,-0.0002712674,0.1746853299,0.0000000000
557752.1500230390,0.0302124023,9.7943115238,-0.0325012207,0.0013129340,0.1745659722,0.0000000000
557752.1600230390,0.0285339355,9.7994995120,-0.0086975098,0.0008572049,0.1745008680,0.0000000000
557752.1700230390,0.0289916992,9.7982788089,-0.0163269043,-0.0000651042,0.1746744792,-0.0000108507
557752.1800230390,0.0289916992,9.7958374027,-0.0242614746,0.0018120660,0.1744791667,0.0000000000
557752.1900230390,0.0300598145,9.8005676273,-0.0059509277,0.0000108507,0.1745442708,0.0000000000
557752.2000230390,0.0297546387,9.7949218753,-0.0289916992,0.0007052951,0.1745768229,0.0000000000
557752.2100230390,0.0288391113,9.7984313968,-0.0137329102,0.0013997396,0.1745442708,0.0000000000
557752.2200230390,0.0277709961,9.7991943363,-0.0108337402,-0.0002712674,0.1745876736,0.0000000000
557752.2300230390,0.0294494629,9.7949218753,-0.0305175781,0.0015516493,0.1745985243,0.0000108507
557752.2400230390,0.0311279297,9.7998046878,-0.0073242188,0.0005859375,0.1745117187,-0.0000108507
557752.2500230391,0.0292968750,9.7970581058,-0.0213623047,0.0001519097,0.1745985243,0.0000000000
557752.2600230390,0.0285339355,9.7961425784,-0.0221252441,0.0016927083,0.1745876736,0.0000000000
557752.2700230390,0.0283813477,9.8001098636,-0.0070190430,-0.0001519097,0.1745768229,0.0000000000
557752.2800230390,0.0309753418,9.7946166995,-0.0292968750,0.0010850694,0.1745985243,0.0000000000
557752.2900230390,0.0306701660,9.7990417484,-0.0103759766,0.0010633681,0.1745876736,-0.0000108507
557752.3000230390,0.0285339355,9.7984313968,-0.0167846680,-0.0001519097,0.1744791667,0.0000000000
557752.3100230390,0.0280761719,9.7955322269,-0.0268554688,0.0017144097,0.1746636285,-0.0000108507
557752.3200230390,0.0300598145,9.8005676273,-0.0039672852,0.0001736111,0.1746419271,0.0000000000
557752.3300230390,0.0294494629,9.7955322269,-0.0259399414,0.0005859375,0.1745225694,-0.0000108507
557752.3400230390,0.0292968750,9.7975158695,-0.0173950195,0.0014973958,0.1746419271,0.0000108507
557752.3500230390,0.0288391113,9.7994995120,-0.0109863281,-0.0003146701,0.1744791667,0.0000000000
557752.3600230390,0.0294494629,9.7947692874,-0.0309753418,0.0014431424,0.1744900174,0.0000000000
557752.3700230391,0.0302124023,9.7999572757,-0.0050354004,0.0007703993,0.1745768229,0.0000000000
557752.3800230389,0.0277709961,9.7979736331,-0.0199890137,0.0000542535,0.1745008680,-0.0000108507
557752.3900230390,0.0279235840,9.7961425784,-0.0253295898,0.0017252604,0.1745225694,0.0000108507
557752.4000230390,0.0308227539,9.8007202152,-0.0054931641,-0.0000868056,0.1745985243,0.0000000000
557752.4100230390,0.0303649902,9.7953796390,-0.0286865234,0.0008680556,0.1745225694,0.0000000000
557752.4200230390,0.0291442871,9.7987365726,-0.0132751465,0.0012586806,0.1745117187,0.0000000000
557752.4300230390,0.0288391113,9.7984313968,-0.0131225586,-0.0002387153,0.1745659722,-0.0000108507
557752.4400230390,0.0285339355,9.7952270511,-0.0302124023,0.0015842014,0.1744900174,0.0000000000
557752.4500230390,0.0303649902,9.8001098636,-0.0042724609,0.0004882812,0.1745659722,-0.0000217014
557752.4600230390,0.0289916992,9.7961425784,-0.0230407715,0.0002387153,0.1745659722,-0.0000108507
557752.4700230390,0.0285339355,9.7972106937,-0.0219726563,0.0016601562,0.1745659722,0.0000108507
557752.4800230400,0.0291442871,9.7999572757,-0.0080871582,-0.0002170139,0.1745876736,0.0000000000
557752.4900230400,0.0297546387,9.7946166995,-0.0294494629,0.0011501736,0.1745442708,0.0000000000
557752.5000230400,0.0292968750,9.7996520999,-0.0086975098,0.0009982639,0.1745876736,-0.0000108507
557752.5100230400,0.0282287598,9.7981262210,-0.0163269043,-0.0000651042,0.1746202257,0.0000000000
557752.5200230400,0.0297546387,9.7955322269,-0.0279235840,0.0017361111,0.1746636285,0.0000000000
557752.5300230400,0.0294494629,9.8007202152,-0.0056457520,0.0000759549,0.1744791667,-0.0000108507
557752.5400230400,0.0294494629,9.7962951663,-0.0270080566,0.0006727431,0.1745985243,0.0000000000
557752.5500230400,0.0291442871,9.7981262210,-0.0148010254,0.0014322917,0.1746527778,0.0000000000
557752.5600230400,0.0280761719,9.7994995120,-0.0106811523,-0.0003038194,0.1744683160,0.0000108507
557752.5700230401,0.0297546387,9.7952270511,-0.0308227539,0.0015299479,0.1745659722,0.0000108507
557752.5800230399,0.0308227539,9.8001098636,-0.0061035156,0.0005967882,0.1745768229,-0.0000108507
557752.5900230400,0.0285339355,9.7972106937,-0.0219726563,0.0001519097,0.1744683160,-0.0000108507
557752.6000230400,0.0285339355,9.7961425784,-0.0225830078,0.0017035590,0.1745876736,0.0000217014
557752.6100230400,0.0292968750,9.8002624515,-0.0070190430,-0.0001627604,0.1746310764,0.0000000000
557752.6200230400,0.0300598145,9.7953796390,-0.0300598145,0.0010091146,0.1744574653,0.0000000000
557752.6300230400,0.0294494629,9.7985839847,-0.0105285645,0.0011827257,0.1746202257,-0.0000108507
557752.6400230400,0.0286865234,9.7985839847,-0.0154113770,-0.0001844618,0.1746310764,0.0000000000
557752.6500230400,0.0279235840,9.7953796390,-0.0297546387,0.0016493056,0.1745008680,-0.0000108507
557752.6600230400,0.0296020508,9.8007202152,-0.0048828125,0.0002712674,0.1745985243,0.0000000000
557752.6700230400,0.0291442871,9.7966003421,-0.0248718262,0.0004557292,0.1745334201,0.0000000000
557752.6800230400,0.0292968750,9.7976684574,-0.0189208984,0.0015842014,0.1745551215,0.0000217014
557752.6900230400,0.0286865234,9.7993469241,-0.0091552734,-0.0002712674,0.1746310764,0.0000000000
557752.7000230399,0.0297546387,9.7950744632,-0.0303649902,0.0013563368,0.1745768229,0.0000000000
557752.7100230400,0.0296020508,9.7999572757,-0.0080871582,0.0008463542,0.1745659722,-0.0000108507
557752.7200230400,0.0285339355,9.7976684574,-0.0199890137,-0.0000434028,0.1746310764,-0.0000325521
557752.7300230400,0.0286865234,9.7958374027,-0.0245666504,0.0017795139,0.1744791667,0.0000108507
557752.7400230400,0.0292968750,9.8008728031,-0.0050354004,-0.0000217014,0.1745442708,0.0000000000
557752.7500230400,0.0306701660,9.7950744632,-0.0277709961,0.0007378472,0.1745768229,0.0000108507
557752.7600230400,0.0286865234,9.7981262210,-0.0155639648,0.0013888889,0.1745008680,-0.0000108507
557752.7700230400,0.0291442871,9.7988891605,-0.0122070313,-0.0002712674,0.1745985243,0.0000000000
557752.7800230400,0.0288391113,9.7952270511,-0.0308227539,0.0015733507,0.1745008680,0.0000000000
557752.7900230400,0.0291442871,9.8002624515,-0.0056457520,0.0005208333,0.1745985243,0.0000000000
557752.8000230400,0.0300598145,9.7972106937,-0.0224304199,0.0001953125,0.1746527778,0.0000000000
557752.8100230400,0.0279235840,9.7966003421,-0.0215148926,0.0017035590,0.1745768229,0.0000108507
557752.8200230401,0.0291442871,9.7998046878,-0.0080871582,-0.0002278646,0.1745768229,0.0000108507
557752.8300230399,0.0289916992,9.7952270511,-0.0303649902,0.0011067708,0.1745876736,0.0000000000
557752.8400230400,0.0297546387,9.7985839847,-0.0097656250,0.0011284722,0.1745768229,-0.0000108507
557752.8500230400,0.0302124023,9.7982788089,-0.0160217285,-0.0001844618,0.1746202257,0.0000000000
557752.8600230400,0.0288391113,9.7956848148,-0.0285339355,0.0017035590,0.1745334201,0.0000000000
557752.8700230400,0.0285339355,9.8004150394,-0.0044250488,0.0001736111,0.1745768229,0.0000000000
557752.8800230400,0.0279235840,9.7962951663,-0.0248718262,0.0005099826,0.1745008680,0.0000000000
557752.8900230400,0.0297546387,9.7979736331,-0.0178527832,0.0015299479,0.1746202257,0.0000000000
557752.9000230400,0.0288391113,9.7993469241,-0.0100708008,-0.0002387153,0.1745551215,0.0000000000
557752.9100230400,0.0283813477,9.7952270511,-0.0311279297,0.0013671875,0.1745659722,0.0000000000
557752.9200230400,0.0289916992,9.7998046878,-0.0057983398,0.0007812500,0.1746093750,-0.0000217014
557752.9300230400,0.0283813477,9.7973632816,-0.0190734863,0.0000108507,0.1745442708,-0.0000108507
557752.9400230400,0.0303649902,9.7964477542,-0.0253295898,0.0017144097,0.1745659722,0.0000108507
557752.9500230399,0.0292968750,9.8008728031,-0.0070190430,-0.0001085069,0.1745551215,0.0000000000
557752.9600230400,0.0288391113,9.7946166995,-0.0289916992,0.0009114583,0.1745225694,0.0000000000
557752.9700230400,0.0282287598,9.7987365726,-0.0120544434,0.0012695312,0.1746093750,-0.0000108507
557752.9800230400,0.0291442871,9.7991943363,-0.0143432617,-0.0002712674,0.1745117187,0.0000000000
557752.9900230400,0.0297546387,9.7950744632,-0.0312805176,0.0016601562,0.1745117187,-0.0000108507
557753.0000230400,0.0291442871,9.8001098636,-0.0038146973,0.0004014757,0.1745659722,-0.0000108507
557753.0100230400,0.0285339355,9.7973632816,-0.0231933594,0.0002387153,0.1748046875,0.0000000000
557753.0200230400,0.0289916992,9.7973632816,-0.0218200684,0.0016601562,0.1745334201,0.0000217014
557753.0300230400,0.0294494629,9.8001098636,-0.0082397461,-0.0001844618,0.1748589410,-0.0000108507
557753.0400230400,0.0286865234,9.7953796390,-0.0302124023,0.0011827257,0.1745876736,0.0000000000
557753.0500230400,0.0292968750,9.7998046878,-0.0085449219,0.0009440104,0.1745659722,-0.0000108507
557753.0600230400,0.0291442871,9.7979736331,-0.0170898438,-0.0000434028,0.1746527778,0.0000000000
557753.0700230401,0.0292968750,9.7962951663,-0.0262451172,0.0016493056,0.1744032118,0.0000108507
557753.0800230399,0.0299072266,9.8004150394,-0.0067138672,0.0000217014,0.1745768229,0.0000000000
557753.0900230400,0.0282287598,9.7958374027,-0.0271606445,0.0007921007,0.1746527778,0.0000000000
557753.1000230400,0.0286865234,9.7985839847,-0.0135803223,0.0012695312,0.1744900174,-0.0000108507
557753.1100230400,0.0294494629,9.7987365726,-0.0131225586,-0.0001953125,0.1746419271,0.0000000000
557753.1200230400,0.0302124023,9.7949218753,-0.0285339355,0.0016059028,0.1745551215,-0.0000108507
557753.1300230400,0.0289916992,9.7994995120,-0.0068664551,0.0003363715,0.1746093750,0.0000000000
557753.1400230400,0.0285339355,9.7962951663,-0.0256347656,0.0003580729,0.1745985243,0.0000000000
557753.1500230400,0.0285339355,9.7975158695,-0.0187683105,0.0016059028,0.1745876736,0.0000000000
557753.1600230400,0.0300598145,9.7994995120,-0.0083923340,-0.0002604167,0.1745876736,0.0000000000
557753.1700230400,0.0291442871,9.7946166995,-0.0311279297,0.0013237847,0.1745225694,-0.0000108507
557753.1800230400,0.0285339355,9.7991943363,-0.0086975098,0.0008463542,0.1745985243,0.0000000000
557753.1900230400,0.0289916992,9.7978210452,-0.0196838379,-0.0000759549,0.1745551215,-0.0000108507
557753.2000230399,0.0294494629,9.7958374027,-0.0257873535,0.0017035590,0.1746093750,-0.0000108507
557753.2100230400,0.0289916992,9.8005676273,-0.0053405762,0.0000108507,0.1745008680,0.0000000000
557753.2200230400,0.0292968750,9.7950744632,-0.0285339355,0.0007703993,0.1745768229,0.0000000000
557753.2300230400,0.0292968750,9.7979736331,-0.0157165527,0.0013671875,0.1745659722,-0.0000217014
557753.2400230400,0.0292968750,9.7988891605,-0.0115966797,-0.0002821181,0.1745442708,0.0000000000
557753.2500230400,0.0286865234,9.7952270511,-0.0292968750,0.0015516493,0.1745876736,-0.0000108507
557753.2600230400,0.0283813477,9.8002624515,-0.0065612793,0.0004882812,0.1745008680,0.0000000000
557753.2700230400,0.0296020508,9.7969055179,-0.0244140625,0.0002387153,0.1745659722,-0.0000108507
557753.2800230400,0.0297546387,9.7967529300,-0.0204467773,0.0016276042,0.1744900174,-0.0000108507
557753.2900230400,0.0280761719,9.7996520999,-0.0068664551,-0.0002604167,0.1746202257,-0.0000108507
557753.3000230400,0.0289916992,9.7943115238,-0.0300598145,0.0012261285,0.1745985243,-0.0000108507
557753.3100230400,0.0286865234,9.7990417484,-0.0100708008,0.0009765625,0.1745225694,0.0000000000
557753.3200230401,0.0299072266,9.7978210452,-0.0178527832,-0.0000976562,0.1746636285,0.0000000000
557753.3300230399,0.0296020508,9.7964477542,-0.0267028809,0.0016927083,0.1746093750,0.0000000000
557753.3400230400,0.0277709961,9.8002624515,-0.0050354004,0.0000651042,0.1745442708,0.0000000000
557753.3500230400,0.0283813477,9.7955322269,-0.0277709961,0.0006293403,0.1745985243,0.0000000000
557753.3600230400,0.0289916992,9.7978210452,-0.0172424316,0.0014648437,0.1745008680,-0.0000108507
557753.3700230400,0.0289916992,9.7998046878,-0.0109863281,-0.0003146701,0.1745008680,0.0000000000
557753.3800230400,0.0291442871,9.7952270511,-0.0312805176,0.0014648437,0.1745876736,-0.0000108507
557753.3900230400,0.0289916992,9.7998046878,-0.0074768066,0.0007703993,0.1745117187,0.0000000000
557753.4000230400,0.0285339355,9.7975158695,-0.0201416016,-0.0000759549,0.1745768229,0.0000000000
557753.4100230400,0.0303649902,9.7956848148,-0.0273132324,0.0017795139,0.1745768229,0.0000000000
557753.4200230400,0.0286865234,9.8004150394,-0.0051879883,-0.0000217014,0.1745334201,-0.0000108507
557753.4300230400,0.0283813477,9.7949218753,-0.0268554688,0.0007161458,0.1746310764,0.0000000000
557753.4400230400,0.0289916992,9.7976684574,-0.0163269043,0.0014431424,0.1745876736,-0.0000108507
557753.4500230399,0.0291442871,9.7993469241,-0.0125122070,-0.0002604167,0.1745117187,-0.0000108507
557753.4600230400,0.0291442871,9.7956848148,-0.0297546387,0.0014756944,0.1745985243,0.0000000000
557753.4700230400,0.0285339355,9.8005676273,-0.0057983398,0.0005316840,0.1744791667,0.0000000000
557753.4800230400,0.0286865234,9.7969055179,-0.0227355957,0.0001844618,0.1745659722,0.0000000000
557753.4900230400,0.0297546387,9.7958374027,-0.0225830078,0.0016710069,0.1745659722,-0.0000108507
557753.5000230400,0.0292968750,9.8004150394,-0.0076293945,-0.0001736111,0.1745768229,0.0000000000
557753.5100230400,0.0292968750,9.7950744632,-0.0302124023,0.0010959201,0.1746419271,0.0000000000
557753.5200230400,0.0289916992,9.7990417484,-0.0125122070,0.0010850694,0.1745985243,-0.0000108507
557753.5300230400,0.0288391113,9.7982788089,-0.0151062012,-0.0002170139,0.1745659722,0.0000000000
557753.5400230400,0.0286865234,9.7955322269,-0.0268554688,0.0016927083,0.1745768229,0.0000000000
557753.5500230410,0.0282287598,9.8007202152,-0.0070190430,0.0001844618,0.1746093750,0.0000000000
557753.5600230410,0.0289916992,9.7962951663,-0.0273132324,0.0004882812,0.1746527778,-0.0000108507
557753.5700230410,0.0289916992,9.7973632816,-0.0181579590,0.0015407986,0.1745985243,-0.0000108507
557753.5800230410,0.0282287598,9.7990417484,-0.0085449219,-0.0002604167,0.1746202257,-0.0000108507
557753.5900230410,0.0283813477,9.7949218753,-0.0318908691,0.0014105903,0.1746093750,0.0000000000
557753.6000230410,0.0294494629,9.8001098636,-0.0086975098,0.0007052951,0.1745225694,0.0000000000
557753.6100230410,0.0302124023,9.7972106937,-0.0196838379,-0.0000434028,0.1745659722,0.0000000000
557753.6200230410,0.0286865234,9.7959899906,-0.0250244141,0.0017578125,0.1745117187,-0.0000108507
557753.6300230410,0.0279235840,9.8004150394,-0.0048828125,-0.0000217014,0.1745985243,-0.0000325521
557753.6400230411,0.0282287598,9.7958374027,-0.0311279297,0.0007703993,0.1745768229,0.0000000000
557753.6500230409,0.0296020508,9.7978210452,-0.0151062012,0.0014431424,0.1745008680,-0.0000108507
557753.6600230410,0.0302124023,9.7982788089,-0.0105285645,-0.0003472222,0.1745117187,0.0000000000
557753.6700230410,0.0274658203,9.7943115238,-0.0306701660,0.0014865451,0.1745117187,-0.0000108507
557753.6800230410,0.0270080566,9.7999572757,-0.0074768066,0.0005967882,0.1745117187,0.0000000000
557753.6900230410,0.0296020508,9.7976684574,-0.0224304199,0.0000868056,0.1746310764,0.0000000000
557753.7000230410,0.0305175781,9.7967529300,-0.0234985352,0.0017144097,0.1745551215,0.0000000000
557753.7100230410,0.0283813477,9.7999572757,-0.0061035156,-0.0001085069,0.1745768229,-0.0000108507
557753.7200230410,0.0277709961,9.7955322269,-0.0299072266,0.0009657118,0.1746310764,0.0000000000
557753.7300230410,0.0291442871,9.7981262210,-0.0132751465,0.0011827257,0.1745008680,0.0000000000
557753.7400230410,0.0296020508,9.7991943363,-0.0151062012,-0.0002604167,0.1746310764,0.0000000000
557753.7500230410,0.0299072266,9.7953796390,-0.0282287598,0.0016276042,0.1745985243,-0.0000217014
557753.7600230410,0.0274658203,9.8002624515,-0.0059509277,0.0002712674,0.1745985243,0.0000000000
557753.7700230411,0.0286865234,9.7967529300,-0.0260925293,0.0004448785,0.1746744792,0.0000000000
557753.7800230409,0.0297546387,9.7976684574,-0.0193786621,0.0015733507,0.1745117187,0.0000000000
557753.7900230410,0.0288391113,9.7996520999,-0.0088500977,-0.0002821181,0.1745659722,0.0000000000
557753.8000230410,0.0273132324,9.7950744632,-0.0303649902,0.0013020833,0.1745985243,0.0000000000
557753.8100230410,0.0279235840,9.7998046878,-0.0085449219,0.0008463542,0.1746310764,0.0000000000
557753.8200230410,0.0305175781,9.7972106937,-0.0209045410,-0.0000759549,0.1746636285,0.0000000000
557753.8300230410,0.0305175781,9.7967529300,-0.0251770020,0.0017144097,0.1745659722,-0.0000325521
557753.8400230410,0.0271606445,9.8004150394,-0.0047302246,0.0000000000,0.1745334201,-0.0000217014
557753.8500230410,0.0273132324,9.7958374027,-0.0289916992,0.0008355035,0.1745768229,0.0000000000
557753.8600230410,0.0286865234,9.7982788089,-0.0149536133,0.0012803819,0.1745768229,0.0000000000
557753.8700230410,0.0312805176,9.7990417484,-0.0134277344,-0.0003038194,0.1745768229,-0.0000108507
557753.8800230410,0.0291442871,9.7950744632,-0.0291442871,0.0015733507,0.1745442708,-0.0000217014
557753.8900230411,0.0273132324,9.7998046878,-0.0065612793,0.0004340278,0.1745768229,-0.0000325521
557753.9000230409,0.0280761719,9.7961425784,-0.0239562988,0.0002604167,0.1746093750,0.0000000000
557753.9100230410,0.0302124023,9.7967529300,-0.0218200684,0.0017035590,0.1745659722,-0.0000108507
557753.9200230410,0.0299072266,9.8002624515,-0.0076293945,-0.0002278646,0.1745659722,-0.0000108507
557753.9300230410,0.0276184082,9.7950744632,-0.0320434570,0.0011393229,0.1745551215,-0.0000217014
557753.9400230410,0.0274658203,9.7990417484,-0.0117492676,0.0009982639,0.1745551215,0.0000000000
557753.9500230410,0.0291442871,9.7981262210,-0.0164794922,-0.0001953125,0.1745442708,0.0000000000
557753.9600230410,0.0309753418,9.7952270511,-0.0270080566,0.0017252604,0.1745334201,-0.0000108507
557753.9700230410,0.0294494629,9.8001098636,-0.0061035156,0.0001519097,0.1745659722,-0.0000434028
557753.9800230410,0.0273132324,9.7955322269,-0.0271606445,0.0005859375,0.1745768229,-0.0000108507
557753.9900230410,0.0277709961,9.7973632816,-0.0180053711,0.0014648437,0.1745659722,0.0000000000
557754.0000230410,0.0291442871,9.7994995120,-0.0105285645,-0.0002712674,0.1745659722,0.0000000000
557754.0100230410,0.0292968750,9.7953796390,-0.0297546387,0.0014105903,0.1748697917,0.0000000000
557754.0200230411,0.0283813477,9.7993469241,-0.0083923340,0.0006076389,0.1745225694,-0.0000108507
557754.0300230409,0.0273132324,9.7970581058,-0.0218200684,0.0001627604,0.1745985243,0.0000000000
557754.0400230410,0.0291442871,9.7958374027,-0.0230407715,0.0016493056,0.1745876736,0.0000000000
557754.0500230410,0.0300598145,9.8002624515,-0.0076293945,-0.0001519097,0.1745334201,0.0000000000
557754.0600230410,0.0294494629,9.7952270511,-0.0306701660,0.0010633681,0.1744900174,0.0000000000
557754.0700230410,0.0280761719,9.7991943363,-0.0115966797,0.0010416667,0.1745551215,-0.0000217014
557754.0800230410,0.0277709961,9.7987365726,-0.0163269043,-0.0002278646,0.1745442708,0.0000000000
557754.0900230410,0.0291442871,9.7956848148,-0.0280761719,0.0017035590,0.1745551215,-0.0000108507
557754.1000230410,0.0288391113,9.8004150394,-0.0045776367,0.0002387153,0.1746636285,-0.0000108507
557754.1100230410,0.0285339355,9.7959899906,-0.0291442871,0.0004557292,0.1745659722,-0.0000217014
557754.1200230410,0.0282287598,9.7972106937,-0.0199890137,0.0015733507,0.1745768229,0.0000000000
557754.1300230410,0.0294494629,9.8001098636,-0.0074768066,-0.0003363715,0.1745985243,0.0000000000
557754.1400230411,0.0294494629,9.7947692874,-0.0311279297,0.0013671875,0.1745442708,-0.0000108507
557754.1500230409,0.0279235840,9.7998046878,-0.0093078613,0.0008246528,0.1745768229,-0.0000108507
557754.1600230410,0.0288391113,9.7976684574,-0.0193786621,-0.0001302083,0.1746202257,0.0000000000
557754.1700230410,0.0277709961,9.7959899906,-0.0263977051,0.0017795139,0.1744683160,0.0000000000
557754.1800230410,0.0292968750,9.8008728031,-0.0041198730,0.0000542535,0.1747178819,0.0000000000
557754.1900230410,0.0297546387,9.7956848148,-0.0299072266,0.0006184896,0.1745008680,0.0000000000
557754.2000230410,0.0286865234,9.7984313968,-0.0183105469,0.0014865451,0.1745225694,0.0000000000
557754.2100230410,0.0288391113,9.7999572757,-0.0088500977,-0.0003689236,0.1746636285,0.0000000000
557754.2200230410,0.0296020508,9.7943115238,-0.0302124023,0.0014431424,0.1745985243,0.0000000000
557754.2300230410,0.0282287598,9.7998046878,-0.0079345703,0.0007052951,0.1745225694,-0.0000217014
557754.2400230410,0.0280761719,9.7975158695,-0.0224304199,0.0000108507,0.1746419271,-0.0000217014
557754.2500230410,0.0285339355,9.7961425784,-0.0247192383,0.0017144097,0.1745008680,0.0000000000
557754.2600230410,0.0289916992,9.8004150394,-0.0051879883,-0.0000868056,0.1745117187,-0.0000108507
557754.2700230411,0.0286865234,9.7952270511,-0.0303649902,0.0009331597,0.1745225694,0.0000000000
557754.2800230409,0.0291442871,9.7984313968,-0.0141906738,0.0011935764,0.1745225694,-0.0000108507
557754.2900230410,0.0280761719,9.7991943363,-0.0146484375,-0.0003038194,0.1744900174,-0.0000108507
557754.3000230410,0.0274658203,9.7952270511,-0.0283813477,0.0016276042,0.1745768229,0.0000000000
557754.3100230410,0.0297546387,9.8002624515,-0.0068664551,0.0003689236,0.1745985243,0.0000000000
557754.3200230410,0.0289916992,9.7964477542,-0.0263977051,0.0003363715,0.1744683160,-0.0000217014
557754.3300230410,0.0282287598,9.7970581058,-0.0204467773,0.0015733507,0.1746853299,0.0000000000
557754.3400230410,0.0282287598,9.7999572757,-0.0082397461,-0.0002495660,0.1746202257,0.0000000000
557754.3500230410,0.0288391113,9.7949218753,-0.0320434570,0.0012803819,0.1744791667,0.0000000000
557754.3600230410,0.0299072266,9.7993469241,-0.0103759766,0.0008572049,0.1745985243,0.0000000000
557754.3700230410,0.0294494629,9.7982788089,-0.0186157227,-0.0001302083,0.1745985243,-0.0000108507
557754.3800230410,0.0274658203,9.7958374027,-0.0267028809,0.0017469618,0.1744574653,-0.0000217014
557754.3900230411,0.0274658203,9.8001098636,-0.0064086914,0.0000542535,0.1745551215,0.0000000000
557754.4000230409,0.0296020508,9.7959899906,-0.0283813477,0.0006510417,0.1745985243,0.0000000000
557754.4100230410,0.0294494629,9.7987365726,-0.0158691406,0.0013888889,0.1744683160,0.0000000000
557754.4200230410,0.0283813477,9.7994995120,-0.0112915039,-0.0003146701,0.1745659722,-0.0000325521
557754.4300230410,0.0274658203,9.7947692874,-0.0312805176,0.0014865451,0.1746636285,-0.0000217014
557754.4400230410,0.0273132324,9.8001098636,-0.0080871582,0.0006727431,0.1745551215,0.0000000000
557754.4500230410,0.0299072266,9.7972106937,-0.0213623047,0.0000000000,0.1745876736,-0.0000108507
557754.4600230410,0.0303649902,9.7966003421,-0.0247192383,0.0017252604,0.1745985243,-0.0000108507
557754.4700230410,0.0274658203,9.8005676273,-0.0074768066,-0.0000759549,0.1745442708,-0.0000108507
557754.4800230410,0.0274658203,9.7956848148,-0.0317382813,0.0008572049,0.1745225694,0.0000000000
557754.4900230410,0.0292968750,9.7987365726,-0.0155639648,0.0012803819,0.1745551215,-0.0000108507
557754.5000230410,0.0309753418,9.7990417484,-0.0122070313,-0.0002712674,0.1746310764,-0.0000108507
557754.5100230410,0.0276184082,9.7953796390,-0.0299072266,0.0015842014,0.1744574653,-0.0000108507
557754.5200230411,0.0280761719,9.8004150394,-0.0082397461,0.0004123264,0.1746093750,0.0000000000
557754.5300230409,0.0289916992,9.7964477542,-0.0241088867,0.0002821181,0.1745876736,0.0000000000
557754.5400230410,0.0299072266,9.7973632816,-0.0210571289,0.0015625000,0.1744791667,-0.0000108507
557754.5500230410,0.0286865234,9.7999572757,-0.0079345703,-0.0002387153,0.1746202257,-0.0000325521
557754.5600230410,0.0274658203,9.7955322269,-0.0320434570,0.0012152778,0.1745551215,-0.0000108507
557754.5700230410,0.0277709961,9.7993469241,-0.0109863281,0.0009440104,0.1745117187,0.0000000000
557754.5800230410,0.0288391113,9.7975158695,-0.0173950195,-0.0001085069,0.1745008680,0.0000000000
557754.5900230410,0.0292968750,9.7956848148,-0.0267028809,0.0016710069,0.1746419271,-0.0000108507
557754.6000230410,0.0280761719,9.8007202152,-0.0068664551,0.0000759549,0.1746636285,-0.0000108507
557754.6100230410,0.0276184082,9.7956848148,-0.0289916992,0.0006076389,0.1745008680,0.0000000000
557754.6200230410,0.0289916992,9.7984313968,-0.0169372559,0.0014322917,0.1746093750,0.0000000000
557754.6300230420,0.0297546387,9.7998046878,-0.0105285645,-0.0003038194,0.1746310764,-0.0000108507
557754.6400230420,0.0279235840,9.7950744632,-0.0314331055,0.0014539931,0.1744249132,-0.0000325521
557754.6500230420,0.0279235840,9.8002624515,-0.0077819824,0.0007161458,0.1746093750,0.0000000000
557754.6600230420,0.0285339355,9.7975158695,-0.0222778320,-0.0000108507,0.1746636285,-0.0000108507
557754.6700230420,0.0294494629,9.7966003421,-0.0270080566,0.0017361111,0.1745008680,0.0000108507
557754.6800230420,0.0277709961,9.8002624515,-0.0057983398,-0.0000976562,0.1745117187,-0.0000325521
557754.6900230420,0.0283813477,9.7950744632,-0.0299072266,0.0008355035,0.1745985243,0.0000000000
557754.7000230420,0.0282287598,9.7982788089,-0.0148010254,0.0013020833,0.1744900174,0.0000000000
557754.7100230420,0.0294494629,9.7990417484,-0.0143432617,-0.0003038194,0.1745659722,-0.0000108507
557754.7200230421,0.0288391113,9.7952270511,-0.0302124023,0.0015842014,0.1745985243,0.0000000000
557754.7300230419,0.0277709961,9.7999572757,-0.0057983398,0.0003797743,0.1745985243,0.0000000000
557754.7400230420,0.0291442871,9.7972106937,-0.0251770020,0.0002495660,0.1746853299,0.0000000000
557754.7500230420,0.0292968750,9.7975158695,-0.0224304199,0.0016384549,0.1746093750,-0.0000217014
557754.7600230420,0.0291442871,9.7999572757,-0.0079345703,-0.0002278646,0.1745442708,-0.0000108507
557754.7700230420,0.0277709961,9.7953796390,-0.0305175781,0.0011393229,0.1745551215,-0.0000325521
557754.7800230420,0.0277709961,9.7993469241,-0.0115966797,0.0009982639,0.1745551215,0.0000000000
557754.7900230420,0.0285339355,9.7988891605,-0.0178527832,-0.0001736111,0.1745768229,-0.0000108507
557754.8000230420,0.0302124023,9.7962951663,-0.0296020508,0.0017144097,0.1745659722,-0.0000108507
557754.8100230420,0.0282287598,9.8005676273,-0.0054931641,0.0001085069,0.1745551215,-0.0000217014
557754.8200230420,0.0274658203,9.7959899906,-0.0268554688,0.0004665799,0.1745117187,-0.0000217014
557754.8300230420,0.0279235840,9.7973632816,-0.0193786621,0.0016167535,0.1745117187,-0.0000108507
557754.8400230421,0.0294494629,9.7998046878,-0.0106811523,-0.0003146701,0.1746419271,0.0000000000
557754.8500230419,0.0297546387,9.7952270511,-0.0331115723,0.0013563368,0.1745551215,-0.0000108507
557754.8600230420,0.0279235840,9.8002624515,-0.0097656250,0.0008246528,0.1746310764,0.0000000000
557754.8700230420,0.0277709961,9.7985839847,-0.0195312500,-0.0001410590,0.1746744792,0.0000000000
557754.8800230420,0.0294494629,9.7956848148,-0.0259399414,0.0017469618,0.1745876736,0.0000000000
557754.8900230420,0.0297546387,9.8007202152,-0.0057983398,0.0000000000,0.1746636285,-0.0000108507
557754.9000230420,0.0282287598,9.7952270511,-0.0292968750,0.0007378472,0.1745876736,-0.0000108507
557754.9100230420,0.0274658203,9.7985839847,-0.0166320801,0.0013997396,0.1746093750,-0.0000108507
557754.9200230420,0.0292968750,9.7991943363,-0.0117492676,-0.0003146701,0.1746419271,-0.0000108507
557754.9300230420,0.0286865234,9.7946166995,-0.0308227539,0.0014973958,0.1745442708,-0.0000217014
557754.9400230420,0.0288391113,9.8002624515,-0.0074768066,0.0005750868,0.1745876736,-0.0000108507
557754.9500230420,0.0286865234,9.7969055179,-0.0231933594,0.0000868056,0.1745442708,-0.0000108507
557754.9600230420,0.0283813477,9.7966003421,-0.0236511230,0.0017144097,0.1744791667,-0.0000217014
557754.9700230421,0.0282287598,9.8005676273,-0.0067138672,-0.0001844618,0.1745768229,-0.0000108507
557754.9800230419,0.0296020508,9.7952270511,-0.0308227539,0.0010633681,0.1745117187,-0.0000108507
557754.9900230420,0.0271606445,9.7993469241,-0.0137329102,0.0011176215,0.1745442708,-0.0000108507
557755.0000230420,0.0288391113,9.7982788089,-0.0152587891,-0.0002821181,0.1745768229,0.0000000000
557755.0100230420,0.0296020508,9.7953796390,-0.0282287598,0.0016710069,0.1748697917,-0.0000108507
557755.0200230420,0.0291442871,9.8004150394,-0.0059509277,0.0002387153,0.1746419271,-0.0000108507
557755.0300230420,0.0285339355,9.7962951663,-0.0286865234,0.0004014757,0.1746419271,-0.0000108507
557755.0400230420,0.0280761719,9.7978210452,-0.0209045410,0.0016059028,0.1745659722,0.0000108507
557755.0500230420,0.0289916992,9.7991943363,-0.0090026855,-0.0003038194,0.1745985243,0.0000000000
557755.0600230420,0.0297546387,9.7956848148,-0.0320434570,0.0012803819,0.1746093750,-0.0000108507
557755.0700230420,0.0286865234,9.7998046878,-0.0094604492,0.0008463542,0.1745659722,-0.0000217014
557755.0800230420,0.0274658203,9.7982788089,-0.0205993652,-0.0001085069,0.1746202257,-0.0000108507
557755.0900230421,0.0286865234,9.7956848148,-0.0273132324,0.0017144097,0.1744900174,-0.0000108507
557755.1000230419,0.0296020508,9.7998046878,-0.0054931641,0.0000000000,0.1745551215,-0.0000217014
557755.1100230420,0.0288391113,9.7955322269,-0.0289916992,0.0006835937,0.1745876736,0.0000000000
557755.1200230420,0.0273132324,9.7982788089,-0.0173950195,0.0014756944,0.1745117187,-0.0000108507
557755.1300230420,0.0285339355,9.7993469241,-0.0102233887,-0.0003580729,0.1746419271,0.0000000000
557755.1400230420,0.0288391113,9.7947692874,-0.0314331055,0.0013997396,0.1745442708,0.0000000000
557755.1500230420,0.0292968750,9.7994995120,-0.0090026855,0.0006835937,0.1745008680,-0.0000217014
557755.1600230420,0.0283813477,9.7975158695,-0.0213623047,0.0000542535,0.1745659722,0.0000000000
557755.1700230420,0.0276184082,9.7962951663,-0.0262451172,0.0017035590,0.1744900174,0.0000000000
557755.1800230420,0.0288391113,9.8001098636,-0.0070190430,-0.0000651042,0.1745551215,0.0000000000
557755.1900230420,0.0300598145,9.7958374027,-0.0305175781,0.0008680556,0.1746093750,-0.0000108507
557755.2000230420,0.0286865234,9.7987365726,-0.0140380859,0.0012261285,0.1745442708,-0.0000108507
557755.2100230420,0.0260925293,9.7991943363,-0.0149536133,-0.0003038194,0.1745876736,0.0000000000
557755.2200230421,0.0289916992,9.7955322269,-0.0305175781,0.0016059028,0.1745876736,-0.0000108507
557755.2300230419,0.0300598145,9.8008728031,-0.0068664551,0.0004014757,0.1745334201,-0.0000217014
557755.2400230420,0.0292968750,9.7967529300,-0.0250244141,0.0002821181,0.1745551215,-0.0000108507
557755.2500230420,0.0280761719,9.7973632816,-0.0207519531,0.0016493056,0.1745551215,0.0000000000
557755.2600230420,0.0274658203,9.8007202152,-0.0085449219,-0.0002712674,0.1745876736,0.0000000000
557755.2700230420,0.0297546387,9.7952270511,-0.0311279297,0.0011935764,0.1745442708,-0.0000108507
557755.2800230420,0.0292968750,9.7999572757,-0.0119018555,0.0009114583,0.1745551215,-0.0000108507
557755.2900230420,0.0282287598,9.7981262210,-0.0186157227,-0.0000976562,0.1745768229,-0.0000325521
557755.3000230420,0.0273132324,9.7955322269,-0.0267028809,0.0017035590,0.1745334201,0.0000000000
557755.3100230420,0.0285339355,9.8004150394,-0.0070190430,0.0000976562,0.1746744792,0.0000000000
557755.3200230420,0.0296020508,9.7955322269,-0.0280761719,0.0006076389,0.1744900174,-0.0000108507
557755.3300230420,0.0294494629,9.7979736331,-0.0173950195,0.0013997396,0.1745659722,0.0000000000
557755.3400230421,0.0280761719,9.7994995120,-0.0120544434,-0.0003146701,0.1746202257,-0.0000325521
557755.3500230419,0.0268554688,9.7952270511,-0.0312805176,0.0014539931,0.1744791667,0.0000000000
557755.3600230420,0.0305175781,9.8002624515,-0.0086975098,0.0005750868,0.1746093750,0.0000000000
557755.3700230420,0.0299072266,9.7970581058,-0.0225830078,0.0001085069,0.1745334201,-0.0000434028
557755.3800230420,0.0283813477,9.7962951663,-0.0233459473,0.0016710069,0.1745117187,-0.0000108507
557755.3900230420,0.0268554688,9.8002624515,-0.0079345703,-0.0001844618,0.1745768229,0.0000000000
557755.4000230420,0.0286865234,9.7952270511,-0.0315856934,0.0010308160,0.1745876736,0.0000000000
557755.4100230420,0.0294494629,9.7991943363,-0.0123596191,0.0010633681,0.1745551215,-0.0000217014
557755.4200230420,0.0279235840,9.7988891605,-0.0170898438,-0.0001953125,0.1745442708,-0.0000108507
557755.4300230420,0.0288391113,9.7955322269,-0.0294494629,0.0016493056,0.1745985243,-0.0000217014
557755.4400230420,0.0279235840,9.8005676273,-0.0059509277,0.0001627604,0.1745334201,-0.0000217014
557755.4500230420,0.0276184082,9.7966003421,-0.0268554688,0.0005859375,0.1744791667,-0.0000108507
557755.4600230420,0.0296020508,9.7972106937,-0.0189208984,0.0014648437,0.1745768229,-0.0000217014
557755.4700230421,0.0288391113,9.7998046878,-0.0119018555,-0.0003472222,0.1746636285,0.0000000000
557755.4800230419,0.0294494629,9.7955322269,-0.0314331055,0.0013888889,0.1746093750,-0.0000217014
557755.4900230420,0.0276184082,9.8002624515,-0.0077819824,0.0007052951,0.1744574653,-0.0000108507
557755.5000230420,0.0289916992,9.7972106937,-0.0222778320,0.0000325521,0.1745008680,-0.0000108507
557755.5100230420,0.0294494629,9.7959899906,-0.0265502930,0.0017035590,0.1745008680,-0.0000108507
557755.5200230420,0.0289916992,9.8007202152,-0.0065612793,-0.0000976562,0.1746310764,-0.0000108507
557755.5300230420,0.0282287598,9.7958374027,-0.0296020508,0.0008680556,0.1745659722,0.0000000000
557755.5400230420,0.0286865234,9.7988891605,-0.0149536133,0.0012261285,0.1744900174,-0.0000325521
557755.5500230420,0.0286865234,9.7987365726,-0.0151062012,-0.0002712674,0.1744900174,-0.0000325521
557755.5600230420,0.0277709961,9.7962951663,-0.0306701660,0.0016167535,0.1745334201,-0.0000217014
557755.5700230420,0.0288391113,9.8005676273,-0.0059509277,0.0003580729,0.1747287326,-0.0000217014
557755.5800230420,0.0285339355,9.7964477542,-0.0257873535,0.0003146701,0.1746310764,0.0000000000
557755.5900230421,0.0289916992,9.7967529300,-0.0224304199,0.0016276042,0.1745225694,-0.0000108507
557755.6000230419,0.0279235840,9.7994995120,-0.0090026855,-0.0002604167,0.1746419271,-0.0000108507
557755.6100230420,0.0291442871,9.7959899906,-0.0331115723,0.0011718750,0.1746636285,-0.0000217014
557755.6200230420,0.0286865234,9.7999572757,-0.0088500977,0.0009331597,0.1745768229,-0.0000108507
557755.6300230420,0.0283813477,9.7988891605,-0.0180053711,-0.0001736111,0.1746202257,-0.0000108507
557755.6400230420,0.0288391113,9.7959899906,-0.0300598145,0.0017361111,0.1745876736,-0.0000217014
557755.6500230420,0.0279235840,9.8005676273,-0.0062561035,0.0001193576,0.1746310764,-0.0000108507
557755.6600230420,0.0277709961,9.7961425784,-0.0277709961,0.0005099826,0.1745985243,-0.0000108507
557755.6700230420,0.0288391113,9.7981262210,-0.0187683105,0.0014865451,0.1744791667,-0.0000108507
557755.6800230420,0.0288391113,9.7996520999,-0.0102233887,-0.0003038194,0.1745659722,-0.0000108507
557755.6900230420,0.0292968750,9.7950744632,-0.0318908691,0.0013888889,0.1746202257,-0.0000325521
557755.7000230430,0.0271606445,9.8002624515,-0.0099182129,0.0007052951,0.1744791667,0.0000000000
557755.7100230430,0.0286865234,9.7975158695,-0.0218200684,0.0000000000,0.1746202257,0.0000000000
557755.7200230430,0.0297546387,9.7964477542,-0.0247192383,0.0017035590,0.1745659722,0.0000000000
557755.7300230430,0.0280761719,9.8007202152,-0.0079345703,-0.0000976562,0.1745117187,-0.0000108507
557755.7400230430,0.0277709961,9.7955322269,-0.0305175781,0.0008897569,0.1745876736,-0.0000108507
557755.7500230430,0.0289916992,9.7985839847,-0.0144958496,0.0011501736,0.1745551215,-0.0000217014
557755.7600230430,0.0292968750,9.7985839847,-0.0158691406,-0.0002604167,0.1745551215,-0.0000434028
557755.7700230430,0.0280761719,9.7962951663,-0.0285339355,0.0016276042,0.1745225694,-0.0000325521
557755.7800230430,0.0282287598,9.8005676273,-0.0082397461,0.0002821181,0.1746527778,-0.0000217014
557755.7900230431,0.0288391113,9.7961425784,-0.0277709961,0.0004557292,0.1745551215,0.0000000000
557755.8000230429,0.0292968750,9.7978210452,-0.0184631348,0.0014431424,0.1745117187,-0.0000217014
557755.8100230430,0.0289916992,9.7993469241,-0.0108337402,-0.0002712674,0.1746527778,-0.0000325521
557755.8200230430,0.0276184082,9.7950744632,-0.0321960449,0.0013454861,0.1745768229,-0.0000108507
557755.8300230430,0.0280761719,9.7999572757,-0.0105285645,0.0007486979,0.1745225694,-0.0000108507
557755.8400230430,0.0283813477,9.7981262210,-0.0215148926,-0.0000217014,0.1745659722,-0.0000108507
557755.8500230430,0.0303649902,9.7964477542,-0.0251770020,0.0017361111,0.1745985243,0.0000000000
557755.8600230430,0.0280761719,9.8005676273,-0.0056457520,-0.0000651042,0.1746310764,-0.0000108507
557755.8700230430,0.0276184082,9.7958374027,-0.0312805176,0.0007595486,0.1745117187,-0.0000108507
557755.8800230430,0.0286865234,9.7981262210,-0.0158691406,0.0013020833,0.1746093750,-0.0000217014
557755.8900230430,0.0306701660,9.7994995120,-0.0137329102,-0.0003363715,0.1746202257,-0.0000325521
557755.9000230430,0.0294494629,9.7950744632,-0.0303649902,0.0015733507,0.1745659722,-0.0000325521
557755.9100230430,0.0263977051,9.8010253909,-0.0080871582,0.0004882812,0.1745876736,-0.0000108507
557755.9200230431,0.0271606445,9.7964477542,-0.0250244141,0.0001844618,0.1746093750,0.0000000000
557755.9300230430,0.0305175781,9.7970581058,-0.0230407715,0.0016276042,0.1745334201,-0.0000108507
557755.9400230430,0.0296020508,9.7996520999,-0.0071716309,-0.0002170139,0.1745551215,-0.0000325521
557755.9500230430,0.0277709961,9.7952270511,-0.0331115723,0.0010959201,0.1745768229,-0.0000217014
557755.9600230430,0.0271606445,9.7996520999,-0.0126647949,0.0010850694,0.1745985243,-0.0000108507
557755.9700230430,0.0283813477,9.7987365726,-0.0161743164,-0.0002604167,0.1746527778,0.0000000000
557755.9800230430,0.0302124023,9.7953796390,-0.0297546387,0.0017144097,0.1745225694,-0.0000108507
557755.9900230430,0.0282287598,9.8002624515,-0.0070190430,0.0002061632,0.1745659722,-0.0000434028
557756.0000230430,0.0279235840,9.7962951663,-0.0271606445,0.0003797743,0.1746419271,-0.0000108507
557756.0100230430,0.0271606445,9.7976684574,-0.0212097168,0.0016276042,0.1748263889,0.0000000000
557756.0200230430,0.0297546387,9.8004150394,-0.0091552734,-0.0003363715,0.1745659722,-0.0000434028
557756.0300230430,0.0317382813,9.7952270511,-0.0328063965,0.0012261285,0.1745768229,-0.0000217014
557756.0400230431,0.0279235840,9.7993469241,-0.0097656250,0.0009657118,0.1745225694,-0.0000325521
557756.0500230429,0.0262451172,9.7979736331,-0.0169372559,-0.0001736111,0.1745117187,0.0000000000
557756.0600230430,0.0292968750,9.7959899906,-0.0303649902,0.0016927083,0.1745225694,-0.0000108507
557756.0700230430,0.0300598145,9.8004150394,-0.0070190430,0.0000868056,0.1745985243,-0.0000434028
557756.0800230430,0.0291442871,9.7964477542,-0.0270080566,0.0005425347,0.1744791667,-0.0000542535
557756.0900230430,0.0270080566,9.7978210452,-0.0183105469,0.0014539931,0.1745225694,-0.0000325521
557756.1000230430,0.0276184082,9.7994995120,-0.0126647949,-0.0002712674,0.1746853299,-0.0000108507
557756.1100230430,0.0305175781,9.7949218753,-0.0325012207,0.0013997396,0.1745768229,-0.0000217014
557756.1200230430,0.0279235840,9.7998046878,-0.0082397461,0.0006510417,0.1745008680,-0.0000108507
557756.1300230430,0.0277709961,9.7979736331,-0.0219726563,0.0000108507,0.1746527778,-0.0000217014
557756.1400230430,0.0280761719,9.7959899906,-0.0262451172,0.0016927083,0.1745225694,-0.0000217014
557756.1500230430,0.0291442871,9.8001098636,-0.0097656250,-0.0001410590,0.1745551215,-0.0000108507
557756.1600230430,0.0300598145,9.7950744632,-0.0305175781,0.0009331597,0.1745225694,-0.0000217014
557756.1700230431,0.0286865234,9.7991943363,-0.0119018555,0.0011501736,0.1745985243,-0.0000217014
557756.1800230430,0.0276184082,9.7988891605,-0.0167846680,-0.0002387153,0.1746853299,-0.0000108507
557756.1900230430,0.0277709961,9.7956848148,-0.0309753418,0.0016493056,0.1745008680,-0.0000108507
557756.2000230430,0.0294494629,9.8005676273,-0.0076293945,0.0001953125,0.1745768229,-0.0000217014
557756.2100230430,0.0292968750,9.7959899906,-0.0268554688,0.0004123264,0.1746310764,-0.0000325521
557756.2200230430,0.0279235840,9.7981262210,-0.0187683105,0.0015190972,0.1746419271,-0.0000108507
557756.2300230430,0.0277709961,9.7996520999,-0.0112915039,-0.0002712674,0.1745551215,0.0000000000
557756.2400230430,0.0286865234,9.7946166995,-0.0326538086,0.0013237847,0.1744357639,-0.0000217014
557756.2500230430,0.0289916992,9.8002624515,-0.0097656250,0.0007595486,0.1745659722,-0.0000108507
557756.2600230430,0.0288391113,9.7976684574,-0.0207519531,-0.0000651042,0.1746853299,-0.0000325521
557756.2700230430,0.0285339355,9.7959899906,-0.0254821777,0.0017252604,0.1745876736,-0.0000217014
557756.2800230430,0.0289916992,9.8007202152,-0.0085449219,-0.0000542535,0.1745551215,-0.0000108507
557756.2900230431,0.0282287598,9.7952270511,-0.0317382813,0.0007161458,0.1745442708,-0.0000325521
557756.3000230429,0.0282287598,9.7984313968,-0.0154113770,0.0013888889,0.1745659722,-0.0000217014
557756.3100230430,0.0294494629,9.7994995120,-0.0123596191,-0.0003472222,0.1746853299,-0.0000108507
557756.3200230430,0.0286865234,9.7952270511,-0.0331115723,0.0015516493,0.1745876736,-0.0000217014
557756.3300230430,0.0270080566,9.8005676273,-0.0096130371,0.0005533854,0.1745442708,-0.0000325521
557756.3400230430,0.0286865234,9.7976684574,-0.0225830078,0.0000325521,0.1745551215,-0.0000217014
557756.3500230430,0.0291442871,9.7961425784,-0.0238037109,0.0017035590,0.1744574653,-0.0000217014
557756.3600230430,0.0288391113,9.8002624515,-0.0079345703,-0.0001519097,0.1746636285,-0.0000325521
557756.3700230430,0.0285339355,9.7949218753,-0.0326538086,0.0009548611,0.1745551215,-0.0000217014
557756.3800230430,0.0282287598,9.7987365726,-0.0144958496,0.0011501736,0.1745551215,-0.0000108507
557756.3900230430,0.0285339355,9.7993469241,-0.0144958496,-0.0002821181,0.1746853299,-0.0000325521
557756.4000230430,0.0297546387,9.7952270511,-0.0294494629,0.0016384549,0.1745225694,-0.0000325521
557756.4100230430,0.0283813477,9.8007202152,-0.0086975098,0.0002387153,0.1745768229,-0.0000108507
557756.4200230431,0.0285339355,9.7969055179,-0.0265502930,0.0004123264,0.1745876736,-0.0000217014
557756.4300230430,0.0271606445,9.7973632816,-0.0196838379,0.0015407986,0.1745117187,-0.0000108507
557756.4400230430,0.0286865234,9.7999572757,-0.0111389160,-0.0002604167,0.1745876736,-0.0000434028
557756.4500230430,0.0299072266,9.7950744632,-0.0334167480,0.0013129340,0.1745768229,-0.0000108507
557756.4600230430,0.0285339355,9.7993469241,-0.0105285645,0.0007921007,0.1745768229,-0.0000325521
557756.4700230430,0.0271606445,9.7978210452,-0.0198364258,-0.0001302083,0.1745985243,-0.0000325521
557756.4800230430,0.0288391113,9.7962951663,-0.0271606445,0.0017252604,0.1745225694,-0.0000325521
557756.4900230430,0.0299072266,9.8007202152,-0.0076293945,0.0000000000,0.1746202257,-0.0000217014
557756.5000230430,0.0288391113,9.7956848148,-0.0305175781,0.0007052951,0.1746093750,-0.0000217014
557756.5100230430,0.0271606445,9.7985839847,-0.0175476074,0.0014322917,0.1744900174,-0.0000108507
557756.5200230430,0.0283813477,9.7993469241,-0.0128173828,-0.0003363715,0.1746419271,0.0000000000
557756.5300230430,0.0296020508,9.7956848148,-0.0318908691,0.0014648437,0.1745551215,-0.0000217014
557756.5400230431,0.0286865234,9.7998046878,-0.0090026855,0.0005316840,0.1745659722,-0.0000108507
557756.5500230429,0.0283813477,9.7967529300,-0.0221252441,0.0000976562,0.1746310764,-0.0000108507
557756.5600230430,0.0282287598,9.7970581058,-0.0239562988,0.0017035590,0.1745551215,-0.0000217014
557756.5700230430,0.0286865234,9.8002624515,-0.0102233887,-0.0001519097,0.1745442708,-0.0000108507
557756.5800230430,0.0296020508,9.7955322269,-0.0329589844,0.0009657118,0.1745768229,-0.0000108507
557756.5900230430,0.0297546387,9.7988891605,-0.0120544434,0.0011176215,0.1745876736,-0.0000217014
557756.6000230430,0.0271606445,9.7988891605,-0.0149536133,-0.0002712674,0.1745659722,-0.0000434028
557756.6100230430,0.0276184082,9.7949218753,-0.0312805176,0.0016601562,0.1745117187,-0.0000325521
557756.6200230430,0.0296020508,9.8010253909,-0.0074768066,0.0002278646,0.1745768229,-0.0000217014
557756.6300230430,0.0292968750,9.7962951663,-0.0270080566,0.0003689236,0.1746419271,-0.0000217014
557756.6400230430,0.0277709961,9.7969055179,-0.0202941895,0.0015733507,0.1745225694,-0.0000217014
557756.6500230430,0.0279235840,9.8001098636,-0.0103759766,-0.0002495660,0.1746527778,-0.0000108507
557756.6600230430,0.0294494629,9.7953796390,-0.0329589844,0.0012369792,0.1745659722,-0.0000217014
557756.6700230431,0.0282287598,9.7998046878,-0.0099182129,0.0007486979,0.1745768229,-0.0000217014
557756.6800230430,0.0276184082,9.7975158695,-0.0207519531,-0.0000759549,0.1745659722,-0.0000325521
557756.6900230430,0.0288391113,9.7961425784,-0.0271606445,0.0017361111,0.1746093750,-0.0000217014
557756.7000230430,0.0289916992,9.8008728031,-0.0077819824,0.0000108507,0.1745659722,-0.0000108507
557756.7100230430,0.0283813477,9.7953796390,-0.0308227539,0.0007052951,0.1746310764,-0.0000108507
557756.7200230430,0.0283813477,9.7985839847,-0.0164794922,0.0013780382,0.1745876736,-0.0000217014
557756.7300230430,0.0280761719,9.7993469241,-0.0123596191,-0.0003472222,0.1745985243,-0.0000434028
557756.7400230430,0.0282287598,9.7947692874,-0.0318908691,0.0014865451,0.1745876736,-0.0000217014
557756.7500230430,0.0282287598,9.8001098636,-0.0091552734,0.0004665799,0.1745876736,-0.0000325521
557756.7600230430,0.0282287598,9.7969055179,-0.0242614746,0.0001953125,0.1745768229,-0.0000217014
557756.7700230440,0.0288391113,9.7970581058,-0.0224304199,0.0016276042,0.1745334201,-0.0000325521
557756.7800230440,0.0291442871,9.7998046878,-0.0096130371,-0.0001736111,0.1745768229,-0.0000108507
557756.7900230440,0.0285339355,9.7950744632,-0.0321960449,0.0010633681,0.1745008680,-0.0000108507
557756.8000230440,0.0280761719,9.7994995120,-0.0122070313,0.0009548611,0.1745008680,-0.0000217014
557756.8100230440,0.0282287598,9.7982788089,-0.0189208984,-0.0001627604,0.1745985243,-0.0000434028
557756.8200230440,0.0282287598,9.7958374027,-0.0274658203,0.0017035590,0.1745659722,-0.0000325521
557756.8300230440,0.0286865234,9.8005676273,-0.0086975098,0.0000759549,0.1745876736,-0.0000108507
557756.8400230440,0.0286865234,9.7964477542,-0.0283813477,0.0006510417,0.1745659722,-0.0000217014
557756.8500230440,0.0285339355,9.7987365726,-0.0173950195,0.0013671875,0.1745442708,-0.0000217014
557756.8600230440,0.0280761719,9.7993469241,-0.0138854980,-0.0003255208,0.1745768229,-0.0000325521
557756.8700230439,0.0286865234,9.7953796390,-0.0326538086,0.0014431424,0.1745768229,-0.0000217014
557756.8800230440,0.0286865234,9.7998046878,-0.0088500977,0.0005859375,0.1745551215,-0.0000325521
557756.8900230440,0.0279235840,9.7973632816,-0.0236511230,0.0000217014,0.1744900174,-0.0000108507
557756.9000230440,0.0294494629,9.7956848148,-0.0257873535,0.0017469618,0.1745876736,-0.0000325521
557756.9100230440,0.0294494629,9.8002624515,-0.0074768066,-0.0000976562,0.1746310764,-0.0000542535
557756.9200230440,0.0274658203,9.7950744632,-0.0315856934,0.0008680556,0.1744791667,-0.0000217014
557756.9300230440,0.0285339355,9.7988891605,-0.0161743164,0.0012044271,0.1746419271,-0.0000325521
557756.9400230440,0.0296020508,9.7993469241,-0.0143432617,-0.0003146701,0.1746636285,-0.0000434028
557756.9500230440,0.0289916992,9.7955322269,-0.0306701660,0.0015733507,0.1745551215,-0.0000325521
557756.9600230440,0.0277709961,9.7996520999,-0.0086975098,0.0003797743,0.1745985243,-0.0000217014
557756.9700230440,0.0283813477,9.7967529300,-0.0262451172,0.0003255208,0.1746310764,-0.0000108507
557756.9800230440,0.0285339355,9.7967529300,-0.0210571289,0.0016276042,0.1745225694,-0.0000325521
557756.9900230441,0.0280761719,9.7998046878,-0.0109863281,-0.0003038194,0.1745334201,-0.0000108507
557757.0000230439,0.0288391113,9.7949218753,-0.0331115723,0.0012261285,0.1745117187,-0.0000217014
557757.0100230440,0.0289916992,9.8002624515,-0.0103759766,0.0007812500,0.1749348958,-0.0000325521
557757.0200230440,0.0285339355,9.7976684574,-0.0193786621,-0.0000542535,0.1745985243,-0.0000542535
557757.0300230440,0.0288391113,9.7961425784,-0.0265502930,0.0017144097,0.1745551215,-0.0000108507
557757.0400230440,0.0282287598,9.8004150394,-0.0093078613,-0.0000651042,0.1746202257,-0.0000325521
557757.0500230440,0.0291442871,9.7950744632,-0.0312805176,0.0008463542,0.1745225694,-0.0000325521
557757.0600230440,0.0279235840,9.7990417484,-0.0151062012,0.0012044271,0.1745008680,-0.0000217014
557757.0700230440,0.0285339355,9.7987365726,-0.0149536133,-0.0002821181,0.1745334201,-0.0000434028
557757.0800230440,0.0291442871,9.7953796390,-0.0312805176,0.0015842014,0.1745876736,-0.0000217014
557757.0900230440,0.0277709961,9.8002624515,-0.0083923340,0.0003363715,0.1745551215,-0.0000217014
557757.1000230440,0.0291442871,9.7969055179,-0.0259399414,0.0003146701,0.1745659722,-0.0000108507
557757.1100230440,0.0291442871,9.7976684574,-0.0216674805,0.0016384549,0.1745008680,-0.0000434028
557757.1200230439,0.0276184082,9.8002624515,-0.0108337402,-0.0002604167,0.1745768229,-0.0000325521
557757.1300230440,0.0283813477,9.7950744632,-0.0337219238,0.0010959201,0.1745442708,-0.0000217014
557757.1400230440,0.0288391113,9.7993469241,-0.0112915039,0.0010091146,0.1745985243,-0.0000325521
557757.1500230440,0.0288391113,9.7985839847,-0.0160217285,-0.0002387153,0.1745659722,-0.0000542535
557757.1600230440,0.0280761719,9.7949218753,-0.0308227539,0.0017144097,0.1745008680,-0.0000217014
557757.1700230440,0.0282287598,9.8005676273,-0.0083923340,0.0001844618,0.1746636285,-0.0000217014
557757.1800230440,0.0283813477,9.7961425784,-0.0283813477,0.0004123264,0.1745551215,-0.0000108507
557757.1900230440,0.0292968750,9.7976684574,-0.0199890137,0.0015625000,0.1745442708,-0.0000325521
557757.2000230440,0.0277709961,9.7993469241,-0.0103759766,-0.0003146701,0.1747178819,-0.0000434028
557757.2100230440,0.0285339355,9.7946166995,-0.0343322754,0.0012695312,0.1745768229,-0.0000217014
557757.2200230440,0.0294494629,9.7994995120,-0.0111389160,0.0008029514,0.1745876736,-0.0000217014
557757.2300230440,0.0283813477,9.7978210452,-0.0199890137,-0.0000868056,0.1746744792,-0.0000325521
557757.2400230441,0.0288391113,9.7962951663,-0.0277709961,0.0017252604,0.1745659722,-0.0000217014
557757.2500230439,0.0285339355,9.8002624515,-0.0088500977,-0.0000108507,0.1745008680,0.0000000000
557757.2600230440,0.0283813477,9.7956848148,-0.0311279297,0.0006727431,0.1745659722,-0.0000325521
557757.2700230440,0.0286865234,9.7987365726,-0.0155639648,0.0013780382,0.1745551215,-0.0000325521
557757.2800230440,0.0283813477,9.7993469241,-0.0138854980,-0.0003472222,0.1745551215,-0.0000542535
557757.2900230440,0.0291442871,9.7955322269,-0.0328063965,0.0014973958,0.1745008680,-0.0000325521
557757.3000230440,0.0276184082,9.7994995120,-0.0088500977,0.0005208333,0.1746853299,-0.0000217014
557757.3100230440,0.0291442871,9.7969055179,-0.0241088867,0.0001085069,0.1746093750,-0.0000217014
557757.3200230440,0.0294494629,9.7967529300,-0.0228881836,0.0017035590,0.1745225694,-0.0000217014
557757.3300230440,0.0282287598,9.8001098636,-0.0094604492,-0.0001844618,0.1745659722,-0.0000434028
557757.3400230440,0.0286865234,9.7952270511,-0.0332641602,0.0009982639,0.1745876736,-0.0000325521
557757.3500230440,0.0282287598,9.7991943363,-0.0138854980,0.0010308160,0.1745551215,-0.0000217014
557757.3600230440,0.0286865234,9.7985839847,-0.0175476074,-0.0001519097,0.1745659722,-0.0000325521
557757.3700230439,0.0288391113,9.7953796390,-0.0297546387,0.0016167535,0.1745225694,-0.0000325521
557757.3800230440,0.0282287598,9.8004150394,-0.0093078613,0.0002061632,0.1744249132,-0.0000217014
557757.3900230440,0.0288391113,9.7956848148,-0.0262451172,0.0004557292,0.1745008680,-0.0000217014
557757.4000230440,0.0285339355,9.7976684574,-0.0202941895,0.0015190972,0.1745008680,-0.0000434028
557757.4100230440,0.0282287598,9.7994995120,-0.0131225586,-0.0003255208,0.1745768229,-0.0000108507
557757.4200230440,0.0302124023,9.7952270511,-0.0326538086,0.0013454861,0.1746744792,-0.0000325521
557757.4300230440,0.0288391113,9.7998046878,-0.0102233887,0.0007052951,0.1746636285,-0.0000325521
557757.4400230440,0.0273132324,9.7982788089,-0.0225830078,-0.0000434028,0.1745551215,-0.0000325521
557757.4500230440,0.0286865234,9.7964477542,-0.0265502930,0.0017361111,0.1745117187,-0.0000108507
557757.4600230440,0.0286865234,9.8002624515,-0.0085449219,-0.0000868056,0.1745551215,-0.0000542535
557757.4700230440,0.0296020508,9.7956848148,-0.0308227539,0.0007812500,0.1746093750,-0.0000325521
557757.4800230440,0.0283813477,9.7987365726,-0.0158691406,0.0012695312,0.1745876736,-0.0000325521
557757.4900230441,0.0279235840,9.7988891605,-0.0154113770,-0.0003146701,0.1745442708,-0.0000325521
557757.5000230439,0.0296020508,9.7952270511,-0.0314331055,0.0016167535,0.1744900174,-0.0000325521
557757.5100230440,0.0285339355,9.8005676273,-0.0083923340,0.0003472222,0.1745876736,-0.0000325521
557757.5200230440,0.0288391113,9.7967529300,-0.0254821777,0.0002495660,0.1746419271,-0.0000217014
557757.5300230440,0.0276184082,9.7973632816,-0.0228881836,0.0016601562,0.1745008680,-0.0000434028
557757.5400230440,0.0279235840,9.8001098636,-0.0106811523,-0.0003038194,0.1746202257,-0.0000542535
557757.5500230440,0.0296020508,9.7950744632,-0.0332641602,0.0011501736,0.1746636285,-0.0000217014
557757.5600230440,0.0289916992,9.8001098636,-0.0114440918,0.0009440104,0.1745551215,-0.0000217014
557757.5700230440,0.0277709961,9.7985839847,-0.0190734863,-0.0001627604,0.1745117187,-0.0000325521
557757.5800230440,0.0288391113,9.7955322269,-0.0289916992,0.0017252604,0.1746093750,-0.0000434028
557757.5900230440,0.0286865234,9.8005676273,-0.0090026855,0.0000325521,0.1745659722,-0.0000434028
557757.6000230440,0.0286865234,9.7959899906,-0.0292968750,0.0005750868,0.1744683160,-0.0000325521
557757.6100230440,0.0283813477,9.7982788089,-0.0187683105,0.0014105903,0.1745225694,-0.0000325521
557757.6200230439,0.0280761719,9.7999572757,-0.0125122070,-0.0003146701,0.1746419271,-0.0000434028
557757.6300230440,0.0289916992,9.7950744632,-0.0335693359,0.0014431424,0.1745008680,-0.0000217014
557757.6400230440,0.0283813477,9.7994995120,-0.0097656250,0.0005859375,0.1745659722,-0.0000217014
557757.6500230440,0.0283813477,9.7975158695,-0.0224304199,0.0000759549,0.1745876736,-0.0000542535
557757.6600230440,0.0286865234,9.7970581058,-0.0247192383,0.0016601562,0.1745117187,-0.0000325521
557757.6700230440,0.0283813477,9.7999572757,-0.0088500977,-0.0001302083,0.1745551215,-0.0000542535
557757.6800230440,0.0279235840,9.7959899906,-0.0335693359,0.0008789062,0.1745117187,-0.0000325521
557757.6900230440,0.0291442871,9.7990417484,-0.0140380859,0.0012044271,0.1746853299,-0.0000217014
557757.7000230440,0.0286865234,9.7991943363,-0.0141906738,-0.0003146701,0.1745876736,-0.0000434028
557757.7100230440,0.0279235840,9.7956848148,-0.0317382813,0.0016276042,0.1745551215,-0.0000217014
557757.7200230440,0.0282287598,9.8002624515,-0.0088500977,0.0004014757,0.1746419271,-0.0000325521
557757.7300230440,0.0274658203,9.7967529300,-0.0267028809,0.0001844618,0.1745334201,-0.0000217014
557757.7400230441,0.0294494629,9.7972106937,-0.0230407715,0.0016384549,0.1745551215,-0.0000434028
557757.7500230439,0.0280761719,9.7999572757,-0.0090026855,-0.0002495660,0.1745985243,-0.0000325521
557757.7600230440,0.0289916992,9.7941589359,-0.0335693359,0.0010959201,0.1744574653,-0.0000325521
557757.7700230440,0.0289916992,9.7994995120,-0.0134277344,0.0010525174,0.1745876736,-0.0000325521
557757.7800230440,0.0277709961,9.7991943363,-0.0170898438,-0.0002712674,0.1745985243,-0.0000542535
557757.7900230440,0.0279235840,9.7953796390,-0.0308227539,0.0016601562,0.1745768229,-0.0000217014
557757.8000230440,0.0279235840,9.8010253909,-0.0085449219,0.0001844618,0.1746310764,-0.0000434028
557757.8100230440,0.0303649902,9.7966003421,-0.0277709961,0.0003689236,0.1746310764,-0.0000325521
557757.8200230440,0.0282287598,9.7976684574,-0.0215148926,0.0015407986,0.1745442708,-0.0000542535
557757.8300230440,0.0277709961,9.8001098636,-0.0123596191,-0.0003038194,0.1745334201,-0.0000434028
557757.8400230440,0.0294494629,9.7956848148,-0.0306701660,0.0013237847,0.1744683160,-0.0000217014
557757.8500230450,0.0296020508,9.7994995120,-0.0120544434,0.0007812500,0.1745442708,-0.0000434028
557757.8600230450,0.0286865234,9.7975158695,-0.0230407715,-0.0000217014,0.1745334201,-0.0000434028
557757.8700230450,0.0279235840,9.7966003421,-0.0250244141,0.0016059028,0.1744900174,-0.0000325521
557757.8800230450,0.0279235840,9.8002624515,-0.0080871582,-0.0000542535,0.1745442708,-0.0000325521
557757.8900230450,0.0291442871,9.7953796390,-0.0318908691,0.0009223090,0.1744791667,-0.0000325521
557757.9000230450,0.0296020508,9.7988891605,-0.0155639648,0.0011393229,0.1745551215,-0.0000325521
557757.9100230450,0.0289916992,9.7987365726,-0.0166320801,-0.0002278646,0.1745768229,-0.0000325521
557757.9200230450,0.0274658203,9.7953796390,-0.0289916992,0.0016276042,0.1745225694,-0.0000434028
557757.9300230450,0.0285339355,9.8004150394,-0.0097656250,0.0001844618,0.1745442708,-0.0000434028
557757.9400230451,0.0300598145,9.7959899906,-0.0285339355,0.0004231771,0.1746419271,-0.0000325521
557757.9500230449,0.0285339355,9.7972106937,-0.0195312500,0.0015299479,0.1745985243,-0.0000325521
557757.9600230450,0.0279235840,9.8001098636,-0.0123596191,-0.0003038194,0.1745659722,-0.0000542535
557757.9700230450,0.0283813477,9.7947692874,-0.0338745117,0.0013997396,0.1745768229,-0.0000108507
557757.9800230450,0.0294494629,9.8001098636,-0.0115966797,0.0006618924,0.1746310764,-0.0000325521
557757.9900230450,0.0286865234,9.7967529300,-0.0219726563,0.0000000000,0.1745768229,-0.0000542535
557758.0000230450,0.0268554688,9.7962951663,-0.0254821777,0.0017035590,0.1745117187,-0.0000325521
557758.0100230450,0.0282287598,9.8002624515,-0.0103759766,-0.0001085069,0.1749023437,-0.0000434028
557758.0200230450,0.0289916992,9.7956848148,-0.0335693359,0.0008680556,0.1745225694,-0.0000217014
557758.0300230450,0.0294494629,9.7984313968,-0.0143432617,0.0012044271,0.1744900174,-0.0000434028
557758.0400230450,0.0292968750,9.7987365726,-0.0148010254,-0.0002604167,0.1746636285,-0.0000325521
557758.0500230450,0.0277709961,9.7953796390,-0.0317382813,0.0016167535,0.1745768229,-0.0000325521
557758.0600230451,0.0280761719,9.7998046878,-0.0108337402,0.0002929687,0.1745442708,-0.0000434028
557758.0700230449,0.0280761719,9.7967529300,-0.0259399414,0.0002712674,0.1746093750,-0.0000434028
557758.0800230450,0.0300598145,9.7973632816,-0.0207519531,0.0016059028,0.1745551215,-0.0000434028
557758.0900230450,0.0282287598,9.7998046878,-0.0111389160,-0.0002604167,0.1745659722,-0.0000434028
557758.1000230450,0.0280761719,9.7953796390,-0.0346374512,0.0012261285,0.1745225694,-0.0000108507
557758.1100230450,0.0299072266,9.7994995120,-0.0117492676,0.0008246528,0.1745876736,-0.0000325521
557758.1200230450,0.0291442871,9.7978210452,-0.0186157227,-0.0000976562,0.1745985243,-0.0000434028
557758.1300230450,0.0289916992,9.7958374027,-0.0276184082,0.0017035590,0.1745551215,-0.0000325521
557758.1400230450,0.0292968750,9.7999572757,-0.0097656250,0.0000108507,0.1745768229,-0.0000542535
557758.1500230450,0.0279235840,9.7959899906,-0.0328063965,0.0006293403,0.1745659722,-0.0000325521
557758.1600230450,0.0280761719,9.7979736331,-0.0167846680,0.0013454861,0.1745117187,-0.0000325521
557758.1700230450,0.0288391113,9.7994995120,-0.0119018555,-0.0003255208,0.1746202257,-0.0000325521
557758.1800230450,0.0294494629,9.7955322269,-0.0335693359,0.0015842014,0.1745225694,-0.0000325521
557758.1900230451,0.0291442871,9.7996520999,-0.0103759766,0.0004231771,0.1745876736,-0.0000542535
557758.2000230449,0.0268554688,9.7964477542,-0.0247192383,0.0001193576,0.1745985243,-0.0000651042
557758.2100230450,0.0294494629,9.7969055179,-0.0236511230,0.0016384549,0.1745876736,-0.0000325521
557758.2200230450,0.0292968750,9.7996520999,-0.0106811523,-0.0001736111,0.1746202257,-0.0000108507
557758.2300230450,0.0285339355,9.7955322269,-0.0341796875,0.0010308160,0.1745008680,-0.0000325521
557758.2400230450,0.0279235840,9.7988891605,-0.0138854980,0.0010525174,0.1745659722,-0.0000434028
557758.2500230450,0.0282287598,9.7988891605,-0.0164794922,-0.0002278646,0.1746419271,-0.0000434028
557758.2600230450,0.0299072266,9.7955322269,-0.0291442871,0.0016601562,0.1744900174,-0.0000325521
557758.2700230450,0.0289916992,9.8007202152,-0.0106811523,0.0001736111,0.1745985243,-0.0000651042
557758.2800230450,0.0282287598,9.7956848148,-0.0302124023,0.0004014757,0.1745876736,-0.0000325521
557758.2900230450,0.0274658203,9.7973632816,-0.0189208984,0.0015516493,0.1744032118,-0.0000217014
557758.3000230450,0.0296020508,9.7998046878,-0.0105285645,-0.0002712674,0.1746419271,-0.0000434028
557758.3100230451,0.0292968750,9.7946166995,-0.0349426270,0.0012912326,0.1745768229,-0.0000325521
557758.3200230449,0.0282287598,9.7996520999,-0.0122070313,0.0007595486,0.1745768229,-0.0000434028
557758.3300230450,0.0276184082,9.7973632816,-0.0201416016,-0.0000651042,0.1745876736,-0.0000434028
557758.3400230450,0.0282287598,9.7966003421,-0.0276184082,0.0016601562,0.1745768229,-0.0000434028
557758.3500230450,0.0300598145,9.7998046878,-0.0102233887,0.0000000000,0.1745551215,-0.0000542535
557758.3600230450,0.0285339355,9.7961425784,-0.0318908691,0.0007161458,0.1745225694,-0.0000325521
557758.3700230450,0.0289916992,9.7984313968,-0.0157165527,0.0013237847,0.1745985243,-0.0000325521
557758.3800230450,0.0283813477,9.7993469241,-0.0149536133,-0.0003038194,0.1745551215,-0.0000434028
557758.3900230450,0.0292968750,9.7955322269,-0.0335693359,0.0014973958,0.1745225694,-0.0000434028
557758.4000230450,0.0296020508,9.7999572757,-0.0094604492,0.0004231771,0.1745334201,-0.0000542535
557758.4100230450,0.0274658203,9.7973632816,-0.0250244141,0.0001519097,0.1746093750,-0.0000434028
557758.4200230450,0.0276184082,9.7962951663,-0.0231933594,0.0016493056,0.1745008680,-0.0000325521
557758.4300230450,0.0291442871,9.8004150394,-0.0111389160,-0.0002278646,0.1745659722,-0.0000108507
557758.4400230451,0.0296020508,9.7952270511,-0.0335693359,0.0010633681,0.1744900174,-0.0000325521
557758.4500230449,0.0288391113,9.7990417484,-0.0128173828,0.0010308160,0.1743815104,-0.0000651042
557758.4600230450,0.0268554688,9.7987365726,-0.0178527832,-0.0002495660,0.1744574653,-0.0000434028
557758.4700230450,0.0292968750,9.7958374027,-0.0305175781,0.0016493056,0.1746527778,-0.0000325521
557758.4800230450,0.0296020508,9.8005676273,-0.0091552734,0.0001193576,0.1746636285,-0.0000434028
557758.4900230450,0.0292968750,9.7961425784,-0.0286865234,0.0004557292,0.1746419271,-0.0000325521
557758.5000230450,0.0280761719,9.7973632816,-0.0190734863,0.0015299479,0.1745876736,-0.0000325521
557758.5100230450,0.0288391113,9.8001098636,-0.0129699707,-0.0003255208,0.1746202257,-0.0000542535
557758.5200230450,0.0289916992,9.7953796390,-0.0343322754,0.0013237847,0.1745551215,-0.0000325521
557758.5300230450,0.0292968750,9.8001098636,-0.0108337402,0.0006727431,0.1745551215,-0.0000651042
557758.5400230450,0.0282287598,9.7976684574,-0.0213623047,-0.0000434028,0.1746853299,-0.0000542535
557758.5500230450,0.0288391113,9.7964477542,-0.0262451172,0.0017035590,0.1745225694,-0.0000434028
557758.5600230451,0.0280761719,9.8005676273,-0.0109863281,-0.0000651042,0.1746419271,-0.0000434028
557758.5700230449,0.0289916992,9.7959899906,-0.0321960449,0.0008355035,0.1746419271,-0.0000325521
557758.5800230450,0.0289916992,9.7985839847,-0.0157165527,0.0012261285,0.1744574653,-0.0000434028
557758.5900230450,0.0280761719,9.7987365726,-0.0157165527,-0.0002712674,0.1745551215,-0.0000542535
557758.6000230450,0.0294494629,9.7955322269,-0.0312805176,0.0015842014,0.1745768229,-0.0000325521
557758.6100230450,0.0291442871,9.7999572757,-0.0103759766,0.0002604167,0.1745008680,-0.0000542535
557758.6200230450,0.0280761719,9.7961425784,-0.0270080566,0.0003580729,0.1746310764,-0.0000217014
557758.6300230450,0.0283813477,9.7969055179,-0.0212097168,0.0015842014,0.1745659722,-0.0000325521
557758.6400230450,0.0291442871,9.7999572757,-0.0120544434,-0.0002821181,0.1745768229,-0.0000434028
557758.6500230450,0.0309753418,9.7953796390,-0.0341796875,0.0012803819,0.1745768229,-0.0000325521
557758.6600230450,0.0279235840,9.7996520999,-0.0120544434,0.0007921007,0.1745225694,-0.0000434028
557758.6700230450,0.0276184082,9.7975158695,-0.0190734863,-0.0001627604,0.1746419271,-0.0000651042
557758.6800230450,0.0296020508,9.7956848148,-0.0280761719,0.0017361111,0.1744683160,-0.0000217014
557758.6900230451,0.0292968750,9.8002624515,-0.0093078613,0.0000325521,0.1745876736,-0.0000542535
557758.7000230449,0.0291442871,9.7959899906,-0.0317382813,0.0005859375,0.1746527778,-0.0000325521
557758.7100230450,0.0274658203,9.7978210452,-0.0189208984,0.0014431424,0.1745659722,-0.0000434028
557758.7200230450,0.0286865234,9.7996520999,-0.0123596191,-0.0003363715,0.1745985243,-0.0000651042
557758.7300230450,0.0296020508,9.7949218753,-0.0326538086,0.0014539931,0.1745659722,-0.0000542535
557758.7400230450,0.0292968750,9.7999572757,-0.0108337402,0.0005750868,0.1745008680,-0.0000542535
557758.7500230450,0.0279235840,9.7970581058,-0.0247192383,0.0000217014,0.1746419271,-0.0000434028
557758.7600230450,0.0280761719,9.7962951663,-0.0257873535,0.0017035590,0.1745876736,-0.0000217014
557758.7700230450,0.0300598145,9.8002624515,-0.0094604492,-0.0001302083,0.1745985243,-0.0000325521
557758.7800230450,0.0299072266,9.7953796390,-0.0334167480,0.0009114583,0.1746527778,-0.0000325521
557758.7900230450,0.0286865234,9.7987365726,-0.0152587891,0.0011284722,0.1745768229,-0.0000759549
557758.8000230450,0.0265502930,9.7987365726,-0.0164794922,-0.0003038194,0.1746636285,-0.0000434028
557758.8100230451,0.0299072266,9.7955322269,-0.0317382813,0.0016167535,0.1745551215,-0.0000325521
557758.8200230449,0.0312805176,9.8001098636,-0.0096130371,0.0003255208,0.1745659722,-0.0000542535
557758.8300230450,0.0289916992,9.7962951663,-0.0274658203,0.0002604167,0.1746310764,-0.0000651042
557758.8400230450,0.0267028809,9.7972106937,-0.0221252441,0.0016276042,0.1745985243,-0.0000434028
557758.8500230450,0.0273132324,9.7994995120,-0.0108337402,-0.0002170139,0.1745659722,-0.0000542535
557758.8600230450,0.0305175781,9.7950744632,-0.0335693359,0.0011284722,0.1745768229,-0.0000434028
557758.8700230450,0.0300598145,9.7993469241,-0.0131225586,0.0008789062,0.1745442708,-0.0000759549
557758.8800230450,0.0268554688,9.7979736331,-0.0213623047,-0.0001410590,0.1745876736,-0.0000434028
557758.8900230450,0.0274658203,9.7959899906,-0.0292968750,0.0016601562,0.1745768229,-0.0000217014
557758.9000230450,0.0294494629,9.8002624515,-0.0100708008,0.0000651042,0.1745768229,-0.0000434028
557758.9100230450,0.0299072266,9.7962951663,-0.0302124023,0.0006618924,0.1745985243,-0.0000651042
557758.9200230460,0.0292968750,9.7981262210,-0.0175476074,0.0013563368,0.1745659722,-0.0000325521
557758.9300230460,0.0279235840,9.7988891605,-0.0160217285,-0.0003038194,0.1745442708,-0.0000542535
557758.9400230460,0.0280761719,9.7955322269,-0.0332641602,0.0014756944,0.1745876736,-0.0000434028
557758.9500230460,0.0299072266,9.7999572757,-0.0088500977,0.0004340278,0.1745768229,-0.0000217014
557758.9600230460,0.0286865234,9.7967529300,-0.0248718262,0.0001953125,0.1745442708,-0.0000542535
557758.9700230460,0.0288391113,9.7967529300,-0.0245666504,0.0016493056,0.1746202257,-0.0000325521
557758.9800230460,0.0276184082,9.7998046878,-0.0115966797,-0.0002170139,0.1746310764,-0.0000542535
557758.9900230460,0.0288391113,9.7952270511,-0.0328063965,0.0010525174,0.1745876736,-0.0000434028
557759.0000230460,0.0294494629,9.7991943363,-0.0126647949,0.0010308160,0.1745225694,-0.0000651042
557759.0100230461,0.0286865234,9.7990417484,-0.0189208984,-0.0002495660,0.1749240451,-0.0000542535
557759.0200230459,0.0282287598,9.7958374027,-0.0312805176,0.0016601562,0.1745876736,-0.0000434028
557759.0300230460,0.0288391113,9.8002624515,-0.0085449219,0.0001627604,0.1746419271,-0.0000434028
557759.0400230460,0.0292968750,9.7955322269,-0.0276184082,0.0004882812,0.1746093750,-0.0000325521
557759.0500230460,0.0283813477,9.7979736331,-0.0210571289,0.0015190972,0.1745659722,-0.0000434028
557759.0600230460,0.0288391113,9.7996520999,-0.0134277344,-0.0003580729,0.1746527778,-0.0000651042
557759.0700230460,0.0294494629,9.7949218753,-0.0335693359,0.0013129340,0.1745225694,-0.0000217014
557759.0800230460,0.0286865234,9.7993469241,-0.0122070313,0.0007486979,0.1745985243,-0.0000325521
557759.0900230460,0.0286865234,9.7979736331,-0.0215148926,-0.0000759549,0.1746527778,-0.0000434028
557759.1000230460,0.0300598145,9.7961425784,-0.0280761719,0.0017361111,0.1745551215,-0.0000325521
557759.1100230460,0.0282287598,9.8007202152,-0.0105285645,-0.0000434028,0.1743923611,-0.0000542535
557759.1200230460,0.0277709961,9.7952270511,-0.0326538086,0.0007595486,0.1734266493,-0.0000651042
557759.1300230460,0.0280761719,9.7990417484,-0.0172424316,0.0012478299,0.1722439236,-0.0000542535
557759.1400230461,0.0283813477,9.7996520999,-0.0173950195,-0.0003363715,0.1710828993,-0.0000542535
557759.1500230459,0.0285339355,9.7952270511,-0.0341796875,0.0015299479,0.1697265625,-0.0000434028
557759.1600230460,0.0277709961,9.8001098636,-0.0094604492,0.0003906250,0.1689127604,-0.0000542535
557759.1700230460,0.0279235840,9.7969055179,-0.0265502930,0.0002061632,0.1681315104,-0.0000434028
557759.1800230460,0.0282287598,9.7976684574,-0.0254821777,0.0016167535,0.1669270833,-0.0000325521
557759.1900230460,0.0282287598,9.8001098636,-0.0111389160,-0.0002929687,0.1665256076,-0.0000651042
557759.2000230460,0.0283813477,9.7953796390,-0.0334167480,0.0010308160,0.1655598958,-0.0000325521
557759.2100230460,0.0282287598,9.7991943363,-0.0135803223,0.0009657118,0.1644856771,-0.0000651042
557759.2200230460,0.0274658203,9.7981262210,-0.0204467773,-0.0002712674,0.1637152778,-0.0000434028
557759.2300230460,0.0280761719,9.7958374027,-0.0321960449,0.0015950521,0.1627278646,-0.0000325521
557759.2400230460,0.0291442871,9.8004150394,-0.0088500977,0.0001085069,0.1620334201,-0.0000434028
557759.2500230460,0.0271606445,9.7959899906,-0.0297546387,0.0004882812,0.1613823785,-0.0000542535
557759.2600230461,0.0276184082,9.7975158695,-0.0221252441,0.0013563368,0.1601345486,-0.0000434028
557759.2700230459,0.0286865234,9.8001098636,-0.0149536133,-0.0003906250,0.1595920139,-0.0000651042
557759.2800230460,0.0280761719,9.7955322269,-0.0335693359,0.0013020833,0.1583767361,-0.0000325521
557759.2900230460,0.0274658203,9.8005676273,-0.0100708008,0.0005967882,0.1572048611,-0.0000434028
557759.3000230460,0.0283813477,9.7978210452,-0.0241088867,-0.0000759549,0.1573893229,-0.0000217014
557759.3100230460,0.0285339355,9.7964477542,-0.0288391113,0.0016601562,0.1565538194,-0.0000325521
557759.3200230460,0.0279235840,9.8002624515,-0.0108337402,-0.0002387153,0.1552625868,-0.0000542535
557759.3300230460,0.0277709961,9.7959899906,-0.0326538086,0.0007595486,0.1545464410,-0.0000542535
557759.3400230460,0.0265502930,9.7984313968,-0.0181579590,0.0011610243,0.1531358507,-0.0000542535
557759.3500230460,0.0285339355,9.7988891605,-0.0154113770,-0.0004557292,0.1522786458,-0.0000434028
557759.3600230460,0.0292968750,9.7956848148,-0.0321960449,0.0014865451,0.1517903646,-0.0000217014
557759.3700230460,0.0274658203,9.8004150394,-0.0108337402,0.0003363715,0.1508246528,-0.0000542535
557759.3800230460,0.0276184082,9.7969055179,-0.0277709961,0.0000976562,0.1499240451,-0.0000434028
557759.3900230461,0.0283813477,9.7970581058,-0.0242614746,0.0015190972,0.1491536458,-0.0000434028
557759.4000230459,0.0274658203,9.8001098636,-0.0108337402,-0.0004014757,0.1480794271,-0.0000651042
557759.4100230460,0.0279235840,9.7953796390,-0.0337219238,0.0009982639,0.1473958333,-0.0000217014
557759.4200230460,0.0274658203,9.7990417484,-0.0146484375,0.0008246528,0.1464952257,-0.0000325521
557759.4300230460,0.0270080566,9.7978210452,-0.0218200684,-0.0002495660,0.1452582465,-0.0000434028
557759.4400230460,0.0285339355,9.7962951663,-0.0294494629,0.0015082465,0.1447808160,-0.0000434028
557759.4500230460,0.0274658203,9.7998046878,-0.0111389160,-0.0000434028,0.1439995660,-0.0000325521
557759.4600230460,0.0280761719,9.7959899906,-0.0312805176,0.0004557292,0.1428385417,-0.0000542535
557759.4700230460,0.0279235840,9.7978210452,-0.0198364258,0.0013129340,0.1420464410,-0.0000434028
557759.4800230460,0.0274658203,9.8002624515,-0.0151062012,-0.0005316840,0.1411241319,-0.0000325521
557759.4900230460,0.0291442871,9.7950744632,-0.0340270996,0.0012803819,0.1404622396,-0.0000108507
557759.5000230460,0.0279235840,9.7998046878,-0.0111389160,0.0004882812,0.1397352430,-0.0000434028
557759.5100230461,0.0279235840,9.7973632816,-0.0247192383,-0.0001085069,0.1385633680,-0.0000217014
557759.5200230459,0.0282287598,9.7961425784,-0.0273132324,0.0015516493,0.1375976562,-0.0000434028
557759.5300230460,0.0271606445,9.7999572757,-0.0112915039,-0.0003255208,0.1368381076,-0.0000434028
557759.5400230460,0.0271606445,9.7953796390,-0.0334167480,0.0007052951,0.1357204861,-0.0000325521
557759.5500230460,0.0288391113,9.7981262210,-0.0154113770,0.0009982639,0.1354600694,-0.0000217014
557759.5600230460,0.0274658203,9.7988891605,-0.0180053711,-0.0004231771,0.1345703125,-0.0000325521
557759.5700230460,0.0273132324,9.7958374027,-0.0326538086,0.0014648437,0.1331814236,-0.0000325521
557759.5800230460,0.0276184082,9.8001098636,-0.0108337402,0.0000325521,0.1325629340,-0.0000434028
557759.5900230460,0.0282287598,9.7959899906,-0.0294494629,0.0002278646,0.1309136285,-0.0000434028
557759.6000230460,0.0289916992,9.7972106937,-0.0201416016,0.0013020833,0.1305230035,-0.0000325521
557759.6100230460,0.0267028809,9.7998046878,-0.0140380859,-0.0005208333,0.1303710937,-0.0000542535
557759.6200230460,0.0286865234,9.7949218753,-0.0354003906,0.0012044271,0.1295572917,-0.0000217014
557759.6300230460,0.0296020508,9.7994995120,-0.0117492676,0.0004991319,0.1285264757,-0.0000434028
557759.6400230461,0.0273132324,9.7976684574,-0.0224304199,-0.0002712674,0.1275282118,-0.0000542535
557759.6500230459,0.0254821777,9.7961425784,-0.0289916992,0.0015516493,0.1258246528,-0.0000434028
557759.6600230460,0.0267028809,9.8004150394,-0.0096130371,-0.0002929687,0.1256293403,-0.0000217014
557759.6700230460,0.0291442871,9.7955322269,-0.0338745117,0.0004448785,0.1249457465,-0.0000325521
557759.6800230460,0.0294494629,9.7982788089,-0.0193786621,0.0011718750,0.1236979167,-0.0000542535
557759.6900230460,0.0274658203,9.7988891605,-0.0134277344,-0.0005859375,0.1231119792,-0.0000542535
557759.7000230460,0.0247192383,9.7946166995,-0.0350952148,0.0012586806,0.1220703125,0.0000000000
557759.7100230460,0.0277709961,9.7994995120,-0.0119018555,0.0004340278,0.1210720486,-0.0000217014
557759.7200230460,0.0306701660,9.7976684574,-0.0236511230,-0.0003363715,0.1204969618,-0.0000325521
557759.7300230460,0.0285339355,9.7962951663,-0.0289916992,0.0014973958,0.1193793403,-0.0000434028
557759.7400230460,0.0256347656,9.7999572757,-0.0097656250,-0.0003038194,0.1185329861,-0.0000434028
557759.7500230460,0.0277709961,9.7956848148,-0.0329589844,0.0004231771,0.1178819444,-0.0000108507
557759.7600230461,0.0289916992,9.7982788089,-0.0193786621,0.0011718750,0.1168728299,-0.0000217014
557759.7700230459,0.0288391113,9.7994995120,-0.0143432617,-0.0006184896,0.1160698785,-0.0000542535
557759.7800230460,0.0256347656,9.7955322269,-0.0341796875,0.0012586806,0.1150933160,-0.0000325521
557759.7900230460,0.0263977051,9.7994995120,-0.0117492676,0.0002712674,0.1138780382,-0.0000217014
557759.8000230460,0.0296020508,9.7964477542,-0.0260925293,-0.0001844618,0.1135199653,-0.0000325521
557759.8100230460,0.0285339355,9.7966003421,-0.0270080566,0.0013997396,0.1124782986,-0.0000434028
557759.8200230460,0.0265502930,9.7991943363,-0.0103759766,-0.0004123264,0.1114583333,-0.0000434028
557759.8300230460,0.0273132324,9.7956848148,-0.0332641602,0.0006727431,0.1111979167,-0.0000325521
557759.8400230460,0.0277709961,9.7987365726,-0.0167846680,0.0008789062,0.1098415799,-0.0000217014
557759.8500230460,0.0303649902,9.7985839847,-0.0184631348,-0.0005533854,0.1088867187,-0.0000434028
557759.8600230460,0.0268554688,9.7958374027,-0.0312805176,0.0013129340,0.1084201389,-0.0000325521
557759.8700230460,0.0254821777,9.8005676273,-0.0109863281,-0.0000217014,0.1070963542,-0.0000325521
557759.8800230460,0.0279235840,9.7959899906,-0.0288391113,0.0000759549,0.1064778646,0.0000000000
557759.8900230461,0.0289916992,9.7972106937,-0.0236511230,0.0012369792,0.1054904514,-0.0000108507
557759.9000230459,0.0289916992,9.7996520999,-0.0122070313,-0.0005425347,0.1044053819,-0.0000542535
557759.9100230460,0.0273132324,9.7953796390,-0.0325012207,0.0009331597,0.1040147569,-0.0000325521
557759.9200230460,0.0256347656,9.7993469241,-0.0138854980,0.0004882812,0.1031032986,-0.0000325521
557759.9300230460,0.0276184082,9.7976684574,-0.0244140625,-0.0003797743,0.1022352431,-0.0000217014
557759.9400230460,0.0300598145,9.7969055179,-0.0268554688,0.0013129340,0.1015733507,-0.0000434028
557759.9500230460,0.0257873535,9.7998046878,-0.0108337402,-0.0003580729,0.0999891493,-0.0000434028
557759.9600230460,0.0262451172,9.7956848148,-0.0320434570,0.0004882812,0.0988281250,-0.0000108507
557759.9700230460,0.0279235840,9.7984313968,-0.0170898438,0.0009440104,0.0985351562,-0.0000217014
557759.9800230460,0.0294494629,9.7984313968,-0.0180053711,-0.0006184896,0.0977973090,-0.0000434028
557759.9900230460,0.0273132324,9.7947692874,-0.0321960449,0.0012261285,0.0969075521,-0.0000325521
557760.0000230470,0.0262451172,9.8002624515,-0.0108337402,0.0000651042,0.0961805556,-0.0000325521
557760.0100230470,0.0270080566,9.7962951663,-0.0279235840,-0.0001302083,0.0951605903,-0.0000108507
557760.0200230470,0.0296020508,9.7966003421,-0.0245666504,0.0013237847,0.0941731771,-0.0000217014
557760.0300230470,0.0277709961,9.8004150394,-0.0111389160,-0.0006076389,0.0933376736,-0.0000434028
557760.0400230470,0.0262451172,9.7952270511,-0.0343322754,0.0007378472,0.0922634549,-0.0000325521
557760.0500230470,0.0274658203,9.7993469241,-0.0146484375,0.0006510417,0.0918185764,-0.0000108507
557760.0600230470,0.0283813477,9.7979736331,-0.0213623047,-0.0005642361,0.0907335069,-0.0000108507
557760.0700230470,0.0280761719,9.7955322269,-0.0311279297,0.0012586806,0.0895941840,-0.0000217014
557760.0800230470,0.0276184082,9.8004150394,-0.0099182129,-0.0002821181,0.0890516493,-0.0000217014
557760.0900230471,0.0259399414,9.7959899906,-0.0300598145,0.0002495660,0.0880425347,-0.0000108507
557760.1000230470,0.0279235840,9.7976684574,-0.0205993652,0.0010416667,0.0871853299,-0.0000217014
557760.1100230470,0.0280761719,9.7993469241,-0.0152587891,-0.0007161458,0.0865993924,-0.0000325521
557760.1200230470,0.0271606445,9.7949218753,-0.0334167480,0.0010633681,0.0853624132,-0.0000434028
557760.1300230470,0.0273132324,9.8004150394,-0.0105285645,0.0001627604,0.0846137153,-0.0000217014
557760.1400230470,0.0260925293,9.7979736331,-0.0254821777,-0.0003255208,0.0836588542,-0.0000108507
557760.1500230470,0.0279235840,9.7967529300,-0.0271606445,0.0012586806,0.0826171875,0.0000000000
557760.1600230470,0.0289916992,9.8004150394,-0.0102233887,-0.0005642361,0.0825846354,-0.0000325521
557760.1700230470,0.0268554688,9.7950744632,-0.0344848633,0.0005642361,0.0813585069,-0.0000108507
557760.1800230470,0.0262451172,9.7993469241,-0.0161743164,0.0007595486,0.0800130208,-0.0000217014
557760.1900230470,0.0286865234,9.7982788089,-0.0172424316,-0.0007161458,0.0797417535,-0.0000325521
557760.2000230470,0.0274658203,9.7955322269,-0.0337219238,0.0011827257,0.0779839410,-0.0000108507
557760.2100230471,0.0274658203,9.8008728031,-0.0096130371,-0.0001627604,0.0771484375,-0.0000217014
557760.2200230469,0.0268554688,9.7962951663,-0.0297546387,-0.0000325521,0.0770833333,-0.0000217014
557760.2300230470,0.0279235840,9.7972106937,-0.0231933594,0.0011610243,0.0760959201,-0.0000108507
557760.2400230470,0.0279235840,9.7999572757,-0.0120544434,-0.0007052951,0.0751193576,-0.0000325521
557760.2500230470,0.0277709961,9.7950744632,-0.0358581543,0.0008138021,0.0741753472,-0.0000325521
557760.2600230470,0.0260925293,9.7993469241,-0.0129699707,0.0003580729,0.0731336806,-0.0000325521
557760.2700230470,0.0276184082,9.7982788089,-0.0219726563,-0.0005425347,0.0725694444,0.0000000000
557760.2800230470,0.0279235840,9.7962951663,-0.0296020508,0.0012586806,0.0714843750,0.0000000000
557760.2900230470,0.0276184082,9.8001098636,-0.0111389160,-0.0004340278,0.0703884549,-0.0000434028
557760.3000230470,0.0282287598,9.7962951663,-0.0315856934,0.0002061632,0.0699761285,-0.0000108507
557760.3100230470,0.0263977051,9.7984313968,-0.0183105469,0.0009331597,0.0688585069,-0.0000217014
557760.3200230470,0.0267028809,9.7991943363,-0.0144958496,-0.0008138021,0.0679470486,-0.0000217014
557760.3300230470,0.0286865234,9.7953796390,-0.0338745117,0.0009874132,0.0673936632,-0.0000108507
557760.3400230471,0.0267028809,9.7994995120,-0.0117492676,0.0000976562,0.0662217882,-0.0000217014
557760.3500230470,0.0268554688,9.7973632816,-0.0267028809,-0.0004340278,0.0653320312,-0.0000108507
557760.3600230470,0.0271606445,9.7964477542,-0.0270080566,0.0012586806,0.0647026910,0.0000000000
557760.3700230470,0.0282287598,9.7998046878,-0.0099182129,-0.0006076389,0.0635091146,-0.0000217014
557760.3800230470,0.0280761719,9.7952270511,-0.0347900391,0.0003797743,0.0624782986,-0.0000217014
557760.3900230470,0.0267028809,9.7982788089,-0.0172424316,0.0007703993,0.0619791667,-0.0000217014
557760.4000230470,0.0267028809,9.7987365726,-0.0170898438,-0.0008680556,0.0611653646,-0.0000108507
557760.4100230470,0.0282287598,9.7949218753,-0.0338745117,0.0010416667,0.0604166667,-0.0000108507
557760.4200230470,0.0276184082,9.8002624515,-0.0111389160,-0.0000108507,0.0592339410,0.0000000000
557760.4300230470,0.0270080566,9.7966003421,-0.0270080566,-0.0003472222,0.0582790799,-0.0000325521
557760.4400230470,0.0270080566,9.7970581058,-0.0250244141,0.0011610243,0.0575846354,0.0000000000
557760.4500230470,0.0271606445,9.7998046878,-0.0120544434,-0.0006944444,0.0565972222,-0.0000325521
557760.4600230471,0.0279235840,9.7952270511,-0.0332641602,0.0005099826,0.0558376736,0.0000000000
557760.4700230469,0.0277709961,9.7991943363,-0.0149536133,0.0005099826,0.0551432292,-0.0000217014
557760.4800230470,0.0270080566,9.7982788089,-0.0207519531,-0.0007378472,0.0540690104,-0.0000108507
557760.4900230470,0.0267028809,9.7955322269,-0.0300598145,0.0011176215,0.0532986111,0.0000000000
557760.5000230470,0.0271606445,9.8001098636,-0.0100708008,-0.0003580729,0.0524414062,0.0000000000
557760.5100230470,0.0285339355,9.7962951663,-0.0300598145,0.0000651042,0.0515299479,-0.0000217014
557760.5200230470,0.0273132324,9.7973632816,-0.0207519531,0.0008789062,0.0504340278,-0.0000325521
557760.5300230470,0.0259399414,9.7993469241,-0.0161743164,-0.0008355035,0.0494900174,-0.0000108507
557760.5400230470,0.0280761719,9.7947692874,-0.0331115723,0.0008463542,0.0485785590,0.0000000000
557760.5500230470,0.0288391113,9.8001098636,-0.0097656250,0.0000434028,0.0483832465,-0.0000108507
557760.5600230470,0.0259399414,9.7972106937,-0.0267028809,-0.0004014757,0.0468532986,-0.0000217014
557760.5700230470,0.0271606445,9.7966003421,-0.0263977051,0.0010850694,0.0459309896,0.0000000000
557760.5800230470,0.0277709961,9.8002624515,-0.0100708008,-0.0007269965,0.0458658854,-0.0000217014
557760.5900230471,0.0274658203,9.7956848148,-0.0344848633,0.0004774306,0.0444878472,-0.0000108507
557760.6000230470,0.0268554688,9.7993469241,-0.0157165527,0.0004774306,0.0434027778,-0.0000108507
557760.6100230470,0.0265502930,9.7984313968,-0.0207519531,-0.0008138021,0.0430338542,-0.0000108507
557760.6200230470,0.0274658203,9.7953796390,-0.0318908691,0.0010633681,0.0415039062,-0.0000108507
557760.6300230470,0.0282287598,9.8002624515,-0.0088500977,-0.0004014757,0.0409071181,-0.0000325521
557760.6400230470,0.0270080566,9.7964477542,-0.0303649902,-0.0000759549,0.0403862847,-0.0000108507
557760.6500230470,0.0270080566,9.7975158695,-0.0227355957,0.0009657118,0.0391384549,0.0000000000
557760.6600230470,0.0270080566,9.7999572757,-0.0132751465,-0.0009331597,0.0384765625,-0.0000108507
557760.6700230470,0.0276184082,9.7950744632,-0.0344848633,0.0006401910,0.0376193576,0.0000000000
557760.6800230470,0.0280761719,9.7993469241,-0.0117492676,0.0001953125,0.0364800347,0.0000000000
557760.6900230470,0.0271606445,9.7978210452,-0.0225830078,-0.0006835937,0.0358723958,-0.0000325521
557760.7000230470,0.0257873535,9.7961425784,-0.0303649902,0.0011067708,0.0347656250,0.0000000000
557760.7100230471,0.0273132324,9.7999572757,-0.0096130371,-0.0006076389,0.0338433160,-0.0000108507
557760.7200230469,0.0279235840,9.7952270511,-0.0325012207,0.0001627604,0.0332790799,-0.0000108507
557760.7300230470,0.0279235840,9.7988891605,-0.0187683105,0.0006076389,0.0320421007,-0.0000217014
557760.7400230470,0.0262451172,9.7988891605,-0.0173950195,-0.0008789062,0.0313259549,-0.0000217014
557760.7500230470,0.0263977051,9.7953796390,-0.0312805176,0.0009006076,0.0306966146,0.0000000000
557760.7600230470,0.0277709961,9.7996520999,-0.0105285645,-0.0002278646,0.0295355903,-0.0000217014
557760.7700230470,0.0286865234,9.7959899906,-0.0289916992,-0.0002604167,0.0292100694,-0.0000217014
557760.7800230470,0.0267028809,9.7973632816,-0.0251770020,0.0009331597,0.0281032986,-0.0000217014
557760.7900230470,0.0265502930,9.7999572757,-0.0129699707,-0.0009114583,0.0267578125,0.0000000000
557760.8000230470,0.0268554688,9.7950744632,-0.0321960449,0.0005642361,0.0262695312,0.0000000000
557760.8100230470,0.0277709961,9.7993469241,-0.0138854980,0.0002061632,0.0245551215,0.0000000000
557760.8200230470,0.0282287598,9.7970581058,-0.0224304199,-0.0007486979,0.0240993924,0.0000000000
557760.8300230470,0.0277709961,9.7964477542,-0.0302124023,0.0010525174,0.0241970486,-0.0000108507
557760.8400230471,0.0271606445,9.8004150394,-0.0083923340,-0.0006401910,0.0231228299,-0.0000108507
557760.8500230470,0.0268554688,9.7956848148,-0.0332641602,0.0000325521,0.0218750000,0.0000000000
557760.8600230470,0.0277709961,9.7979736331,-0.0199890137,0.0007269965,0.0210286458,-0.0000108507
557760.8700230470,0.0273132324,9.7994995120,-0.0154113770,-0.0010308160,0.0196397569,-0.0000108507
557760.8800230470,0.0267028809,9.7946166995,-0.0334167480,0.0007595486,0.0189236111,0.0000000000
557760.8900230470,0.0270080566,9.7999572757,-0.0103759766,-0.0000651042,0.0184461806,-0.0000108507
557760.9000230470,0.0279235840,9.7978210452,-0.0271606445,-0.0005859375,0.0173068576,-0.0000108507
557760.9100230470,0.0277709961,9.7961425784,-0.0268554688,0.0010308160,0.0166883681,0.0000000000
557760.9200230470,0.0265502930,9.8001098636,-0.0105285645,-0.0008789062,0.0157335069,-0.0000217014
557760.9300230470,0.0279235840,9.7955322269,-0.0338745117,0.0003146701,0.0147352431,0.0000000000
557760.9400230470,0.0283813477,9.7985839847,-0.0157165527,0.0004340278,0.0140082465,0.0000000000
557760.9500230470,0.0263977051,9.7988891605,-0.0201416016,-0.0010308160,0.0128580729,0.0000000000
557760.9600230471,0.0279235840,9.7952270511,-0.0318908691,0.0009657118,0.0121961806,0.0000000000
557760.9700230469,0.0276184082,9.8005676273,-0.0091552734,-0.0004340278,0.0114800347,-0.0000108507
557760.9800230470,0.0267028809,9.7964477542,-0.0303649902,-0.0002495660,0.0104709201,-0.0000217014
557760.9900230470,0.0276184082,9.7972106937,-0.0221252441,0.0007486979,0.0095160590,-0.0000108507
557761.0000230470,0.0270080566,9.7998046878,-0.0149536133,-0.0010308160,0.0087565104,-0.0000108507
557761.0100230470,0.0263977051,9.7959899906,-0.0329589844,0.0006401910,0.0076497396,0.0000000000
557761.0200230470,0.0283813477,9.7999572757,-0.0120544434,-0.0000325521,0.0070312500,0.0000000000
557761.0300230470,0.0270080566,9.7972106937,-0.0268554688,-0.0006944444,0.0060980903,0.0000000000
557761.0400230470,0.0279235840,9.7962951663,-0.0265502930,0.0009657118,0.0050672743,0.0000000000
557761.0500230470,0.0268554688,9.8002624515,-0.0091552734,-0.0008789062,0.0043077257,0.0000000000
557761.0600230470,0.0276184082,9.7953796390,-0.0335693359,0.0001844618,0.0035807292,0.0000000000
557761.0700230480,0.0274658203,9.7985839847,-0.0170898438,0.0004231771,0.0025933160,0.0000000000
557761.0800230480,0.0268554688,9.7991943363,-0.0186157227,-0.0010633681,0.0021592882,0.0000000000
557761.0900230480,0.0270080566,9.7961425784,-0.0325012207,0.0008789062,0.0008246528,0.0000000000
557761.1000230480,0.0279235840,9.7996520999,-0.0094604492,-0.0003797743,-0.0000542535,-0.0000108507
557761.1100230480,0.0268554688,9.7969055179,-0.0283813477,-0.0004014757,0.0003146701,-0.0000108507
557761.1200230480,0.0283813477,9.7975158695,-0.0236511230,0.0007921007,0.0001410590,0.0000000000
557761.1300230480,0.0279235840,9.7999572757,-0.0111389160,-0.0009874132,0.0003363715,0.0000000000
557761.1400230480,0.0277709961,9.7955322269,-0.0329589844,0.0004448785,0.0003906250,0.0000108507
557761.1500230480,0.0282287598,9.7994995120,-0.0129699707,0.0000976562,0.0001085069,0.0000000000
557761.1600230481,0.0273132324,9.7978210452,-0.0225830078,-0.0008138021,0.0003797743,0.0000000000
557761.1700230479,0.0283813477,9.7962951663,-0.0268554688,0.0009223090,0.0002061632,0.0000000000
557761.1800230480,0.0279235840,9.7998046878,-0.0096130371,-0.0007921007,0.0001844618,0.0000000000
557761.1900230480,0.0279235840,9.7953796390,-0.0329589844,0.0000542535,0.0002278646,0.0000000000
557761.2000230480,0.0280761719,9.7984313968,-0.0163269043,0.0004774306,0.0001953125,0.0000108507
557761.2100230480,0.0282287598,9.7991943363,-0.0169372559,-0.0010742187,0.0003146701,0.0000108507
557761.2200230480,0.0277709961,9.7959899906,-0.0318908691,0.0008246528,0.0000868056,0.0000000000
557761.2300230480,0.0285339355,9.7998046878,-0.0094604492,-0.0003689236,0.0002495660,-0.0000108507
557761.2400230480,0.0280761719,9.7961425784,-0.0271606445,-0.0004123264,0.0003363715,-0.0000108507
557761.2500230480,0.0279235840,9.7972106937,-0.0238037109,0.0008029514,-0.0000542535,0.0000000000
557761.2600230480,0.0283813477,9.8001098636,-0.0119018555,-0.0010199653,0.0002821181,0.0000000000
557761.2700230480,0.0283813477,9.7952270511,-0.0321960449,0.0004774306,0.0003146701,0.0000217014
557761.2800230480,0.0273132324,9.7994995120,-0.0123596191,0.0000217014,-0.0000651042,0.0000000000
557761.2900230479,0.0286865234,9.7978210452,-0.0213623047,-0.0007921007,0.0004340278,-0.0000108507
557761.3000230480,0.0276184082,9.7964477542,-0.0280761719,0.0009765625,-0.0000000000,0.0000000000
557761.3100230480,0.0276184082,9.8001098636,-0.0100708008,-0.0008029514,0.0002604167,0.0000000000
557761.3200230480,0.0277709961,9.7955322269,-0.0325012207,0.0000108507,0.0001410590,0.0000108507
557761.3300230480,0.0277709961,9.7988891605,-0.0173950195,0.0005208333,0.0000976562,0.0000000000
557761.3400230480,0.0282287598,9.7996520999,-0.0151062012,-0.0010633681,0.0001844618,-0.0000108507
557761.3500230480,0.0280761719,9.7950744632,-0.0332641602,0.0008029514,0.0001519097,0.0000000000
557761.3600230480,0.0279235840,9.7999572757,-0.0093078613,-0.0003255208,0.0001302083,-0.0000108507
557761.3700230480,0.0280761719,9.7966003421,-0.0263977051,-0.0004991319,0.0002712674,0.0000000000
557761.3800230480,0.0276184082,9.7969055179,-0.0251770020,0.0008897569,-0.0000651042,0.0000000000
557761.3900230480,0.0283813477,9.7999572757,-0.0106811523,-0.0009874132,0.0003146701,0.0000000000
557761.4000230480,0.0279235840,9.7949218753,-0.0343322754,0.0003906250,0.0001085069,0.0000000000
557761.4100230481,0.0288391113,9.7990417484,-0.0120544434,0.0001193576,0.0001085069,0.0000000000
557761.4200230479,0.0282287598,9.7978210452,-0.0204467773,-0.0008789062,0.0002170139,0.0000000000
557761.4300230480,0.0273132324,9.7961425784,-0.0296020508,0.0009657118,0.0000108507,-0.0000108507
557761.4400230480,0.0282287598,9.8002624515,-0.0097656250,-0.0007161458,0.0001736111,0.0000000000
557761.4500230480,0.0279235840,9.7956848148,-0.0311279297,-0.0000651042,0.0001953125,0.0000000000
557761.4600230480,0.0280761719,9.7984313968,-0.0170898438,0.0005859375,-0.0000000000,0.0000000000
557761.4700230480,0.0271606445,9.7985839847,-0.0146484375,-0.0010633681,0.0002170139,0.0000000000
557761.4800230480,0.0282287598,9.7956848148,-0.0329589844,0.0007161458,0.0000759549,0.0000108507
557761.4900230480,0.0285339355,9.7999572757,-0.0097656250,-0.0002929687,0.0001085069,0.0000000000
557761.5000230480,0.0277709961,9.7966003421,-0.0280761719,-0.0004665799,0.0001844618,0.0000000000
557761.5100230480,0.0273132324,9.7972106937,-0.0236511230,0.0008138021,0.0000542535,0.0000000000
557761.5200230480,0.0280761719,9.7994995120,-0.0106811523,-0.0009223090,0.0001519097,0.0000108507
557761.5300230480,0.0277709961,9.7953796390,-0.0343322754,0.0003797743,0.0000868056,0.0000000000
557761.5400230479,0.0274658203,9.7994995120,-0.0123596191,0.0001193576,0.0001302083,0.0000108507
557761.5500230480,0.0291442871,9.7978210452,-0.0210571289,-0.0008680556,0.0001193576,-0.0000108507
557761.5600230480,0.0280761719,9.7962951663,-0.0303649902,0.0009331597,-0.0000325521,0.0000000000
557761.5700230480,0.0273132324,9.8001098636,-0.0099182129,-0.0007269965,0.0002604167,0.0000000000
557761.5800230480,0.0282287598,9.7953796390,-0.0309753418,-0.0000651042,0.0000108507,0.0000000000
557761.5900230480,0.0286865234,9.7981262210,-0.0164794922,0.0006184896,0.0000434028,0.0000000000
557761.6000230480,0.0282287598,9.7993469241,-0.0152587891,-0.0010850694,0.0001736111,0.0000000000
557761.6100230480,0.0277709961,9.7949218753,-0.0343322754,0.0007378472,0.0001302083,0.0000108507
557761.6200230480,0.0270080566,9.8005676273,-0.0096130371,-0.0002929687,0.0000325521,-0.0000108507
557761.6300230480,0.0282287598,9.7969055179,-0.0260925293,-0.0005099826,0.0001193576,-0.0000108507
557761.6400230480,0.0286865234,9.7970581058,-0.0241088867,0.0009223090,-0.0000000000,0.0000000000
557761.6500230480,0.0277709961,9.7999572757,-0.0111389160,-0.0009874132,0.0002170139,0.0000108507
557761.6600230481,0.0274658203,9.7952270511,-0.0326538086,0.0003146701,0.0001085069,0.0000000000
557761.6700230479,0.0280761719,9.7988891605,-0.0131225586,0.0002278646,-0.0000759549,0.0000108507
557761.6800230480,0.0279235840,9.7985839847,-0.0207519531,-0.0009765625,0.0001519097,0.0000000000
557761.6900230480,0.0279235840,9.7955322269,-0.0302124023,0.0009331597,0.0001193576,0.0000000000
557761.7000230480,0.0276184082,9.8002624515,-0.0086975098,-0.0006184896,0.0000868056,0.0000000000
557761.7100230480,0.0282287598,9.7958374027,-0.0300598145,-0.0001410590,0.0001410590,0.0000000000
557761.7200230480,0.0288391113,9.7979736331,-0.0196838379,0.0006618924,0.0000108507,0.0000000000
557761.7300230480,0.0273132324,9.7993469241,-0.0151062012,-0.0011393229,-0.0000000000,0.0000000000
557761.7400230480,0.0280761719,9.7952270511,-0.0340270996,0.0007052951,0.0001519097,0.0000108507
557761.7500230480,0.0286865234,9.7996520999,-0.0093078613,-0.0001302083,0.0001627604,0.0000000000
557761.7600230480,0.0277709961,9.7976684574,-0.0257873535,-0.0006835937,0.0000759549,-0.0000108507
557761.7700230480,0.0277709961,9.7967529300,-0.0276184082,0.0009657118,-0.0000542535,0.0000108507
557761.7800230480,0.0286865234,9.7999572757,-0.0082397461,-0.0009223090,0.0002170139,0.0000000000
557761.7900230479,0.0271606445,9.7955322269,-0.0334167480,0.0001519097,-0.0000434028,0.0000000000
557761.8000230480,0.0285339355,9.7991943363,-0.0161743164,0.0004448785,0.0001193576,0.0000108507
557761.8100230480,0.0279235840,9.7988891605,-0.0170898438,-0.0010850694,0.0001193576,0.0000000000
557761.8200230480,0.0279235840,9.7950744632,-0.0334167480,0.0008680556,0.0000325521,0.0000000000
557761.8300230480,0.0282287598,9.8002624515,-0.0080871582,-0.0003580729,0.0001085069,-0.0000108507
557761.8400230480,0.0282287598,9.7967529300,-0.0274658203,-0.0004882812,0.0000325521,0.0000000000
557761.8500230480,0.0265502930,9.7966003421,-0.0241088867,0.0008680556,-0.0000000000,0.0000108507
557761.8600230480,0.0291442871,9.7999572757,-0.0106811523,-0.0009982639,0.0001193576,0.0000000000
557761.8700230480,0.0282287598,9.7950744632,-0.0334167480,0.0003906250,0.0000325521,0.0000000000
557761.8800230480,0.0273132324,9.7990417484,-0.0135803223,0.0001193576,-0.0000108507,0.0000000000
557761.8900230480,0.0271606445,9.7984313968,-0.0215148926,-0.0008355035,0.0001519097,0.0000108507
557761.9000230480,0.0283813477,9.7966003421,-0.0280761719,0.0009331597,0.0001193576,0.0000000000
557761.9100230481,0.0283813477,9.7994995120,-0.0093078613,-0.0007161458,0.0000434028,-0.0000108507
557761.9200230479,0.0274658203,9.7958374027,-0.0329589844,-0.0000976562,-0.0000651042,0.0000000000
557761.9300230480,0.0276184082,9.7982788089,-0.0175476074,0.0005859375,0.0002278646,0.0000108507
557761.9400230480,0.0288391113,9.7987365726,-0.0152587891,-0.0010525174,-0.0000542535,0.0000000000
557761.9500230480,0.0282287598,9.7955322269,-0.0338745117,0.0007161458,0.0001085069,0.0000000000
557761.9600230480,0.0283813477,9.7998046878,-0.0096130371,-0.0001844618,-0.0000868056,0.0000000000
557761.9700230480,0.0283813477,9.7973632816,-0.0260925293,-0.0006184896,0.0001193576,-0.0000325521
557761.9800230480,0.0276184082,9.7967529300,-0.0256347656,0.0009114583,0.0000759549,0.0000000000
557761.9900230480,0.0274658203,9.8004150394,-0.0096130371,-0.0009548611,-0.0000000000,-0.0000108507
557762.0000230480,0.0291442871,9.7955322269,-0.0344848633,0.0002604167,0.0000542535,0.0000000000
557762.0100230480,0.0288391113,9.7991943363,-0.0134277344,0.0003472222,0.0001410590,0.0000000000
557762.0200230480,0.0265502930,9.7985839847,-0.0181579590,-0.0010199653,0.0000759549,-0.0000217014
557762.0300230480,0.0271606445,9.7959899906,-0.0321960449,0.0009114583,0.0000434028,0.0000000000
557762.0400230479,0.0289916992,9.8002624515,-0.0086975098,-0.0005316840,-0.0000651042,0.0000000000
557762.0500230480,0.0291442871,9.7964477542,-0.0300598145,-0.0003146701,0.0003038194,0.0000000000
557762.0600230480,0.0267028809,9.7978210452,-0.0209045410,0.0007378472,-0.0001193576,0.0000000000
557762.0700230480,0.0260925293,9.7994995120,-0.0126647949,-0.0010525174,-0.0000000000,0.0000325521
557762.0800230480,0.0289916992,9.7953796390,-0.0346374512,0.0005533854,0.0001410590,0.0000000000
557762.0900230480,0.0296020508,9.7996520999,-0.0106811523,0.0000108507,0.0001085069,-0.0000325521
557762.1000230480,0.0271606445,9.7978210452,-0.0233459473,-0.0007921007,-0.0000542535,0.0000000000
557762.1100230480,0.0268554688,9.7959899906,-0.0291442871,0.0009548611,-0.0000000000,-0.0000108507
557762.1200230480,0.0286865234,9.8004150394,-0.0085449219,-0.0008355035,0.0001519097,0.0000108507
557762.1300230480,0.0294494629,9.7961425784,-0.0320434570,0.0000976562,0.0000976562,0.0000000000
557762.1400230490,0.0276184082,9.7982788089,-0.0158691406,0.0004014757,-0.0000000000,0.0000000000
557762.1500230490,0.0259399414,9.7985839847,-0.0193786621,-0.0009765625,0.0000217014,0.0000000000
557762.1600230490,0.0286865234,9.7958374027,-0.0311279297,0.0008789062,0.0000542535,0.0000000000
557762.1700230490,0.0289916992,9.7999572757,-0.0088500977,-0.0005425347,0.0000868056,-0.0000108507
557762.1800230490,0.0280761719,9.7964477542,-0.0306701660,-0.0002278646,0.0000217014,0.0000000000
557762.1900230490,0.0268554688,9.7975158695,-0.0193786621,0.0007269965,0.0000434028,0.0000000000
557762.2000230490,0.0276184082,9.7998046878,-0.0128173828,-0.0011067708,0.0001193576,0.0000000000
557762.2100230490,0.0286865234,9.7952270511,-0.0349426270,0.0005859375,0.0000108507,0.0000000000
557762.2200230490,0.0279235840,9.7996520999,-0.0096130371,-0.0000217014,0.0000325521,0.0000000000
557762.2300230491,0.0271606445,9.7982788089,-0.0239562988,-0.0007921007,-0.0000000000,-0.0000108507
557762.2400230489,0.0279235840,9.7962951663,-0.0271606445,0.0009874132,0.0002061632,0.0000000000
557762.2500230490,0.0274658203,9.8004150394,-0.0093078613,-0.0008355035,-0.0001519097,0.0000217014
557762.2600230490,0.0289916992,9.7956848148,-0.0329589844,-0.0000108507,0.0001844618,0.0000000000
557762.2700230490,0.0273132324,9.7984313968,-0.0173950195,0.0005859375,-0.0000542535,-0.0000108507
557762.2800230490,0.0280761719,9.7996520999,-0.0144958496,-0.0010959201,0.0001736111,0.0000000000
557762.2900230490,0.0279235840,9.7950744632,-0.0354003906,0.0007812500,-0.0000651042,0.0000000000
557762.3000230490,0.0277709961,9.8002624515,-0.0085449219,-0.0002278646,0.0000108507,0.0000000000
557762.3100230490,0.0283813477,9.7976684574,-0.0253295898,-0.0005967882,0.0002061632,-0.0000108507
557762.3200230490,0.0280761719,9.7967529300,-0.0251770020,0.0009114583,-0.0000759549,0.0000108507
557762.3300230490,0.0274658203,9.8002624515,-0.0105285645,-0.0009440104,-0.0000759549,0.0000000000
557762.3400230490,0.0274658203,9.7955322269,-0.0338745117,0.0002061632,0.0001410590,0.0000000000
557762.3500230490,0.0288391113,9.7994995120,-0.0143432617,0.0003689236,0.0000976562,0.0000000000
557762.3600230491,0.0274658203,9.7988891605,-0.0186157227,-0.0009982639,0.0000108507,0.0000000000
557762.3700230489,0.0285339355,9.7952270511,-0.0314331055,0.0009006076,-0.0000759549,0.0000000000
557762.3800230490,0.0288391113,9.8005676273,-0.0083923340,-0.0005316840,0.0000868056,0.0000000000
557762.3900230490,0.0277709961,9.7959899906,-0.0297546387,-0.0003146701,0.0001193576,0.0000000000
557762.4000230490,0.0279235840,9.7976684574,-0.0210571289,0.0007486979,0.0000434028,0.0000000000
557762.4100230490,0.0273132324,9.8001098636,-0.0125122070,-0.0010959201,-0.0000000000,0.0000217014
557762.4200230490,0.0288391113,9.7949218753,-0.0352478027,0.0006401910,-0.0000325521,0.0000000000
557762.4300230490,0.0274658203,9.7996520999,-0.0099182129,0.0000000000,0.0000868056,-0.0000217014
557762.4400230490,0.0268554688,9.7975158695,-0.0228881836,-0.0007921007,0.0000868056,0.0000000000
557762.4500230490,0.0283813477,9.7961425784,-0.0283813477,0.0009874132,-0.0000000000,0.0000000000
557762.4600230490,0.0282287598,9.7998046878,-0.0083923340,-0.0008355035,0.0000108507,-0.0000108507
557762.4700230490,0.0277709961,9.7953796390,-0.0329589844,0.0000000000,0.0000434028,0.0000000000
557762.4800230491,0.0274658203,9.7984313968,-0.0177001953,0.0005425347,0.0000434028,0.0000000000
557762.4900230489,0.0280761719,9.7999572757,-0.0152587891,-0.0010416667,0.0000868056,-0.0000108507
557762.5000230490,0.0283813477,9.7950744632,-0.0326538086,0.0008138021,0.0000217014,0.0000000000
557762.5100230490,0.0276184082,9.8002624515,-0.0096130371,-0.0003146701,-0.0000542535,0.0000000000
557762.5200230490,0.0271606445,9.7969055179,-0.0279235840,-0.0005316840,0.0000434028,0.0000108507
557762.5300230490,0.0280761719,9.7967529300,-0.0236511230,0.0008355035,0.0000868056,0.0000108507
557762.5400230490,0.0285339355,9.8004150394,-0.0112915039,-0.0009982639,0.0000976562,-0.0000108507
557762.5500230490,0.0274658203,9.7944641116,-0.0344848633,0.0004448785,-0.0000000000,0.0000000000
557762.5600230490,0.0268554688,9.7996520999,-0.0114440918,0.0001410590,-0.0000542535,0.0000000000
557762.5700230490,0.0277709961,9.7979736331,-0.0209045410,-0.0008789062,0.0000868056,0.0000000000
557762.5800230490,0.0292968750,9.7961425784,-0.0291442871,0.0009331597,0.0001302083,0.0000000000
557762.5900230490,0.0282287598,9.8004150394,-0.0080871582,-0.0007378472,0.0000217014,0.0000000000
557762.6000230490,0.0270080566,9.7955322269,-0.0328063965,-0.0000217014,-0.0000868056,0.0000000000
557762.6100230491,0.0277709961,9.7985839847,-0.0181579590,0.0005208333,0.0000759549,0.0000000000
557762.6200230489,0.0283813477,9.7987365726,-0.0148010254,-0.0009982639,0.0001302083,-0.0000108507
557762.6300230490,0.0283813477,9.7955322269,-0.0321960449,0.0007812500,0.0000108507,0.0000000000
557762.6400230490,0.0265502930,9.7998046878,-0.0083923340,-0.0002929687,-0.0000000000,0.0000000000
557762.6500230490,0.0274658203,9.7966003421,-0.0297546387,-0.0004991319,-0.0000000000,0.0000217014
557762.6600230490,0.0285339355,9.7972106937,-0.0238037109,0.0008355035,0.0000434028,0.0000000000
557762.6700230490,0.0285339355,9.8002624515,-0.0094604492,-0.0010199653,0.0001085069,0.0000000000
557762.6800230490,0.0277709961,9.7949218753,-0.0349426270,0.0003906250,0.0000325521,-0.0000108507
557762.6900230490,0.0276184082,9.7994995120,-0.0119018555,0.0001844618,0.0000108507,0.0000000000
557762.7000230490,0.0273132324,9.7972106937,-0.0216674805,-0.0008572049,0.0000651042,0.0000000000
557762.7100230490,0.0289916992,9.7959899906,-0.0289916992,0.0009331597,0.0000325521,0.0000000000
557762.7200230490,0.0274658203,9.8001098636,-0.0088500977,-0.0007378472,0.0000651042,0.0000108507
557762.7300230491,0.0286865234,9.7953796390,-0.0335693359,-0.0000542535,0.0000434028,0.0000000000
557762.7400230489,0.0283813477,9.7991943363,-0.0166320801,0.0005859375,0.0000217014,0.0000000000
557762.7500230490,0.0274658203,9.7990417484,-0.0144958496,-0.0010633681,0.0001085069,0.0000000000
557762.7600230490,0.0280761719,9.7955322269,-0.0340270996,0.0007486979,0.0000217014,0.0000000000
557762.7700230490,0.0288391113,9.7999572757,-0.0093078613,-0.0002387153,0.0001410590,0.0000000000
557762.7800230490,0.0280761719,9.7969055179,-0.0270080566,-0.0005859375,-0.0000868056,0.0000000000
557762.7900230490,0.0274658203,9.7970581058,-0.0241088867,0.0009223090,0.0000108507,0.0000000000
557762.8000230490,0.0271606445,9.8001098636,-0.0094604492,-0.0009874132,0.0000108507,0.0000000000
557762.8100230490,0.0288391113,9.7950744632,-0.0347900391,0.0002387153,0.0002712674,0.0000000000
557762.8200230490,0.0286865234,9.7991943363,-0.0146484375,0.0003689236,-0.0002061632,0.0000000000
557762.8300230490,0.0271606445,9.7987365726,-0.0178527832,-0.0009982639,0.0001519097,0.0000000000
557762.8400230490,0.0274658203,9.7952270511,-0.0338745117,0.0009223090,-0.0000868056,0.0000000000
557762.8500230490,0.0285339355,9.8001098636,-0.0077819824,-0.0004774306,0.0002604167,0.0000108507
557762.8600230491,0.0279235840,9.7967529300,-0.0296020508,-0.0004231771,-0.0000976562,0.0000108507
557762.8700230489,0.0283813477,9.7975158695,-0.0213623047,0.0007812500,0.0000434028,-0.0000108507
557762.8800230490,0.0267028809,9.7996520999,-0.0131225586,-0.0010199653,-0.0000000000,-0.0000108507
557762.8900230490,0.0286865234,9.7950744632,-0.0332641602,0.0005425347,0.0000434028,0.0000108507
557762.9000230490,0.0282287598,9.8001098636,-0.0115966797,-0.0000108507,0.0001193576,-0.0000217014
557762.9100230490,0.0282287598,9.7976684574,-0.0230407715,-0.0007161458,-0.0000542535,0.0000108507
557762.9200230490,0.0277709961,9.7966003421,-0.0263977051,0.0008680556,0.0001519097,0.0000000000
557762.9300230490,0.0279235840,9.7996520999,-0.0111389160,-0.0007921007,-0.0001953125,0.0000000000
557762.9400230490,0.0279235840,9.7959899906,-0.0315856934,0.0000868056,0.0002061632,0.0000000000
557762.9500230490,0.0280761719,9.7991943363,-0.0151062012,0.0004665799,-0.0000217014,0.0000000000
557762.9600230490,0.0280761719,9.7991943363,-0.0167846680,-0.0010633681,0.0001519097,0.0000000000
557762.9700230490,0.0280761719,9.7953796390,-0.0347900391,0.0008680556,-0.0001519097,0.0000000000
557762.9800230491,0.0279235840,9.7999572757,-0.0074768066,-0.0004014757,0.0001193576,0.0000000000
557762.9900230489,0.0271606445,9.7962951663,-0.0273132324,-0.0005099826,-0.0000000000,0.0000000000
557763.0000230490,0.0291442871,9.7970581058,-0.0228881836,0.0009114583,0.0001844618,0.0000217014
557763.0100230490,0.0283813477,9.7998046878,-0.0117492676,-0.0010199653,-0.0000542535,-0.0000217014
557763.0200230490,0.0277709961,9.7952270511,-0.0346374512,0.0004123264,-0.0000000000,0.0000000000
557763.0300230490,0.0276184082,9.7990417484,-0.0123596191,0.0001844618,0.0000868056,0.0000000000
557763.0400230490,0.0274658203,9.7985839847,-0.0205993652,-0.0008789062,0.0000868056,-0.0000108507
557763.0500230490,0.0283813477,9.7958374027,-0.0299072266,0.0009223090,0.0000542535,0.0000000000
557763.0600230490,0.0276184082,9.8004150394,-0.0086975098,-0.0007161458,-0.0000759549,0.0000000000
557763.0700230490,0.0270080566,9.7959899906,-0.0315856934,-0.0001410590,0.0001302083,0.0000000000
557763.0800230490,0.0279235840,9.7981262210,-0.0196838379,0.0006727431,-0.0001302083,0.0000000000
557763.0900230490,0.0291442871,9.7990417484,-0.0132751465,-0.0010742187,0.0002821181,-0.0000108507
557763.1000230490,0.0283813477,9.7956848148,-0.0344848633,0.0007052951,-0.0000976562,-0.0000108507
557763.1100230491,0.0276184082,9.7998046878,-0.0090026855,-0.0001085069,0.0000651042,0.0000000000
557763.1200230489,0.0276184082,9.7972106937,-0.0259399414,-0.0007486979,0.0000217014,0.0000000000
557763.1300230490,0.0286865234,9.7966003421,-0.0271606445,0.0009874132,-0.0000542535,0.0000108507
557763.1400230490,0.0283813477,9.8008728031,-0.0083923340,-0.0009006076,0.0002495660,-0.0000108507
557763.1500230490,0.0276184082,9.7953796390,-0.0341796875,0.0000868056,-0.0000976562,0.0000000000
557763.1600230490,0.0273132324,9.7985839847,-0.0144958496,0.0005425347,0.0001627604,0.0000000000
557763.1700230490,0.0274658203,9.7988891605,-0.0158691406,-0.0010199653,-0.0000868056,0.0000000000
557763.1800230490,0.0280761719,9.7950744632,-0.0332641602,0.0007921007,0.0000108507,0.0000000000
557763.1900230490,0.0279235840,9.7994995120,-0.0093078613,-0.0003580729,0.0002061632,-0.0000108507
557763.2000230490,0.0277709961,9.7967529300,-0.0274658203,-0.0005099826,-0.0000868056,0.0000000000
557763.2100230490,0.0280761719,9.7975158695,-0.0242614746,0.0008680556,0.0001736111,-0.0000108507
557763.2200230500,0.0277709961,9.7993469241,-0.0119018555,-0.0009874132,-0.0001085069,0.0000000000
557763.2300230500,0.0285339355,9.7953796390,-0.0328063965,0.0003906250,0.0000759549,-0.0000108507
557763.2400230500,0.0271606445,9.7990417484,-0.0125122070,0.0002387153,0.0001193576,0.0000000000
557763.2500230500,0.0265502930,9.7982788089,-0.0210571289,-0.0009440104,-0.0000434028,0.0000000000
557763.2600230500,0.0286865234,9.7964477542,-0.0317382813,0.0009006076,0.0000542535,0.0000108507
557763.2700230500,0.0283813477,9.8007202152,-0.0083923340,-0.0006618924,-0.0000976562,-0.0000108507
557763.2800230500,0.0279235840,9.7964477542,-0.0296020508,-0.0001844618,0.0002604167,-0.0000217014
557763.2900230500,0.0268554688,9.7976684574,-0.0198364258,0.0007161458,-0.0000976562,0.0000000000
557763.3000230500,0.0288391113,9.7994995120,-0.0132751465,-0.0010633681,0.0001193576,0.0000000000
557763.3100230501,0.0279235840,9.7953796390,-0.0341796875,0.0006944444,-0.0000434028,0.0000108507
557763.3200230499,0.0274658203,9.7999572757,-0.0093078613,-0.0001302083,-0.0000434028,0.0000000000
557763.3300230500,0.0276184082,9.7976684574,-0.0256347656,-0.0007052951,0.0002061632,0.0000108507
557763.3400230500,0.0283813477,9.7966003421,-0.0263977051,0.0008680556,-0.0000868056,0.0000000000
557763.3500230500,0.0286865234,9.7999572757,-0.0088500977,-0.0008680556,0.0002278646,0.0000000000
557763.3600230500,0.0276184082,9.7950744632,-0.0332641602,0.0002278646,-0.0000976562,-0.0000108507
557763.3700230500,0.0280761719,9.7994995120,-0.0148010254,0.0003689236,0.0000325521,0.0000000000
557763.3800230500,0.0277709961,9.7982788089,-0.0192260742,-0.0009657118,0.0001085069,0.0000108507
557763.3900230500,0.0282287598,9.7958374027,-0.0302124023,0.0008680556,-0.0001410590,0.0000000000
557763.4000230500,0.0280761719,9.8001098636,-0.0077819824,-0.0005642361,0.0002495660,0.0000000000
557763.4100230500,0.0277709961,9.7973632816,-0.0302124023,-0.0003363715,0.0000217014,-0.0000108507
557763.4200230500,0.0283813477,9.7973632816,-0.0205993652,0.0008138021,-0.0000542535,0.0000000000
557763.4300230501,0.0268554688,9.7993469241,-0.0122070313,-0.0010633681,0.0000434028,0.0000000000
557763.4400230499,0.0280761719,9.7949218753,-0.0357055664,0.0005750868,-0.0000868056,0.0000000000
557763.4500230500,0.0280761719,9.7998046878,-0.0114440918,0.0000434028,0.0002495660,0.0000000000
557763.4600230500,0.0282287598,9.7978210452,-0.0225830078,-0.0008789062,-0.0000108507,0.0000108507
557763.4700230500,0.0291442871,9.7958374027,-0.0274658203,0.0009223090,0.0000759549,0.0000000000
557763.4800230500,0.0276184082,9.8004150394,-0.0088500977,-0.0007595486,-0.0000000000,0.0000000000
557763.4900230500,0.0279235840,9.7959899906,-0.0329589844,-0.0000217014,-0.0000651042,0.0000000000
557763.5000230500,0.0282287598,9.7990417484,-0.0175476074,0.0006401910,0.0001410590,0.0000000000
557763.5100230500,0.0277709961,9.7993469241,-0.0151062012,-0.0010959201,-0.0000868056,0.0000000000
557763.5200230500,0.0285339355,9.7949218753,-0.0341796875,0.0007486979,0.0001410590,0.0000108507
557763.5300230500,0.0280761719,9.8005676273,-0.0080871582,-0.0002821181,0.0000651042,0.0000000000
557763.5400230500,0.0285339355,9.7972106937,-0.0253295898,-0.0005859375,0.0000325521,0.0000000000
557763.5500230500,0.0276184082,9.7964477542,-0.0260925293,0.0009223090,-0.0000651042,0.0000108507
557763.5600230501,0.0271606445,9.8002624515,-0.0111389160,-0.0009331597,-0.0000217014,-0.0000108507
557763.5700230499,0.0280761719,9.7952270511,-0.0340270996,0.0002821181,0.0002387153,0.0000000000
557763.5800230500,0.0280761719,9.7998046878,-0.0131225586,0.0003255208,-0.0000759549,0.0000000000
557763.5900230500,0.0279235840,9.7985839847,-0.0184631348,-0.0009982639,0.0001302083,0.0000000000
557763.6000230500,0.0274658203,9.7959899906,-0.0326538086,0.0008680556,0.0000108507,0.0000000000
557763.6100230500,0.0277709961,9.7998046878,-0.0090026855,-0.0005750868,-0.0001736111,0.0000000000
557763.6200230500,0.0285339355,9.7958374027,-0.0294494629,-0.0002170139,0.0002495660,0.0000000000
557763.6300230500,0.0286865234,9.7975158695,-0.0209045410,0.0007595486,0.0000217014,0.0000000000
557763.6400230500,0.0282287598,9.8004150394,-0.0135803223,-0.0010742187,0.0000325521,0.0000000000
557763.6500230500,0.0270080566,9.7947692874,-0.0341796875,0.0005750868,-0.0000325521,0.0000000000
557763.6600230500,0.0283813477,9.7994995120,-0.0099182129,-0.0000434028,-0.0000434028,0.0000000000
557763.6700230500,0.0285339355,9.7979736331,-0.0238037109,-0.0007812500,0.0002929687,-0.0000217014
557763.6800230501,0.0280761719,9.7967529300,-0.0286865234,0.0009006076,-0.0001193576,0.0000108507
557763.6900230499,0.0286865234,9.7991943363,-0.0093078613,-0.0008463542,0.0000651042,-0.0000108507
557763.7000230500,0.0277709961,9.7958374027,-0.0326538086,0.0002061632,-0.0000000000,0.0000000000
557763.7100230500,0.0268554688,9.7987365726,-0.0152587891,0.0003906250,-0.0000542535,0.0000000000
557763.7200230500,0.0276184082,9.7982788089,-0.0181579590,-0.0010199653,0.0001736111,0.0000000000
557763.7300230500,0.0288391113,9.7950744632,-0.0309753418,0.0008680556,0.0000217014,0.0000000000
557763.7400230500,0.0288391113,9.8002624515,-0.0073242188,-0.0005533854,-0.0000000000,-0.0000217014
557763.7500230500,0.0265502930,9.7956848148,-0.0323486328,-0.0002821181,0.0000217014,0.0000000000
557763.7600230500,0.0277709961,9.7973632816,-0.0210571289,0.0007486979,0.0000217014,0.0000108507
557763.7700230500,0.0296020508,9.7991943363,-0.0108337402,-0.0010199653,0.0001519097,0.0000000000
557763.7800230500,0.0283813477,9.7952270511,-0.0343322754,0.0006293403,-0.0000651042,0.0000000000
557763.7900230500,0.0265502930,9.7998046878,-0.0112915039,-0.0001085069,0.0000108507,0.0000000000
557763.8000230500,0.0285339355,9.7973632816,-0.0233459473,-0.0007378472,0.0001519097,0.0000000000
557763.8100230501,0.0282287598,9.7970581058,-0.0267028809,0.0008789062,-0.0000325521,0.0000000000
557763.8200230499,0.0280761719,9.8001098636,-0.0097656250,-0.0008138021,-0.0000108507,-0.0000108507
557763.8300230500,0.0276184082,9.7950744632,-0.0337219238,0.0001302083,0.0001410590,0.0000000000
557763.8400230500,0.0267028809,9.7991943363,-0.0154113770,0.0004557292,0.0000108507,0.0000000000
557763.8500230500,0.0286865234,9.7990417484,-0.0163269043,-0.0010633681,-0.0000217014,0.0000000000
557763.8600230500,0.0286865234,9.7952270511,-0.0334167480,0.0008355035,0.0000108507,0.0000000000
557763.8700230500,0.0270080566,9.7994995120,-0.0090026855,-0.0004014757,0.0000976562,-0.0000108507
557763.8800230500,0.0271606445,9.7966003421,-0.0282287598,-0.0005425347,0.0000868056,0.0000000000
557763.8900230500,0.0283813477,9.7966003421,-0.0230407715,0.0009114583,-0.0000542535,0.0000000000
557763.9000230500,0.0280761719,9.7998046878,-0.0108337402,-0.0009874132,0.0000434028,0.0000108507
557763.9100230500,0.0274658203,9.7955322269,-0.0352478027,0.0003797743,0.0000868056,0.0000108507
557763.9200230500,0.0276184082,9.7996520999,-0.0123596191,0.0002387153,0.0000542535,0.0000000000
557763.9300230501,0.0276184082,9.7978210452,-0.0196838379,-0.0009765625,0.0000325521,-0.0000108507
557763.9400230499,0.0292968750,9.7950744632,-0.0306701660,0.0009114583,-0.0000000000,0.0000000000
557763.9500230500,0.0280761719,9.7993469241,-0.0091552734,-0.0005967882,-0.0000000000,-0.0000217014
557763.9600230500,0.0267028809,9.7967529300,-0.0302124023,-0.0002061632,0.0000759549,0.0000108507
557763.9700230500,0.0280761719,9.7973632816,-0.0187683105,0.0007052951,0.0000108507,0.0000108507
557763.9800230500,0.0289916992,9.7991943363,-0.0148010254,-0.0010199653,0.0000651042,0.0000000000
557763.9900230500,0.0274658203,9.7955322269,-0.0349426270,0.0006293403,0.0000108507,0.0000000000
557764.0000230500,0.0271606445,9.7994995120,-0.0102233887,-0.0001193576,0.0000434028,0.0000000000
557764.0100230500,0.0277709961,9.7969055179,-0.0242614746,-0.0007378472,0.0000325521,0.0000108507
557764.0200230500,0.0291442871,9.7962951663,-0.0265502930,0.0009331597,-0.0000000000,0.0000000000
557764.0300230500,0.0277709961,9.8004150394,-0.0099182129,-0.0008463542,0.0000759549,0.0000000000
557764.0400230500,0.0271606445,9.7950744632,-0.0329589844,0.0001410590,0.0000325521,0.0000108507
557764.0500230500,0.0282287598,9.7988891605,-0.0152587891,0.0004557292,-0.0000217014,0.0000000000
557764.0600230501,0.0288391113,9.7985839847,-0.0169372559,-0.0010633681,0.0001193576,-0.0000108507
557764.0700230499,0.0282287598,9.7958374027,-0.0340270996,0.0008355035,-0.0000000000,0.0000000000
557764.0800230500,0.0271606445,9.8001098636,-0.0083923340,-0.0004014757,0.0000108507,0.0000000000
557764.0900230500,0.0277709961,9.7966003421,-0.0270080566,-0.0005099826,0.0000868056,0.0000000000
557764.1000230500,0.0294494629,9.7973632816,-0.0245666504,0.0009223090,-0.0000000000,0.0000000000
557764.1100230500,0.0279235840,9.7993469241,-0.0106811523,-0.0009874132,0.0000325521,-0.0000108507
557764.1200230500,0.0265502930,9.7958374027,-0.0344848633,0.0003146701,0.0000325521,0.0000000000
557764.1300230500,0.0280761719,9.7994995120,-0.0129699707,0.0002821181,0.0000217014,0.0000000000
557764.1400230500,0.0277709961,9.7981262210,-0.0189208984,-0.0010091146,0.0000651042,0.0000000000
557764.1500230500,0.0283813477,9.7958374027,-0.0321960449,0.0009006076,0.0000108507,0.0000000000
557764.1600230500,0.0277709961,9.8005676273,-0.0073242188,-0.0005316840,0.0001085069,-0.0000108507
557764.1700230500,0.0270080566,9.7964477542,-0.0299072266,-0.0002821181,0.0000217014,0.0000108507
557764.1800230501,0.0283813477,9.7982788089,-0.0225830078,0.0007595486,-0.0000868056,0.0000000000
557764.1900230499,0.0282287598,9.7996520999,-0.0119018555,-0.0010742187,0.0001193576,0.0000000000
557764.2000230500,0.0274658203,9.7947692874,-0.0341796875,0.0005533854,0.0000542535,-0.0000108507
557764.2100230500,0.0282287598,9.7993469241,-0.0100708008,-0.0000108507,0.0000542535,0.0000000000
557764.2200230500,0.0280761719,9.7975158695,-0.0242614746,-0.0007703993,-0.0000108507,0.0000000000
557764.2300230500,0.0282287598,9.7962951663,-0.0286865234,0.0009874132,-0.0000325521,0.0000108507
557764.2400230500,0.0274658203,9.7999572757,-0.0079345703,-0.0007703993,0.0001193576,0.0000000000
557764.2500230500,0.0280761719,9.7958374027,-0.0332641602,-0.0000217014,0.0000976562,0.0000108507
557764.2600230500,0.0283813477,9.7975158695,-0.0158691406,0.0005859375,-0.0000434028,0.0000000000
557764.2700230500,0.0276184082,9.7993469241,-0.0154113770,-0.0011067708,0.0000108507,0.0000000000
557764.2800230500,0.0277709961,9.7956848148,-0.0338745117,0.0007921007,0.0000217014,0.0000000000
557764.2900230510,0.0279235840,9.7998046878,-0.0079345703,-0.0002929687,0.0001085069,0.0000108507
557764.3000230510,0.0285339355,9.7967529300,-0.0268554688,-0.0005425347,0.0000759549,0.0000000000
557764.3100230510,0.0277709961,9.7964477542,-0.0251770020,0.0008897569,-0.0000542535,0.0000000000
557764.3200230510,0.0270080566,9.8002624515,-0.0108337402,-0.0009982639,-0.0000217014,0.0000108507
557764.3300230510,0.0277709961,9.7947692874,-0.0332641602,0.0003797743,0.0001302083,0.0000000000
557764.3400230510,0.0288391113,9.7994995120,-0.0122070313,0.0001844618,0.0001627604,0.0000000000
557764.3500230510,0.0276184082,9.7982788089,-0.0216674805,-0.0009223090,-0.0001736111,-0.0000217014
557764.3600230510,0.0277709961,9.7956848148,-0.0306701660,0.0009223090,0.0000759549,0.0000108507
557764.3700230510,0.0280761719,9.7998046878,-0.0079345703,-0.0005967882,0.0001627604,0.0000000000
557764.3800230511,0.0283813477,9.7966003421,-0.0311279297,-0.0001844618,0.0000217014,0.0000000000
557764.3900230509,0.0279235840,9.7978210452,-0.0196838379,0.0006944444,-0.0000759549,0.0000000000
557764.4000230510,0.0274658203,9.7994995120,-0.0143432617,-0.0010850694,0.0000976562,-0.0000108507
557764.4100230510,0.0283813477,9.7958374027,-0.0329589844,0.0006293403,0.0000868056,0.0000000000
557764.4200230510,0.0279235840,9.7988891605,-0.0097656250,-0.0000651042,0.0000217014,0.0000000000
557764.4300230510,0.0288391113,9.7972106937,-0.0260925293,-0.0006835937,-0.0000000000,0.0000000000
557764.4400230510,0.0288391113,9.7970581058,-0.0265502930,0.0009223090,0.0000217014,0.0000000000
557764.4500230510,0.0262451172,9.7996520999,-0.0082397461,-0.0009006076,0.0000434028,0.0000000000
557764.4600230510,0.0270080566,9.7956848148,-0.0329589844,0.0001844618,0.0000434028,0.0000108507
557764.4700230510,0.0294494629,9.7984313968,-0.0151062012,0.0003906250,0.0000108507,0.0000000000
557764.4800230510,0.0288391113,9.7985839847,-0.0189208984,-0.0010525174,0.0000759549,0.0000000000
557764.4900230510,0.0260925293,9.7952270511,-0.0308227539,0.0008355035,-0.0000217014,0.0000000000
557764.5000230510,0.0271606445,9.8001098636,-0.0091552734,-0.0004448785,0.0000651042,0.0000108507
557764.5100230511,0.0302124023,9.7970581058,-0.0280761719,-0.0003689236,0.0000868056,0.0000108507
557764.5200230510,0.0291442871,9.7964477542,-0.0231933594,0.0008355035,-0.0000325521,0.0000000000
557764.5300230510,0.0267028809,9.7990417484,-0.0119018555,-0.0010742187,0.0000759549,0.0000000000
557764.5400230510,0.0267028809,9.7950744632,-0.0347900391,0.0004557292,0.0000217014,0.0000000000
557764.5500230510,0.0286865234,9.7993469241,-0.0120544434,0.0001302083,0.0000217014,0.0000000000
557764.5600230510,0.0294494629,9.7987365726,-0.0219726563,-0.0008897569,0.0000759549,-0.0000108507
557764.5700230510,0.0271606445,9.7953796390,-0.0300598145,0.0009874132,0.0000217014,0.0000000000
557764.5800230510,0.0262451172,9.8001098636,-0.0080871582,-0.0007378472,0.0000325521,0.0000000000
557764.5900230510,0.0292968750,9.7958374027,-0.0315856934,-0.0001085069,0.0000434028,0.0000108507
557764.6000230510,0.0291442871,9.7978210452,-0.0186157227,0.0006401910,-0.0000000000,0.0000000000
557764.6100230510,0.0268554688,9.7988891605,-0.0148010254,-0.0011284722,0.0000434028,-0.0000108507
557764.6200230510,0.0268554688,9.7955322269,-0.0338745117,0.0007486979,0.0000325521,0.0000108507
557764.6300230511,0.0291442871,9.7991943363,-0.0090026855,-0.0001302083,0.0000217014,0.0000108507
557764.6400230509,0.0300598145,9.7967529300,-0.0248718262,-0.0006835937,0.0000434028,-0.0000108507
557764.6500230510,0.0279235840,9.7964477542,-0.0271606445,0.0009765625,0.0000108507,0.0000000000
557764.6600230510,0.0268554688,9.7999572757,-0.0086975098,-0.0009114583,0.0000434028,-0.0000108507
557764.6700230510,0.0286865234,9.7952270511,-0.0341796875,0.0000868056,0.0000325521,0.0000000000
557764.6800230510,0.0288391113,9.7985839847,-0.0155639648,0.0005208333,0.0000325521,0.0000000000
557764.6900230510,0.0270080566,9.7985839847,-0.0151062012,-0.0010633681,0.0000217014,-0.0000108507
557764.7000230510,0.0268554688,9.7950744632,-0.0341796875,0.0008029514,0.0000325521,0.0000108507
557764.7100230510,0.0279235840,9.8001098636,-0.0085449219,-0.0002712674,0.0000217014,0.0000108507
557764.7200230510,0.0289916992,9.7967529300,-0.0270080566,-0.0006184896,0.0000434028,0.0000000000
557764.7300230510,0.0283813477,9.7966003421,-0.0253295898,0.0009223090,-0.0000000000,-0.0000108507
557764.7400230510,0.0271606445,9.8007202152,-0.0094604492,-0.0009874132,0.0000325521,-0.0000108507
557764.7500230510,0.0277709961,9.7958374027,-0.0347900391,0.0002712674,0.0000542535,0.0000108507
557764.7600230511,0.0291442871,9.7990417484,-0.0137329102,0.0003255208,0.0000217014,0.0000000000
557764.7700230510,0.0283813477,9.7982788089,-0.0178527832,-0.0009223090,0.0000217014,0.0000000000
557764.7800230510,0.0277709961,9.7958374027,-0.0305175781,0.0008789062,0.0000325521,0.0000000000
557764.7900230510,0.0276184082,9.8004150394,-0.0099182129,-0.0005967882,0.0000217014,-0.0000108507
557764.8000230510,0.0283813477,9.7962951663,-0.0309753418,-0.0001627604,0.0000759549,0.0000108507
557764.8100230510,0.0276184082,9.7984313968,-0.0177001953,0.0006293403,-0.0000217014,0.0000000000
557764.8200230510,0.0277709961,9.7991943363,-0.0137329102,-0.0010633681,0.0000759549,0.0000000000
557764.8300230510,0.0283813477,9.7952270511,-0.0346374512,0.0007269965,0.0000217014,0.0000108507
557764.8400230510,0.0279235840,9.8004150394,-0.0090026855,-0.0001627604,0.0000434028,0.0000000000
557764.8500230510,0.0282287598,9.7978210452,-0.0259399414,-0.0006618924,-0.0000000000,0.0000000000
557764.8600230510,0.0277709961,9.7967529300,-0.0262451172,0.0008680556,0.0000434028,0.0000000000
557764.8700230510,0.0286865234,9.8001098636,-0.0099182129,-0.0009223090,0.0000868056,-0.0000217014
557764.8800230511,0.0273132324,9.7958374027,-0.0334167480,0.0002387153,0.0000108507,0.0000000000
557764.8900230509,0.0273132324,9.7991943363,-0.0138854980,0.0002821181,0.0000108507,0.0000000000
557764.9000230510,0.0273132324,9.7985839847,-0.0202941895,-0.0009114583,0.0000759549,0.0000108507
557764.9100230510,0.0280761719,9.7958374027,-0.0309753418,0.0008897569,-0.0000000000,0.0000000000
557764.9200230510,0.0277709961,9.8001098636,-0.0083923340,-0.0006184896,0.0000976562,-0.0000108507
557764.9300230510,0.0280761719,9.7962951663,-0.0315856934,-0.0001519097,-0.0000000000,0.0000000000
557764.9400230510,0.0288391113,9.7973632816,-0.0186157227,0.0006293403,0.0000325521,0.0000000000
557764.9500230510,0.0282287598,9.7996520999,-0.0149536133,-0.0010525174,0.0000759549,0.0000000000
557764.9600230510,0.0280761719,9.7949218753,-0.0338745117,0.0007269965,0.0000217014,0.0000000000
557764.9700230510,0.0276184082,9.8007202152,-0.0103759766,-0.0001627604,0.0000108507,0.0000000000
557764.9800230510,0.0276184082,9.7972106937,-0.0259399414,-0.0006293403,0.0000434028,0.0000000000
557764.9900230510,0.0286865234,9.7972106937,-0.0250244141,0.0008897569,0.0000217014,-0.0000108507
557765.0000230510,0.0280761719,9.8010253909,-0.0093078613,-0.0009657118,0.0000651042,-0.0000108507
557765.0100230511,0.0279235840,9.7958374027,-0.0341796875,0.0002821181,0.0000217014,0.0000000000
557765.0200230510,0.0274658203,9.7984313968,-0.0138854980,0.0003146701,0.0000217014,-0.0000108507
557765.0300230510,0.0276184082,9.7984313968,-0.0189208984,-0.0009657118,0.0000651042,0.0000108507
557765.0400230510,0.0285339355,9.7958374027,-0.0306701660,0.0009006076,-0.0000000000,0.0000000000
557765.0500230510,0.0277709961,9.8002624515,-0.0079345703,-0.0006184896,0.0000325521,0.0000000000
557765.0600230510,0.0270080566,9.7964477542,-0.0308227539,-0.0001410590,0.0000325521,0.0000000000
557765.0700230510,0.0280761719,9.7984313968,-0.0192260742,0.0005859375,0.0000325521,-0.0000108507
557765.0800230510,0.0282287598,9.8001098636,-0.0141906738,-0.0010199653,0.0000434028,-0.0000108507
557765.0900230510,0.0276184082,9.7949218753,-0.0334167480,0.0007269965,-0.0000000000,0.0000108507
557765.1000230510,0.0282287598,9.7996520999,-0.0097656250,-0.0001844618,0.0000434028,0.0000108507
557765.1100230510,0.0279235840,9.7976684574,-0.0257873535,-0.0006510417,0.0000434028,-0.0000108507
557765.1200230510,0.0283813477,9.7970581058,-0.0250244141,0.0009114583,0.0000217014,-0.0000108507
557765.1300230511,0.0273132324,9.7999572757,-0.0094604492,-0.0009548611,0.0000651042,0.0000108507
557765.1400230509,0.0276184082,9.7955322269,-0.0349426270,0.0002387153,0.0000217014,0.0000108507
557765.1500230510,0.0283813477,9.7991943363,-0.0146484375,0.0003038194,0.0000217014,0.0000000000
557765.1600230510,0.0282287598,9.7985839847,-0.0190734863,-0.0009331597,0.0000651042,0.0000000000
557765.1700230510,0.0273132324,9.7955322269,-0.0303649902,0.0008897569,0.0000325521,0.0000108507
557765.1800230510,0.0273132324,9.8010253909,-0.0076293945,-0.0005533854,0.0000434028,0.0000000000
557765.1900230510,0.0279235840,9.7955322269,-0.0306701660,-0.0002929687,-0.0000000000,-0.0000217014
557765.2000230510,0.0283813477,9.7984313968,-0.0209045410,0.0006944444,0.0000325521,0.0000000000
557765.2100230510,0.0276184082,9.7999572757,-0.0129699707,-0.0010199653,0.0000651042,-0.0000108507
557765.2200230510,0.0277709961,9.7949218753,-0.0334167480,0.0006401910,0.0000217014,0.0000108507
557765.2300230510,0.0280761719,9.7990417484,-0.0106811523,-0.0000542535,-0.0000000000,0.0000108507
557765.2400230510,0.0283813477,9.7970581058,-0.0247192383,-0.0007269965,0.0000868056,0.0000108507
557765.2500230510,0.0277709961,9.7962951663,-0.0262451172,0.0009223090,-0.0000217014,0.0000000000
557765.2600230511,0.0273132324,9.8001098636,-0.0090026855,-0.0008789062,0.0000651042,-0.0000108507
557765.2700230510,0.0283813477,9.7958374027,-0.0343322754,0.0001844618,0.0000325521,0.0000108507
557765.2800230510,0.0280761719,9.7991943363,-0.0155639648,0.0003689236,0.0000108507,0.0000000000
557765.2900230510,0.0276184082,9.7990417484,-0.0178527832,-0.0009982639,0.0000434028,0.0000000000
557765.3000230510,0.0283813477,9.7952270511,-0.0311279297,0.0009006076,0.0000217014,0.0000108507
557765.3100230510,0.0277709961,9.8002624515,-0.0074768066,-0.0005099826,0.0000217014,0.0000000000
557765.3200230510,0.0283813477,9.7961425784,-0.0311279297,-0.0002929687,0.0000651042,-0.0000217014
557765.3300230510,0.0279235840,9.7975158695,-0.0219726563,0.0007269965,-0.0000000000,0.0000000000
557765.3400230510,0.0277709961,9.7994995120,-0.0122070313,-0.0010959201,0.0000651042,-0.0000108507
557765.3500230510,0.0283813477,9.7952270511,-0.0338745117,0.0006076389,0.0000542535,0.0000000000
557765.3600230520,0.0279235840,9.7993469241,-0.0103759766,-0.0000434028,0.0000108507,0.0000108507
557765.3700230520,0.0276184082,9.7978210452,-0.0241088867,-0.0007052951,0.0000217014,0.0000108507
557765.3800230520,0.0282287598,9.7964477542,-0.0268554688,0.0009006076,0.0000217014,0.0000000000
557765.3900230520,0.0283813477,9.8004150394,-0.0094604492,-0.0008572049,0.0000434028,0.0000000000
557765.4000230520,0.0282287598,9.7953796390,-0.0332641602,0.0001410590,0.0000217014,0.0000000000
557765.4100230520,0.0279235840,9.7985839847,-0.0143432617,0.0003689236,-0.0000000000,0.0000000000
557765.4200230520,0.0279235840,9.7984313968,-0.0172424316,-0.0009765625,0.0000651042,0.0000000000
557765.4300230520,0.0282287598,9.7959899906,-0.0326538086,0.0008897569,-0.0000000000,0.0000108507
557765.4400230520,0.0285339355,9.8004150394,-0.0093078613,-0.0004991319,0.0000868056,0.0000108507
557765.4500230520,0.0276184082,9.7959899906,-0.0305175781,-0.0002929687,0.0000434028,-0.0000217014
557765.4600230519,0.0280761719,9.7976684574,-0.0205993652,0.0007161458,-0.0000217014,-0.0000108507
557765.4700230520,0.0271606445,9.7999572757,-0.0125122070,-0.0010850694,0.0000868056,-0.0000108507
557765.4800230520,0.0283813477,9.7953796390,-0.0347900391,0.0006293403,-0.0000000000,0.0000000000
557765.4900230520,0.0280761719,9.7993469241,-0.0100708008,-0.0000542535,0.0000217014,0.0000108507
557765.5000230520,0.0280761719,9.7973632816,-0.0248718262,-0.0007269965,0.0000651042,-0.0000108507
557765.5100230520,0.0273132324,9.7975158695,-0.0288391113,0.0009548611,-0.0000542535,0.0000108507
557765.5200230520,0.0289916992,9.8002624515,-0.0088500977,-0.0008789062,0.0001085069,-0.0000108507
557765.5300230520,0.0280761719,9.7950744632,-0.0328063965,0.0001519097,0.0000434028,-0.0000108507
557765.5400230520,0.0273132324,9.7991943363,-0.0149536133,0.0003580729,0.0000217014,0.0000000000
557765.5500230520,0.0276184082,9.7993469241,-0.0183105469,-0.0009874132,0.0000217014,0.0000217014
557765.5600230520,0.0285339355,9.7961425784,-0.0315856934,0.0008680556,0.0000325521,0.0000000000
557765.5700230520,0.0285339355,9.8002624515,-0.0090026855,-0.0005316840,0.0000434028,0.0000000000
557765.5800230521,0.0283813477,9.7964477542,-0.0306701660,-0.0002495660,0.0000325521,0.0000000000
557765.5900230519,0.0268554688,9.7972106937,-0.0199890137,0.0007269965,-0.0000000000,0.0000000000
557765.6000230520,0.0268554688,9.7994995120,-0.0119018555,-0.0010959201,0.0000434028,0.0000000000
557765.6100230520,0.0288391113,9.7953796390,-0.0350952148,0.0006184896,0.0000325521,0.0000000000
557765.6200230520,0.0285339355,9.7998046878,-0.0105285645,-0.0000325521,0.0000434028,0.0000000000
557765.6300230520,0.0268554688,9.7981262210,-0.0230407715,-0.0007921007,0.0000325521,0.0000108507
557765.6400230520,0.0277709961,9.7959899906,-0.0271606445,0.0009874132,0.0000108507,0.0000108507
557765.6500230520,0.0291442871,9.8007202152,-0.0085449219,-0.0008246528,0.0000325521,0.0000000000
557765.6600230520,0.0285339355,9.7962951663,-0.0341796875,0.0000000000,0.0000325521,0.0000000000
557765.6700230520,0.0277709961,9.7985839847,-0.0158691406,0.0005316840,0.0000868056,0.0000108507
557765.6800230520,0.0274658203,9.7982788089,-0.0158691406,-0.0010742187,-0.0000000000,0.0000000000
557765.6900230520,0.0286865234,9.7956848148,-0.0335693359,0.0008138021,0.0000325521,0.0000000000
557765.7000230520,0.0288391113,9.8016357425,-0.0096130371,-0.0002929687,0.0000325521,0.0000000000
557765.7100230519,0.0271606445,9.7969055179,-0.0273132324,-0.0005425347,0.0000217014,0.0000000000
557765.7200230520,0.0274658203,9.7966003421,-0.0236511230,0.0008789062,0.0000434028,0.0000000000
557765.7300230520,0.0280761719,9.8002624515,-0.0108337402,-0.0009982639,0.0000217014,0.0000000000
557765.7400230520,0.0291442871,9.7955322269,-0.0344848633,0.0003146701,0.0000325521,0.0000000000
557765.7500230520,0.0283813477,9.7990417484,-0.0138854980,0.0002821181,0.0000325521,0.0000000000
557765.7600230520,0.0267028809,9.7982788089,-0.0192260742,-0.0009982639,0.0000651042,0.0000108507
557765.7700230520,0.0279235840,9.7959899906,-0.0309753418,0.0009548611,0.0000325521,0.0000108507
557765.7800230520,0.0285339355,9.8007202152,-0.0076293945,-0.0005967882,0.0000434028,-0.0000108507
557765.7900230520,0.0282287598,9.7955322269,-0.0296020508,-0.0002929687,0.0000108507,-0.0000108507
557765.8000230520,0.0271606445,9.7976684574,-0.0209045410,0.0007161458,0.0000108507,0.0000000000
557765.8100230520,0.0279235840,9.7994995120,-0.0125122070,-0.0010416667,0.0000325521,0.0000000000
557765.8200230520,0.0282287598,9.7952270511,-0.0344848633,0.0006076389,0.0000325521,0.0000000000
557765.8300230521,0.0279235840,9.7994995120,-0.0106811523,-0.0000108507,0.0000325521,0.0000000000
557765.8400230519,0.0273132324,9.7979736331,-0.0231933594,-0.0007595486,0.0000434028,0.0000000000
557765.8500230520,0.0280761719,9.7961425784,-0.0276184082,0.0009006076,0.0000217014,0.0000000000
557765.8600230520,0.0285339355,9.7994995120,-0.0083923340,-0.0008246528,0.0000434028,-0.0000108507
557765.8700230520,0.0282287598,9.7955322269,-0.0332641602,0.0000868056,0.0000108507,0.0000000000
557765.8800230520,0.0273132324,9.7985839847,-0.0167846680,0.0005208333,0.0000217014,0.0000000000
557765.8900230520,0.0273132324,9.7993469241,-0.0169372559,-0.0010525174,0.0000651042,0.0000108507
557765.9000230520,0.0282287598,9.7956848148,-0.0326538086,0.0008138021,-0.0000000000,0.0000000000
557765.9100230520,0.0282287598,9.7998046878,-0.0076293945,-0.0003363715,0.0000434028,-0.0000108507
557765.9200230520,0.0274658203,9.7970581058,-0.0283813477,-0.0005316840,0.0000651042,-0.0000108507
557765.9300230520,0.0268554688,9.7970581058,-0.0253295898,0.0008789062,-0.0000000000,0.0000000000
557765.9400230520,0.0286865234,9.7998046878,-0.0103759766,-0.0010416667,0.0000434028,-0.0000108507
557765.9500230520,0.0289916992,9.7953796390,-0.0337219238,0.0004014757,0.0000217014,0.0000108507
557765.9600230519,0.0279235840,9.7996520999,-0.0120544434,0.0002061632,0.0000108507,0.0000108507
557765.9700230520,0.0263977051,9.7981262210,-0.0207519531,-0.0009006076,0.0000651042,0.0000108507
557765.9800230520,0.0280761719,9.7966003421,-0.0303649902,0.0009223090,0.0000217014,0.0000000000
557765.9900230520,0.0289916992,9.8002624515,-0.0068664551,-0.0007269965,0.0000217014,0.0000000000
