t(s),acc_x,acc_y,acc_z,gyro_x,gyro_y,gyro_z
557661.0000229540,0.0276184082,9.8004150394,-0.0077819824,-0.0008029514,0.0000434028,-0.0000108507
557661.0100229540,0.0276184082,9.7950744632,-0.0334167480,0.0001085069,0.0000217014,0.0000000000
557661.0200229540,0.0289916992,9.7984313968,-0.0167846680,0.0004340278,0.0000108507,0.0000000000
557661.0300229540,0.0271606445,9.7990417484,-0.0173950195,-0.0010633681,0.0000651042,-0.0000108507
557661.0400229540,0.0276184082,9.7959899906,-0.0315856934,0.0008463542,-0.0000000000,0.0000108507
557661.0500229540,0.0274658203,9.8005676273,-0.0086975098,-0.0003906250,0.0000325521,0.0000000000
557661.0600229540,0.0282287598,9.7973632816,-0.0300598145,-0.0004123264,0.0000434028,0.0000000000
557661.0700229540,0.0283813477,9.7972106937,-0.0224304199,0.0008246528,0.0000108507,0.0000000000
557661.0800229540,0.0280761719,9.7999572757,-0.0111389160,-0.0010091146,0.0000651042,-0.0000108507
557661.0900229540,0.0273132324,9.7955322269,-0.0350952148,0.0005208333,0.0000325521,0.0000000000
557661.1000229541,0.0276184082,9.7998046878,-0.0117492676,0.0000108507,0.0000217014,0.0000108507
557661.1100229539,0.0292968750,9.7979736331,-0.0221252441,-0.0008355035,0.0000434028,0.0000108507
557661.1200229540,0.0277709961,9.7969055179,-0.0283813477,0.0009765625,-0.0000000000,0.0000000000
557661.1300229540,0.0259399414,9.8002624515,-0.0094604492,-0.0007921007,0.0000434028,0.0000000000
557661.1400229540,0.0280761719,9.7961425784,-0.0323486328,0.0000325521,0.0000434028,0.0000108507
557661.1500229540,0.0285339355,9.7979736331,-0.0173950195,0.0005533854,0.0000217014,-0.0000108507
557661.1600229540,0.0271606445,9.7994995120,-0.0149536133,-0.0010850694,0.0000434028,-0.0000108507
557661.1700229540,0.0260925293,9.7952270511,-0.0338745117,0.0007595486,0.0000108507,0.0000108507
557661.1800229540,0.0292968750,9.7999572757,-0.0085449219,-0.0002929687,0.0000217014,0.0000000000
557661.1900229540,0.0292968750,9.7972106937,-0.0259399414,-0.0004991319,0.0000434028,0.0000000000
557661.2000229540,0.0273132324,9.7969055179,-0.0241088867,0.0008246528,0.0000108507,0.0000000000
557661.2100229550,0.0270080566,9.8002624515,-0.0119018555,-0.0009548611,0.0000325521,0.0000000000
557661.2200229550,0.0288391113,9.7950744632,-0.0346374512,0.0004014757,0.0000434028,0.0000000000
557661.2300229550,0.0289916992,9.7999572757,-0.0106811523,0.0000651042,0.0000108507,0.0000000000
557661.2400229550,0.0267028809,9.7976684574,-0.0225830078,-0.0008138021,0.0000325521,0.0000000000
557661.2500229550,0.0270080566,9.7966003421,-0.0288391113,0.0009223090,0.0000108507,0.0000108507
557661.2600229550,0.0277709961,9.8005676273,-0.0090026855,-0.0007703993,0.0000434028,0.0000108507
557661.2700229550,0.0292968750,9.7961425784,-0.0329589844,0.0000651042,0.0000325521,0.0000000000
557661.2800229550,0.0283813477,9.7987365726,-0.0167846680,0.0005208333,0.0000217014,0.0000000000
557661.2900229550,0.0265502930,9.7994995120,-0.0158691406,-0.0010850694,0.0000325521,-0.0000217014
557661.3000229551,0.0276184082,9.7950744632,-0.0335693359,0.0008138021,0.0000217014,0.0000108507
557661.3100229549,0.0288391113,9.8002624515,-0.0080871582,-0.0003255208,0.0000325521,0.0000000000
557661.3200229550,0.0289916992,9.7967529300,-0.0276184082,-0.0005533854,0.0000325521,-0.0000108507
557661.3300229550,0.0267028809,9.7972106937,-0.0254821777,0.0009006076,0.0000217014,0.0000000000
557661.3400229550,0.0273132324,9.8001098636,-0.0106811523,-0.0009874132,0.0000434028,0.0000108507
557661.3500229550,0.0294494629,9.7955322269,-0.0332641602,0.0003689236,0.0000325521,0.0000000000
557661.3600229550,0.0291442871,9.7993469241,-0.0129699707,0.0001953125,0.0000325521,-0.0000108507
557661.3700229550,0.0263977051,9.7979736331,-0.0207519531,-0.0008897569,0.0000325521,0.0000108507
557661.3800229550,0.0273132324,9.7958374027,-0.0303649902,0.0008463542,0.0000217014,0.0000108507
557661.3900229550,0.0294494629,9.8005676273,-0.0077819824,-0.0006510417,0.0000217014,0.0000108507
557661.4000229550,0.0289916992,9.7962951663,-0.0320434570,-0.0000759549,0.0000434028,-0.0000217014
557661.4100229550,0.0267028809,9.7981262210,-0.0196838379,0.0006618924,0.0000108507,0.0000000000
557661.4200229550,0.0263977051,9.7993469241,-0.0131225586,-0.0011067708,0.0000651042,0.0000000000
557661.4300229551,0.0286865234,9.7953796390,-0.0331115723,0.0007161458,0.0000108507,0.0000000000
557661.4400229550,0.0285339355,9.7999572757,-0.0088500977,-0.0002061632,0.0000325521,0.0000000000
557661.4500229550,0.0279235840,9.7973632816,-0.0265502930,-0.0006293403,0.0000325521,0.0000000000
557661.4600229550,0.0267028809,9.7967529300,-0.0260925293,0.0009223090,0.0000217014,0.0000000000
557661.4700229550,0.0285339355,9.8004150394,-0.0090026855,-0.0009548611,0.0000759549,-0.0000217014
557661.4800229550,0.0289916992,9.7958374027,-0.0338745117,0.0003146701,0.0000217014,0.0000000000
557661.4900229550,0.0273132324,9.7994995120,-0.0131225586,0.0002821181,0.0000108507,0.0000108507
557661.5000229550,0.0268554688,9.7987365726,-0.0196838379,-0.0009982639,0.0000651042,0.0000000000
557661.5100229550,0.0283813477,9.7956848148,-0.0317382813,0.0009223090,-0.0000000000,0.0000217014
557661.5200229550,0.0292968750,9.8005676273,-0.0074768066,-0.0005967882,0.0000651042,0.0000000000
557661.5300229550,0.0279235840,9.7961425784,-0.0318908691,-0.0001953125,0.0000325521,-0.0000217014
557661.5400229550,0.0267028809,9.7981262210,-0.0193786621,0.0006618924,0.0000108507,0.0000000000
557661.5500229551,0.0280761719,9.7996520999,-0.0132751465,-0.0010633681,0.0000434028,0.0000000000
557661.5600229549,0.0296020508,9.7953796390,-0.0335693359,0.0007052951,0.0000108507,0.0000000000
557661.5700229550,0.0285339355,9.8002624515,-0.0103759766,-0.0002170139,0.0000217014,0.0000000000
557661.5800229550,0.0270080566,9.7976684574,-0.0262451172,-0.0006184896,0.0000651042,0.0000108507
557661.5900229550,0.0279235840,9.7964477542,-0.0241088867,0.0009006076,0.0000108507,0.0000108507
557661.6000229550,0.0280761719,9.8005676273,-0.0091552734,-0.0009548611,0.0000651042,-0.0000108507
557661.6100229550,0.0282287598,9.7953796390,-0.0332641602,0.0003472222,0.0000325521,-0.0000108507
557661.6200229550,0.0276184082,9.7993469241,-0.0128173828,0.0002278646,0.0000217014,0.0000000000
557661.6300229550,0.0283813477,9.7973632816,-0.0215148926,-0.0009331597,0.0000325521,0.0000108507
557661.6400229550,0.0280761719,9.7962951663,-0.0300598145,0.0008789062,0.0000217014,0.0000000000
557661.6500229550,0.0274658203,9.8004150394,-0.0077819824,-0.0006293403,0.0000217014,-0.0000108507
557661.6600229550,0.0273132324,9.7961425784,-0.0315856934,-0.0000976562,0.0000325521,0.0000000000
557661.6700229550,0.0279235840,9.7984313968,-0.0186157227,0.0006401910,0.0000325521,0.0000000000
557661.6800229551,0.0279235840,9.7990417484,-0.0146484375,-0.0010525174,0.0000434028,-0.0000217014
557661.6900229550,0.0283813477,9.7955322269,-0.0341796875,0.0007161458,0.0000217014,0.0000000000
557661.7000229550,0.0276184082,9.7998046878,-0.0086975098,-0.0002278646,0.0000217014,0.0000108507
557661.7100229550,0.0271606445,9.7975158695,-0.0270080566,-0.0005750868,0.0000325521,0.0000000000
557661.7200229550,0.0288391113,9.7967529300,-0.0244140625,0.0008897569,0.0000108507,0.0000108507
557661.7300229550,0.0289916992,9.8001098636,-0.0100708008,-0.0009765625,0.0000651042,-0.0000108507
557661.7400229550,0.0279235840,9.7952270511,-0.0341796875,0.0004123264,0.0000434028,0.0000000000
557661.7500229550,0.0274658203,9.7994995120,-0.0143432617,0.0001736111,0.0000108507,0.0000000000
557661.7600229550,0.0274658203,9.7981262210,-0.0215148926,-0.0009223090,0.0000325521,0.0000108507
557661.7700229550,0.0288391113,9.7958374027,-0.0279235840,0.0009331597,0.0000108507,0.0000108507
557661.7800229550,0.0285339355,9.8005676273,-0.0079345703,-0.0007161458,0.0000325521,0.0000000000
557661.7900229550,0.0277709961,9.7958374027,-0.0334167480,-0.0000651042,0.0000325521,0.0000000000
557661.8000229551,0.0270080566,9.7982788089,-0.0177001953,0.0006184896,0.0000108507,0.0000000000
557661.8100229549,0.0288391113,9.7996520999,-0.0146484375,-0.0010633681,0.0000651042,-0.0000108507
557661.8200229550,0.0288391113,9.7956848148,-0.0337219238,0.0007812500,0.0000217014,0.0000000000
557661.8300229550,0.0279235840,9.8002624515,-0.0094604492,-0.0003255208,0.0000325521,-0.0000108507
557661.8400229550,0.0274658203,9.7969055179,-0.0267028809,-0.0005750868,0.0000325521,0.0000000000
557661.8500229550,0.0291442871,9.7967529300,-0.0236511230,0.0009114583,0.0000108507,0.0000000000
557661.8600229550,0.0286865234,9.7999572757,-0.0106811523,-0.0009765625,0.0000651042,-0.0000108507
557661.8700229550,0.0268554688,9.7956848148,-0.0363159180,0.0003580729,0.0000108507,0.0000000000
557661.8800229550,0.0273132324,9.7996520999,-0.0123596191,0.0002929687,0.0000108507,0.0000000000
557661.8900229550,0.0279235840,9.7987365726,-0.0173950195,-0.0010525174,0.0000434028,0.0000000000
557661.9000229550,0.0285339355,9.7956848148,-0.0326538086,0.0009657118,0.0000217014,0.0000000000
557661.9100229550,0.0283813477,9.8002624515,-0.0077819824,-0.0005642361,0.0000325521,-0.0000108507
557661.9200229550,0.0270080566,9.7962951663,-0.0291442871,-0.0003363715,0.0000651042,0.0000000000
557661.9300229551,0.0274658203,9.7969055179,-0.0221252441,0.0008246528,0.0000217014,0.0000000000
557661.9400229550,0.0282287598,9.7990417484,-0.0123596191,-0.0010416667,0.0000434028,-0.0000108507
557661.9500229550,0.0289916992,9.7953796390,-0.0338745117,0.0005208333,0.0000217014,0.0000000000
557661.9600229550,0.0274658203,9.7993469241,-0.0111389160,0.0000217014,0.0000325521,0.0000000000
557661.9700229550,0.0271606445,9.7978210452,-0.0218200684,-0.0008355035,0.0000651042,-0.0000108507
557661.9800229550,0.0282287598,9.7964477542,-0.0285339355,0.0009657118,0.0000108507,0.0000108507
557661.9900229550,0.0282287598,9.8007202152,-0.0082397461,-0.0007921007,0.0000325521,-0.0000108507
557662.0000229550,0.0283813477,9.7953796390,-0.0328063965,0.0000325521,0.0000325521,0.0000000000
557662.0100229550,0.0276184082,9.7985839847,-0.0166320801,0.0005642361,-0.0000000000,0.0000000000
557662.0200229550,0.0274658203,9.7991943363,-0.0155639648,-0.0010959201,0.0000434028,0.0000000000
557662.0300229550,0.0279235840,9.7952270511,-0.0337219238,0.0007486979,0.0000325521,0.0000000000
557662.0400229550,0.0280761719,9.8005676273,-0.0083923340,-0.0003146701,0.0000325521,0.0000000000
557662.0500229551,0.0271606445,9.7966003421,-0.0274658203,-0.0005533854,0.0000434028,-0.0000108507
557662.0600229549,0.0283813477,9.7966003421,-0.0251770020,0.0009331597,-0.0000000000,0.0000000000
557662.0700229550,0.0274658203,9.7999572757,-0.0105285645,-0.0010091146,0.0000434028,-0.0000108507
557662.0800229550,0.0283813477,9.7958374027,-0.0349426270,0.0003255208,0.0000434028,0.0000000000
557662.0900229550,0.0283813477,9.7982788089,-0.0119018555,0.0003038194,0.0000217014,0.0000000000
557662.1000229550,0.0268554688,9.7990417484,-0.0193786621,-0.0010091146,0.0000434028,-0.0000108507
557662.1100229550,0.0274658203,9.7953796390,-0.0328063965,0.0009114583,0.0000108507,0.0000108507
557662.1200229550,0.0283813477,9.8002624515,-0.0074768066,-0.0005642361,0.0000434028,0.0000108507
557662.1300229550,0.0283813477,9.7961425784,-0.0299072266,-0.0002821181,0.0000325521,0.0000000000
557662.1400229550,0.0280761719,9.7982788089,-0.0210571289,0.0008029514,0.0000217014,0.0000000000
557662.1500229550,0.0270080566,9.7991943363,-0.0120544434,-0.0010959201,0.0000434028,0.0000000000
557662.1600229550,0.0283813477,9.7953796390,-0.0343322754,0.0005750868,-0.0000000000,0.0000108507
557662.1700229550,0.0282287598,9.7998046878,-0.0109863281,0.0000217014,0.0000325521,0.0000000000
557662.1800229551,0.0271606445,9.7975158695,-0.0242614746,-0.0008463542,0.0000651042,0.0000108507
557662.1900229550,0.0279235840,9.7964477542,-0.0277709961,0.0009765625,0.0000217014,0.0000000000
557662.2000229550,0.0277709961,9.8001098636,-0.0070190430,-0.0008029514,0.0000325521,-0.0000108507
557662.2100229550,0.0283813477,9.7956848148,-0.0328063965,0.0000651042,0.0000217014,0.0000000000
557662.2200229550,0.0276184082,9.7988891605,-0.0177001953,0.0004882812,0.0000217014,0.0000000000
557662.2300229550,0.0277709961,9.7994995120,-0.0169372559,-0.0010850694,0.0000651042,0.0000000000
557662.2400229550,0.0286865234,9.7953796390,-0.0331115723,0.0008138021,0.0000108507,0.0000000000
557662.2500229550,0.0282287598,9.8005676273,-0.0071716309,-0.0002929687,0.0000325521,0.0000000000
557662.2600229550,0.0270080566,9.7970581058,-0.0292968750,-0.0005425347,0.0000759549,0.0000108507
557662.2700229550,0.0276184082,9.7972106937,-0.0248718262,0.0008897569,0.0000108507,0.0000000000
557662.2800229550,0.0279235840,9.8002624515,-0.0093078613,-0.0010091146,0.0000434028,0.0000108507
557662.2900229560,0.0282287598,9.7949218753,-0.0343322754,0.0004014757,0.0000217014,0.0000108507
557662.3000229560,0.0277709961,9.7996520999,-0.0140380859,0.0001519097,0.0000325521,-0.0000108507
557662.3100229560,0.0277709961,9.7976684574,-0.0215148926,-0.0009223090,0.0000651042,0.0000108507
557662.3200229560,0.0279235840,9.7967529300,-0.0280761719,0.0009331597,-0.0000000000,0.0000000000
557662.3300229560,0.0279235840,9.8005676273,-0.0076293945,-0.0006618924,0.0000651042,-0.0000108507
557662.3400229560,0.0279235840,9.7959899906,-0.0332641602,-0.0001302083,0.0000325521,0.0000000000
557662.3500229560,0.0286865234,9.7981262210,-0.0181579590,0.0006944444,-0.0000000000,0.0000000000
557662.3600229560,0.0270080566,9.7993469241,-0.0120544434,-0.0011284722,0.0000868056,0.0000000000
557662.3700229560,0.0280761719,9.7950744632,-0.0355529785,0.0006727431,-0.0000000000,0.0000000000
557662.3800229559,0.0276184082,9.8001098636,-0.0111389160,-0.0001519097,0.0000325521,0.0000108507
557662.3900229560,0.0279235840,9.7970581058,-0.0241088867,-0.0006401910,0.0000651042,-0.0000108507
557662.4000229560,0.0276184082,9.7970581058,-0.0241088867,0.0009223090,-0.0000000000,0.0000000000
557662.4100229560,0.0283813477,9.8005676273,-0.0115966797,-0.0009114583,0.0000325521,-0.0000108507
557662.4200229560,0.0286865234,9.7953796390,-0.0347900391,0.0002604167,0.0000217014,0.0000000000
557662.4300229560,0.0277709961,9.7991943363,-0.0129699707,0.0002604167,0.0000217014,0.0000000000
557662.4400229560,0.0276184082,9.7985839847,-0.0187683105,-0.0009548611,0.0000651042,-0.0000108507
557662.4500229560,0.0277709961,9.7958374027,-0.0311279297,0.0009331597,0.0000108507,0.0000000000
557662.4600229560,0.0282287598,9.7999572757,-0.0096130371,-0.0006510417,0.0000217014,-0.0000108507
557662.4700229560,0.0280761719,9.7958374027,-0.0309753418,-0.0001410590,0.0000651042,0.0000000000
557662.4800229560,0.0277709961,9.7979736331,-0.0184631348,0.0006618924,0.0000217014,0.0000000000
557662.4900229560,0.0276184082,9.7996520999,-0.0144958496,-0.0010633681,0.0000434028,0.0000000000
557662.5000229561,0.0276184082,9.7950744632,-0.0347900391,0.0006727431,0.0000325521,0.0000108507
557662.5100229559,0.0285339355,9.7994995120,-0.0088500977,-0.0002387153,0.0000108507,0.0000108507
557662.5200229560,0.0273132324,9.7970581058,-0.0245666504,-0.0006184896,0.0000434028,0.0000000000
557662.5300229560,0.0283813477,9.7964477542,-0.0260925293,0.0009331597,0.0000108507,0.0000000000
557662.5400229560,0.0282287598,9.8005676273,-0.0103759766,-0.0009331597,0.0000434028,0.0000000000
557662.5500229560,0.0286865234,9.7953796390,-0.0349426270,0.0002604167,0.0000325521,-0.0000108507
557662.5600229560,0.0276184082,9.7994995120,-0.0128173828,0.0002821181,0.0000325521,0.0000000000
557662.5700229560,0.0270080566,9.7984313968,-0.0187683105,-0.0009657118,0.0000325521,0.0000217014
557662.5800229560,0.0288391113,9.7956848148,-0.0318908691,0.0009223090,0.0000325521,0.0000000000
557662.5900229560,0.0286865234,9.8007202152,-0.0085449219,-0.0006293403,0.0000325521,-0.0000108507
557662.6000229560,0.0273132324,9.7959899906,-0.0306701660,-0.0001627604,0.0000217014,0.0000000000
557662.6100229560,0.0276184082,9.7976684574,-0.0198364258,0.0006944444,0.0000217014,0.0000000000
557662.6200229560,0.0288391113,9.7984313968,-0.0144958496,-0.0010742187,0.0000651042,-0.0000108507
557662.6300229559,0.0280761719,9.7946166995,-0.0346374512,0.0006510417,0.0000108507,0.0000000000
557662.6400229560,0.0268554688,9.8001098636,-0.0077819824,-0.0000651042,0.0000434028,0.0000000000
557662.6500229560,0.0276184082,9.7976684574,-0.0248718262,-0.0007269965,0.0000434028,0.0000108507
557662.6600229560,0.0294494629,9.7959899906,-0.0283813477,0.0009657118,0.0000108507,0.0000000000
557662.6700229560,0.0292968750,9.7999572757,-0.0090026855,-0.0008789062,0.0000434028,-0.0000325521
557662.6800229560,0.0268554688,9.7959899906,-0.0326538086,0.0001302083,0.0000325521,-0.0000108507
557662.6900229560,0.0267028809,9.7988891605,-0.0146484375,0.0004340278,0.0000217014,0.0000000000
557662.7000229560,0.0288391113,9.7987365726,-0.0173950195,-0.0010525174,0.0000759549,0.0000108507
557662.7100229560,0.0292968750,9.7947692874,-0.0332641602,0.0008789062,-0.0000000000,0.0000000000
557662.7200229560,0.0268554688,9.7999572757,-0.0071716309,-0.0004882812,0.0000325521,-0.0000108507
557662.7300229560,0.0262451172,9.7966003421,-0.0299072266,-0.0003580729,0.0000651042,0.0000000000
557662.7400229560,0.0288391113,9.7973632816,-0.0216674805,0.0008029514,0.0000108507,0.0000000000
557662.7500229561,0.0296020508,9.7990417484,-0.0105285645,-0.0010633681,0.0000651042,0.0000000000
557662.7600229559,0.0283813477,9.7944641116,-0.0344848633,0.0004991319,0.0000108507,-0.0000108507
557662.7700229560,0.0265502930,9.7990417484,-0.0120544434,0.0000434028,0.0000217014,0.0000108507
557662.7800229560,0.0279235840,9.7978210452,-0.0225830078,-0.0008463542,0.0000759549,0.0000108507
557662.7900229560,0.0294494629,9.7966003421,-0.0292968750,0.0009657118,-0.0000000000,0.0000000000
557662.8000229560,0.0276184082,9.7999572757,-0.0080871582,-0.0007703993,0.0000434028,0.0000000000
557662.8100229560,0.0273132324,9.7956848148,-0.0325012207,-0.0000325521,0.0000434028,0.0000000000
557662.8200229560,0.0277709961,9.7982788089,-0.0175476074,0.0006184896,0.0000217014,0.0000000000
557662.8300229560,0.0280761719,9.7993469241,-0.0152587891,-0.0011393229,0.0000325521,0.0000000000
557662.8400229560,0.0286865234,9.7950744632,-0.0354003906,0.0007161458,0.0000434028,0.0000000000
557662.8500229560,0.0274658203,9.7998046878,-0.0086975098,-0.0001519097,0.0000108507,0.0000000000
557662.8600229560,0.0274658203,9.7978210452,-0.0256347656,-0.0007052951,0.0000325521,0.0000108507
557662.8700229560,0.0276184082,9.7966003421,-0.0274658203,0.0009874132,0.0000325521,0.0000000000
557662.8800229559,0.0292968750,9.7999572757,-0.0071716309,-0.0009331597,0.0000434028,0.0000000000
557662.8900229560,0.0283813477,9.7955322269,-0.0337219238,0.0001736111,0.0000217014,0.0000108507
557662.9000229560,0.0267028809,9.7987365726,-0.0163269043,0.0003797743,0.0000217014,0.0000000000
557662.9100229560,0.0279235840,9.7987365726,-0.0178527832,-0.0010199653,0.0000325521,0.0000108507
557662.9200229560,0.0277709961,9.7964477542,-0.0317382813,0.0008680556,0.0000108507,0.0000000000
557662.9300229560,0.0285339355,9.8011779788,-0.0086975098,-0.0004557292,0.0000434028,-0.0000325521
557662.9400229560,0.0270080566,9.7962951663,-0.0286865234,-0.0003363715,0.0000434028,0.0000000000
557662.9500229560,0.0279235840,9.7976684574,-0.0233459473,0.0008138021,0.0000108507,0.0000108507
557662.9600229560,0.0286865234,9.8002624515,-0.0111389160,-0.0010850694,0.0000759549,0.0000000000
557662.9700229560,0.0279235840,9.7950744632,-0.0347900391,0.0005316840,0.0000108507,0.0000000000
557662.9800229560,0.0282287598,9.7993469241,-0.0111389160,0.0000434028,0.0000217014,-0.0000217014
557662.9900229560,0.0273132324,9.7978210452,-0.0225830078,-0.0008355035,0.0000434028,0.0000000000
557663.0000229561,0.0282287598,9.7958374027,-0.0283813477,0.0009874132,0.0000217014,0.0000000000
557663.0100229559,0.0285339355,9.8005676273,-0.0086975098,-0.0007921007,0.0000325521,-0.0000108507
557663.0200229560,0.0285339355,9.7958374027,-0.0334167480,-0.0000325521,0.0000434028,0.0000108507
557663.0300229560,0.0280761719,9.7988891605,-0.0181579590,0.0005750868,0.0000108507,-0.0000108507
557663.0400229560,0.0271606445,9.7996520999,-0.0144958496,-0.0010959201,0.0000434028,0.0000217014
557663.0500229560,0.0283813477,9.7953796390,-0.0338745117,0.0008138021,0.0000217014,0.0000108507
557663.0600229560,0.0282287598,9.8004150394,-0.0085449219,-0.0002821181,0.0000325521,0.0000000000
557663.0700229560,0.0282287598,9.7964477542,-0.0263977051,-0.0005750868,0.0000434028,-0.0000108507
557663.0800229560,0.0279235840,9.7969055179,-0.0254821777,0.0009114583,0.0000217014,0.0000000000
557663.0900229560,0.0277709961,9.8004150394,-0.0097656250,-0.0009765625,0.0000325521,0.0000000000
557663.1000229560,0.0282287598,9.7956848148,-0.0344848633,0.0002821181,0.0000325521,0.0000108507
557663.1100229560,0.0282287598,9.7993469241,-0.0131225586,0.0002712674,0.0000108507,0.0000000000
557663.1200229560,0.0276184082,9.7988891605,-0.0190734863,-0.0009331597,0.0000217014,0.0000000000
557663.1300229559,0.0276184082,9.7966003421,-0.0306701660,0.0009223090,0.0000434028,0.0000000000
557663.1400229560,0.0289916992,9.8008728031,-0.0079345703,-0.0006293403,0.0000434028,0.0000000000
557663.1500229560,0.0285339355,9.7956848148,-0.0325012207,-0.0001844618,0.0000434028,0.0000000000
557663.1600229560,0.0274658203,9.7985839847,-0.0189208984,0.0006510417,0.0000325521,0.0000000000
557663.1700229560,0.0263977051,9.7994995120,-0.0123596191,-0.0011067708,0.0000651042,0.0000000000
557663.1800229560,0.0282287598,9.7958374027,-0.0349426270,0.0007052951,-0.0000000000,0.0000108507
557663.1900229560,0.0289916992,9.7999572757,-0.0099182129,-0.0001410590,0.0000434028,0.0000000000
557663.2000229560,0.0276184082,9.7976684574,-0.0253295898,-0.0006618924,0.0000434028,-0.0000108507
557663.2100229560,0.0268554688,9.7961425784,-0.0265502930,0.0009765625,-0.0000000000,0.0000000000
557663.2200229560,0.0260925293,9.8002624515,-0.0094604492,-0.0009548611,0.0000651042,0.0000108507
557663.2300229560,0.0296020508,9.7955322269,-0.0343322754,0.0001410590,-0.0000000000,0.0000000000
557663.2400229560,0.0289916992,9.7991943363,-0.0146484375,0.0004557292,0.0000217014,-0.0000108507
557663.2500229561,0.0267028809,9.7987365726,-0.0161743164,-0.0010742187,0.0000759549,0.0000000000
557663.2600229559,0.0267028809,9.7958374027,-0.0343322754,0.0008789062,-0.0000000000,0.0000000000
557663.2700229560,0.0292968750,9.8005676273,-0.0074768066,-0.0003363715,0.0000325521,0.0000217014
557663.2800229560,0.0288391113,9.7970581058,-0.0282287598,-0.0005642361,0.0000651042,0.0000000000
557663.2900229560,0.0276184082,9.7970581058,-0.0241088867,0.0009331597,0.0000108507,0.0000000000
557663.3000229560,0.0268554688,9.7999572757,-0.0096130371,-0.0010199653,0.0000325521,0.0000108507
557663.3100229560,0.0283813477,9.7952270511,-0.0355529785,0.0002712674,0.0000325521,0.0000108507
557663.3200229560,0.0291442871,9.7990417484,-0.0129699707,0.0003038194,0.0000325521,0.0000000000
557663.3300229560,0.0276184082,9.7987365726,-0.0183105469,-0.0009548611,0.0000434028,-0.0000108507
557663.3400229560,0.0265502930,9.7953796390,-0.0328063965,0.0009223090,-0.0001844618,0.0000000000
557663.3500229560,0.0280761719,9.8002624515,-0.0100708008,-0.0005859375,-0.0007921007,0.0000000000
557663.3600229570,0.0267028809,9.7966003421,-0.0306701660,-0.0003255208,-0.0030056424,0.0000000000
557663.3700229570,0.0256347656,9.7979736331,-0.0216674805,0.0007269965,-0.0048611111,0.0000000000
557663.3800229570,0.0270080566,9.7998046878,-0.0152587891,-0.0011067708,-0.0056966146,0.0000000000
557663.3900229570,0.0282287598,9.7955322269,-0.0347900391,0.0006076389,-0.0067165799,0.0000000000
557663.4000229570,0.0268554688,9.7998046878,-0.0122070313,-0.0001302083,-0.0076931424,0.0000000000
557663.4100229570,0.0276184082,9.7973632816,-0.0236511230,-0.0007703993,-0.0078776042,0.0000000000
557663.4200229570,0.0271606445,9.7964477542,-0.0279235840,0.0009657118,-0.0093098958,0.0000000000
557663.4300229570,0.0259399414,9.8007202152,-0.0122070313,-0.0009548611,-0.0098849826,0.0000000000
557663.4400229570,0.0277709961,9.7958374027,-0.0320434570,0.0000217014,-0.0106987847,0.0000000000
557663.4500229571,0.0280761719,9.7984313968,-0.0149536133,0.0004774306,-0.0116644965,0.0000217014
557663.4600229569,0.0277709961,9.7991943363,-0.0190734863,-0.0011067708,-0.0122612847,-0.0000108507
557663.4700229570,0.0256347656,9.7949218753,-0.0343322754,0.0007921007,-0.0134874132,-0.0000108507
557663.4800229570,0.0262451172,9.8004150394,-0.0080871582,-0.0005316840,-0.0145073785,0.0000000000
557663.4900229570,0.0285339355,9.7964477542,-0.0271606445,-0.0004991319,-0.0150499132,0.0000108507
557663.5000229570,0.0288391113,9.7970581058,-0.0242614746,0.0008138021,-0.0162217882,0.0000000000
557663.5100229570,0.0260925293,9.7996520999,-0.0135803223,-0.0011393229,-0.0170789931,0.0000000000
557663.5200229570,0.0263977051,9.7953796390,-0.0350952148,0.0003797743,-0.0177300347,0.0000108507
557663.5300229570,0.0271606445,9.7994995120,-0.0122070313,0.0001302083,-0.0189561632,0.0000108507
557663.5400229570,0.0288391113,9.7979736331,-0.0218200684,-0.0010091146,-0.0195421007,0.0000000000
557663.5500229570,0.0277709961,9.7959899906,-0.0321960449,0.0008789062,-0.0206163194,0.0000000000
557663.5600229570,0.0250244141,9.7998046878,-0.0077819824,-0.0008029514,-0.0214843750,0.0000000000
557663.5700229571,0.0263977051,9.7956848148,-0.0318908691,-0.0002387153,-0.0221028646,0.0000325521
557663.5800229569,0.0283813477,9.7985839847,-0.0212097168,0.0005642361,-0.0232638889,0.0000000000
557663.5900229570,0.0280761719,9.7994995120,-0.0151062012,-0.0011393229,-0.0240668403,0.0000000000
557663.6000229570,0.0256347656,9.7952270511,-0.0337219238,0.0005099826,-0.0246202257,0.0000217014
557663.6100229570,0.0267028809,9.7999572757,-0.0111389160,-0.0002061632,-0.0260416667,0.0000108507
557663.6200229570,0.0294494629,9.7972106937,-0.0236511230,-0.0008355035,-0.0265516493,0.0000108507
557663.6300229570,0.0280761719,9.7972106937,-0.0283813477,0.0007921007,-0.0274631076,0.0000000000
557663.6400229570,0.0265502930,9.8004150394,-0.0112915039,-0.0010091146,-0.0290039062,0.0000000000
557663.6500229570,0.0270080566,9.7950744632,-0.0318908691,0.0000759549,-0.0290690104,0.0000108507
557663.6600229570,0.0270080566,9.7990417484,-0.0167846680,0.0003146701,-0.0298719618,0.0000000000
557663.6700229570,0.0283813477,9.7990417484,-0.0196838379,-0.0011718750,-0.0311197917,0.0000000000
557663.6800229570,0.0280761719,9.7956848148,-0.0308227539,0.0007052951,-0.0314453125,0.0000000000
557663.6900229570,0.0250244141,9.7996520999,-0.0094604492,-0.0005859375,-0.0328125000,0.0000108507
557663.7000229571,0.0270080566,9.7962951663,-0.0306701660,-0.0005533854,-0.0339301215,0.0000217014
557663.7100229569,0.0302124023,9.7975158695,-0.0224304199,0.0006727431,-0.0339735243,0.0000000000
557663.7200229570,0.0254821777,9.7998046878,-0.0132751465,-0.0011935764,-0.0357096354,0.0000000000
557663.7300229570,0.0273132324,9.7953796390,-0.0326538086,0.0003472222,-0.0363932292,0.0000108507
557663.7400229570,0.0271606445,9.7991943363,-0.0120544434,-0.0000651042,-0.0369791667,0.0000217014
557663.7500229570,0.0270080566,9.7979736331,-0.0263977051,-0.0010199653,-0.0383138021,0.0000108507
557663.7600229570,0.0285339355,9.7958374027,-0.0276184082,0.0007595486,-0.0385308160,0.0000108507
557663.7700229570,0.0265502930,9.8001098636,-0.0097656250,-0.0009874132,-0.0396375868,0.0000217014
557663.7800229570,0.0273132324,9.7959899906,-0.0331115723,-0.0000759549,-0.0409613715,0.0000108507
557663.7900229570,0.0282287598,9.7981262210,-0.0178527832,0.0002929687,-0.0412109375,0.0000108507
557663.8000229570,0.0270080566,9.7988891605,-0.0181579590,-0.0012044271,-0.0423828125,0.0000108507
557663.8100229570,0.0273132324,9.7958374027,-0.0318908691,0.0006401910,-0.0434461806,0.0000325521
557663.8200229571,0.0282287598,9.7998046878,-0.0091552734,-0.0005533854,-0.0435438368,0.0000217014
557663.8300229569,0.0257873535,9.7962951663,-0.0303649902,-0.0007052951,-0.0452256944,0.0000217014
557663.8400229570,0.0276184082,9.7972106937,-0.0239562988,0.0006401910,-0.0458333333,0.0000000000
557663.8500229570,0.0277709961,9.7993469241,-0.0108337402,-0.0011827257,-0.0462673611,0.0000108507
557663.8600229570,0.0268554688,9.7953796390,-0.0344848633,0.0002170139,-0.0478732639,0.0000217014
557663.8700229570,0.0277709961,9.7994995120,-0.0141906738,0.0000000000,-0.0483832465,0.0000000000
557663.8800229570,0.0277709961,9.7982788089,-0.0215148926,-0.0011610243,-0.0485026042,0.0000000000
557663.8900229570,0.0268554688,9.7964477542,-0.0315856934,0.0006944444,-0.0506944444,0.0000217014
557663.9000229570,0.0280761719,9.8004150394,-0.0083923340,-0.0009548611,-0.0509006076,0.0000108507
557663.9100229570,0.0263977051,9.7959899906,-0.0325012207,-0.0002712674,-0.0518446181,0.0000108507
557663.9200229570,0.0263977051,9.7978210452,-0.0201416016,0.0004557292,-0.0529839410,0.0000217014
557663.9300229570,0.0277709961,9.7994995120,-0.0157165527,-0.0013454861,-0.0529947917,0.0000108507
557663.9400229570,0.0276184082,9.7953796390,-0.0350952148,0.0005099826,-0.0545789931,0.0000108507
557663.9500229571,0.0279235840,9.7996520999,-0.0093078613,-0.0004448785,-0.0555013021,0.0000000000
557663.9600229569,0.0256347656,9.7969055179,-0.0271606445,-0.0008789062,-0.0561197917,0.0000217014
557663.9700229570,0.0279235840,9.7967529300,-0.0274658203,0.0006835937,-0.0572808160,0.0000325521
557663.9800229570,0.0279235840,9.8001098636,-0.0102233887,-0.0012044271,-0.0580078125,0.0000000000
557663.9900229570,0.0270080566,9.7950744632,-0.0341796875,0.0000108507,-0.0589843750,0.0000217014
557664.0000229570,0.0282287598,9.7990417484,-0.0149536133,0.0001410590,-0.0596028646,0.0000217014
557664.0100229570,0.0267028809,9.7987365726,-0.0199890137,-0.0013129340,-0.0605577257,0.0000108507
557664.0200229570,0.0274658203,9.7955322269,-0.0337219238,0.0006510417,-0.0613606771,0.0000217014
557664.0300229570,0.0280761719,9.8008728031,-0.0074768066,-0.0008138021,-0.0624782986,0.0000217014
557664.0400229570,0.0273132324,9.7964477542,-0.0280761719,-0.0006184896,-0.0630859375,0.0000217014
557664.0500229570,0.0259399414,9.7972106937,-0.0236511230,0.0005642361,-0.0642252604,0.0000108507
557664.0600229570,0.0282287598,9.8002624515,-0.0134277344,-0.0013454861,-0.0647894965,0.0000108507
557664.0700229571,0.0285339355,9.7953796390,-0.0335693359,0.0002929687,-0.0655707465,0.0000108507
557664.0800229569,0.0263977051,9.7999572757,-0.0129699707,-0.0002278646,-0.0668402778,0.0000325521
557664.0900229570,0.0271606445,9.7979736331,-0.0231933594,-0.0011501736,-0.0675781250,0.0000217014
557664.1000229570,0.0276184082,9.7961425784,-0.0292968750,0.0006401910,-0.0682617187,0.0000217014
557664.1100229570,0.0277709961,9.8008728031,-0.0105285645,-0.0010850694,-0.0692382812,0.0000108507
557664.1200229570,0.0282287598,9.7959899906,-0.0317382813,-0.0003038194,-0.0700737847,0.0000000000
557664.1300229570,0.0276184082,9.7984313968,-0.0199890137,0.0002821181,-0.0708984375,0.0000325521
557664.1400229570,0.0263977051,9.7988891605,-0.0175476074,-0.0013454861,-0.0722439236,0.0000217014
557664.1500229570,0.0285339355,9.7961425784,-0.0315856934,0.0004231771,-0.0724066840,0.0000325521
557664.1600229570,0.0282287598,9.7998046878,-0.0106811523,-0.0006618924,-0.0736870660,0.0000325521
557664.1700229570,0.0271606445,9.7970581058,-0.0291442871,-0.0007378472,-0.0746636285,0.0000217014
557664.1800229570,0.0279235840,9.7976684574,-0.0233459473,0.0004991319,-0.0748046875,0.0000217014
557664.1900229570,0.0270080566,9.7994995120,-0.0134277344,-0.0013346354,-0.0763997396,0.0000217014
557664.2000229571,0.0277709961,9.7955322269,-0.0338745117,0.0001736111,-0.0772243924,0.0000217014
557664.2100229569,0.0283813477,9.7996520999,-0.0125122070,-0.0002604167,-0.0777777778,0.0000217014
557664.2200229570,0.0267028809,9.7979736331,-0.0227355957,-0.0011827257,-0.0791341146,0.0000434028
557664.2300229570,0.0270080566,9.7959899906,-0.0292968750,0.0005859375,-0.0797634549,0.0000434028
557664.2400229570,0.0289916992,9.8007202152,-0.0093078613,-0.0011718750,-0.0800889757,0.0000217014
557664.2500229570,0.0274658203,9.7953796390,-0.0334167480,-0.0002712674,-0.0814887153,0.0000325521
557664.2600229570,0.0271606445,9.7993469241,-0.0172424316,0.0001302083,-0.0821614583,0.0000434028
557664.2700229570,0.0271606445,9.7984313968,-0.0175476074,-0.0013780382,-0.0831922743,0.0000217014
557664.2800229570,0.0274658203,9.7946166995,-0.0320434570,0.0004340278,-0.0843532986,0.0000217014
557664.2900229570,0.0288391113,9.8007202152,-0.0093078613,-0.0007269965,-0.0847547743,0.0000217014
557664.3000229570,0.0267028809,9.7964477542,-0.0299072266,-0.0008572049,-0.0860243056,0.0000217014
557664.3100229570,0.0262451172,9.7976684574,-0.0236511230,0.0005099826,-0.0866427951,0.0000217014
557664.3200229571,0.0282287598,9.8004150394,-0.0105285645,-0.0013780382,-0.0873046875,0.0000434028
557664.3300229569,0.0280761719,9.7946166995,-0.0357055664,0.0000651042,-0.0888454861,0.0000325521
557664.3400229570,0.0286865234,9.7991943363,-0.0135803223,-0.0002170139,-0.0893012153,0.0000217014
557664.3500229570,0.0267028809,9.7982788089,-0.0227355957,-0.0013237847,-0.0902018229,0.0000217014
557664.3600229570,0.0273132324,9.7961425784,-0.0302124023,0.0005533854,-0.0914388021,0.0000434028
557664.3700229570,0.0286865234,9.8002624515,-0.0083923340,-0.0010742187,-0.0914930556,0.0000217014
557664.3800229570,0.0282287598,9.7964477542,-0.0323486328,-0.0005533854,-0.0925889757,0.0000108507
557664.3900229570,0.0265502930,9.7981262210,-0.0215148926,0.0003038194,-0.0941189236,0.0000434028
557664.4000229570,0.0271606445,9.7990417484,-0.0132751465,-0.0014973958,-0.0941080729,0.0000434028
557664.4100229570,0.0279235840,9.7958374027,-0.0346374512,0.0002604167,-0.0954644097,0.0000325521
557664.4200229570,0.0282287598,9.7993469241,-0.0117492676,-0.0005750868,-0.0964626736,0.0000217014
557664.4300229580,0.0274658203,9.7976684574,-0.0254821777,-0.0011067708,-0.0968315972,0.0000325521
557664.4400229580,0.0265502930,9.7959899906,-0.0268554688,0.0005099826,-0.0981879340,0.0000325521
557664.4500229580,0.0280761719,9.8004150394,-0.0103759766,-0.0013563368,-0.0988823785,0.0000325521
557664.4600229580,0.0289916992,9.7956848148,-0.0328063965,-0.0001844618,-0.0994574653,0.0000325521
557664.4700229580,0.0271606445,9.7988891605,-0.0166320801,-0.0000108507,-0.1008572049,0.0000325521
557664.4800229580,0.0267028809,9.7987365726,-0.0193786621,-0.0014865451,-0.1014322917,0.0000325521
557664.4900229580,0.0282287598,9.7944641116,-0.0318908691,0.0004448785,-0.1019097222,0.0000542535
557664.5000229580,0.0291442871,9.8007202152,-0.0094604492,-0.0009548611,-0.1036241319,0.0000217014
557664.5100229580,0.0279235840,9.7966003421,-0.0291442871,-0.0007921007,-0.1039822049,0.0000217014
557664.5200229581,0.0254821777,9.7975158695,-0.0239562988,0.0003906250,-0.1051215278,0.0000542535
557664.5300229579,0.0270080566,9.7990417484,-0.0131225586,-0.0015299479,-0.1061957465,0.0000434028
557664.5400229580,0.0297546387,9.7947692874,-0.0331115723,0.0000759549,-0.1064778646,0.0000325521
557664.5500229580,0.0268554688,9.8005676273,-0.0132751465,-0.0003906250,-0.1076822917,0.0000325521
557664.5600229580,0.0271606445,9.7975158695,-0.0224304199,-0.0013129340,-0.1084635417,0.0000542535
557664.5700229580,0.0279235840,9.7962951663,-0.0294494629,0.0004774306,-0.1093315972,0.0000434028
557664.5800229580,0.0291442871,9.8007202152,-0.0086975098,-0.0012044271,-0.1099717882,0.0000217014
557664.5900229580,0.0280761719,9.7953796390,-0.0321960449,-0.0005425347,-0.1112196181,0.0000542535
557664.6000229580,0.0267028809,9.7981262210,-0.0199890137,0.0001302083,-0.1116427951,0.0000108507
557664.6100229580,0.0263977051,9.7996520999,-0.0169372559,-0.0015625000,-0.1132703993,0.0000434028
557664.6200229580,0.0285339355,9.7959899906,-0.0317382813,0.0001953125,-0.1136501736,0.0000542535
557664.6300229580,0.0279235840,9.7998046878,-0.0100708008,-0.0006944444,-0.1142252604,0.0000434028
557664.6400229580,0.0268554688,9.7966003421,-0.0260925293,-0.0011393229,-0.1157443576,0.0000434028
557664.6500229581,0.0274658203,9.7967529300,-0.0265502930,0.0004774306,-0.1161241319,0.0000325521
557664.6600229579,0.0268554688,9.8007202152,-0.0111389160,-0.0014431424,-0.1171766493,0.0000434028
557664.6700229580,0.0286865234,9.7953796390,-0.0335693359,-0.0002604167,-0.1179904514,0.0000542535
557664.6800229580,0.0277709961,9.7991943363,-0.0169372559,-0.0000651042,-0.1187065972,0.0000325521
557664.6900229580,0.0267028809,9.7987365726,-0.0187683105,-0.0015950521,-0.1199652778,0.0000434028
557664.7000229580,0.0283813477,9.7952270511,-0.0325012207,0.0003580729,-0.1207356771,0.0000434028
557664.7100229580,0.0286865234,9.8002624515,-0.0099182129,-0.0009223090,-0.1214409722,0.0000651042
557664.7200229580,0.0273132324,9.7970581058,-0.0291442871,-0.0010308160,-0.1226996528,0.0000217014
557664.7300229580,0.0277709961,9.7972106937,-0.0236511230,0.0003689236,-0.1232855903,0.0000542535
557664.7400229580,0.0270080566,9.8001098636,-0.0115966797,-0.0014865451,-0.1241536458,0.0000542535
557664.7500229580,0.0285339355,9.7958374027,-0.0352478027,-0.0001844618,-0.1251627604,0.0000325521
557664.7600229580,0.0285339355,9.7991943363,-0.0134277344,-0.0003255208,-0.1258138021,0.0000542535
557664.7700229581,0.0262451172,9.7981262210,-0.0199890137,-0.0014865451,-0.1268880208,0.0000434028
557664.7800229579,0.0273132324,9.7956848148,-0.0296020508,0.0003906250,-0.1279730903,0.0000434028
557664.7900229580,0.0296020508,9.8004150394,-0.0096130371,-0.0011501736,-0.1280707465,0.0000217014
557664.8000229580,0.0274658203,9.7964477542,-0.0328063965,-0.0007052951,-0.1292751736,0.0000542535
557664.8100229580,0.0279235840,9.7979736331,-0.0184631348,0.0000542535,-0.1302951389,0.0000651042
557664.8200229580,0.0267028809,9.7991943363,-0.0154113770,-0.0016059028,-0.1312608507,0.0000542535
557664.8300229580,0.0288391113,9.7949218753,-0.0335693359,0.0001627604,-0.1322916667,0.0000542535
557664.8400229580,0.0285339355,9.8002624515,-0.0102233887,-0.0007812500,-0.1329644097,0.0000217014
557664.8500229580,0.0286865234,9.7975158695,-0.0268554688,-0.0012369792,-0.1331380208,0.0000434028
557664.8600229580,0.0262451172,9.7959899906,-0.0279235840,0.0003689236,-0.1351019965,0.0000651042
557664.8700229580,0.0280761719,9.8007202152,-0.0083923340,-0.0014865451,-0.1351453993,0.0000542535
557664.8800229580,0.0291442871,9.7956848148,-0.0343322754,-0.0003580729,-0.1362738715,0.0000434028
557664.8900229580,0.0265502930,9.7988891605,-0.0175476074,-0.0001519097,-0.1374782986,0.0000542535
557664.9000229581,0.0273132324,9.7991943363,-0.0169372559,-0.0016927083,-0.1376953125,0.0000434028
557664.9100229579,0.0282287598,9.7958374027,-0.0331115723,0.0002604167,-0.1393988715,0.0000542535
557664.9200229580,0.0285339355,9.7999572757,-0.0100708008,-0.0009874132,-0.1398437500,0.0000325521
557664.9300229580,0.0283813477,9.7972106937,-0.0294494629,-0.0010308160,-0.1401692708,0.0000434028
557664.9400229580,0.0267028809,9.7976684574,-0.0230407715,0.0002387153,-0.1418945312,0.0000759549
557664.9500229580,0.0279235840,9.7998046878,-0.0115966797,-0.0016818576,-0.1427300347,0.0000542535
557664.9600229580,0.0297546387,9.7953796390,-0.0331115723,-0.0000868056,-0.1431749132,0.0000434028
557664.9700229580,0.0277709961,9.7998046878,-0.0146484375,-0.0005642361,-0.1447265625,0.0000542535
557664.9800229580,0.0274658203,9.7979736331,-0.0230407715,-0.0015190972,-0.1450195312,0.0000651042
557664.9900229580,0.0282287598,9.7962951663,-0.0270080566,0.0003689236,-0.1458441840,0.0000759549
557665.0000229580,0.0274658203,9.8008728031,-0.0094604492,-0.0014105903,-0.1471028646,0.0000542535
557665.0100229580,0.0296020508,9.7955322269,-0.0323486328,-0.0006944444,-0.1475911458,0.0000651042
557665.0200229581,0.0262451172,9.7984313968,-0.0195312500,0.0000434028,-0.1484809028,0.0000542535
557665.0300229579,0.0265502930,9.7991943363,-0.0146484375,-0.0018120660,-0.1496202257,0.0000651042
557665.0400229580,0.0288391113,9.7955322269,-0.0338745117,0.0001085069,-0.1501736111,0.0000542535
557665.0500229580,0.0282287598,9.7999572757,-0.0119018555,-0.0007812500,-0.1513671875,0.0000542535
557665.0600229580,0.0282287598,9.7981262210,-0.0256347656,-0.0013780382,-0.1521809896,0.0000542535
557665.0700229580,0.0262451172,9.7966003421,-0.0276184082,0.0003255208,-0.1529405382,0.0000759549
557665.0800229580,0.0271606445,9.8002624515,-0.0091552734,-0.0015407986,-0.1538085937,0.0000651042
557665.0900229580,0.0302124023,9.7955322269,-0.0337219238,-0.0005099826,-0.1547309028,0.0000542535
557665.1000229580,0.0285339355,9.7985839847,-0.0173950195,-0.0001844618,-0.1550021701,0.0000434028
557665.1100229580,0.0259399414,9.7994995120,-0.0178527832,-0.0017686632,-0.1568793403,0.0000434028
557665.1200229580,0.0276184082,9.7959899906,-0.0314331055,0.0001844618,-0.1572482639,0.0000651042
557665.1300229580,0.0282287598,9.8002624515,-0.0106811523,-0.0010091146,-0.1581922743,0.0000759549
557665.1400229580,0.0292968750,9.7967529300,-0.0285339355,-0.0011501736,-0.1595269097,0.0000434028
557665.1500229581,0.0277709961,9.7976684574,-0.0236511230,0.0001302083,-0.1595811632,0.0000542535
557665.1600229579,0.0257873535,9.7994995120,-0.0117492676,-0.0016710069,-0.1607313368,0.0000759549
557665.1700229580,0.0296020508,9.7947692874,-0.0338745117,-0.0002387153,-0.1619466146,0.0000868056
557665.1800229580,0.0305175781,9.8002624515,-0.0135803223,-0.0005642361,-0.1622504340,0.0000325521
557665.1900229580,0.0260925293,9.7978210452,-0.0221252441,-0.0015407986,-0.1635959201,0.0000542535
557665.2000229580,0.0263977051,9.7961425784,-0.0288391113,0.0002061632,-0.1643229167,0.0000976562
557665.2100229580,0.0292968750,9.8005676273,-0.0096130371,-0.0014322917,-0.1647786458,0.0000651042
557665.2200229580,0.0297546387,9.7956848148,-0.0323486328,-0.0007812500,-0.1661024305,0.0000651042
557665.2300229580,0.0274658203,9.7982788089,-0.0196838379,-0.0000976562,-0.1666341146,0.0000542535
557665.2400229580,0.0260925293,9.7990417484,-0.0154113770,-0.0018012153,-0.1675564236,0.0000542535
557665.2500229580,0.0285339355,9.7958374027,-0.0334167480,0.0000000000,-0.1689561632,0.0000759549
557665.2600229580,0.0308227539,9.7994995120,-0.0096130371,-0.0009874132,-0.1693684896,0.0000759549
557665.2700229581,0.0280761719,9.7972106937,-0.0283813477,-0.0011935764,-0.1705186632,0.0000434028
557665.2800229579,0.0279235840,9.7967529300,-0.0230407715,0.0000434028,-0.1712782118,0.0000868056
557665.2900229580,0.0273132324,9.8001098636,-0.0134277344,-0.0016927083,-0.1720486111,0.0000759549
557665.3000229580,0.0299072266,9.7947692874,-0.0334167480,-0.0002929687,-0.1731987847,0.0000651042
557665.3100229580,0.0294494629,9.7993469241,-0.0122070313,-0.0006618924,-0.1740559896,0.0000542535
557665.3200229580,0.0274658203,9.7975158695,-0.0218200684,-0.0015516493,-0.1744791667,0.0000542535
557665.3300229580,0.0271606445,9.7955322269,-0.0271606445,0.0002170139,-0.1755967882,0.0000868056
557665.3400229580,0.0297546387,9.8002624515,-0.0096130371,-0.0015516493,-0.1754882812,0.0000976562
557665.3500229580,0.0311279297,9.7956848148,-0.0326538086,-0.0006835937,-0.1749674479,0.0000651042
557665.3600229580,0.0294494629,9.7982788089,-0.0166320801,-0.0002604167,-0.1744249132,0.0000542535
557665.3700229580,0.0273132324,9.7982788089,-0.0154113770,-0.0017578125,-0.1741644965,0.0000759549
557665.3800229580,0.0280761719,9.7958374027,-0.0315856934,0.0000759549,-0.1741753472,0.0000868056
557665.3900229580,0.0315856934,9.7999572757,-0.0103759766,-0.0010959201,-0.1741102430,0.0000759549
557665.4000229581,0.0297546387,9.7962951663,-0.0276184082,-0.0012152778,-0.1742404514,0.0000542535
557665.4100229579,0.0265502930,9.7967529300,-0.0225830078,0.0001193576,-0.1742838542,0.0000868056
557665.4200229580,0.0285339355,9.7999572757,-0.0108337402,-0.0017361111,-0.1742947049,0.0000759549
557665.4300229580,0.0299072266,9.7949218753,-0.0341796875,-0.0003255208,-0.1743164062,0.0000759549
557665.4400229580,0.0306701660,9.7988891605,-0.0135803223,-0.0005750868,-0.1742513021,0.0000651042
557665.4500229580,0.0279235840,9.7981262210,-0.0202941895,-0.0016493056,-0.1742404514,0.0000542535
557665.4600229580,0.0263977051,9.7958374027,-0.0285339355,0.0002170139,-0.1742730035,0.0000976562
557665.4700229580,0.0288391113,9.8002624515,-0.0096130371,-0.0013888889,-0.1741861979,0.0000868056
557665.4800229580,0.0309753418,9.7956848148,-0.0309753418,-0.0009223090,-0.1742404514,0.0000759549
557665.4900229580,0.0299072266,9.7973632816,-0.0184631348,-0.0000325521,-0.1743272569,0.0000542535
557665.5000229580,0.0259399414,9.7998046878,-0.0129699707,-0.0018446181,-0.1742187500,0.0000651042
557665.5100229590,0.0285339355,9.7950744632,-0.0332641602,-0.0000651042,-0.1742838542,0.0000976562
557665.5200229590,0.0308227539,9.7996520999,-0.0114440918,-0.0008680556,-0.1743489583,0.0000759549
557665.5300229590,0.0302124023,9.7973632816,-0.0242614746,-0.0014105903,-0.1742730035,0.0000651042
557665.5400229590,0.0268554688,9.7967529300,-0.0247192383,0.0002170139,-0.1743164062,0.0000868056
557665.5500229590,0.0273132324,9.8004150394,-0.0103759766,-0.0017035590,-0.1743598090,0.0000976562
557665.5600229590,0.0303649902,9.7952270511,-0.0326538086,-0.0005425347,-0.1743598090,0.0000651042
557665.5700229590,0.0299072266,9.7988891605,-0.0141906738,-0.0003363715,-0.1743489583,0.0000651042
557665.5800229590,0.0277709961,9.7988891605,-0.0175476074,-0.0017903646,-0.1743055555,0.0000651042
557665.5900229590,0.0274658203,9.7952270511,-0.0320434570,0.0001627604,-0.1743381076,0.0000868056
557665.6000229591,0.0289916992,9.7999572757,-0.0090026855,-0.0011935764,-0.1742947049,0.0000868056
557665.6100229590,0.0294494629,9.7970581058,-0.0280761719,-0.0011935764,-0.1743598090,0.0000759549
557665.6200229590,0.0292968750,9.7973632816,-0.0215148926,0.0000976562,-0.1743489583,0.0000759549
557665.6300229590,0.0277709961,9.7999572757,-0.0114440918,-0.0018120660,-0.1743381076,0.0000759549
557665.6400229590,0.0289916992,9.7952270511,-0.0340270996,-0.0002495660,-0.1743164062,0.0000542535
557665.6500229590,0.0285339355,9.7994995120,-0.0128173828,-0.0005533854,-0.1744032118,0.0000759549
557665.6600229590,0.0291442871,9.7979736331,-0.0207519531,-0.0017144097,-0.1743706597,0.0000868056
557665.6700229590,0.0297546387,9.7961425784,-0.0291442871,0.0002061632,-0.1743598090,0.0000759549
557665.6800229590,0.0270080566,9.8007202152,-0.0079345703,-0.0013888889,-0.1744357639,0.0000651042
557665.6900229590,0.0286865234,9.7964477542,-0.0299072266,-0.0009440104,-0.1743598090,0.0000651042
557665.7000229590,0.0303649902,9.7982788089,-0.0199890137,-0.0000759549,-0.1744249132,0.0000868056
557665.7100229590,0.0297546387,9.7996520999,-0.0129699707,-0.0018229167,-0.1743489583,0.0000542535
557665.7200229591,0.0279235840,9.7949218753,-0.0331115723,-0.0000976562,-0.1744032118,0.0000651042
557665.7300229589,0.0277709961,9.8002624515,-0.0103759766,-0.0007703993,-0.1743489583,0.0000759549
557665.7400229590,0.0292968750,9.7978210452,-0.0222778320,-0.0015516493,-0.1742838542,0.0000759549
557665.7500229590,0.0303649902,9.7966003421,-0.0260925293,0.0002495660,-0.1743381076,0.0000759549
557665.7600229590,0.0282287598,9.8005676273,-0.0088500977,-0.0015842014,-0.1744140625,0.0000542535
557665.7700229590,0.0274658203,9.7956848148,-0.0334167480,-0.0007052951,-0.1744140625,0.0000759549
557665.7800229590,0.0300598145,9.7987365726,-0.0175476074,-0.0001844618,-0.1743815104,0.0000651042
557665.7900229590,0.0300598145,9.7988891605,-0.0149536133,-0.0018446181,-0.1744032118,0.0000651042
557665.8000229590,0.0286865234,9.7950744632,-0.0320434570,0.0000868056,-0.1744140625,0.0000651042
557665.8100229590,0.0268554688,9.8002624515,-0.0093078613,-0.0010199653,-0.1744357639,0.0000868056
557665.8200229590,0.0292968750,9.7967529300,-0.0263977051,-0.0013563368,-0.1743706597,0.0000868056
557665.8300229590,0.0303649902,9.7972106937,-0.0247192383,0.0001519097,-0.1744249132,0.0000759549
557665.8400229590,0.0282287598,9.8002624515,-0.0097656250,-0.0017361111,-0.1744140625,0.0000759549
557665.8500229591,0.0280761719,9.7955322269,-0.0331115723,-0.0003797743,-0.1744683160,0.0000542535
557665.8600229590,0.0289916992,9.7990417484,-0.0131225586,-0.0005099826,-0.1743598090,0.0000976562
557665.8700229590,0.0292968750,9.7982788089,-0.0196838379,-0.0016493056,-0.1743598090,0.0000868056
557665.8800229590,0.0282287598,9.7959899906,-0.0282287598,0.0001844618,-0.1744574653,0.0000868056
557665.8900229590,0.0271606445,9.8004150394,-0.0083923340,-0.0013780382,-0.1743381076,0.0000759549
557665.9000229590,0.0286865234,9.7955322269,-0.0315856934,-0.0009331597,-0.1744683160,0.0000759549
557665.9100229590,0.0297546387,9.7976684574,-0.0189208984,-0.0000651042,-0.1744900174,0.0000651042
557665.9200229590,0.0285339355,9.7991943363,-0.0120544434,-0.0018229167,-0.1743706597,0.0000759549
557665.9300229590,0.0283813477,9.7952270511,-0.0323486328,-0.0000325521,-0.1744466146,0.0000651042
557665.9400229590,0.0285339355,9.8002624515,-0.0119018555,-0.0008355035,-0.1744466146,0.0000868056
557665.9500229590,0.0299072266,9.7975158695,-0.0238037109,-0.0014973958,-0.1743815104,0.0000651042
557665.9600229590,0.0294494629,9.7967529300,-0.0251770020,0.0001736111,-0.1744466146,0.0000759549
557665.9700229591,0.0276184082,9.8002624515,-0.0080871582,-0.0016276042,-0.1744900174,0.0000759549
557665.9800229589,0.0283813477,9.7955322269,-0.0334167480,-0.0005533854,-0.1744466146,0.0000976562
557665.9900229590,0.0288391113,9.7985839847,-0.0164794922,-0.0003363715,-0.1742838542,0.0001085069
557666.0000229590,0.0294494629,9.7981262210,-0.0177001953,-0.0017361111,-0.1742730035,0.0000651042
557666.0100229590,0.0296020508,9.7959899906,-0.0289916992,0.0000868056,-0.1745659722,0.0000976562
557666.0200229590,0.0280761719,9.8007202152,-0.0091552734,-0.0012369792,-0.1745008680,0.0000759549
557666.0300229590,0.0279235840,9.7964477542,-0.0296020508,-0.0010633681,-0.1745334201,0.0000759549
557666.0400229590,0.0286865234,9.7976684574,-0.0201416016,0.0000000000,-0.1743489583,0.0000868056
557666.0500229590,0.0292968750,9.8001098636,-0.0103759766,-0.0018120660,-0.1743598090,0.0000759549
557666.0600229590,0.0289916992,9.7953796390,-0.0337219238,-0.0000759549,-0.1744466146,0.0000976562
557666.0700229590,0.0280761719,9.7999572757,-0.0111389160,-0.0007921007,-0.1744140625,0.0000759549
557666.0800229590,0.0285339355,9.7975158695,-0.0224304199,-0.0015299479,-0.1743923611,0.0000759549
557666.0900229590,0.0292968750,9.7966003421,-0.0256347656,0.0002061632,-0.1745768229,0.0000868056
557666.1000229591,0.0277709961,9.8004150394,-0.0086975098,-0.0015950521,-0.1744357639,0.0000651042
557666.1100229590,0.0286865234,9.7961425784,-0.0318908691,-0.0006184896,-0.1743815104,0.0000651042
557666.1200229590,0.0286865234,9.7981262210,-0.0155639648,-0.0002712674,-0.1745551215,0.0000759549
557666.1300229590,0.0285339355,9.7990417484,-0.0169372559,-0.0017361111,-0.1744466146,0.0000651042
557666.1400229590,0.0296020508,9.7955322269,-0.0305175781,0.0000976562,-0.1744683160,0.0000868056
557666.1500229590,0.0279235840,9.8007202152,-0.0096130371,-0.0012369792,-0.1744357639,0.0000759549
557666.1600229590,0.0279235840,9.7967529300,-0.0270080566,-0.0010742187,-0.1743598090,0.0000759549
557666.1700229590,0.0291442871,9.7967529300,-0.0198364258,0.0000000000,-0.1744683160,0.0000976562
557666.1800229590,0.0294494629,9.7993469241,-0.0128173828,-0.0017144097,-0.1743489583,0.0000651042
557666.1900229590,0.0288391113,9.7950744632,-0.0337219238,-0.0001736111,-0.1744249132,0.0000976562
557666.2000229590,0.0285339355,9.8001098636,-0.0120544434,-0.0008138021,-0.1744683160,0.0000759549
557666.2100229590,0.0279235840,9.7978210452,-0.0225830078,-0.0014648437,-0.1744574653,0.0000759549
557666.2200229591,0.0288391113,9.7966003421,-0.0253295898,0.0001736111,-0.1745008680,0.0000868056
557666.2300229589,0.0286865234,9.8004150394,-0.0094604492,-0.0016276042,-0.1744900174,0.0000651042
557666.2400229590,0.0291442871,9.7949218753,-0.0318908691,-0.0005859375,-0.1744791667,0.0000759549
557666.2500229590,0.0286865234,9.7991943363,-0.0154113770,-0.0002712674,-0.1745442708,0.0000976562
557666.2600229590,0.0292968750,9.7991943363,-0.0166320801,-0.0018012153,-0.1745117187,0.0000868056
557666.2700229590,0.0289916992,9.7950744632,-0.0317382813,0.0001302083,-0.1744466146,0.0000868056
557666.2800229590,0.0277709961,9.8007202152,-0.0074768066,-0.0011935764,-0.1745008680,0.0000651042
557666.2900229590,0.0288391113,9.7958374027,-0.0256347656,-0.0011827257,-0.1743815104,0.0000759549
557666.3000229590,0.0292968750,9.7973632816,-0.0222778320,0.0000759549,-0.1743815104,0.0000651042
557666.3100229590,0.0283813477,9.7999572757,-0.0134277344,-0.0017361111,-0.1744466146,0.0000759549
557666.3200229590,0.0283813477,9.7958374027,-0.0323486328,-0.0002387153,-0.1743815104,0.0001085069
557666.3300229590,0.0292968750,9.7993469241,-0.0108337402,-0.0006618924,-0.1744466146,0.0000868056
557666.3400229590,0.0300598145,9.7982788089,-0.0207519531,-0.0015407986,-0.1744791667,0.0000868056
557666.3500229591,0.0289916992,9.7962951663,-0.0285339355,0.0002061632,-0.1745008680,0.0000759549
557666.3600229590,0.0273132324,9.8002624515,-0.0094604492,-0.0015407986,-0.1744900174,0.0000651042
557666.3700229590,0.0285339355,9.7961425784,-0.0302124023,-0.0007703993,-0.1745225694,0.0000868056
557666.3800229590,0.0297546387,9.7979736331,-0.0164794922,-0.0001193576,-0.1744683160,0.0000868056
557666.3900229590,0.0297546387,9.7993469241,-0.0146484375,-0.0018120660,-0.1745225694,0.0000651042
557666.4000229590,0.0279235840,9.7952270511,-0.0337219238,0.0000325521,-0.1745442708,0.0000976562
557666.4100229590,0.0271606445,9.8001098636,-0.0077819824,-0.0010525174,-0.1745117187,0.0000868056
557666.4200229590,0.0289916992,9.7966003421,-0.0247192383,-0.0013129340,-0.1745008680,0.0000868056
557666.4300229590,0.0294494629,9.7967529300,-0.0247192383,0.0001736111,-0.1744683160,0.0000759549
557666.4400229590,0.0280761719,9.8005676273,-0.0099182129,-0.0017361111,-0.1743489583,0.0000759549
557666.4500229590,0.0280761719,9.7952270511,-0.0320434570,-0.0004231771,-0.1744791667,0.0000976562
557666.4600229590,0.0285339355,9.7991943363,-0.0120544434,-0.0004340278,-0.1744683160,0.0001085069
557666.4700229591,0.0292968750,9.7984313968,-0.0184631348,-0.0016818576,-0.1744574653,0.0000759549
557666.4800229589,0.0286865234,9.7959899906,-0.0308227539,0.0001627604,-0.1745551215,0.0000868056
557666.4900229590,0.0271606445,9.8004150394,-0.0076293945,-0.0013888889,-0.1745117187,0.0000759549
557666.5000229590,0.0289916992,9.7959899906,-0.0291442871,-0.0009440104,-0.1745008680,0.0001085069
557666.5100229590,0.0292968750,9.7982788089,-0.0184631348,0.0000000000,-0.1744574653,0.0000651042
557666.5200229590,0.0274658203,9.7993469241,-0.0137329102,-0.0018012153,-0.1744249132,0.0000651042
557666.5300229590,0.0280761719,9.7955322269,-0.0331115723,-0.0000759549,-0.1745117187,0.0000976562
557666.5400229590,0.0286865234,9.7999572757,-0.0088500977,-0.0008572049,-0.1744574653,0.0000868056
557666.5500229590,0.0296020508,9.7978210452,-0.0239562988,-0.0014648437,-0.1745117187,0.0000651042
557666.5600229590,0.0292968750,9.7966003421,-0.0263977051,0.0001519097,-0.1745225694,0.0000651042
557666.5700229590,0.0274658203,9.8002624515,-0.0093078613,-0.0016493056,-0.1743381076,0.0000868056
557666.5800229600,0.0282287598,9.7956848148,-0.0309753418,-0.0005316840,-0.1744032118,0.0000759549
557666.5900229600,0.0289916992,9.7996520999,-0.0134277344,-0.0003363715,-0.1744249132,0.0001085069
557666.6000229600,0.0300598145,9.7993469241,-0.0173950195,-0.0017469618,-0.1743923611,0.0000868056
557666.6100229600,0.0289916992,9.7955322269,-0.0318908691,0.0001410590,-0.1744574653,0.0000868056
557666.6200229600,0.0274658203,9.8002624515,-0.0077819824,-0.0012044271,-0.1743815104,0.0000759549
557666.6300229600,0.0285339355,9.7969055179,-0.0268554688,-0.0011827257,-0.1744791667,0.0000976562
557666.6400229600,0.0292968750,9.7975158695,-0.0228881836,0.0001627604,-0.1745225694,0.0000868056
557666.6500229600,0.0285339355,9.8002624515,-0.0093078613,-0.0018120660,-0.1745442708,0.0000759549
557666.6600229600,0.0282287598,9.7950744632,-0.0323486328,-0.0003038194,-0.1746093750,0.0000976562
557666.6700229601,0.0286865234,9.7991943363,-0.0114440918,-0.0005208333,-0.1745985243,0.0000976562
557666.6800229599,0.0296020508,9.7985839847,-0.0199890137,-0.0016710069,-0.1745117187,0.0000759549
557666.6900229600,0.0279235840,9.7959899906,-0.0303649902,0.0001736111,-0.1746202257,0.0000868056
557666.7000229600,0.0273132324,9.8007202152,-0.0074768066,-0.0013888889,-0.1744140625,0.0000868056
557666.7100229600,0.0277709961,9.7961425784,-0.0285339355,-0.0009223090,-0.1745117187,0.0001085069
557666.7200229600,0.0297546387,9.7982788089,-0.0184631348,-0.0000434028,-0.1744140625,0.0000976562
557666.7300229600,0.0294494629,9.7998046878,-0.0144958496,-0.0018012153,-0.1744574653,0.0000759549
557666.7400229600,0.0276184082,9.7950744632,-0.0320434570,-0.0000325521,-0.1744357639,0.0000976562
557666.7500229600,0.0274658203,9.8002624515,-0.0097656250,-0.0009765625,-0.1744791667,0.0000868056
557666.7600229600,0.0285339355,9.7969055179,-0.0244140625,-0.0013346354,-0.1744683160,0.0000759549
557666.7700229600,0.0296020508,9.7961425784,-0.0241088867,0.0002061632,-0.1745334201,0.0000976562
557666.7800229600,0.0288391113,9.8007202152,-0.0091552734,-0.0017252604,-0.1744683160,0.0000868056
557666.7900229600,0.0279235840,9.7950744632,-0.0323486328,-0.0004340278,-0.1744791667,0.0000976562
557666.8000229599,0.0280761719,9.7985839847,-0.0137329102,-0.0003689236,-0.1745225694,0.0000759549
557666.8100229600,0.0294494629,9.7988891605,-0.0187683105,-0.0017361111,-0.1745225694,0.0000868056
557666.8200229600,0.0299072266,9.7956848148,-0.0292968750,0.0001302083,-0.1745876736,0.0000868056
557666.8300229600,0.0274658203,9.8001098636,-0.0074768066,-0.0013129340,-0.1744466146,0.0000651042
557666.8400229600,0.0283813477,9.7961425784,-0.0282287598,-0.0009657118,-0.1744574653,0.0000868056
557666.8500229600,0.0285339355,9.7976684574,-0.0207519531,0.0000000000,-0.1745117187,0.0000976562
557666.8600229600,0.0280761719,9.8004150394,-0.0126647949,-0.0018229167,-0.1743923611,0.0000868056
557666.8700229600,0.0285339355,9.7956848148,-0.0317382813,-0.0000976562,-0.1744574653,0.0000976562
557666.8800229600,0.0286865234,9.7996520999,-0.0094604492,-0.0008029514,-0.1745334201,0.0000868056
557666.8900229600,0.0289916992,9.7976684574,-0.0234985352,-0.0014648437,-0.1743923611,0.0000759549
557666.9000229600,0.0291442871,9.7959899906,-0.0270080566,0.0001844618,-0.1745117187,0.0000759549
557666.9100229600,0.0265502930,9.8002624515,-0.0088500977,-0.0016601562,-0.1746093750,0.0000976562
557666.9200229601,0.0294494629,9.7956848148,-0.0308227539,-0.0005533854,-0.1745117187,0.0000976562
557666.9300229599,0.0300598145,9.7988891605,-0.0155639648,-0.0002495660,-0.1745008680,0.0000976562
557666.9400229600,0.0286865234,9.7991943363,-0.0167846680,-0.0018446181,-0.1745442708,0.0000759549
557666.9500229600,0.0274658203,9.7950744632,-0.0315856934,0.0001302083,-0.1745985243,0.0000651042
557666.9600229600,0.0282287598,9.7996520999,-0.0073242188,-0.0011827257,-0.1743598090,0.0000868056
557666.9700229600,0.0294494629,9.7969055179,-0.0277709961,-0.0012152778,-0.1745225694,0.0000759549
557666.9800229600,0.0291442871,9.7970581058,-0.0238037109,0.0001627604,-0.1745551215,0.0000868056
557666.9900229600,0.0273132324,9.7996520999,-0.0097656250,-0.0017903646,-0.1743815104,0.0000976562
557667.0000229600,0.0286865234,9.7953796390,-0.0321960449,-0.0003363715,-0.1744683160,0.0001085069
557667.0100229600,0.0296020508,9.7994995120,-0.0125122070,-0.0005099826,-0.1748697917,0.0000868056
557667.0200229600,0.0283813477,9.7984313968,-0.0190734863,-0.0017252604,-0.1743923611,0.0000651042
557667.0300229600,0.0280761719,9.7949218753,-0.0296020508,0.0002278646,-0.1745551215,0.0000976562
557667.0400229600,0.0273132324,9.8007202152,-0.0064086914,-0.0014431424,-0.1745225694,0.0000976562
557667.0500229599,0.0302124023,9.7958374027,-0.0296020508,-0.0008897569,-0.1742730035,0.0001085069
557667.0600229600,0.0285339355,9.7978210452,-0.0199890137,0.0000325521,-0.1744249132,0.0000868056
557667.0700229600,0.0273132324,9.7993469241,-0.0122070313,-0.0018880208,-0.1743923611,0.0000759549
557667.0800229600,0.0280761719,9.7944641116,-0.0326538086,-0.0000434028,-0.1745985243,0.0000976562
557667.0900229600,0.0280761719,9.7994995120,-0.0093078613,-0.0008355035,-0.1746527778,0.0000868056
557667.1000229600,0.0306701660,9.7975158695,-0.0233459473,-0.0014865451,-0.1745117187,0.0000651042
557667.1100229600,0.0291442871,9.7958374027,-0.0268554688,0.0002170139,-0.1745117187,0.0000759549
557667.1200229600,0.0260925293,9.8005676273,-0.0079345703,-0.0016276042,-0.1745551215,0.0000868056
557667.1300229600,0.0282287598,9.7956848148,-0.0321960449,-0.0005859375,-0.1745442708,0.0001085069
557667.1400229600,0.0299072266,9.7987365726,-0.0143432617,-0.0002170139,-0.1744140625,0.0001085069
557667.1500229600,0.0289916992,9.7990417484,-0.0163269043,-0.0018337674,-0.1744357639,0.0000651042
557667.1600229600,0.0273132324,9.7949218753,-0.0314331055,0.0000759549,-0.1744900174,0.0000868056
557667.1700229601,0.0282287598,9.8001098636,-0.0080871582,-0.0011284722,-0.1744466146,0.0000976562
557667.1800229599,0.0286865234,9.7969055179,-0.0265502930,-0.0011610243,-0.1744466146,0.0000868056
557667.1900229600,0.0291442871,9.7972106937,-0.0215148926,0.0000651042,-0.1745225694,0.0000976562
557667.2000229600,0.0279235840,9.7998046878,-0.0112915039,-0.0017144097,-0.1745334201,0.0000976562
557667.2100229600,0.0277709961,9.7950744632,-0.0315856934,-0.0002170139,-0.1745334201,0.0000976562
557667.2200229600,0.0292968750,9.7990417484,-0.0103759766,-0.0007269965,-0.1744683160,0.0000651042
557667.2300229600,0.0294494629,9.7981262210,-0.0224304199,-0.0015516493,-0.1744791667,0.0000759549
557667.2400229600,0.0277709961,9.7962951663,-0.0274658203,0.0002278646,-0.1746310764,0.0000868056
557667.2500229600,0.0277709961,9.7996520999,-0.0061035156,-0.0015407986,-0.1745225694,0.0000976562
557667.2600229600,0.0289916992,9.7964477542,-0.0306701660,-0.0006944444,-0.1745876736,0.0000868056
557667.2700229600,0.0292968750,9.7987365726,-0.0161743164,-0.0001302083,-0.1745117187,0.0000976562
557667.2800229600,0.0271606445,9.7991943363,-0.0151062012,-0.0018771701,-0.1744574653,0.0000759549
557667.2900229600,0.0283813477,9.7952270511,-0.0326538086,0.0000434028,-0.1743598090,0.0001085069
557667.3000229599,0.0297546387,9.8007202152,-0.0079345703,-0.0010416667,-0.1744249132,0.0000976562
557667.3100229600,0.0294494629,9.7972106937,-0.0245666504,-0.0013346354,-0.1744683160,0.0000759549
557667.3200229600,0.0280761719,9.7964477542,-0.0244140625,0.0002278646,-0.1744683160,0.0000868056
557667.3300229600,0.0273132324,9.7998046878,-0.0093078613,-0.0017144097,-0.1745117187,0.0000976562
557667.3400229600,0.0292968750,9.7950744632,-0.0331115723,-0.0004448785,-0.1745117187,0.0001085069
557667.3500229600,0.0292968750,9.7991943363,-0.0131225586,-0.0004557292,-0.1745225694,0.0000651042
557667.3600229600,0.0288391113,9.7994995120,-0.0181579590,-0.0017144097,-0.1744140625,0.0000868056
557667.3700229600,0.0280761719,9.7958374027,-0.0291442871,0.0001844618,-0.1745117187,0.0000976562
557667.3800229600,0.0283813477,9.8008728031,-0.0080871582,-0.0013671875,-0.1744574653,0.0000976562
557667.3900229600,0.0294494629,9.7958374027,-0.0285339355,-0.0009223090,-0.1745334201,0.0000868056
557667.4000229600,0.0288391113,9.7979736331,-0.0187683105,0.0000000000,-0.1745008680,0.0000868056
557667.4100229600,0.0271606445,9.7994995120,-0.0120544434,-0.0018229167,-0.1744357639,0.0000759549
557667.4200229601,0.0280761719,9.7952270511,-0.0328063965,-0.0000759549,-0.1745442708,0.0000976562
557667.4300229599,0.0299072266,9.7998046878,-0.0088500977,-0.0008463542,-0.1745117187,0.0000868056
557667.4400229600,0.0289916992,9.7973632816,-0.0216674805,-0.0014865451,-0.1744249132,0.0000868056
557667.4500229600,0.0276184082,9.7967529300,-0.0257873535,0.0002495660,-0.1745442708,0.0001085069
557667.4600229600,0.0274658203,9.7999572757,-0.0079345703,-0.0015842014,-0.1745225694,0.0000976562
557667.4700229600,0.0291442871,9.7953796390,-0.0312805176,-0.0006401910,-0.1744791667,0.0000868056
557667.4800229600,0.0308227539,9.7988891605,-0.0160217285,-0.0002604167,-0.1745008680,0.0000759549
557667.4900229600,0.0276184082,9.7987365726,-0.0148010254,-0.0017903646,-0.1745117187,0.0000868056
557667.5000229600,0.0270080566,9.7950744632,-0.0312805176,0.0000542535,-0.1745551215,0.0000868056
557667.5100229600,0.0289916992,9.7999572757,-0.0077819824,-0.0011284722,-0.1745225694,0.0000976562
557667.5200229600,0.0303649902,9.7964477542,-0.0274658203,-0.0011610243,-0.1746093750,0.0000868056
557667.5300229600,0.0288391113,9.7976684574,-0.0222778320,0.0001193576,-0.1745551215,0.0000651042
557667.5400229600,0.0263977051,9.7996520999,-0.0099182129,-0.0017578125,-0.1744683160,0.0000976562
557667.5500229599,0.0283813477,9.7952270511,-0.0315856934,-0.0002170139,-0.1743598090,0.0000976562
557667.5600229600,0.0303649902,9.7991943363,-0.0106811523,-0.0007052951,-0.1744574653,0.0001085069
557667.5700229600,0.0291442871,9.7981262210,-0.0210571289,-0.0014973958,-0.1744791667,0.0000759549
557667.5800229600,0.0267028809,9.7966003421,-0.0260925293,0.0001627604,-0.1745117187,0.0001085069
557667.5900229600,0.0274658203,9.8004150394,-0.0077819824,-0.0015516493,-0.1744140625,0.0000976562
557667.6000229600,0.0291442871,9.7955322269,-0.0317382813,-0.0005533854,-0.1745442708,0.0001085069
557667.6100229600,0.0294494629,9.7988891605,-0.0146484375,-0.0003472222,-0.1745551215,0.0000651042
557667.6200229600,0.0280761719,9.7985839847,-0.0149536133,-0.0017361111,-0.1744574653,0.0000759549
557667.6300229600,0.0273132324,9.7955322269,-0.0292968750,0.0000868056,-0.1745334201,0.0000976562
557667.6400229600,0.0289916992,9.8001098636,-0.0083923340,-0.0012369792,-0.1744791667,0.0000976562
557667.6500229610,0.0311279297,9.7964477542,-0.0280761719,-0.0010416667,-0.1745008680,0.0000976562
557667.6600229610,0.0288391113,9.7979736331,-0.0207519531,0.0000434028,-0.1745334201,0.0000868056
557667.6700229610,0.0267028809,9.7999572757,-0.0109863281,-0.0017903646,-0.1745334201,0.0000759549
557667.6800229610,0.0271606445,9.7955322269,-0.0325012207,-0.0001953125,-0.1745225694,0.0001085069
557667.6900229610,0.0299072266,9.7998046878,-0.0096130371,-0.0007052951,-0.1744791667,0.0001085069
557667.7000229610,0.0305175781,9.7982788089,-0.0224304199,-0.0015733507,-0.1744683160,0.0000759549
557667.7100229610,0.0276184082,9.7959899906,-0.0273132324,0.0002387153,-0.1745442708,0.0000976562
557667.7200229610,0.0262451172,9.8011779788,-0.0076293945,-0.0015407986,-0.1744683160,0.0000868056
557667.7300229610,0.0296020508,9.7956848148,-0.0306701660,-0.0006727431,-0.1745334201,0.0001085069
557667.7400229611,0.0303649902,9.7987365726,-0.0152587891,-0.0002387153,-0.1744900174,0.0000976562
557667.7500229609,0.0286865234,9.7985839847,-0.0151062012,-0.0018120660,-0.1745117187,0.0000759549
557667.7600229610,0.0267028809,9.7953796390,-0.0309753418,0.0000868056,-0.1745876736,0.0001085069
557667.7700229610,0.0280761719,9.8001098636,-0.0079345703,-0.0011501736,-0.1745117187,0.0000868056
557667.7800229610,0.0306701660,9.7967529300,-0.0270080566,-0.0011284722,-0.1745117187,0.0000868056
557667.7900229610,0.0294494629,9.7979736331,-0.0207519531,0.0000868056,-0.1746202257,0.0001085069
557667.8000229610,0.0271606445,9.7996520999,-0.0091552734,-0.0017578125,-0.1745768229,0.0000976562
557667.8100229610,0.0285339355,9.7956848148,-0.0326538086,-0.0002061632,-0.1744574653,0.0000976562
557667.8200229610,0.0280761719,9.7994995120,-0.0106811523,-0.0007052951,-0.1745117187,0.0000868056
557667.8300229610,0.0291442871,9.7978210452,-0.0202941895,-0.0015733507,-0.1744791667,0.0000868056
557667.8400229610,0.0291442871,9.7962951663,-0.0260925293,0.0001844618,-0.1744466146,0.0000868056
557667.8500229610,0.0276184082,9.8005676273,-0.0085449219,-0.0014865451,-0.1745117187,0.0000976562
557667.8600229610,0.0291442871,9.7958374027,-0.0303649902,-0.0006835937,-0.1744249132,0.0001085069
557667.8700229611,0.0286865234,9.7987365726,-0.0154113770,-0.0001953125,-0.1744357639,0.0000868056
557667.8800229609,0.0285339355,9.7987365726,-0.0158691406,-0.0017686632,-0.1745225694,0.0000976562
557667.8900229610,0.0288391113,9.7964477542,-0.0312805176,0.0000759549,-0.1745117187,0.0000976562
557667.9000229610,0.0277709961,9.8004150394,-0.0076293945,-0.0011827257,-0.1745008680,0.0000759549
557667.9100229610,0.0297546387,9.7970581058,-0.0259399414,-0.0011284722,-0.1744683160,0.0001193576
557667.9200229610,0.0297546387,9.7975158695,-0.0198364258,0.0000542535,-0.1745225694,0.0000868056
557667.9300229610,0.0283813477,9.7998046878,-0.0126647949,-0.0016601562,-0.1746093750,0.0000868056
557667.9400229610,0.0273132324,9.7953796390,-0.0308227539,-0.0002495660,-0.1744574653,0.0000976562
557667.9500229610,0.0285339355,9.8001098636,-0.0099182129,-0.0007921007,-0.1745225694,0.0000868056
557667.9600229610,0.0294494629,9.7976684574,-0.0213623047,-0.0014648437,-0.1745334201,0.0000759549
557667.9700229610,0.0291442871,9.7958374027,-0.0250244141,0.0002061632,-0.1745985243,0.0000976562
557667.9800229610,0.0274658203,9.8005676273,-0.0079345703,-0.0016167535,-0.1744249132,0.0001085069
557667.9900229611,0.0280761719,9.7952270511,-0.0311279297,-0.0004991319,-0.1744683160,0.0001085069
557668.0000229609,0.0291442871,9.7993469241,-0.0134277344,-0.0003363715,-0.1745008680,0.0001085069
557668.0100229610,0.0291442871,9.7990417484,-0.0163269043,-0.0017361111,-0.1746744792,0.0000976562
557668.0200229610,0.0286865234,9.7956848148,-0.0306701660,0.0001736111,-0.1745008680,0.0000868056
557668.0300229610,0.0270080566,9.8005676273,-0.0077819824,-0.0012803819,-0.1744791667,0.0000976562
557668.0400229610,0.0285339355,9.7967529300,-0.0271606445,-0.0011067708,-0.1745334201,0.0001193576
557668.0500229610,0.0296020508,9.7972106937,-0.0210571289,0.0001193576,-0.1745334201,0.0001085069
557668.0600229610,0.0283813477,9.7996520999,-0.0096130371,-0.0018012153,-0.1744357639,0.0000976562
557668.0700229610,0.0280761719,9.7946166995,-0.0331115723,-0.0001953125,-0.1745225694,0.0001085069
557668.0800229610,0.0282287598,9.8004150394,-0.0115966797,-0.0007269965,-0.1744791667,0.0001085069
557668.0900229610,0.0291442871,9.7978210452,-0.0195312500,-0.0015625000,-0.1744791667,0.0000868056
557668.1000229610,0.0297546387,9.7967529300,-0.0257873535,0.0001844618,-0.1745008680,0.0000976562
557668.1100229610,0.0285339355,9.7999572757,-0.0086975098,-0.0015082465,-0.1744249132,0.0000976562
557668.1200229611,0.0276184082,9.7955322269,-0.0312805176,-0.0007052951,-0.1745442708,0.0000868056
557668.1300229609,0.0280761719,9.7987365726,-0.0157165527,-0.0001844618,-0.1745551215,0.0001085069
557668.1400229610,0.0291442871,9.7993469241,-0.0134277344,-0.0017903646,-0.1743598090,0.0000868056
557668.1500229610,0.0294494629,9.7949218753,-0.0315856934,0.0000868056,-0.1745008680,0.0000976562
557668.1600229610,0.0271606445,9.8001098636,-0.0082397461,-0.0010742187,-0.1745768229,0.0000868056
557668.1700229610,0.0288391113,9.7970581058,-0.0248718262,-0.0013020833,-0.1745008680,0.0000976562
557668.1800229610,0.0297546387,9.7967529300,-0.0219726563,0.0002061632,-0.1744466146,0.0000976562
557668.1900229610,0.0289916992,9.7999572757,-0.0091552734,-0.0017252604,-0.1744249132,0.0000976562
557668.2000229610,0.0285339355,9.7947692874,-0.0326538086,-0.0003255208,-0.1745008680,0.0000759549
557668.2100229610,0.0262451172,9.7998046878,-0.0112915039,-0.0004774306,-0.1745225694,0.0001085069
557668.2200229610,0.0285339355,9.7985839847,-0.0177001953,-0.0017144097,-0.1745117187,0.0000868056
557668.2300229610,0.0300598145,9.7958374027,-0.0296020508,0.0002061632,-0.1745442708,0.0001085069
557668.2400229611,0.0280761719,9.8011779788,-0.0062561035,-0.0013671875,-0.1745225694,0.0000976562
557668.2500229609,0.0283813477,9.7959899906,-0.0286865234,-0.0009440104,-0.1745442708,0.0001193576
557668.2600229610,0.0286865234,9.7985839847,-0.0195312500,0.0000000000,-0.1744900174,0.0001085069
557668.2700229610,0.0285339355,9.8004150394,-0.0105285645,-0.0017903646,-0.1743272569,0.0000976562
557668.2800229610,0.0294494629,9.7946166995,-0.0325012207,-0.0001085069,-0.1745225694,0.0000976562
557668.2900229610,0.0274658203,9.8002624515,-0.0093078613,-0.0008138021,-0.1745225694,0.0000868056
557668.3000229610,0.0282287598,9.7975158695,-0.0209045410,-0.0014431424,-0.1744574653,0.0001085069
557668.3100229610,0.0289916992,9.7967529300,-0.0251770020,0.0001844618,-0.1744900174,0.0001193576
557668.3200229610,0.0302124023,9.8008728031,-0.0094604492,-0.0016384549,-0.1743923611,0.0000976562
557668.3300229610,0.0286865234,9.7952270511,-0.0317382813,-0.0004991319,-0.1745334201,0.0000976562
557668.3400229610,0.0277709961,9.7993469241,-0.0119018555,-0.0003255208,-0.1745008680,0.0001085069
557668.3500229610,0.0285339355,9.7991943363,-0.0160217285,-0.0018012153,-0.1744466146,0.0000868056
557668.3600229610,0.0296020508,9.7956848148,-0.0308227539,0.0001627604,-0.1745551215,0.0000976562
557668.3700229611,0.0282287598,9.8002624515,-0.0068664551,-0.0012478299,-0.1745551215,0.0000868056
557668.3800229609,0.0273132324,9.7970581058,-0.0271606445,-0.0010525174,-0.1744791667,0.0001193576
557668.3900229610,0.0283813477,9.7982788089,-0.0186157227,0.0000542535,-0.1744466146,0.0001193576
557668.4000229610,0.0296020508,9.8001098636,-0.0106811523,-0.0017903646,-0.1743706597,0.0001085069
557668.4100229610,0.0300598145,9.7950744632,-0.0315856934,-0.0000976562,-0.1744574653,0.0000868056
557668.4200229610,0.0280761719,9.7996520999,-0.0085449219,-0.0008355035,-0.1744140625,0.0000868056
557668.4300229610,0.0271606445,9.7973632816,-0.0231933594,-0.0014756944,-0.1744140625,0.0001085069
557668.4400229610,0.0280761719,9.7966003421,-0.0256347656,0.0002170139,-0.1745551215,0.0001085069
557668.4500229610,0.0296020508,9.8004150394,-0.0076293945,-0.0016167535,-0.1745117187,0.0000868056
557668.4600229610,0.0291442871,9.7956848148,-0.0308227539,-0.0005533854,-0.1744683160,0.0000759549
557668.4700229610,0.0274658203,9.7979736331,-0.0143432617,-0.0002821181,-0.1745876736,0.0001085069
557668.4800229610,0.0277709961,9.7987365726,-0.0163269043,-0.0017903646,-0.1744900174,0.0000976562
557668.4900229611,0.0299072266,9.7947692874,-0.0303649902,0.0001410590,-0.1745551215,0.0001085069
557668.5000229609,0.0297546387,9.8007202152,-0.0065612793,-0.0012152778,-0.1745334201,0.0000976562
557668.5100229610,0.0289916992,9.7958374027,-0.0273132324,-0.0010959201,-0.1744791667,0.0000976562
557668.5200229610,0.0271606445,9.7975158695,-0.0202941895,0.0000976562,-0.1745442708,0.0001085069
557668.5300229610,0.0279235840,9.7999572757,-0.0088500977,-0.0018012153,-0.1744791667,0.0000976562
557668.5400229610,0.0297546387,9.7947692874,-0.0318908691,-0.0002170139,-0.1744900174,0.0001085069
557668.5500229610,0.0294494629,9.7996520999,-0.0100708008,-0.0005967882,-0.1744574653,0.0000976562
557668.5600229610,0.0276184082,9.7982788089,-0.0196838379,-0.0016276042,-0.1744357639,0.0000976562
557668.5700229610,0.0276184082,9.7961425784,-0.0283813477,0.0002387153,-0.1745442708,0.0001085069
557668.5800229610,0.0279235840,9.8004150394,-0.0062561035,-0.0014539931,-0.1744249132,0.0001302083
557668.5900229610,0.0303649902,9.7962951663,-0.0286865234,-0.0008680556,-0.1744466146,0.0001085069
557668.6000229610,0.0288391113,9.7978210452,-0.0181579590,0.0000108507,-0.1745985243,0.0000868056
557668.6100229610,0.0280761719,9.7991943363,-0.0122070313,-0.0018446181,-0.1744466146,0.0000868056
557668.6200229611,0.0280761719,9.7950744632,-0.0320434570,-0.0000759549,-0.1745876736,0.0001085069
557668.6300229609,0.0286865234,9.8002624515,-0.0085449219,-0.0008463542,-0.1745334201,0.0001085069
557668.6400229610,0.0296020508,9.7975158695,-0.0212097168,-0.0015082465,-0.1744791667,0.0000868056
557668.6500229610,0.0282287598,9.7967529300,-0.0267028809,0.0002604167,-0.1745551215,0.0001085069
557668.6600229610,0.0276184082,9.8005676273,-0.0064086914,-0.0015842014,-0.1745117187,0.0001085069
557668.6700229610,0.0283813477,9.7952270511,-0.0305175781,-0.0006618924,-0.1744683160,0.0000868056
557668.6800229610,0.0291442871,9.7988891605,-0.0160217285,-0.0001844618,-0.1744249132,0.0001193576
557668.6900229610,0.0283813477,9.7987365726,-0.0144958496,-0.0018229167,-0.1744900174,0.0000976562
557668.7000229610,0.0276184082,9.7950744632,-0.0312805176,0.0000651042,-0.1744466146,0.0001193576
557668.7100229610,0.0279235840,9.7999572757,-0.0064086914,-0.0010199653,-0.1744140625,0.0001193576
557668.7200229610,0.0302124023,9.7972106937,-0.0236511230,-0.0012912326,-0.1743706597,0.0000976562
557668.7300229620,0.0289916992,9.7967529300,-0.0239562988,0.0002061632,-0.1746093750,0.0000976562
557668.7400229620,0.0271606445,9.8001098636,-0.0093078613,-0.0017144097,-0.1745117187,0.0000759549
557668.7500229620,0.0283813477,9.7947692874,-0.0314331055,-0.0003906250,-0.1744466146,0.0000976562
557668.7600229620,0.0291442871,9.7994995120,-0.0102233887,-0.0003906250,-0.1745008680,0.0000976562
557668.7700229620,0.0291442871,9.7985839847,-0.0166320801,-0.0017686632,-0.1745659722,0.0000976562
557668.7800229620,0.0277709961,9.7952270511,-0.0311279297,0.0002495660,-0.1746310764,0.0001193576
557668.7900229620,0.0279235840,9.8008728031,-0.0059509277,-0.0012695312,-0.1744791667,0.0001193576
557668.8000229620,0.0285339355,9.7966003421,-0.0257873535,-0.0011176215,-0.1744466146,0.0000868056
557668.8100229620,0.0291442871,9.7975158695,-0.0218200684,0.0001410590,-0.1745876736,0.0001193576
557668.8200229621,0.0289916992,9.8007202152,-0.0106811523,-0.0017578125,-0.1744791667,0.0000759549
557668.8300229619,0.0273132324,9.7949218753,-0.0317382813,-0.0002821181,-0.1744900174,0.0001085069
557668.8400229620,0.0279235840,9.7998046878,-0.0088500977,-0.0005859375,-0.1744683160,0.0001193576
557668.8500229620,0.0300598145,9.7982788089,-0.0193786621,-0.0016493056,-0.1744466146,0.0000868056
557668.8600229620,0.0297546387,9.7961425784,-0.0299072266,0.0002712674,-0.1745876736,0.0001085069
557668.8700229620,0.0271606445,9.8008728031,-0.0057983398,-0.0014648437,-0.1744900174,0.0000976562
557668.8800229620,0.0283813477,9.7956848148,-0.0274658203,-0.0009223090,-0.1745551215,0.0001085069
557668.8900229620,0.0283813477,9.7979736331,-0.0178527832,0.0000108507,-0.1745985243,0.0000868056
557668.9000229620,0.0286865234,9.7999572757,-0.0115966797,-0.0018446181,-0.1744357639,0.0001085069
557668.9100229620,0.0282287598,9.7950744632,-0.0320434570,-0.0000759549,-0.1744900174,0.0001085069
557668.9200229620,0.0276184082,9.7999572757,-0.0077819824,-0.0007812500,-0.1745225694,0.0001193576
557668.9300229620,0.0292968750,9.7970581058,-0.0213623047,-0.0014648437,-0.1743815104,0.0000976562
557668.9400229621,0.0289916992,9.7970581058,-0.0245666504,0.0002061632,-0.1744683160,0.0000976562
557668.9500229619,0.0283813477,9.8001098636,-0.0077819824,-0.0016276042,-0.1744466146,0.0000759549
557668.9600229620,0.0282287598,9.7952270511,-0.0302124023,-0.0005316840,-0.1744249132,0.0001193576
557668.9700229620,0.0289916992,9.7988891605,-0.0128173828,-0.0003580729,-0.1745117187,0.0001085069
557668.9800229620,0.0294494629,9.7990417484,-0.0167846680,-0.0017252604,-0.1743598090,0.0001085069
557668.9900229620,0.0291442871,9.7950744632,-0.0302124023,0.0001627604,-0.1745225694,0.0000976562
557669.0000229620,0.0279235840,9.8008728031,-0.0064086914,-0.0012478299,-0.1745442708,0.0000868056
557669.0100229620,0.0285339355,9.7961425784,-0.0265502930,-0.0010091146,-0.1747178819,0.0001193576
557669.0200229620,0.0294494629,9.7975158695,-0.0192260742,0.0000325521,-0.1745008680,0.0000976562
557669.0300229620,0.0286865234,9.7998046878,-0.0115966797,-0.0018446181,-0.1745442708,0.0000976562
557669.0400229620,0.0285339355,9.7947692874,-0.0317382813,-0.0001193576,-0.1744900174,0.0001085069
557669.0500229620,0.0270080566,9.7996520999,-0.0085449219,-0.0006944444,-0.1745225694,0.0001085069
557669.0600229620,0.0286865234,9.7978210452,-0.0216674805,-0.0015407986,-0.1745551215,0.0001085069
557669.0700229621,0.0296020508,9.7961425784,-0.0268554688,0.0002387153,-0.1745442708,0.0000868056
557669.0800229619,0.0283813477,9.8008728031,-0.0053405762,-0.0015733507,-0.1743923611,0.0000868056
557669.0900229620,0.0279235840,9.7955322269,-0.0297546387,-0.0006727431,-0.1745117187,0.0001193576
557669.1000229620,0.0282287598,9.7985839847,-0.0151062012,-0.0001627604,-0.1745117187,0.0001085069
557669.1100229620,0.0289916992,9.7994995120,-0.0138854980,-0.0018337674,-0.1743598090,0.0000976562
557669.1200229620,0.0294494629,9.7949218753,-0.0317382813,0.0000976562,-0.1745334201,0.0000976562
557669.1300229620,0.0263977051,9.8007202152,-0.0065612793,-0.0010199653,-0.1745008680,0.0000976562
557669.1400229620,0.0285339355,9.7966003421,-0.0233459473,-0.0012912326,-0.1744357639,0.0000868056
557669.1500229620,0.0296020508,9.7966003421,-0.0225830078,0.0002170139,-0.1746310764,0.0001085069
557669.1600229620,0.0294494629,9.7998046878,-0.0085449219,-0.0017578125,-0.1743923611,0.0001085069
557669.1700229620,0.0285339355,9.7955322269,-0.0331115723,-0.0004231771,-0.1745334201,0.0000976562
557669.1800229620,0.0267028809,9.7988891605,-0.0111389160,-0.0003797743,-0.1745008680,0.0001193576
557669.1900229621,0.0291442871,9.7984313968,-0.0169372559,-0.0016818576,-0.1745334201,0.0001085069
557669.2000229619,0.0306701660,9.7953796390,-0.0294494629,0.0002170139,-0.1745768229,0.0000976562
557669.2100229620,0.0280761719,9.8004150394,-0.0064086914,-0.0013780382,-0.1745225694,0.0000868056
557669.2200229620,0.0270080566,9.7962951663,-0.0271606445,-0.0009223090,-0.1745442708,0.0001193576
557669.2300229620,0.0276184082,9.7979736331,-0.0184631348,-0.0000434028,-0.1745117187,0.0001085069
557669.2400229620,0.0300598145,9.7994995120,-0.0128173828,-0.0017686632,-0.1744140625,0.0000868056
557669.2500229620,0.0292968750,9.7949218753,-0.0299072266,-0.0000108507,-0.1744900174,0.0001085069
557669.2600229620,0.0276184082,9.7999572757,-0.0057983398,-0.0009548611,-0.1744357639,0.0000868056
557669.2700229620,0.0276184082,9.7964477542,-0.0231933594,-0.0012912326,-0.1744357639,0.0001302083
557669.2800229620,0.0308227539,9.7967529300,-0.0242614746,0.0001519097,-0.1744900174,0.0000976562
557669.2900229620,0.0291442871,9.7998046878,-0.0083923340,-0.0017252604,-0.1745117187,0.0000868056
557669.3000229620,0.0280761719,9.7958374027,-0.0297546387,-0.0004557292,-0.1744357639,0.0001193576
557669.3100229620,0.0265502930,9.7987365726,-0.0103759766,-0.0004123264,-0.1745442708,0.0001193576
557669.3200229621,0.0292968750,9.7981262210,-0.0187683105,-0.0016493056,-0.1745334201,0.0000976562
557669.3300229619,0.0305175781,9.7953796390,-0.0285339355,0.0001844618,-0.1746093750,0.0000976562
557669.3400229620,0.0279235840,9.8008728031,-0.0044250488,-0.0013780382,-0.1745334201,0.0000868056
557669.3500229620,0.0260925293,9.7959899906,-0.0280761719,-0.0008789062,-0.1745442708,0.0001193576
557669.3600229620,0.0294494629,9.7982788089,-0.0192260742,-0.0000108507,-0.1745334201,0.0001302083
557669.3700229620,0.0317382813,9.7993469241,-0.0114440918,-0.0018120660,-0.1744357639,0.0000868056
557669.3800229620,0.0280761719,9.7955322269,-0.0300598145,-0.0000651042,-0.1745442708,0.0000868056
557669.3900229620,0.0250244141,9.8001098636,-0.0067138672,-0.0007812500,-0.1745117187,0.0001410590
557669.4000229620,0.0285339355,9.7973632816,-0.0244140625,-0.0014105903,-0.1745008680,0.0001085069
557669.4100229620,0.0311279297,9.7964477542,-0.0265502930,0.0002170139,-0.1745334201,0.0001085069
557669.4200229620,0.0291442871,9.8005676273,-0.0053405762,-0.0016493056,-0.1745225694,0.0000759549
557669.4300229620,0.0259399414,9.7955322269,-0.0292968750,-0.0005533854,-0.1744466146,0.0001085069
557669.4400229621,0.0279235840,9.7984313968,-0.0151062012,-0.0002495660,-0.1744574653,0.0001302083
557669.4500229619,0.0305175781,9.7996520999,-0.0160217285,-0.0018120660,-0.1745334201,0.0000976562
557669.4600229620,0.0299072266,9.7953796390,-0.0291442871,0.0001193576,-0.1744900174,0.0000976562
557669.4700229620,0.0270080566,9.8002624515,-0.0054931641,-0.0010525174,-0.1745117187,0.0000868056
557669.4800229620,0.0277709961,9.7970581058,-0.0267028809,-0.0012261285,-0.1745768229,0.0000976562
557669.4900229620,0.0286865234,9.7970581058,-0.0225830078,0.0001410590,-0.1744574653,0.0001085069
557669.5000229620,0.0289916992,9.8005676273,-0.0053405762,-0.0017686632,-0.1744683160,0.0000976562
557669.5100229620,0.0286865234,9.7952270511,-0.0305175781,-0.0002929687,-0.1745008680,0.0001085069
557669.5200229620,0.0282287598,9.7996520999,-0.0125122070,-0.0004665799,-0.1743815104,0.0001302083
557669.5300229620,0.0285339355,9.7981262210,-0.0193786621,-0.0016818576,-0.1745117187,0.0001085069
557669.5400229620,0.0283813477,9.7959899906,-0.0282287598,0.0001844618,-0.1745551215,0.0001085069
557669.5500229620,0.0289916992,9.8008728031,-0.0048828125,-0.0013780382,-0.1745659722,0.0000976562
557669.5600229620,0.0294494629,9.7955322269,-0.0283813477,-0.0008789062,-0.1745659722,0.0001085069
557669.5700229621,0.0274658203,9.7979736331,-0.0186157227,0.0000000000,-0.1745225694,0.0001085069
557669.5800229619,0.0265502930,9.7999572757,-0.0117492676,-0.0018229167,-0.1745442708,0.0000976562
557669.5900229620,0.0294494629,9.7946166995,-0.0303649902,0.0000000000,-0.1745551215,0.0001085069
557669.6000229620,0.0297546387,9.8007202152,-0.0073242188,-0.0008355035,-0.1745008680,0.0000868056
557669.6100229620,0.0276184082,9.7973632816,-0.0230407715,-0.0014539931,-0.1745225694,0.0000976562
557669.6200229620,0.0273132324,9.7962951663,-0.0256347656,0.0002712674,-0.1745442708,0.0001302083
557669.6300229620,0.0291442871,9.8007202152,-0.0057983398,-0.0016818576,-0.1744357639,0.0000976562
557669.6400229620,0.0294494629,9.7949218753,-0.0296020508,-0.0005316840,-0.1744683160,0.0001193576
557669.6500229620,0.0279235840,9.7990417484,-0.0154113770,-0.0001844618,-0.1745334201,0.0000976562
557669.6600229620,0.0274658203,9.7994995120,-0.0148010254,-0.0018446181,-0.1744140625,0.0001085069
557669.6700229620,0.0277709961,9.7952270511,-0.0297546387,0.0001193576,-0.1744900174,0.0001302083
557669.6800229620,0.0291442871,9.8004150394,-0.0041198730,-0.0010525174,-0.1744574653,0.0001302083
557669.6900229621,0.0306701660,9.7964477542,-0.0250244141,-0.0012695312,-0.1744791667,0.0000976562
557669.7000229619,0.0285339355,9.7972106937,-0.0228881836,0.0001844618,-0.1745117187,0.0001193576
557669.7100229620,0.0268554688,9.8001098636,-0.0065612793,-0.0017469618,-0.1744466146,0.0001410590
557669.7200229620,0.0289916992,9.7947692874,-0.0315856934,-0.0003363715,-0.1745117187,0.0001193576
557669.7300229620,0.0297546387,9.7994995120,-0.0123596191,-0.0003797743,-0.1745551215,0.0001085069
557669.7400229620,0.0296020508,9.7991943363,-0.0163269043,-0.0017578125,-0.1744791667,0.0000976562
557669.7500229620,0.0276184082,9.7952270511,-0.0291442871,0.0001736111,-0.1746093750,0.0001193576
557669.7600229620,0.0279235840,9.8007202152,-0.0061035156,-0.0012803819,-0.1744791667,0.0000976562
557669.7700229620,0.0282287598,9.7962951663,-0.0273132324,-0.0010416667,-0.1745008680,0.0001193576
557669.7800229620,0.0283813477,9.7982788089,-0.0190734863,0.0000542535,-0.1744574653,0.0001085069
557669.7900229620,0.0285339355,9.7999572757,-0.0099182129,-0.0017578125,-0.1744466146,0.0000976562
557669.8000229630,0.0280761719,9.7959899906,-0.0318908691,-0.0001193576,-0.1745008680,0.0001193576
557669.8100229630,0.0282287598,9.7999572757,-0.0080871582,-0.0007161458,-0.1744249132,0.0001085069
557669.8200229630,0.0285339355,9.7979736331,-0.0202941895,-0.0015733507,-0.1743706597,0.0001085069
557669.8300229630,0.0299072266,9.7962951663,-0.0270080566,0.0002604167,-0.1745768229,0.0001193576
557669.8400229630,0.0286865234,9.8008728031,-0.0059509277,-0.0015516493,-0.1744791667,0.0000976562
557669.8500229630,0.0288391113,9.7956848148,-0.0306701660,-0.0007052951,-0.1745225694,0.0001085069
557669.8600229630,0.0271606445,9.7985839847,-0.0141906738,-0.0000868056,-0.1745334201,0.0001193576
557669.8700229630,0.0282287598,9.7996520999,-0.0125122070,-0.0018337674,-0.1744574653,0.0000868056
557669.8800229630,0.0296020508,9.7955322269,-0.0311279297,0.0000434028,-0.1745551215,0.0001085069
557669.8900229631,0.0279235840,9.8005676273,-0.0056457520,-0.0009765625,-0.1744683160,0.0001193576
557669.9000229629,0.0279235840,9.7967529300,-0.0238037109,-0.0013780382,-0.1745008680,0.0001085069
557669.9100229630,0.0285339355,9.7970581058,-0.0244140625,0.0002604167,-0.1745334201,0.0001302083
557669.9200229630,0.0291442871,9.8005676273,-0.0068664551,-0.0017035590,-0.1743706597,0.0000976562
557669.9300229630,0.0289916992,9.7944641116,-0.0305175781,-0.0004557292,-0.1744791667,0.0000976562
557669.9400229630,0.0273132324,9.7988891605,-0.0115966797,-0.0003255208,-0.1745008680,0.0001085069
557669.9500229630,0.0285339355,9.7988891605,-0.0167846680,-0.0017469618,-0.1743923611,0.0001085069
557669.9600229630,0.0285339355,9.7966003421,-0.0299072266,0.0001627604,-0.1744900174,0.0001193576
557669.9700229630,0.0289916992,9.8005676273,-0.0051879883,-0.0012261285,-0.1744791667,0.0001193576
557669.9800229630,0.0292968750,9.7961425784,-0.0262451172,-0.0010525174,-0.1744683160,0.0001193576
557669.9900229630,0.0277709961,9.7973632816,-0.0202941895,0.0001302083,-0.1744683160,0.0001193576
557670.0000229630,0.0282287598,9.8002624515,-0.0099182129,-0.0018120660,-0.1745117187,0.0000976562
557670.0100229630,0.0292968750,9.7956848148,-0.0314331055,-0.0001844618,-0.1749023437,0.0001193576
557670.0200229631,0.0289916992,9.8001098636,-0.0074768066,-0.0007052951,-0.1745442708,0.0001085069
557670.0300229630,0.0286865234,9.7982788089,-0.0205993652,-0.0015082465,-0.1745442708,0.0001302083
557670.0400229630,0.0277709961,9.7964477542,-0.0271606445,0.0002387153,-0.1744683160,0.0001085069
557670.0500229630,0.0285339355,9.8004150394,-0.0064086914,-0.0015625000,-0.1745334201,0.0001302083
557670.0600229630,0.0291442871,9.7953796390,-0.0277709961,-0.0006727431,-0.1744249132,0.0001410590
557670.0700229630,0.0291442871,9.7982788089,-0.0140380859,-0.0001085069,-0.1744466146,0.0001085069
557670.0800229630,0.0288391113,9.7993469241,-0.0146484375,-0.0018337674,-0.1744357639,0.0000868056
557670.0900229630,0.0274658203,9.7950744632,-0.0315856934,0.0000542535,-0.1744249132,0.0001302083
557670.1000229630,0.0286865234,9.8002624515,-0.0051879883,-0.0010525174,-0.1745117187,0.0001193576
557670.1100229630,0.0299072266,9.7969055179,-0.0224304199,-0.0012261285,-0.1744466146,0.0001193576
557670.1200229630,0.0292968750,9.7966003421,-0.0230407715,0.0002170139,-0.1744900174,0.0000976562
557670.1300229630,0.0271606445,9.7998046878,-0.0102233887,-0.0017361111,-0.1745442708,0.0001085069
557670.1400229631,0.0289916992,9.7950744632,-0.0308227539,-0.0003472222,-0.1744683160,0.0001085069
557670.1500229629,0.0291442871,9.7994995120,-0.0082397461,-0.0005425347,-0.1745225694,0.0001193576
557670.1600229630,0.0292968750,9.7982788089,-0.0193786621,-0.0015733507,-0.1744466146,0.0001085069
557670.1700229630,0.0283813477,9.7956848148,-0.0280761719,0.0001844618,-0.1745008680,0.0001193576
557670.1800229630,0.0270080566,9.8008728031,-0.0045776367,-0.0014648437,-0.1744900174,0.0001085069
557670.1900229630,0.0289916992,9.7953796390,-0.0265502930,-0.0007703993,-0.1745225694,0.0001193576
557670.2000229630,0.0299072266,9.7978210452,-0.0160217285,-0.0000325521,-0.1745008680,0.0001085069
557670.2100229630,0.0277709961,9.7994995120,-0.0135803223,-0.0018012153,-0.1744574653,0.0000976562
557670.2200229630,0.0279235840,9.7947692874,-0.0309753418,0.0000000000,-0.1744357639,0.0001193576
557670.2300229630,0.0276184082,9.8008728031,-0.0050354004,-0.0010091146,-0.1745008680,0.0001302083
557670.2400229630,0.0297546387,9.7970581058,-0.0215148926,-0.0013020833,-0.1744574653,0.0001302083
557670.2500229630,0.0297546387,9.7961425784,-0.0259399414,0.0002495660,-0.1745334201,0.0000976562
557670.2600229630,0.0268554688,9.7999572757,-0.0079345703,-0.0017144097,-0.1744683160,0.0001302083
557670.2700229631,0.0288391113,9.7950744632,-0.0300598145,-0.0004340278,-0.1745442708,0.0001193576
557670.2800229630,0.0303649902,9.7991943363,-0.0106811523,-0.0003255208,-0.1745334201,0.0001193576
557670.2900229630,0.0294494629,9.7991943363,-0.0160217285,-0.0018012153,-0.1744249132,0.0001085069
557670.3000229630,0.0277709961,9.7953796390,-0.0303649902,0.0002170139,-0.1746419271,0.0001085069
557670.3100229630,0.0276184082,9.8002624515,-0.0036621094,-0.0012261285,-0.1745117187,0.0001302083
557670.3200229630,0.0302124023,9.7966003421,-0.0267028809,-0.0010416667,-0.1745659722,0.0000976562
557670.3300229630,0.0300598145,9.7972106937,-0.0209045410,0.0001519097,-0.1745334201,0.0001085069
557670.3400229630,0.0292968750,9.8002624515,-0.0079345703,-0.0018229167,-0.1744574653,0.0000976562
557670.3500229630,0.0270080566,9.7947692874,-0.0320434570,-0.0001736111,-0.1744683160,0.0001193576
557670.3600229630,0.0283813477,9.7998046878,-0.0082397461,-0.0006184896,-0.1743706597,0.0001302083
557670.3700229630,0.0300598145,9.7978210452,-0.0190734863,-0.0015842014,-0.1744683160,0.0000976562
557670.3800229630,0.0292968750,9.7964477542,-0.0273132324,0.0002604167,-0.1744249132,0.0001193576
557670.3900229631,0.0276184082,9.8001098636,-0.0057983398,-0.0015082465,-0.1744791667,0.0000976562
557670.4000229629,0.0274658203,9.7952270511,-0.0288391113,-0.0007269965,-0.1745117187,0.0001085069
557670.4100229630,0.0296020508,9.7984313968,-0.0151062012,-0.0000976562,-0.1745225694,0.0001193576
557670.4200229630,0.0303649902,9.7990417484,-0.0123596191,-0.0018337674,-0.1744791667,0.0001085069
557670.4300229630,0.0283813477,9.7949218753,-0.0299072266,0.0000000000,-0.1745117187,0.0001193576
557670.4400229630,0.0270080566,9.8004150394,-0.0054931641,-0.0009331597,-0.1745334201,0.0001193576
557670.4500229630,0.0292968750,9.7969055179,-0.0242614746,-0.0013129340,-0.1745225694,0.0001302083
557670.4600229630,0.0299072266,9.7967529300,-0.0253295898,0.0002170139,-0.1745442708,0.0001085069
557670.4700229630,0.0285339355,9.7994995120,-0.0056457520,-0.0016710069,-0.1745334201,0.0001085069
557670.4800229630,0.0270080566,9.7952270511,-0.0289916992,-0.0004557292,-0.1744357639,0.0001193576
557670.4900229630,0.0292968750,9.7984313968,-0.0114440918,-0.0003255208,-0.1744357639,0.0001085069
557670.5000229630,0.0300598145,9.7985839847,-0.0172424316,-0.0017903646,-0.1743598090,0.0001085069
557670.5100229630,0.0300598145,9.7955322269,-0.0292968750,0.0001844618,-0.1744683160,0.0001085069
557670.5200229631,0.0268554688,9.8004150394,-0.0042724609,-0.0012478299,-0.1745225694,0.0001302083
557670.5300229630,0.0283813477,9.7961425784,-0.0262451172,-0.0009765625,-0.1744466146,0.0001193576
557670.5400229630,0.0305175781,9.7972106937,-0.0198364258,0.0000434028,-0.1745551215,0.0001085069
557670.5500229630,0.0292968750,9.7998046878,-0.0106811523,-0.0018120660,-0.1744683160,0.0000976562
557670.5600229630,0.0279235840,9.7952270511,-0.0285339355,-0.0001085069,-0.1745117187,0.0001085069
557670.5700229630,0.0270080566,9.8001098636,-0.0079345703,-0.0007812500,-0.1745442708,0.0001302083
557670.5800229630,0.0299072266,9.7973632816,-0.0233459473,-0.0013888889,-0.1744791667,0.0000976562
557670.5900229630,0.0294494629,9.7966003421,-0.0236511230,0.0001844618,-0.1745985243,0.0001085069
557670.6000229630,0.0288391113,9.8005676273,-0.0039672852,-0.0016384549,-0.1745225694,0.0000976562
557670.6100229630,0.0271606445,9.7955322269,-0.0297546387,-0.0004557292,-0.1745008680,0.0000976562
557670.6200229630,0.0282287598,9.7981262210,-0.0138854980,-0.0003689236,-0.1745225694,0.0001302083
557670.6300229630,0.0302124023,9.7984313968,-0.0167846680,-0.0017361111,-0.1744466146,0.0001085069
557670.6400229631,0.0297546387,9.7958374027,-0.0256347656,0.0001736111,-0.1744900174,0.0000976562
557670.6500229629,0.0282287598,9.8002624515,-0.0050354004,-0.0012261285,-0.1744791667,0.0001193576
557670.6600229630,0.0280761719,9.7955322269,-0.0274658203,-0.0009548611,-0.1745008680,0.0001193576
557670.6700229630,0.0286865234,9.7976684574,-0.0196838379,0.0000108507,-0.1745008680,0.0001302083
557670.6800229630,0.0302124023,9.7994995120,-0.0085449219,-0.0018446181,-0.1744140625,0.0000976562
557670.6900229630,0.0285339355,9.7950744632,-0.0303649902,-0.0000759549,-0.1746093750,0.0001193576
557670.7000229630,0.0282287598,9.7993469241,-0.0090026855,-0.0007269965,-0.1744357639,0.0001193576
557670.7100229630,0.0292968750,9.7973632816,-0.0212097168,-0.0015082465,-0.1744900174,0.0001085069
557670.7200229630,0.0286865234,9.7955322269,-0.0247192383,0.0002278646,-0.1745551215,0.0001193576
557670.7300229630,0.0296020508,9.8008728031,-0.0047302246,-0.0015299479,-0.1744574653,0.0000976562
557670.7400229630,0.0282287598,9.7958374027,-0.0303649902,-0.0006293403,-0.1745659722,0.0001302083
557670.7500229630,0.0271606445,9.7982788089,-0.0154113770,-0.0001953125,-0.1745008680,0.0001193576
557670.7600229630,0.0294494629,9.7988891605,-0.0125122070,-0.0018229167,-0.1744791667,0.0001085069
557670.7700229631,0.0292968750,9.7952270511,-0.0289916992,0.0001410590,-0.1744140625,0.0001302083
557670.7800229630,0.0273132324,9.8002624515,-0.0064086914,-0.0010959201,-0.1744357639,0.0000976562
557670.7900229630,0.0280761719,9.7964477542,-0.0248718262,-0.0011501736,-0.1743706597,0.0001193576
557670.8000229630,0.0288391113,9.7973632816,-0.0204467773,0.0001519097,-0.1744574653,0.0001193576
557670.8100229630,0.0297546387,9.7999572757,-0.0082397461,-0.0017469618,-0.1744574653,0.0000976562
557670.8200229630,0.0297546387,9.7944641116,-0.0309753418,-0.0002495660,-0.1745117187,0.0001193576
557670.8300229630,0.0283813477,9.7990417484,-0.0093078613,-0.0005750868,-0.1744791667,0.0001302083
557670.8400229630,0.0291442871,9.7982788089,-0.0177001953,-0.0015950521,-0.1744683160,0.0001085069
557670.8500229630,0.0291442871,9.7955322269,-0.0262451172,0.0002604167,-0.1745442708,0.0001085069
557670.8600229630,0.0292968750,9.8005676273,-0.0054931641,-0.0014431424,-0.1745117187,0.0000868056
557670.8700229630,0.0282287598,9.7955322269,-0.0297546387,-0.0007703993,-0.1745985243,0.0001193576
557670.8800229640,0.0280761719,9.7981262210,-0.0152587891,-0.0001193576,-0.1745985243,0.0001302083
557670.8900229640,0.0286865234,9.7987365726,-0.0115966797,-0.0018012153,-0.1745551215,0.0001085069
557670.9000229640,0.0299072266,9.7953796390,-0.0300598145,0.0000542535,-0.1745117187,0.0001302083
557670.9100229640,0.0294494629,9.8001098636,-0.0056457520,-0.0009765625,-0.1744574653,0.0001193576
557670.9200229640,0.0280761719,9.7975158695,-0.0238037109,-0.0013129340,-0.1745117187,0.0000976562
557670.9300229640,0.0283813477,9.7972106937,-0.0227355957,0.0002387153,-0.1744466146,0.0001193576
557670.9400229640,0.0291442871,9.8007202152,-0.0062561035,-0.0016601562,-0.1744683160,0.0001085069
557670.9500229640,0.0296020508,9.7953796390,-0.0309753418,-0.0004123264,-0.1745334201,0.0001193576
557670.9600229640,0.0285339355,9.7988891605,-0.0112915039,-0.0004231771,-0.1745117187,0.0001085069
557670.9700229639,0.0282287598,9.7981262210,-0.0157165527,-0.0017035590,-0.1744249132,0.0001085069
557670.9800229640,0.0279235840,9.7952270511,-0.0276184082,0.0001736111,-0.1745225694,0.0001302083
557670.9900229640,0.0300598145,9.8002624515,-0.0054931641,-0.0012803819,-0.1744249132,0.0000976562
557671.0000229640,0.0297546387,9.7959899906,-0.0277709961,-0.0008680556,-0.1744249132,0.0000868056
557671.0100229640,0.0274658203,9.7976684574,-0.0172424316,-0.0000217014,-0.1748914930,0.0001302083
557671.0200229640,0.0283813477,9.7996520999,-0.0096130371,-0.0018229167,-0.1744791667,0.0001193576
557671.0300229640,0.0292968750,9.7949218753,-0.0302124023,-0.0000325521,-0.1745117187,0.0001302083
557671.0400229640,0.0303649902,9.7996520999,-0.0071716309,-0.0008463542,-0.1745334201,0.0001193576
557671.0500229640,0.0296020508,9.7976684574,-0.0218200684,-0.0013888889,-0.1744249132,0.0000868056
557671.0600229640,0.0267028809,9.7969055179,-0.0234985352,0.0002929687,-0.1745117187,0.0001085069
557671.0700229640,0.0285339355,9.8002624515,-0.0051879883,-0.0015950521,-0.1743706597,0.0001085069
557671.0800229640,0.0302124023,9.7961425784,-0.0306701660,-0.0005967882,-0.1744357639,0.0001193576
557671.0900229641,0.0296020508,9.7988891605,-0.0140380859,-0.0002170139,-0.1745225694,0.0001302083
557671.1000229639,0.0277709961,9.7993469241,-0.0137329102,-0.0018446181,-0.1744357639,0.0001085069
557671.1100229640,0.0279235840,9.7950744632,-0.0302124023,0.0001627604,-0.1745334201,0.0001193576
557671.1200229640,0.0299072266,9.8004150394,-0.0059509277,-0.0009657118,-0.1745659722,0.0000976562
557671.1300229640,0.0308227539,9.7969055179,-0.0241088867,-0.0013563368,-0.1744466146,0.0000868056
557671.1400229640,0.0279235840,9.7967529300,-0.0225830078,0.0002495660,-0.1745768229,0.0001193576
557671.1500229640,0.0273132324,9.8001098636,-0.0038146973,-0.0017035590,-0.1744900174,0.0001085069
557671.1600229640,0.0296020508,9.7949218753,-0.0308227539,-0.0004448785,-0.1744574653,0.0001410590
557671.1700229640,0.0296020508,9.7982788089,-0.0128173828,-0.0002929687,-0.1745117187,0.0001302083
557671.1800229640,0.0294494629,9.7988891605,-0.0140380859,-0.0017578125,-0.1743706597,0.0001302083
557671.1900229640,0.0282287598,9.7953796390,-0.0285339355,0.0001736111,-0.1744249132,0.0001085069
557671.2000229640,0.0282287598,9.8004150394,-0.0061035156,-0.0011284722,-0.1744357639,0.0001193576
557671.2100229640,0.0303649902,9.7967529300,-0.0256347656,-0.0011610243,-0.1743923611,0.0001193576
557671.2200229639,0.0303649902,9.7966003421,-0.0196838379,0.0001519097,-0.1745008680,0.0001085069
557671.2300229640,0.0291442871,9.7996520999,-0.0080871582,-0.0017469618,-0.1744357639,0.0001085069
557671.2400229640,0.0280761719,9.7949218753,-0.0312805176,-0.0001953125,-0.1745117187,0.0001085069
557671.2500229640,0.0286865234,9.7991943363,-0.0097656250,-0.0005859375,-0.1745442708,0.0001193576
557671.2600229640,0.0297546387,9.7979736331,-0.0183105469,-0.0015842014,-0.1744574653,0.0000976562
557671.2700229640,0.0292968750,9.7961425784,-0.0248718262,0.0002604167,-0.1745442708,0.0001193576
557671.2800229640,0.0282287598,9.8001098636,-0.0053405762,-0.0014648437,-0.1744791667,0.0001085069
557671.2900229640,0.0279235840,9.7952270511,-0.0299072266,-0.0007921007,-0.1745985243,0.0001302083
557671.3000229640,0.0294494629,9.7979736331,-0.0158691406,-0.0001085069,-0.1745442708,0.0001085069
557671.3100229640,0.0300598145,9.7996520999,-0.0106811523,-0.0017686632,-0.1744791667,0.0000976562
557671.3200229640,0.0283813477,9.7947692874,-0.0302124023,0.0000651042,-0.1745117187,0.0000976562
557671.3300229640,0.0271606445,9.7999572757,-0.0065612793,-0.0009006076,-0.1744574653,0.0001302083
557671.3400229641,0.0297546387,9.7961425784,-0.0207519531,-0.0014214410,-0.1744249132,0.0001302083
557671.3500229639,0.0297546387,9.7962951663,-0.0236511230,0.0002929687,-0.1745008680,0.0001410590
557671.3600229640,0.0296020508,9.8013305667,-0.0054931641,-0.0016493056,-0.1744357639,0.0000976562
557671.3700229640,0.0279235840,9.7947692874,-0.0311279297,-0.0005642361,-0.1745551215,0.0001193576
557671.3800229640,0.0274658203,9.7990417484,-0.0126647949,-0.0001627604,-0.1744900174,0.0001193576
557671.3900229640,0.0296020508,9.7988891605,-0.0119018555,-0.0017903646,-0.1744140625,0.0001085069
557671.4000229640,0.0294494629,9.7946166995,-0.0306701660,0.0001844618,-0.1745551215,0.0001193576
557671.4100229640,0.0285339355,9.8010253909,-0.0061035156,-0.0010525174,-0.1747721354,0.0001193576
557671.4200229640,0.0286865234,9.7966003421,-0.0227355957,-0.0013237847,-0.1745117187,0.0001410590
557671.4300229640,0.0286865234,9.7966003421,-0.0233459473,0.0002929687,-0.1745117187,0.0001193576
557671.4400229640,0.0291442871,9.8010253909,-0.0054931641,-0.0017144097,-0.1744140625,0.0001085069
557671.4500229640,0.0300598145,9.7952270511,-0.0312805176,-0.0004448785,-0.1744574653,0.0001302083
557671.4600229640,0.0279235840,9.7990417484,-0.0117492676,-0.0002387153,-0.1744466146,0.0001193576
557671.4700229639,0.0280761719,9.7991943363,-0.0122070313,-0.0018337674,-0.1744466146,0.0001085069
557671.4800229640,0.0303649902,9.7950744632,-0.0309753418,0.0001844618,-0.1744357639,0.0001302083
557671.4900229640,0.0286865234,9.8007202152,-0.0050354004,-0.0010525174,-0.1745225694,0.0001193576
557671.5000229640,0.0291442871,9.7973632816,-0.0242614746,-0.0013020833,-0.1744140625,0.0000976562
557671.5100229640,0.0286865234,9.7967529300,-0.0218200684,0.0002604167,-0.1745551215,0.0001302083
557671.5200229640,0.0282287598,9.7998046878,-0.0054931641,-0.0016818576,-0.1744574653,0.0001085069
557671.5300229640,0.0306701660,9.7953796390,-0.0314331055,-0.0003797743,-0.1744466146,0.0001085069
557671.5400229640,0.0288391113,9.7984313968,-0.0112915039,-0.0003797743,-0.1745225694,0.0001085069
557671.5500229640,0.0276184082,9.7982788089,-0.0154113770,-0.0017252604,-0.1744900174,0.0001302083
557671.5600229640,0.0286865234,9.7953796390,-0.0265502930,0.0002061632,-0.1745768229,0.0001302083
557671.5700229640,0.0294494629,9.8004150394,-0.0056457520,-0.0012695312,-0.1745985243,0.0001193576
557671.5800229640,0.0296020508,9.7958374027,-0.0267028809,-0.0009548611,-0.1745008680,0.0001193576
557671.5900229641,0.0271606445,9.7978210452,-0.0169372559,0.0000325521,-0.1745225694,0.0001085069
557671.6000229639,0.0286865234,9.7994995120,-0.0099182129,-0.0017361111,-0.1744357639,0.0001410590
557671.6100229640,0.0300598145,9.7946166995,-0.0311279297,-0.0000651042,-0.1744683160,0.0001193576
557671.6200229640,0.0292968750,9.8004150394,-0.0077819824,-0.0007921007,-0.1745334201,0.0001193576
557671.6300229640,0.0292968750,9.7975158695,-0.0198364258,-0.0014756944,-0.1744574653,0.0001302083
557671.6400229640,0.0279235840,9.7964477542,-0.0239562988,0.0002495660,-0.1745876736,0.0001085069
557671.6500229640,0.0294494629,9.7999572757,-0.0067138672,-0.0015407986,-0.1744683160,0.0001302083
557671.6600229640,0.0300598145,9.7955322269,-0.0285339355,-0.0005967882,-0.1744683160,0.0001085069
557671.6700229640,0.0289916992,9.7979736331,-0.0132751465,-0.0001736111,-0.1745551215,0.0001193576
557671.6800229640,0.0286865234,9.7990417484,-0.0128173828,-0.0018120660,-0.1744574653,0.0001085069
557671.6900229640,0.0277709961,9.7953796390,-0.0288391113,0.0001193576,-0.1744683160,0.0001302083
557671.7000229640,0.0294494629,9.8001098636,-0.0044250488,-0.0010742187,-0.1745551215,0.0001410590
557671.7100229640,0.0300598145,9.7964477542,-0.0236511230,-0.0011501736,-0.1744574653,0.0000976562
557671.7200229639,0.0283813477,9.7964477542,-0.0212097168,0.0001736111,-0.1746093750,0.0001085069
557671.7300229640,0.0283813477,9.8001098636,-0.0074768066,-0.0017578125,-0.1744574653,0.0001085069
557671.7400229640,0.0291442871,9.7946166995,-0.0300598145,-0.0002604167,-0.1744249132,0.0001302083
557671.7500229640,0.0303649902,9.7998046878,-0.0099182129,-0.0005208333,-0.1745225694,0.0001085069
557671.7600229640,0.0299072266,9.7981262210,-0.0173950195,-0.0016276042,-0.1744249132,0.0001302083
557671.7700229640,0.0274658203,9.7959899906,-0.0267028809,0.0002495660,-0.1745442708,0.0001193576
557671.7800229640,0.0279235840,9.8011779788,-0.0044250488,-0.0014214410,-0.1744466146,0.0001085069
557671.7900229640,0.0308227539,9.7956848148,-0.0286865234,-0.0007269965,-0.1745334201,0.0001302083
557671.8000229640,0.0302124023,9.7984313968,-0.0157165527,-0.0000217014,-0.1745008680,0.0001193576
557671.8100229640,0.0282287598,9.7988891605,-0.0122070313,-0.0018771701,-0.1745117187,0.0001085069
557671.8200229640,0.0282287598,9.7949218753,-0.0297546387,0.0000434028,-0.1745008680,0.0001302083
557671.8300229640,0.0299072266,9.8001098636,-0.0044250488,-0.0008897569,-0.1745225694,0.0001193576
557671.8400229641,0.0302124023,9.7966003421,-0.0239562988,-0.0013346354,-0.1744791667,0.0001193576
557671.8500229639,0.0291442871,9.7969055179,-0.0241088867,0.0002061632,-0.1745442708,0.0001085069
557671.8600229640,0.0285339355,9.8007202152,-0.0056457520,-0.0015950521,-0.1745117187,0.0001302083
557671.8700229640,0.0285339355,9.7947692874,-0.0292968750,-0.0004448785,-0.1744574653,0.0001410590
557671.8800229640,0.0308227539,9.7985839847,-0.0112915039,-0.0003255208,-0.1744466146,0.0001302083
557671.8900229640,0.0292968750,9.7990417484,-0.0155639648,-0.0017578125,-0.1744574653,0.0001193576
557671.9000229640,0.0277709961,9.7947692874,-0.0283813477,0.0001736111,-0.1744900174,0.0001085069
557671.9100229640,0.0282287598,9.8005676273,-0.0044250488,-0.0012152778,-0.1745442708,0.0001302083
557671.9200229640,0.0296020508,9.7959899906,-0.0262451172,-0.0009548611,-0.1745442708,0.0001085069
557671.9300229640,0.0311279297,9.7976684574,-0.0190734863,0.0000651042,-0.1744574653,0.0001302083
557671.9400229640,0.0289916992,9.8001098636,-0.0094604492,-0.0018012153,-0.1745442708,0.0001085069
557671.9500229650,0.0279235840,9.7950744632,-0.0292968750,-0.0000759549,-0.1745442708,0.0001302083
557671.9600229650,0.0286865234,9.8002624515,-0.0071716309,-0.0007921007,-0.1745008680,0.0001410590
557671.9700229650,0.0302124023,9.7972106937,-0.0227355957,-0.0013888889,-0.1744791667,0.0000868056
557671.9800229650,0.0292968750,9.7962951663,-0.0234985352,0.0001736111,-0.1745551215,0.0001193576
557671.9900229650,0.0283813477,9.8007202152,-0.0047302246,-0.0015516493,-0.1744683160,0.0001302083
557672.0000229650,0.0291442871,9.7958374027,-0.0303649902,-0.0004448785,-0.1745008680,0.0001193576
557672.0100229650,0.0288391113,9.7985839847,-0.0119018555,-0.0003797743,-0.1747287326,0.0001302083
557672.0200229650,0.0289916992,9.7985839847,-0.0161743164,-0.0016601562,-0.1743923611,0.0001085069
557672.0300229650,0.0285339355,9.7955322269,-0.0259399414,0.0001844618,-0.1744357639,0.0001193576
557672.0400229651,0.0292968750,9.8007202152,-0.0053405762,-0.0012803819,-0.1744357639,0.0001193576
557672.0500229649,0.0294494629,9.7958374027,-0.0277709961,-0.0008897569,-0.1744466146,0.0001193576
557672.0600229650,0.0296020508,9.7979736331,-0.0166320801,0.0000759549,-0.1744900174,0.0001302083
557672.0700229650,0.0297546387,9.7994995120,-0.0079345703,-0.0018229167,-0.1744574653,0.0001410590
557672.0800229650,0.0288391113,9.7955322269,-0.0315856934,-0.0000651042,-0.1745008680,0.0001193576
557672.0900229650,0.0294494629,9.8004150394,-0.0073242188,-0.0007921007,-0.1744791667,0.0001302083
557672.1000229650,0.0297546387,9.7976684574,-0.0199890137,-0.0014648437,-0.1745225694,0.0000976562
557672.1100229650,0.0289916992,9.7962951663,-0.0227355957,0.0002712674,-0.1744900174,0.0001193576
557672.1200229650,0.0286865234,9.8007202152,-0.0053405762,-0.0015625000,-0.1744900174,0.0000976562
557672.1300229650,0.0289916992,9.7950744632,-0.0311279297,-0.0004991319,-0.1746202257,0.0001410590
557672.1400229650,0.0288391113,9.7988891605,-0.0122070313,-0.0003255208,-0.1746093750,0.0001193576
557672.1500229650,0.0296020508,9.7988891605,-0.0138854980,-0.0017144097,-0.1744791667,0.0000976562
557672.1600229651,0.0299072266,9.7955322269,-0.0279235840,0.0001844618,-0.1745442708,0.0001302083
557672.1700229649,0.0288391113,9.8005676273,-0.0062561035,-0.0012044271,-0.1743923611,0.0001193576
557672.1800229650,0.0292968750,9.7969055179,-0.0262451172,-0.0010525174,-0.1743923611,0.0001302083
557672.1900229650,0.0291442871,9.7972106937,-0.0183105469,0.0001627604,-0.1745334201,0.0001302083
557672.2000229650,0.0305175781,9.7998046878,-0.0059509277,-0.0018012153,-0.1743815104,0.0001085069
557672.2100229650,0.0300598145,9.7947692874,-0.0320434570,-0.0001627604,-0.1745659722,0.0001193576
557672.2200229650,0.0279235840,9.7999572757,-0.0090026855,-0.0005316840,-0.1745225694,0.0001302083
557672.2300229650,0.0289916992,9.7985839847,-0.0164794922,-0.0016818576,-0.1744683160,0.0000976562
557672.2400229650,0.0303649902,9.7953796390,-0.0280761719,0.0003146701,-0.1745117187,0.0001302083
557672.2500229650,0.0302124023,9.8011779788,-0.0039672852,-0.0013237847,-0.1744357639,0.0000976562
557672.2600229650,0.0282287598,9.7959899906,-0.0256347656,-0.0009548611,-0.1744683160,0.0001193576
557672.2700229650,0.0274658203,9.7982788089,-0.0178527832,0.0001193576,-0.1746310764,0.0001302083
557672.2800229650,0.0305175781,9.8004150394,-0.0102233887,-0.0018229167,-0.1744900174,0.0001085069
557672.2900229651,0.0312805176,9.7953796390,-0.0305175781,-0.0000976562,-0.1745334201,0.0001302083
557672.3000229649,0.0289916992,9.8002624515,-0.0054931641,-0.0007595486,-0.1745008680,0.0001193576
557672.3100229650,0.0279235840,9.7972106937,-0.0186157227,-0.0014105903,-0.1743706597,0.0001085069
557672.3200229650,0.0285339355,9.7970581058,-0.0256347656,0.0002712674,-0.1745442708,0.0001410590
557672.3300229650,0.0305175781,9.7999572757,-0.0048828125,-0.0015842014,-0.1744791667,0.0001085069
557672.3400229650,0.0302124023,9.7950744632,-0.0292968750,-0.0005859375,-0.1744791667,0.0001193576
557672.3500229650,0.0282287598,9.7987365726,-0.0126647949,-0.0001736111,-0.1745334201,0.0001302083
557672.3600229650,0.0274658203,9.7994995120,-0.0123596191,-0.0018229167,-0.1744249132,0.0001193576
557672.3700229650,0.0306701660,9.7949218753,-0.0300598145,0.0001410590,-0.1744357639,0.0001302083
557672.3800229650,0.0311279297,9.8005676273,-0.0047302246,-0.0010308160,-0.1745334201,0.0001193576
557672.3900229650,0.0286865234,9.7967529300,-0.0222778320,-0.0012152778,-0.1744574653,0.0001193576
557672.4000229650,0.0273132324,9.7975158695,-0.0213623047,0.0002278646,-0.1745442708,0.0001302083
557672.4100229651,0.0292968750,9.7999572757,-0.0074768066,-0.0016818576,-0.1745551215,0.0001410590
557672.4200229649,0.0309753418,9.7955322269,-0.0305175781,-0.0003797743,-0.1745225694,0.0001302083
557672.4300229650,0.0302124023,9.7993469241,-0.0077819824,-0.0004340278,-0.1745117187,0.0000759549
557672.4400229650,0.0285339355,9.7981262210,-0.0158691406,-0.0015625000,-0.1744140625,0.0000976562
557672.4500229650,0.0276184082,9.7955322269,-0.0276184082,0.0001844618,-0.1744574653,0.0001302083
557672.4600229650,0.0297546387,9.8002624515,-0.0059509277,-0.0013563368,-0.1744357639,0.0001193576
557672.4700229650,0.0311279297,9.7961425784,-0.0267028809,-0.0008029514,-0.1745008680,0.0000868056
557672.4800229650,0.0288391113,9.7985839847,-0.0155639648,-0.0000759549,-0.1745985243,0.0001302083
557672.4900229650,0.0285339355,9.7996520999,-0.0106811523,-0.0018012153,-0.1744791667,0.0001193576
557672.5000229650,0.0289916992,9.7949218753,-0.0306701660,0.0000434028,-0.1744357639,0.0001302083
557672.5100229650,0.0305175781,9.8001098636,-0.0054931641,-0.0008789062,-0.1745008680,0.0001193576
557672.5200229650,0.0305175781,9.7970581058,-0.0221252441,-0.0013346354,-0.1744791667,0.0000976562
557672.5300229650,0.0276184082,9.7970581058,-0.0228881836,0.0002495660,-0.1745117187,0.0001302083
557672.5400229651,0.0286865234,9.8008728031,-0.0057983398,-0.0016601562,-0.1744791667,0.0001302083
557672.5500229649,0.0299072266,9.7950744632,-0.0294494629,-0.0004448785,-0.1745442708,0.0001302083
557672.5600229650,0.0305175781,9.7996520999,-0.0100708008,-0.0003580729,-0.1744574653,0.0001193576
557672.5700229650,0.0292968750,9.7988891605,-0.0160217285,-0.0016710069,-0.1745117187,0.0001085069
557672.5800229650,0.0273132324,9.7956848148,-0.0286865234,0.0002170139,-0.1745225694,0.0001302083
557672.5900229650,0.0282287598,9.8007202152,-0.0036621094,-0.0012803819,-0.1745117187,0.0001302083
557672.6000229650,0.0306701660,9.7958374027,-0.0263977051,-0.0009223090,-0.1744357639,0.0001085069
557672.6100229650,0.0292968750,9.7978210452,-0.0178527832,0.0000542535,-0.1745008680,0.0001302083
557672.6200229650,0.0291442871,9.7998046878,-0.0083923340,-0.0017686632,-0.1743923611,0.0001193576
557672.6300229650,0.0288391113,9.7953796390,-0.0291442871,-0.0001193576,-0.1745225694,0.0001193576
557672.6400229650,0.0303649902,9.7999572757,-0.0076293945,-0.0006944444,-0.1744791667,0.0001302083
557672.6500229650,0.0309753418,9.7976684574,-0.0207519531,-0.0014756944,-0.1744900174,0.0000976562
557672.6600229651,0.0283813477,9.7969055179,-0.0231933594,0.0002712674,-0.1745442708,0.0001193576
557672.6700229649,0.0292968750,9.8008728031,-0.0030517578,-0.0015082465,-0.1744574653,0.0001302083
557672.6800229650,0.0289916992,9.7956848148,-0.0297546387,-0.0006076389,-0.1745659722,0.0001193576
557672.6900229650,0.0299072266,9.7990417484,-0.0132751465,-0.0002387153,-0.1744900174,0.0001193576
557672.7000229650,0.0291442871,9.7987365726,-0.0138854980,-0.0017252604,-0.1745225694,0.0001302083
557672.7100229650,0.0282287598,9.7956848148,-0.0277709961,0.0001410590,-0.1744466146,0.0001193576
557672.7200229650,0.0294494629,9.8002624515,-0.0053405762,-0.0011176215,-0.1743923611,0.0001302083
557672.7300229650,0.0294494629,9.7966003421,-0.0256347656,-0.0010308160,-0.1745442708,0.0000976562
557672.7400229650,0.0291442871,9.7979736331,-0.0187683105,0.0000976562,-0.1744249132,0.0001302083
557672.7500229650,0.0292968750,9.7996520999,-0.0070190430,-0.0017686632,-0.1743815104,0.0001410590
557672.7600229650,0.0300598145,9.7955322269,-0.0308227539,-0.0001193576,-0.1744683160,0.0001193576
557672.7700229650,0.0305175781,9.7998046878,-0.0090026855,-0.0006076389,-0.1744249132,0.0001193576
557672.7800229650,0.0291442871,9.7981262210,-0.0189208984,-0.0015625000,-0.1745442708,0.0001085069
557672.7900229651,0.0283813477,9.7956848148,-0.0242614746,0.0003146701,-0.1745442708,0.0001302083
557672.8000229649,0.0297546387,9.8011779788,-0.0041198730,-0.0014648437,-0.1744574653,0.0001302083
557672.8100229650,0.0302124023,9.7956848148,-0.0289916992,-0.0007703993,-0.1745659722,0.0001193576
557672.8200229650,0.0291442871,9.7985839847,-0.0158691406,-0.0000868056,-0.1745117187,0.0001193576
557672.8300229650,0.0289916992,9.7993469241,-0.0096130371,-0.0018120660,-0.1745334201,0.0001193576
557672.8400229650,0.0291442871,9.7952270511,-0.0289916992,0.0000868056,-0.1746093750,0.0001193576
557672.8500229650,0.0297546387,9.8007202152,-0.0054931641,-0.0009331597,-0.1745442708,0.0001302083
557672.8600229650,0.0306701660,9.7967529300,-0.0227355957,-0.0013237847,-0.1744791667,0.0001302083
557672.8700229650,0.0283813477,9.7969055179,-0.0222778320,0.0002495660,-0.1744574653,0.0001302083
557672.8800229650,0.0288391113,9.8005676273,-0.0042724609,-0.0016601562,-0.1743598090,0.0001519097
557672.8900229650,0.0305175781,9.7953796390,-0.0306701660,-0.0003797743,-0.1744574653,0.0001193576
557672.9000229650,0.0300598145,9.7993469241,-0.0122070313,-0.0003689236,-0.1744249132,0.0001193576
557672.9100229651,0.0288391113,9.7988891605,-0.0149536133,-0.0016818576,-0.1745442708,0.0001085069
557672.9200229649,0.0289916992,9.7955322269,-0.0265502930,0.0002387153,-0.1745551215,0.0001410590
557672.9300229650,0.0299072266,9.8004150394,-0.0044250488,-0.0011935764,-0.1745334201,0.0001410590
557672.9400229650,0.0303649902,9.7964477542,-0.0277709961,-0.0010416667,-0.1745008680,0.0001193576
557672.9500229650,0.0294494629,9.7976684574,-0.0177001953,0.0000759549,-0.1745008680,0.0001302083
557672.9600229650,0.0283813477,9.7996520999,-0.0068664551,-0.0017686632,-0.1745442708,0.0001193576
557672.9700229650,0.0299072266,9.7949218753,-0.0309753418,-0.0001085069,-0.1744683160,0.0001193576
557672.9800229650,0.0302124023,9.7999572757,-0.0071716309,-0.0006184896,-0.1745334201,0.0001193576
557672.9900229650,0.0299072266,9.7981262210,-0.0173950195,-0.0015516493,-0.1744574653,0.0000976562
557673.0000229650,0.0283813477,9.7956848148,-0.0244140625,0.0002929687,-0.1744574653,0.0001193576
557673.0100229650,0.0288391113,9.8002624515,-0.0048828125,-0.0014648437,-0.1747395833,0.0001410590
557673.0200229660,0.0303649902,9.7953796390,-0.0285339355,-0.0006944444,-0.1744140625,0.0001302083
557673.0300229660,0.0303649902,9.7982788089,-0.0128173828,-0.0000759549,-0.1745334201,0.0001193576
557673.0400229660,0.0292968750,9.7993469241,-0.0097656250,-0.0018012153,-0.1745117187,0.0001085069
557673.0500229660,0.0286865234,9.7952270511,-0.0302124023,0.0000976562,-0.1745334201,0.0001302083
557673.0600229660,0.0296020508,9.8002624515,-0.0050354004,-0.0009223090,-0.1745008680,0.0001193576
557673.0700229660,0.0309753418,9.7969055179,-0.0228881836,-0.0012695312,-0.1744791667,0.0001302083
557673.0800229660,0.0296020508,9.7970581058,-0.0199890137,0.0002061632,-0.1744574653,0.0001302083
557673.0900229660,0.0288391113,9.8001098636,-0.0064086914,-0.0016818576,-0.1744900174,0.0001410590
557673.1000229660,0.0285339355,9.7950744632,-0.0311279297,-0.0003038194,-0.1745225694,0.0001085069
557673.1100229661,0.0303649902,9.7991943363,-0.0090026855,-0.0003906250,-0.1745551215,0.0001302083
557673.1200229659,0.0302124023,9.7988891605,-0.0157165527,-0.0016818576,-0.1744466146,0.0001085069
557673.1300229660,0.0286865234,9.7958374027,-0.0276184082,0.0002712674,-0.1745117187,0.0001302083
557673.1400229660,0.0288391113,9.8007202152,-0.0041198730,-0.0013129340,-0.1744357639,0.0001302083
557673.1500229660,0.0297546387,9.7964477542,-0.0263977051,-0.0008897569,-0.1744249132,0.0001302083
557673.1600229660,0.0297546387,9.7978210452,-0.0169372559,0.0000000000,-0.1744466146,0.0001302083
557673.1700229660,0.0302124023,9.8002624515,-0.0094604492,-0.0017686632,-0.1745225694,0.0001085069
557673.1800229660,0.0292968750,9.7955322269,-0.0285339355,0.0000000000,-0.1745442708,0.0001085069
557673.1900229660,0.0296020508,9.8002624515,-0.0067138672,-0.0007921007,-0.1744683160,0.0001410590
557673.2000229660,0.0308227539,9.7972106937,-0.0219726563,-0.0013997396,-0.1745551215,0.0000976562
557673.2100229660,0.0289916992,9.7964477542,-0.0218200684,0.0002604167,-0.1745768229,0.0001193576
557673.2200229660,0.0289916992,9.8011779788,-0.0035095215,-0.0016167535,-0.1743489583,0.0001410590
557673.2300229660,0.0296020508,9.7950744632,-0.0300598145,-0.0004774306,-0.1746093750,0.0001085069
557673.2400229661,0.0300598145,9.7993469241,-0.0119018555,-0.0002495660,-0.1745008680,0.0001193576
557673.2500229659,0.0308227539,9.7991943363,-0.0132751465,-0.0017144097,-0.1744357639,0.0001085069
557673.2600229660,0.0286865234,9.7955322269,-0.0274658203,0.0002061632,-0.1745334201,0.0001302083
557673.2700229660,0.0288391113,9.8007202152,-0.0038146973,-0.0011176215,-0.1744357639,0.0001302083
557673.2800229660,0.0305175781,9.7967529300,-0.0256347656,-0.0011176215,-0.1743923611,0.0001410590
557673.2900229660,0.0302124023,9.7969055179,-0.0193786621,0.0001302083,-0.1744466146,0.0001193576
557673.3000229660,0.0300598145,9.8001098636,-0.0065612793,-0.0017578125,-0.1743815104,0.0000976562
557673.3100229660,0.0286865234,9.7950744632,-0.0296020508,-0.0001627604,-0.1745442708,0.0001193576
557673.3200229660,0.0291442871,9.8001098636,-0.0097656250,-0.0005642361,-0.1747829861,0.0001302083
557673.3300229660,0.0309753418,9.7978210452,-0.0186157227,-0.0015082465,-0.1744683160,0.0001302083
557673.3400229660,0.0299072266,9.7956848148,-0.0241088867,0.0002604167,-0.1744900174,0.0001302083
557673.3500229660,0.0288391113,9.8005676273,-0.0041198730,-0.0014756944,-0.1744791667,0.0001410590
557673.3600229661,0.0297546387,9.7958374027,-0.0282287598,-0.0007595486,-0.1743706597,0.0001302083
557673.3700229659,0.0297546387,9.7984313968,-0.0154113770,-0.0000325521,-0.1745225694,0.0001193576
557673.3800229660,0.0300598145,9.7998046878,-0.0112915039,-0.0017686632,-0.1745225694,0.0001193576
557673.3900229660,0.0286865234,9.7952270511,-0.0263977051,0.0000651042,-0.1744683160,0.0001302083
557673.4000229660,0.0292968750,9.7998046878,-0.0065612793,-0.0009006076,-0.1745876736,0.0001519097
557673.4100229660,0.0302124023,9.7972106937,-0.0227355957,-0.0012695312,-0.1744683160,0.0001302083
557673.4200229660,0.0302124023,9.7969055179,-0.0210571289,0.0001844618,-0.1744683160,0.0001193576
557673.4300229660,0.0288391113,9.7999572757,-0.0051879883,-0.0016818576,-0.1745442708,0.0001302083
557673.4400229660,0.0296020508,9.7952270511,-0.0300598145,-0.0003363715,-0.1744683160,0.0001410590
557673.4500229660,0.0300598145,9.7996520999,-0.0112915039,-0.0003363715,-0.1744574653,0.0001193576
557673.4600229660,0.0308227539,9.7982788089,-0.0146484375,-0.0017035590,-0.1744900174,0.0001302083
557673.4700229660,0.0297546387,9.7950744632,-0.0271606445,0.0002387153,-0.1744900174,0.0001085069
557673.4800229660,0.0292968750,9.8004150394,-0.0044250488,-0.0012695312,-0.1745117187,0.0000976562
557673.4900229661,0.0292968750,9.7964477542,-0.0271606445,-0.0009874132,-0.1745008680,0.0001193576
557673.5000229659,0.0302124023,9.7973632816,-0.0180053711,0.0000976562,-0.1744574653,0.0001193576
557673.5100229660,0.0303649902,9.8002624515,-0.0076293945,-0.0017361111,-0.1744900174,0.0000976562
557673.5200229660,0.0288391113,9.7953796390,-0.0294494629,-0.0000651042,-0.1745008680,0.0001410590
557673.5300229660,0.0292968750,9.7999572757,-0.0071716309,-0.0007052951,-0.1744791667,0.0001193576
557673.5400229660,0.0302124023,9.7975158695,-0.0204467773,-0.0014865451,-0.1743598090,0.0001410590
557673.5500229660,0.0294494629,9.7961425784,-0.0225830078,0.0002604167,-0.1744900174,0.0001302083
557673.5600229660,0.0299072266,9.8007202152,-0.0048828125,-0.0015733507,-0.1744466146,0.0001085069
557673.5700229660,0.0291442871,9.7953796390,-0.0296020508,-0.0005099826,-0.1745442708,0.0001193576
557673.5800229660,0.0292968750,9.7985839847,-0.0108337402,-0.0002712674,-0.1745008680,0.0001302083
557673.5900229660,0.0299072266,9.7988891605,-0.0129699707,-0.0017035590,-0.1744791667,0.0001302083
557673.6000229660,0.0305175781,9.7953796390,-0.0288391113,0.0002061632,-0.1745008680,0.0001302083
557673.6100229661,0.0296020508,9.8001098636,-0.0053405762,-0.0011501736,-0.1744683160,0.0001193576
557673.6200229659,0.0289916992,9.7962951663,-0.0251770020,-0.0010416667,-0.1744791667,0.0001193576
557673.6300229660,0.0302124023,9.7975158695,-0.0169372559,0.0000868056,-0.1745334201,0.0001302083
557673.6400229660,0.0302124023,9.8001098636,-0.0085449219,-0.0017361111,-0.1744357639,0.0001085069
557673.6500229660,0.0289916992,9.7952270511,-0.0300598145,-0.0000651042,-0.1745551215,0.0001193576
557673.6600229660,0.0292968750,9.8004150394,-0.0059509277,-0.0007269965,-0.1745225694,0.0001519097
557673.6700229660,0.0303649902,9.7976684574,-0.0193786621,-0.0014214410,-0.1744249132,0.0001302083
557673.6800229660,0.0294494629,9.7961425784,-0.0245666504,0.0002495660,-0.1746093750,0.0001302083
557673.6900229660,0.0289916992,9.8004150394,-0.0050354004,-0.0015733507,-0.1743923611,0.0001085069
557673.7000229660,0.0291442871,9.7953796390,-0.0283813477,-0.0004665799,-0.1744466146,0.0001193576
557673.7100229660,0.0294494629,9.7996520999,-0.0106811523,-0.0002821181,-0.1744574653,0.0001302083
557673.7200229660,0.0303649902,9.7984313968,-0.0144958496,-0.0016493056,-0.1744249132,0.0000976562
557673.7300229660,0.0296020508,9.7955322269,-0.0265502930,0.0002278646,-0.1744574653,0.0001193576
557673.7400229661,0.0294494629,9.8005676273,-0.0047302246,-0.0012478299,-0.1745442708,0.0001302083
557673.7500229659,0.0306701660,9.7958374027,-0.0259399414,-0.0009657118,-0.1744574653,0.0001302083
557673.7600229660,0.0296020508,9.7979736331,-0.0170898438,0.0000651042,-0.1745876736,0.0001193576
557673.7700229660,0.0303649902,9.7998046878,-0.0088500977,-0.0017578125,-0.1745117187,0.0001085069
557673.7800229660,0.0294494629,9.7950744632,-0.0296020508,-0.0000217014,-0.1745551215,0.0001193576
557673.7900229660,0.0286865234,9.8002624515,-0.0062561035,-0.0007269965,-0.1745117187,0.0001085069
557673.8000229660,0.0299072266,9.7978210452,-0.0201416016,-0.0014431424,-0.1745008680,0.0001302083
557673.8100229660,0.0297546387,9.7964477542,-0.0233459473,0.0003038194,-0.1745551215,0.0001302083
557673.8200229660,0.0303649902,9.8007202152,-0.0038146973,-0.0015950521,-0.1745225694,0.0001085069
557673.8300229660,0.0299072266,9.7949218753,-0.0285339355,-0.0005425347,-0.1745008680,0.0001193576
557673.8400229660,0.0294494629,9.7990417484,-0.0131225586,-0.0001736111,-0.1744683160,0.0001193576
557673.8500229660,0.0291442871,9.7991943363,-0.0132751465,-0.0017686632,-0.1744466146,0.0001193576
557673.8600229661,0.0303649902,9.7950744632,-0.0276184082,0.0001844618,-0.1744032118,0.0001302083
557673.8700229659,0.0314331055,9.8001098636,-0.0056457520,-0.0010525174,-0.1744574653,0.0001302083
557673.8800229660,0.0306701660,9.7966003421,-0.0248718262,-0.0011935764,-0.1744574653,0.0001193576
557673.8900229660,0.0291442871,9.7972106937,-0.0196838379,0.0002170139,-0.1745225694,0.0001085069
557673.9000229660,0.0291442871,9.8004150394,-0.0054931641,-0.0017252604,-0.1744357639,0.0001085069
557673.9100229660,0.0305175781,9.7949218753,-0.0312805176,-0.0002712674,-0.1745117187,0.0001085069
557673.9200229660,0.0305175781,9.7999572757,-0.0090026855,-0.0004340278,-0.1745117187,0.0001302083
557673.9300229660,0.0294494629,9.7984313968,-0.0152587891,-0.0016167535,-0.1745117187,0.0000976562
557673.9400229660,0.0288391113,9.7956848148,-0.0253295898,0.0002604167,-0.1745334201,0.0001302083
557673.9500229660,0.0299072266,9.8001098636,-0.0048828125,-0.0013346354,-0.1745117187,0.0001193576
557673.9600229660,0.0309753418,9.7959899906,-0.0265502930,-0.0008355035,-0.1744466146,0.0001193576
557673.9700229660,0.0299072266,9.7978210452,-0.0143432617,0.0000000000,-0.1745117187,0.0001085069
557673.9800229660,0.0288391113,9.7993469241,-0.0106811523,-0.0017361111,-0.1744900174,0.0001302083
557673.9900229661,0.0296020508,9.7952270511,-0.0294494629,0.0000542535,-0.1742621528,0.0001302083
557674.0000229659,0.0302124023,9.8002624515,-0.0057983398,-0.0008572049,-0.1744791667,0.0001410590
557674.0100229660,0.0317382813,9.7970581058,-0.0202941895,-0.0013780382,-0.1747287326,0.0001302083
557674.0200229660,0.0309753418,9.7962951663,-0.0216674805,0.0002929687,-0.1744249132,0.0001085069
557674.0300229660,0.0279235840,9.8001098636,-0.0059509277,-0.0016493056,-0.1745225694,0.0000976562
557674.0400229660,0.0297546387,9.7955322269,-0.0302124023,-0.0004340278,-0.1744466146,0.0001193576
557674.0500229660,0.0309753418,9.7988891605,-0.0111389160,-0.0002604167,-0.1745225694,0.0001193576
557674.0600229660,0.0306701660,9.7991943363,-0.0125122070,-0.0017252604,-0.1745117187,0.0000976562
557674.0700229660,0.0276184082,9.7952270511,-0.0270080566,0.0002278646,-0.1745117187,0.0001410590
557674.0800229660,0.0294494629,9.8005676273,-0.0047302246,-0.0011610243,-0.1745225694,0.0001302083
557674.0900229660,0.0311279297,9.7953796390,-0.0265502930,-0.0010742187,-0.1745768229,0.0000868056
557674.1000229670,0.0305175781,9.7978210452,-0.0180053711,0.0001302083,-0.1747829861,0.0001085069
557674.1100229670,0.0294494629,9.7993469241,-0.0061035156,-0.0016818576,-0.1745442708,0.0000976562
557674.1200229670,0.0286865234,9.7950744632,-0.0315856934,-0.0000759549,-0.1745008680,0.0001410590
557674.1300229670,0.0303649902,9.7999572757,-0.0074768066,-0.0007052951,-0.1743815104,0.0001410590
557674.1400229670,0.0317382813,9.7976684574,-0.0177001953,-0.0013671875,-0.1744140625,0.0001302083
557674.1500229670,0.0297546387,9.7959899906,-0.0209045410,0.0002278646,-0.1744900174,0.0001302083
557674.1600229670,0.0296020508,9.8004150394,-0.0080871582,-0.0016167535,-0.1744249132,0.0000976562
557674.1700229670,0.0292968750,9.7944641116,-0.0300598145,-0.0004123264,-0.1745659722,0.0001193576
557674.1800229670,0.0309753418,9.7988891605,-0.0082397461,-0.0002929687,-0.1745008680,0.0001410590
557674.1900229671,0.0303649902,9.7990417484,-0.0140380859,-0.0016818576,-0.1744249132,0.0000976562
557674.2000229670,0.0280761719,9.7950744632,-0.0282287598,0.0002495660,-0.1746093750,0.0001193576
557674.2100229670,0.0289916992,9.8007202152,-0.0044250488,-0.0012369792,-0.1745008680,0.0001410590
557674.2200229670,0.0314331055,9.7958374027,-0.0247192383,-0.0010199653,-0.1745117187,0.0000976562
557674.2300229670,0.0300598145,9.7975158695,-0.0173950195,0.0001302083,-0.1745334201,0.0001193576
557674.2400229670,0.0302124023,9.7998046878,-0.0073242188,-0.0017469618,-0.1743815104,0.0001085069
557674.2500229670,0.0299072266,9.7946166995,-0.0300598145,-0.0001085069,-0.1744683160,0.0001302083
557674.2600229670,0.0305175781,9.7994995120,-0.0071716309,-0.0006076389,-0.1744357639,0.0001302083
557674.2700229670,0.0308227539,9.7985839847,-0.0183105469,-0.0015299479,-0.1743815104,0.0000976562
557674.2800229670,0.0286865234,9.7961425784,-0.0239562988,0.0003146701,-0.1745551215,0.0001302083
557674.2900229670,0.0291442871,9.8007202152,-0.0054931641,-0.0014756944,-0.1744574653,0.0001085069
557674.3000229670,0.0312805176,9.7955322269,-0.0288391113,-0.0006618924,-0.1744683160,0.0001302083
557674.3100229671,0.0300598145,9.7985839847,-0.0119018555,-0.0001736111,-0.1745876736,0.0001085069
557674.3200229669,0.0303649902,9.7987365726,-0.0114440918,-0.0016710069,-0.1744791667,0.0001302083
557674.3300229670,0.0291442871,9.7950744632,-0.0288391113,0.0001844618,-0.1745225694,0.0001302083
557674.3400229670,0.0306701660,9.8004150394,-0.0054931641,-0.0011501736,-0.1746093750,0.0001302083
557674.3500229670,0.0308227539,9.7962951663,-0.0239562988,-0.0011067708,-0.1744791667,0.0001193576
557674.3600229670,0.0302124023,9.7978210452,-0.0167846680,0.0001410590,-0.1745334201,0.0001085069
557674.3700229670,0.0291442871,9.7998046878,-0.0076293945,-0.0017361111,-0.1745442708,0.0001085069
557674.3800229670,0.0302124023,9.7949218753,-0.0303649902,-0.0001193576,-0.1745008680,0.0001302083
557674.3900229670,0.0312805176,9.7996520999,-0.0067138672,-0.0005967882,-0.1744683160,0.0001410590
557674.4000229670,0.0305175781,9.7979736331,-0.0187683105,-0.0014973958,-0.1744683160,0.0001085069
557674.4100229670,0.0289916992,9.7964477542,-0.0251770020,0.0002929687,-0.1744249132,0.0001302083
557674.4200229670,0.0292968750,9.8004150394,-0.0038146973,-0.0015082465,-0.1745225694,0.0001085069
557674.4300229670,0.0309753418,9.7953796390,-0.0277709961,-0.0006944444,-0.1744683160,0.0001193576
557674.4400229671,0.0311279297,9.7984313968,-0.0129699707,-0.0000217014,-0.1744466146,0.0001193576
557674.4500229670,0.0296020508,9.7991943363,-0.0123596191,-0.0017686632,-0.1744466146,0.0001085069
557674.4600229670,0.0291442871,9.7950744632,-0.0292968750,0.0001193576,-0.1744900174,0.0001302083
557674.4700229670,0.0300598145,9.8001098636,-0.0045776367,-0.0009331597,-0.1745334201,0.0001302083
557674.4800229670,0.0315856934,9.7975158695,-0.0224304199,-0.0012478299,-0.1744683160,0.0000976562
557674.4900229670,0.0300598145,9.7969055179,-0.0204467773,0.0001627604,-0.1745876736,0.0001302083
557674.5000229670,0.0283813477,9.8001098636,-0.0064086914,-0.0016601562,-0.1745117187,0.0000976562
557674.5100229670,0.0300598145,9.7953796390,-0.0280761719,-0.0002387153,-0.1745008680,0.0001410590
557674.5200229670,0.0309753418,9.7994995120,-0.0085449219,-0.0004665799,-0.1744683160,0.0001302083
557674.5300229670,0.0308227539,9.7984313968,-0.0183105469,-0.0015407986,-0.1744791667,0.0001085069
557674.5400229670,0.0294494629,9.7959899906,-0.0242614746,0.0002495660,-0.1744900174,0.0001302083
557674.5500229670,0.0294494629,9.8005676273,-0.0044250488,-0.0014431424,-0.1744140625,0.0001085069
557674.5600229671,0.0305175781,9.7959899906,-0.0271606445,-0.0007161458,-0.1744683160,0.0001193576
557674.5700229669,0.0312805176,9.7982788089,-0.0148010254,-0.0000759549,-0.1745117187,0.0001193576
557674.5800229670,0.0305175781,9.7993469241,-0.0109863281,-0.0017361111,-0.1744357639,0.0000976562
557674.5900229670,0.0286865234,9.7949218753,-0.0289916992,0.0001193576,-0.1745768229,0.0001302083
557674.6000229670,0.0303649902,9.8005676273,-0.0053405762,-0.0009548611,-0.1744683160,0.0001302083
557674.6100229670,0.0317382813,9.7966003421,-0.0218200684,-0.0012152778,-0.1745442708,0.0000976562
557674.6200229670,0.0311279297,9.7973632816,-0.0202941895,0.0001736111,-0.1745442708,0.0001193576
557674.6300229670,0.0294494629,9.8001098636,-0.0070190430,-0.0016710069,-0.1744683160,0.0000868056
557674.6400229670,0.0292968750,9.7955322269,-0.0297546387,-0.0001953125,-0.1744900174,0.0001302083
557674.6500229670,0.0311279297,9.8001098636,-0.0077819824,-0.0005425347,-0.1745117187,0.0001302083
557674.6600229670,0.0320434570,9.7979736331,-0.0170898438,-0.0014973958,-0.1744683160,0.0000976562
557674.6700229670,0.0292968750,9.7959899906,-0.0250244141,0.0002495660,-0.1745768229,0.0001193576
557674.6800229670,0.0292968750,9.8002624515,-0.0047302246,-0.0014431424,-0.1743923611,0.0001085069
557674.6900229671,0.0296020508,9.7955322269,-0.0257873535,-0.0007052951,-0.1744357639,0.0001193576
557674.7000229670,0.0312805176,9.7981262210,-0.0131225586,-0.0000651042,-0.1745117187,0.0001302083
557674.7100229670,0.0314331055,9.7996520999,-0.0129699707,-0.0017144097,-0.1744140625,0.0000868056
557674.7200229670,0.0296020508,9.7953796390,-0.0291442871,0.0001193576,-0.1745117187,0.0001193576
557674.7300229670,0.0296020508,9.8001098636,-0.0042724609,-0.0009765625,-0.1745659722,0.0001302083
557674.7400229670,0.0300598145,9.7967529300,-0.0218200684,-0.0012152778,-0.1745225694,0.0001193576
557674.7500229670,0.0312805176,9.7969055179,-0.0201416016,0.0002170139,-0.1745442708,0.0001193576
557674.7600229670,0.0302124023,9.7998046878,-0.0077819824,-0.0016710069,-0.1745442708,0.0000976562
557674.7700229670,0.0292968750,9.7952270511,-0.0292968750,-0.0002712674,-0.1744574653,0.0001193576
557674.7800229670,0.0302124023,9.7991943363,-0.0074768066,-0.0004665799,-0.1745334201,0.0001410590
557674.7900229670,0.0309753418,9.7982788089,-0.0158691406,-0.0015733507,-0.1745334201,0.0001085069
557674.8000229670,0.0303649902,9.7955322269,-0.0263977051,0.0003038194,-0.1745225694,0.0001193576
557674.8100229671,0.0294494629,9.7999572757,-0.0044250488,-0.0013671875,-0.1745225694,0.0001302083
557674.8200229669,0.0300598145,9.7956848148,-0.0268554688,-0.0008463542,-0.1745008680,0.0001193576
557674.8300229670,0.0303649902,9.7976684574,-0.0146484375,0.0000000000,-0.1744574653,0.0001193576
557674.8400229670,0.0303649902,9.7996520999,-0.0094604492,-0.0017469618,-0.1744249132,0.0001085069
557674.8500229670,0.0296020508,9.7949218753,-0.0297546387,0.0000651042,-0.1744574653,0.0001193576
557674.8600229670,0.0297546387,9.8001098636,-0.0065612793,-0.0008680556,-0.1746202257,0.0001302083
557674.8700229670,0.0303649902,9.7972106937,-0.0204467773,-0.0012912326,-0.1746961805,0.0001193576
557674.8800229670,0.0305175781,9.7969055179,-0.0213623047,0.0002061632,-0.1746527778,0.0001193576
557674.8900229670,0.0315856934,9.8001098636,-0.0068664551,-0.0015950521,-0.1744249132,0.0001085069
557674.9000229670,0.0296020508,9.7955322269,-0.0302124023,-0.0003580729,-0.1744683160,0.0001085069
557674.9100229670,0.0296020508,9.7993469241,-0.0077819824,-0.0004340278,-0.1745008680,0.0001302083
557674.9200229670,0.0312805176,9.7984313968,-0.0135803223,-0.0015625000,-0.1744791667,0.0001410590
557674.9300229670,0.0303649902,9.7955322269,-0.0267028809,0.0002929687,-0.1745985243,0.0001193576
557674.9400229671,0.0296020508,9.8005676273,-0.0054931641,-0.0013563368,-0.1745008680,0.0001193576
557674.9500229670,0.0299072266,9.7956848148,-0.0262451172,-0.0008463542,-0.1745225694,0.0001302083
557674.9600229670,0.0305175781,9.7981262210,-0.0146484375,0.0000434028,-0.1745225694,0.0001302083
557674.9700229670,0.0308227539,9.7998046878,-0.0086975098,-0.0017578125,-0.1743706597,0.0001085069
557674.9800229670,0.0299072266,9.7943115238,-0.0312805176,0.0000434028,-0.1744683160,0.0001302083
557674.9900229670,0.0297546387,9.8001098636,-0.0061035156,-0.0007812500,-0.1745117187,0.0001519097
557675.0000229670,0.0306701660,9.7976684574,-0.0192260742,-0.0014431424,-0.1744683160,0.0001302083
557675.0100229670,0.0306701660,9.7958374027,-0.0225830078,0.0003255208,-0.1748589410,0.0001193576
557675.0200229670,0.0311279297,9.8005676273,-0.0054931641,-0.0015733507,-0.1744574653,0.0000976562
557675.0300229670,0.0299072266,9.7956848148,-0.0299072266,-0.0005967882,-0.1744574653,0.0001085069
557675.0400229670,0.0296020508,9.7987365726,-0.0099182129,-0.0001519097,-0.1745008680,0.0001302083
557675.0500229670,0.0311279297,9.7996520999,-0.0120544434,-0.0017144097,-0.1744791667,0.0001410590
557675.0600229671,0.0312805176,9.7959899906,-0.0302124023,0.0001736111,-0.1745442708,0.0001193576
557675.0700229669,0.0297546387,9.8005676273,-0.0048828125,-0.0011284722,-0.1745334201,0.0000976562
557675.0800229670,0.0305175781,9.7966003421,-0.0225830078,-0.0011284722,-0.1744574653,0.0001193576
557675.0900229670,0.0305175781,9.7972106937,-0.0175476074,0.0001844618,-0.1745442708,0.0001193576
557675.1000229670,0.0306701660,9.8005676273,-0.0068664551,-0.0017035590,-0.1743815104,0.0001085069
557675.1100229670,0.0306701660,9.7949218753,-0.0296020508,-0.0001627604,-0.1744140625,0.0001193576
557675.1200229670,0.0292968750,9.8001098636,-0.0079345703,-0.0005533854,-0.1744249132,0.0001410590
557675.1300229670,0.0308227539,9.7979736331,-0.0175476074,-0.0015082465,-0.1743923611,0.0001302083
557675.1400229670,0.0309753418,9.7958374027,-0.0242614746,0.0003038194,-0.1745225694,0.0001193576
557675.1500229670,0.0317382813,9.8007202152,-0.0047302246,-0.0014431424,-0.1744683160,0.0000868056
557675.1600229670,0.0294494629,9.7958374027,-0.0270080566,-0.0007161458,-0.1745117187,0.0001193576
557675.1700229680,0.0299072266,9.7984313968,-0.0126647949,-0.0000651042,-0.1744683160,0.0001519097
557675.1800229680,0.0318908691,9.7991943363,-0.0115966797,-0.0017252604,-0.1744900174,0.0000976562
557675.1900229680,0.0306701660,9.7953796390,-0.0296020508,0.0001410590,-0.1745117187,0.0001085069
557675.2000229680,0.0297546387,9.8004150394,-0.0042724609,-0.0010308160,-0.1744466146,0.0001193576
557675.2100229680,0.0292968750,9.7966003421,-0.0218200684,-0.0011935764,-0.1744574653,0.0001193576
557675.2200229680,0.0320434570,9.7969055179,-0.0184631348,0.0002387153,-0.1744900174,0.0001193576
557675.2300229680,0.0318908691,9.8001098636,-0.0085449219,-0.0017035590,-0.1744574653,0.0000759549
557675.2400229680,0.0300598145,9.7946166995,-0.0299072266,-0.0001953125,-0.1745008680,0.0001085069
557675.2500229680,0.0285339355,9.7999572757,-0.0071716309,-0.0004991319,-0.1744574653,0.0001302083
557675.2600229681,0.0312805176,9.7985839847,-0.0166320801,-0.0015299479,-0.1744900174,0.0001410590
557675.2700229679,0.0317382813,9.7956848148,-0.0250244141,0.0003038194,-0.1745117187,0.0001193576
557675.2800229680,0.0308227539,9.8002624515,-0.0048828125,-0.0014214410,-0.1744574653,0.0000976562
557675.2900229680,0.0288391113,9.7958374027,-0.0262451172,-0.0007595486,-0.1745008680,0.0001193576
557675.3000229680,0.0302124023,9.7982788089,-0.0134277344,0.0000542535,-0.1745442708,0.0001302083
557675.3100229680,0.0332641602,9.8002624515,-0.0103759766,-0.0018120660,-0.1745225694,0.0001193576
557675.3200229680,0.0309753418,9.7943115238,-0.0318908691,0.0000108507,-0.1746093750,0.0001193576
557675.3300229680,0.0285339355,9.8002624515,-0.0035095215,-0.0007486979,-0.1745659722,0.0001410590
557675.3400229680,0.0302124023,9.7976684574,-0.0160217285,-0.0014539931,-0.1745117187,0.0001085069
557675.3500229680,0.0311279297,9.7956848148,-0.0239562988,0.0003255208,-0.1745117187,0.0001302083
557675.3600229680,0.0320434570,9.8004150394,-0.0080871582,-0.0015516493,-0.1743055555,0.0000976562
557675.3700229680,0.0302124023,9.7958374027,-0.0263977051,-0.0006184896,-0.1743164062,0.0001193576
557675.3800229680,0.0291442871,9.7982788089,-0.0108337402,-0.0000759549,-0.1745008680,0.0001410590
557675.3900229679,0.0311279297,9.7991943363,-0.0126647949,-0.0017144097,-0.1743489583,0.0001302083
557675.4000229680,0.0317382813,9.7952270511,-0.0300598145,0.0001519097,-0.1745117187,0.0001085069
557675.4100229680,0.0309753418,9.8002624515,-0.0035095215,-0.0010199653,-0.1745985243,0.0000868056
557675.4200229680,0.0305175781,9.7966003421,-0.0218200684,-0.0012261285,-0.1744791667,0.0000976562
557675.4300229680,0.0297546387,9.7969055179,-0.0222778320,0.0003146701,-0.1745876736,0.0001085069
557675.4400229680,0.0311279297,9.8004150394,-0.0057983398,-0.0016818576,-0.1745225694,0.0001085069
557675.4500229680,0.0308227539,9.7950744632,-0.0296020508,-0.0003580729,-0.1745117187,0.0001302083
557675.4600229680,0.0306701660,9.7991943363,-0.0093078613,-0.0002712674,-0.1745225694,0.0001193576
557675.4700229680,0.0305175781,9.7981262210,-0.0138854980,-0.0017035590,-0.1745225694,0.0000868056
557675.4800229680,0.0305175781,9.7956848148,-0.0276184082,0.0002170139,-0.1745876736,0.0001085069
557675.4900229680,0.0305175781,9.8001098636,-0.0024414063,-0.0011935764,-0.1744466146,0.0000976562
557675.5000229680,0.0302124023,9.7969055179,-0.0250244141,-0.0010308160,-0.1746202257,0.0001193576
557675.5100229681,0.0303649902,9.7975158695,-0.0167846680,0.0001736111,-0.1745768229,0.0001302083
557675.5200229679,0.0315856934,9.7998046878,-0.0079345703,-0.0017144097,-0.1744574653,0.0001302083
557675.5300229680,0.0306701660,9.7949218753,-0.0308227539,-0.0000868056,-0.1745117187,0.0000976562
557675.5400229680,0.0302124023,9.7999572757,-0.0068664551,-0.0006293403,-0.1744683160,0.0001302083
557675.5500229680,0.0309753418,9.7978210452,-0.0172424316,-0.0015299479,-0.1743489583,0.0001085069
557675.5600229680,0.0309753418,9.7962951663,-0.0250244141,0.0002929687,-0.1744683160,0.0001085069
557675.5700229680,0.0305175781,9.8004150394,-0.0054931641,-0.0014648437,-0.1744249132,0.0001085069
557675.5800229680,0.0308227539,9.7956848148,-0.0265502930,-0.0006076389,-0.1745008680,0.0001302083
557675.5900229680,0.0314331055,9.7987365726,-0.0109863281,-0.0001193576,-0.1746093750,0.0001302083
557675.6000229680,0.0309753418,9.7988891605,-0.0138854980,-0.0017361111,-0.1744357639,0.0001085069
557675.6100229680,0.0306701660,9.7949218753,-0.0294494629,0.0001844618,-0.1745117187,0.0001085069
557675.6200229680,0.0299072266,9.8004150394,-0.0036621094,-0.0010742187,-0.1745551215,0.0001193576
557675.6300229680,0.0314331055,9.7964477542,-0.0209045410,-0.0011501736,-0.1744466146,0.0001193576
557675.6400229679,0.0311279297,9.7972106937,-0.0195312500,0.0002495660,-0.1745876736,0.0001410590
557675.6500229680,0.0305175781,9.8002624515,-0.0080871582,-0.0016710069,-0.1745985243,0.0001085069
557675.6600229680,0.0308227539,9.7952270511,-0.0289916992,-0.0002929687,-0.1745008680,0.0001193576
557675.6700229680,0.0305175781,9.7999572757,-0.0062561035,-0.0004340278,-0.1744791667,0.0001085069
557675.6800229680,0.0308227539,9.7985839847,-0.0157165527,-0.0015516493,-0.1744466146,0.0001085069
557675.6900229680,0.0306701660,9.7961425784,-0.0274658203,0.0002170139,-0.1744466146,0.0001085069
557675.7000229680,0.0308227539,9.8001098636,-0.0036621094,-0.0013129340,-0.1744791667,0.0000976562
557675.7100229680,0.0289916992,9.7961425784,-0.0241088867,-0.0008463542,-0.1744683160,0.0001193576
557675.7200229680,0.0306701660,9.7976684574,-0.0144958496,0.0000651042,-0.1745008680,0.0001193576
557675.7300229680,0.0318908691,9.7998046878,-0.0123596191,-0.0017361111,-0.1745551215,0.0001085069
557675.7400229680,0.0306701660,9.7952270511,-0.0302124023,-0.0000108507,-0.1745442708,0.0001085069
557675.7500229680,0.0302124023,9.8005676273,-0.0032043457,-0.0008355035,-0.1745117187,0.0001193576
557675.7600229681,0.0305175781,9.7973632816,-0.0195312500,-0.0013020833,-0.1745551215,0.0000976562
557675.7700229679,0.0306701660,9.7964477542,-0.0233459473,0.0003038194,-0.1745117187,0.0001302083
557675.7800229680,0.0308227539,9.8004150394,-0.0057983398,-0.0016384549,-0.1744357639,0.0001085069
557675.7900229680,0.0308227539,9.7952270511,-0.0282287598,-0.0004123264,-0.1744466146,0.0001302083
557675.8000229680,0.0318908691,9.7990417484,-0.0096130371,-0.0002712674,-0.1744249132,0.0001085069
557675.8100229680,0.0303649902,9.7990417484,-0.0155639648,-0.0017035590,-0.1744249132,0.0001302083
557675.8200229680,0.0302124023,9.7958374027,-0.0260925293,0.0001736111,-0.1744466146,0.0001193576
557675.8300229680,0.0321960449,9.7999572757,-0.0033569336,-0.0011393229,-0.1744466146,0.0000976562
557675.8400229680,0.0308227539,9.7962951663,-0.0242614746,-0.0009874132,-0.1745225694,0.0001193576
557675.8500229680,0.0299072266,9.7975158695,-0.0169372559,0.0001193576,-0.1745117187,0.0001302083
557675.8600229680,0.0303649902,9.7998046878,-0.0088500977,-0.0017144097,-0.1744249132,0.0001302083
557675.8700229680,0.0306701660,9.7953796390,-0.0300598145,-0.0000651042,-0.1745659722,0.0001193576
557675.8800229680,0.0315856934,9.7999572757,-0.0053405762,-0.0007269965,-0.1744357639,0.0001302083
557675.8900229679,0.0314331055,9.7973632816,-0.0192260742,-0.0014105903,-0.1744791667,0.0000976562
557675.9000229680,0.0305175781,9.7964477542,-0.0227355957,0.0003255208,-0.1746202257,0.0001193576
557675.9100229680,0.0315856934,9.7999572757,-0.0048828125,-0.0015842014,-0.1745225694,0.0001085069
557675.9200229680,0.0317382813,9.7955322269,-0.0282287598,-0.0005099826,-0.1745008680,0.0001085069
557675.9300229680,0.0305175781,9.7987365726,-0.0117492676,-0.0001302083,-0.1745334201,0.0001085069
557675.9400229680,0.0300598145,9.7990417484,-0.0108337402,-0.0017469618,-0.1744140625,0.0000868056
557675.9500229680,0.0306701660,9.7958374027,-0.0300598145,0.0001627604,-0.1744249132,0.0001410590
557675.9600229680,0.0321960449,9.8004150394,-0.0006103516,-0.0010525174,-0.1745117187,0.0000976562
557675.9700229680,0.0305175781,9.7959899906,-0.0254821777,-0.0011176215,-0.1744683160,0.0001193576
557675.9800229680,0.0309753418,9.7975158695,-0.0205993652,0.0002387153,-0.1744466146,0.0001085069
557675.9900229680,0.0294494629,9.7991943363,-0.0065612793,-0.0016710069,-0.1745442708,0.0001410590
557676.0000229680,0.0314331055,9.7955322269,-0.0288391113,-0.0001953125,-0.1744574653,0.0001302083
557676.0100229681,0.0321960449,9.7990417484,-0.0070190430,-0.0005425347,-0.1747938368,0.0000759549
557676.0200229679,0.0306701660,9.7978210452,-0.0207519531,-0.0015082465,-0.1744574653,0.0000976562
557676.0300229680,0.0300598145,9.7967529300,-0.0236511230,0.0002495660,-0.1744683160,0.0001302083
557676.0400229680,0.0312805176,9.8004150394,-0.0024414063,-0.0014105903,-0.1745225694,0.0001085069
557676.0500229680,0.0317382813,9.7958374027,-0.0280761719,-0.0006076389,-0.1745225694,0.0001193576
557676.0600229680,0.0309753418,9.7988891605,-0.0134277344,-0.0000976562,-0.1745117187,0.0001193576
557676.0700229680,0.0309753418,9.7987365726,-0.0112915039,-0.0017035590,-0.1744466146,0.0000759549
557676.0800229680,0.0308227539,9.7949218753,-0.0260925293,0.0001302083,-0.1744466146,0.0001193576
557676.0900229680,0.0317382813,9.8002624515,-0.0048828125,-0.0010416667,-0.1744466146,0.0001193576
557676.1000229680,0.0314331055,9.7964477542,-0.0236511230,-0.0011067708,-0.1744466146,0.0001193576
557676.1100229680,0.0303649902,9.7972106937,-0.0186157227,0.0001736111,-0.1744683160,0.0001193576
557676.1200229680,0.0309753418,9.7998046878,-0.0061035156,-0.0016493056,-0.1744791667,0.0000976562
557676.1300229680,0.0305175781,9.7947692874,-0.0297546387,-0.0001519097,-0.1745551215,0.0001302083
557676.1400229679,0.0317382813,9.7996520999,-0.0079345703,-0.0005967882,-0.1745876736,0.0001302083
557676.1500229680,0.0306701660,9.7978210452,-0.0172424316,-0.0015625000,-0.1744791667,0.0000976562
557676.1600229680,0.0308227539,9.7961425784,-0.0228881836,0.0003255208,-0.1745117187,0.0001193576
557676.1700229680,0.0311279297,9.7999572757,-0.0051879883,-0.0014105903,-0.1745768229,0.0000976562
557676.1800229680,0.0309753418,9.7959899906,-0.0289916992,-0.0007161458,-0.1745008680,0.0001085069
557676.1900229680,0.0302124023,9.7979736331,-0.0119018555,0.0000000000,-0.1745442708,0.0001410590
557676.2000229680,0.0302124023,9.7990417484,-0.0099182129,-0.0017361111,-0.1745334201,0.0001085069
557676.2100229680,0.0317382813,9.7950744632,-0.0300598145,0.0001302083,-0.1743815104,0.0001302083
557676.2200229680,0.0320434570,9.7999572757,-0.0062561035,-0.0009657118,-0.1745008680,0.0001193576
557676.2300229680,0.0300598145,9.7967529300,-0.0219726563,-0.0012369792,-0.1745442708,0.0001193576
557676.2400229690,0.0303649902,9.7976684574,-0.0164794922,0.0002495660,-0.1743706597,0.0001302083
557676.2500229690,0.0317382813,9.7999572757,-0.0067138672,-0.0016276042,-0.1745225694,0.0000976562
557676.2600229690,0.0315856934,9.7947692874,-0.0311279297,-0.0002387153,-0.1745225694,0.0001193576
557676.2700229690,0.0315856934,9.7996520999,-0.0074768066,-0.0005208333,-0.1744683160,0.0001085069
557676.2800229690,0.0303649902,9.7976684574,-0.0152587891,-0.0015516493,-0.1745225694,0.0000868056
557676.2900229690,0.0300598145,9.7961425784,-0.0254821777,0.0003146701,-0.1745117187,0.0001193576
557676.3000229690,0.0318908691,9.8001098636,-0.0053405762,-0.0013671875,-0.1744357639,0.0001193576
557676.3100229690,0.0315856934,9.7950744632,-0.0260925293,-0.0007486979,-0.1745442708,0.0001193576
557676.3200229690,0.0308227539,9.7979736331,-0.0131225586,-0.0000325521,-0.1745225694,0.0001193576
557676.3300229691,0.0299072266,9.7988891605,-0.0112915039,-0.0016710069,-0.1744900174,0.0000976562
557676.3400229689,0.0309753418,9.7953796390,-0.0289916992,0.0000759549,-0.1744683160,0.0001085069
557676.3500229690,0.0321960449,9.8002624515,-0.0051879883,-0.0009657118,-0.1745117187,0.0001085069
557676.3600229690,0.0314331055,9.7970581058,-0.0210571289,-0.0012044271,-0.1744249132,0.0000868056
557676.3700229690,0.0299072266,9.7966003421,-0.0201416016,0.0002712674,-0.1744900174,0.0001193576
557676.3800229690,0.0303649902,9.7999572757,-0.0074768066,-0.0016384549,-0.1744140625,0.0000976562
557676.3900229690,0.0321960449,9.7955322269,-0.0294494629,-0.0002604167,-0.1744032118,0.0001193576
557676.4000229690,0.0320434570,9.7991943363,-0.0074768066,-0.0004448785,-0.1745008680,0.0000976562
557676.4100229690,0.0299072266,9.7979736331,-0.0163269043,-0.0015625000,-0.1745117187,0.0000976562
557676.4200229690,0.0300598145,9.7962951663,-0.0248718262,0.0002387153,-0.1745225694,0.0001302083
557676.4300229690,0.0317382813,9.7999572757,-0.0057983398,-0.0013780382,-0.1745768229,0.0001302083
557676.4400229690,0.0317382813,9.7959899906,-0.0250244141,-0.0007052951,-0.1744140625,0.0001085069
557676.4500229690,0.0302124023,9.7979736331,-0.0126647949,-0.0000217014,-0.1745442708,0.0001302083
557676.4600229691,0.0303649902,9.7994995120,-0.0131225586,-0.0016710069,-0.1745117187,0.0000976562
557676.4700229689,0.0309753418,9.7953796390,-0.0279235840,0.0000868056,-0.1744032118,0.0001193576
557676.4800229690,0.0317382813,9.8001098636,-0.0025939941,-0.0010308160,-0.1745334201,0.0000976562
557676.4900229690,0.0309753418,9.7966003421,-0.0221252441,-0.0011501736,-0.1744466146,0.0000976562
557676.5000229690,0.0305175781,9.7966003421,-0.0209045410,0.0002495660,-0.1744683160,0.0001193576
557676.5100229690,0.0306701660,9.8002624515,-0.0071716309,-0.0016710069,-0.1744249132,0.0001302083
557676.5200229690,0.0315856934,9.7953796390,-0.0286865234,-0.0002387153,-0.1744900174,0.0001193576
557676.5300229690,0.0321960449,9.7994995120,-0.0085449219,-0.0003797743,-0.1744574653,0.0001193576
557676.5400229690,0.0302124023,9.7981262210,-0.0158691406,-0.0016601562,-0.1745659722,0.0000868056
557676.5500229690,0.0306701660,9.7952270511,-0.0259399414,0.0002712674,-0.1744900174,0.0001085069
557676.5600229690,0.0320434570,9.7998046878,-0.0027465820,-0.0012803819,-0.1745442708,0.0000976562
557676.5700229690,0.0317382813,9.7956848148,-0.0256347656,-0.0008680556,-0.1744574653,0.0001085069
557676.5800229691,0.0311279297,9.7981262210,-0.0164794922,0.0001302083,-0.1745225694,0.0001193576
557676.5900229689,0.0299072266,9.7987365726,-0.0097656250,-0.0017361111,-0.1745442708,0.0001085069
557676.6000229690,0.0311279297,9.7953796390,-0.0276184082,0.0000000000,-0.1744574653,0.0001085069
557676.6100229690,0.0328063965,9.7996520999,-0.0050354004,-0.0007595486,-0.1745334201,0.0001193576
557676.6200229690,0.0312805176,9.7979736331,-0.0198364258,-0.0013997396,-0.1745334201,0.0000868056
557676.6300229690,0.0308227539,9.7967529300,-0.0216674805,0.0002712674,-0.1744466146,0.0001193576
557676.6400229690,0.0299072266,9.7991943363,-0.0062561035,-0.0014973958,-0.1744574653,0.0001085069
557676.6500229690,0.0317382813,9.7958374027,-0.0283813477,-0.0004665799,-0.1745117187,0.0001302083
557676.6600229690,0.0325012207,9.7984313968,-0.0088500977,-0.0002387153,-0.1744466146,0.0001085069
557676.6700229690,0.0311279297,9.7987365726,-0.0158691406,-0.0015950521,-0.1744683160,0.0000868056
557676.6800229690,0.0299072266,9.7953796390,-0.0254821777,0.0001736111,-0.1745768229,0.0001193576
557676.6900229690,0.0320434570,9.8004150394,-0.0044250488,-0.0012695312,-0.1743815104,0.0001193576
557676.7000229690,0.0321960449,9.7962951663,-0.0257873535,-0.0007812500,-0.1745876736,0.0000868056
557676.7100229691,0.0305175781,9.7984313968,-0.0143432617,0.0000325521,-0.1745334201,0.0001410590
557676.7200229689,0.0317382813,9.7994995120,-0.0102233887,-0.0017361111,-0.1744140625,0.0000976562
557676.7300229690,0.0314331055,9.7949218753,-0.0291442871,0.0000651042,-0.1746527778,0.0000976562
557676.7400229690,0.0315856934,9.8002624515,-0.0039672852,-0.0008572049,-0.1744466146,0.0001085069
557676.7500229690,0.0312805176,9.7970581058,-0.0209045410,-0.0012803819,-0.1745008680,0.0000868056
557676.7600229690,0.0306701660,9.7966003421,-0.0221252441,0.0002604167,-0.1746093750,0.0001193576
557676.7700229690,0.0315856934,9.8002624515,-0.0064086914,-0.0015842014,-0.1743706597,0.0001085069
557676.7800229690,0.0309753418,9.7950744632,-0.0279235840,-0.0003472222,-0.1745008680,0.0001193576
557676.7900229690,0.0308227539,9.7987365726,-0.0090026855,-0.0003038194,-0.1744683160,0.0001085069
557676.8000229690,0.0317382813,9.7984313968,-0.0155639648,-0.0016276042,-0.1743598090,0.0001085069
557676.8100229690,0.0314331055,9.7955322269,-0.0273132324,0.0002495660,-0.1745117187,0.0000976562
557676.8200229690,0.0317382813,9.8002624515,-0.0045776367,-0.0012912326,-0.1744574653,0.0001193576
557676.8300229691,0.0320434570,9.7962951663,-0.0245666504,-0.0008138021,-0.1744357639,0.0001085069
557676.8400229689,0.0308227539,9.7978210452,-0.0154113770,0.0000108507,-0.1745442708,0.0001193576
557676.8500229690,0.0317382813,9.7991943363,-0.0102233887,-0.0017144097,-0.1744791667,0.0000976562
557676.8600229690,0.0312805176,9.7946166995,-0.0271606445,0.0000542535,-0.1744357639,0.0001085069
557676.8700229690,0.0315856934,9.7999572757,-0.0053405762,-0.0008463542,-0.1745442708,0.0000759549
557676.8800229690,0.0312805176,9.7970581058,-0.0225830078,-0.0013020833,-0.1745768229,0.0000976562
557676.8900229690,0.0315856934,9.7966003421,-0.0210571289,0.0002387153,-0.1745442708,0.0001302083
557676.9000229690,0.0325012207,9.8004150394,-0.0045776367,-0.0015733507,-0.1745334201,0.0001085069
557676.9100229690,0.0306701660,9.7952270511,-0.0283813477,-0.0003580729,-0.1744791667,0.0000976562
557676.9200229690,0.0311279297,9.7991943363,-0.0094604492,-0.0002929687,-0.1744574653,0.0001193576
557676.9300229690,0.0314331055,9.7990417484,-0.0160217285,-0.0016493056,-0.1744900174,0.0001085069
557676.9400229690,0.0323486328,9.7958374027,-0.0259399414,0.0002387153,-0.1745008680,0.0001302083
557676.9500229690,0.0317382813,9.8001098636,-0.0041198730,-0.0011935764,-0.1744574653,0.0000651042
557676.9600229691,0.0299072266,9.7959899906,-0.0262451172,-0.0009548611,-0.1745334201,0.0001085069
557676.9700229689,0.0306701660,9.7973632816,-0.0166320801,0.0001410590,-0.1745117187,0.0001302083
557676.9800229690,0.0318908691,9.7999572757,-0.0080871582,-0.0017469618,-0.1743923611,0.0001085069
557676.9900229690,0.0317382813,9.7958374027,-0.0294494629,-0.0000217014,-0.1745985243,0.0000976562
557677.0000229690,0.0306701660,9.7998046878,-0.0067138672,-0.0006727431,-0.1744574653,0.0001085069
557677.0100229690,0.0309753418,9.7978210452,-0.0187683105,-0.0014539931,-0.1747938368,0.0000976562
557677.0200229690,0.0321960449,9.7962951663,-0.0222778320,0.0003363715,-0.1746202257,0.0001193576
557677.0300229690,0.0326538086,9.8001098636,-0.0039672852,-0.0015299479,-0.1744574653,0.0000976562
557677.0400229690,0.0305175781,9.7950744632,-0.0289916992,-0.0005099826,-0.1745876736,0.0001085069
557677.0500229690,0.0305175781,9.7987365726,-0.0109863281,-0.0001844618,-0.1746202257,0.0001085069
557677.0600229690,0.0323486328,9.7991943363,-0.0125122070,-0.0016818576,-0.1744574653,0.0001302083
557677.0700229690,0.0315856934,9.7952270511,-0.0270080566,0.0002604167,-0.1745334201,0.0000976562
557677.0800229691,0.0315856934,9.8002624515,-0.0053405762,-0.0012044271,-0.1744791667,0.0000868056
557677.0900229689,0.0305175781,9.7964477542,-0.0238037109,-0.0009657118,-0.1745117187,0.0001085069
557677.1000229690,0.0321960449,9.7975158695,-0.0157165527,0.0001302083,-0.1741536458,0.0001193576
557677.1100229690,0.0317382813,9.7991943363,-0.0103759766,-0.0016710069,-0.1744140625,0.0000976562
557677.1200229690,0.0314331055,9.7955322269,-0.0291442871,-0.0000325521,-0.1744683160,0.0001302083
557677.1300229690,0.0315856934,9.7994995120,-0.0054931641,-0.0007161458,-0.1745117187,0.0001085069
557677.1400229690,0.0317382813,9.7973632816,-0.0193786621,-0.0013780382,-0.1745551215,0.0000976562
557677.1500229690,0.0320434570,9.7959899906,-0.0219726563,0.0002929687,-0.1745117187,0.0001085069
557677.1600229690,0.0315856934,9.8001098636,-0.0056457520,-0.0015625000,-0.1745225694,0.0001085069
557677.1700229690,0.0309753418,9.7958374027,-0.0285339355,-0.0004665799,-0.1745334201,0.0001085069
557677.1800229690,0.0317382813,9.7988891605,-0.0103759766,-0.0002495660,-0.1744683160,0.0001302083
557677.1900229690,0.0325012207,9.7990417484,-0.0138854980,-0.0015950521,-0.1744357639,0.0000868056
557677.2000229690,0.0308227539,9.7953796390,-0.0263977051,0.0002278646,-0.1745442708,0.0001085069
557677.2100229691,0.0314331055,9.8005676273,-0.0051879883,-0.0012369792,-0.1743598090,0.0000868056
557677.2200229689,0.0309753418,9.7964477542,-0.0245666504,-0.0008897569,-0.1744791667,0.0001085069
557677.2300229690,0.0311279297,9.7982788089,-0.0157165527,0.0000434028,-0.1745442708,0.0001193576
557677.2400229690,0.0318908691,9.7993469241,-0.0099182129,-0.0016710069,-0.1744466146,0.0000976562
557677.2500229690,0.0308227539,9.7952270511,-0.0286865234,0.0000325521,-0.1745551215,0.0001085069
557677.2600229690,0.0314331055,9.8002624515,-0.0051879883,-0.0008572049,-0.1745551215,0.0001085069
557677.2700229690,0.0325012207,9.7973632816,-0.0204467773,-0.0012478299,-0.1744791667,0.0000976562
557677.2800229690,0.0311279297,9.7969055179,-0.0209045410,0.0002170139,-0.1745768229,0.0001085069
557677.2900229690,0.0323486328,9.8002624515,-0.0065612793,-0.0015733507,-0.1744357639,0.0000868056
557677.3000229690,0.0317382813,9.7953796390,-0.0286865234,-0.0002929687,-0.1745008680,0.0001193576
557677.3100229690,0.0317382813,9.7991943363,-0.0097656250,-0.0003689236,-0.1745985243,0.0001193576
557677.3200229700,0.0318908691,9.7982788089,-0.0154113770,-0.0015950521,-0.1744140625,0.0000868056
557677.3300229700,0.0312805176,9.7953796390,-0.0247192383,0.0003363715,-0.1745442708,0.0001193576
557677.3400229700,0.0317382813,9.8005676273,-0.0038146973,-0.0013237847,-0.1744574653,0.0000868056
557677.3500229700,0.0325012207,9.7961425784,-0.0267028809,-0.0008355035,-0.1744574653,0.0001193576
557677.3600229700,0.0315856934,9.7978210452,-0.0160217285,0.0000108507,-0.1745008680,0.0001193576
557677.3700229700,0.0320434570,9.7998046878,-0.0096130371,-0.0016601562,-0.1744466146,0.0000868056
557677.3800229700,0.0297546387,9.7950744632,-0.0279235840,0.0000651042,-0.1744140625,0.0001302083
557677.3900229700,0.0318908691,9.8004150394,-0.0054931641,-0.0008463542,-0.1745225694,0.0001085069
557677.4000229700,0.0331115723,9.7967529300,-0.0209045410,-0.0012803819,-0.1745008680,0.0000868056
557677.4100229701,0.0308227539,9.7970581058,-0.0222778320,0.0002604167,-0.1745225694,0.0001085069
557677.4200229699,0.0314331055,9.8002624515,-0.0045776367,-0.0016167535,-0.1744791667,0.0001302083
557677.4300229700,0.0314331055,9.7950744632,-0.0283813477,-0.0004123264,-0.1745876736,0.0001302083
557677.4400229700,0.0337219238,9.7990417484,-0.0094604492,-0.0002495660,-0.1744900174,0.0000976562
557677.4500229700,0.0317382813,9.7987365726,-0.0129699707,-0.0016601562,-0.1745551215,0.0000868056
557677.4600229700,0.0297546387,9.7947692874,-0.0276184082,0.0002712674,-0.1745117187,0.0001085069
557677.4700229700,0.0318908691,9.8013305667,-0.0028991699,-0.0012044271,-0.1745008680,0.0001193576
557677.4800229700,0.0328063965,9.7959899906,-0.0245666504,-0.0009657118,-0.1745985243,0.0000976562
557677.4900229700,0.0318908691,9.7976684574,-0.0178527832,0.0001736111,-0.1745117187,0.0000976562
557677.5000229700,0.0312805176,9.7999572757,-0.0082397461,-0.0017144097,-0.1744574653,0.0000868056
557677.5100229700,0.0309753418,9.7949218753,-0.0291442871,-0.0000976562,-0.1745442708,0.0001085069
557677.5200229700,0.0326538086,9.7993469241,-0.0061035156,-0.0005750868,-0.1744574653,0.0000976562
557677.5300229701,0.0318908691,9.7985839847,-0.0187683105,-0.0014539931,-0.1745225694,0.0000868056
557677.5400229699,0.0309753418,9.7962951663,-0.0244140625,0.0003038194,-0.1745551215,0.0001193576
557677.5500229700,0.0311279297,9.8010253909,-0.0045776367,-0.0014756944,-0.1744249132,0.0001085069
557677.5600229700,0.0331115723,9.7964477542,-0.0265502930,-0.0005967882,-0.1745117187,0.0001193576
557677.5700229700,0.0318908691,9.7987365726,-0.0117492676,-0.0000868056,-0.1744466146,0.0001085069
557677.5800229700,0.0312805176,9.7991943363,-0.0122070313,-0.0017035590,-0.1744140625,0.0001085069
557677.5900229700,0.0306701660,9.7953796390,-0.0270080566,0.0001736111,-0.1745225694,0.0001085069
557677.6000229700,0.0325012207,9.8002624515,-0.0041198730,-0.0010308160,-0.1744574653,0.0000868056
557677.6100229700,0.0331115723,9.7966003421,-0.0230407715,-0.0011176215,-0.1743815104,0.0000868056
557677.6200229700,0.0305175781,9.7975158695,-0.0186157227,0.0001844618,-0.1745768229,0.0001302083
557677.6300229700,0.0312805176,9.8002624515,-0.0067138672,-0.0016601562,-0.1744140625,0.0000976562
557677.6400229700,0.0317382813,9.7956848148,-0.0276184082,-0.0001627604,-0.1744683160,0.0001193576
557677.6500229700,0.0325012207,9.7990417484,-0.0097656250,-0.0004991319,-0.1745659722,0.0000976562
557677.6600229701,0.0315856934,9.7981262210,-0.0172424316,-0.0015299479,-0.1743923611,0.0000976562
557677.6700229699,0.0311279297,9.7964477542,-0.0225830078,0.0002712674,-0.1745876736,0.0000976562
557677.6800229700,0.0325012207,9.8007202152,-0.0041198730,-0.0014105903,-0.1745008680,0.0001085069
557677.6900229700,0.0334167480,9.7949218753,-0.0279235840,-0.0006618924,-0.1744683160,0.0001085069
557677.7000229700,0.0306701660,9.7985839847,-0.0125122070,-0.0000651042,-0.1745334201,0.0001193576
557677.7100229700,0.0309753418,9.7991943363,-0.0112915039,-0.0017469618,-0.1745334201,0.0000868056
557677.7200229700,0.0321960449,9.7956848148,-0.0271606445,0.0002061632,-0.1745551215,0.0001193576
557677.7300229700,0.0335693359,9.8010253909,-0.0047302246,-0.0009765625,-0.1745876736,0.0000976562
557677.7400229700,0.0318908691,9.7964477542,-0.0239562988,-0.0011827257,-0.1744249132,0.0000759549
557677.7500229700,0.0299072266,9.7973632816,-0.0177001953,0.0002495660,-0.1744900174,0.0001193576
557677.7600229700,0.0321960449,9.7996520999,-0.0056457520,-0.0016601562,-0.1744683160,0.0001302083
557677.7700229700,0.0329589844,9.7941589359,-0.0289916992,-0.0001736111,-0.1744249132,0.0001085069
557677.7800229701,0.0328063965,9.8004150394,-0.0103759766,-0.0004448785,-0.1744574653,0.0001085069
557677.7900229699,0.0309753418,9.7979736331,-0.0152587891,-0.0015733507,-0.1745225694,0.0000868056
557677.8000229700,0.0303649902,9.7956848148,-0.0245666504,0.0003038194,-0.1745117187,0.0001085069
557677.8100229700,0.0325012207,9.8004150394,-0.0039672852,-0.0013020833,-0.1744683160,0.0000976562
557677.8200229700,0.0320434570,9.7956848148,-0.0271606445,-0.0008572049,-0.1745008680,0.0001085069
557677.8300229700,0.0318908691,9.7978210452,-0.0137329102,0.0000325521,-0.1743815104,0.0001193576
557677.8400229700,0.0323486328,9.7996520999,-0.0093078613,-0.0016818576,-0.1744683160,0.0001085069
557677.8500229700,0.0315856934,9.7950744632,-0.0292968750,0.0000976562,-0.1745334201,0.0001193576
557677.8600229700,0.0318908691,9.8002624515,-0.0067138672,-0.0008355035,-0.1744466146,0.0000868056
557677.8700229700,0.0325012207,9.7966003421,-0.0193786621,-0.0012912326,-0.1745334201,0.0000868056
557677.8800229700,0.0309753418,9.7964477542,-0.0196838379,0.0002495660,-0.1745117187,0.0001085069
557677.8900229700,0.0309753418,9.7998046878,-0.0067138672,-0.0015625000,-0.1744466146,0.0001085069
557677.9000229700,0.0325012207,9.7946166995,-0.0303649902,-0.0003472222,-0.1744140625,0.0001193576
557677.9100229701,0.0331115723,9.7990417484,-0.0094604492,-0.0003255208,-0.1744683160,0.0000976562
557677.9200229699,0.0317382813,9.7982788089,-0.0140380859,-0.0015950521,-0.1744357639,0.0000976562
557677.9300229700,0.0308227539,9.7956848148,-0.0265502930,0.0003255208,-0.1745985243,0.0001085069
557677.9400229700,0.0317382813,9.8001098636,-0.0051879883,-0.0013020833,-0.1745117187,0.0000976562
557677.9500229700,0.0329589844,9.7961425784,-0.0253295898,-0.0008572049,-0.1745117187,0.0001085069
557677.9600229700,0.0326538086,9.7981262210,-0.0155639648,0.0000325521,-0.1745659722,0.0000976562
557677.9700229700,0.0315856934,9.7993469241,-0.0106811523,-0.0016710069,-0.1744574653,0.0000976562
557677.9800229700,0.0309753418,9.7955322269,-0.0286865234,0.0000434028,-0.1745876736,0.0001085069
557677.9900229700,0.0321960449,9.7999572757,-0.0047302246,-0.0007812500,-0.1745225694,0.0001193576
557678.0000229700,0.0329589844,9.7975158695,-0.0190734863,-0.0013237847,-0.1745117187,0.0000868056
557678.0100229700,0.0309753418,9.7967529300,-0.0233459473,0.0003146701,-0.1748914930,0.0001085069
557678.0200229700,0.0315856934,9.8002624515,-0.0053405762,-0.0016167535,-0.1744249132,0.0001085069
557678.0300229701,0.0317382813,9.7949218753,-0.0277709961,-0.0004557292,-0.1745117187,0.0001193576
557678.0400229699,0.0323486328,9.7987365726,-0.0105285645,-0.0001302083,-0.1745117187,0.0001085069
557678.0500229700,0.0320434570,9.7990417484,-0.0125122070,-0.0017035590,-0.1744357639,0.0000868056
557678.0600229700,0.0318908691,9.7955322269,-0.0286865234,0.0002170139,-0.1745551215,0.0001085069
557678.0700229700,0.0314331055,9.7999572757,-0.0039672852,-0.0010525174,-0.1745225694,0.0000976562
557678.0800229700,0.0320434570,9.7969055179,-0.0225830078,-0.0010959201,-0.1744466146,0.0001193576
557678.0900229700,0.0321960449,9.7970581058,-0.0192260742,0.0002061632,-0.1745985243,0.0001085069
557678.1000229700,0.0303649902,9.7993469241,-0.0085449219,-0.0016601562,-0.1744249132,0.0001085069
557678.1100229700,0.0315856934,9.7961425784,-0.0271606445,-0.0001519097,-0.1744900174,0.0001085069
557678.1200229700,0.0321960449,9.7990417484,-0.0051879883,-0.0005533854,-0.1745117187,0.0001085069
557678.1300229700,0.0326538086,9.7976684574,-0.0201416016,-0.0014105903,-0.1744466146,0.0000868056
557678.1400229700,0.0325012207,9.7966003421,-0.0242614746,0.0003146701,-0.1744900174,0.0001085069
557678.1500229700,0.0312805176,9.8001098636,-0.0044250488,-0.0014865451,-0.1745225694,0.0000976562
557678.1600229701,0.0325012207,9.7956848148,-0.0268554688,-0.0006076389,-0.1744466146,0.0001085069
557678.1700229699,0.0323486328,9.7981262210,-0.0125122070,-0.0000325521,-0.1744683160,0.0001085069
557678.1800229700,0.0325012207,9.7991943363,-0.0119018555,-0.0017469618,-0.1744357639,0.0000868056
557678.1900229700,0.0320434570,9.7955322269,-0.0279235840,0.0001736111,-0.1744574653,0.0001085069
557678.2000229700,0.0318908691,9.7998046878,-0.0039672852,-0.0009006076,-0.1744574653,0.0000868056
557678.2100229700,0.0318908691,9.7961425784,-0.0227355957,-0.0011935764,-0.1745117187,0.0000976562
557678.2200229700,0.0323486328,9.7969055179,-0.0199890137,0.0002170139,-0.1744683160,0.0001085069
557678.2300229700,0.0331115723,9.8002624515,-0.0056457520,-0.0015950521,-0.1743923611,0.0000976562
557678.2400229700,0.0314331055,9.7952270511,-0.0282287598,-0.0002929687,-0.1745551215,0.0001085069
557678.2500229700,0.0318908691,9.7988891605,-0.0100708008,-0.0003797743,-0.1745008680,0.0000976562
557678.2600229700,0.0325012207,9.7984313968,-0.0169372559,-0.0015516493,-0.1744791667,0.0000868056
557678.2700229700,0.0326538086,9.7961425784,-0.0248718262,0.0002604167,-0.1745876736,0.0001085069
557678.2800229701,0.0326538086,9.8001098636,-0.0030517578,-0.0013563368,-0.1745008680,0.0000759549
557678.2900229699,0.0306701660,9.7961425784,-0.0273132324,-0.0006944444,-0.1744574653,0.0001193576
557678.3000229700,0.0314331055,9.7984313968,-0.0149536133,-0.0000434028,-0.1745659722,0.0000976562
557678.3100229700,0.0329589844,9.7994995120,-0.0111389160,-0.0017252604,-0.1744357639,0.0000868056
557678.3200229700,0.0323486328,9.7950744632,-0.0271606445,0.0001736111,-0.1744140625,0.0000976562
557678.3300229700,0.0317382813,9.8001098636,-0.0054931641,-0.0008463542,-0.1745008680,0.0001085069
557678.3400229700,0.0317382813,9.7972106937,-0.0234985352,-0.0013129340,-0.1744357639,0.0001193576
557678.3500229700,0.0325012207,9.7967529300,-0.0196838379,0.0002387153,-0.1745442708,0.0000868056
557678.3600229700,0.0317382813,9.8004150394,-0.0050354004,-0.0015842014,-0.1745442708,0.0000868056
557678.3700229700,0.0311279297,9.7959899906,-0.0282287598,-0.0002929687,-0.1744683160,0.0001085069
557678.3800229700,0.0337219238,9.7990417484,-0.0102233887,-0.0003255208,-0.1745225694,0.0000976562
557678.3900229710,0.0320434570,9.7987365726,-0.0167846680,-0.0015950521,-0.1745225694,0.0000759549
557678.4000229710,0.0326538086,9.7956848148,-0.0234985352,0.0002604167,-0.1744683160,0.0000976562
557678.4100229710,0.0321960449,9.8001098636,-0.0028991699,-0.0012695312,-0.1745768229,0.0000976562
557678.4200229710,0.0318908691,9.7952270511,-0.0268554688,-0.0007921007,-0.1744357639,0.0000868056
557678.4300229710,0.0321960449,9.7978210452,-0.0163269043,0.0000325521,-0.1745008680,0.0001193576
557678.4400229710,0.0331115723,9.8004150394,-0.0093078613,-0.0017469618,-0.1744466146,0.0000976562
557678.4500229710,0.0318908691,9.7944641116,-0.0274658203,0.0000651042,-0.1744357639,0.0000651042
557678.4600229710,0.0312805176,9.7998046878,-0.0070190430,-0.0006293403,-0.1743272569,0.0001085069
557678.4700229710,0.0320434570,9.7973632816,-0.0199890137,-0.0014865451,-0.1743815104,0.0000868056
557678.4800229711,0.0328063965,9.7964477542,-0.0239562988,0.0003363715,-0.1745334201,0.0000976562
557678.4900229709,0.0323486328,9.8005676273,-0.0033569336,-0.0014756944,-0.1744574653,0.0000868056
557678.5000229710,0.0312805176,9.7959899906,-0.0273132324,-0.0005859375,-0.1745117187,0.0001085069
557678.5100229710,0.0328063965,9.7985839847,-0.0148010254,-0.0000651042,-0.1746202257,0.0001085069
557678.5200229710,0.0328063965,9.7991943363,-0.0125122070,-0.0016818576,-0.1744900174,0.0000759549
557678.5300229710,0.0326538086,9.7958374027,-0.0254821777,0.0001193576,-0.1745985243,0.0000651042
557678.5400229710,0.0311279297,9.8002624515,-0.0044250488,-0.0009331597,-0.1745985243,0.0000868056
557678.5500229710,0.0311279297,9.7961425784,-0.0236511230,-0.0011501736,-0.1744249132,0.0000976562
557678.5600229710,0.0344848633,9.7976684574,-0.0186157227,0.0001627604,-0.1745225694,0.0001085069
557678.5700229710,0.0331115723,9.7996520999,-0.0050354004,-0.0016384549,-0.1744683160,0.0000759549
557678.5800229710,0.0303649902,9.7950744632,-0.0305175781,-0.0001519097,-0.1744140625,0.0000976562
557678.5900229710,0.0308227539,9.8001098636,-0.0085449219,-0.0004991319,-0.1745225694,0.0001085069
557678.6000229710,0.0334167480,9.7975158695,-0.0161743164,-0.0015516493,-0.1744249132,0.0000868056
557678.6100229711,0.0346374512,9.7959899906,-0.0241088867,0.0003255208,-0.1744249132,0.0000868056
557678.6200229710,0.0309753418,9.8004150394,-0.0053405762,-0.0013563368,-0.1744791667,0.0000868056
557678.6300229710,0.0296020508,9.7955322269,-0.0276184082,-0.0007161458,-0.1745334201,0.0001193576
557678.6400229710,0.0323486328,9.7982788089,-0.0128173828,-0.0000108507,-0.1745117187,0.0001085069
557678.6500229710,0.0352478027,9.7988891605,-0.0106811523,-0.0017035590,-0.1745225694,0.0000976562
557678.6600229710,0.0325012207,9.7955322269,-0.0276184082,0.0001519097,-0.1744683160,0.0000759549
557678.6700229710,0.0291442871,9.8005676273,-0.0053405762,-0.0009331597,-0.1745008680,0.0001085069
557678.6800229710,0.0308227539,9.7966003421,-0.0230407715,-0.0012152778,-0.1744140625,0.0001302083
557678.6900229710,0.0341796875,9.7972106937,-0.0195312500,0.0002929687,-0.1745442708,0.0000976562
557678.7000229710,0.0341796875,9.8001098636,-0.0061035156,-0.0016384549,-0.1744683160,0.0000868056
557678.7100229710,0.0299072266,9.7949218753,-0.0292968750,-0.0002495660,-0.1745008680,0.0000976562
557678.7200229710,0.0302124023,9.7991943363,-0.0083923340,-0.0003689236,-0.1745442708,0.0001085069
557678.7300229711,0.0340270996,9.7979736331,-0.0151062012,-0.0015950521,-0.1744466146,0.0000976562
557678.7400229709,0.0355529785,9.7964477542,-0.0257873535,0.0003038194,-0.1744466146,0.0000976562
557678.7500229710,0.0315856934,9.8005676273,-0.0045776367,-0.0012695312,-0.1744683160,0.0000759549
557678.7600229710,0.0286865234,9.7961425784,-0.0260925293,-0.0008789062,-0.1745225694,0.0001193576
557678.7700229710,0.0321960449,9.7970581058,-0.0149536133,0.0001302083,-0.1745225694,0.0001085069
557678.7800229710,0.0347900391,9.7998046878,-0.0090026855,-0.0017252604,-0.1745334201,0.0000759549
557678.7900229710,0.0331115723,9.7949218753,-0.0296020508,0.0000108507,-0.1745225694,0.0000651042
557678.8000229710,0.0297546387,9.7994995120,-0.0050354004,-0.0007052951,-0.1745008680,0.0001085069
557678.8100229710,0.0303649902,9.7979736331,-0.0199890137,-0.0013997396,-0.1745334201,0.0001085069
557678.8200229710,0.0347900391,9.7966003421,-0.0230407715,0.0003146701,-0.1745225694,0.0001085069
557678.8300229710,0.0349426270,9.8002624515,-0.0054931641,-0.0014865451,-0.1745117187,0.0000651042
557678.8400229710,0.0303649902,9.7953796390,-0.0280761719,-0.0005533854,-0.1746202257,0.0000759549
557678.8500229710,0.0288391113,9.7982788089,-0.0114440918,-0.0001085069,-0.1744900174,0.0001085069
557678.8600229711,0.0334167480,9.7987365726,-0.0123596191,-0.0016493056,-0.1744140625,0.0001085069
557678.8700229710,0.0344848633,9.7955322269,-0.0282287598,0.0001844618,-0.1745117187,0.0000976562
557678.8800229710,0.0323486328,9.8001098636,-0.0048828125,-0.0010959201,-0.1743706597,0.0000759549
557678.8900229710,0.0297546387,9.7972106937,-0.0236511230,-0.0010308160,-0.1744357639,0.0000976562
557678.9000229710,0.0320434570,9.7976684574,-0.0173950195,0.0001844618,-0.1744900174,0.0001085069
557678.9100229710,0.0354003906,9.7996520999,-0.0091552734,-0.0016276042,-0.1744140625,0.0000759549
557678.9200229710,0.0335693359,9.7949218753,-0.0286865234,-0.0000759549,-0.1745551215,0.0000651042
557678.9300229710,0.0303649902,9.7994995120,-0.0077819824,-0.0006076389,-0.1745876736,0.0000651042
557678.9400229710,0.0314331055,9.7975158695,-0.0190734863,-0.0014214410,-0.1744357639,0.0001302083
557678.9500229710,0.0347900391,9.7967529300,-0.0221252441,0.0002604167,-0.1744683160,0.0000976562
557678.9600229710,0.0332641602,9.7998046878,-0.0048828125,-0.0014539931,-0.1745334201,0.0000651042
557678.9700229710,0.0312805176,9.7966003421,-0.0276184082,-0.0005316840,-0.1744140625,0.0000759549
557678.9800229711,0.0311279297,9.7981262210,-0.0125122070,-0.0001736111,-0.1745659722,0.0001085069
557678.9900229709,0.0312805176,9.7985839847,-0.0134277344,-0.0015950521,-0.1746093750,0.0000976562
557679.0000229710,0.0343322754,9.7961425784,-0.0262451172,0.0001736111,-0.1743272569,0.0000976562
557679.0100229710,0.0325012207,9.7993469241,-0.0050354004,-0.0010742187,-0.1748155382,0.0000759549
557679.0200229710,0.0299072266,9.7966003421,-0.0245666504,-0.0010633681,-0.1744683160,0.0000868056
557679.0300229710,0.0323486328,9.7973632816,-0.0170898438,0.0002278646,-0.1744140625,0.0001085069
557679.0400229710,0.0341796875,9.7996520999,-0.0073242188,-0.0016710069,-0.1745442708,0.0000759549
557679.0500229710,0.0326538086,9.7952270511,-0.0318908691,-0.0001085069,-0.1744357639,0.0000976562
557679.0600229710,0.0312805176,9.7998046878,-0.0071716309,-0.0004774306,-0.1745008680,0.0000976562
557679.0700229710,0.0314331055,9.7982788089,-0.0154113770,-0.0015842014,-0.1744900174,0.0000976562
557679.0800229710,0.0350952148,9.7956848148,-0.0247192383,0.0003146701,-0.1744683160,0.0001085069
557679.0900229710,0.0335693359,9.8001098636,-0.0062561035,-0.0012912326,-0.1745225694,0.0000868056
557679.1000229710,0.0308227539,9.7955322269,-0.0274658203,-0.0007921007,-0.1745117187,0.0000868056
557679.1100229711,0.0311279297,9.7984313968,-0.0129699707,0.0000759549,-0.1746202257,0.0001193576
557679.1200229710,0.0347900391,9.7994995120,-0.0082397461,-0.0017144097,-0.1747395833,0.0000651042
557679.1300229710,0.0328063965,9.7947692874,-0.0318908691,0.0001193576,-0.1745768229,0.0000868056
557679.1400229710,0.0318908691,9.7999572757,-0.0057983398,-0.0008463542,-0.1743272569,0.0001085069
557679.1500229710,0.0317382813,9.7969055179,-0.0173950195,-0.0013888889,-0.1744791667,0.0000868056
557679.1600229710,0.0335693359,9.7962951663,-0.0207519531,0.0004014757,-0.1744140625,0.0000976562
557679.1700229710,0.0332641602,9.7998046878,-0.0076293945,-0.0015299479,-0.1743815104,0.0000651042
557679.1800229710,0.0321960449,9.7953796390,-0.0308227539,-0.0005316840,-0.1745334201,0.0000759549
557679.1900229710,0.0317382813,9.7990417484,-0.0085449219,-0.0001302083,-0.1744683160,0.0000976562
557679.2000229710,0.0331115723,9.7996520999,-0.0099182129,-0.0017144097,-0.1744466146,0.0000868056
557679.2100229710,0.0328063965,9.7956848148,-0.0305175781,0.0002387153,-0.1745876736,0.0000868056
557679.2200229710,0.0325012207,9.8002624515,-0.0067138672,-0.0010633681,-0.1744683160,0.0000868056
557679.2300229711,0.0315856934,9.7970581058,-0.0213623047,-0.0011827257,-0.1745442708,0.0000976562
557679.2400229709,0.0323486328,9.7969055179,-0.0169372559,0.0003255208,-0.1745334201,0.0000868056
557679.2500229710,0.0337219238,9.7998046878,-0.0077819824,-0.0016167535,-0.1744249132,0.0000868056
557679.2600229710,0.0331115723,9.7953796390,-0.0323486328,-0.0002387153,-0.1745876736,0.0000651042
557679.2700229710,0.0323486328,9.7985839847,-0.0068664551,-0.0004557292,-0.1744140625,0.0000976562
557679.2800229710,0.0332641602,9.7981262210,-0.0137329102,-0.0015516493,-0.1743815104,0.0000868056
557679.2900229710,0.0332641602,9.7962951663,-0.0254821777,0.0003146701,-0.1745008680,0.0000868056
557679.3000229710,0.0325012207,9.8002624515,-0.0082397461,-0.0013129340,-0.1743706597,0.0000651042
557679.3100229710,0.0321960449,9.7955322269,-0.0254821777,-0.0007921007,-0.1744791667,0.0001085069
557679.3200229710,0.0320434570,9.7982788089,-0.0120544434,0.0000651042,-0.1745985243,0.0000868056
557679.3300229710,0.0329589844,9.7994995120,-0.0099182129,-0.0016818576,-0.1744683160,0.0000759549
557679.3400229710,0.0325012207,9.7950744632,-0.0314331055,0.0000651042,-0.1745985243,0.0000868056
557679.3500229710,0.0318908691,9.8001098636,-0.0059509277,-0.0008572049,-0.1746202257,0.0001085069
557679.3600229711,0.0329589844,9.7973632816,-0.0184631348,-0.0013020833,-0.1744466146,0.0000759549
557679.3700229710,0.0331115723,9.7966003421,-0.0205993652,0.0003472222,-0.1745551215,0.0000759549
557679.3800229710,0.0326538086,9.7999572757,-0.0071716309,-0.0015733507,-0.1745117187,0.0000868056
557679.3900229710,0.0323486328,9.7947692874,-0.0292968750,-0.0003689236,-0.1744683160,0.0000651042
557679.4000229710,0.0328063965,9.7987365726,-0.0088500977,-0.0002495660,-0.1745334201,0.0001085069
557679.4100229710,0.0329589844,9.7987365726,-0.0135803223,-0.0016710069,-0.1745334201,0.0000868056
557679.4200229710,0.0332641602,9.7955322269,-0.0285339355,0.0002929687,-0.1744357639,0.0000868056
557679.4300229710,0.0320434570,9.8004150394,-0.0050354004,-0.0011610243,-0.1744249132,0.0000868056
557679.4400229710,0.0318908691,9.7966003421,-0.0238037109,-0.0009874132,-0.1744357639,0.0000759549
557679.4500229710,0.0332641602,9.7975158695,-0.0169372559,0.0002387153,-0.1745008680,0.0000868056
557679.4600229710,0.0331115723,9.7994995120,-0.0100708008,-0.0016601562,-0.1744466146,0.0000651042
557679.4700229720,0.0320434570,9.7950744632,-0.0300598145,-0.0001302083,-0.1745659722,0.0001193576
557679.4800229720,0.0331115723,9.7996520999,-0.0070190430,-0.0006076389,-0.1744683160,0.0001085069
557679.4900229720,0.0329589844,9.7973632816,-0.0173950195,-0.0014105903,-0.1745442708,0.0000868056
557679.5000229720,0.0325012207,9.7962951663,-0.0224304199,0.0002929687,-0.1745551215,0.0000868056
557679.5100229720,0.0325012207,9.7998046878,-0.0071716309,-0.0014648437,-0.1744249132,0.0000759549
557679.5200229720,0.0326538086,9.7950744632,-0.0267028809,-0.0004774306,-0.1745985243,0.0000759549
557679.5300229720,0.0334167480,9.7984313968,-0.0091552734,-0.0001953125,-0.1745117187,0.0000868056
557679.5400229720,0.0320434570,9.7990417484,-0.0151062012,-0.0016276042,-0.1744791667,0.0000868056
557679.5500229720,0.0325012207,9.7953796390,-0.0285339355,0.0002278646,-0.1745768229,0.0000976562
557679.5600229719,0.0331115723,9.7998046878,-0.0050354004,-0.0011935764,-0.1744574653,0.0000759549
557679.5700229720,0.0337219238,9.7958374027,-0.0225830078,-0.0009006076,-0.1744683160,0.0000759549
557679.5800229720,0.0326538086,9.7976684574,-0.0160217285,0.0001736111,-0.1744683160,0.0000868056
557679.5900229720,0.0314331055,9.7999572757,-0.0111389160,-0.0016493056,-0.1743923611,0.0000868056
557679.6000229720,0.0331115723,9.7949218753,-0.0292968750,-0.0000976562,-0.1745008680,0.0001085069
557679.6100229720,0.0332641602,9.7998046878,-0.0061035156,-0.0006293403,-0.1745985243,0.0000759549
557679.6200229720,0.0331115723,9.7978210452,-0.0181579590,-0.0014539931,-0.1744574653,0.0000759549
557679.6300229720,0.0323486328,9.7959899906,-0.0244140625,0.0003472222,-0.1745334201,0.0000976562
557679.6400229720,0.0318908691,9.7999572757,-0.0061035156,-0.0014539931,-0.1745659722,0.0000868056
557679.6500229720,0.0326538086,9.7958374027,-0.0277709961,-0.0005859375,-0.1745008680,0.0000759549
557679.6600229720,0.0331115723,9.7984313968,-0.0120544434,-0.0000868056,-0.1745334201,0.0000976562
557679.6700229720,0.0328063965,9.7991943363,-0.0123596191,-0.0016601562,-0.1745225694,0.0000651042
557679.6800229721,0.0331115723,9.7950744632,-0.0280761719,0.0001844618,-0.1745008680,0.0001085069
557679.6900229719,0.0318908691,9.7994995120,-0.0056457520,-0.0010633681,-0.1744683160,0.0000868056
557679.7000229720,0.0329589844,9.7966003421,-0.0213623047,-0.0010525174,-0.1744357639,0.0000868056
557679.7100229720,0.0338745117,9.7967529300,-0.0169372559,0.0002495660,-0.1744357639,0.0000868056
557679.7200229720,0.0321960449,9.7996520999,-0.0099182129,-0.0016167535,-0.1744249132,0.0000759549
557679.7300229720,0.0318908691,9.7952270511,-0.0309753418,-0.0001519097,-0.1745334201,0.0000976562
557679.7400229720,0.0332641602,9.7998046878,-0.0061035156,-0.0006076389,-0.1745008680,0.0000868056
557679.7500229720,0.0338745117,9.7976684574,-0.0155639648,-0.0014756944,-0.1745551215,0.0000868056
557679.7600229720,0.0332641602,9.7959899906,-0.0245666504,0.0003255208,-0.1745985243,0.0000759549
557679.7700229720,0.0314331055,9.8001098636,-0.0071716309,-0.0014105903,-0.1744791667,0.0000868056
557679.7800229720,0.0326538086,9.7955322269,-0.0260925293,-0.0006293403,-0.1745334201,0.0000868056
557679.7900229720,0.0337219238,9.7984313968,-0.0117492676,-0.0000868056,-0.1745551215,0.0000976562
557679.8000229720,0.0341796875,9.7987365726,-0.0137329102,-0.0016276042,-0.1744249132,0.0000759549
557679.8100229719,0.0323486328,9.7955322269,-0.0286865234,0.0001519097,-0.1745442708,0.0000868056
557679.8200229720,0.0315856934,9.7998046878,-0.0042724609,-0.0010633681,-0.1745117187,0.0000976562
557679.8300229720,0.0328063965,9.7966003421,-0.0219726563,-0.0010308160,-0.1744574653,0.0000759549
557679.8400229720,0.0340270996,9.7975158695,-0.0196838379,0.0002387153,-0.1745551215,0.0000759549
557679.8500229720,0.0323486328,9.7998046878,-0.0091552734,-0.0016601562,-0.1744357639,0.0000651042
557679.8600229720,0.0315856934,9.7952270511,-0.0288391113,-0.0001736111,-0.1744357639,0.0000976562
557679.8700229720,0.0331115723,9.7991943363,-0.0061035156,-0.0005208333,-0.1745225694,0.0000759549
557679.8800229720,0.0343322754,9.7978210452,-0.0177001953,-0.0014756944,-0.1744574653,0.0000759549
557679.8900229720,0.0331115723,9.7964477542,-0.0262451172,0.0003146701,-0.1746093750,0.0000759549
557679.9000229720,0.0318908691,9.7998046878,-0.0045776367,-0.0013780382,-0.1745551215,0.0000868056
557679.9100229720,0.0315856934,9.7958374027,-0.0259399414,-0.0007269965,-0.1745225694,0.0000868056
557679.9200229720,0.0343322754,9.7979736331,-0.0144958496,0.0000651042,-0.1745876736,0.0000868056
557679.9300229721,0.0335693359,9.7994995120,-0.0117492676,-0.0017361111,-0.1744683160,0.0000759549
557679.9400229719,0.0328063965,9.7947692874,-0.0286865234,0.0000759549,-0.1745117187,0.0000976562
557679.9500229720,0.0317382813,9.7998046878,-0.0042724609,-0.0008355035,-0.1745334201,0.0001085069
557679.9600229720,0.0329589844,9.7970581058,-0.0213623047,-0.0012478299,-0.1744574653,0.0000759549
557679.9700229720,0.0343322754,9.7959899906,-0.0221252441,0.0003146701,-0.1745334201,0.0000868056
557679.9800229720,0.0325012207,9.8002624515,-0.0061035156,-0.0015733507,-0.1743815104,0.0000651042
557679.9900229720,0.0315856934,9.7953796390,-0.0268554688,-0.0003472222,-0.1745008680,0.0000759549
557680.0000229720,0.0331115723,9.7984313968,-0.0100708008,-0.0002387153,-0.1745008680,0.0001085069
557680.0100229720,0.0337219238,9.7985839847,-0.0163269043,-0.0016710069,-0.1747612847,0.0000759549
557680.0200229720,0.0328063965,9.7953796390,-0.0280761719,0.0002495660,-0.1745334201,0.0000976562
557680.0300229720,0.0323486328,9.7999572757,-0.0028991699,-0.0011610243,-0.1745117187,0.0000651042
557680.0400229720,0.0325012207,9.7964477542,-0.0233459473,-0.0009006076,-0.1745442708,0.0000868056
557680.0500229720,0.0337219238,9.7976684574,-0.0178527832,0.0002170139,-0.1745008680,0.0000868056
557680.0600229719,0.0326538086,9.7999572757,-0.0109863281,-0.0017252604,-0.1745117187,0.0000759549
557680.0700229720,0.0328063965,9.7946166995,-0.0292968750,-0.0000976562,-0.1745225694,0.0000868056
557680.0800229720,0.0328063965,9.7991943363,-0.0054931641,-0.0005967882,-0.1745008680,0.0001085069
557680.0900229720,0.0328063965,9.7976684574,-0.0180053711,-0.0014648437,-0.1745225694,0.0000868056
557680.1000229720,0.0335693359,9.7962951663,-0.0251770020,0.0003906250,-0.1745551215,0.0000759549
557680.1100229720,0.0341796875,9.8004150394,-0.0044250488,-0.0014105903,-0.1745117187,0.0000651042
557680.1200229720,0.0317382813,9.7955322269,-0.0265502930,-0.0006076389,-0.1745008680,0.0000759549
557680.1300229720,0.0329589844,9.7976684574,-0.0129699707,0.0000000000,-0.1745008680,0.0000976562
557680.1400229720,0.0328063965,9.7994995120,-0.0126647949,-0.0017578125,-0.1743923611,0.0000759549
557680.1500229720,0.0335693359,9.7950744632,-0.0291442871,0.0001627604,-0.1745008680,0.0000868056
557680.1600229720,0.0334167480,9.8004150394,-0.0044250488,-0.0009440104,-0.1743489583,0.0000868056
557680.1700229720,0.0323486328,9.7964477542,-0.0209045410,-0.0011935764,-0.1744574653,0.0000759549
557680.1800229721,0.0326538086,9.7970581058,-0.0215148926,0.0003255208,-0.1745117187,0.0000868056
557680.1900229719,0.0340270996,9.7993469241,-0.0079345703,-0.0016167535,-0.1743815104,0.0000759549
557680.2000229720,0.0332641602,9.7955322269,-0.0288391113,-0.0003472222,-0.1745985243,0.0000759549
557680.2100229720,0.0329589844,9.7993469241,-0.0091552734,-0.0002604167,-0.1745442708,0.0000759549
557680.2200229720,0.0323486328,9.7987365726,-0.0148010254,-0.0016601562,-0.1744466146,0.0000759549
557680.2300229720,0.0331115723,9.7953796390,-0.0282287598,0.0003038194,-0.1746310764,0.0000868056
557680.2400229720,0.0332641602,9.8002624515,-0.0042724609,-0.0011935764,-0.1745442708,0.0000651042
557680.2500229720,0.0337219238,9.7961425784,-0.0230407715,-0.0009006076,-0.1743923611,0.0000651042
557680.2600229720,0.0325012207,9.7973632816,-0.0184631348,0.0001844618,-0.1745008680,0.0000868056
557680.2700229720,0.0321960449,9.7991943363,-0.0100708008,-0.0017035590,-0.1744466146,0.0000651042
557680.2800229720,0.0325012207,9.7950744632,-0.0285339355,-0.0000868056,-0.1745008680,0.0000868056
557680.2900229720,0.0343322754,9.7999572757,-0.0059509277,-0.0005859375,-0.1744791667,0.0000976562
557680.3000229720,0.0337219238,9.7981262210,-0.0184631348,-0.0014756944,-0.1744357639,0.0000542535
557680.3100229719,0.0325012207,9.7964477542,-0.0253295898,0.0003472222,-0.1745225694,0.0000868056
557680.3200229720,0.0314331055,9.8002624515,-0.0045776367,-0.0013997396,-0.1745551215,0.0000759549
557680.3300229720,0.0338745117,9.7961425784,-0.0263977051,-0.0006293403,-0.1744357639,0.0000868056
557680.3400229720,0.0337219238,9.7981262210,-0.0131225586,-0.0000868056,-0.1744900174,0.0000868056
557680.3500229720,0.0323486328,9.7984313968,-0.0134277344,-0.0016710069,-0.1745117187,0.0000759549
557680.3600229720,0.0323486328,9.7952270511,-0.0276184082,0.0001193576,-0.1744683160,0.0000868056
557680.3700229720,0.0335693359,9.7999572757,-0.0035095215,-0.0009223090,-0.1745551215,0.0000759549
557680.3800229720,0.0332641602,9.7970581058,-0.0242614746,-0.0011393229,-0.1744357639,0.0000759549
557680.3900229720,0.0335693359,9.7969055179,-0.0212097168,0.0003038194,-0.1744249132,0.0000759549
557680.4000229720,0.0328063965,9.7998046878,-0.0059509277,-0.0016384549,-0.1744574653,0.0000868056
557680.4100229720,0.0331115723,9.7958374027,-0.0280761719,-0.0002604167,-0.1744683160,0.0000976562
557680.4200229720,0.0335693359,9.7990417484,-0.0090026855,-0.0003580729,-0.1743706597,0.0000759549
557680.4300229721,0.0337219238,9.7984313968,-0.0172424316,-0.0015950521,-0.1744357639,0.0000651042
557680.4400229719,0.0332641602,9.7959899906,-0.0270080566,0.0003255208,-0.1745334201,0.0000542535
557680.4500229720,0.0318908691,9.7999572757,-0.0025939941,-0.0012478299,-0.1744791667,0.0000759549
557680.4600229720,0.0335693359,9.7961425784,-0.0265502930,-0.0007921007,-0.1745659722,0.0000868056
557680.4700229720,0.0341796875,9.7975158695,-0.0166320801,0.0000651042,-0.1745225694,0.0000976562
557680.4800229720,0.0331115723,9.7996520999,-0.0100708008,-0.0017361111,-0.1744466146,0.0000651042
557680.4900229720,0.0329589844,9.7952270511,-0.0282287598,0.0000108507,-0.1745985243,0.0000868056
557680.5000229720,0.0329589844,9.8001098636,-0.0059509277,-0.0007486979,-0.1744791667,0.0000759549
557680.5100229720,0.0331115723,9.7972106937,-0.0216674805,-0.0012695312,-0.1745008680,0.0000542535
557680.5200229720,0.0329589844,9.7966003421,-0.0228881836,0.0003146701,-0.1745768229,0.0000868056
557680.5300229720,0.0325012207,9.8002624515,-0.0064086914,-0.0015842014,-0.1745225694,0.0000759549
557680.5400229730,0.0332641602,9.7955322269,-0.0280761719,-0.0003580729,-0.1745334201,0.0000976562
557680.5500229730,0.0331115723,9.7985839847,-0.0099182129,-0.0003363715,-0.1744791667,0.0000759549
557680.5600229730,0.0332641602,9.7984313968,-0.0163269043,-0.0015842014,-0.1744574653,0.0000759549
557680.5700229730,0.0338745117,9.7959899906,-0.0254821777,0.0003146701,-0.1745008680,0.0000759549
557680.5800229730,0.0328063965,9.8001098636,-0.0061035156,-0.0012803819,-0.1745225694,0.0000759549
557680.5900229730,0.0329589844,9.7959899906,-0.0260925293,-0.0007595486,-0.1745225694,0.0000868056
557680.6000229730,0.0323486328,9.7973632816,-0.0144958496,0.0000325521,-0.1745008680,0.0000868056
557680.6100229730,0.0335693359,9.7993469241,-0.0114440918,-0.0017035590,-0.1744900174,0.0000868056
557680.6200229730,0.0340270996,9.7952270511,-0.0292968750,0.0000542535,-0.1745334201,0.0000651042
557680.6300229731,0.0332641602,9.7998046878,-0.0057983398,-0.0008572049,-0.1744357639,0.0000651042
557680.6400229729,0.0329589844,9.7975158695,-0.0213623047,-0.0012261285,-0.1744683160,0.0000759549
557680.6500229730,0.0329589844,9.7966003421,-0.0201416016,0.0003580729,-0.1745117187,0.0000868056
557680.6600229730,0.0334167480,9.8005676273,-0.0065612793,-0.0015950521,-0.1744900174,0.0000759549
557680.6700229730,0.0332641602,9.7952270511,-0.0294494629,-0.0003255208,-0.1744791667,0.0000651042
557680.6800229730,0.0325012207,9.7985839847,-0.0097656250,-0.0003689236,-0.1745008680,0.0000759549
557680.6900229730,0.0331115723,9.7985839847,-0.0154113770,-0.0015842014,-0.1744357639,0.0000434028
557680.7000229730,0.0331115723,9.7956848148,-0.0257873535,0.0003472222,-0.1744357639,0.0000868056
557680.7100229730,0.0332641602,9.8002624515,-0.0053405762,-0.0012369792,-0.1745117187,0.0000759549
557680.7200229730,0.0334167480,9.7958374027,-0.0260925293,-0.0008029514,-0.1745117187,0.0000651042
557680.7300229730,0.0331115723,9.7981262210,-0.0143432617,0.0000976562,-0.1745659722,0.0000868056
557680.7400229730,0.0331115723,9.7996520999,-0.0100708008,-0.0017144097,-0.1745659722,0.0000759549
557680.7500229731,0.0334167480,9.7944641116,-0.0309753418,0.0000108507,-0.1745442708,0.0000651042
557680.7600229729,0.0329589844,9.8001098636,-0.0071716309,-0.0007486979,-0.1745008680,0.0000759549
557680.7700229730,0.0340270996,9.7970581058,-0.0184631348,-0.0013346354,-0.1745334201,0.0000651042
557680.7800229730,0.0335693359,9.7967529300,-0.0218200684,0.0003255208,-0.1745334201,0.0000759549
557680.7900229730,0.0326538086,9.7999572757,-0.0077819824,-0.0014865451,-0.1745334201,0.0000759549
557680.8000229730,0.0309753418,9.7949218753,-0.0288391113,-0.0004340278,-0.1745334201,0.0001193576
557680.8100229730,0.0352478027,9.7987365726,-0.0100708008,-0.0002712674,-0.1744900174,0.0000759549
557680.8200229730,0.0350952148,9.7993469241,-0.0149536133,-0.0016710069,-0.1744683160,0.0000651042
557680.8300229730,0.0318908691,9.7956848148,-0.0279235840,0.0003146701,-0.1744900174,0.0000542535
557680.8400229730,0.0302124023,9.7993469241,-0.0044250488,-0.0011393229,-0.1743706597,0.0000759549
557680.8500229730,0.0338745117,9.7961425784,-0.0239562988,-0.0009657118,-0.1745442708,0.0000868056
557680.8600229730,0.0361633301,9.7969055179,-0.0183105469,0.0002061632,-0.1745225694,0.0000868056
557680.8700229730,0.0337219238,9.7998046878,-0.0083923340,-0.0017144097,-0.1744791667,0.0000651042
557680.8800229731,0.0306701660,9.7950744632,-0.0300598145,-0.0001302083,-0.1745985243,0.0000868056
557680.8900229729,0.0321960449,9.7994995120,-0.0076293945,-0.0005316840,-0.1744466146,0.0000976562
557680.9000229730,0.0352478027,9.7973632816,-0.0177001953,-0.0014865451,-0.1745551215,0.0000759549
557680.9100229730,0.0355529785,9.7956848148,-0.0245666504,0.0003146701,-0.1745768229,0.0000542535
557680.9200229730,0.0309753418,9.8001098636,-0.0061035156,-0.0013780382,-0.1744791667,0.0000651042
557680.9300229730,0.0302124023,9.7958374027,-0.0267028809,-0.0005642361,-0.1745442708,0.0000976562
557680.9400229730,0.0344848633,9.7984313968,-0.0138854980,-0.0001519097,-0.1745876736,0.0000868056
557680.9500229730,0.0366210938,9.7990417484,-0.0134277344,-0.0016384549,-0.1744683160,0.0000651042
557680.9600229730,0.0323486328,9.7956848148,-0.0267028809,0.0001844618,-0.1745551215,0.0000434028
557680.9700229730,0.0302124023,9.8001098636,-0.0044250488,-0.0010959201,-0.1744357639,0.0000651042
557680.9800229730,0.0331115723,9.7961425784,-0.0256347656,-0.0009006076,-0.1744574653,0.0000868056
557680.9900229730,0.0360107422,9.7975158695,-0.0189208984,0.0001519097,-0.1745225694,0.0000868056
557681.0000229731,0.0344848633,9.8001098636,-0.0086975098,-0.0017361111,-0.1744357639,0.0000651042
557681.0100229729,0.0314331055,9.7959899906,-0.0288391113,-0.0000108507,-0.1747938368,0.0000976562
557681.0200229730,0.0311279297,9.7990417484,-0.0077819824,-0.0006727431,-0.1745659722,0.0000759549
557681.0300229730,0.0349426270,9.7975158695,-0.0201416016,-0.0013888889,-0.1744249132,0.0000868056
557681.0400229730,0.0354003906,9.7973632816,-0.0230407715,0.0003255208,-0.1745008680,0.0000542535
557681.0500229730,0.0321960449,9.8002624515,-0.0054931641,-0.0014539931,-0.1744791667,0.0000542535
557681.0600229730,0.0314331055,9.7947692874,-0.0282287598,-0.0004774306,-0.1744683160,0.0000976562
557681.0700229730,0.0341796875,9.7991943363,-0.0122070313,-0.0001953125,-0.1745334201,0.0000976562
557681.0800229730,0.0344848633,9.7982788089,-0.0132751465,-0.0016601562,-0.1744466146,0.0000651042
557681.0900229730,0.0341796875,9.7950744632,-0.0271606445,0.0001519097,-0.1744574653,0.0000542535
557681.1000229730,0.0320434570,9.7994995120,-0.0041198730,-0.0009874132,-0.1744466146,0.0000651042
557681.1100229730,0.0323486328,9.7969055179,-0.0244140625,-0.0010308160,-0.1744357639,0.0000759549
557681.1200229730,0.0350952148,9.7973632816,-0.0196838379,0.0002278646,-0.1745117187,0.0000868056
557681.1300229731,0.0341796875,9.7996520999,-0.0076293945,-0.0016601562,-0.1744683160,0.0000651042
557681.1400229729,0.0320434570,9.7950744632,-0.0296020508,-0.0001627604,-0.1745442708,0.0000651042
557681.1500229730,0.0328063965,9.7999572757,-0.0079345703,-0.0004991319,-0.1745117187,0.0000976562
557681.1600229730,0.0341796875,9.7976684574,-0.0186157227,-0.0014973958,-0.1745117187,0.0000651042
557681.1700229730,0.0343322754,9.7956848148,-0.0259399414,0.0003472222,-0.1745334201,0.0000542535
557681.1800229730,0.0334167480,9.8001098636,-0.0050354004,-0.0013563368,-0.1745008680,0.0000651042
557681.1900229730,0.0329589844,9.7958374027,-0.0268554688,-0.0006835937,-0.1744249132,0.0000759549
557681.2000229730,0.0331115723,9.7976684574,-0.0141906738,0.0000000000,-0.1745334201,0.0000868056
557681.2100229730,0.0338745117,9.7993469241,-0.0109863281,-0.0017578125,-0.1744900174,0.0000651042
557681.2200229730,0.0335693359,9.7950744632,-0.0294494629,0.0001193576,-0.1744249132,0.0000651042
557681.2300229730,0.0326538086,9.7998046878,-0.0064086914,-0.0007921007,-0.1744466146,0.0000542535
557681.2400229730,0.0334167480,9.7970581058,-0.0213623047,-0.0013237847,-0.1743815104,0.0000759549
557681.2500229731,0.0346374512,9.7962951663,-0.0216674805,0.0004123264,-0.1744140625,0.0000868056
557681.2600229729,0.0337219238,9.8001098636,-0.0059509277,-0.0015625000,-0.1743923611,0.0000542535
557681.2700229730,0.0329589844,9.7952270511,-0.0289916992,-0.0004448785,-0.1745334201,0.0000976562
557681.2800229730,0.0338745117,9.7990417484,-0.0115966797,-0.0002170139,-0.1745008680,0.0000651042
557681.2900229730,0.0332641602,9.7984313968,-0.0148010254,-0.0016493056,-0.1744574653,0.0000651042
557681.3000229730,0.0337219238,9.7958374027,-0.0260925293,0.0002604167,-0.1745768229,0.0000542535
557681.3100229730,0.0325012207,9.7996520999,-0.0064086914,-0.0011176215,-0.1744683160,0.0000759549
557681.3200229730,0.0338745117,9.7959899906,-0.0253295898,-0.0009657118,-0.1744791667,0.0000868056
557681.3300229730,0.0338745117,9.7972106937,-0.0173950195,0.0002061632,-0.1745225694,0.0000868056
557681.3400229730,0.0332641602,9.7988891605,-0.0086975098,-0.0016710069,-0.1744574653,0.0000651042
557681.3500229730,0.0326538086,9.7950744632,-0.0303649902,-0.0001085069,-0.1745008680,0.0000651042
557681.3600229730,0.0343322754,9.8001098636,-0.0091552734,-0.0005750868,-0.1744466146,0.0000542535
557681.3700229730,0.0332641602,9.7976684574,-0.0180053711,-0.0014431424,-0.1744683160,0.0000651042
557681.3800229731,0.0332641602,9.7962951663,-0.0234985352,0.0003363715,-0.1745117187,0.0000868056
557681.3900229729,0.0328063965,9.7988891605,-0.0070190430,-0.0013780382,-0.1744791667,0.0000651042
557681.4000229730,0.0338745117,9.7946166995,-0.0285339355,-0.0006184896,-0.1745117187,0.0000651042
557681.4100229730,0.0340270996,9.7981262210,-0.0132751465,-0.0000868056,-0.1746202257,0.0000651042
557681.4200229730,0.0340270996,9.8002624515,-0.0128173828,-0.0017035590,-0.1744466146,0.0000651042
557681.4300229730,0.0329589844,9.7961425784,-0.0280761719,0.0001736111,-0.1745985243,0.0000542535
557681.4400229730,0.0334167480,9.7994995120,-0.0054931641,-0.0009440104,-0.1745117187,0.0000759549
557681.4500229730,0.0337219238,9.7964477542,-0.0230407715,-0.0011610243,-0.1745117187,0.0000759549
557681.4600229730,0.0354003906,9.7969055179,-0.0202941895,0.0002604167,-0.1745768229,0.0000868056
557681.4700229730,0.0341796875,9.7993469241,-0.0077819824,-0.0016167535,-0.1745442708,0.0000542535
557681.4800229730,0.0315856934,9.7959899906,-0.0303649902,-0.0002170139,-0.1744357639,0.0000868056
557681.4900229730,0.0332641602,9.7998046878,-0.0105285645,-0.0004774306,-0.1745117187,0.0000651042
557681.5000229731,0.0352478027,9.7978210452,-0.0163269043,-0.0014865451,-0.1744683160,0.0000651042
557681.5100229729,0.0355529785,9.7961425784,-0.0254821777,0.0003472222,-0.1745117187,0.0000759549
557681.5200229730,0.0328063965,9.7993469241,-0.0059509277,-0.0013563368,-0.1744574653,0.0000542535
557681.5300229730,0.0311279297,9.7958374027,-0.0291442871,-0.0006727431,-0.1744574653,0.0000868056
557681.5400229730,0.0354003906,9.7984313968,-0.0137329102,-0.0000651042,-0.1744032118,0.0000868056
557681.5500229730,0.0352478027,9.7998046878,-0.0117492676,-0.0016818576,-0.1744357639,0.0000217014
557681.5600229730,0.0325012207,9.7953796390,-0.0294494629,0.0001627604,-0.1744900174,0.0000542535
557681.5700229730,0.0312805176,9.7990417484,-0.0061035156,-0.0009223090,-0.1744574653,0.0000651042
557681.5800229730,0.0340270996,9.7967529300,-0.0230407715,-0.0011501736,-0.1743815104,0.0000759549
557681.5900229730,0.0343322754,9.7979736331,-0.0204467773,0.0002604167,-0.1743815104,0.0000868056
557681.6000229730,0.0338745117,9.7998046878,-0.0068664551,-0.0015625000,-0.1743598090,0.0000434028
557681.6100229740,0.0321960449,9.7947692874,-0.0308227539,-0.0002821181,-0.1747178819,0.0000759549
557681.6200229740,0.0334167480,9.7991943363,-0.0085449219,-0.0004448785,-0.1745659722,0.0000542535
557681.6300229740,0.0341796875,9.7976684574,-0.0141906738,-0.0014756944,-0.1745225694,0.0000542535
557681.6400229740,0.0341796875,9.7955322269,-0.0263977051,0.0002712674,-0.1746744792,0.0000759549
557681.6500229740,0.0334167480,9.8002624515,-0.0074768066,-0.0012478299,-0.1744683160,0.0000651042
557681.6600229740,0.0331115723,9.7959899906,-0.0260925293,-0.0007161458,-0.1744032118,0.0000759549
557681.6700229740,0.0331115723,9.7982788089,-0.0138854980,-0.0000325521,-0.1745334201,0.0000868056
557681.6800229740,0.0337219238,9.7994995120,-0.0119018555,-0.0016601562,-0.1743489583,0.0000651042
557681.6900229740,0.0344848633,9.7955322269,-0.0292968750,0.0001410590,-0.1744140625,0.0000759549
557681.7000229741,0.0331115723,9.7998046878,-0.0061035156,-0.0009331597,-0.1744357639,0.0000542535
557681.7100229739,0.0338745117,9.7969055179,-0.0224304199,-0.0011501736,-0.1743598090,0.0000651042
557681.7200229740,0.0341796875,9.7972106937,-0.0213623047,0.0003038194,-0.1745225694,0.0000759549
557681.7300229740,0.0335693359,9.7993469241,-0.0083923340,-0.0016167535,-0.1745985243,0.0000651042
557681.7400229740,0.0335693359,9.7958374027,-0.0291442871,-0.0002604167,-0.1744140625,0.0000651042
557681.7500229740,0.0337219238,9.7990417484,-0.0085449219,-0.0003906250,-0.1745551215,0.0000651042
557681.7600229740,0.0338745117,9.7984313968,-0.0164794922,-0.0015407986,-0.1744791667,0.0000434028
557681.7700229740,0.0344848633,9.7958374027,-0.0268554688,0.0003038194,-0.1745008680,0.0000542535
557681.7800229740,0.0328063965,9.7999572757,-0.0061035156,-0.0012478299,-0.1745442708,0.0000651042
557681.7900229740,0.0332641602,9.7958374027,-0.0267028809,-0.0007812500,-0.1744574653,0.0000651042
557681.8000229740,0.0346374512,9.7978210452,-0.0140380859,0.0000542535,-0.1744140625,0.0000651042
557681.8100229740,0.0337219238,9.7996520999,-0.0105285645,-0.0017035590,-0.1745225694,0.0000542535
557681.8200229740,0.0325012207,9.7953796390,-0.0299072266,0.0000542535,-0.1744683160,0.0000434028
557681.8300229741,0.0325012207,9.7998046878,-0.0067138672,-0.0007921007,-0.1745117187,0.0000651042
557681.8400229739,0.0347900391,9.7972106937,-0.0209045410,-0.0012261285,-0.1745334201,0.0000651042
557681.8500229740,0.0344848633,9.7967529300,-0.0215148926,0.0003038194,-0.1745551215,0.0000759549
557681.8600229740,0.0331115723,9.7998046878,-0.0071716309,-0.0015733507,-0.1745551215,0.0000651042
557681.8700229740,0.0325012207,9.7952270511,-0.0292968750,-0.0003580729,-0.1745008680,0.0000651042
557681.8800229740,0.0338745117,9.7984313968,-0.0096130371,-0.0003255208,-0.1745225694,0.0000651042
557681.8900229740,0.0347900391,9.7991943363,-0.0161743164,-0.0016167535,-0.1745334201,0.0000434028
557681.9000229740,0.0343322754,9.7958374027,-0.0276184082,0.0003363715,-0.1745768229,0.0000542535
557681.9100229740,0.0314331055,9.8004150394,-0.0048828125,-0.0012478299,-0.1745008680,0.0000868056
557681.9200229740,0.0337219238,9.7964477542,-0.0262451172,-0.0007921007,-0.1745225694,0.0000759549
557681.9300229740,0.0355529785,9.7978210452,-0.0157165527,0.0000542535,-0.1744574653,0.0000651042
557681.9400229740,0.0338745117,9.7993469241,-0.0117492676,-0.0016710069,-0.1744249132,0.0000651042
557681.9500229741,0.0320434570,9.7956848148,-0.0294494629,0.0000000000,-0.1744574653,0.0000542535
557681.9600229739,0.0340270996,9.7994995120,-0.0068664551,-0.0007595486,-0.1744791667,0.0000759549
557681.9700229740,0.0350952148,9.7973632816,-0.0213623047,-0.0012261285,-0.1744357639,0.0000434028
557681.9800229740,0.0338745117,9.7969055179,-0.0233459473,0.0002712674,-0.1745768229,0.0000542535
557681.9900229740,0.0320434570,9.7999572757,-0.0070190430,-0.0015299479,-0.1744357639,0.0000542535
557682.0000229740,0.0337219238,9.7956848148,-0.0283813477,-0.0003689236,-0.1745117187,0.0000542535
557682.0100229740,0.0358581543,9.7994995120,-0.0106811523,-0.0002929687,-0.1747829861,0.0000651042
557682.0200229740,0.0331115723,9.7985839847,-0.0169372559,-0.0015950521,-0.1743815104,0.0000217014
557682.0300229740,0.0317382813,9.7964477542,-0.0270080566,0.0002387153,-0.1744574653,0.0000542535
557682.0400229740,0.0334167480,9.8001098636,-0.0035095215,-0.0011827257,-0.1745008680,0.0000759549
557682.0500229740,0.0354003906,9.7967529300,-0.0251770020,-0.0008680556,-0.1744574653,0.0000651042
557682.0600229740,0.0349426270,9.7972106937,-0.0189208984,0.0001736111,-0.1745876736,0.0000434028
557682.0700229740,0.0323486328,9.7996520999,-0.0102233887,-0.0017469618,-0.1745442708,0.0000542535
557682.0800229741,0.0326538086,9.7958374027,-0.0285339355,-0.0001085069,-0.1745442708,0.0000651042
557682.0900229739,0.0352478027,9.7998046878,-0.0070190430,-0.0005208333,-0.1745659722,0.0000542535
557682.1000229740,0.0344848633,9.7978210452,-0.0196838379,-0.0014648437,-0.1745225694,0.0000434028
557682.1100229740,0.0326538086,9.7961425784,-0.0267028809,0.0003038194,-0.1745008680,0.0000434028
557682.1200229740,0.0321960449,9.8001098636,-0.0042724609,-0.0013997396,-0.1744466146,0.0000759549
557682.1300229740,0.0349426270,9.7962951663,-0.0270080566,-0.0005859375,-0.1745225694,0.0000542535
557682.1400229740,0.0361633301,9.7984313968,-0.0152587891,-0.0000651042,-0.1744466146,0.0000542535
557682.1500229740,0.0328063965,9.7998046878,-0.0144958496,-0.0017469618,-0.1744791667,0.0000325521
557682.1600229740,0.0312805176,9.7958374027,-0.0277709961,0.0001519097,-0.1745442708,0.0000651042
557682.1700229740,0.0341796875,9.8001098636,-0.0035095215,-0.0009548611,-0.1745008680,0.0000759549
557682.1800229740,0.0366210938,9.7970581058,-0.0233459473,-0.0011393229,-0.1744791667,0.0000434028
557682.1900229740,0.0338745117,9.7967529300,-0.0225830078,0.0003038194,-0.1745551215,0.0000434028
557682.2000229741,0.0305175781,9.7998046878,-0.0068664551,-0.0016601562,-0.1742078993,0.0000651042
557682.2100229739,0.0318908691,9.7953796390,-0.0285339355,-0.0002821181,-0.1744683160,0.0000759549
557682.2200229740,0.0367736816,9.7996520999,-0.0090026855,-0.0003363715,-0.1744032118,0.0000542535
557682.2300229740,0.0364685059,9.7985839847,-0.0164794922,-0.0015842014,-0.1745117187,0.0000217014
557682.2400229740,0.0309753418,9.7961425784,-0.0291442871,0.0003146701,-0.1746202257,0.0000542535
557682.2500229740,0.0308227539,9.8007202152,-0.0045776367,-0.0012261285,-0.1743923611,0.0000759549
557682.2600229740,0.0357055664,9.7958374027,-0.0251770020,-0.0008463542,-0.1745334201,0.0000759549
557682.2700229740,0.0364685059,9.7981262210,-0.0187683105,0.0001410590,-0.1745334201,0.0000325521
557682.2800229740,0.0329589844,9.7987365726,-0.0099182129,-0.0017361111,-0.1744357639,0.0000217014
557682.2900229740,0.0299072266,9.7956848148,-0.0300598145,-0.0000325521,-0.1746202257,0.0000868056
557682.3000229740,0.0341796875,9.7998046878,-0.0062561035,-0.0005859375,-0.1745117187,0.0000759549
557682.3100229740,0.0379943848,9.7976684574,-0.0202941895,-0.0014431424,-0.1744791667,0.0000542535
557682.3200229740,0.0341796875,9.7966003421,-0.0265502930,0.0003580729,-0.1745876736,0.0000325521
557682.3300229741,0.0294494629,9.8001098636,-0.0056457520,-0.0014105903,-0.1744683160,0.0000651042
557682.3400229739,0.0323486328,9.7958374027,-0.0271606445,-0.0006184896,-0.1745442708,0.0000759549
557682.3500229740,0.0369262695,9.7987365726,-0.0137329102,-0.0000976562,-0.1744900174,0.0000542535
557682.3600229740,0.0358581543,9.7990417484,-0.0131225586,-0.0016710069,-0.1744357639,0.0000217014
557682.3700229740,0.0312805176,9.7959899906,-0.0282287598,0.0001844618,-0.1745117187,0.0000434028
557682.3800229740,0.0312805176,9.7996520999,-0.0061035156,-0.0010416667,-0.1744683160,0.0000868056
557682.3900229740,0.0357055664,9.7966003421,-0.0245666504,-0.0010199653,-0.1744574653,0.0000651042
557682.4000229740,0.0361633301,9.7972106937,-0.0187683105,0.0002061632,-0.1745551215,0.0000542535
557682.4100229740,0.0317382813,9.7996520999,-0.0083923340,-0.0016818576,-0.1744683160,0.0000434028
557682.4200229740,0.0317382813,9.7952270511,-0.0300598145,-0.0001085069,-0.1745334201,0.0000651042
557682.4300229740,0.0347900391,9.7998046878,-0.0093078613,-0.0004991319,-0.1745659722,0.0000542535
557682.4400229740,0.0363159180,9.7984313968,-0.0192260742,-0.0015299479,-0.1743923611,0.0000542535
557682.4500229741,0.0338745117,9.7969055179,-0.0256347656,0.0003472222,-0.1745551215,0.0000434028
557682.4600229739,0.0318908691,9.7999572757,-0.0047302246,-0.0013346354,-0.1744357639,0.0000542535
557682.4700229740,0.0340270996,9.7962951663,-0.0283813477,-0.0007269965,-0.1744683160,0.0000868056
557682.4800229740,0.0352478027,9.7987365726,-0.0163269043,0.0000000000,-0.1745876736,0.0000434028
557682.4900229740,0.0337219238,9.7990417484,-0.0111389160,-0.0017903646,-0.1745225694,0.0000217014
557682.5000229740,0.0326538086,9.7956848148,-0.0282287598,0.0000976562,-0.1745117187,0.0000651042
557682.5100229740,0.0332641602,9.7996520999,-0.0065612793,-0.0006944444,-0.1744791667,0.0000868056
557682.5200229740,0.0349426270,9.7976684574,-0.0233459473,-0.0013237847,-0.1744249132,0.0000542535
557682.5300229740,0.0341796875,9.7962951663,-0.0236511230,0.0002929687,-0.1745442708,0.0000542535
557682.5400229740,0.0320434570,9.8002624515,-0.0036621094,-0.0015299479,-0.1745768229,0.0000651042
557682.5500229740,0.0338745117,9.7958374027,-0.0282287598,-0.0004557292,-0.1745225694,0.0000434028
557682.5600229740,0.0346374512,9.7987365726,-0.0149536133,-0.0001302083,-0.1745659722,0.0000542535
557682.5700229740,0.0338745117,9.7994995120,-0.0152587891,-0.0016710069,-0.1745551215,0.0000434028
557682.5800229741,0.0326538086,9.7955322269,-0.0257873535,0.0002170139,-0.1745334201,0.0000759549
557682.5900229739,0.0337219238,9.7998046878,-0.0044250488,-0.0010308160,-0.1745008680,0.0000651042
557682.6000229740,0.0363159180,9.7970581058,-0.0263977051,-0.0010308160,-0.1745442708,0.0000542535
557682.6100229740,0.0354003906,9.7975158695,-0.0207519531,0.0001844618,-0.1745008680,0.0000217014
557682.6200229740,0.0328063965,9.8002624515,-0.0068664551,-0.0017361111,-0.1744791667,0.0000542535
557682.6300229740,0.0329589844,9.7961425784,-0.0285339355,-0.0000976562,-0.1745117187,0.0000542535
557682.6400229740,0.0343322754,9.7994995120,-0.0099182129,-0.0004991319,-0.1744357639,0.0000434028
557682.6500229740,0.0352478027,9.7975158695,-0.0202941895,-0.0014865451,-0.1743923611,0.0000542535
557682.6600229740,0.0337219238,9.7967529300,-0.0254821777,0.0003363715,-0.1745551215,0.0000542535
557682.6700229740,0.0321960449,9.8001098636,-0.0036621094,-0.0013997396,-0.1744574653,0.0000542535
557682.6800229740,0.0335693359,9.7947692874,-0.0283813477,-0.0006944444,-0.1745659722,0.0000651042
557682.6900229750,0.0347900391,9.7987365726,-0.0177001953,0.0000542535,-0.1745117187,0.0000542535
557682.7000229750,0.0338745117,9.7996520999,-0.0115966797,-0.0017469618,-0.1744574653,0.0000325521
557682.7100229750,0.0329589844,9.7956848148,-0.0283813477,0.0000759549,-0.1746202257,0.0000542535
557682.7200229750,0.0332641602,9.8008728031,-0.0065612793,-0.0007486979,-0.1744466146,0.0000542535
557682.7300229750,0.0355529785,9.7978210452,-0.0224304199,-0.0013020833,-0.1744249132,0.0000651042
557682.7400229750,0.0341796875,9.7961425784,-0.0234985352,0.0002929687,-0.1745768229,0.0000434028
557682.7500229750,0.0323486328,9.8001098636,-0.0053405762,-0.0015733507,-0.1744574653,0.0000542535
557682.7600229750,0.0340270996,9.7959899906,-0.0289916992,-0.0004231771,-0.1744466146,0.0000651042
557682.7700229750,0.0346374512,9.7987365726,-0.0135803223,-0.0001085069,-0.1745551215,0.0000434028
557682.7800229751,0.0323486328,9.7984313968,-0.0132751465,-0.0017252604,-0.1743923611,0.0000651042
557682.7900229750,0.0340270996,9.7959899906,-0.0288391113,0.0002387153,-0.1744574653,0.0000759549
557682.8000229750,0.0354003906,9.7999572757,-0.0054931641,-0.0009874132,-0.1745551215,0.0000542535
557682.8100229750,0.0340270996,9.7966003421,-0.0242614746,-0.0011501736,-0.1744683160,0.0000325521
557682.8200229750,0.0332641602,9.7976684574,-0.0207519531,0.0002712674,-0.1745117187,0.0000542535
557682.8300229750,0.0338745117,9.7998046878,-0.0074768066,-0.0016601562,-0.1745334201,0.0000759549
557682.8400229750,0.0357055664,9.7955322269,-0.0317382813,-0.0002061632,-0.1744683160,0.0000542535
557682.8500229750,0.0337219238,9.7993469241,-0.0100708008,-0.0003689236,-0.1744683160,0.0000542535
557682.8600229750,0.0308227539,9.7984313968,-0.0172424316,-0.0015842014,-0.1741861979,0.0000759549
557682.8700229750,0.0355529785,9.7955322269,-0.0276184082,0.0003255208,-0.1744900174,0.0000434028
557682.8800229750,0.0357055664,9.8008728031,-0.0067138672,-0.0012478299,-0.1744791667,0.0000325521
557682.8900229750,0.0341796875,9.7962951663,-0.0274658203,-0.0008138021,-0.1744791667,0.0000325521
557682.9000229751,0.0318908691,9.7979736331,-0.0151062012,0.0000651042,-0.1745985243,0.0000542535
557682.9100229749,0.0340270996,9.7998046878,-0.0097656250,-0.0016818576,-0.1745117187,0.0000651042
557682.9200229750,0.0367736816,9.7956848148,-0.0292968750,0.0000976562,-0.1743706597,0.0000651042
557682.9300229750,0.0338745117,9.7999572757,-0.0073242188,-0.0008029514,-0.1745008680,0.0000325521
557682.9400229750,0.0320434570,9.7979736331,-0.0225830078,-0.0013237847,-0.1744574653,0.0000325521
557682.9500229750,0.0329589844,9.7961425784,-0.0221252441,0.0003146701,-0.1744900174,0.0000759549
557682.9600229750,0.0354003906,9.7994995120,-0.0065612793,-0.0015407986,-0.1745768229,0.0000542535
557682.9700229750,0.0352478027,9.7956848148,-0.0309753418,-0.0003797743,-0.1745442708,0.0000434028
557682.9800229750,0.0331115723,9.7988891605,-0.0120544434,-0.0002387153,-0.1745225694,0.0000434028
557682.9900229750,0.0318908691,9.7984313968,-0.0144958496,-0.0016167535,-0.1745659722,0.0000651042
557683.0000229750,0.0350952148,9.7961425784,-0.0276184082,0.0002712674,-0.1745985243,0.0000759549
557683.0100229750,0.0363159180,9.8008728031,-0.0056457520,-0.0012044271,-0.1747721354,0.0000542535
557683.0200229750,0.0340270996,9.7959899906,-0.0257873535,-0.0009006076,-0.1745225694,0.0000325521
557683.0300229751,0.0321960449,9.7969055179,-0.0186157227,0.0001519097,-0.1745225694,0.0000434028
557683.0400229750,0.0320434570,9.7990417484,-0.0111389160,-0.0017035590,-0.1744683160,0.0000759549
557683.0500229750,0.0354003906,9.7959899906,-0.0300598145,0.0000000000,-0.1744574653,0.0000651042
557683.0600229750,0.0366210938,9.7998046878,-0.0082397461,-0.0006618924,-0.1744249132,0.0000325521
557683.0700229750,0.0325012207,9.7978210452,-0.0215148926,-0.0014431424,-0.1744249132,0.0000217014
557683.0800229750,0.0309753418,9.7959899906,-0.0247192383,0.0003363715,-0.1745225694,0.0000759549
557683.0900229750,0.0350952148,9.7996520999,-0.0047302246,-0.0014756944,-0.1744900174,0.0000434028
557683.1000229750,0.0373840332,9.7964477542,-0.0277709961,-0.0005750868,-0.1745225694,0.0000542535
557683.1100229750,0.0343322754,9.7985839847,-0.0158691406,-0.0000325521,-0.1745225694,0.0000325521
557683.1200229750,0.0303649902,9.7993469241,-0.0144958496,-0.0016818576,-0.1745117187,0.0000651042
557683.1300229750,0.0329589844,9.7959899906,-0.0271606445,0.0001627604,-0.1745442708,0.0000868056
557683.1400229750,0.0373840332,9.8005676273,-0.0061035156,-0.0009548611,-0.1745334201,0.0000434028
557683.1500229751,0.0357055664,9.7956848148,-0.0263977051,-0.0011393229,-0.1744683160,0.0000108507
557683.1600229749,0.0299072266,9.7967529300,-0.0199890137,0.0001844618,-0.1745876736,0.0000759549
557683.1700229750,0.0335693359,9.8002624515,-0.0064086914,-0.0015733507,-0.1744900174,0.0000759549
557683.1800229750,0.0384521484,9.7952270511,-0.0309753418,-0.0001193576,-0.1744683160,0.0000325521
557683.1900229750,0.0340270996,9.8001098636,-0.0119018555,-0.0004665799,-0.1745442708,0.0000217014
557683.2000229750,0.0312805176,9.7984313968,-0.0170898438,-0.0015950521,-0.1743923611,0.0000542535
557683.2100229750,0.0323486328,9.7958374027,-0.0250244141,0.0003363715,-0.1745008680,0.0000759549
557683.2200229750,0.0355529785,9.8001098636,-0.0061035156,-0.0012695312,-0.1745117187,0.0000434028
557683.2300229750,0.0361633301,9.7966003421,-0.0300598145,-0.0008138021,-0.1744249132,0.0000434028
557683.2400229750,0.0320434570,9.7975158695,-0.0181579590,0.0000868056,-0.1745225694,0.0000434028
557683.2500229750,0.0315856934,9.7985839847,-0.0077819824,-0.0017144097,-0.1745551215,0.0000759549
557683.2600229750,0.0358581543,9.7956848148,-0.0296020508,0.0000108507,-0.1744683160,0.0000651042
557683.2700229750,0.0370788574,9.8004150394,-0.0096130371,-0.0006076389,-0.1745442708,0.0000325521
557683.2800229751,0.0325012207,9.7975158695,-0.0210571289,-0.0015407986,-0.1745334201,0.0000434028
557683.2900229750,0.0315856934,9.7962951663,-0.0233459473,0.0003255208,-0.1745008680,0.0000542535
557683.3000229750,0.0352478027,9.8010253909,-0.0042724609,-0.0013563368,-0.1744466146,0.0000651042
557683.3100229750,0.0381469727,9.7958374027,-0.0311279297,-0.0005859375,-0.1745334201,0.0000325521
557683.3200229750,0.0332641602,9.7985839847,-0.0155639648,-0.0000976562,-0.1744574653,0.0000434028
557683.3300229750,0.0303649902,9.7988891605,-0.0100708008,-0.0016601562,-0.1744791667,0.0000759549
557683.3400229750,0.0343322754,9.7952270511,-0.0274658203,0.0001410590,-0.1744683160,0.0000542535
557683.3500229750,0.0369262695,9.7991943363,-0.0083923340,-0.0009548611,-0.1743706597,0.0000325521
557683.3600229750,0.0343322754,9.7972106937,-0.0260925293,-0.0011284722,-0.1745442708,0.0000325521
557683.3700229750,0.0320434570,9.7978210452,-0.0193786621,0.0002387153,-0.1745225694,0.0000434028
557683.3800229750,0.0329589844,9.8002624515,-0.0070190430,-0.0015733507,-0.1744140625,0.0000651042
557683.3900229750,0.0357055664,9.7958374027,-0.0328063965,-0.0001953125,-0.1745876736,0.0000542535
557683.4000229751,0.0355529785,9.7994995120,-0.0122070313,-0.0005208333,-0.1745551215,0.0000217014
557683.4100229749,0.0315856934,9.7981262210,-0.0166320801,-0.0015082465,-0.1745117187,0.0000434028
557683.4200229750,0.0321960449,9.7969055179,-0.0250244141,0.0002712674,-0.1745551215,0.0000759549
557683.4300229750,0.0360107422,9.8002624515,-0.0062561035,-0.0013129340,-0.1745117187,0.0000542535
557683.4400229750,0.0367736816,9.7962951663,-0.0289916992,-0.0006727431,-0.1744791667,0.0000434028
557683.4500229750,0.0320434570,9.7979736331,-0.0149536133,-0.0000651042,-0.1745442708,0.0000325521
557683.4600229750,0.0308227539,9.7988891605,-0.0109863281,-0.0016384549,-0.1744357639,0.0000759549
557683.4700229750,0.0360107422,9.7962951663,-0.0289916992,0.0001627604,-0.1744466146,0.0000759549
557683.4800229750,0.0378417969,9.8002624515,-0.0096130371,-0.0009440104,-0.1744574653,0.0000000000
557683.4900229750,0.0325012207,9.7966003421,-0.0245666504,-0.0011284722,-0.1744466146,0.0000108507
557683.5000229750,0.0312805176,9.7981262210,-0.0193786621,0.0001736111,-0.1744574653,0.0000759549
557683.5100229750,0.0349426270,9.7990417484,-0.0079345703,-0.0015516493,-0.1744791667,0.0000759549
557683.5200229750,0.0372314453,9.7955322269,-0.0308227539,-0.0001627604,-0.1745334201,0.0000325521
557683.5300229751,0.0334167480,9.7994995120,-0.0106811523,-0.0005316840,-0.1745334201,0.0000108507
557683.5400229750,0.0315856934,9.7976684574,-0.0178527832,-0.0015407986,-0.1745225694,0.0000542535
557683.5500229750,0.0332641602,9.7962951663,-0.0253295898,0.0003363715,-0.1745985243,0.0000542535
557683.5600229750,0.0364685059,9.7999572757,-0.0067138672,-0.0013671875,-0.1743923611,0.0000434028
557683.5700229750,0.0354003906,9.7961425784,-0.0286865234,-0.0007161458,-0.1745334201,0.0000434028
557683.5800229750,0.0325012207,9.7982788089,-0.0157165527,0.0000325521,-0.1745876736,0.0000542535
557683.5900229750,0.0323486328,9.7996520999,-0.0114440918,-0.0017252604,-0.1744574653,0.0000651042
557683.6000229750,0.0357055664,9.7953796390,-0.0309753418,0.0001193576,-0.1745334201,0.0000434028
557683.6100229750,0.0349426270,9.8001098636,-0.0074768066,-0.0008138021,-0.1744791667,0.0000325521
557683.6200229750,0.0334167480,9.7973632816,-0.0221252441,-0.0013346354,-0.1744249132,0.0000325521
557683.6300229750,0.0317382813,9.7962951663,-0.0227355957,0.0003363715,-0.1744357639,0.0000759549
557683.6400229750,0.0344848633,9.8002624515,-0.0068664551,-0.0015299479,-0.1745117187,0.0000651042
557683.6500229751,0.0369262695,9.7949218753,-0.0296020508,-0.0004340278,-0.1745225694,0.0000325521
557683.6600229749,0.0344848633,9.7982788089,-0.0135803223,-0.0001844618,-0.1745442708,0.0000217014
557683.6700229750,0.0323486328,9.7987365726,-0.0149536133,-0.0016710069,-0.1745551215,0.0000434028
557683.6800229750,0.0335693359,9.7959899906,-0.0286865234,0.0002170139,-0.1745334201,0.0000759549
557683.6900229750,0.0357055664,9.8001098636,-0.0054931641,-0.0010525174,-0.1744574653,0.0000434028
557683.7000229750,0.0341796875,9.7966003421,-0.0256347656,-0.0010525174,-0.1745659722,0.0000325521
557683.7100229750,0.0325012207,9.7973632816,-0.0198364258,0.0002495660,-0.1745117187,0.0000434028
557683.7200229750,0.0338745117,9.8002624515,-0.0077819824,-0.0016601562,-0.1744249132,0.0000542535
557683.7300229750,0.0354003906,9.7952270511,-0.0311279297,-0.0001193576,-0.1744683160,0.0000325521
557683.7400229750,0.0338745117,9.7994995120,-0.0106811523,-0.0005533854,-0.1744574653,0.0000325521
557683.7500229750,0.0337219238,9.7979736331,-0.0186157227,-0.0014865451,-0.1744140625,0.0000542535
557683.7600229760,0.0338745117,9.7958374027,-0.0256347656,0.0003363715,-0.1744249132,0.0000434028
557683.7700229760,0.0350952148,9.8004150394,-0.0057983398,-0.0013671875,-0.1743815104,0.0000434028
557683.7800229760,0.0350952148,9.7959899906,-0.0303649902,-0.0006727431,-0.1745442708,0.0000434028
557683.7900229760,0.0334167480,9.7981262210,-0.0155639648,0.0000000000,-0.1745659722,0.0000434028
557683.8000229760,0.0332641602,9.7994995120,-0.0111389160,-0.0017361111,-0.1745225694,0.0000325521
557683.8100229760,0.0350952148,9.7955322269,-0.0292968750,0.0001410590,-0.1746093750,0.0000325521
557683.8200229760,0.0341796875,9.7996520999,-0.0067138672,-0.0008680556,-0.1745008680,0.0000434028
557683.8300229760,0.0326538086,9.7967529300,-0.0241088867,-0.0012478299,-0.1745334201,0.0000434028
557683.8400229760,0.0343322754,9.7970581058,-0.0228881836,0.0003038194,-0.1745442708,0.0000434028
557683.8500229761,0.0350952148,9.8001098636,-0.0059509277,-0.0015516493,-0.1744683160,0.0000434028
557683.8600229759,0.0364685059,9.7959899906,-0.0309753418,-0.0003472222,-0.1745225694,0.0000217014
557683.8700229760,0.0331115723,9.7988891605,-0.0114440918,-0.0002929687,-0.1745659722,0.0000325521
557683.8800229760,0.0321960449,9.7982788089,-0.0151062012,-0.0016493056,-0.1744574653,0.0000542535
557683.8900229760,0.0352478027,9.7953796390,-0.0273132324,0.0002604167,-0.1745117187,0.0000759549
557683.9000229760,0.0352478027,9.8002624515,-0.0061035156,-0.0011284722,-0.1744249132,0.0000434028
557683.9100229760,0.0338745117,9.7961425784,-0.0273132324,-0.0009223090,-0.1744140625,0.0000325521
557683.9200229760,0.0318908691,9.7975158695,-0.0192260742,0.0001410590,-0.1744900174,0.0000651042
557683.9300229760,0.0347900391,9.8001098636,-0.0094604492,-0.0016710069,-0.1744791667,0.0000434028
557683.9400229760,0.0379943848,9.7952270511,-0.0302124023,-0.0000759549,-0.1745117187,0.0000217014
557683.9500229760,0.0329589844,9.7985839847,-0.0093078613,-0.0005425347,-0.1745117187,0.0000108507
557683.9600229760,0.0312805176,9.7979736331,-0.0190734863,-0.0015516493,-0.1745225694,0.0000759549
557683.9700229760,0.0350952148,9.7959899906,-0.0277709961,0.0003580729,-0.1744683160,0.0000759549
557683.9800229759,0.0363159180,9.8001098636,-0.0041198730,-0.0013020833,-0.1745442708,0.0000434028
557683.9900229760,0.0352478027,9.7962951663,-0.0289916992,-0.0007269965,-0.1744683160,0.0000000000
557684.0000229760,0.0317382813,9.7970581058,-0.0164794922,0.0000000000,-0.1744900174,0.0000434028
557684.0100229760,0.0332641602,9.7993469241,-0.0128173828,-0.0017144097,-0.1747829861,0.0000542535
557684.0200229760,0.0373840332,9.7953796390,-0.0299072266,0.0000759549,-0.1744574653,0.0000434028
557684.0300229760,0.0354003906,9.8001098636,-0.0070190430,-0.0008355035,-0.1744357639,0.0000325521
557684.0400229760,0.0323486328,9.7972106937,-0.0234985352,-0.0012152778,-0.1744683160,0.0000434028
557684.0500229760,0.0315856934,9.7969055179,-0.0231933594,0.0003038194,-0.1745334201,0.0000759549
557684.0600229760,0.0363159180,9.8002624515,-0.0070190430,-0.0015950521,-0.1744357639,0.0000217014
557684.0700229760,0.0366210938,9.7958374027,-0.0296020508,-0.0003038194,-0.1745117187,0.0000325521
557684.0800229760,0.0329589844,9.7991943363,-0.0120544434,-0.0003363715,-0.1745442708,0.0000108507
557684.0900229760,0.0320434570,9.7984313968,-0.0164794922,-0.0016167535,-0.1744683160,0.0000542535
557684.1000229761,0.0344848633,9.7959899906,-0.0279235840,0.0002495660,-0.1745442708,0.0000759549
557684.1100229759,0.0363159180,9.7999572757,-0.0076293945,-0.0011827257,-0.1745768229,0.0000325521
557684.1200229760,0.0344848633,9.7962951663,-0.0259399414,-0.0008572049,-0.1745008680,0.0000325521
557684.1300229760,0.0317382813,9.7976684574,-0.0181579590,0.0000976562,-0.1745008680,0.0000325521
557684.1400229760,0.0338745117,9.8001098636,-0.0114440918,-0.0017252604,-0.1744683160,0.0000542535
557684.1500229760,0.0364685059,9.7955322269,-0.0311279297,-0.0000108507,-0.1744900174,0.0000325521
557684.1600229760,0.0350952148,9.8002624515,-0.0073242188,-0.0006944444,-0.1744140625,0.0000325521
557684.1700229760,0.0329589844,9.7978210452,-0.0202941895,-0.0013237847,-0.1744357639,0.0000325521
557684.1800229760,0.0321960449,9.7975158695,-0.0253295898,0.0003472222,-0.1745008680,0.0000542535
557684.1900229760,0.0352478027,9.8002624515,-0.0074768066,-0.0015299479,-0.1744466146,0.0000434028
557684.2000229760,0.0354003906,9.7955322269,-0.0296020508,-0.0005425347,-0.1745442708,0.0000217014
557684.2100229760,0.0334167480,9.7987365726,-0.0125122070,-0.0001302083,-0.1745442708,0.0000542535
557684.2200229760,0.0340270996,9.7993469241,-0.0149536133,-0.0016601562,-0.1744466146,0.0000434028
557684.2300229759,0.0350952148,9.7961425784,-0.0303649902,0.0002170139,-0.1745768229,0.0000434028
557684.2400229760,0.0338745117,9.7998046878,-0.0067138672,-0.0010091146,-0.1745117187,0.0000434028
557684.2500229760,0.0346374512,9.7967529300,-0.0227355957,-0.0010959201,-0.1745442708,0.0000434028
557684.2600229760,0.0346374512,9.7966003421,-0.0221252441,0.0002712674,-0.1745551215,0.0000434028
557684.2700229760,0.0343322754,9.7994995120,-0.0097656250,-0.0016493056,-0.1745225694,0.0000434028
557684.2800229760,0.0344848633,9.7961425784,-0.0306701660,-0.0002495660,-0.1744466146,0.0000217014
557684.2900229760,0.0347900391,9.7994995120,-0.0096130371,-0.0004448785,-0.1744574653,0.0000542535
557684.3000229760,0.0325012207,9.7978210452,-0.0178527832,-0.0014756944,-0.1744249132,0.0000217014
557684.3100229760,0.0340270996,9.7956848148,-0.0268554688,0.0003255208,-0.1744140625,0.0000759549
557684.3200229760,0.0354003906,9.8007202152,-0.0070190430,-0.0013563368,-0.1744249132,0.0000217014
557684.3300229760,0.0354003906,9.7961425784,-0.0289916992,-0.0007052951,-0.1744140625,0.0000217014
557684.3400229760,0.0329589844,9.7978210452,-0.0160217285,-0.0000217014,-0.1745008680,0.0000434028
557684.3500229761,0.0335693359,9.7991943363,-0.0125122070,-0.0017144097,-0.1744791667,0.0000217014
557684.3600229759,0.0354003906,9.7952270511,-0.0303649902,0.0000868056,-0.1745442708,0.0000434028
557684.3700229760,0.0357055664,9.7998046878,-0.0064086914,-0.0008680556,-0.1744791667,0.0000434028
557684.3800229760,0.0335693359,9.7967529300,-0.0236511230,-0.0011827257,-0.1745551215,0.0000434028
557684.3900229760,0.0329589844,9.7973632816,-0.0238037109,0.0002712674,-0.1745334201,0.0000434028
557684.4000229760,0.0344848633,9.8005676273,-0.0082397461,-0.0015842014,-0.1744683160,0.0000434028
557684.4100229760,0.0363159180,9.7956848148,-0.0296020508,-0.0003255208,-0.1744466146,0.0000217014
557684.4200229760,0.0343322754,9.7990417484,-0.0109863281,-0.0003472222,-0.1744683160,0.0000434028
557684.4300229760,0.0332641602,9.7976684574,-0.0169372559,-0.0016276042,-0.1744791667,0.0000434028
557684.4400229760,0.0341796875,9.7959899906,-0.0288391113,0.0003255208,-0.1744900174,0.0000542535
557684.4500229760,0.0355529785,9.7998046878,-0.0053405762,-0.0012261285,-0.1744574653,0.0000108507
557684.4600229760,0.0349426270,9.7966003421,-0.0276184082,-0.0008463542,-0.1744357639,0.0000217014
557684.4700229760,0.0325012207,9.7973632816,-0.0193786621,0.0001302083,-0.1745225694,0.0000434028
557684.4800229759,0.0343322754,9.7998046878,-0.0109863281,-0.0017469618,-0.1745225694,0.0000542535
557684.4900229760,0.0361633301,9.7958374027,-0.0299072266,0.0000000000,-0.1744900174,0.0000434028
557684.5000229760,0.0334167480,9.7993469241,-0.0085449219,-0.0006293403,-0.1745985243,0.0000325521
557684.5100229760,0.0329589844,9.7981262210,-0.0213623047,-0.0014539931,-0.1745442708,0.0000434028
557684.5200229760,0.0354003906,9.7964477542,-0.0270080566,0.0003906250,-0.1745876736,0.0000434028
557684.5300229760,0.0340270996,9.7998046878,-0.0061035156,-0.0014865451,-0.1745985243,0.0000217014
557684.5400229760,0.0346374512,9.7962951663,-0.0285339355,-0.0005967882,-0.1744574653,0.0000434028
557684.5500229760,0.0332641602,9.7978210452,-0.0155639648,-0.0000325521,-0.1745442708,0.0000434028
557684.5600229760,0.0344848633,9.7991943363,-0.0141906738,-0.0017252604,-0.1744574653,0.0000325521
557684.5700229760,0.0355529785,9.7959899906,-0.0308227539,0.0001519097,-0.1744900174,0.0000325521
557684.5800229760,0.0335693359,9.7991943363,-0.0062561035,-0.0009006076,-0.1745008680,0.0000325521
557684.5900229760,0.0323486328,9.7975158695,-0.0230407715,-0.0011284722,-0.1743923611,0.0000325521
557684.6000229761,0.0344848633,9.7967529300,-0.0224304199,0.0002604167,-0.1744900174,0.0000542535
557684.6100229759,0.0355529785,9.7991943363,-0.0088500977,-0.0016493056,-0.1744900174,0.0000434028
557684.6200229760,0.0357055664,9.7955322269,-0.0303649902,-0.0002387153,-0.1745334201,0.0000108507
557684.6300229760,0.0323486328,9.7993469241,-0.0097656250,-0.0003797743,-0.1745225694,0.0000434028
557684.6400229760,0.0321960449,9.7973632816,-0.0187683105,-0.0015516493,-0.1745225694,0.0000542535
557684.6500229760,0.0361633301,9.7970581058,-0.0282287598,0.0003146701,-0.1745442708,0.0000434028
557684.6600229760,0.0361633301,9.8001098636,-0.0062561035,-0.0013020833,-0.1745008680,0.0000000000
557684.6700229760,0.0329589844,9.7955322269,-0.0268554688,-0.0008029514,-0.1745225694,0.0000325521
557684.6800229760,0.0326538086,9.7978210452,-0.0173950195,0.0000542535,-0.1745551215,0.0000434028
557684.6900229760,0.0350952148,9.7994995120,-0.0123596191,-0.0017144097,-0.1743923611,0.0000217014
557684.7000229760,0.0363159180,9.7950744632,-0.0315856934,0.0000000000,-0.1745117187,0.0000434028
557684.7100229760,0.0346374512,9.8001098636,-0.0080871582,-0.0007052951,-0.1745117187,0.0000217014
557684.7200229760,0.0320434570,9.7979736331,-0.0218200684,-0.0013346354,-0.1745334201,0.0000542535
557684.7300229759,0.0343322754,9.7966003421,-0.0248718262,0.0003146701,-0.1744357639,0.0000434028
557684.7400229760,0.0358581543,9.8002624515,-0.0079345703,-0.0015516493,-0.1744791667,0.0000108507
557684.7500229760,0.0349426270,9.7958374027,-0.0291442871,-0.0004340278,-0.1745334201,0.0000325521
557684.7600229760,0.0337219238,9.7987365726,-0.0134277344,-0.0002061632,-0.1744900174,0.0000434028
557684.7700229760,0.0337219238,9.7979736331,-0.0161743164,-0.0016276042,-0.1744791667,0.0000217014
557684.7800229760,0.0349426270,9.7959899906,-0.0289916992,0.0002278646,-0.1746202257,0.0000325521
557684.7900229760,0.0361633301,9.7994995120,-0.0067138672,-0.0011610243,-0.1745225694,0.0000108507
557684.8000229760,0.0338745117,9.7969055179,-0.0257873535,-0.0009223090,-0.1745551215,0.0000325521
557684.8100229760,0.0318908691,9.7969055179,-0.0199890137,0.0000976562,-0.1746202257,0.0000434028
557684.8200229760,0.0352478027,9.8001098636,-0.0111389160,-0.0016710069,-0.1744683160,0.0000434028
557684.8300229770,0.0367736816,9.7961425784,-0.0309753418,-0.0000325521,-0.1745334201,0.0000325521
557684.8400229770,0.0328063965,9.7984313968,-0.0085449219,-0.0006401910,-0.1745117187,0.0000325521
557684.8500229770,0.0325012207,9.7978210452,-0.0205993652,-0.0013563368,-0.1744140625,0.0000542535
557684.8600229770,0.0369262695,9.7967529300,-0.0248718262,0.0002604167,-0.1744140625,0.0000217014
557684.8700229770,0.0361633301,9.7999572757,-0.0079345703,-0.0014865451,-0.1744357639,0.0000000000
557684.8800229770,0.0323486328,9.7949218753,-0.0291442871,-0.0004448785,-0.1744466146,0.0000325521
557684.8900229770,0.0318908691,9.7985839847,-0.0148010254,-0.0002170139,-0.1745551215,0.0000542535
557684.9000229770,0.0352478027,9.7987365726,-0.0160217285,-0.0016276042,-0.1745551215,0.0000434028
557684.9100229770,0.0376892090,9.7946166995,-0.0283813477,0.0002278646,-0.1745768229,0.0000217014
557684.9200229771,0.0341796875,9.7993469241,-0.0067138672,-0.0010742187,-0.1746093750,0.0000108507
557684.9300229769,0.0328063965,9.7964477542,-0.0273132324,-0.0010308160,-0.1744791667,0.0000434028
557684.9400229770,0.0349426270,9.7979736331,-0.0212097168,0.0002061632,-0.1745225694,0.0000434028
557684.9500229770,0.0367736816,9.8004150394,-0.0100708008,-0.0016818576,-0.1744791667,0.0000000000
557684.9600229770,0.0341796875,9.7955322269,-0.0308227539,-0.0001193576,-0.1744683160,0.0000325521
557684.9700229770,0.0318908691,9.7982788089,-0.0099182129,-0.0004991319,-0.1744791667,0.0000542535
557684.9800229770,0.0343322754,9.7987365726,-0.0186157227,-0.0015299479,-0.1744683160,0.0000542535
557684.9900229770,0.0376892090,9.7953796390,-0.0277709961,0.0003906250,-0.1744574653,0.0000108507
557685.0000229770,0.0338745117,9.7990417484,-0.0047302246,-0.0013888889,-0.1744900174,0.0000000000
557685.0100229770,0.0321960449,9.7970581058,-0.0288391113,-0.0007703993,-0.1747178819,0.0000434028
557685.0200229770,0.0337219238,9.7970581058,-0.0181579590,0.0000976562,-0.1745117187,0.0000434028
557685.0300229770,0.0354003906,9.7993469241,-0.0106811523,-0.0017903646,-0.1744900174,0.0000325521
557685.0400229770,0.0369262695,9.7952270511,-0.0312805176,0.0000759549,-0.1744574653,0.0000217014
557685.0500229771,0.0323486328,9.7996520999,-0.0088500977,-0.0006293403,-0.1745008680,0.0000000000
557685.0600229769,0.0320434570,9.7981262210,-0.0222778320,-0.0014973958,-0.1745225694,0.0000108507
557685.0700229770,0.0360107422,9.7961425784,-0.0259399414,0.0003472222,-0.1745117187,0.0000325521
557685.0800229770,0.0357055664,9.8001098636,-0.0064086914,-0.0014431424,-0.1744900174,0.0000000000
557685.0900229770,0.0343322754,9.7961425784,-0.0300598145,-0.0006293403,-0.1745442708,0.0000217014
557685.1000229770,0.0325012207,9.7981262210,-0.0158691406,-0.0000434028,-0.1744466146,0.0000434028
557685.1100229770,0.0347900391,9.7994995120,-0.0134277344,-0.0017035590,-0.1744140625,0.0000434028
557685.1200229770,0.0369262695,9.7961425784,-0.0297546387,0.0001736111,-0.1744900174,0.0000325521
557685.1300229770,0.0335693359,9.7990417484,-0.0079345703,-0.0009223090,-0.1743706597,0.0000000000
557685.1400229770,0.0326538086,9.7972106937,-0.0241088867,-0.0012261285,-0.1745008680,0.0000542535
557685.1500229770,0.0349426270,9.7969055179,-0.0224304199,0.0003038194,-0.1746310764,0.0000434028
557685.1600229770,0.0360107422,9.8002624515,-0.0071716309,-0.0015950521,-0.1745442708,0.0000108507
557685.1700229771,0.0346374512,9.7952270511,-0.0308227539,-0.0003038194,-0.1746744792,0.0000325521
557685.1800229769,0.0331115723,9.7993469241,-0.0122070313,-0.0002929687,-0.1745442708,0.0000325521
557685.1900229770,0.0352478027,9.7991943363,-0.0170898438,-0.0015842014,-0.1744683160,0.0000108507
557685.2000229770,0.0361633301,9.7958374027,-0.0279235840,0.0002604167,-0.1745876736,0.0000325521
557685.2100229770,0.0337219238,9.8001098636,-0.0065612793,-0.0012369792,-0.1744357639,0.0000000000
557685.2200229770,0.0328063965,9.7959899906,-0.0277709961,-0.0008355035,-0.1744683160,0.0000542535
557685.2300229770,0.0340270996,9.7976684574,-0.0184631348,0.0000651042,-0.1744466146,0.0000434028
557685.2400229770,0.0360107422,9.7996520999,-0.0114440918,-0.0017035590,-0.1743489583,0.0000217014
557685.2500229770,0.0355529785,9.7961425784,-0.0308227539,0.0000108507,-0.1744249132,0.0000108507
557685.2600229770,0.0321960449,9.7996520999,-0.0097656250,-0.0007269965,-0.1744357639,0.0000325521
557685.2700229770,0.0332641602,9.7972106937,-0.0213623047,-0.0013780382,-0.1744791667,0.0000217014
557685.2800229770,0.0370788574,9.7961425784,-0.0239562988,0.0003255208,-0.1745008680,0.0000325521
557685.2900229770,0.0350952148,9.7994995120,-0.0076293945,-0.0015082465,-0.1745117187,0.0000000000
557685.3000229771,0.0325012207,9.7958374027,-0.0317382813,-0.0004231771,-0.1744791667,0.0000217014
557685.3100229769,0.0321960449,9.7994995120,-0.0134277344,-0.0002170139,-0.1745225694,0.0000434028
557685.3200229770,0.0355529785,9.7984313968,-0.0158691406,-0.0016601562,-0.1744900174,0.0000217014
557685.3300229770,0.0379943848,9.7962951663,-0.0297546387,0.0002604167,-0.1745442708,0.0000217014
557685.3400229770,0.0337219238,9.7998046878,-0.0061035156,-0.0011284722,-0.1745768229,0.0000108507
557685.3500229770,0.0328063965,9.7962951663,-0.0263977051,-0.0010091146,-0.1745442708,0.0000108507
557685.3600229770,0.0340270996,9.7970581058,-0.0207519531,0.0001627604,-0.1744683160,0.0000542535
557685.3700229770,0.0363159180,9.8002624515,-0.0091552734,-0.0016818576,-0.1744791667,0.0000434028
557685.3800229770,0.0366210938,9.7955322269,-0.0314331055,-0.0000868056,-0.1744466146,0.0000108507
557685.3900229770,0.0332641602,9.7993469241,-0.0091552734,-0.0005750868,-0.1744466146,0.0000217014
557685.4000229770,0.0328063965,9.7975158695,-0.0198364258,-0.0014756944,-0.1744900174,0.0000108507
557685.4100229770,0.0343322754,9.7962951663,-0.0268554688,0.0003255208,-0.1744466146,0.0000434028
557685.4200229771,0.0367736816,9.8005676273,-0.0067138672,-0.0014539931,-0.1744791667,0.0000217014
557685.4300229769,0.0344848633,9.7961425784,-0.0299072266,-0.0005425347,-0.1745442708,0.0000000000
557685.4400229770,0.0326538086,9.7987365726,-0.0158691406,-0.0001302083,-0.1744357639,0.0000325521
557685.4500229770,0.0346374512,9.7985839847,-0.0148010254,-0.0016493056,-0.1744574653,0.0000108507
557685.4600229770,0.0360107422,9.7955322269,-0.0300598145,0.0001736111,-0.1746853299,0.0000325521
557685.4700229770,0.0344848633,9.8004150394,-0.0062561035,-0.0010633681,-0.1745117187,0.0000000000
557685.4800229770,0.0331115723,9.7966003421,-0.0260925293,-0.0010525174,-0.1744683160,0.0000108507
557685.4900229770,0.0337219238,9.7970581058,-0.0224304199,0.0002170139,-0.1746527778,0.0000542535
557685.5000229770,0.0350952148,9.7996520999,-0.0100708008,-0.0016818576,-0.1745334201,0.0000217014
557685.5100229770,0.0349426270,9.7958374027,-0.0312805176,-0.0001519097,-0.1745334201,0.0000325521
557685.5200229770,0.0347900391,9.8001098636,-0.0097656250,-0.0004991319,-0.1745334201,0.0000217014
557685.5300229770,0.0335693359,9.7973632816,-0.0202941895,-0.0014973958,-0.1744466146,0.0000217014
557685.5400229770,0.0337219238,9.7964477542,-0.0265502930,0.0003146701,-0.1744357639,0.0000434028
557685.5500229771,0.0360107422,9.8004150394,-0.0067138672,-0.0014105903,-0.1744357639,0.0000542535
557685.5600229769,0.0357055664,9.7956848148,-0.0305175781,-0.0006401910,-0.1744032118,0.0000000000
557685.5700229770,0.0323486328,9.7981262210,-0.0164794922,0.0000000000,-0.1744357639,0.0000325521
557685.5800229770,0.0318908691,9.7990417484,-0.0125122070,-0.0017578125,-0.1744900174,0.0000217014
557685.5900229770,0.0358581543,9.7953796390,-0.0306701660,0.0001410590,-0.1744900174,0.0000542535
557685.6000229770,0.0361633301,9.7990417484,-0.0080871582,-0.0008463542,-0.1744791667,0.0000000000
557685.6100229770,0.0332641602,9.7975158695,-0.0236511230,-0.0013346354,-0.1744791667,0.0000108507
557685.6200229770,0.0337219238,9.7966003421,-0.0245666504,0.0003363715,-0.1745008680,0.0000434028
557685.6300229770,0.0349426270,9.7998046878,-0.0065612793,-0.0015625000,-0.1744683160,0.0000434028
557685.6400229770,0.0350952148,9.7950744632,-0.0314331055,-0.0004231771,-0.1745117187,0.0000217014
557685.6500229770,0.0338745117,9.7985839847,-0.0138854980,-0.0001627604,-0.1745876736,0.0000217014
557685.6600229770,0.0343322754,9.7985839847,-0.0166320801,-0.0017144097,-0.1744791667,0.0000217014
557685.6700229771,0.0338745117,9.7958374027,-0.0296020508,0.0002387153,-0.1745551215,0.0000325521
557685.6800229769,0.0349426270,9.7998046878,-0.0062561035,-0.0010633681,-0.1745768229,0.0000108507
557685.6900229770,0.0350952148,9.7973632816,-0.0270080566,-0.0010633681,-0.1744466146,0.0000325521
557685.7000229770,0.0334167480,9.7969055179,-0.0215148926,0.0002278646,-0.1745551215,0.0000325521
557685.7100229770,0.0346374512,9.7991943363,-0.0076293945,-0.0016601562,-0.1744466146,0.0000217014
557685.7200229770,0.0361633301,9.7955322269,-0.0311279297,-0.0001302083,-0.1744140625,0.0000217014
557685.7300229770,0.0349426270,9.7990417484,-0.0123596191,-0.0005208333,-0.1745225694,0.0000217014
557685.7400229770,0.0326538086,9.7981262210,-0.0212097168,-0.0015625000,-0.1744466146,0.0000108507
557685.7500229770,0.0346374512,9.7961425784,-0.0250244141,0.0003363715,-0.1745442708,0.0000217014
557685.7600229770,0.0335693359,9.7998046878,-0.0053405762,-0.0013671875,-0.1746419271,0.0000434028
557685.7700229770,0.0355529785,9.7958374027,-0.0314331055,-0.0006618924,-0.1744466146,0.0000325521
557685.7800229770,0.0340270996,9.7976684574,-0.0173950195,-0.0000217014,-0.1746093750,0.0000325521
557685.7900229770,0.0331115723,9.7999572757,-0.0128173828,-0.0017361111,-0.1746093750,0.0000217014
557685.8000229771,0.0363159180,9.7956848148,-0.0294494629,0.0001410590,-0.1744466146,0.0000434028
557685.8100229769,0.0358581543,9.7993469241,-0.0085449219,-0.0009006076,-0.1745551215,0.0000000000
557685.8200229770,0.0338745117,9.7976684574,-0.0265502930,-0.0012478299,-0.1745117187,0.0000325521
557685.8300229770,0.0331115723,9.7967529300,-0.0215148926,0.0002604167,-0.1744574653,0.0000325521
557685.8400229770,0.0338745117,9.8001098636,-0.0071716309,-0.0016276042,-0.1743706597,0.0000108507
557685.8500229770,0.0354003906,9.7955322269,-0.0331115723,-0.0001953125,-0.1745225694,0.0000217014
557685.8600229770,0.0344848633,9.7994995120,-0.0125122070,-0.0004448785,-0.1744574653,0.0000217014
557685.8700229770,0.0337219238,9.7981262210,-0.0181579590,-0.0015733507,-0.1745334201,0.0000217014
557685.8800229770,0.0347900391,9.7964477542,-0.0270080566,0.0002712674,-0.1745768229,0.0000217014
557685.8900229770,0.0357055664,9.7991943363,-0.0064086914,-0.0012803819,-0.1744249132,0.0000325521
557685.9000229770,0.0350952148,9.7964477542,-0.0296020508,-0.0008029514,-0.1745334201,0.0000217014
557685.9100229780,0.0340270996,9.7973632816,-0.0190734863,0.0000651042,-0.1746093750,0.0000108507
557685.9200229780,0.0317382813,9.7994995120,-0.0109863281,-0.0017252604,-0.1744683160,0.0000000000
557685.9300229780,0.0340270996,9.7959899906,-0.0308227539,0.0000759549,-0.1744900174,0.0000542535
557685.9400229780,0.0367736816,9.7999572757,-0.0100708008,-0.0008029514,-0.1745551215,0.0000325521
557685.9500229780,0.0352478027,9.7969055179,-0.0244140625,-0.0013563368,-0.1743489583,0.0000000000
557685.9600229780,0.0323486328,9.7969055179,-0.0222778320,0.0003255208,-0.1745225694,0.0000434028
557685.9700229780,0.0318908691,9.7996520999,-0.0070190430,-0.0015625000,-0.1745117187,0.0000217014
557685.9800229780,0.0364685059,9.7961425784,-0.0331115723,-0.0002929687,-0.1744140625,0.0000217014
557685.9900229780,0.0373840332,9.7993469241,-0.0137329102,-0.0002929687,-0.1745225694,0.0000108507
557686.0000229781,0.0323486328,9.7982788089,-0.0154113770,-0.0016710069,-0.1745985243,0.0000000000
557686.0100229779,0.0326538086,9.7958374027,-0.0285339355,0.0003038194,-0.1747395833,0.0000542535
557686.0200229780,0.0349426270,9.7987365726,-0.0077819824,-0.0011827257,-0.1745225694,0.0000434028
557686.0300229780,0.0363159180,9.7961425784,-0.0294494629,-0.0009331597,-0.1744140625,0.0000325521
557686.0400229780,0.0347900391,9.7976684574,-0.0189208984,0.0001302083,-0.1743055555,0.0000108507
557686.0500229780,0.0318908691,9.7996520999,-0.0100708008,-0.0016818576,-0.1743923611,0.0000108507
557686.0600229780,0.0329589844,9.7953796390,-0.0328063965,0.0000000000,-0.1746853299,0.0000325521
557686.0700229780,0.0358581543,9.7991943363,-0.0103759766,-0.0007161458,-0.1745442708,0.0000217014
557686.0800229780,0.0358581543,9.7975158695,-0.0204467773,-0.0013997396,-0.1744683160,0.0000108507
557686.0900229780,0.0338745117,9.7964477542,-0.0256347656,0.0003255208,-0.1745768229,0.0000217014
557686.1000229780,0.0334167480,9.7993469241,-0.0077819824,-0.0014648437,-0.1743815104,0.0000542535
557686.1100229780,0.0352478027,9.7956848148,-0.0320434570,-0.0005316840,-0.1743381076,0.0000108507
557686.1200229781,0.0354003906,9.7979736331,-0.0131225586,-0.0001302083,-0.1744466146,0.0000108507
557686.1300229779,0.0347900391,9.7987365726,-0.0134277344,-0.0017144097,-0.1743923611,0.0000000000
557686.1400229780,0.0332641602,9.7961425784,-0.0314331055,0.0002170139,-0.1744140625,0.0000325521
557686.1500229780,0.0343322754,9.7994995120,-0.0088500977,-0.0010416667,-0.1745659722,0.0000108507
557686.1600229780,0.0361633301,9.7967529300,-0.0256347656,-0.0011393229,-0.1745225694,0.0000000000
557686.1700229780,0.0350952148,9.7969055179,-0.0213623047,0.0002495660,-0.1744683160,0.0000217014
557686.1800229780,0.0331115723,9.7994995120,-0.0091552734,-0.0016276042,-0.1745768229,0.0000000000
557686.1900229780,0.0331115723,9.7958374027,-0.0337219238,-0.0002495660,-0.1745225694,0.0000217014
557686.2000229780,0.0355529785,9.7990417484,-0.0112915039,-0.0003689236,-0.1745225694,0.0000217014
557686.2100229780,0.0341796875,9.7976684574,-0.0175476074,-0.0016493056,-0.1745117187,0.0000217014
557686.2200229780,0.0350952148,9.7959899906,-0.0300598145,0.0002929687,-0.1744900174,0.0000325521
557686.2300229780,0.0349426270,9.8002624515,-0.0077819824,-0.0012261285,-0.1744791667,0.0000108507
557686.2400229780,0.0349426270,9.7962951663,-0.0282287598,-0.0008680556,-0.1744683160,0.0000217014
557686.2500229781,0.0340270996,9.7978210452,-0.0180053711,0.0000976562,-0.1745008680,0.0000217014
557686.2600229779,0.0355529785,9.7993469241,-0.0117492676,-0.0017035590,-0.1744574653,0.0000000000
557686.2700229780,0.0340270996,9.7955322269,-0.0326538086,-0.0000217014,-0.1744683160,0.0000108507
557686.2800229780,0.0334167480,9.7987365726,-0.0086975098,-0.0007269965,-0.1744466146,0.0000325521
557686.2900229780,0.0346374512,9.7981262210,-0.0219726563,-0.0013563368,-0.1744466146,0.0000434028
557686.3000229780,0.0352478027,9.7959899906,-0.0263977051,0.0003363715,-0.1744900174,0.0000000000
557686.3100229780,0.0329589844,9.7998046878,-0.0064086914,-0.0015082465,-0.1744900174,0.0000108507
557686.3200229780,0.0355529785,9.7959899906,-0.0305175781,-0.0004991319,-0.1745334201,0.0000108507
557686.3300229780,0.0347900391,9.7982788089,-0.0163269043,-0.0001302083,-0.1745334201,0.0000217014
557686.3400229780,0.0325012207,9.7990417484,-0.0141906738,-0.0017469618,-0.1745334201,0.0000217014
557686.3500229780,0.0344848633,9.7967529300,-0.0317382813,0.0001193576,-0.1744574653,0.0000325521
557686.3600229780,0.0358581543,9.7991943363,-0.0077819824,-0.0008897569,-0.1745225694,0.0000217014
557686.3700229781,0.0346374512,9.7970581058,-0.0236511230,-0.0012152778,-0.1745551215,0.0000108507
557686.3800229779,0.0349426270,9.7973632816,-0.0228881836,0.0002929687,-0.1745008680,0.0000217014
557686.3900229780,0.0331115723,9.7998046878,-0.0094604492,-0.0016276042,-0.1744574653,0.0000000000
557686.4000229780,0.0346374512,9.7947692874,-0.0331115723,-0.0003363715,-0.1744466146,0.0000325521
557686.4100229780,0.0347900391,9.7998046878,-0.0128173828,-0.0003580729,-0.1744249132,0.0000325521
557686.4200229780,0.0354003906,9.7985839847,-0.0175476074,-0.0015733507,-0.1744900174,0.0000108507
557686.4300229780,0.0338745117,9.7952270511,-0.0296020508,0.0003255208,-0.1745225694,0.0000217014
557686.4400229780,0.0332641602,9.7999572757,-0.0073242188,-0.0012478299,-0.1744357639,0.0000000000
557686.4500229780,0.0346374512,9.7964477542,-0.0294494629,-0.0008572049,-0.1745876736,0.0000217014
557686.4600229780,0.0350952148,9.7987365726,-0.0186157227,0.0000542535,-0.1745876736,0.0000217014
557686.4700229780,0.0341796875,9.7993469241,-0.0119018555,-0.0017144097,-0.1744683160,0.0000108507
557686.4800229780,0.0337219238,9.7958374027,-0.0331115723,0.0000108507,-0.1745551215,0.0000325521
557686.4900229780,0.0346374512,9.8001098636,-0.0082397461,-0.0007595486,-0.1745334201,0.0000325521
557686.5000229781,0.0354003906,9.7967529300,-0.0213623047,-0.0013780382,-0.1744357639,0.0000108507
557686.5100229779,0.0352478027,9.7966003421,-0.0254821777,0.0004123264,-0.1745117187,0.0000000000
557686.5200229780,0.0332641602,9.8001098636,-0.0076293945,-0.0015082465,-0.1744791667,0.0000108507
557686.5300229780,0.0350952148,9.7962951663,-0.0326538086,-0.0005316840,-0.1744140625,0.0000217014
557686.5400229780,0.0347900391,9.7993469241,-0.0137329102,-0.0001844618,-0.1744900174,0.0000325521
557686.5500229780,0.0354003906,9.7993469241,-0.0134277344,-0.0017035590,-0.1743706597,0.0000000000
557686.5600229780,0.0328063965,9.7961425784,-0.0315856934,0.0002278646,-0.1743815104,0.0000217014
557686.5700229780,0.0317382813,9.7991943363,-0.0082397461,-0.0010416667,-0.1744791667,0.0000325521
557686.5800229780,0.0363159180,9.7972106937,-0.0259399414,-0.0010959201,-0.1744791667,0.0000108507
557686.5900229780,0.0363159180,9.7970581058,-0.0224304199,0.0002387153,-0.1745008680,0.0000000000
557686.6000229780,0.0331115723,9.7996520999,-0.0093078613,-0.0016710069,-0.1745442708,0.0000108507
557686.6100229780,0.0317382813,9.7959899906,-0.0331115723,-0.0002387153,-0.1745551215,0.0000217014
557686.6200229781,0.0340270996,9.7985839847,-0.0103759766,-0.0004123264,-0.1744466146,0.0000325521
557686.6300229779,0.0367736816,9.7985839847,-0.0187683105,-0.0016167535,-0.1745551215,0.0000217014
557686.6400229780,0.0361633301,9.7966003421,-0.0305175781,0.0003255208,-0.1744900174,0.0000000000
557686.6500229780,0.0323486328,9.7993469241,-0.0070190430,-0.0012478299,-0.1745225694,0.0000000000
557686.6600229780,0.0325012207,9.7961425784,-0.0273132324,-0.0008897569,-0.1745442708,0.0000325521
557686.6700229780,0.0364685059,9.7981262210,-0.0196838379,0.0001193576,-0.1744574653,0.0000434028
557686.6800229780,0.0361633301,9.7991943363,-0.0123596191,-0.0017578125,-0.1744357639,0.0000000000
557686.6900229780,0.0321960449,9.7958374027,-0.0317382813,-0.0000108507,-0.1745117187,0.0000108507
557686.7000229780,0.0329589844,9.7999572757,-0.0080871582,-0.0006835937,-0.1744683160,0.0000217014
557686.7100229780,0.0355529785,9.7976684574,-0.0233459473,-0.0013563368,-0.1745008680,0.0000217014
557686.7200229780,0.0373840332,9.7967529300,-0.0262451172,0.0002929687,-0.1745768229,0.0000000000
557686.7300229780,0.0331115723,9.7996520999,-0.0071716309,-0.0015516493,-0.1745659722,0.0000000000
557686.7400229780,0.0335693359,9.7956848148,-0.0303649902,-0.0004557292,-0.1745659722,0.0000217014
557686.7500229781,0.0349426270,9.7990417484,-0.0146484375,-0.0002061632,-0.1745442708,0.0000434028
557686.7600229779,0.0357055664,9.7987365726,-0.0170898438,-0.0016493056,-0.1744683160,0.0000108507
557686.7700229780,0.0344848633,9.7962951663,-0.0314331055,0.0002278646,-0.1745225694,0.0000108507
557686.7800229780,0.0328063965,9.8004150394,-0.0070190430,-0.0010959201,-0.1745551215,0.0000108507
557686.7900229780,0.0352478027,9.7969055179,-0.0277709961,-0.0010525174,-0.1744574653,0.0000000000
557686.8000229780,0.0352478027,9.7964477542,-0.0221252441,0.0002278646,-0.1745008680,0.0000325521
557686.8100229780,0.0335693359,9.8007202152,-0.0093078613,-0.0017903646,-0.1744249132,0.0000108507
557686.8200229780,0.0337219238,9.7953796390,-0.0325012207,-0.0001302083,-0.1743272569,0.0000108507
557686.8300229780,0.0332641602,9.7993469241,-0.0112915039,-0.0003906250,-0.1744140625,0.0000108507
557686.8400229780,0.0360107422,9.7982788089,-0.0198364258,-0.0015950521,-0.1744249132,0.0000000000
557686.8500229780,0.0363159180,9.7956848148,-0.0283813477,0.0003038194,-0.1745117187,0.0000108507
557686.8600229780,0.0335693359,9.8002624515,-0.0057983398,-0.0013129340,-0.1745551215,0.0000000000
557686.8700229781,0.0337219238,9.7958374027,-0.0296020508,-0.0008463542,-0.1745659722,0.0000325521
557686.8800229779,0.0349426270,9.7973632816,-0.0196838379,0.0000651042,-0.1745008680,0.0000000000
557686.8900229780,0.0347900391,9.7991943363,-0.0125122070,-0.0017361111,-0.1745551215,0.0000108507
557686.9000229780,0.0343322754,9.7962951663,-0.0321960449,0.0000108507,-0.1745985243,0.0000108507
557686.9100229780,0.0332641602,9.7996520999,-0.0088500977,-0.0007269965,-0.1745008680,0.0000000000
557686.9200229780,0.0338745117,9.7970581058,-0.0224304199,-0.0013237847,-0.1745008680,0.0000217014
557686.9300229780,0.0358581543,9.7967529300,-0.0254821777,0.0002495660,-0.1745334201,0.0000217014
557686.9400229780,0.0349426270,9.8001098636,-0.0079345703,-0.0015407986,-0.1743706597,0.0000217014
557686.9500229780,0.0344848633,9.7956848148,-0.0315856934,-0.0004231771,-0.1743706597,0.0000217014
557686.9600229780,0.0326538086,9.7985839847,-0.0149536133,-0.0002170139,-0.1745442708,0.0000217014
557686.9700229780,0.0347900391,9.7988891605,-0.0169372559,-0.0016601562,-0.1744466146,0.0000108507
557686.9800229790,0.0364685059,9.7959899906,-0.0300598145,0.0002278646,-0.1745008680,0.0000108507
557686.9900229790,0.0344848633,9.7996520999,-0.0071716309,-0.0011176215,-0.1745768229,0.0000000000
557687.0000229790,0.0332641602,9.7964477542,-0.0283813477,-0.0009874132,-0.1745008680,0.0000000000
557687.0100229790,0.0334167480,9.7976684574,-0.0222778320,0.0001519097,-0.1749023437,0.0000325521
557687.0200229790,0.0355529785,9.7990417484,-0.0103759766,-0.0017361111,-0.1745117187,0.0000000000
557687.0300229790,0.0363159180,9.7958374027,-0.0331115723,-0.0001302083,-0.1744900174,0.0000108507
557687.0400229790,0.0334167480,9.7991943363,-0.0100708008,-0.0004991319,-0.1745334201,0.0000217014
557687.0500229790,0.0321960449,9.7987365726,-0.0195312500,-0.0015625000,-0.1745117187,0.0000108507
557687.0600229790,0.0363159180,9.7962951663,-0.0292968750,0.0003146701,-0.1744357639,0.0000108507
557687.0700229791,0.0358581543,9.8002624515,-0.0073242188,-0.0013563368,-0.1745442708,0.0000000000
557687.0800229789,0.0338745117,9.7956848148,-0.0296020508,-0.0007921007,-0.1744466146,0.0000217014
557687.0900229790,0.0325012207,9.7979736331,-0.0172424316,0.0000325521,-0.1741427951,0.0000108507
557687.1000229790,0.0343322754,9.7993469241,-0.0134277344,-0.0017035590,-0.1743923611,0.0000108507
557687.1100229790,0.0355529785,9.7961425784,-0.0328063965,0.0000542535,-0.1745876736,0.0000108507
557687.1200229790,0.0357055664,9.7985839847,-0.0083923340,-0.0007703993,-0.1745117187,0.0000217014
557687.1300229790,0.0337219238,9.7975158695,-0.0241088867,-0.0013671875,-0.1745117187,0.0000000000
557687.1400229790,0.0331115723,9.7972106937,-0.0277709961,0.0002712674,-0.1746093750,0.0000325521
557687.1500229790,0.0343322754,9.8001098636,-0.0071716309,-0.0015407986,-0.1744900174,0.0000108507
557687.1600229790,0.0354003906,9.7956848148,-0.0311279297,-0.0004231771,-0.1744683160,0.0000000000
557687.1700229790,0.0340270996,9.7979736331,-0.0146484375,-0.0002821181,-0.1745659722,-0.0000108507
557687.1800229790,0.0325012207,9.7987365726,-0.0173950195,-0.0015625000,-0.1745334201,0.0000217014
557687.1900229790,0.0350952148,9.7964477542,-0.0291442871,0.0001844618,-0.1745008680,0.0000217014
557687.2000229791,0.0363159180,9.7998046878,-0.0093078613,-0.0011935764,-0.1745117187,0.0000325521
557687.2100229790,0.0340270996,9.7973632816,-0.0286865234,-0.0009440104,-0.1743923611,0.0000000000
557687.2200229790,0.0326538086,9.7976684574,-0.0190734863,0.0001193576,-0.1744574653,0.0000108507
557687.2300229790,0.0332641602,9.7994995120,-0.0114440918,-0.0017361111,-0.1744791667,0.0000000000
557687.2400229790,0.0355529785,9.7956848148,-0.0343322754,-0.0000217014,-0.1745117187,0.0000108507
557687.2500229790,0.0354003906,9.8001098636,-0.0097656250,-0.0006293403,-0.1743706597,0.0000000000
557687.2600229790,0.0335693359,9.7978210452,-0.0215148926,-0.0014648437,-0.1745117187,0.0000000000
557687.2700229790,0.0328063965,9.7958374027,-0.0260925293,0.0003038194,-0.1745551215,0.0000434028
557687.2800229790,0.0354003906,9.7998046878,-0.0077819824,-0.0014214410,-0.1743923611,0.0000000000
557687.2900229790,0.0357055664,9.7958374027,-0.0317382813,-0.0006401910,-0.1745551215,0.0000217014
557687.3000229790,0.0344848633,9.7973632816,-0.0163269043,0.0000000000,-0.1745442708,0.0000000000
557687.3100229790,0.0331115723,9.7996520999,-0.0137329102,-0.0017469618,-0.1744574653,0.0000000000
557687.3200229791,0.0341796875,9.7961425784,-0.0354003906,0.0001302083,-0.1746419271,0.0000217014
557687.3300229789,0.0354003906,9.7996520999,-0.0076293945,-0.0008789062,-0.1745225694,0.0000325521
557687.3400229790,0.0349426270,9.7976684574,-0.0225830078,-0.0012912326,-0.1744574653,0.0000000000
557687.3500229790,0.0338745117,9.7966003421,-0.0259399414,0.0002712674,-0.1745442708,0.0000325521
557687.3600229790,0.0328063965,9.8007202152,-0.0100708008,-0.0015733507,-0.1744683160,0.0000217014
557687.3700229790,0.0337219238,9.7958374027,-0.0315856934,-0.0004231771,-0.1744574653,0.0000108507
557687.3800229790,0.0354003906,9.7987365726,-0.0128173828,-0.0002387153,-0.1744574653,0.0000108507
557687.3900229790,0.0341796875,9.7990417484,-0.0172424316,-0.0016601562,-0.1744249132,0.0000000000
557687.4000229790,0.0350952148,9.7958374027,-0.0318908691,0.0002387153,-0.1744357639,0.0000217014
557687.4100229790,0.0338745117,9.8002624515,-0.0065612793,-0.0011827257,-0.1745225694,0.0000000000
557687.4200229790,0.0344848633,9.7970581058,-0.0270080566,-0.0010199653,-0.1745117187,0.0000108507
557687.4300229790,0.0343322754,9.7975158695,-0.0221252441,0.0002278646,-0.1745442708,0.0000000000
557687.4400229790,0.0337219238,9.7991943363,-0.0114440918,-0.0017252604,-0.1745117187,0.0000000000
557687.4500229791,0.0355529785,9.7962951663,-0.0337219238,-0.0000976562,-0.1745551215,0.0000217014
557687.4600229790,0.0340270996,9.7996520999,-0.0094604492,-0.0005533854,-0.1745225694,0.0000217014
557687.4700229790,0.0338745117,9.7973632816,-0.0195312500,-0.0015516493,-0.1744466146,0.0000000000
557687.4800229790,0.0346374512,9.7967529300,-0.0285339355,0.0003255208,-0.1745225694,0.0000325521
557687.4900229790,0.0352478027,9.7996520999,-0.0082397461,-0.0013780382,-0.1744791667,0.0000108507
557687.5000229790,0.0350952148,9.7958374027,-0.0308227539,-0.0007595486,-0.1744683160,0.0000000000
557687.5100229790,0.0337219238,9.7982788089,-0.0167846680,0.0000325521,-0.1745008680,0.0000108507
557687.5200229790,0.0340270996,9.7993469241,-0.0137329102,-0.0017144097,-0.1744466146,0.0000000000
557687.5300229790,0.0340270996,9.7958374027,-0.0341796875,0.0000325521,-0.1744249132,0.0000217014
557687.5400229790,0.0340270996,9.7994995120,-0.0074768066,-0.0008572049,-0.1745334201,0.0000434028
557687.5500229790,0.0357055664,9.7973632816,-0.0238037109,-0.0013020833,-0.1745008680,0.0000000000
557687.5600229790,0.0349426270,9.7970581058,-0.0257873535,0.0003146701,-0.1745442708,0.0000108507
557687.5700229791,0.0335693359,9.7996520999,-0.0102233887,-0.0015625000,-0.1745225694,0.0000000000
557687.5800229789,0.0332641602,9.7959899906,-0.0329589844,-0.0003472222,-0.1745442708,0.0000108507
557687.5900229790,0.0338745117,9.7988891605,-0.0122070313,-0.0003797743,-0.1745876736,0.0000217014
557687.6000229790,0.0352478027,9.7982788089,-0.0170898438,-0.0015625000,-0.1744574653,0.0000434028
557687.6100229790,0.0361633301,9.7956848148,-0.0286865234,0.0002495660,-0.1744357639,0.0000000000
557687.6200229790,0.0329589844,9.7999572757,-0.0097656250,-0.0013020833,-0.1744791667,0.0000000000
557687.6300229790,0.0331115723,9.7970581058,-0.0303649902,-0.0008029514,-0.1744683160,0.0000000000
557687.6400229790,0.0338745117,9.7978210452,-0.0173950195,0.0000651042,-0.1745225694,0.0000108507
557687.6500229790,0.0357055664,9.7991943363,-0.0109863281,-0.0017361111,-0.1745117187,0.0000000000
557687.6600229790,0.0363159180,9.7955322269,-0.0338745117,0.0000434028,-0.1744900174,0.0000000000
557687.6700229790,0.0329589844,9.8002624515,-0.0099182129,-0.0007161458,-0.1744249132,0.0000325521
557687.6800229790,0.0334167480,9.7975158695,-0.0225830078,-0.0014865451,-0.1745768229,0.0000108507
557687.6900229790,0.0337219238,9.7962951663,-0.0274658203,0.0003472222,-0.1745442708,0.0000108507
557687.7000229791,0.0346374512,9.7994995120,-0.0076293945,-0.0014539931,-0.1744791667,0.0000108507
557687.7100229790,0.0346374512,9.7961425784,-0.0321960449,-0.0005967882,-0.1745876736,0.0000000000
557687.7200229790,0.0350952148,9.7985839847,-0.0164794922,-0.0000976562,-0.1745551215,0.0000108507
557687.7300229790,0.0347900391,9.7985839847,-0.0149536133,-0.0017361111,-0.1745225694,0.0000108507
557687.7400229790,0.0329589844,9.7958374027,-0.0320434570,0.0001302083,-0.1745659722,0.0000108507
557687.7500229790,0.0329589844,9.8005676273,-0.0086975098,-0.0009874132,-0.1745225694,0.0000325521
557687.7600229790,0.0354003906,9.7972106937,-0.0260925293,-0.0011935764,-0.1743706597,0.0000108507
557687.7700229790,0.0358581543,9.7975158695,-0.0225830078,0.0002495660,-0.1744466146,0.0000000000
557687.7800229790,0.0346374512,9.8002624515,-0.0080871582,-0.0016276042,-0.1743706597,-0.0000108507
557687.7900229790,0.0328063965,9.7955322269,-0.0337219238,-0.0002387153,-0.1744032118,0.0000217014
557687.8000229790,0.0318908691,9.7996520999,-0.0137329102,-0.0004774306,-0.1745985243,0.0000217014
557687.8100229790,0.0347900391,9.7975158695,-0.0187683105,-0.0015842014,-0.1744357639,0.0000217014
557687.8200229791,0.0366210938,9.7967529300,-0.0273132324,0.0003255208,-0.1745985243,0.0000108507
557687.8300229789,0.0344848633,9.8008728031,-0.0083923340,-0.0013020833,-0.1745225694,-0.0000108507
557687.8400229790,0.0331115723,9.7964477542,-0.0318908691,-0.0008029514,-0.1745334201,0.0000000000
557687.8500229790,0.0323486328,9.7979736331,-0.0183105469,0.0000325521,-0.1745225694,0.0000325521
557687.8600229790,0.0346374512,9.8001098636,-0.0114440918,-0.0017578125,-0.1744791667,0.0000217014
557687.8700229790,0.0358581543,9.7952270511,-0.0346374512,0.0000651042,-0.1745876736,0.0000217014
557687.8800229790,0.0340270996,9.8004150394,-0.0108337402,-0.0008138021,-0.1745551215,0.0000000000
557687.8900229790,0.0331115723,9.7979736331,-0.0225830078,-0.0013563368,-0.1743706597,0.0000000000
557687.9000229790,0.0337219238,9.7970581058,-0.0248718262,0.0003255208,-0.1745985243,0.0000217014
557687.9100229790,0.0347900391,9.7998046878,-0.0100708008,-0.0015516493,-0.1744357639,0.0000000000
557687.9200229790,0.0347900391,9.7961425784,-0.0331115723,-0.0004448785,-0.1743598090,0.0000108507
557687.9300229790,0.0341796875,9.7988891605,-0.0138854980,-0.0002929687,-0.1745442708,0.0000217014
557687.9400229790,0.0357055664,9.7994995120,-0.0164794922,-0.0016601562,-0.1743923611,0.0000000000
557687.9500229791,0.0337219238,9.7961425784,-0.0308227539,0.0002604167,-0.1745442708,0.0000000000
557687.9600229790,0.0326538086,9.7998046878,-0.0090026855,-0.0011827257,-0.1745551215,0.0000108507
557687.9700229790,0.0347900391,9.7958374027,-0.0268554688,-0.0010308160,-0.1744683160,0.0000000000
557687.9800229790,0.0360107422,9.7978210452,-0.0201416016,0.0001519097,-0.1745551215,0.0000108507
557687.9900229790,0.0349426270,9.8004150394,-0.0122070313,-0.0017144097,-0.1745442708,0.0000000000
557688.0000229790,0.0335693359,9.7958374027,-0.0355529785,-0.0000868056,-0.1744466146,0.0000000000
557688.0100229790,0.0321960449,9.7998046878,-0.0105285645,-0.0006727431,-0.1748046875,0.0000217014
557688.0200229790,0.0346374512,9.7975158695,-0.0196838379,-0.0014973958,-0.1745225694,0.0000000000
557688.0300229790,0.0361633301,9.7961425784,-0.0265502930,0.0003472222,-0.1744900174,0.0000000000
557688.0400229790,0.0354003906,9.8001098636,-0.0096130371,-0.0014214410,-0.1744900174,-0.0000217014
557688.0500229790,0.0326538086,9.7962951663,-0.0318908691,-0.0006727431,-0.1744683160,0.0000000000
557688.0600229800,0.0326538086,9.7981262210,-0.0173950195,-0.0000759549,-0.1743815104,0.0000217014
557688.0700229800,0.0350952148,9.7987365726,-0.0129699707,-0.0017469618,-0.1745117187,0.0000108507
557688.0800229800,0.0361633301,9.7956848148,-0.0337219238,0.0001627604,-0.1744357639,0.0000108507
557688.0900229800,0.0332641602,9.7994995120,-0.0083923340,-0.0009440104,-0.1744140625,0.0000000000
557688.1000229800,0.0341796875,9.7973632816,-0.0245666504,-0.0012478299,-0.1745117187,0.0000000000
557688.1100229800,0.0347900391,9.7970581058,-0.0253295898,0.0003363715,-0.1745117187,0.0000000000
557688.1200229800,0.0347900391,9.8005676273,-0.0108337402,-0.0016276042,-0.1744249132,0.0000000000
557688.1300229800,0.0320434570,9.7950744632,-0.0320434570,-0.0003906250,-0.1745008680,0.0000217014
557688.1400229800,0.0331115723,9.7988891605,-0.0141906738,-0.0002821181,-0.1745117187,0.0000325521
557688.1500229799,0.0364685059,9.7990417484,-0.0181579590,-0.0017144097,-0.1744900174,0.0000000000
557688.1600229800,0.0358581543,9.7973632816,-0.0309753418,0.0002712674,-0.1744574653,-0.0000217014
557688.1700229800,0.0318908691,9.7996520999,-0.0070190430,-0.0011935764,-0.1744791667,-0.0000108507
557688.1800229800,0.0334167480,9.7964477542,-0.0294494629,-0.0009765625,-0.1743706597,0.0000000000
557688.1900229800,0.0346374512,9.7970581058,-0.0209045410,0.0002061632,-0.1744357639,0.0000325521
557688.2000229800,0.0367736816,9.8004150394,-0.0099182129,-0.0018120660,-0.1743923611,0.0000108507
557688.2100229800,0.0355529785,9.7952270511,-0.0340270996,-0.0000434028,-0.1744900174,0.0000000000
557688.2200229800,0.0309753418,9.7990417484,-0.0114440918,-0.0005208333,-0.1745334201,0.0000000000
557688.2300229800,0.0331115723,9.7981262210,-0.0216674805,-0.0015842014,-0.1745225694,0.0000108507
557688.2400229800,0.0361633301,9.7959899906,-0.0291442871,0.0003472222,-0.1746310764,0.0000325521
557688.2500229800,0.0355529785,9.7993469241,-0.0070190430,-0.0013563368,-0.1745225694,0.0000000000
557688.2600229800,0.0334167480,9.7961425784,-0.0318908691,-0.0007595486,-0.1745551215,0.0000000000
557688.2700229801,0.0329589844,9.7982788089,-0.0183105469,0.0000000000,-0.1745876736,0.0000217014
557688.2800229799,0.0343322754,9.7987365726,-0.0140380859,-0.0017578125,-0.1745117187,0.0000000000
557688.2900229800,0.0357055664,9.7953796390,-0.0332641602,0.0000542535,-0.1745225694,-0.0000108507
557688.3000229800,0.0344848633,9.7999572757,-0.0088500977,-0.0008355035,-0.1745117187,0.0000000000
557688.3100229800,0.0337219238,9.7975158695,-0.0244140625,-0.0013129340,-0.1744249132,-0.0000108507
557688.3200229800,0.0338745117,9.7969055179,-0.0262451172,0.0003146701,-0.1744466146,0.0000217014
557688.3300229800,0.0340270996,9.7999572757,-0.0082397461,-0.0016276042,-0.1744357639,0.0000000000
557688.3400229800,0.0341796875,9.7950744632,-0.0329589844,-0.0004557292,-0.1744249132,0.0000108507
557688.3500229800,0.0337219238,9.7990417484,-0.0144958496,-0.0002061632,-0.1744574653,0.0000217014
557688.3600229800,0.0352478027,9.7988891605,-0.0167846680,-0.0017144097,-0.1744574653,0.0000000000
557688.3700229800,0.0350952148,9.7962951663,-0.0323486328,0.0002604167,-0.1745008680,0.0000000000
557688.3800229800,0.0335693359,9.7998046878,-0.0086975098,-0.0011176215,-0.1745442708,0.0000000000
557688.3900229800,0.0334167480,9.7964477542,-0.0270080566,-0.0010633681,-0.1745551215,0.0000325521
557688.4000229799,0.0329589844,9.7972106937,-0.0222778320,0.0001844618,-0.1745876736,0.0000108507
557688.4100229800,0.0350952148,9.7998046878,-0.0106811523,-0.0017361111,-0.1745551215,0.0000108507
557688.4200229800,0.0358581543,9.7956848148,-0.0341796875,-0.0001844618,-0.1745334201,-0.0000108507
557688.4300229800,0.0329589844,9.8001098636,-0.0122070313,-0.0004665799,-0.1745334201,-0.0000108507
557688.4400229800,0.0335693359,9.7981262210,-0.0193786621,-0.0015625000,-0.1744683160,0.0000000000
557688.4500229800,0.0349426270,9.7958374027,-0.0291442871,0.0003038194,-0.1745117187,0.0000217014
557688.4600229800,0.0355529785,9.7999572757,-0.0086975098,-0.0013780382,-0.1744683160,0.0000000000
557688.4700229800,0.0346374512,9.7961425784,-0.0315856934,-0.0007161458,-0.1744791667,0.0000000000
557688.4800229800,0.0337219238,9.7985839847,-0.0173950195,-0.0000868056,-0.1744683160,0.0000108507
557688.4900229800,0.0340270996,9.7988891605,-0.0149536133,-0.0016818576,-0.1745225694,0.0000000000
557688.5000229800,0.0334167480,9.7953796390,-0.0329589844,0.0001410590,-0.1745225694,0.0000000000
557688.5100229800,0.0347900391,9.8001098636,-0.0079345703,-0.0009765625,-0.1743815104,0.0000000000
557688.5200229801,0.0340270996,9.7966003421,-0.0256347656,-0.0011935764,-0.1745659722,0.0000108507
557688.5300229799,0.0346374512,9.7966003421,-0.0239562988,0.0002387153,-0.1745117187,0.0000108507
557688.5400229800,0.0344848633,9.7996520999,-0.0102233887,-0.0016493056,-0.1744683160,0.0000000000
557688.5500229800,0.0340270996,9.7956848148,-0.0340270996,-0.0002712674,-0.1745985243,-0.0000108507
557688.5600229800,0.0341796875,9.7991943363,-0.0128173828,-0.0004665799,-0.1745008680,0.0000108507
557688.5700229800,0.0340270996,9.7970581058,-0.0192260742,-0.0015516493,-0.1745334201,0.0000000000
557688.5800229800,0.0347900391,9.7967529300,-0.0286865234,0.0002929687,-0.1745442708,0.0000000000
557688.5900229800,0.0343322754,9.8002624515,-0.0094604492,-0.0013671875,-0.1744574653,0.0000000000
557688.6000229800,0.0341796875,9.7962951663,-0.0308227539,-0.0007703993,-0.1744249132,0.0000000000
557688.6100229800,0.0332641602,9.7973632816,-0.0183105469,-0.0000217014,-0.1744466146,0.0000108507
557688.6200229800,0.0350952148,9.7993469241,-0.0131225586,-0.0017903646,-0.1743272569,0.0000000000
557688.6300229800,0.0349426270,9.7955322269,-0.0346374512,0.0001302083,-0.1744466146,0.0000000000
557688.6400229800,0.0340270996,9.7996520999,-0.0094604492,-0.0008355035,-0.1744140625,0.0000000000
557688.6500229799,0.0335693359,9.7969055179,-0.0244140625,-0.0013346354,-0.1744466146,0.0000108507
557688.6600229800,0.0332641602,9.7966003421,-0.0268554688,0.0003038194,-0.1745768229,0.0000217014
557688.6700229800,0.0341796875,9.8002624515,-0.0094604492,-0.0015733507,-0.1745225694,0.0000217014
557688.6800229800,0.0343322754,9.7958374027,-0.0331115723,-0.0004991319,-0.1745659722,0.0000000000
557688.6900229800,0.0344848633,9.7987365726,-0.0138854980,-0.0002387153,-0.1745334201,-0.0000108507
557688.7000229800,0.0338745117,9.7979736331,-0.0164794922,-0.0016710069,-0.1745117187,0.0000000000
557688.7100229800,0.0334167480,9.7959899906,-0.0321960449,0.0002278646,-0.1745876736,0.0000000000
557688.7200229800,0.0334167480,9.8002624515,-0.0082397461,-0.0011393229,-0.1745334201,0.0000108507
557688.7300229800,0.0346374512,9.7966003421,-0.0277709961,-0.0010199653,-0.1744683160,0.0000000000
557688.7400229800,0.0349426270,9.7975158695,-0.0218200684,0.0000868056,-0.1745659722,0.0000217014
557688.7500229800,0.0343322754,9.7987365726,-0.0114440918,-0.0017144097,-0.1747287326,0.0000000000
557688.7600229800,0.0332641602,9.7962951663,-0.0341796875,-0.0000976562,-0.1745659722,0.0000108507
557688.7700229801,0.0346374512,9.7996520999,-0.0109863281,-0.0005967882,-0.1743164062,0.0000000000
557688.7800229799,0.0335693359,9.7973632816,-0.0222778320,-0.0014648437,-0.1743706597,0.0000108507
557688.7900229800,0.0344848633,9.7961425784,-0.0282287598,0.0002929687,-0.1744574653,0.0000108507
557688.8000229800,0.0346374512,9.7998046878,-0.0090026855,-0.0014648437,-0.1744357639,0.0000000000
557688.8100229800,0.0338745117,9.7962951663,-0.0323486328,-0.0005967882,-0.1745225694,0.0000000000
557688.8200229800,0.0328063965,9.7981262210,-0.0157165527,-0.0001953125,-0.1745551215,0.0000217014
557688.8300229800,0.0340270996,9.7976684574,-0.0166320801,-0.0016818576,-0.1744140625,0.0000000000
557688.8400229800,0.0344848633,9.7961425784,-0.0335693359,0.0002170139,-0.1746310764,0.0000108507
557688.8500229800,0.0340270996,9.8007202152,-0.0080871582,-0.0011067708,-0.1745225694,0.0000000000
557688.8600229800,0.0338745117,9.7962951663,-0.0271606445,-0.0011067708,-0.1745008680,0.0000000000
557688.8700229800,0.0335693359,9.7972106937,-0.0231933594,0.0001627604,-0.1744357639,0.0000217014
557688.8800229800,0.0341796875,9.7991943363,-0.0122070313,-0.0017035590,-0.1744140625,0.0000108507
557688.8900229800,0.0340270996,9.7958374027,-0.0317382813,-0.0001844618,-0.1743815104,0.0000108507
557688.9000229799,0.0343322754,9.7984313968,-0.0112915039,-0.0005425347,-0.1744357639,0.0000000000
557688.9100229800,0.0349426270,9.7979736331,-0.0213623047,-0.0014973958,-0.1744357639,0.0000000000
557688.9200229800,0.0349426270,9.7966003421,-0.0297546387,0.0002929687,-0.1744357639,0.0000108507
557688.9300229800,0.0329589844,9.7994995120,-0.0073242188,-0.0014431424,-0.1744683160,0.0000000000
557688.9400229800,0.0326538086,9.7958374027,-0.0308227539,-0.0007486979,-0.1745008680,0.0000325521
557688.9500229800,0.0341796875,9.7970581058,-0.0192260742,0.0000000000,-0.1745659722,0.0000108507
557688.9600229800,0.0360107422,9.7982788089,-0.0152587891,-0.0017469618,-0.1744683160,-0.0000108507
557688.9700229800,0.0343322754,9.7958374027,-0.0338745117,0.0000759549,-0.1745551215,-0.0000217014
557688.9800229800,0.0328063965,9.8001098636,-0.0090026855,-0.0008572049,-0.1745334201,0.0000000000
557688.9900229800,0.0325012207,9.7967529300,-0.0247192383,-0.0013129340,-0.1745659722,0.0000217014
557689.0000229800,0.0355529785,9.7970581058,-0.0257873535,0.0002495660,-0.1745876736,0.0000108507
557689.0100229800,0.0352478027,9.7999572757,-0.0097656250,-0.0015733507,-0.1746527778,0.0000000000
557689.0200229801,0.0338745117,9.7952270511,-0.0340270996,-0.0003797743,-0.1745334201,0.0000000000
557689.0300229799,0.0332641602,9.7990417484,-0.0155639648,-0.0003580729,-0.1744466146,0.0000108507
557689.0400229800,0.0332641602,9.7985839847,-0.0186157227,-0.0015733507,-0.1743706597,0.0000000000
557689.0500229800,0.0350952148,9.7961425784,-0.0288391113,0.0002387153,-0.1744683160,0.0000108507
557689.0600229800,0.0340270996,9.7990417484,-0.0082397461,-0.0012912326,-0.1744357639,-0.0000108507
557689.0700229800,0.0340270996,9.7958374027,-0.0311279297,-0.0008463542,-0.1744466146,0.0000217014
557689.0800229800,0.0338745117,9.7978210452,-0.0198364258,0.0000108507,-0.1745551215,0.0000000000
557689.0900229800,0.0343322754,9.7993469241,-0.0129699707,-0.0017469618,-0.1744249132,0.0000000000
557689.1000229800,0.0344848633,9.7959899906,-0.0337219238,0.0000651042,-0.1745442708,0.0000000000
557689.1100229800,0.0326538086,9.7998046878,-0.0100708008,-0.0008463542,-0.1745659722,0.0000000000
557689.1200229800,0.0337219238,9.7967529300,-0.0244140625,-0.0012912326,-0.1745117187,0.0000108507
557689.1300229810,0.0344848633,9.7970581058,-0.0253295898,0.0002278646,-0.1745876736,0.0000108507
557689.1400229810,0.0350952148,9.7998046878,-0.0103759766,-0.0015950521,-0.1745334201,0.0000000000
557689.1500229810,0.0335693359,9.7950744632,-0.0338745117,-0.0003797743,-0.1744249132,-0.0000108507
557689.1600229810,0.0340270996,9.7988891605,-0.0137329102,-0.0003363715,-0.1744466146,0.0000108507
557689.1700229810,0.0341796875,9.7978210452,-0.0178527832,-0.0016276042,-0.1745117187,0.0000000000
557689.1800229810,0.0354003906,9.7959899906,-0.0306701660,0.0002604167,-0.1744032118,0.0000108507
557689.1900229810,0.0347900391,9.7998046878,-0.0083923340,-0.0012478299,-0.1744249132,0.0000000000
557689.2000229810,0.0328063965,9.7961425784,-0.0308227539,-0.0009548611,-0.1745008680,0.0000000000
557689.2100229810,0.0332641602,9.7981262210,-0.0210571289,0.0000868056,-0.1744140625,0.0000217014
557689.2200229811,0.0355529785,9.8001098636,-0.0111389160,-0.0017144097,-0.1743706597,-0.0000108507
557689.2300229809,0.0346374512,9.7952270511,-0.0357055664,-0.0000651042,-0.1745225694,0.0000108507
557689.2400229810,0.0346374512,9.7993469241,-0.0100708008,-0.0007052951,-0.1745008680,-0.0000108507
557689.2500229810,0.0332641602,9.7969055179,-0.0230407715,-0.0013888889,-0.1744791667,0.0000000000
557689.2600229810,0.0340270996,9.7969055179,-0.0285339355,0.0002929687,-0.1746093750,0.0000108507
557689.2700229810,0.0341796875,9.7998046878,-0.0083923340,-0.0015082465,-0.1745551215,0.0000000000
557689.2800229810,0.0349426270,9.7958374027,-0.0323486328,-0.0005859375,-0.1744791667,-0.0000108507
557689.2900229810,0.0340270996,9.7991943363,-0.0167846680,-0.0001193576,-0.1744574653,0.0000217014
557689.3000229810,0.0346374512,9.7994995120,-0.0158691406,-0.0017361111,-0.1744791667,-0.0000217014
557689.3100229810,0.0343322754,9.7953796390,-0.0329589844,0.0001627604,-0.1744900174,0.0000000000
557689.3200229810,0.0332641602,9.7996520999,-0.0077819824,-0.0009657118,-0.1744574653,0.0000000000
557689.3300229810,0.0337219238,9.7970581058,-0.0270080566,-0.0012369792,-0.1744357639,0.0000000000
557689.3400229811,0.0347900391,9.7978210452,-0.0248718262,0.0002387153,-0.1744140625,0.0000108507
557689.3500229809,0.0340270996,9.7998046878,-0.0097656250,-0.0016384549,-0.1744466146,-0.0000325521
557689.3600229810,0.0326538086,9.7958374027,-0.0334167480,-0.0003038194,-0.1745008680,0.0000108507
557689.3700229810,0.0326538086,9.7987365726,-0.0146484375,-0.0003689236,-0.1745659722,0.0000217014
557689.3800229810,0.0347900391,9.7978210452,-0.0201416016,-0.0016276042,-0.1745225694,0.0000000000
557689.3900229810,0.0346374512,9.7962951663,-0.0302124023,0.0002604167,-0.1745551215,0.0000217014
557689.4000229810,0.0337219238,9.8002624515,-0.0082397461,-0.0013020833,-0.1745225694,0.0000000000
557689.4100229810,0.0343322754,9.7958374027,-0.0315856934,-0.0008463542,-0.1745225694,0.0000000000
557689.4200229810,0.0326538086,9.7976684574,-0.0190734863,0.0000000000,-0.1744683160,0.0000000000
557689.4300229810,0.0340270996,9.7987365726,-0.0128173828,-0.0017469618,-0.1744249132,0.0000000000
557689.4400229810,0.0346374512,9.7956848148,-0.0338745117,0.0000759549,-0.1745117187,0.0000108507
557689.4500229810,0.0349426270,9.8001098636,-0.0105285645,-0.0008138021,-0.1744683160,0.0000000000
557689.4600229810,0.0341796875,9.7973632816,-0.0245666504,-0.0013997396,-0.1744574653,0.0000000000
557689.4700229811,0.0332641602,9.7967529300,-0.0251770020,0.0003146701,-0.1745117187,0.0000108507
557689.4800229809,0.0334167480,9.8002624515,-0.0086975098,-0.0015842014,-0.1743706597,-0.0000108507
557689.4900229810,0.0340270996,9.7953796390,-0.0344848633,-0.0005099826,-0.1746527778,0.0000000000
557689.5000229810,0.0349426270,9.7988891605,-0.0152587891,-0.0001844618,-0.1746853299,0.0000000000
557689.5100229810,0.0338745117,9.7985839847,-0.0167846680,-0.0017144097,-0.1745334201,0.0000000000
557689.5200229810,0.0338745117,9.7961425784,-0.0323486328,0.0002170139,-0.1744357639,0.0000217014
557689.5300229810,0.0332641602,9.7999572757,-0.0086975098,-0.0011284722,-0.1744140625,0.0000000000
557689.5400229810,0.0341796875,9.7967529300,-0.0274658203,-0.0010742187,-0.1745225694,0.0000000000
557689.5500229810,0.0341796875,9.7972106937,-0.0216674805,0.0001302083,-0.1746093750,0.0000217014
557689.5600229810,0.0343322754,9.7994995120,-0.0126647949,-0.0016710069,-0.1745117187,0.0000000000
557689.5700229810,0.0350952148,9.7950744632,-0.0350952148,-0.0000976562,-0.1745008680,-0.0000108507
557689.5800229810,0.0334167480,9.7996520999,-0.0112915039,-0.0006076389,-0.1745442708,0.0000217014
557689.5900229811,0.0343322754,9.7972106937,-0.0204467773,-0.0015516493,-0.1745117187,0.0000000000
557689.6000229809,0.0347900391,9.7959899906,-0.0294494629,0.0003472222,-0.1744249132,0.0000108507
557689.6100229810,0.0341796875,9.8001098636,-0.0093078613,-0.0014214410,-0.1744357639,0.0000000000
557689.6200229810,0.0335693359,9.7958374027,-0.0312805176,-0.0007269965,-0.1744683160,-0.0000217014
557689.6300229810,0.0331115723,9.7982788089,-0.0180053711,-0.0000434028,-0.1744683160,0.0000000000
557689.6400229810,0.0343322754,9.7987365726,-0.0157165527,-0.0017144097,-0.1743489583,0.0000000000
557689.6500229810,0.0340270996,9.7958374027,-0.0338745117,0.0000976562,-0.1744249132,0.0000108507
557689.6600229810,0.0340270996,9.7993469241,-0.0093078613,-0.0009874132,-0.1744574653,0.0000000000
557689.6700229810,0.0343322754,9.7966003421,-0.0257873535,-0.0012152778,-0.1744357639,-0.0000108507
557689.6800229810,0.0335693359,9.7967529300,-0.0242614746,0.0002170139,-0.1744032118,0.0000000000
557689.6900229810,0.0332641602,9.7991943363,-0.0109863281,-0.0016710069,-0.1745334201,0.0000000000
557689.7000229810,0.0346374512,9.7952270511,-0.0335693359,-0.0002387153,-0.1745876736,0.0000108507
557689.7100229810,0.0341796875,9.7994995120,-0.0128173828,-0.0005099826,-0.1745225694,0.0000108507
557689.7200229811,0.0349426270,9.7978210452,-0.0198364258,-0.0015516493,-0.1744683160,0.0000000000
557689.7300229809,0.0331115723,9.7961425784,-0.0294494629,0.0002604167,-0.1746093750,0.0000108507
557689.7400229810,0.0332641602,9.7999572757,-0.0090026855,-0.0013997396,-0.1744466146,-0.0000108507
557689.7500229810,0.0334167480,9.7959899906,-0.0329589844,-0.0007269965,-0.1744574653,0.0000000000
557689.7600229810,0.0334167480,9.7984313968,-0.0183105469,-0.0000759549,-0.1745659722,0.0000000000
557689.7700229810,0.0347900391,9.7982788089,-0.0149536133,-0.0016818576,-0.1744140625,0.0000000000
557689.7800229810,0.0343322754,9.7953796390,-0.0329589844,0.0001410590,-0.1744900174,0.0000108507
557689.7900229810,0.0332641602,9.7998046878,-0.0099182129,-0.0010091146,-0.1745659722,0.0000000000
557689.8000229810,0.0332641602,9.7978210452,-0.0279235840,-0.0012261285,-0.1745659722,0.0000000000
557689.8100229810,0.0340270996,9.7961425784,-0.0236511230,0.0002061632,-0.1745117187,0.0000000000
557689.8200229810,0.0344848633,9.8001098636,-0.0102233887,-0.0016493056,-0.1745334201,0.0000000000
557689.8300229810,0.0341796875,9.7949218753,-0.0355529785,-0.0002387153,-0.1746527778,0.0000000000
557689.8400229811,0.0338745117,9.8001098636,-0.0128173828,-0.0005425347,-0.1745334201,0.0000108507
557689.8500229809,0.0337219238,9.7978210452,-0.0192260742,-0.0015733507,-0.1743598090,0.0000108507
557689.8600229810,0.0338745117,9.7958374027,-0.0303649902,0.0002712674,-0.1745117187,0.0000108507
557689.8700229810,0.0346374512,9.8002624515,-0.0096130371,-0.0013780382,-0.1744574653,0.0000000000
557689.8800229810,0.0343322754,9.7967529300,-0.0317382813,-0.0008572049,-0.1744683160,0.0000000000
557689.8900229810,0.0344848633,9.7978210452,-0.0190734863,0.0000651042,-0.1744249132,-0.0000108507
557689.9000229810,0.0314331055,9.7991943363,-0.0128173828,-0.0017903646,-0.1744357639,0.0000000000
557689.9100229810,0.0335693359,9.7958374027,-0.0346374512,-0.0000108507,-0.1745008680,0.0000325521
557689.9200229810,0.0354003906,9.7993469241,-0.0096130371,-0.0007486979,-0.1744791667,0.0000217014
557689.9300229810,0.0347900391,9.7966003421,-0.0241088867,-0.0013888889,-0.1745117187,0.0000000000
557689.9400229810,0.0331115723,9.7969055179,-0.0282287598,0.0002495660,-0.1744466146,0.0000000000
557689.9500229810,0.0335693359,9.8004150394,-0.0100708008,-0.0015733507,-0.1745551215,0.0000000000
557689.9600229810,0.0343322754,9.7956848148,-0.0335693359,-0.0005099826,-0.1745876736,0.0000108507
557689.9700229811,0.0346374512,9.7993469241,-0.0144958496,-0.0002170139,-0.1745225694,0.0000108507
557689.9800229809,0.0338745117,9.7982788089,-0.0177001953,-0.0016818576,-0.1745225694,0.0000000000
557689.9900229810,0.0335693359,9.7967529300,-0.0328063965,0.0001519097,-0.1744466146,0.0000108507
557690.0000229810,0.0344848633,9.7994995120,-0.0093078613,-0.0011176215,-0.1744357639,0.0000000000
557690.0100229810,0.0338745117,9.7979736331,-0.0282287598,-0.0011067708,-0.1748046875,-0.0000108507
557690.0200229810,0.0337219238,9.7970581058,-0.0225830078,0.0001627604,-0.1744683160,-0.0000108507
557690.0300229810,0.0331115723,9.7990417484,-0.0120544434,-0.0017035590,-0.1744357639,0.0000108507
557690.0400229810,0.0341796875,9.7946166995,-0.0341796875,-0.0001736111,-0.1745117187,0.0000108507
557690.0500229810,0.0346374512,9.7994995120,-0.0119018555,-0.0005967882,-0.1744466146,0.0000000000
557690.0600229810,0.0344848633,9.7975158695,-0.0222778320,-0.0015082465,-0.1745117187,0.0000000000
557690.0700229810,0.0329589844,9.7967529300,-0.0291442871,0.0002495660,-0.1745876736,0.0000000000
557690.0800229810,0.0337219238,9.8004150394,-0.0090026855,-0.0014431424,-0.1744466146,0.0000000000
557690.0900229811,0.0340270996,9.7959899906,-0.0317382813,-0.0006727431,-0.1745876736,0.0000000000
557690.1000229809,0.0344848633,9.7981262210,-0.0172424316,-0.0001193576,-0.1745659722,0.0000108507
557690.1100229810,0.0349426270,9.7991943363,-0.0172424316,-0.0016384549,-0.1744900174,0.0000000000
557690.1200229810,0.0331115723,9.7959899906,-0.0326538086,0.0000976562,-0.1744900174,0.0000108507
557690.1300229810,0.0326538086,9.7991943363,-0.0085449219,-0.0010308160,-0.1744357639,0.0000000000
557690.1400229810,0.0350952148,9.7981262210,-0.0276184082,-0.0012044271,-0.1744249132,0.0000000000
557690.1500229810,0.0347900391,9.7966003421,-0.0247192383,0.0002278646,-0.1744574653,0.0000000000
557690.1600229810,0.0321960449,9.8008728031,-0.0108337402,-0.0017035590,-0.1746310764,-0.0000217014
557690.1700229810,0.0325012207,9.7950744632,-0.0350952148,-0.0002712674,-0.1746961805,0.0000217014
557690.1800229810,0.0332641602,9.7988891605,-0.0140380859,-0.0003906250,-0.1745876736,0.0000000000
557690.1900229810,0.0360107422,9.7987365726,-0.0198364258,-0.0016493056,-0.1743598090,0.0000000000
557690.2000229820,0.0340270996,9.7966003421,-0.0305175781,0.0002278646,-0.1744032118,0.0000000000
557690.2100229820,0.0323486328,9.7993469241,-0.0088500977,-0.0013129340,-0.1744466146,0.0000000000
557690.2200229820,0.0335693359,9.7962951663,-0.0303649902,-0.0008680556,-0.1744466146,0.0000000000
557690.2300229820,0.0340270996,9.7985839847,-0.0201416016,0.0000325521,-0.1744900174,0.0000108507
557690.2400229820,0.0344848633,9.7996520999,-0.0143432617,-0.0017578125,-0.1745659722,0.0000000000
557690.2500229820,0.0340270996,9.7956848148,-0.0329589844,0.0000759549,-0.1746202257,0.0000108507
557690.2600229820,0.0326538086,9.7996520999,-0.0094604492,-0.0008897569,-0.1745442708,0.0000217014
557690.2700229820,0.0352478027,9.7979736331,-0.0257873535,-0.0013237847,-0.1744574653,0.0000000000
557690.2800229820,0.0335693359,9.7967529300,-0.0257873535,0.0002170139,-0.1745117187,0.0000108507
557690.2900229821,0.0326538086,9.8007202152,-0.0096130371,-0.0016167535,-0.1745117187,-0.0000217014
557690.3000229819,0.0331115723,9.7952270511,-0.0340270996,-0.0003363715,-0.1744683160,0.0000217014
557690.3100229820,0.0335693359,9.7990417484,-0.0154113770,-0.0003363715,-0.1745008680,0.0000217014
557690.3200229820,0.0344848633,9.7991943363,-0.0199890137,-0.0017144097,-0.1744249132,0.0000000000
557690.3300229820,0.0334167480,9.7961425784,-0.0306701660,0.0002604167,-0.1745008680,0.0000000000
557690.3400229820,0.0321960449,9.8001098636,-0.0076293945,-0.0012478299,-0.1745008680,-0.0000108507
557690.3500229820,0.0341796875,9.7962951663,-0.0312805176,-0.0009223090,-0.1745008680,0.0000000000
557690.3600229820,0.0347900391,9.7979736331,-0.0218200684,0.0000542535,-0.1745659722,0.0000000000
557690.3700229820,0.0349426270,9.7996520999,-0.0125122070,-0.0017144097,-0.1745334201,0.0000108507
557690.3800229820,0.0321960449,9.7967529300,-0.0337219238,-0.0000434028,-0.1746310764,0.0000000000
557690.3900229820,0.0326538086,9.7994995120,-0.0111389160,-0.0007595486,-0.1745659722,0.0000000000
557690.4000229820,0.0341796875,9.7975158695,-0.0241088867,-0.0013997396,-0.1744357639,-0.0000108507
557690.4100229820,0.0350952148,9.7964477542,-0.0276184082,0.0002604167,-0.1744249132,0.0000000000
557690.4200229821,0.0343322754,9.8001098636,-0.0099182129,-0.0015625000,-0.1745117187,0.0000000000
557690.4300229819,0.0329589844,9.7958374027,-0.0338745117,-0.0004882812,-0.1745117187,0.0000000000
557690.4400229820,0.0329589844,9.7988891605,-0.0154113770,-0.0002712674,-0.1744791667,0.0000108507
557690.4500229820,0.0340270996,9.7985839847,-0.0178527832,-0.0016710069,-0.1743381076,0.0000000000
557690.4600229820,0.0338745117,9.7964477542,-0.0315856934,0.0001844618,-0.1744357639,0.0000217014
557690.4700229820,0.0338745117,9.8001098636,-0.0083923340,-0.0011935764,-0.1744791667,0.0000000000
557690.4800229820,0.0332641602,9.7967529300,-0.0311279297,-0.0010416667,-0.1745225694,0.0000000000
557690.4900229820,0.0337219238,9.7984313968,-0.0225830078,0.0001519097,-0.1745659722,0.0000108507
557690.5000229820,0.0335693359,9.7996520999,-0.0119018555,-0.0017469618,-0.1744791667,0.0000000000
557690.5100229820,0.0337219238,9.7955322269,-0.0341796875,-0.0001193576,-0.1744249132,0.0000217014
557690.5200229820,0.0334167480,9.7994995120,-0.0119018555,-0.0005859375,-0.1745551215,0.0000217014
557690.5300229820,0.0335693359,9.7984313968,-0.0233459473,-0.0015842014,-0.1744466146,0.0000000000
557690.5400229821,0.0357055664,9.7962951663,-0.0297546387,0.0003255208,-0.1745117187,0.0000000000
557690.5500229819,0.0335693359,9.8001098636,-0.0080871582,-0.0014539931,-0.1745659722,-0.0000108507
557690.5600229820,0.0326538086,9.7955322269,-0.0326538086,-0.0007269965,-0.1744683160,-0.0000108507
557690.5700229820,0.0332641602,9.7976684574,-0.0187683105,-0.0000108507,-0.1743706597,0.0000000000
557690.5800229820,0.0349426270,9.7990417484,-0.0140380859,-0.0017578125,-0.1744357639,0.0000000000
557690.5900229820,0.0341796875,9.7967529300,-0.0350952148,0.0000108507,-0.1744140625,0.0000000000
557690.6000229820,0.0334167480,9.7998046878,-0.0103759766,-0.0008680556,-0.1744683160,0.0000000000
557690.6100229820,0.0329589844,9.7975158695,-0.0256347656,-0.0013780382,-0.1744574653,-0.0000217014
557690.6200229820,0.0326538086,9.7964477542,-0.0260925293,0.0003038194,-0.1745117187,0.0000108507
557690.6300229820,0.0340270996,9.7993469241,-0.0099182129,-0.0015950521,-0.1744574653,0.0000000000
557690.6400229820,0.0338745117,9.7962951663,-0.0341796875,-0.0004123264,-0.1744357639,0.0000000000
557690.6500229820,0.0325012207,9.7990417484,-0.0158691406,-0.0003038194,-0.1745876736,0.0000108507
557690.6600229820,0.0334167480,9.7987365726,-0.0184631348,-0.0017035590,-0.1745334201,0.0000000000
557690.6700229821,0.0337219238,9.7959899906,-0.0312805176,0.0001844618,-0.1745551215,0.0000217014
557690.6800229819,0.0346374512,9.7998046878,-0.0088500977,-0.0012044271,-0.1745334201,-0.0000108507
557690.6900229820,0.0334167480,9.7978210452,-0.0296020508,-0.0009874132,-0.1745225694,0.0000000000
557690.7000229820,0.0335693359,9.7979736331,-0.0219726563,0.0000868056,-0.1745117187,0.0000217014
557690.7100229820,0.0338745117,9.7999572757,-0.0128173828,-0.0017252604,-0.1744249132,0.0000000000
557690.7200229820,0.0334167480,9.7952270511,-0.0344848633,-0.0000434028,-0.1744900174,0.0000108507
557690.7300229820,0.0329589844,9.7998046878,-0.0122070313,-0.0007921007,-0.1743706597,0.0000000000
557690.7400229820,0.0338745117,9.7975158695,-0.0242614746,-0.0013997396,-0.1743706597,0.0000000000
557690.7500229820,0.0334167480,9.7961425784,-0.0268554688,0.0002604167,-0.1745008680,-0.0000217014
557690.7600229820,0.0337219238,9.7999572757,-0.0105285645,-0.0015625000,-0.1744900174,0.0000000000
557690.7700229820,0.0328063965,9.7956848148,-0.0332641602,-0.0004774306,-0.1745659722,0.0000108507
557690.7800229820,0.0329589844,9.7987365726,-0.0161743164,-0.0002821181,-0.1745442708,0.0000217014
557690.7900229821,0.0344848633,9.7991943363,-0.0180053711,-0.0017144097,-0.1745985243,0.0000000000
557690.8000229819,0.0341796875,9.7959899906,-0.0312805176,0.0002170139,-0.1745876736,0.0000000000
557690.8100229820,0.0329589844,9.7999572757,-0.0091552734,-0.0012152778,-0.1745551215,0.0000000000
557690.8200229820,0.0318908691,9.7967529300,-0.0291442871,-0.0010091146,-0.1746419271,0.0000000000
557690.8300229820,0.0337219238,9.7979736331,-0.0209045410,0.0000868056,-0.1744357639,0.0000217014
557690.8400229820,0.0344848633,9.7991943363,-0.0129699707,-0.0017035590,-0.1744466146,-0.0000108507
557690.8500229820,0.0341796875,9.7950744632,-0.0347900391,-0.0000651042,-0.1744574653,0.0000000000
557690.8600229820,0.0334167480,9.7996520999,-0.0128173828,-0.0007703993,-0.1743272569,-0.0000108507
557690.8700229820,0.0325012207,9.7981262210,-0.0239562988,-0.0014431424,-0.1744249132,0.0000000000
557690.8800229820,0.0326538086,9.7962951663,-0.0270080566,0.0002604167,-0.1744466146,0.0000108507
557690.8900229820,0.0354003906,9.7994995120,-0.0102233887,-0.0015299479,-0.1744574653,0.0000000000
557690.9000229820,0.0335693359,9.7955322269,-0.0347900391,-0.0005533854,-0.1745985243,0.0000000000
557690.9100229820,0.0321960449,9.7993469241,-0.0172424316,-0.0001953125,-0.1745876736,0.0000000000
557690.9200229821,0.0344848633,9.7987365726,-0.0160217285,-0.0017144097,-0.1744791667,0.0000000000
557690.9300229819,0.0334167480,9.7958374027,-0.0329589844,0.0001519097,-0.1746419271,-0.0000217014
557690.9400229820,0.0341796875,9.8001098636,-0.0096130371,-0.0011393229,-0.1745442708,-0.0000108507
557690.9500229820,0.0328063965,9.7970581058,-0.0285339355,-0.0011176215,-0.1745225694,0.0000000000
557690.9600229820,0.0321960449,9.7975158695,-0.0236511230,0.0001844618,-0.1744900174,0.0000000000
557690.9700229820,0.0341796875,9.7998046878,-0.0117492676,-0.0017361111,-0.1744140625,0.0000108507
557690.9800229820,0.0344848633,9.7952270511,-0.0360107422,-0.0001844618,-0.1744032118,-0.0000108507
557690.9900229820,0.0329589844,9.7998046878,-0.0117492676,-0.0005425347,-0.1744791667,-0.0000108507
557691.0000229820,0.0325012207,9.7972106937,-0.0201416016,-0.0015842014,-0.1744791667,0.0000108507
557691.0100229820,0.0329589844,9.7967529300,-0.0309753418,0.0002495660,-0.1747829861,0.0000108507
557691.0200229820,0.0349426270,9.8001098636,-0.0097656250,-0.0013997396,-0.1744357639,-0.0000108507
557691.0300229820,0.0341796875,9.7961425784,-0.0314331055,-0.0007921007,-0.1745442708,0.0000000000
557691.0400229821,0.0325012207,9.7976684574,-0.0187683105,0.0000000000,-0.1745117187,0.0000108507
557691.0500229819,0.0325012207,9.7987365726,-0.0152587891,-0.0017578125,-0.1745334201,0.0000000000
557691.0600229820,0.0341796875,9.7959899906,-0.0347900391,0.0000108507,-0.1746310764,-0.0000108507
557691.0700229820,0.0346374512,9.7996520999,-0.0088500977,-0.0009006076,-0.1745334201,0.0000000000
557691.0800229820,0.0340270996,9.7967529300,-0.0259399414,-0.0013346354,-0.1744791667,-0.0000108507
557691.0900229820,0.0317382813,9.7969055179,-0.0277709961,0.0003038194,-0.1746527778,0.0000108507
557691.1000229820,0.0331115723,9.7998046878,-0.0105285645,-0.0016493056,-0.1744466146,0.0000000000
557691.1100229820,0.0344848633,9.7956848148,-0.0328063965,-0.0004665799,-0.1745008680,0.0000108507
557691.1200229820,0.0341796875,9.7991943363,-0.0144958496,-0.0002604167,-0.1744683160,0.0000000000
557691.1300229820,0.0334167480,9.7984313968,-0.0199890137,-0.0017252604,-0.1743923611,-0.0000108507
557691.1400229820,0.0317382813,9.7962951663,-0.0343322754,0.0001736111,-0.1748046875,0.0000000000
557691.1500229820,0.0334167480,9.8001098636,-0.0091552734,-0.0011827257,-0.1745768229,0.0000000000
557691.1600229820,0.0347900391,9.7972106937,-0.0280761719,-0.0010091146,-0.1743706597,-0.0000108507
557691.1700229821,0.0344848633,9.7969055179,-0.0221252441,0.0000976562,-0.1745008680,0.0000108507
557691.1800229819,0.0325012207,9.7993469241,-0.0131225586,-0.0017035590,-0.1744574653,0.0000000000
557691.1900229820,0.0320434570,9.7962951663,-0.0346374512,-0.0001736111,-0.1744574653,0.0000108507
557691.2000229820,0.0344848633,9.7996520999,-0.0114440918,-0.0006401910,-0.1744466146,-0.0000108507
557691.2100229820,0.0334167480,9.7978210452,-0.0231933594,-0.0015407986,-0.1744683160,-0.0000108507
557691.2200229820,0.0329589844,9.7967529300,-0.0289916992,0.0003038194,-0.1744357639,0.0000000000
557691.2300229820,0.0320434570,9.8002624515,-0.0100708008,-0.0014648437,-0.1745117187,0.0000000000
557691.2400229820,0.0335693359,9.7972106937,-0.0331115723,-0.0006727431,-0.1744249132,0.0000000000
557691.2500229820,0.0343322754,9.7979736331,-0.0178527832,-0.0001519097,-0.1744032118,0.0000108507
557691.2600229820,0.0332641602,9.7984313968,-0.0164794922,-0.0017469618,-0.1744574653,0.0000000000
557691.2700229820,0.0338745117,9.7959899906,-0.0341796875,0.0000976562,-0.1744140625,-0.0000108507
557691.2800229830,0.0332641602,9.7999572757,-0.0105285645,-0.0010091146,-0.1744683160,0.0000000000
557691.2900229830,0.0331115723,9.7976684574,-0.0268554688,-0.0012044271,-0.1744683160,0.0000000000
557691.3000229830,0.0341796875,9.7969055179,-0.0238037109,0.0002170139,-0.1744574653,0.0000000000
557691.3100229830,0.0337219238,9.8001098636,-0.0115966797,-0.0016384549,-0.1745117187,-0.0000108507
557691.3200229830,0.0325012207,9.7958374027,-0.0355529785,-0.0003038194,-0.1746093750,0.0000000000
557691.3300229830,0.0340270996,9.7988891605,-0.0141906738,-0.0004991319,-0.1745876736,0.0000000000
557691.3400229830,0.0337219238,9.7984313968,-0.0198364258,-0.0015950521,-0.1745334201,0.0000000000
557691.3500229830,0.0325012207,9.7961425784,-0.0303649902,0.0002495660,-0.1746093750,0.0000000000
557691.3600229830,0.0334167480,9.8007202152,-0.0102233887,-0.0013237847,-0.1745117187,0.0000000000
557691.3700229831,0.0329589844,9.7956848148,-0.0312805176,-0.0008680556,-0.1745008680,0.0000000000
557691.3800229830,0.0331115723,9.7978210452,-0.0198364258,0.0000108507,-0.1744574653,0.0000217014
557691.3900229830,0.0344848633,9.7994995120,-0.0131225586,-0.0017578125,-0.1743272569,0.0000000000
557691.4000229830,0.0331115723,9.7955322269,-0.0349426270,-0.0000108507,-0.1744032118,0.0000000000
557691.4100229830,0.0325012207,9.8005676273,-0.0112915039,-0.0008463542,-0.1744466146,0.0000000000
557691.4200229830,0.0332641602,9.7962951663,-0.0239562988,-0.0013997396,-0.1743923611,0.0000000000
557691.4300229830,0.0329589844,9.7964477542,-0.0271606445,0.0003146701,-0.1744357639,0.0000108507
557691.4400229830,0.0341796875,9.8005676273,-0.0105285645,-0.0015733507,-0.1744357639,0.0000000000
557691.4500229830,0.0341796875,9.7955322269,-0.0363159180,-0.0005750868,-0.1745225694,0.0000000000
557691.4600229830,0.0328063965,9.7988891605,-0.0166320801,-0.0001844618,-0.1745334201,0.0000000000
557691.4700229830,0.0332641602,9.7982788089,-0.0149536133,-0.0017686632,-0.1744900174,0.0000000000
557691.4800229830,0.0334167480,9.7958374027,-0.0346374512,0.0001519097,-0.1746093750,0.0000217014
557691.4900229831,0.0337219238,9.8005676273,-0.0099182129,-0.0010525174,-0.1745551215,0.0000000000
557691.5000229829,0.0335693359,9.7972106937,-0.0283813477,-0.0012044271,-0.1745225694,0.0000000000
557691.5100229830,0.0323486328,9.7972106937,-0.0244140625,0.0002387153,-0.1746093750,0.0000108507
557691.5200229830,0.0334167480,9.8002624515,-0.0112915039,-0.0016818576,-0.1744683160,-0.0000108507
557691.5300229830,0.0334167480,9.7953796390,-0.0364685059,-0.0004340278,-0.1744791667,0.0000000000
557691.5400229830,0.0335693359,9.7985839847,-0.0138854980,-0.0003689236,-0.1744683160,0.0000000000
557691.5500229830,0.0328063965,9.7990417484,-0.0173950195,-0.0016710069,-0.1744357639,-0.0000217014
557691.5600229830,0.0320434570,9.7966003421,-0.0323486328,0.0002495660,-0.1744683160,0.0000217014
557691.5700229830,0.0340270996,9.8001098636,-0.0114440918,-0.0012695312,-0.1744683160,0.0000000000
557691.5800229830,0.0344848633,9.7956848148,-0.0289916992,-0.0009548611,-0.1744249132,0.0000000000
557691.5900229830,0.0323486328,9.7984313968,-0.0202941895,0.0000434028,-0.1745225694,0.0000217014
557691.6000229830,0.0341796875,9.7996520999,-0.0146484375,-0.0017252604,-0.1745225694,0.0000000000
557691.6100229830,0.0328063965,9.7944641116,-0.0355529785,-0.0001085069,-0.1745334201,0.0000000000
557691.6200229831,0.0346374512,9.7994995120,-0.0111389160,-0.0007269965,-0.1743815104,0.0000217014
557691.6300229830,0.0346374512,9.7976684574,-0.0225830078,-0.0014756944,-0.1744249132,0.0000000000
557691.6400229830,0.0311279297,9.7964477542,-0.0297546387,0.0003038194,-0.1745985243,0.0000108507
557691.6500229830,0.0332641602,9.8002624515,-0.0108337402,-0.0015082465,-0.1745334201,0.0000000000
557691.6600229830,0.0344848633,9.7961425784,-0.0312805176,-0.0007595486,-0.1745334201,-0.0000108507
557691.6700229830,0.0328063965,9.7982788089,-0.0172424316,-0.0000651042,-0.1745008680,0.0000217014
557691.6800229830,0.0326538086,9.7991943363,-0.0167846680,-0.0017578125,-0.1745225694,-0.0000108507
557691.6900229830,0.0321960449,9.7956848148,-0.0347900391,0.0000434028,-0.1745008680,0.0000000000
557691.7000229830,0.0335693359,9.7994995120,-0.0108337402,-0.0009006076,-0.1744574653,0.0000000000
557691.7100229830,0.0343322754,9.7970581058,-0.0251770020,-0.0013020833,-0.1744357639,0.0000000000
557691.7200229830,0.0335693359,9.7969055179,-0.0256347656,0.0002387153,-0.1743706597,0.0000108507
557691.7300229830,0.0325012207,9.8008728031,-0.0122070313,-0.0017035590,-0.1744574653,-0.0000108507
557691.7400229831,0.0328063965,9.7953796390,-0.0344848633,-0.0003906250,-0.1745117187,0.0000108507
557691.7500229829,0.0331115723,9.7985839847,-0.0128173828,-0.0003472222,-0.1745008680,0.0000000000
557691.7600229830,0.0338745117,9.7985839847,-0.0202941895,-0.0017035590,-0.1744574653,0.0000108507
557691.7700229830,0.0329589844,9.7961425784,-0.0328063965,0.0003038194,-0.1745985243,0.0000000000
557691.7800229830,0.0332641602,9.8004150394,-0.0090026855,-0.0012478299,-0.1745442708,0.0000000000
557691.7900229830,0.0338745117,9.7961425784,-0.0296020508,-0.0010199653,-0.1745117187,-0.0000217014
557691.8000229830,0.0326538086,9.7966003421,-0.0219726563,0.0000759549,-0.1745876736,0.0000108507
557691.8100229830,0.0334167480,9.8001098636,-0.0131225586,-0.0017903646,-0.1743489583,0.0000000000
557691.8200229830,0.0328063965,9.7950744632,-0.0357055664,-0.0000868056,-0.1745334201,0.0000108507
557691.8300229830,0.0338745117,9.7996520999,-0.0126647949,-0.0006618924,-0.1745117187,0.0000217014
557691.8400229830,0.0337219238,9.7976684574,-0.0236511230,-0.0015082465,-0.1743923611,-0.0000108507
557691.8500229830,0.0332641602,9.7958374027,-0.0285339355,0.0003255208,-0.1744357639,0.0000217014
557691.8600229830,0.0326538086,9.7996520999,-0.0096130371,-0.0015625000,-0.1744683160,-0.0000108507
557691.8700229831,0.0334167480,9.7959899906,-0.0346374512,-0.0006727431,-0.1744249132,0.0000000000
557691.8800229830,0.0332641602,9.7988891605,-0.0184631348,-0.0001193576,-0.1744900174,0.0000000000
557691.8900229830,0.0332641602,9.7988891605,-0.0158691406,-0.0018012153,-0.1744357639,0.0000108507
557691.9000229830,0.0329589844,9.7953796390,-0.0346374512,0.0001193576,-0.1745225694,0.0000108507
557691.9100229830,0.0329589844,9.7994995120,-0.0088500977,-0.0009331597,-0.1745225694,0.0000000000
557691.9200229830,0.0340270996,9.7966003421,-0.0259399414,-0.0013237847,-0.1745768229,-0.0000217014
557691.9300229830,0.0326538086,9.7972106937,-0.0260925293,0.0002387153,-0.1745334201,0.0000000000
557691.9400229830,0.0332641602,9.7994995120,-0.0100708008,-0.0016493056,-0.1744357639,0.0000000000
557691.9500229830,0.0331115723,9.7956848148,-0.0361633301,-0.0004448785,-0.1744683160,0.0000000000
557691.9600229830,0.0340270996,9.7993469241,-0.0160217285,-0.0002712674,-0.1744574653,0.0000108507
557691.9700229830,0.0328063965,9.7982788089,-0.0170898438,-0.0017252604,-0.1743598090,-0.0000108507
557691.9800229830,0.0311279297,9.7955322269,-0.0329589844,0.0002061632,-0.1745008680,0.0000217014
557691.9900229831,0.0323486328,9.7996520999,-0.0096130371,-0.0011501736,-0.1745334201,0.0000000000
557692.0000229829,0.0350952148,9.7961425784,-0.0299072266,-0.0011067708,-0.1744357639,0.0000000000
557692.0100229830,0.0335693359,9.7972106937,-0.0234985352,0.0000759549,-0.1747938368,0.0000000000
557692.0200229830,0.0321960449,9.8002624515,-0.0120544434,-0.0017144097,-0.1745334201,0.0000000000
557692.0300229830,0.0321960449,9.7956848148,-0.0341796875,-0.0001193576,-0.1744466146,0.0000108507
557692.0400229830,0.0340270996,9.7993469241,-0.0134277344,-0.0006835937,-0.1745334201,0.0000325521
557692.0500229830,0.0354003906,9.7982788089,-0.0244140625,-0.0015299479,-0.1745225694,-0.0000108507
557692.0600229830,0.0321960449,9.7969055179,-0.0283813477,0.0002712674,-0.1745225694,0.0000000000
557692.0700229830,0.0314331055,9.8005676273,-0.0094604492,-0.0015407986,-0.1744466146,0.0000000000
557692.0800229830,0.0328063965,9.7955322269,-0.0338745117,-0.0006401910,-0.1744791667,0.0000000000
557692.0900229830,0.0346374512,9.7993469241,-0.0173950195,-0.0001519097,-0.1744140625,0.0000108507
557692.1000229830,0.0338745117,9.7984313968,-0.0167846680,-0.0017578125,-0.1744140625,0.0000000000
557692.1100229830,0.0314331055,9.7955322269,-0.0334167480,0.0001410590,-0.1744140625,0.0000000000
557692.1200229831,0.0315856934,9.7996520999,-0.0105285645,-0.0009765625,-0.1744357639,0.0000000000
557692.1300229830,0.0338745117,9.7975158695,-0.0282287598,-0.0013129340,-0.1744791667,0.0000000000
557692.1400229830,0.0343322754,9.7969055179,-0.0250244141,0.0002387153,-0.1745117187,0.0000000000
557692.1500229830,0.0334167480,9.7996520999,-0.0094604492,-0.0016818576,-0.1745442708,-0.0000108507
557692.1600229830,0.0317382813,9.7952270511,-0.0360107422,-0.0003797743,-0.1745551215,0.0000000000
557692.1700229830,0.0318908691,9.7991943363,-0.0158691406,-0.0003797743,-0.1745442708,0.0000217014
557692.1800229830,0.0346374512,9.7984313968,-0.0183105469,-0.0016384549,-0.1745442708,-0.0000108507
557692.1900229830,0.0340270996,9.7958374027,-0.0302124023,0.0001627604,-0.1745551215,0.0000000000
557692.2000229830,0.0325012207,9.7990417484,-0.0120544434,-0.0012803819,-0.1745225694,-0.0000217014
557692.2100229830,0.0321960449,9.7967529300,-0.0312805176,-0.0009440104,-0.1745442708,0.0000000000
557692.2200229830,0.0329589844,9.7985839847,-0.0196838379,0.0000000000,-0.1744683160,0.0000217014
557692.2300229830,0.0349426270,9.7993469241,-0.0137329102,-0.0017578125,-0.1744466146,-0.0000108507
557692.2400229831,0.0328063965,9.7958374027,-0.0349426270,0.0000000000,-0.1744249132,0.0000000000
557692.2500229829,0.0308227539,9.8004150394,-0.0134277344,-0.0008355035,-0.1744357639,0.0000000000
557692.2600229830,0.0329589844,9.7975158695,-0.0247192383,-0.0014539931,-0.1744140625,0.0000000000
557692.2700229830,0.0335693359,9.7967529300,-0.0253295898,0.0002495660,-0.1744466146,0.0000000000
557692.2800229830,0.0335693359,9.8004150394,-0.0102233887,-0.0015625000,-0.1744791667,-0.0000108507
557692.2900229830,0.0320434570,9.7952270511,-0.0357055664,-0.0005967882,-0.1745985243,0.0000000000
557692.3000229830,0.0317382813,9.7988891605,-0.0169372559,-0.0001844618,-0.1745334201,0.0000108507
557692.3100229830,0.0329589844,9.7990417484,-0.0166320801,-0.0017361111,-0.1745117187,0.0000000000
557692.3200229830,0.0337219238,9.7955322269,-0.0334167480,0.0001302083,-0.1745334201,0.0000108507
557692.3300229830,0.0326538086,9.7993469241,-0.0106811523,-0.0010416667,-0.1745008680,-0.0000108507
557692.3400229830,0.0320434570,9.7966003421,-0.0280761719,-0.0012478299,-0.1745768229,0.0000000000
557692.3500229840,0.0326538086,9.7969055179,-0.0231933594,0.0001627604,-0.1745117187,0.0000217014
557692.3600229840,0.0340270996,9.8002624515,-0.0111389160,-0.0016710069,-0.1744683160,0.0000000000
557692.3700229840,0.0331115723,9.7949218753,-0.0363159180,-0.0002604167,-0.1745117187,0.0000217014
557692.3800229840,0.0321960449,9.7994995120,-0.0149536133,-0.0005099826,-0.1744574653,0.0000000000
557692.3900229840,0.0331115723,9.7982788089,-0.0201416016,-0.0016601562,-0.1744466146,0.0000000000
557692.4000229840,0.0328063965,9.7962951663,-0.0300598145,0.0002929687,-0.1745225694,0.0000108507
557692.4100229840,0.0334167480,9.8001098636,-0.0090026855,-0.0013780382,-0.1744357639,0.0000000000
557692.4200229840,0.0340270996,9.7956848148,-0.0344848633,-0.0009006076,-0.1743706597,0.0000000000
557692.4300229840,0.0320434570,9.7979736331,-0.0213623047,0.0000868056,-0.1745551215,0.0000108507
557692.4400229841,0.0326538086,9.7998046878,-0.0122070313,-0.0018337674,-0.1744466146,0.0000000000
557692.4500229839,0.0331115723,9.7949218753,-0.0363159180,-0.0000434028,-0.1745659722,0.0000108507
557692.4600229840,0.0326538086,9.7996520999,-0.0122070313,-0.0007486979,-0.1745985243,0.0000000000
557692.4700229840,0.0337219238,9.7973632816,-0.0230407715,-0.0015407986,-0.1744791667,0.0000000000
557692.4800229840,0.0329589844,9.7972106937,-0.0294494629,0.0002495660,-0.1745985243,0.0000000000
557692.4900229840,0.0320434570,9.8001098636,-0.0102233887,-0.0015082465,-0.1744900174,0.0000000000
557692.5000229840,0.0331115723,9.7950744632,-0.0328063965,-0.0006293403,-0.1744249132,0.0000000000
557692.5100229840,0.0331115723,9.7987365726,-0.0170898438,-0.0001736111,-0.1745876736,0.0000217014
557692.5200229840,0.0338745117,9.7985839847,-0.0169372559,-0.0017469618,-0.1744900174,0.0000000000
557692.5300229840,0.0328063965,9.7953796390,-0.0335693359,0.0001302083,-0.1745225694,-0.0000217014
557692.5400229840,0.0320434570,9.7999572757,-0.0103759766,-0.0010742187,-0.1745117187,0.0000000000
557692.5500229840,0.0325012207,9.7964477542,-0.0283813477,-0.0012152778,-0.1744249132,0.0000108507
557692.5600229840,0.0334167480,9.7970581058,-0.0259399414,0.0002061632,-0.1745008680,0.0000000000
557692.5700229839,0.0338745117,9.7999572757,-0.0120544434,-0.0017361111,-0.1744574653,0.0000000000
557692.5800229840,0.0326538086,9.7953796390,-0.0350952148,-0.0002821181,-0.1745008680,0.0000108507
557692.5900229840,0.0318908691,9.7988891605,-0.0125122070,-0.0005208333,-0.1744791667,0.0000108507
557692.6000229840,0.0328063965,9.7981262210,-0.0231933594,-0.0016384549,-0.1745334201,0.0000000000
557692.6100229840,0.0338745117,9.7962951663,-0.0305175781,0.0002604167,-0.1745334201,0.0000000000
557692.6200229840,0.0325012207,9.7990417484,-0.0096130371,-0.0013888889,-0.1745225694,0.0000000000
557692.6300229840,0.0326538086,9.7969055179,-0.0326538086,-0.0008355035,-0.1745008680,0.0000000000
557692.6400229840,0.0323486328,9.7973632816,-0.0199890137,0.0000542535,-0.1745442708,0.0000217014
557692.6500229840,0.0341796875,9.7990417484,-0.0132751465,-0.0018337674,-0.1744466146,-0.0000108507
557692.6600229840,0.0326538086,9.7959899906,-0.0358581543,-0.0000108507,-0.1744574653,-0.0000217014
557692.6700229840,0.0318908691,9.7994995120,-0.0120544434,-0.0007812500,-0.1745117187,-0.0000108507
557692.6800229840,0.0325012207,9.7975158695,-0.0247192383,-0.0014648437,-0.1744466146,0.0000000000
557692.6900229841,0.0334167480,9.7975158695,-0.0268554688,0.0002495660,-0.1744140625,0.0000217014
557692.7000229839,0.0334167480,9.7996520999,-0.0114440918,-0.0015299479,-0.1744683160,0.0000000000
557692.7100229840,0.0323486328,9.7964477542,-0.0344848633,-0.0005425347,-0.1744791667,0.0000000000
557692.7200229840,0.0323486328,9.7982788089,-0.0155639648,-0.0002929687,-0.1744466146,0.0000000000
557692.7300229840,0.0323486328,9.7984313968,-0.0193786621,-0.0016710069,-0.1744791667,0.0000000000
557692.7400229840,0.0332641602,9.7959899906,-0.0346374512,0.0001193576,-0.1745225694,0.0000108507
557692.7500229840,0.0334167480,9.7991943363,-0.0099182129,-0.0012044271,-0.1745117187,0.0000000000
557692.7600229840,0.0323486328,9.7964477542,-0.0291442871,-0.0010199653,-0.1745768229,0.0000108507
557692.7700229840,0.0317382813,9.7975158695,-0.0231933594,0.0000759549,-0.1745551215,0.0000108507
557692.7800229840,0.0340270996,9.7993469241,-0.0141906738,-0.0017469618,-0.1744466146,0.0000000000
557692.7900229840,0.0320434570,9.7953796390,-0.0343322754,-0.0001627604,-0.1745225694,0.0000000000
557692.8000229840,0.0326538086,9.7998046878,-0.0128173828,-0.0006835937,-0.1744791667,-0.0000108507
557692.8100229840,0.0334167480,9.7978210452,-0.0238037109,-0.0015407986,-0.1744466146,-0.0000108507
557692.8200229839,0.0318908691,9.7955322269,-0.0288391113,0.0003146701,-0.1745768229,0.0000108507
557692.8300229840,0.0320434570,9.7998046878,-0.0093078613,-0.0015407986,-0.1744791667,-0.0000108507
557692.8400229840,0.0334167480,9.7953796390,-0.0337219238,-0.0006293403,-0.1744791667,0.0000000000
557692.8500229840,0.0325012207,9.7979736331,-0.0180053711,-0.0001519097,-0.1745442708,0.0000000000
557692.8600229840,0.0344848633,9.7993469241,-0.0184631348,-0.0017578125,-0.1745334201,-0.0000108507
557692.8700229840,0.0323486328,9.7956848148,-0.0335693359,0.0000759549,-0.1744683160,0.0000000000
557692.8800229840,0.0315856934,9.8005676273,-0.0099182129,-0.0010525174,-0.1745551215,0.0000000000
557692.8900229840,0.0325012207,9.7969055179,-0.0273132324,-0.0011827257,-0.1745551215,0.0000108507
557692.9000229840,0.0328063965,9.7972106937,-0.0244140625,0.0001519097,-0.1745659722,0.0000108507
557692.9100229840,0.0335693359,9.7999572757,-0.0137329102,-0.0017035590,-0.1744900174,0.0000000000
557692.9200229840,0.0325012207,9.7953796390,-0.0347900391,-0.0002495660,-0.1744574653,0.0000108507
557692.9300229840,0.0323486328,9.7988891605,-0.0132751465,-0.0006184896,-0.1744574653,0.0000000000
557692.9400229841,0.0328063965,9.7981262210,-0.0224304199,-0.0015733507,-0.1744791667,0.0000000000
557692.9500229839,0.0332641602,9.7961425784,-0.0296020508,0.0002604167,-0.1744466146,0.0000000000
557692.9600229840,0.0326538086,9.8004150394,-0.0103759766,-0.0014973958,-0.1743815104,0.0000000000
557692.9700229840,0.0335693359,9.7959899906,-0.0334167480,-0.0007052951,-0.1744357639,0.0000000000
557692.9800229840,0.0329589844,9.7991943363,-0.0192260742,-0.0000868056,-0.1744574653,0.0000000000
557692.9900229840,0.0331115723,9.7998046878,-0.0167846680,-0.0018337674,-0.1744032118,0.0000000000
557693.0000229840,0.0311279297,9.7933959964,-0.0338745117,0.0000868056,-0.1745225694,0.0000000000
557693.0100229840,0.0311279297,9.7976684574,-0.0094604492,-0.0009874132,-0.1747287326,0.0000108507
557693.0200229840,0.0344848633,9.7981262210,-0.0280761719,-0.0012912326,-0.1745551215,0.0000108507
557693.0300229840,0.0343322754,9.7991943363,-0.0260925293,0.0001519097,-0.1745659722,-0.0000108507
557693.0400229840,0.0321960449,9.7999572757,-0.0093078613,-0.0015950521,-0.1744574653,0.0000000000
557693.0500229840,0.0296020508,9.7941589359,-0.0355529785,-0.0003689236,-0.1744574653,0.0000108507
557693.0600229840,0.0320434570,9.7978210452,-0.0154113770,-0.0004231771,-0.1744574653,0.0000325521
557693.0700229839,0.0357055664,9.7982788089,-0.0190734863,-0.0017035590,-0.1743815104,0.0000000000
557693.0800229840,0.0340270996,9.7946166995,-0.0329589844,0.0002387153,-0.1745768229,0.0000000000
557693.0900229840,0.0311279297,9.8002624515,-0.0108337402,-0.0012044271,-0.1744357639,-0.0000108507
557693.1000229840,0.0291442871,9.7978210452,-0.0294494629,-0.0011067708,-0.1743381076,0.0000000000
557693.1100229840,0.0325012207,9.7970581058,-0.0201416016,0.0000868056,-0.1743489583,0.0000325521
557693.1200229840,0.0357055664,9.7988891605,-0.0112915039,-0.0017035590,-0.1744900174,0.0000000000
557693.1300229840,0.0335693359,9.7953796390,-0.0396728516,-0.0001736111,-0.1745659722,-0.0000217014
557693.1400229840,0.0294494629,9.7998046878,-0.0144958496,-0.0007052951,-0.1744574653,0.0000217014
557693.1500229840,0.0315856934,9.7976684574,-0.0204467773,-0.0015733507,-0.1745334201,0.0000108507
557693.1600229840,0.0331115723,9.7967529300,-0.0296020508,0.0003363715,-0.1745876736,0.0000217014
557693.1700229840,0.0344848633,9.8002624515,-0.0120544434,-0.0014539931,-0.1744900174,0.0000000000
557693.1800229840,0.0332641602,9.7952270511,-0.0334167480,-0.0008138021,-0.1745985243,-0.0000108507
557693.1900229841,0.0317382813,9.7982788089,-0.0173950195,-0.0000651042,-0.1746744792,0.0000000000
557693.2000229839,0.0328063965,9.7988891605,-0.0138854980,-0.0018012153,-0.1744574653,0.0000000000
557693.2100229840,0.0325012207,9.7966003421,-0.0360107422,0.0000325521,-0.1743815104,0.0000000000
557693.2200229840,0.0325012207,9.7994995120,-0.0111389160,-0.0008897569,-0.1743598090,0.0000217014
557693.2300229840,0.0332641602,9.7973632816,-0.0248718262,-0.0013563368,-0.1743598090,-0.0000108507
557693.2400229840,0.0321960449,9.7969055179,-0.0250244141,0.0002278646,-0.1744574653,0.0000108507
557693.2500229840,0.0332641602,9.8002624515,-0.0126647949,-0.0016493056,-0.1744357639,0.0000000000
557693.2600229840,0.0318908691,9.7958374027,-0.0355529785,-0.0004448785,-0.1744249132,0.0000000000
557693.2700229840,0.0315856934,9.7991943363,-0.0137329102,-0.0003906250,-0.1745659722,0.0000217014
557693.2800229840,0.0326538086,9.7979736331,-0.0195312500,-0.0016493056,-0.1745442708,0.0000000000
557693.2900229840,0.0332641602,9.7958374027,-0.0340270996,0.0002170139,-0.1745117187,0.0000108507
557693.3000229840,0.0321960449,9.7999572757,-0.0119018555,-0.0013129340,-0.1745659722,0.0000000000
557693.3100229840,0.0317382813,9.7972106937,-0.0299072266,-0.0009440104,-0.1745117187,0.0000000000
557693.3200229839,0.0317382813,9.7969055179,-0.0195312500,0.0000542535,-0.1745876736,0.0000108507
557693.3300229840,0.0326538086,9.7999572757,-0.0155639648,-0.0018337674,-0.1744900174,0.0000000000
557693.3400229840,0.0334167480,9.7950744632,-0.0367736816,-0.0000434028,-0.1744140625,0.0000217014
557693.3500229840,0.0335693359,9.8002624515,-0.0117492676,-0.0007595486,-0.1745008680,0.0000000000
557693.3600229840,0.0325012207,9.7982788089,-0.0242614746,-0.0014756944,-0.1744791667,0.0000108507
557693.3700229840,0.0312805176,9.7966003421,-0.0280761719,0.0002929687,-0.1744357639,0.0000325521
557693.3800229840,0.0317382813,9.7994995120,-0.0109863281,-0.0015407986,-0.1744466146,0.0000000000
557693.3900229840,0.0329589844,9.7959899906,-0.0332641602,-0.0006835937,-0.1744140625,0.0000000000
557693.4000229840,0.0343322754,9.7987365726,-0.0184631348,-0.0001519097,-0.1744574653,0.0000000000
557693.4100229840,0.0318908691,9.7998046878,-0.0178527832,-0.0018229167,-0.1744791667,0.0000000000
557693.4200229850,0.0300598145,9.7955322269,-0.0335693359,0.0000868056,-0.1745985243,0.0000108507
557693.4300229850,0.0329589844,9.7993469241,-0.0085449219,-0.0009765625,-0.1745008680,0.0000000000
557693.4400229850,0.0334167480,9.7969055179,-0.0273132324,-0.0012369792,-0.1746093750,0.0000000000
557693.4500229850,0.0331115723,9.7966003421,-0.0263977051,0.0001627604,-0.1745876736,0.0000108507
557693.4600229850,0.0325012207,9.8001098636,-0.0134277344,-0.0017035590,-0.1745442708,0.0000000000
557693.4700229850,0.0318908691,9.7956848148,-0.0340270996,-0.0003580729,-0.1745551215,0.0000108507
557693.4800229850,0.0314331055,9.8001098636,-0.0146484375,-0.0005099826,-0.1745334201,0.0000217014
557693.4900229850,0.0331115723,9.7981262210,-0.0213623047,-0.0015842014,-0.1744357639,0.0000000000
557693.5000229850,0.0334167480,9.7961425784,-0.0306701660,0.0002061632,-0.1745442708,0.0000108507
557693.5100229851,0.0328063965,9.7999572757,-0.0102233887,-0.0014214410,-0.1745225694,-0.0000108507
557693.5200229849,0.0314331055,9.7958374027,-0.0329589844,-0.0007269965,-0.1743923611,0.0000000000
557693.5300229850,0.0306701660,9.7978210452,-0.0196838379,-0.0001519097,-0.1745008680,0.0000217014
557693.5400229850,0.0325012207,9.7994995120,-0.0167846680,-0.0018012153,-0.1744357639,0.0000217014
557693.5500229850,0.0341796875,9.7956848148,-0.0340270996,0.0000759549,-0.1745442708,0.0000000000
557693.5600229850,0.0329589844,9.7996520999,-0.0103759766,-0.0009657118,-0.1745985243,0.0000000000
557693.5700229850,0.0311279297,9.7962951663,-0.0294494629,-0.0012695312,-0.1743815104,-0.0000108507
557693.5800229850,0.0326538086,9.7969055179,-0.0257873535,0.0001736111,-0.1745551215,0.0000108507
557693.5900229850,0.0332641602,9.7999572757,-0.0111389160,-0.0017252604,-0.1745117187,0.0000000000
557693.6000229850,0.0320434570,9.7958374027,-0.0340270996,-0.0002821181,-0.1744574653,0.0000108507
557693.6100229850,0.0326538086,9.7987365726,-0.0144958496,-0.0005533854,-0.1745442708,0.0000217014
557693.6200229850,0.0326538086,9.7976684574,-0.0238037109,-0.0015950521,-0.1745225694,0.0000000000
557693.6300229850,0.0325012207,9.7962951663,-0.0299072266,0.0002278646,-0.1744574653,0.0000000000
557693.6400229851,0.0321960449,9.8002624515,-0.0096130371,-0.0014105903,-0.1745117187,0.0000000000
557693.6500229849,0.0314331055,9.7953796390,-0.0323486328,-0.0007486979,-0.1744357639,0.0000000000
557693.6600229850,0.0321960449,9.7976684574,-0.0192260742,-0.0001085069,-0.1745008680,0.0000217014
557693.6700229850,0.0331115723,9.7991943363,-0.0173950195,-0.0018012153,-0.1744574653,-0.0000108507
557693.6800229850,0.0323486328,9.7959899906,-0.0337219238,0.0000325521,-0.1745008680,0.0000108507
557693.6900229850,0.0321960449,9.8005676273,-0.0094604492,-0.0009874132,-0.1745225694,0.0000000000
557693.7000229850,0.0315856934,9.7964477542,-0.0288391113,-0.0012152778,-0.1745442708,0.0000000000
557693.7100229850,0.0309753418,9.7975158695,-0.0256347656,0.0001302083,-0.1745225694,0.0000108507
557693.7200229850,0.0337219238,9.7998046878,-0.0126647949,-0.0017035590,-0.1744900174,0.0000000000
557693.7300229850,0.0329589844,9.7955322269,-0.0350952148,-0.0002929687,-0.1745659722,0.0000108507
557693.7400229850,0.0315856934,9.7998046878,-0.0131225586,-0.0005967882,-0.1744791667,0.0000000000
557693.7500229850,0.0311279297,9.7975158695,-0.0227355957,-0.0016167535,-0.1745768229,0.0000000000
557693.7600229851,0.0317382813,9.7956848148,-0.0300598145,0.0002495660,-0.1745442708,0.0000325521
557693.7700229849,0.0340270996,9.7998046878,-0.0090026855,-0.0013997396,-0.1744466146,0.0000000000
557693.7800229850,0.0340270996,9.7964477542,-0.0344848633,-0.0007703993,-0.1744791667,-0.0000108507
557693.7900229850,0.0312805176,9.7984313968,-0.0195312500,-0.0001193576,-0.1745117187,0.0000108507
557693.8000229850,0.0311279297,9.7988891605,-0.0149536133,-0.0018012153,-0.1743598090,0.0000108507
557693.8100229850,0.0321960449,9.7958374027,-0.0331115723,0.0000325521,-0.1745008680,0.0000217014
557693.8200229850,0.0334167480,9.7993469241,-0.0122070313,-0.0009440104,-0.1744140625,0.0000000000
557693.8300229850,0.0325012207,9.7966003421,-0.0292968750,-0.0012803819,-0.1744140625,0.0000000000
557693.8400229850,0.0311279297,9.7975158695,-0.0245666504,0.0001844618,-0.1745768229,0.0000000000
557693.8500229850,0.0318908691,9.7999572757,-0.0108337402,-0.0016818576,-0.1745334201,0.0000000000
557693.8600229850,0.0331115723,9.7953796390,-0.0352478027,-0.0004123264,-0.1744574653,0.0000000000
557693.8700229850,0.0329589844,9.7988891605,-0.0149536133,-0.0003906250,-0.1745659722,0.0000217014
557693.8800229850,0.0321960449,9.7988891605,-0.0192260742,-0.0017144097,-0.1744574653,-0.0000108507
557693.8900229851,0.0309753418,9.7959899906,-0.0334167480,0.0002061632,-0.1744683160,0.0000108507
557693.9000229849,0.0317382813,9.7998046878,-0.0125122070,-0.0012369792,-0.1745008680,0.0000000000
557693.9100229850,0.0328063965,9.7959899906,-0.0299072266,-0.0009874132,-0.1744249132,-0.0000108507
557693.9200229850,0.0318908691,9.7979736331,-0.0202941895,0.0000000000,-0.1745008680,0.0000000000
557693.9300229850,0.0315856934,9.7993469241,-0.0152587891,-0.0017686632,-0.1744683160,0.0000000000
557693.9400229850,0.0320434570,9.7949218753,-0.0361633301,-0.0000651042,-0.1744574653,0.0000325521
557693.9500229850,0.0338745117,9.7991943363,-0.0122070313,-0.0007703993,-0.1744574653,0.0000000000
557693.9600229850,0.0323486328,9.7978210452,-0.0239562988,-0.0014756944,-0.1745117187,0.0000000000
557693.9700229850,0.0306701660,9.7961425784,-0.0271606445,0.0002387153,-0.1745117187,0.0000108507
557693.9800229850,0.0309753418,9.8001098636,-0.0105285645,-0.0015407986,-0.1744574653,0.0000108507
557693.9900229850,0.0329589844,9.7953796390,-0.0343322754,-0.0005967882,-0.1745225694,0.0000000000
557694.0000229850,0.0340270996,9.7981262210,-0.0178527832,-0.0002821181,-0.1745334201,0.0000000000
557694.0100229851,0.0315856934,9.7993469241,-0.0186157227,-0.0017578125,-0.1747178819,0.0000000000
557694.0200229849,0.0297546387,9.7955322269,-0.0321960449,0.0001519097,-0.1745225694,0.0000217014
557694.0300229850,0.0321960449,9.7999572757,-0.0094604492,-0.0011610243,-0.1745008680,0.0000108507
557694.0400229850,0.0335693359,9.7964477542,-0.0296020508,-0.0010742187,-0.1743598090,-0.0000108507
557694.0500229850,0.0323486328,9.7969055179,-0.0231933594,0.0000759549,-0.1744900174,0.0000000000
557694.0600229850,0.0318908691,9.7994995120,-0.0148010254,-0.0017903646,-0.1744466146,0.0000000000
557694.0700229850,0.0303649902,9.7958374027,-0.0349426270,-0.0001736111,-0.1744466146,0.0000217014
557694.0800229850,0.0317382813,9.7996520999,-0.0126647949,-0.0006727431,-0.1744791667,0.0000000000
557694.0900229850,0.0344848633,9.7981262210,-0.0234985352,-0.0015407986,-0.1744357639,0.0000000000
557694.1000229850,0.0328063965,9.7962951663,-0.0291442871,0.0002495660,-0.1745117187,0.0000108507
557694.1100229850,0.0321960449,9.8002624515,-0.0115966797,-0.0014973958,-0.1745225694,-0.0000217014
557694.1200229850,0.0303649902,9.7959899906,-0.0338745117,-0.0006618924,-0.1745659722,0.0000000000
557694.1300229850,0.0321960449,9.7982788089,-0.0172424316,-0.0002061632,-0.1745334201,0.0000325521
557694.1400229851,0.0332641602,9.7987365726,-0.0170898438,-0.0017686632,-0.1745659722,0.0000000000
557694.1500229849,0.0325012207,9.7958374027,-0.0347900391,0.0000976562,-0.1745876736,0.0000108507
557694.1600229850,0.0318908691,9.7993469241,-0.0109863281,-0.0011284722,-0.1744791667,0.0000108507
557694.1700229850,0.0320434570,9.7975158695,-0.0279235840,-0.0011393229,-0.1744683160,0.0000000000
557694.1800229850,0.0317382813,9.7972106937,-0.0247192383,0.0001410590,-0.1745008680,0.0000000000
557694.1900229850,0.0318908691,9.7994995120,-0.0126647949,-0.0017903646,-0.1743923611,0.0000000000
557694.2000229850,0.0329589844,9.7952270511,-0.0352478027,-0.0002170139,-0.1745008680,0.0000217014
557694.2100229850,0.0328063965,9.7991943363,-0.0132751465,-0.0006401910,-0.1745334201,0.0000000000
557694.2200229850,0.0323486328,9.7976684574,-0.0233459473,-0.0015082465,-0.1743815104,0.0000108507
557694.2300229850,0.0308227539,9.7964477542,-0.0299072266,0.0001844618,-0.1745985243,0.0000217014
557694.2400229850,0.0318908691,9.7993469241,-0.0099182129,-0.0015082465,-0.1743923611,0.0000000000
557694.2500229850,0.0328063965,9.7956848148,-0.0321960449,-0.0006184896,-0.1744683160,0.0000000000
557694.2600229851,0.0323486328,9.7990417484,-0.0193786621,-0.0002061632,-0.1746202257,0.0000108507
557694.2700229849,0.0317382813,9.7987365726,-0.0192260742,-0.0017686632,-0.1744466146,0.0000000000
557694.2800229850,0.0315856934,9.7959899906,-0.0332641602,0.0000651042,-0.1745117187,0.0000325521
557694.2900229850,0.0317382813,9.8008728031,-0.0093078613,-0.0010633681,-0.1744574653,0.0000000000
557694.3000229850,0.0326538086,9.7964477542,-0.0291442871,-0.0011827257,-0.1744140625,0.0000000000
557694.3100229850,0.0315856934,9.7967529300,-0.0260925293,0.0002061632,-0.1744357639,0.0000108507
557694.3200229850,0.0321960449,9.8002624515,-0.0129699707,-0.0017903646,-0.1744357639,0.0000000000
557694.3300229850,0.0321960449,9.7953796390,-0.0341796875,-0.0002821181,-0.1744357639,0.0000217014
557694.3400229850,0.0321960449,9.7993469241,-0.0137329102,-0.0005533854,-0.1744791667,0.0000108507
557694.3500229850,0.0325012207,9.7976684574,-0.0224304199,-0.0016167535,-0.1744900174,0.0000000000
557694.3600229850,0.0314331055,9.7958374027,-0.0303649902,0.0002495660,-0.1745008680,0.0000108507
557694.3700229850,0.0320434570,9.7996520999,-0.0099182129,-0.0013888889,-0.1745334201,-0.0000108507
557694.3800229850,0.0331115723,9.7958374027,-0.0332641602,-0.0008897569,-0.1744574653,0.0000000000
557694.3900229851,0.0318908691,9.7984313968,-0.0202941895,0.0000434028,-0.1745985243,0.0000000000
557694.4000229849,0.0306701660,9.7998046878,-0.0141906738,-0.0018771701,-0.1745117187,0.0000000000
557694.4100229850,0.0323486328,9.7946166995,-0.0352478027,-0.0000868056,-0.1745551215,0.0000108507
557694.4200229850,0.0315856934,9.7991943363,-0.0105285645,-0.0007269965,-0.1745659722,0.0000000000
557694.4300229850,0.0321960449,9.7981262210,-0.0268554688,-0.0014648437,-0.1744791667,0.0000000000
557694.4400229850,0.0318908691,9.7962951663,-0.0296020508,0.0002170139,-0.1745334201,0.0000000000
557694.4500229850,0.0308227539,9.8007202152,-0.0099182129,-0.0015950521,-0.1743923611,0.0000000000
557694.4600229850,0.0315856934,9.7959899906,-0.0315856934,-0.0005425347,-0.1744791667,0.0000108507
557694.4700229850,0.0331115723,9.7984313968,-0.0172424316,-0.0003038194,-0.1744032118,0.0000217014
557694.4800229850,0.0334167480,9.7988891605,-0.0218200684,-0.0017361111,-0.1744140625,0.0000000000
557694.4900229850,0.0311279297,9.7961425784,-0.0331115723,0.0001519097,-0.1744900174,0.0000000000
557694.5000229860,0.0306701660,9.8005676273,-0.0080871582,-0.0012044271,-0.1743272569,0.0000108507
557694.5100229860,0.0329589844,9.7967529300,-0.0297546387,-0.0010742187,-0.1745334201,0.0000108507
557694.5200229860,0.0337219238,9.7966003421,-0.0244140625,0.0001302083,-0.1745117187,0.0000108507
557694.5300229860,0.0317382813,9.7999572757,-0.0138854980,-0.0018012153,-0.1745225694,0.0000000000
557694.5400229860,0.0308227539,9.7955322269,-0.0341796875,-0.0002387153,-0.1746202257,0.0000217014
557694.5500229860,0.0315856934,9.7996520999,-0.0126647949,-0.0005967882,-0.1745551215,0.0000325521
557694.5600229860,0.0334167480,9.7984313968,-0.0234985352,-0.0016167535,-0.1744683160,0.0000000000
557694.5700229860,0.0317382813,9.7962951663,-0.0306701660,0.0003038194,-0.1745768229,0.0000108507
557694.5800229860,0.0303649902,9.8004150394,-0.0074768066,-0.0014214410,-0.1744900174,0.0000000000
557694.5900229861,0.0317382813,9.7959899906,-0.0323486328,-0.0008463542,-0.1745008680,0.0000000000
557694.6000229859,0.0325012207,9.7982788089,-0.0221252441,-0.0000434028,-0.1745117187,0.0000108507
557694.6100229860,0.0331115723,9.7999572757,-0.0161743164,-0.0018120660,-0.1744574653,0.0000000000
557694.6200229860,0.0305175781,9.7966003421,-0.0323486328,-0.0000108507,-0.1744900174,0.0000000000
557694.6300229860,0.0306701660,9.7993469241,-0.0114440918,-0.0008572049,-0.1744466146,0.0000000000
557694.6400229860,0.0328063965,9.7972106937,-0.0277709961,-0.0013237847,-0.1743706597,0.0000108507
557694.6500229860,0.0329589844,9.7969055179,-0.0271606445,0.0001736111,-0.1745225694,0.0000108507
557694.6600229860,0.0318908691,9.8004150394,-0.0109863281,-0.0017144097,-0.1744249132,0.0000000000
557694.6700229860,0.0303649902,9.7952270511,-0.0341796875,-0.0004340278,-0.1745225694,0.0000108507
557694.6800229860,0.0314331055,9.7984313968,-0.0160217285,-0.0003689236,-0.1745659722,0.0000325521
557694.6900229860,0.0326538086,9.7987365726,-0.0216674805,-0.0016818576,-0.1744683160,0.0000000000
557694.7000229860,0.0326538086,9.7961425784,-0.0318908691,0.0001844618,-0.1745008680,0.0000108507
557694.7100229861,0.0306701660,9.7998046878,-0.0094604492,-0.0013129340,-0.1745551215,0.0000000000
557694.7200229859,0.0303649902,9.7958374027,-0.0309753418,-0.0009440104,-0.1745117187,0.0000325521
557694.7300229860,0.0321960449,9.7976684574,-0.0216674805,-0.0000325521,-0.1744574653,0.0000217014
557694.7400229860,0.0332641602,9.7990417484,-0.0158691406,-0.0017903646,-0.1744791667,0.0000000000
557694.7500229860,0.0323486328,9.7949218753,-0.0338745117,-0.0000868056,-0.1744032118,0.0000000000
557694.7600229860,0.0312805176,9.7994995120,-0.0109863281,-0.0007703993,-0.1743706597,0.0000000000
557694.7700229860,0.0312805176,9.7975158695,-0.0270080566,-0.0014539931,-0.1744683160,0.0000108507
557694.7800229860,0.0325012207,9.7961425784,-0.0273132324,0.0002061632,-0.1744683160,0.0000108507
557694.7900229860,0.0325012207,9.8001098636,-0.0096130371,-0.0016276042,-0.1744466146,0.0000000000
557694.8000229860,0.0308227539,9.7955322269,-0.0355529785,-0.0004991319,-0.1745334201,0.0000108507
557694.8100229860,0.0306701660,9.7985839847,-0.0172424316,-0.0003472222,-0.1745117187,0.0000434028
557694.8200229860,0.0337219238,9.7985839847,-0.0187683105,-0.0017903646,-0.1744466146,0.0000000000
557694.8300229860,0.0318908691,9.7953796390,-0.0309753418,0.0001844618,-0.1746419271,0.0000108507
557694.8400229861,0.0303649902,9.7999572757,-0.0102233887,-0.0012152778,-0.1745442708,0.0000108507
557694.8500229859,0.0314331055,9.7958374027,-0.0321960449,-0.0010633681,-0.1745551215,0.0000000000
557694.8600229860,0.0325012207,9.7975158695,-0.0239562988,0.0000000000,-0.1746527778,0.0000325521
557694.8700229860,0.0328063965,9.7998046878,-0.0128173828,-0.0017686632,-0.1745334201,0.0000000000
557694.8800229860,0.0305175781,9.7952270511,-0.0332641602,-0.0001085069,-0.1744683160,0.0000325521
557694.8900229860,0.0299072266,9.7998046878,-0.0146484375,-0.0007486979,-0.1745225694,0.0000217014
557694.9000229860,0.0326538086,9.7975158695,-0.0248718262,-0.0014756944,-0.1744466146,0.0000000000
557694.9100229860,0.0325012207,9.7961425784,-0.0274658203,0.0002387153,-0.1744357639,0.0000000000
557694.9200229860,0.0314331055,9.8004150394,-0.0112915039,-0.0016384549,-0.1744357639,0.0000000000
557694.9300229860,0.0294494629,9.7952270511,-0.0349426270,-0.0005533854,-0.1744683160,0.0000108507
557694.9400229860,0.0317382813,9.7982788089,-0.0166320801,-0.0002604167,-0.1744032118,0.0000434028
557694.9500229860,0.0335693359,9.7988891605,-0.0173950195,-0.0018012153,-0.1744357639,0.0000108507
557694.9600229861,0.0320434570,9.7958374027,-0.0332641602,0.0001736111,-0.1745334201,0.0000000000
557694.9700229859,0.0297546387,9.7990417484,-0.0119018555,-0.0011067708,-0.1745008680,0.0000000000
557694.9800229860,0.0311279297,9.7966003421,-0.0308227539,-0.0011935764,-0.1745768229,0.0000000000
557694.9900229860,0.0329589844,9.7973632816,-0.0231933594,0.0000868056,-0.1746310764,0.0000217014
557695.0000229860,0.0328063965,9.7999572757,-0.0112915039,-0.0017252604,-0.1745225694,-0.0000217014
557695.0100229860,0.0297546387,9.7944641116,-0.0358581543,-0.0002821181,-0.1747938368,0.0000217014
557695.0200229860,0.0312805176,9.7990417484,-0.0155639648,-0.0005316840,-0.1745225694,0.0000217014
557695.0300229860,0.0334167480,9.7982788089,-0.0219726563,-0.0016276042,-0.1744683160,0.0000108507
557695.0400229860,0.0332641602,9.7966003421,-0.0308227539,0.0002387153,-0.1745117187,0.0000000000
557695.0500229860,0.0299072266,9.8002624515,-0.0108337402,-0.0013997396,-0.1744466146,0.0000000000
557695.0600229860,0.0297546387,9.7966003421,-0.0314331055,-0.0008572049,-0.1744466146,0.0000325521
557695.0700229860,0.0335693359,9.7973632816,-0.0198364258,-0.0000651042,-0.1745008680,0.0000434028
557695.0800229860,0.0346374512,9.7990417484,-0.0169372559,-0.0018120660,-0.1744900174,0.0000000000
557695.0900229861,0.0305175781,9.7956848148,-0.0360107422,0.0000000000,-0.1745334201,0.0000000000
557695.1000229859,0.0286865234,9.7999572757,-0.0100708008,-0.0009006076,-0.1745659722,0.0000217014
557695.1100229860,0.0312805176,9.7970581058,-0.0254821777,-0.0013563368,-0.1745768229,0.0000000000
557695.1200229860,0.0341796875,9.7966003421,-0.0271606445,0.0002170139,-0.1745334201,0.0000108507
557695.1300229860,0.0332641602,9.7993469241,-0.0120544434,-0.0016493056,-0.1744791667,0.0000000000
557695.1400229860,0.0283813477,9.7956848148,-0.0350952148,-0.0005425347,-0.1745551215,0.0000217014
557695.1500229860,0.0302124023,9.7988891605,-0.0163269043,-0.0002929687,-0.1744032118,0.0000325521
557695.1600229860,0.0332641602,9.7985839847,-0.0186157227,-0.0017469618,-0.1744574653,0.0000000000
557695.1700229860,0.0331115723,9.7952270511,-0.0321960449,0.0001736111,-0.1745008680,0.0000108507
557695.1800229860,0.0303649902,9.7991943363,-0.0125122070,-0.0012044271,-0.1744357639,0.0000000000
557695.1900229860,0.0292968750,9.7964477542,-0.0303649902,-0.0010742187,-0.1744466146,0.0000108507
557695.2000229860,0.0326538086,9.7973632816,-0.0213623047,0.0000108507,-0.1745008680,0.0000325521
557695.2100229861,0.0340270996,9.7988891605,-0.0143432617,-0.0017578125,-0.1743381076,0.0000000000
557695.2200229859,0.0312805176,9.7950744632,-0.0352478027,-0.0001627604,-0.1743381076,0.0000108507
557695.2300229860,0.0299072266,9.7988891605,-0.0135803223,-0.0006944444,-0.1745117187,0.0000325521
557695.2400229860,0.0309753418,9.7979736331,-0.0234985352,-0.0015299479,-0.1745225694,0.0000000000
557695.2500229860,0.0335693359,9.7970581058,-0.0288391113,0.0002387153,-0.1745768229,0.0000108507
557695.2600229860,0.0325012207,9.7994995120,-0.0111389160,-0.0015082465,-0.1746202257,0.0000000000
557695.2700229860,0.0294494629,9.7955322269,-0.0350952148,-0.0006835937,-0.1745876736,0.0000217014
557695.2800229860,0.0309753418,9.7979736331,-0.0181579590,-0.0002170139,-0.1745117187,0.0000325521
557695.2900229860,0.0331115723,9.7991943363,-0.0172424316,-0.0017578125,-0.1745117187,0.0000108507
557695.3000229860,0.0317382813,9.7958374027,-0.0325012207,0.0000976562,-0.1744574653,0.0000000000
557695.3100229860,0.0315856934,9.7994995120,-0.0117492676,-0.0010633681,-0.1745008680,0.0000000000
557695.3200229860,0.0305175781,9.7964477542,-0.0283813477,-0.0012369792,-0.1744683160,0.0000108507
557695.3300229860,0.0317382813,9.7967529300,-0.0242614746,0.0001627604,-0.1744032118,0.0000325521
557695.3400229861,0.0331115723,9.7998046878,-0.0122070313,-0.0017469618,-0.1744683160,0.0000108507
557695.3500229859,0.0311279297,9.7950744632,-0.0369262695,-0.0003363715,-0.1744574653,0.0000217014
557695.3600229860,0.0309753418,9.7996520999,-0.0146484375,-0.0005099826,-0.1744574653,0.0000108507
557695.3700229860,0.0314331055,9.7981262210,-0.0199890137,-0.0016710069,-0.1746093750,0.0000108507
557695.3800229860,0.0312805176,9.7961425784,-0.0314331055,0.0002604167,-0.1746093750,0.0000217014
557695.3900229860,0.0314331055,9.8002624515,-0.0103759766,-0.0013997396,-0.1744900174,0.0000108507
557695.4000229860,0.0315856934,9.7966003421,-0.0326538086,-0.0009331597,-0.1745659722,0.0000000000
557695.4100229860,0.0320434570,9.7973632816,-0.0215148926,-0.0000325521,-0.1745442708,0.0000217014
557695.4200229860,0.0318908691,9.7988891605,-0.0141906738,-0.0017686632,-0.1744900174,0.0000000000
557695.4300229860,0.0306701660,9.7952270511,-0.0350952148,-0.0000325521,-0.1745225694,0.0000000000
557695.4400229860,0.0311279297,9.7998046878,-0.0122070313,-0.0008029514,-0.1745117187,0.0000325521
557695.4500229860,0.0325012207,9.7975158695,-0.0259399414,-0.0014865451,-0.1744140625,0.0000000000
557695.4600229861,0.0318908691,9.7966003421,-0.0283813477,0.0002495660,-0.1745008680,0.0000217014
557695.4700229859,0.0306701660,9.8001098636,-0.0119018555,-0.0016818576,-0.1744683160,0.0000108507
557695.4800229860,0.0308227539,9.7952270511,-0.0334167480,-0.0005208333,-0.1743489583,0.0000108507
557695.4900229860,0.0311279297,9.7994995120,-0.0164794922,-0.0002821181,-0.1745008680,0.0000325521
557695.5000229860,0.0328063965,9.7987365726,-0.0195312500,-0.0017469618,-0.1745117187,0.0000000000
557695.5100229860,0.0325012207,9.7959899906,-0.0321960449,0.0001193576,-0.1745334201,0.0000000000
557695.5200229860,0.0299072266,9.7999572757,-0.0100708008,-0.0011935764,-0.1745442708,0.0000108507
557695.5300229860,0.0302124023,9.7970581058,-0.0308227539,-0.0011501736,-0.1745659722,0.0000108507
557695.5400229860,0.0312805176,9.7970581058,-0.0222778320,0.0000759549,-0.1745334201,0.0000108507
557695.5500229860,0.0337219238,9.7993469241,-0.0120544434,-0.0017903646,-0.1745117187,0.0000000000
557695.5600229860,0.0308227539,9.7952270511,-0.0358581543,-0.0001519097,-0.1745442708,0.0000217014
557695.5700229870,0.0294494629,9.7991943363,-0.0151062012,-0.0006184896,-0.1745442708,0.0000000000
557695.5800229870,0.0318908691,9.7976684574,-0.0230407715,-0.0016276042,-0.1744466146,0.0000108507
557695.5900229870,0.0323486328,9.7964477542,-0.0289916992,0.0002170139,-0.1745225694,0.0000217014
557695.6000229870,0.0312805176,9.8004150394,-0.0106811523,-0.0014865451,-0.1744357639,0.0000108507
557695.6100229870,0.0300598145,9.7959899906,-0.0331115723,-0.0007812500,-0.1744140625,0.0000325521
557695.6200229870,0.0302124023,9.7979736331,-0.0187683105,-0.0001302083,-0.1744683160,0.0000217014
557695.6300229870,0.0325012207,9.7988891605,-0.0177001953,-0.0017903646,-0.1744032118,0.0000000000
557695.6400229870,0.0328063965,9.7955322269,-0.0331115723,0.0000542535,-0.1745117187,0.0000108507
557695.6500229870,0.0296020508,9.7996520999,-0.0108337402,-0.0010199653,-0.1745334201,0.0000000000
557695.6600229871,0.0297546387,9.7966003421,-0.0291442871,-0.0012478299,-0.1744791667,0.0000108507
557695.6700229869,0.0317382813,9.7969055179,-0.0245666504,0.0001193576,-0.1744900174,0.0000325521
557695.6800229870,0.0334167480,9.7996520999,-0.0112915039,-0.0017578125,-0.1745442708,0.0000000000
557695.6900229870,0.0314331055,9.7956848148,-0.0344848633,-0.0002495660,-0.1745117187,-0.0000108507
557695.7000229870,0.0292968750,9.7991943363,-0.0138854980,-0.0005533854,-0.1746093750,0.0000217014
557695.7100229870,0.0305175781,9.7979736331,-0.0242614746,-0.0015950521,-0.1745334201,0.0000108507
557695.7200229870,0.0328063965,9.7962951663,-0.0285339355,0.0001736111,-0.1744357639,0.0000217014
557695.7300229870,0.0320434570,9.8007202152,-0.0100708008,-0.0014865451,-0.1744466146,0.0000000000
557695.7400229870,0.0305175781,9.7961425784,-0.0332641602,-0.0007595486,-0.1744574653,0.0000000000
557695.7500229870,0.0296020508,9.7979736331,-0.0190734863,-0.0001193576,-0.1744249132,0.0000325521
557695.7600229870,0.0314331055,9.7994995120,-0.0170898438,-0.0018229167,-0.1744357639,0.0000325521
557695.7700229870,0.0329589844,9.7956848148,-0.0341796875,0.0000434028,-0.1744574653,0.0000108507
557695.7800229870,0.0317382813,9.8004150394,-0.0114440918,-0.0009548611,-0.1744357639,0.0000000000
557695.7900229871,0.0292968750,9.7973632816,-0.0286865234,-0.0013346354,-0.1744574653,0.0000108507
557695.8000229870,0.0302124023,9.7972106937,-0.0248718262,0.0001627604,-0.1745008680,0.0000217014
557695.8100229870,0.0317382813,9.7996520999,-0.0112915039,-0.0016818576,-0.1745225694,0.0000108507
557695.8200229870,0.0337219238,9.7950744632,-0.0360107422,-0.0003906250,-0.1745117187,0.0000000000
557695.8300229870,0.0306701660,9.7987365726,-0.0160217285,-0.0004231771,-0.1744791667,0.0000000000
557695.8400229870,0.0309753418,9.7985839847,-0.0210571289,-0.0017035590,-0.1744683160,0.0000000000
557695.8500229870,0.0309753418,9.7962951663,-0.0309753418,0.0001627604,-0.1744574653,0.0000217014
557695.8600229870,0.0315856934,9.8001098636,-0.0108337402,-0.0013020833,-0.1744249132,0.0000000000
557695.8700229870,0.0317382813,9.7964477542,-0.0291442871,-0.0009874132,-0.1745008680,0.0000108507
557695.8800229870,0.0312805176,9.7978210452,-0.0227355957,0.0000000000,-0.1744683160,0.0000217014
557695.8900229870,0.0308227539,9.7996520999,-0.0160217285,-0.0017903646,-0.1744683160,0.0000217014
557695.9000229870,0.0314331055,9.7955322269,-0.0343322754,-0.0001193576,-0.1745442708,0.0000108507
557695.9100229871,0.0323486328,9.7993469241,-0.0108337402,-0.0007921007,-0.1745008680,0.0000217014
557695.9200229869,0.0305175781,9.7976684574,-0.0251770020,-0.0014431424,-0.1745225694,0.0000108507
557695.9300229870,0.0299072266,9.7964477542,-0.0282287598,0.0001519097,-0.1745225694,0.0000325521
557695.9400229870,0.0315856934,9.7999572757,-0.0112915039,-0.0016276042,-0.1745442708,0.0000108507
557695.9500229870,0.0317382813,9.7966003421,-0.0343322754,-0.0005208333,-0.1745985243,0.0000108507
557695.9600229870,0.0312805176,9.7990417484,-0.0173950195,-0.0003255208,-0.1745876736,0.0000108507
557695.9700229870,0.0299072266,9.7988891605,-0.0187683105,-0.0017252604,-0.1745117187,0.0000000000
557695.9800229870,0.0303649902,9.7961425784,-0.0317382813,0.0001302083,-0.1745442708,0.0000325521
557695.9900229870,0.0326538086,9.8005676273,-0.0108337402,-0.0012261285,-0.1743815104,0.0000325521
557696.0000229870,0.0314331055,9.7970581058,-0.0306701660,-0.0010633681,-0.1744466146,0.0000000000
557696.0100229870,0.0300598145,9.7978210452,-0.0225830078,0.0000325521,-0.1748046875,0.0000325521
557696.0200229870,0.0303649902,9.7990417484,-0.0141906738,-0.0017578125,-0.1743489583,0.0000108507
557696.0300229870,0.0309753418,9.7953796390,-0.0349426270,-0.0001302083,-0.1744900174,0.0000217014
557696.0400229871,0.0309753418,9.7996520999,-0.0114440918,-0.0007595486,-0.1745008680,0.0000217014
557696.0500229870,0.0315856934,9.7976684574,-0.0244140625,-0.0014973958,-0.1744249132,0.0000108507
557696.0600229870,0.0303649902,9.7964477542,-0.0292968750,0.0001844618,-0.1745117187,0.0000325521
557696.0700229870,0.0311279297,9.8005676273,-0.0115966797,-0.0015516493,-0.1744900174,0.0000108507
557696.0800229870,0.0314331055,9.7962951663,-0.0331115723,-0.0006727431,-0.1745008680,0.0000217014
557696.0900229870,0.0308227539,9.7988891605,-0.0160217285,-0.0002387153,-0.1745442708,0.0000217014
557696.1000229870,0.0311279297,9.7987365726,-0.0187683105,-0.0017469618,-0.1744900174,0.0000000000
557696.1100229870,0.0309753418,9.7953796390,-0.0337219238,0.0001193576,-0.1745659722,0.0000108507
557696.1200229870,0.0308227539,9.7999572757,-0.0117492676,-0.0011610243,-0.1745334201,0.0000325521
557696.1300229870,0.0303649902,9.7966003421,-0.0288391113,-0.0011827257,-0.1744249132,0.0000325521
557696.1400229870,0.0312805176,9.7970581058,-0.0218200684,0.0000976562,-0.1745985243,0.0000434028
557696.1500229870,0.0325012207,9.7998046878,-0.0141906738,-0.0017469618,-0.1744574653,0.0000000000
557696.1600229871,0.0300598145,9.7950744632,-0.0375366211,-0.0001953125,-0.1745008680,0.0000108507
557696.1700229869,0.0303649902,9.7993469241,-0.0122070313,-0.0007052951,-0.1744574653,0.0000000000
557696.1800229870,0.0312805176,9.7975158695,-0.0228881836,-0.0015407986,-0.1744466146,0.0000217014
557696.1900229870,0.0325012207,9.7966003421,-0.0283813477,0.0002278646,-0.1744574653,0.0000325521
557696.2000229870,0.0308227539,9.7996520999,-0.0137329102,-0.0015299479,-0.1745225694,0.0000000000
557696.2100229870,0.0308227539,9.7956848148,-0.0329589844,-0.0007269965,-0.1744466146,0.0000217014
557696.2200229870,0.0302124023,9.7979736331,-0.0161743164,-0.0001844618,-0.1745551215,0.0000325521
557696.2300229870,0.0321960449,9.7994995120,-0.0175476074,-0.0017361111,-0.1744900174,0.0000000000
557696.2400229870,0.0308227539,9.7959899906,-0.0363159180,0.0000542535,-0.1745008680,0.0000325521
557696.2500229870,0.0303649902,9.7994995120,-0.0105285645,-0.0010308160,-0.1745551215,0.0000325521
557696.2600229870,0.0305175781,9.7967529300,-0.0262451172,-0.0013237847,-0.1744791667,0.0000217014
557696.2700229870,0.0314331055,9.7972106937,-0.0257873535,0.0001844618,-0.1744900174,0.0000434028
557696.2800229870,0.0321960449,9.7999572757,-0.0120544434,-0.0017035590,-0.1744466146,0.0000108507
557696.2900229871,0.0300598145,9.7953796390,-0.0347900391,-0.0004557292,-0.1745008680,0.0000108507
557696.3000229870,0.0305175781,9.7991943363,-0.0151062012,-0.0004231771,-0.1744466146,0.0000325521
557696.3100229870,0.0314331055,9.7978210452,-0.0196838379,-0.0016601562,-0.1744683160,0.0000217014
557696.3200229870,0.0321960449,9.7959899906,-0.0309753418,0.0001410590,-0.1744574653,0.0000217014
557696.3300229870,0.0314331055,9.8001098636,-0.0123596191,-0.0013346354,-0.1745008680,0.0000108507
557696.3400229870,0.0297546387,9.7958374027,-0.0311279297,-0.0009440104,-0.1745442708,0.0000108507
557696.3500229870,0.0300598145,9.7976684574,-0.0186157227,-0.0000434028,-0.1745442708,0.0000325521
557696.3600229870,0.0321960449,9.7991943363,-0.0161743164,-0.0017361111,-0.1745334201,0.0000108507
557696.3700229870,0.0312805176,9.7952270511,-0.0369262695,0.0000000000,-0.1745876736,0.0000217014
557696.3800229870,0.0311279297,9.7988891605,-0.0115966797,-0.0009657118,-0.1745008680,0.0000108507
557696.3900229870,0.0302124023,9.7973632816,-0.0241088867,-0.0013563368,-0.1745117187,0.0000217014
557696.4000229870,0.0305175781,9.7967529300,-0.0267028809,0.0001736111,-0.1745551215,0.0000434028
557696.4100229871,0.0312805176,9.8005676273,-0.0134277344,-0.0017035590,-0.1743923611,0.0000217014
557696.4200229869,0.0309753418,9.7955322269,-0.0326538086,-0.0004665799,-0.1744791667,0.0000217014
557696.4300229870,0.0315856934,9.7990417484,-0.0148010254,-0.0004231771,-0.1745008680,0.0000217014
557696.4400229870,0.0314331055,9.7987365726,-0.0215148926,-0.0016384549,-0.1743598090,0.0000000000
557696.4500229870,0.0305175781,9.7959899906,-0.0318908691,0.0001519097,-0.1744466146,0.0000325521
557696.4600229870,0.0302124023,9.8001098636,-0.0094604492,-0.0013997396,-0.1744140625,0.0000217014
557696.4700229870,0.0311279297,9.7959899906,-0.0299072266,-0.0009006076,-0.1743815104,0.0000325521
557696.4800229870,0.0306701660,9.7978210452,-0.0216674805,-0.0000108507,-0.1745334201,0.0000217014
557696.4900229870,0.0312805176,9.7993469241,-0.0172424316,-0.0017903646,-0.1744357639,0.0000217014
557696.5000229870,0.0303649902,9.7955322269,-0.0346374512,-0.0001085069,-0.1745334201,0.0000217014
557696.5100229870,0.0302124023,9.7999572757,-0.0096130371,-0.0008138021,-0.1746093750,0.0000217014
557696.5200229870,0.0315856934,9.7969055179,-0.0238037109,-0.0014431424,-0.1744683160,0.0000217014
557696.5300229870,0.0314331055,9.7967529300,-0.0300598145,0.0002278646,-0.1745876736,0.0000325521
557696.5400229871,0.0308227539,9.7998046878,-0.0119018555,-0.0016601562,-0.1745117187,0.0000434028
557696.5500229870,0.0297546387,9.7961425784,-0.0326538086,-0.0005859375,-0.1745225694,0.0000325521
557696.5600229870,0.0317382813,9.7988891605,-0.0155639648,-0.0002712674,-0.1744574653,0.0000217014
557696.5700229870,0.0320434570,9.7991943363,-0.0198364258,-0.0017361111,-0.1744900174,0.0000108507
557696.5800229870,0.0302124023,9.7956848148,-0.0338745117,0.0001302083,-0.1744140625,0.0000325521
557696.5900229870,0.0300598145,9.7996520999,-0.0096130371,-0.0012369792,-0.1743598090,0.0000325521
557696.6000229870,0.0314331055,9.7969055179,-0.0289916992,-0.0011284722,-0.1744140625,0.0000325521
557696.6100229870,0.0308227539,9.7972106937,-0.0250244141,0.0001302083,-0.1744574653,0.0000108507
557696.6200229870,0.0321960449,9.7996520999,-0.0137329102,-0.0018229167,-0.1743923611,0.0000108507
557696.6300229870,0.0309753418,9.7956848148,-0.0337219238,-0.0001844618,-0.1745876736,0.0000108507
557696.6400229870,0.0294494629,9.7996520999,-0.0119018555,-0.0005859375,-0.1745876736,0.0000325521
557696.6500229880,0.0309753418,9.7981262210,-0.0224304199,-0.0016601562,-0.1744574653,0.0000217014
557696.6600229880,0.0320434570,9.7956848148,-0.0315856934,0.0002170139,-0.1745876736,0.0000217014
557696.6700229880,0.0300598145,9.8010253909,-0.0106811523,-0.0014756944,-0.1745442708,0.0000108507
557696.6800229880,0.0299072266,9.7961425784,-0.0312805176,-0.0008355035,-0.1745008680,0.0000325521
557696.6900229880,0.0305175781,9.7981262210,-0.0190734863,-0.0000868056,-0.1745551215,0.0000325521
557696.7000229880,0.0312805176,9.7993469241,-0.0164794922,-0.0017686632,-0.1744140625,0.0000108507
557696.7100229880,0.0312805176,9.7949218753,-0.0357055664,0.0000108507,-0.1744357639,0.0000434028
557696.7200229880,0.0305175781,9.8001098636,-0.0094604492,-0.0010199653,-0.1744574653,0.0000325521
557696.7300229880,0.0302124023,9.7976684574,-0.0267028809,-0.0013346354,-0.1743706597,0.0000325521
557696.7400229879,0.0315856934,9.7964477542,-0.0273132324,0.0002495660,-0.1745334201,0.0000325521
557696.7500229880,0.0306701660,9.7998046878,-0.0129699707,-0.0017578125,-0.1744683160,0.0000000000
557696.7600229880,0.0308227539,9.7959899906,-0.0346374512,-0.0004991319,-0.1745008680,0.0000217014
557696.7700229880,0.0292968750,9.7993469241,-0.0140380859,-0.0003255208,-0.1745659722,0.0000217014
557696.7800229880,0.0299072266,9.7999572757,-0.0212097168,-0.0017686632,-0.1745334201,0.0000217014
557696.7900229880,0.0318908691,9.7956848148,-0.0321960449,0.0001736111,-0.1745442708,0.0000325521
557696.8000229880,0.0312805176,9.7999572757,-0.0091552734,-0.0013020833,-0.1745985243,0.0000108507
557696.8100229880,0.0299072266,9.7967529300,-0.0312805176,-0.0010525174,-0.1744357639,0.0000000000
557696.8200229880,0.0297546387,9.7982788089,-0.0224304199,0.0000868056,-0.1745551215,0.0000108507
557696.8300229880,0.0306701660,9.7994995120,-0.0143432617,-0.0018120660,-0.1744791667,0.0000108507
557696.8400229880,0.0317382813,9.7952270511,-0.0338745117,-0.0002061632,-0.1744249132,0.0000434028
557696.8500229880,0.0308227539,9.7998046878,-0.0119018555,-0.0006835937,-0.1744791667,0.0000217014
557696.8600229881,0.0302124023,9.7978210452,-0.0250244141,-0.0015407986,-0.1744574653,0.0000217014
557696.8700229879,0.0309753418,9.7972106937,-0.0292968750,0.0001736111,-0.1744357639,0.0000325521
557696.8800229880,0.0314331055,9.8002624515,-0.0094604492,-0.0015407986,-0.1744791667,0.0000108507
557696.8900229880,0.0302124023,9.7952270511,-0.0318908691,-0.0006401910,-0.1744791667,0.0000217014
557696.9000229880,0.0308227539,9.7982788089,-0.0184631348,-0.0001953125,-0.1744032118,0.0000325521
557696.9100229880,0.0302124023,9.7991943363,-0.0202941895,-0.0017686632,-0.1745334201,0.0000108507
557696.9200229880,0.0305175781,9.7958374027,-0.0331115723,0.0000108507,-0.1746419271,0.0000325521
557696.9300229880,0.0321960449,9.8004150394,-0.0093078613,-0.0011176215,-0.1744466146,0.0000325521
557696.9400229880,0.0306701660,9.7973632816,-0.0294494629,-0.0012152778,-0.1745334201,0.0000108507
557696.9500229880,0.0292968750,9.7973632816,-0.0268554688,0.0001410590,-0.1745117187,0.0000108507
557696.9600229880,0.0314331055,9.7993469241,-0.0102233887,-0.0017361111,-0.1744683160,0.0000217014
557696.9700229880,0.0311279297,9.7959899906,-0.0346374512,-0.0003689236,-0.1744791667,0.0000108507
557696.9800229880,0.0303649902,9.7990417484,-0.0172424316,-0.0004123264,-0.1745225694,0.0000325521
557696.9900229879,0.0302124023,9.7985839847,-0.0201416016,-0.0018012153,-0.1744683160,0.0000217014
557697.0000229880,0.0296020508,9.7961425784,-0.0303649902,0.0001736111,-0.1745985243,0.0000217014
557697.0100229880,0.0309753418,9.8007202152,-0.0091552734,-0.0013020833,-0.1747504340,0.0000217014
557697.0200229880,0.0325012207,9.7961425784,-0.0309753418,-0.0009874132,-0.1743923611,0.0000000000
557697.0300229880,0.0299072266,9.7973632816,-0.0234985352,0.0000325521,-0.1745117187,0.0000108507
557697.0400229880,0.0299072266,9.7999572757,-0.0132751465,-0.0018229167,-0.1743923611,0.0000217014
557697.0500229880,0.0309753418,9.7953796390,-0.0338745117,-0.0001519097,-0.1745117187,0.0000434028
557697.0600229880,0.0305175781,9.7990417484,-0.0125122070,-0.0007052951,-0.1745225694,0.0000542535
557697.0700229880,0.0318908691,9.7978210452,-0.0244140625,-0.0015950521,-0.1745225694,0.0000217014
557697.0800229880,0.0300598145,9.7962951663,-0.0302124023,0.0002170139,-0.1745551215,0.0000217014
557697.0900229880,0.0303649902,9.8001098636,-0.0086975098,-0.0015516493,-0.1745225694,0.0000434028
557697.1000229880,0.0300598145,9.7962951663,-0.0326538086,-0.0006835937,-0.1745008680,0.0000217014
557697.1100229881,0.0311279297,9.7982788089,-0.0196838379,-0.0001844618,-0.1744683160,0.0000434028
557697.1200229879,0.0302124023,9.7988891605,-0.0178527832,-0.0018229167,-0.1744357639,0.0000325521
557697.1300229880,0.0312805176,9.7959899906,-0.0325012207,0.0000325521,-0.1744249132,0.0000434028
557697.1400229880,0.0303649902,9.7994995120,-0.0100708008,-0.0010091146,-0.1744791667,0.0000108507
557697.1500229880,0.0285339355,9.7967529300,-0.0289916992,-0.0012912326,-0.1744791667,0.0000000000
557697.1600229880,0.0311279297,9.7969055179,-0.0265502930,0.0001410590,-0.1745008680,0.0000325521
557697.1700229880,0.0318908691,9.7994995120,-0.0108337402,-0.0017035590,-0.1744466146,0.0000217014
557697.1800229880,0.0308227539,9.7959899906,-0.0346374512,-0.0004231771,-0.1744683160,0.0000325521
557697.1900229880,0.0296020508,9.7988891605,-0.0154113770,-0.0004123264,-0.1745117187,0.0000217014
557697.2000229880,0.0296020508,9.7988891605,-0.0199890137,-0.0017903646,-0.1745117187,0.0000217014
557697.2100229880,0.0311279297,9.7958374027,-0.0321960449,0.0001627604,-0.1744574653,0.0000325521
557697.2200229880,0.0309753418,9.7999572757,-0.0090026855,-0.0012803819,-0.1745225694,0.0000108507
557697.2300229880,0.0292968750,9.7964477542,-0.0312805176,-0.0009765625,-0.1745225694,0.0000108507
557697.2400229879,0.0299072266,9.7969055179,-0.0221252441,0.0000434028,-0.1745008680,0.0000325521
557697.2500229880,0.0306701660,9.8001098636,-0.0137329102,-0.0018446181,-0.1744574653,0.0000217014
557697.2600229880,0.0311279297,9.7950744632,-0.0341796875,-0.0001519097,-0.1744466146,0.0000434028
557697.2700229880,0.0300598145,9.7991943363,-0.0123596191,-0.0007595486,-0.1744466146,0.0000217014
557697.2800229880,0.0297546387,9.7976684574,-0.0256347656,-0.0015299479,-0.1744900174,0.0000217014
557697.2900229880,0.0305175781,9.7961425784,-0.0296020508,0.0002278646,-0.1744900174,0.0000325521
557697.3000229880,0.0314331055,9.7998046878,-0.0097656250,-0.0015407986,-0.1744249132,0.0000000000
557697.3100229880,0.0303649902,9.7956848148,-0.0329589844,-0.0006618924,-0.1745117187,0.0000325521
557697.3200229880,0.0305175781,9.7984313968,-0.0181579590,-0.0002495660,-0.1745442708,0.0000325521
557697.3300229880,0.0303649902,9.7987365726,-0.0189208984,-0.0018120660,-0.1744791667,0.0000217014
557697.3400229880,0.0309753418,9.7955322269,-0.0320434570,0.0000542535,-0.1745117187,0.0000000000
557697.3500229880,0.0305175781,9.8001098636,-0.0103759766,-0.0011284722,-0.1745442708,0.0000434028
557697.3600229881,0.0291442871,9.7967529300,-0.0296020508,-0.0011067708,-0.1744357639,0.0000108507
557697.3700229879,0.0308227539,9.7964477542,-0.0238037109,0.0000542535,-0.1744900174,0.0000217014
557697.3800229880,0.0308227539,9.8001098636,-0.0132751465,-0.0017686632,-0.1744574653,0.0000217014
557697.3900229880,0.0294494629,9.7952270511,-0.0328063965,-0.0002170139,-0.1744683160,0.0000542535
557697.4000229880,0.0305175781,9.7993469241,-0.0132751465,-0.0007161458,-0.1744357639,0.0000325521
557697.4100229880,0.0312805176,9.7984313968,-0.0265502930,-0.0015516493,-0.1744574653,0.0000217014
557697.4200229880,0.0306701660,9.7962951663,-0.0271606445,0.0001844618,-0.1745334201,0.0000217014
557697.4300229880,0.0305175781,9.8004150394,-0.0091552734,-0.0015733507,-0.1744574653,0.0000217014
557697.4400229880,0.0302124023,9.7955322269,-0.0329589844,-0.0005316840,-0.1745225694,0.0000434028
557697.4500229880,0.0309753418,9.7987365726,-0.0173950195,-0.0003689236,-0.1745551215,0.0000325521
557697.4600229880,0.0311279297,9.7985839847,-0.0205993652,-0.0017469618,-0.1744574653,0.0000000000
557697.4700229880,0.0299072266,9.7961425784,-0.0302124023,0.0000976562,-0.1745876736,0.0000217014
557697.4800229880,0.0302124023,9.7999572757,-0.0096130371,-0.0012369792,-0.1745442708,0.0000108507
557697.4900229879,0.0300598145,9.7962951663,-0.0309753418,-0.0010416667,-0.1744574653,0.0000325521
557697.5000229880,0.0299072266,9.7978210452,-0.0230407715,0.0000108507,-0.1745659722,0.0000217014
557697.5100229880,0.0309753418,9.7996520999,-0.0129699707,-0.0018012153,-0.1744900174,0.0000542535
557697.5200229880,0.0308227539,9.7953796390,-0.0338745117,-0.0001193576,-0.1745008680,0.0000651042
557697.5300229880,0.0306701660,9.7998046878,-0.0146484375,-0.0008138021,-0.1744683160,0.0000434028
557697.5400229880,0.0296020508,9.7970581058,-0.0257873535,-0.0014756944,-0.1744900174,0.0000217014
557697.5500229880,0.0297546387,9.7970581058,-0.0260925293,0.0001519097,-0.1744574653,0.0000217014
557697.5600229880,0.0308227539,9.7999572757,-0.0115966797,-0.0015733507,-0.1743815104,0.0000434028
557697.5700229880,0.0315856934,9.7959899906,-0.0321960449,-0.0005099826,-0.1744574653,0.0000434028
557697.5800229880,0.0294494629,9.7984313968,-0.0181579590,-0.0003797743,-0.1745008680,0.0000434028
557697.5900229880,0.0297546387,9.7988891605,-0.0198364258,-0.0017686632,-0.1744683160,0.0000325521
557697.6000229880,0.0300598145,9.7950744632,-0.0299072266,0.0001410590,-0.1745876736,0.0000434028
557697.6100229881,0.0312805176,9.8007202152,-0.0103759766,-0.0012478299,-0.1745008680,0.0000108507
557697.6200229879,0.0302124023,9.7962951663,-0.0314331055,-0.0010091146,-0.1745334201,0.0000325521
557697.6300229880,0.0299072266,9.7973632816,-0.0207519531,-0.0000108507,-0.1745876736,0.0000434028
557697.6400229880,0.0308227539,9.7998046878,-0.0143432617,-0.0017578125,-0.1745334201,0.0000217014
557697.6500229880,0.0303649902,9.7949218753,-0.0340270996,-0.0000868056,-0.1745876736,0.0000434028
557697.6600229880,0.0314331055,9.7999572757,-0.0120544434,-0.0009331597,-0.1745659722,0.0000434028
557697.6700229880,0.0299072266,9.7966003421,-0.0259399414,-0.0013237847,-0.1744791667,0.0000217014
557697.6800229880,0.0306701660,9.7972106937,-0.0247192383,0.0001410590,-0.1745008680,0.0000325521
557697.6900229880,0.0309753418,9.7998046878,-0.0122070313,-0.0016710069,-0.1743923611,0.0000108507
557697.7000229880,0.0303649902,9.7956848148,-0.0364685059,-0.0004340278,-0.1745442708,0.0000325521
557697.7100229880,0.0292968750,9.7994995120,-0.0140380859,-0.0004448785,-0.1744357639,0.0000434028
557697.7200229890,0.0297546387,9.7981262210,-0.0192260742,-0.0017144097,-0.1744466146,0.0000434028
557697.7300229890,0.0312805176,9.7956848148,-0.0314331055,0.0001519097,-0.1745985243,0.0000325521
557697.7400229890,0.0311279297,9.8004150394,-0.0125122070,-0.0013563368,-0.1744791667,0.0000108507
557697.7500229890,0.0288391113,9.7961425784,-0.0311279297,-0.0010199653,-0.1744683160,0.0000108507
557697.7600229890,0.0292968750,9.7972106937,-0.0201416016,0.0000868056,-0.1749782986,0.0000542535
557697.7700229890,0.0320434570,9.7999572757,-0.0129699707,-0.0018446181,-0.1745659722,0.0000325521
557697.7800229890,0.0317382813,9.7949218753,-0.0370788574,-0.0001085069,-0.1745334201,0.0000217014
557697.7900229890,0.0288391113,9.8001098636,-0.0120544434,-0.0008138021,-0.1745985243,0.0000325521
557697.8000229890,0.0294494629,9.7982788089,-0.0216674805,-0.0015299479,-0.1744357639,0.0000434028
557697.8100229891,0.0314331055,9.7966003421,-0.0270080566,0.0002278646,-0.1744900174,0.0000108507
557697.8200229889,0.0318908691,9.8002624515,-0.0128173828,-0.0015733507,-0.1745985243,0.0000000000
557697.8300229890,0.0292968750,9.7955322269,-0.0346374512,-0.0006401910,-0.1743706597,0.0000325521
557697.8400229890,0.0285339355,9.7984313968,-0.0152587891,-0.0002604167,-0.1744249132,0.0000542535
557697.8500229890,0.0299072266,9.7990417484,-0.0164794922,-0.0018120660,-0.1745551215,0.0000542535
557697.8600229890,0.0326538086,9.7956848148,-0.0340270996,0.0001193576,-0.1744249132,0.0000434028
557697.8700229890,0.0305175781,9.8005676273,-0.0112915039,-0.0011284722,-0.1744683160,0.0000108507
557697.8800229890,0.0286865234,9.7966003421,-0.0267028809,-0.0012478299,-0.1745334201,0.0000325521
557697.8900229890,0.0297546387,9.7973632816,-0.0242614746,0.0001302083,-0.1745442708,0.0000434028
557697.9000229890,0.0311279297,9.8001098636,-0.0134277344,-0.0017035590,-0.1745659722,0.0000542535
557697.9100229890,0.0314331055,9.7958374027,-0.0358581543,-0.0003255208,-0.1745659722,0.0000434028
557697.9200229890,0.0294494629,9.7991943363,-0.0119018555,-0.0006076389,-0.1744683160,0.0000325521
557697.9300229891,0.0289916992,9.7985839847,-0.0221252441,-0.0016276042,-0.1744791667,0.0000542535
557697.9400229889,0.0300598145,9.7964477542,-0.0302124023,0.0001736111,-0.1745117187,0.0000217014
557697.9500229890,0.0318908691,9.8002624515,-0.0108337402,-0.0014865451,-0.1743598090,0.0000000000
557697.9600229890,0.0303649902,9.7959899906,-0.0329589844,-0.0007269965,-0.1745117187,0.0000325521
557697.9700229890,0.0283813477,9.7975158695,-0.0166320801,-0.0001844618,-0.1745659722,0.0000325521
557697.9800229890,0.0296020508,9.7991943363,-0.0166320801,-0.0018012153,-0.1744683160,0.0000325521
557697.9900229890,0.0320434570,9.7953796390,-0.0337219238,0.0000651042,-0.1745225694,0.0000542535
557698.0000229890,0.0311279297,9.8004150394,-0.0108337402,-0.0010959201,-0.1745551215,0.0000325521
557698.0100229890,0.0289916992,9.7973632816,-0.0286865234,-0.0013020833,-0.1747829861,0.0000217014
557698.0200229890,0.0297546387,9.7966003421,-0.0238037109,0.0001627604,-0.1745442708,0.0000434028
557698.0300229890,0.0308227539,9.7998046878,-0.0114440918,-0.0017469618,-0.1745117187,0.0000325521
557698.0400229890,0.0320434570,9.7946166995,-0.0346374512,-0.0003255208,-0.1745442708,0.0000434028
557698.0500229890,0.0297546387,9.7987365726,-0.0137329102,-0.0005859375,-0.1745008680,0.0000217014
557698.0600229891,0.0280761719,9.7984313968,-0.0227355957,-0.0016384549,-0.1744791667,0.0000434028
557698.0700229889,0.0297546387,9.7964477542,-0.0302124023,0.0001627604,-0.1745442708,0.0000542535
557698.0800229890,0.0311279297,9.8007202152,-0.0108337402,-0.0014431424,-0.1744900174,0.0000217014
557698.0900229890,0.0309753418,9.7959899906,-0.0303649902,-0.0008355035,-0.1744249132,0.0000000000
557698.1000229890,0.0292968750,9.7976684574,-0.0198364258,-0.0000868056,-0.1745008680,0.0000217014
557698.1100229890,0.0286865234,9.7993469241,-0.0173950195,-0.0018120660,-0.1744791667,0.0000542535
557698.1200229890,0.0300598145,9.7952270511,-0.0343322754,-0.0000325521,-0.1745008680,0.0000434028
557698.1300229890,0.0305175781,9.7994995120,-0.0096130371,-0.0009440104,-0.1744791667,0.0000325521
557698.1400229890,0.0312805176,9.7969055179,-0.0257873535,-0.0013888889,-0.1744683160,0.0000217014
557698.1500229890,0.0292968750,9.7970581058,-0.0273132324,0.0002061632,-0.1745008680,0.0000325521
557698.1600229890,0.0291442871,9.7998046878,-0.0114440918,-0.0016601562,-0.1744791667,0.0000434028
557698.1700229890,0.0305175781,9.7959899906,-0.0329589844,-0.0005425347,-0.1745334201,0.0000434028
557698.1800229891,0.0308227539,9.7987365726,-0.0149536133,-0.0003689236,-0.1745008680,0.0000434028
557698.1900229889,0.0302124023,9.7988891605,-0.0201416016,-0.0017144097,-0.1744683160,0.0000000000
557698.2000229890,0.0286865234,9.7959899906,-0.0321960449,0.0000868056,-0.1745117187,0.0000434028
557698.2100229890,0.0302124023,9.8001098636,-0.0091552734,-0.0013237847,-0.1744249132,0.0000542535
557698.2200229890,0.0306701660,9.7964477542,-0.0292968750,-0.0009440104,-0.1745008680,0.0000325521
557698.2300229890,0.0306701660,9.7981262210,-0.0216674805,0.0000000000,-0.1745008680,0.0000434028
557698.2400229890,0.0300598145,9.7996520999,-0.0152587891,-0.0018337674,-0.1744249132,0.0000217014
557698.2500229890,0.0294494629,9.7955322269,-0.0338745117,-0.0001193576,-0.1744900174,0.0000325521
557698.2600229890,0.0299072266,9.8002624515,-0.0119018555,-0.0008355035,-0.1744791667,0.0000651042
557698.2700229890,0.0311279297,9.7975158695,-0.0242614746,-0.0014431424,-0.1744140625,0.0000108507
557698.2800229890,0.0300598145,9.7966003421,-0.0279235840,0.0001736111,-0.1744357639,0.0000325521
557698.2900229890,0.0288391113,9.8004150394,-0.0112915039,-0.0015842014,-0.1744466146,0.0000434028
557698.3000229890,0.0299072266,9.7956848148,-0.0337219238,-0.0005750868,-0.1745008680,0.0000542535
557698.3100229891,0.0292968750,9.7994995120,-0.0170898438,-0.0003038194,-0.1745876736,0.0000542535
557698.3200229889,0.0305175781,9.7993469241,-0.0183105469,-0.0017686632,-0.1744791667,0.0000325521
557698.3300229890,0.0311279297,9.7959899906,-0.0320434570,0.0000868056,-0.1744683160,0.0000325521
557698.3400229890,0.0288391113,9.8002624515,-0.0102233887,-0.0011935764,-0.1745442708,0.0000434028
557698.3500229890,0.0294494629,9.7966003421,-0.0283813477,-0.0011610243,-0.1744791667,0.0000325521
557698.3600229890,0.0306701660,9.7967529300,-0.0242614746,0.0001410590,-0.1745008680,0.0000542535
557698.3700229890,0.0302124023,9.7999572757,-0.0128173828,-0.0017686632,-0.1745117187,0.0000217014
557698.3800229890,0.0299072266,9.7949218753,-0.0337219238,-0.0002821181,-0.1745008680,0.0000434028
557698.3900229890,0.0289916992,9.7998046878,-0.0134277344,-0.0005859375,-0.1744574653,0.0000434028
557698.4000229890,0.0299072266,9.7981262210,-0.0221252441,-0.0016710069,-0.1743923611,0.0000217014
557698.4100229890,0.0311279297,9.7961425784,-0.0297546387,0.0001627604,-0.1744900174,0.0000434028
557698.4200229890,0.0299072266,9.8004150394,-0.0096130371,-0.0014539931,-0.1744574653,0.0000217014
557698.4300229891,0.0288391113,9.7962951663,-0.0323486328,-0.0007703993,-0.1745008680,0.0000434028
557698.4400229889,0.0297546387,9.7978210452,-0.0201416016,-0.0001519097,-0.1745551215,0.0000434028
557698.4500229890,0.0308227539,9.7988891605,-0.0161743164,-0.0017903646,-0.1744466146,0.0000217014
557698.4600229890,0.0294494629,9.7958374027,-0.0325012207,0.0000000000,-0.1746093750,0.0000434028
557698.4700229890,0.0291442871,9.7998046878,-0.0108337402,-0.0010199653,-0.1744791667,0.0000325521
557698.4800229890,0.0302124023,9.7970581058,-0.0276184082,-0.0013237847,-0.1744683160,0.0000217014
557698.4900229890,0.0306701660,9.7970581058,-0.0268554688,0.0001844618,-0.1745008680,0.0000325521
557698.5000229890,0.0300598145,9.8001098636,-0.0106811523,-0.0017144097,-0.1743706597,0.0000434028
557698.5100229890,0.0291442871,9.7955322269,-0.0341796875,-0.0004557292,-0.1745008680,0.0000542535
557698.5200229890,0.0296020508,9.7990417484,-0.0154113770,-0.0004123264,-0.1745008680,0.0000434028
557698.5300229890,0.0314331055,9.7978210452,-0.0190734863,-0.0017578125,-0.1744466146,0.0000217014
557698.5400229890,0.0299072266,9.7964477542,-0.0321960449,0.0001193576,-0.1745334201,0.0000325521
557698.5500229890,0.0288391113,9.8002624515,-0.0103759766,-0.0012912326,-0.1744357639,0.0000325521
557698.5600229891,0.0300598145,9.7964477542,-0.0297546387,-0.0009765625,-0.1745117187,0.0000542535
557698.5700229889,0.0311279297,9.7978210452,-0.0213623047,0.0000000000,-0.1745551215,0.0000434028
557698.5800229890,0.0292968750,9.7996520999,-0.0132751465,-0.0018120660,-0.1744574653,0.0000325521
557698.5900229890,0.0285339355,9.7952270511,-0.0340270996,-0.0001627604,-0.1745117187,0.0000434028
557698.6000229890,0.0296020508,9.8002624515,-0.0125122070,-0.0008355035,-0.1744683160,0.0000542535
557698.6100229890,0.0321960449,9.7976684574,-0.0247192383,-0.0014648437,-0.1744900174,0.0000217014
557698.6200229890,0.0299072266,9.7969055179,-0.0273132324,0.0002061632,-0.1745225694,0.0000434028
557698.6300229890,0.0292968750,9.8001098636,-0.0111389160,-0.0016276042,-0.1745442708,0.0000434028
557698.6400229890,0.0296020508,9.7955322269,-0.0332641602,-0.0005533854,-0.1745225694,0.0000434028
557698.6500229890,0.0320434570,9.7984313968,-0.0160217285,-0.0003472222,-0.1744791667,0.0000651042
557698.6600229890,0.0300598145,9.7985839847,-0.0201416016,-0.0017361111,-0.1744683160,0.0000108507
557698.6700229890,0.0276184082,9.7959899906,-0.0323486328,0.0000868056,-0.1745008680,0.0000434028
557698.6800229891,0.0296020508,9.8001098636,-0.0094604492,-0.0012152778,-0.1744683160,0.0000542535
557698.6900229889,0.0318908691,9.7964477542,-0.0296020508,-0.0011176215,-0.1745334201,0.0000434028
557698.7000229890,0.0308227539,9.7978210452,-0.0228881836,0.0000976562,-0.1744032118,0.0000325521
557698.7100229890,0.0289916992,9.7996520999,-0.0129699707,-0.0018120660,-0.1744574653,0.0000325521
557698.7200229890,0.0289916992,9.7955322269,-0.0340270996,-0.0002821181,-0.1745551215,0.0000542535
557698.7300229890,0.0305175781,9.7998046878,-0.0126647949,-0.0006293403,-0.1744791667,0.0000542535
557698.7400229890,0.0300598145,9.7982788089,-0.0222778320,-0.0016276042,-0.1745117187,0.0000217014
557698.7500229890,0.0297546387,9.7962951663,-0.0297546387,0.0002170139,-0.1745768229,0.0000434028
557698.7600229890,0.0296020508,9.8004150394,-0.0096130371,-0.0014648437,-0.1745334201,0.0000434028
557698.7700229890,0.0299072266,9.7959899906,-0.0314331055,-0.0008138021,-0.1745442708,0.0000542535
557698.7800229890,0.0302124023,9.7985839847,-0.0198364258,-0.0001519097,-0.1746093750,0.0000542535
557698.7900229900,0.0296020508,9.7994995120,-0.0157165527,-0.0018120660,-0.1744574653,0.0000217014
557698.8000229900,0.0302124023,9.7962951663,-0.0323486328,-0.0000217014,-0.1745334201,0.0000325521
557698.8100229900,0.0292968750,9.7998046878,-0.0114440918,-0.0010308160,-0.1745117187,0.0000434028
557698.8200229900,0.0292968750,9.7967529300,-0.0276184082,-0.0012803819,-0.1743923611,0.0000542535
557698.8300229900,0.0309753418,9.7966003421,-0.0233459473,0.0001410590,-0.1745008680,0.0000434028
557698.8400229900,0.0305175781,9.7994995120,-0.0122070313,-0.0016710069,-0.1745334201,0.0000434028
557698.8500229900,0.0283813477,9.7964477542,-0.0346374512,-0.0004448785,-0.1744791667,0.0000325521
557698.8600229900,0.0288391113,9.7990417484,-0.0152587891,-0.0004557292,-0.1745225694,0.0000651042
557698.8700229900,0.0305175781,9.7981262210,-0.0189208984,-0.0017361111,-0.1745659722,0.0000542535
557698.8800229901,0.0311279297,9.7961425784,-0.0308227539,0.0001627604,-0.1744900174,0.0000542535
557698.8900229899,0.0292968750,9.8001098636,-0.0105285645,-0.0012478299,-0.1745008680,0.0000542535
557698.9000229900,0.0274658203,9.7966003421,-0.0309753418,-0.0010525174,-0.1745442708,0.0000759549
557698.9100229900,0.0315856934,9.7981262210,-0.0216674805,-0.0000108507,-0.1745008680,0.0000542535
557698.9200229900,0.0311279297,9.7994995120,-0.0123596191,-0.0018229167,-0.1744683160,0.0000217014
557698.9300229900,0.0299072266,9.7955322269,-0.0346374512,-0.0001302083,-0.1745551215,0.0000325521
557698.9400229900,0.0273132324,9.7998046878,-0.0132751465,-0.0007703993,-0.1745008680,0.0000325521
557698.9500229900,0.0288391113,9.7978210452,-0.0231933594,-0.0015516493,-0.1745117187,0.0000542535
557698.9600229900,0.0312805176,9.7962951663,-0.0270080566,0.0002387153,-0.1745117187,0.0000434028
557698.9700229900,0.0305175781,9.7999572757,-0.0103759766,-0.0015299479,-0.1745117187,0.0000217014
557698.9800229900,0.0277709961,9.7958374027,-0.0347900391,-0.0007052951,-0.1744683160,0.0000434028
557698.9900229900,0.0291442871,9.7987365726,-0.0172424316,-0.0002604167,-0.1745659722,0.0000434028
557699.0000229900,0.0314331055,9.7990417484,-0.0155639648,-0.0018012153,-0.1745225694,0.0000325521
557699.0100229901,0.0302124023,9.7955322269,-0.0326538086,0.0000651042,-0.1748589410,0.0000325521
557699.0200229899,0.0286865234,9.8001098636,-0.0108337402,-0.0011176215,-0.1745659722,0.0000108507
557699.0300229900,0.0280761719,9.7964477542,-0.0294494629,-0.0011610243,-0.1745117187,0.0000651042
557699.0400229900,0.0300598145,9.7973632816,-0.0236511230,0.0000542535,-0.1745334201,0.0000651042
557699.0500229900,0.0312805176,9.7999572757,-0.0125122070,-0.0017144097,-0.1745442708,0.0000542535
557699.0600229900,0.0294494629,9.7955322269,-0.0332641602,-0.0003580729,-0.1744791667,0.0000325521
557699.0700229900,0.0282287598,9.7991943363,-0.0134277344,-0.0006401910,-0.1744249132,0.0000434028
557699.0800229900,0.0297546387,9.7979736331,-0.0224304199,-0.0015733507,-0.1744140625,0.0000651042
557699.0900229900,0.0306701660,9.7958374027,-0.0294494629,0.0001736111,-0.1744466146,0.0000759549
557699.1000229900,0.0294494629,9.8002624515,-0.0102233887,-0.0014756944,-0.1744249132,0.0000434028
557699.1100229900,0.0291442871,9.7962951663,-0.0320434570,-0.0007703993,-0.1744140625,0.0000542535
557699.1200229900,0.0296020508,9.7985839847,-0.0180053711,-0.0001953125,-0.1744357639,0.0000542535
557699.1300229901,0.0299072266,9.7987365726,-0.0160217285,-0.0018337674,-0.1744683160,0.0000542535
557699.1400229899,0.0306701660,9.7955322269,-0.0335693359,0.0000325521,-0.1745117187,0.0000434028
557699.1500229900,0.0291442871,9.7996520999,-0.0105285645,-0.0010091146,-0.1745225694,0.0000542535
557699.1600229900,0.0289916992,9.7975158695,-0.0270080566,-0.0013346354,-0.1744357639,0.0000542535
557699.1700229900,0.0302124023,9.7967529300,-0.0242614746,0.0001736111,-0.1745117187,0.0000542535
557699.1800229900,0.0303649902,9.7994995120,-0.0103759766,-0.0016710069,-0.1744900174,0.0000542535
557699.1900229900,0.0289916992,9.7946166995,-0.0338745117,-0.0004557292,-0.1744249132,0.0000542535
557699.2000229900,0.0306701660,9.7990417484,-0.0152587891,-0.0004991319,-0.1744791667,0.0000434028
557699.2100229900,0.0306701660,9.7981262210,-0.0199890137,-0.0016601562,-0.1744574653,0.0000434028
557699.2200229900,0.0297546387,9.7961425784,-0.0302124023,0.0001627604,-0.1745117187,0.0000542535
557699.2300229900,0.0297546387,9.7996520999,-0.0103759766,-0.0013563368,-0.1744357639,0.0000542535
557699.2400229900,0.0296020508,9.7958374027,-0.0311279297,-0.0009223090,-0.1744574653,0.0000651042
557699.2500229900,0.0296020508,9.7981262210,-0.0204467773,-0.0000434028,-0.1744466146,0.0000434028
557699.2600229901,0.0299072266,9.7984313968,-0.0137329102,-0.0018554687,-0.1744900174,0.0000542535
557699.2700229899,0.0283813477,9.7952270511,-0.0347900391,-0.0000976562,-0.1745225694,0.0000542535
557699.2800229900,0.0296020508,9.7993469241,-0.0123596191,-0.0007921007,-0.1745334201,0.0000542535
557699.2900229900,0.0306701660,9.7978210452,-0.0231933594,-0.0015516493,-0.1744791667,0.0000542535
557699.3000229900,0.0300598145,9.7958374027,-0.0276184082,0.0002604167,-0.1745768229,0.0000325521
557699.3100229900,0.0291442871,9.8004150394,-0.0082397461,-0.0014973958,-0.1745225694,0.0000542535
557699.3200229900,0.0296020508,9.7959899906,-0.0325012207,-0.0008680556,-0.1744466146,0.0000651042
557699.3300229900,0.0311279297,9.7975158695,-0.0202941895,-0.0000325521,-0.1741970486,0.0000434028
557699.3400229900,0.0314331055,9.7991943363,-0.0122070313,-0.0018771701,-0.1730902778,0.0000217014
557699.3500229900,0.0296020508,9.7953796390,-0.0328063965,-0.0000759549,-0.1719618055,0.0000325521
557699.3600229900,0.0296020508,9.7991943363,-0.0114440918,-0.0007161458,-0.1706597222,0.0000759549
557699.3700229900,0.0308227539,9.7973632816,-0.0227355957,-0.0015516493,-0.1692382812,0.0000434028
557699.3800229901,0.0315856934,9.7970581058,-0.0268554688,0.0002387153,-0.1685546875,0.0000542535
557699.3900229899,0.0305175781,9.8001098636,-0.0079345703,-0.0015082465,-0.1676540799,0.0000217014
557699.4000229900,0.0283813477,9.7958374027,-0.0326538086,-0.0007486979,-0.1667860243,0.0000217014
557699.4100229900,0.0303649902,9.7985839847,-0.0199890137,-0.0000976562,-0.1664279514,0.0000434028
557699.4200229900,0.0311279297,9.7985839847,-0.0146484375,-0.0017578125,-0.1653320312,0.0000651042
557699.4300229900,0.0300598145,9.7958374027,-0.0306701660,0.0000325521,-0.1642469618,0.0000542535
557699.4400229900,0.0292968750,9.8001098636,-0.0096130371,-0.0009223090,-0.1636827257,0.0000434028
557699.4500229900,0.0292968750,9.7967529300,-0.0265502930,-0.0012912326,-0.1625325521,0.0000542535
557699.4600229900,0.0303649902,9.7972106937,-0.0259399414,0.0002170139,-0.1618489583,0.0000325521
557699.4700229900,0.0318908691,9.7994995120,-0.0099182129,-0.0016710069,-0.1610134549,0.0000325521
557699.4800229900,0.0296020508,9.7956848148,-0.0321960449,-0.0004123264,-0.1599500868,0.0000542535
557699.4900229900,0.0280761719,9.7991943363,-0.0151062012,-0.0003146701,-0.1593207465,0.0000651042
557699.5000229900,0.0320434570,9.7988891605,-0.0164794922,-0.0016384549,-0.1576931424,0.0000651042
557699.5100229901,0.0297546387,9.7947692874,-0.0321960449,0.0002061632,-0.1571397569,0.0000325521
557699.5200229899,0.0283813477,9.8004150394,-0.0096130371,-0.0011827257,-0.1571397569,0.0000325521
557699.5300229900,0.0306701660,9.7955322269,-0.0279235840,-0.0010308160,-0.1560872396,0.0000325521
557699.5400229900,0.0297546387,9.7978210452,-0.0222778320,0.0001193576,-0.1551215278,0.0000325521
557699.5500229900,0.0296020508,9.7991943363,-0.0131225586,-0.0016601562,-0.1541992187,0.0000434028
557699.5600229900,0.0320434570,9.7953796390,-0.0296020508,-0.0001627604,-0.1524631076,0.0000434028
557699.5700229900,0.0299072266,9.7994995120,-0.0126647949,-0.0005533854,-0.1521592882,0.0000434028
557699.5800229900,0.0289916992,9.7972106937,-0.0244140625,-0.0014214410,-0.1515842014,0.0000434028
557699.5900229900,0.0299072266,9.7967529300,-0.0279235840,0.0002170139,-0.1504557292,0.0000542535
557699.6000229900,0.0311279297,9.7999572757,-0.0091552734,-0.0014539931,-0.1498263889,0.0000217014
557699.6100229900,0.0305175781,9.7950744632,-0.0305175781,-0.0005533854,-0.1488823785,0.0000217014
557699.6200229900,0.0286865234,9.7981262210,-0.0172424316,-0.0001302083,-0.1478081597,0.0000542535
557699.6300229901,0.0296020508,9.7990417484,-0.0180053711,-0.0016818576,-0.1472005208,0.0000434028
557699.6400229899,0.0315856934,9.7956848148,-0.0294494629,0.0001844618,-0.1460828993,0.0000542535
557699.6500229900,0.0305175781,9.7994995120,-0.0079345703,-0.0010850694,-0.1449978299,0.0000325521
557699.6600229900,0.0286865234,9.7966003421,-0.0294494629,-0.0009874132,-0.1447048611,0.0000325521
557699.6700229900,0.0289916992,9.7976684574,-0.0228881836,0.0001844618,-0.1436089410,0.0000325521
557699.6800229900,0.0303649902,9.8004150394,-0.0103759766,-0.0016818576,-0.1424479167,0.0000325521
557699.6900229900,0.0308227539,9.7950744632,-0.0325012207,-0.0000759549,-0.1417751736,0.0000542535
557699.7000229900,0.0300598145,9.7991943363,-0.0117492676,-0.0003906250,-0.1405924479,0.0000542535
557699.7100229900,0.0285339355,9.7973632816,-0.0227355957,-0.0015299479,-0.1402669271,0.0000434028
557699.7200229900,0.0302124023,9.7956848148,-0.0291442871,0.0003146701,-0.1393446180,0.0000434028
557699.7300229900,0.0300598145,9.8004150394,-0.0067138672,-0.0012478299,-0.1382486979,0.0000325521
557699.7400229900,0.0294494629,9.7958374027,-0.0289916992,-0.0007595486,-0.1374565972,0.0000325521
557699.7500229900,0.0297546387,9.7981262210,-0.0212097168,0.0000976562,-0.1365342882,0.0000434028
557699.7600229901,0.0299072266,9.7996520999,-0.0140380859,-0.0016384549,-0.1355143229,0.0000542535
557699.7700229899,0.0294494629,9.7950744632,-0.0321960449,0.0000542535,-0.1355143229,0.0000325521
557699.7800229900,0.0300598145,9.8005676273,-0.0097656250,-0.0006944444,-0.1339626736,0.0000217014
557699.7900229900,0.0286865234,9.7973632816,-0.0250244141,-0.0012586806,-0.1329969618,0.0000325521
557699.8000229900,0.0297546387,9.7962951663,-0.0250244141,0.0003146701,-0.1322374132,0.0000434028
557699.8100229900,0.0305175781,9.8005676273,-0.0088500977,-0.0014322917,-0.1304904514,0.0000217014
557699.8200229900,0.0288391113,9.7952270511,-0.0317382813,-0.0003038194,-0.1305881076,0.0000542535
557699.8300229900,0.0291442871,9.7988891605,-0.0158691406,-0.0002061632,-0.1301649306,0.0000434028
557699.8400229900,0.0296020508,9.7988891605,-0.0190734863,-0.0015082465,-0.1289388021,0.0000325521
557699.8500229900,0.0283813477,9.7958374027,-0.0296020508,0.0003146701,-0.1282226562,0.0000434028
557699.8600229900,0.0308227539,9.8005676273,-0.0073242188,-0.0010742187,-0.1270290799,0.0000325521
557699.8700229910,0.0300598145,9.7966003421,-0.0279235840,-0.0008572049,-0.1256076389,0.0000325521
557699.8800229910,0.0286865234,9.7979736331,-0.0222778320,0.0002278646,-0.1254123264,0.0000434028
557699.8900229910,0.0283813477,9.7994995120,-0.0123596191,-0.0015733507,-0.1243598090,0.0000542535
557699.9000229910,0.0291442871,9.7950744632,-0.0317382813,0.0000542535,-0.1233181424,0.0000325521
557699.9100229910,0.0308227539,9.7993469241,-0.0120544434,-0.0005642361,-0.1229383681,0.0000434028
557699.9200229910,0.0289916992,9.7973632816,-0.0227355957,-0.0012695312,-0.1216905382,0.0000325521
557699.9300229910,0.0283813477,9.7964477542,-0.0262451172,0.0003689236,-0.1208875868,0.0000217014
557699.9400229910,0.0285339355,9.8002624515,-0.0088500977,-0.0013780382,-0.1202473958,0.0000434028
557699.9500229910,0.0315856934,9.7959899906,-0.0326538086,-0.0003689236,-0.1189561632,0.0000108507
557699.9600229911,0.0292968750,9.7985839847,-0.0170898438,0.0000000000,-0.1185004340,0.0000325521
557699.9700229910,0.0283813477,9.7988891605,-0.0157165527,-0.0015842014,-0.1176974826,0.0000325521
557699.9800229910,0.0292968750,9.7952270511,-0.0306701660,0.0003146701,-0.1166558160,0.0000542535
557699.9900229910,0.0305175781,9.8002624515,-0.0091552734,-0.0009006076,-0.1158094618,0.0000217014
557700.0000229910,0.0306701660,9.7967529300,-0.0270080566,-0.0009548611,-0.1146918403,0.0000217014
557700.0100229910,0.0282287598,9.7973632816,-0.0228881836,0.0003580729,-0.1138454861,0.0000217014
557700.0200229910,0.0279235840,9.7999572757,-0.0112915039,-0.0014756944,-0.1133355035,0.0000651042
557700.0300229910,0.0309753418,9.7955322269,-0.0320434570,-0.0000542535,-0.1120008681,0.0000217014
557700.0400229910,0.0296020508,9.7999572757,-0.0119018555,-0.0002929687,-0.1112521701,0.0000217014
557700.0500229910,0.0286865234,9.7978210452,-0.0195312500,-0.0013888889,-0.1107638889,0.0000000000
557700.0600229910,0.0286865234,9.7956848148,-0.0297546387,0.0004340278,-0.1094292535,0.0000325521
557700.0700229910,0.0283813477,9.8005676273,-0.0093078613,-0.0011393229,-0.1086697049,0.0000434028
557700.0800229911,0.0308227539,9.7962951663,-0.0283813477,-0.0006293403,-0.1079861111,0.0000325521
557700.0900229909,0.0297546387,9.7978210452,-0.0199890137,0.0002604167,-0.1067382812,0.0000325521
557700.1000229910,0.0276184082,9.7998046878,-0.0141906738,-0.0015299479,-0.1063042535,0.0000108507
557700.1100229910,0.0302124023,9.7956848148,-0.0302124023,0.0001844618,-0.1049587674,0.0000325521
557700.1200229910,0.0283813477,9.7998046878,-0.0117492676,-0.0005967882,-0.1042860243,0.0000217014
557700.1300229910,0.0297546387,9.7976684574,-0.0247192383,-0.0011393229,-0.1037109375,0.0000217014
557700.1400229910,0.0291442871,9.7964477542,-0.0262451172,0.0004991319,-0.1029947917,0.0000434028
557700.1500229910,0.0285339355,9.8004150394,-0.0088500977,-0.0013454861,-0.1019422743,0.0000325521
557700.1600229910,0.0297546387,9.7956848148,-0.0325012207,-0.0002387153,-0.1011501736,0.0000434028
557700.1700229910,0.0308227539,9.7987365726,-0.0144958496,0.0000651042,-0.0994574653,0.0000325521
557700.1800229910,0.0279235840,9.7990417484,-0.0177001953,-0.0015733507,-0.0989366319,0.0000325521
557700.1900229910,0.0288391113,9.7955322269,-0.0329589844,0.0004340278,-0.0982313368,0.0000217014
557700.2000229910,0.0292968750,9.7999572757,-0.0076293945,-0.0007595486,-0.0973307292,0.0000217014
557700.2100229911,0.0288391113,9.7973632816,-0.0276184082,-0.0010091146,-0.0967881944,0.0000325521
557700.2200229910,0.0302124023,9.7972106937,-0.0228881836,0.0005533854,-0.0957465278,0.0000217014
557700.2300229910,0.0285339355,9.8001098636,-0.0102233887,-0.0014105903,-0.0947699653,0.0000325521
557700.2400229910,0.0296020508,9.7950744632,-0.0328063965,-0.0000651042,-0.0939453125,0.0000325521
557700.2500229910,0.0299072266,9.7993469241,-0.0128173828,-0.0001085069,-0.0928493924,0.0000217014
557700.2600229910,0.0283813477,9.7985839847,-0.0199890137,-0.0013888889,-0.0921115451,0.0000108507
557700.2700229910,0.0292968750,9.7959899906,-0.0291442871,0.0005208333,-0.0916015625,0.0000217014
557700.2800229910,0.0283813477,9.8011779788,-0.0079345703,-0.0009765625,-0.0902994792,0.0000542535
557700.2900229910,0.0299072266,9.7964477542,-0.0283813477,-0.0005642361,-0.0893554687,0.0000325521
557700.3000229910,0.0289916992,9.7976684574,-0.0207519531,0.0003363715,-0.0887369792,0.0000325521
557700.3100229910,0.0286865234,9.7996520999,-0.0126647949,-0.0014105903,-0.0875542535,0.0000000000
557700.3200229910,0.0280761719,9.7949218753,-0.0334167480,0.0002278646,-0.0872178819,0.0000217014
557700.3300229911,0.0296020508,9.8001098636,-0.0102233887,-0.0004774306,-0.0860568576,0.0000217014
557700.3400229909,0.0291442871,9.7973632816,-0.0234985352,-0.0010416667,-0.0849934896,0.0000325521
557700.3500229910,0.0296020508,9.7967529300,-0.0256347656,0.0005208333,-0.0843207465,0.0000325521
557700.3600229910,0.0291442871,9.7996520999,-0.0096130371,-0.0012478299,-0.0833224826,0.0000217014
557700.3700229910,0.0282287598,9.7952270511,-0.0312805176,-0.0000976562,-0.0824544271,0.0000217014
557700.3800229910,0.0289916992,9.7991943363,-0.0157165527,0.0000000000,-0.0823459201,0.0000108507
557700.3900229910,0.0299072266,9.7991943363,-0.0178527832,-0.0013563368,-0.0808159722,0.0000108507
557700.4000229910,0.0292968750,9.7958374027,-0.0292968750,0.0005099826,-0.0798285590,0.0000217014
557700.4100229910,0.0282287598,9.8007202152,-0.0080871582,-0.0009223090,-0.0793836806,0.0000434028
557700.4200229910,0.0299072266,9.7962951663,-0.0277709961,-0.0005316840,-0.0773980035,0.0000217014
557700.4300229910,0.0280761719,9.7976684574,-0.0205993652,0.0003797743,-0.0773871528,0.0000434028
557700.4400229910,0.0286865234,9.7996520999,-0.0138854980,-0.0013888889,-0.0768554687,0.0000217014
557700.4500229910,0.0294494629,9.7953796390,-0.0315856934,0.0002712674,-0.0755750868,0.0000217014
557700.4600229911,0.0277709961,9.7999572757,-0.0100708008,-0.0003906250,-0.0750325521,0.0000217014
557700.4700229910,0.0294494629,9.7979736331,-0.0222778320,-0.0011284722,-0.0737738715,0.0000217014
557700.4800229910,0.0286865234,9.7961425784,-0.0267028809,0.0007052951,-0.0728407118,0.0000217014
557700.4900229910,0.0282287598,9.8005676273,-0.0094604492,-0.0011284722,-0.0723198785,0.0000325521
557700.5000229910,0.0299072266,9.7956848148,-0.0315856934,-0.0002278646,-0.0711588542,0.0000325521
557700.5100229910,0.0289916992,9.7988891605,-0.0172424316,0.0002170139,-0.0702690972,0.0000108507
557700.5200229910,0.0276184082,9.7993469241,-0.0161743164,-0.0013671875,-0.0696723090,0.0000217014
557700.5300229910,0.0297546387,9.7949218753,-0.0305175781,0.0004665799,-0.0683919271,0.0000108507
557700.5400229910,0.0292968750,9.8005676273,-0.0094604492,-0.0005642361,-0.0678168403,0.0000217014
557700.5500229910,0.0288391113,9.7967529300,-0.0267028809,-0.0008355035,-0.0670247396,0.0000217014
557700.5600229910,0.0292968750,9.7970581058,-0.0238037109,0.0006293403,-0.0657552083,0.0000217014
557700.5700229910,0.0279235840,9.7998046878,-0.0099182129,-0.0012586806,-0.0652994792,0.0000217014
557700.5800229911,0.0300598145,9.7959899906,-0.0308227539,0.0000434028,-0.0642469618,0.0000108507
557700.5900229909,0.0289916992,9.7990417484,-0.0140380859,0.0000325521,-0.0630967882,0.0000325521
557700.6000229910,0.0280761719,9.7990417484,-0.0192260742,-0.0012803819,-0.0623697917,0.0000000000
557700.6100229910,0.0291442871,9.7956848148,-0.0289916992,0.0006618924,-0.0616319444,0.0000217014
557700.6200229910,0.0280761719,9.8004150394,-0.0079345703,-0.0008138021,-0.0608398437,0.0000108507
557700.6300229910,0.0292968750,9.7962951663,-0.0297546387,-0.0005208333,-0.0600911458,0.0000217014
557700.6400229910,0.0286865234,9.7979736331,-0.0198364258,0.0004991319,-0.0588867187,0.0000108507
557700.6500229910,0.0286865234,9.7994995120,-0.0123596191,-0.0013129340,-0.0579318576,0.0000000000
557700.6600229910,0.0282287598,9.7953796390,-0.0321960449,0.0003472222,-0.0572916667,0.0000108507
557700.6700229910,0.0297546387,9.7999572757,-0.0099182129,-0.0003255208,-0.0563042535,0.0000325521
557700.6800229910,0.0286865234,9.7970581058,-0.0257873535,-0.0009223090,-0.0557942708,0.0000108507
557700.6900229910,0.0292968750,9.7970581058,-0.0239562988,0.0006835937,-0.0545789931,0.0000325521
557700.7000229910,0.0285339355,9.8002624515,-0.0076293945,-0.0010850694,-0.0536892361,0.0000108507
557700.7100229911,0.0271606445,9.7959899906,-0.0349426270,-0.0000108507,-0.0534613715,0.0000108507
557700.7200229910,0.0308227539,9.7994995120,-0.0123596191,0.0001302083,-0.0517035590,0.0000217014
557700.7300229910,0.0285339355,9.7984313968,-0.0172424316,-0.0012586806,-0.0512044271,0.0000000000
557700.7400229910,0.0283813477,9.7956848148,-0.0312805176,0.0006401910,-0.0505642361,0.0000325521
557700.7500229910,0.0299072266,9.8005676273,-0.0082397461,-0.0006835937,-0.0491970486,0.0000000000
557700.7600229910,0.0283813477,9.7967529300,-0.0279235840,-0.0005425347,-0.0484592014,0.0000217014
557700.7700229910,0.0285339355,9.7978210452,-0.0201416016,0.0005533854,-0.0480685764,0.0000217014
557700.7800229910,0.0297546387,9.7999572757,-0.0111389160,-0.0012261285,-0.0462131076,0.0000000000
557700.7900229910,0.0274658203,9.7952270511,-0.0325012207,0.0003580729,-0.0459309896,0.0000217014
557700.8000229910,0.0285339355,9.7993469241,-0.0109863281,-0.0003146701,-0.0455403646,0.0000108507
557700.8100229910,0.0302124023,9.7976684574,-0.0241088867,-0.0008246528,-0.0440429687,0.0000108507
557700.8200229910,0.0288391113,9.7967529300,-0.0242614746,0.0006727431,-0.0433702257,0.0000217014
557700.8300229911,0.0274658203,9.8004150394,-0.0102233887,-0.0010959201,-0.0425564236,0.0000000000
557700.8400229909,0.0288391113,9.7958374027,-0.0320434570,0.0001410590,-0.0412326389,0.0000108507
557700.8500229910,0.0291442871,9.7990417484,-0.0135803223,0.0001085069,-0.0410047743,0.0000217014
557700.8600229910,0.0299072266,9.7987365726,-0.0180053711,-0.0011718750,-0.0398003472,0.0000000000
557700.8700229910,0.0279235840,9.7962951663,-0.0317382813,0.0007161458,-0.0388129340,0.0000108507
557700.8800229910,0.0271606445,9.8001098636,-0.0074768066,-0.0007052951,-0.0383897569,0.0000217014
557700.8900229910,0.0296020508,9.7962951663,-0.0277709961,-0.0004231771,-0.0370876736,0.0000217014
557700.9000229910,0.0305175781,9.7978210452,-0.0207519531,0.0005967882,-0.0362521701,0.0000108507
557700.9100229910,0.0270080566,9.7996520999,-0.0132751465,-0.0012152778,-0.0356119792,-0.0000108507
557700.9200229910,0.0279235840,9.7953796390,-0.0315856934,0.0003580729,-0.0342773437,0.0000000000
557700.9300229910,0.0294494629,9.7996520999,-0.0112915039,-0.0000759549,-0.0337999132,0.0000108507
557700.9400229920,0.0303649902,9.7981262210,-0.0213623047,-0.0009657118,-0.0328233507,0.0000000000
557700.9500229920,0.0294494629,9.7964477542,-0.0277709961,0.0008355035,-0.0316731771,0.0000108507
557700.9600229920,0.0271606445,9.8005676273,-0.0094604492,-0.0009006076,-0.0311740451,0.0000000000
557700.9700229920,0.0280761719,9.7955322269,-0.0289916992,-0.0000976562,-0.0303710937,0.0000217014
557700.9800229920,0.0311279297,9.7987365726,-0.0178527832,0.0003472222,-0.0292209201,0.0000108507
557700.9900229920,0.0273132324,9.7990417484,-0.0170898438,-0.0010959201,-0.0291015625,-0.0000108507
557701.0000229920,0.0280761719,9.7959899906,-0.0294494629,0.0005642361,-0.0275607639,0.0000000000
557701.0100229920,0.0297546387,9.8004150394,-0.0083923340,-0.0004340278,-0.0264865451,0.0000217014
557701.0200229920,0.0285339355,9.7966003421,-0.0271606445,-0.0005533854,-0.0260633681,0.0000000000
557701.0300229921,0.0297546387,9.7978210452,-0.0225830078,0.0007703993,-0.0240451389,0.0000108507
557701.0400229919,0.0276184082,9.7999572757,-0.0111389160,-0.0010850694,-0.0241210937,0.0000000000
557701.0500229920,0.0285339355,9.7950744632,-0.0321960449,0.0002712674,-0.0239040799,0.0000000000
557701.0600229920,0.0294494629,9.7996520999,-0.0132751465,0.0000868056,-0.0226562500,0.0000108507
557701.0700229920,0.0292968750,9.7984313968,-0.0198364258,-0.0009982639,-0.0217013889,0.0000000000
557701.0800229920,0.0285339355,9.7958374027,-0.0282287598,0.0008029514,-0.0206814236,0.0000000000
557701.0900229920,0.0283813477,9.8001098636,-0.0077819824,-0.0007486979,-0.0192057292,0.0000108507
557701.1000229920,0.0292968750,9.7962951663,-0.0308227539,-0.0001844618,-0.0188802083,0.0000000000
557701.1100229920,0.0279235840,9.7981262210,-0.0190734863,0.0005316840,-0.0179904514,0.0000000000
557701.1200229920,0.0299072266,9.7994995120,-0.0146484375,-0.0011284722,-0.0169270833,0.0000000000
557701.1300229920,0.0282287598,9.7955322269,-0.0303649902,0.0006510417,-0.0165581597,0.0000000000
557701.1400229920,0.0282287598,9.7996520999,-0.0088500977,-0.0002929687,-0.0153537326,0.0000217014
557701.1500229920,0.0296020508,9.7966003421,-0.0267028809,-0.0007052951,-0.0143337674,0.0000000000
557701.1600229919,0.0289916992,9.7973632816,-0.0248718262,0.0009006076,-0.0138020833,0.0000108507
557701.1700229920,0.0279235840,9.8001098636,-0.0079345703,-0.0010091146,-0.0125542535,0.0000000000
557701.1800229920,0.0291442871,9.7950744632,-0.0331115723,0.0002387153,-0.0119683160,0.0000000000
557701.1900229920,0.0286865234,9.7987365726,-0.0144958496,0.0002278646,-0.0112521701,-0.0000108507
557701.2000229920,0.0288391113,9.7985839847,-0.0183105469,-0.0010416667,-0.0100043403,0.0000000000
557701.2100229920,0.0282287598,9.7953796390,-0.0286865234,0.0008680556,-0.0093967014,0.0000000000
557701.2200229920,0.0291442871,9.8001098636,-0.0085449219,-0.0005859375,-0.0083875868,0.0000000000
557701.2300229920,0.0296020508,9.7966003421,-0.0311279297,-0.0003255208,-0.0073242187,0.0000108507
557701.2400229920,0.0286865234,9.7975158695,-0.0201416016,0.0007161458,-0.0068684896,0.0000000000
557701.2500229920,0.0283813477,9.7996520999,-0.0099182129,-0.0010959201,-0.0055338542,0.0000000000
557701.2600229920,0.0282287598,9.7949218753,-0.0337219238,0.0005859375,-0.0048719618,0.0000108507
557701.2700229920,0.0302124023,9.7998046878,-0.0112915039,-0.0001085069,-0.0040690104,0.0000000000
557701.2800229921,0.0291442871,9.7976684574,-0.0221252441,-0.0007595486,-0.0031358507,0.0000000000
557701.2900229919,0.0274658203,9.7964477542,-0.0263977051,0.0009223090,-0.0027018229,0.0000000000
557701.3000229920,0.0294494629,9.8008728031,-0.0080871582,-0.0008355035,-0.0015950521,0.0000000000
557701.3100229920,0.0297546387,9.7952270511,-0.0329589844,0.0000651042,-0.0004231771,-0.0000217014
557701.3200229920,0.0285339355,9.7982788089,-0.0146484375,0.0004665799,0.0000868056,0.0000000000
557701.3300229920,0.0280761719,9.7991943363,-0.0154113770,-0.0010199653,0.0000434028,-0.0000108507
557701.3400229920,0.0267028809,9.7952270511,-0.0334167480,0.0008138021,-0.0004123264,0.0000000000
557701.3500229920,0.0280761719,9.8005676273,-0.0097656250,-0.0004448785,-0.0002821181,0.0000000000
557701.3600229920,0.0289916992,9.7966003421,-0.0280761719,-0.0004014757,-0.0001844618,-0.0000108507
557701.3700229920,0.0274658203,9.7969055179,-0.0218200684,0.0008572049,-0.0002929687,0.0000000000
557701.3800229920,0.0270080566,9.7999572757,-0.0117492676,-0.0010633681,-0.0000651042,0.0000000000
557701.3900229920,0.0292968750,9.7953796390,-0.0341796875,0.0004991319,-0.0001302083,0.0000000000
557701.4000229920,0.0285339355,9.7991943363,-0.0108337402,0.0000434028,-0.0001627604,0.0000000000
557701.4100229919,0.0274658203,9.7984313968,-0.0239562988,-0.0008463542,-0.0002278646,0.0000000000
557701.4200229920,0.0285339355,9.7962951663,-0.0277709961,0.0009657118,-0.0000325521,0.0000108507
557701.4300229920,0.0280761719,9.8001098636,-0.0071716309,-0.0007595486,-0.0001085069,0.0000000000
557701.4400229920,0.0286865234,9.7953796390,-0.0335693359,0.0000000000,-0.0002821181,-0.0000217014
557701.4500229920,0.0276184082,9.7982788089,-0.0181579590,0.0005533854,-0.0000542535,0.0000000000
557701.4600229920,0.0277709961,9.7996520999,-0.0152587891,-0.0010742187,0.0000217014,0.0000000000
557701.4700229920,0.0279235840,9.7955322269,-0.0334167480,0.0007269965,-0.0003363715,0.0000000000
557701.4800229920,0.0279235840,9.8001098636,-0.0097656250,-0.0002712674,-0.0000542535,0.0000000000
557701.4900229920,0.0291442871,9.7967529300,-0.0265502930,-0.0005425347,0.0000217014,0.0000000000
557701.5000229920,0.0273132324,9.7966003421,-0.0247192383,0.0009440104,-0.0003038194,0.0000000000
557701.5100229920,0.0280761719,9.7994995120,-0.0093078613,-0.0010199653,0.0000976562,0.0000000000
557701.5200229920,0.0285339355,9.7955322269,-0.0344848633,0.0003472222,-0.0002495660,0.0000000000
557701.5300229921,0.0280761719,9.7993469241,-0.0144958496,0.0003038194,-0.0000542535,0.0000108507
557701.5400229919,0.0277709961,9.7984313968,-0.0181579590,-0.0010308160,-0.0001302083,0.0000000000
557701.5500229920,0.0286865234,9.7956848148,-0.0305175781,0.0009548611,-0.0000542535,0.0000217014
557701.5600229920,0.0289916992,9.8002624515,-0.0083923340,-0.0004774306,-0.0002170139,-0.0000217014
557701.5700229920,0.0282287598,9.7964477542,-0.0297546387,-0.0004014757,0.0000976562,-0.0000108507
557701.5800229920,0.0267028809,9.7969055179,-0.0224304199,0.0008138021,-0.0002170139,0.0000000000
557701.5900229920,0.0286865234,9.7985839847,-0.0109863281,-0.0010959201,-0.0000000000,0.0000217014
557701.6000229920,0.0294494629,9.7958374027,-0.0337219238,0.0005208333,-0.0000868056,0.0000000000
557701.6100229920,0.0268554688,9.7998046878,-0.0131225586,0.0000651042,-0.0001193576,0.0000000000
557701.6200229920,0.0254821777,9.7981262210,-0.0213623047,-0.0008789062,-0.0000000000,0.0000217014
557701.6300229920,0.0299072266,9.7959899906,-0.0279235840,0.0009874132,-0.0001193576,0.0000000000
557701.6400229920,0.0302124023,9.7998046878,-0.0093078613,-0.0007703993,-0.0000108507,-0.0000108507
557701.6500229920,0.0270080566,9.7953796390,-0.0338745117,0.0000000000,-0.0001302083,-0.0000217014
557701.6600229919,0.0262451172,9.7985839847,-0.0173950195,0.0005533854,-0.0000000000,0.0000000000
557701.6700229920,0.0279235840,9.7994995120,-0.0152587891,-0.0010959201,-0.0000217014,0.0000000000
557701.6800229920,0.0302124023,9.7952270511,-0.0334167480,0.0008463542,-0.0000651042,0.0000000000
557701.6900229920,0.0277709961,9.8002624515,-0.0097656250,-0.0003906250,-0.0001302083,0.0000000000
557701.7000229920,0.0259399414,9.7966003421,-0.0280761719,-0.0004991319,0.0000108507,-0.0000108507
557701.7100229920,0.0280761719,9.7972106937,-0.0234985352,0.0009006076,-0.0000542535,0.0000000000
557701.7200229920,0.0291442871,9.7996520999,-0.0103759766,-0.0010091146,0.0000108507,0.0000000000
557701.7300229920,0.0285339355,9.7953796390,-0.0361633301,0.0003580729,-0.0000542535,0.0000000000
557701.7400229920,0.0265502930,9.7994995120,-0.0117492676,0.0002387153,-0.0000000000,0.0000108507
557701.7500229920,0.0270080566,9.7984313968,-0.0181579590,-0.0009657118,-0.0001953125,0.0000108507
557701.7600229920,0.0303649902,9.7958374027,-0.0315856934,0.0009223090,0.0000976562,0.0000000000
557701.7700229920,0.0279235840,9.8004150394,-0.0097656250,-0.0005533854,-0.0000759549,-0.0000217014
557701.7800229921,0.0267028809,9.7961425784,-0.0299072266,-0.0002387153,-0.0001302083,-0.0000217014
557701.7900229919,0.0283813477,9.7976684574,-0.0183105469,0.0006618924,0.0001302083,0.0000108507
557701.8000229920,0.0282287598,9.7994995120,-0.0143432617,-0.0010633681,-0.0000868056,0.0000000000
557701.8100229920,0.0296020508,9.7953796390,-0.0343322754,0.0006293403,-0.0000000000,0.0000000000
557701.8200229920,0.0271606445,9.8001098636,-0.0096130371,-0.0001193576,-0.0000542535,0.0000000000
557701.8300229920,0.0263977051,9.7975158695,-0.0250244141,-0.0006510417,-0.0000868056,0.0000108507
557701.8400229920,0.0292968750,9.7969055179,-0.0267028809,0.0009114583,0.0000434028,0.0000000000
557701.8500229920,0.0299072266,9.7999572757,-0.0099182129,-0.0009548611,0.0000651042,-0.0000108507
557701.8600229920,0.0262451172,9.7949218753,-0.0337219238,0.0002712674,-0.0001736111,-0.0000108507
557701.8700229920,0.0267028809,9.7987365726,-0.0131225586,0.0002387153,-0.0000000000,0.0000217014
557701.8800229920,0.0288391113,9.7979736331,-0.0207519531,-0.0009006076,0.0001302083,0.0000217014
557701.8900229920,0.0294494629,9.7956848148,-0.0303649902,0.0008789062,-0.0000542535,0.0000000000
557701.9000229920,0.0274658203,9.7999572757,-0.0077819824,-0.0005967882,-0.0000325521,-0.0000217014
557701.9100229919,0.0271606445,9.7961425784,-0.0308227539,-0.0002278646,-0.0000434028,0.0000000000
557701.9200229920,0.0291442871,9.7978210452,-0.0195312500,0.0007161458,-0.0001302083,0.0000000000
557701.9300229920,0.0291442871,9.7994995120,-0.0126647949,-0.0010742187,0.0001519097,0.0000000000
557701.9400229920,0.0277709961,9.7959899906,-0.0338745117,0.0006293403,0.0000217014,0.0000000000
557701.9500229920,0.0268554688,9.8002624515,-0.0108337402,-0.0000759549,-0.0001193576,0.0000000000
557701.9600229920,0.0283813477,9.7976684574,-0.0244140625,-0.0007052951,0.0000434028,0.0000000000
557701.9700229920,0.0294494629,9.7967529300,-0.0263977051,0.0008897569,-0.0000868056,-0.0000108507
557701.9800229920,0.0277709961,9.8004150394,-0.0094604492,-0.0008463542,0.0000651042,0.0000108507
557701.9900229920,0.0277709961,9.7949218753,-0.0326538086,0.0001844618,0.0000325521,0.0000000000
557702.0000229920,0.0292968750,9.7988891605,-0.0137329102,0.0003472222,0.0000108507,0.0000000000
557702.0100229930,0.0276184082,9.7984313968,-0.0202941895,-0.0010091146,-0.0001085069,0.0000000000
557702.0200229930,0.0280761719,9.7959899906,-0.0320434570,0.0008897569,0.0001193576,0.0000000000
557702.0300229930,0.0277709961,9.8004150394,-0.0073242188,-0.0005099826,-0.0000542535,-0.0000108507
557702.0400229930,0.0271606445,9.7970581058,-0.0302124023,-0.0002929687,-0.0001410590,-0.0000108507
557702.0500229930,0.0296020508,9.7975158695,-0.0202941895,0.0007269965,0.0002170139,0.0000000000
557702.0600229930,0.0291442871,9.7998046878,-0.0134277344,-0.0010742187,-0.0000976562,0.0000000000
557702.0700229930,0.0268554688,9.7950744632,-0.0340270996,0.0005859375,-0.0000868056,0.0000000000
557702.0800229930,0.0279235840,9.8002624515,-0.0102233887,-0.0000434028,0.0002278646,0.0000000000
557702.0900229930,0.0289916992,9.7978210452,-0.0238037109,-0.0007486979,-0.0000434028,0.0000000000
557702.1000229931,0.0286865234,9.7970581058,-0.0277709961,0.0009114583,-0.0001193576,0.0000000000
557702.1100229929,0.0273132324,9.8002624515,-0.0086975098,-0.0008355035,0.0001193576,-0.0000108507
557702.1200229930,0.0273132324,9.7961425784,-0.0323486328,0.0000868056,-0.0000976562,0.0000108507
557702.1300229930,0.0296020508,9.7988891605,-0.0161743164,0.0004774306,0.0001410590,0.0000108507
557702.1400229930,0.0291442871,9.7991943363,-0.0175476074,-0.0010525174,-0.0001410590,0.0000000000
557702.1500229930,0.0274658203,9.7955322269,-0.0323486328,0.0008246528,0.0001736111,0.0000000000
557702.1600229930,0.0267028809,9.8001098636,-0.0068664551,-0.0003689236,-0.0000651042,0.0000108507
557702.1700229930,0.0292968750,9.7964477542,-0.0277709961,-0.0004991319,0.0000434028,-0.0000108507
557702.1800229930,0.0292968750,9.7975158695,-0.0253295898,0.0008897569,-0.0000325521,-0.0000108507
557702.1900229930,0.0270080566,9.8001098636,-0.0093078613,-0.0010199653,0.0000868056,0.0000000000
557702.2000229930,0.0268554688,9.7956848148,-0.0340270996,0.0003255208,-0.0000325521,0.0000108507
557702.2100229930,0.0292968750,9.7993469241,-0.0137329102,0.0002712674,-0.0000000000,0.0000000000
557702.2200229930,0.0289916992,9.7985839847,-0.0201416016,-0.0009657118,0.0000325521,-0.0000108507
557702.2300229931,0.0276184082,9.7956848148,-0.0297546387,0.0009006076,-0.0000542535,0.0000000000
557702.2400229929,0.0270080566,9.8004150394,-0.0080871582,-0.0005967882,-0.0000000000,0.0000108507
557702.2500229930,0.0285339355,9.7961425784,-0.0318908691,-0.0001844618,0.0001193576,0.0000000000
557702.2600229930,0.0299072266,9.7984313968,-0.0190734863,0.0006510417,-0.0000434028,0.0000000000
557702.2700229930,0.0271606445,9.7990417484,-0.0144958496,-0.0010959201,0.0000217014,-0.0000108507
557702.2800229930,0.0273132324,9.7953796390,-0.0331115723,0.0007269965,-0.0000434028,0.0000000000
557702.2900229930,0.0285339355,9.8002624515,-0.0088500977,-0.0001953125,0.0001410590,0.0000108507
557702.3000229930,0.0288391113,9.7972106937,-0.0254821777,-0.0006293403,0.0000108507,0.0000000000
557702.3100229930,0.0280761719,9.7969055179,-0.0257873535,0.0009331597,-0.0000000000,0.0000000000
557702.3200229930,0.0267028809,9.8007202152,-0.0093078613,-0.0009548611,0.0000434028,0.0000108507
557702.3300229930,0.0282287598,9.7953796390,-0.0352478027,0.0002821181,-0.0000325521,0.0000000000
557702.3400229930,0.0288391113,9.7993469241,-0.0129699707,0.0002929687,0.0000325521,0.0000000000
557702.3500229931,0.0279235840,9.7981262210,-0.0189208984,-0.0009657118,0.0000434028,0.0000108507
557702.3600229929,0.0277709961,9.7959899906,-0.0308227539,0.0009331597,-0.0000000000,0.0000000000
557702.3700229930,0.0277709961,9.8005676273,-0.0082397461,-0.0005967882,0.0000434028,0.0000108507
557702.3800229930,0.0286865234,9.7961425784,-0.0312805176,-0.0001844618,0.0000325521,0.0000000000
557702.3900229930,0.0280761719,9.7987365726,-0.0189208984,0.0006510417,-0.0000217014,0.0000000000
557702.4000229930,0.0268554688,9.7990417484,-0.0141906738,-0.0010850694,0.0000217014,0.0000000000
557702.4100229930,0.0294494629,9.7950744632,-0.0334167480,0.0006510417,0.0000108507,0.0000000000
557702.4200229930,0.0282287598,9.7996520999,-0.0100708008,-0.0000976562,-0.0000325521,0.0000000000
557702.4300229930,0.0274658203,9.7972106937,-0.0254821777,-0.0007052951,0.0001193576,0.0000108507
557702.4400229930,0.0274658203,9.7970581058,-0.0271606445,0.0009223090,-0.0000868056,-0.0000108507
557702.4500229930,0.0289916992,9.8010253909,-0.0085449219,-0.0009006076,0.0001953125,-0.0000108507
557702.4600229930,0.0286865234,9.7958374027,-0.0346374512,0.0001844618,-0.0001302083,0.0000108507
557702.4700229930,0.0279235840,9.7988891605,-0.0143432617,0.0003689236,0.0000217014,0.0000000000
557702.4800229931,0.0286865234,9.7987365726,-0.0166320801,-0.0010199653,0.0001193576,0.0000000000
557702.4900229929,0.0271606445,9.7956848148,-0.0329589844,0.0008680556,-0.0000217014,0.0000000000
557702.5000229930,0.0283813477,9.8002624515,-0.0091552734,-0.0004231771,-0.0000108507,0.0000000000
557702.5100229930,0.0288391113,9.7970581058,-0.0280761719,-0.0004014757,0.0001736111,-0.0000108507
557702.5200229930,0.0274658203,9.7975158695,-0.0215148926,0.0007921007,-0.0000759549,0.0000000000
557702.5300229930,0.0271606445,9.7996520999,-0.0111389160,-0.0010199653,0.0001193576,0.0000000000
557702.5400229930,0.0291442871,9.7949218753,-0.0341796875,0.0004991319,0.0000217014,0.0000000000
557702.5500229930,0.0283813477,9.8002624515,-0.0112915039,0.0000325521,-0.0000868056,0.0000000000
557702.5600229930,0.0274658203,9.7976684574,-0.0228881836,-0.0008029514,0.0001519097,0.0000000000
557702.5700229930,0.0280761719,9.7967529300,-0.0288391113,0.0009548611,0.0000108507,0.0000000000
557702.5800229930,0.0288391113,9.8004150394,-0.0085449219,-0.0008138021,0.0000217014,0.0000000000
557702.5900229930,0.0286865234,9.7962951663,-0.0335693359,0.0000542535,0.0000868056,0.0000000000
557702.6000229931,0.0267028809,9.7990417484,-0.0155639648,0.0004774306,-0.0000325521,0.0000000000
557702.6100229929,0.0277709961,9.7985839847,-0.0172424316,-0.0010416667,0.0000217014,0.0000108507
557702.6200229930,0.0299072266,9.7958374027,-0.0331115723,0.0008246528,0.0000868056,0.0000000000
557702.6300229930,0.0286865234,9.8007202152,-0.0085449219,-0.0003797743,0.0000108507,-0.0000108507
557702.6400229930,0.0268554688,9.7966003421,-0.0282287598,-0.0004448785,0.0000325521,0.0000000000
557702.6500229930,0.0280761719,9.7972106937,-0.0230407715,0.0008246528,0.0000325521,0.0000108507
557702.6600229930,0.0286865234,9.7996520999,-0.0119018555,-0.0009982639,0.0000108507,-0.0000108507
557702.6700229930,0.0283813477,9.7955322269,-0.0343322754,0.0003797743,0.0000325521,0.0000000000
557702.6800229930,0.0268554688,9.7999572757,-0.0125122070,0.0002170139,0.0000325521,0.0000000000
557702.6900229930,0.0280761719,9.7982788089,-0.0207519531,-0.0009331597,0.0000217014,0.0000108507
557702.7000229930,0.0289916992,9.7961425784,-0.0302124023,0.0009114583,0.0000108507,0.0000000000
557702.7100229930,0.0289916992,9.7999572757,-0.0070190430,-0.0006618924,0.0000434028,-0.0000108507
557702.7200229930,0.0270080566,9.7959899906,-0.0312805176,-0.0001844618,0.0000217014,0.0000000000
557702.7300229931,0.0270080566,9.7975158695,-0.0196838379,0.0006727431,-0.0000000000,0.0000000000
557702.7400229929,0.0291442871,9.7996520999,-0.0132751465,-0.0010959201,0.0000759549,0.0000217014
557702.7500229930,0.0289916992,9.7952270511,-0.0341796875,0.0006944444,-0.0000000000,-0.0000108507
557702.7600229930,0.0271606445,9.8002624515,-0.0099182129,-0.0001193576,0.0000108507,0.0000000000
557702.7700229930,0.0267028809,9.7975158695,-0.0248718262,-0.0007161458,0.0000651042,0.0000108507
557702.7800229930,0.0294494629,9.7959899906,-0.0270080566,0.0009657118,-0.0000000000,0.0000000000
557702.7900229930,0.0294494629,9.8002624515,-0.0086975098,-0.0009114583,0.0000651042,-0.0000108507
557702.8000229930,0.0270080566,9.7952270511,-0.0346374512,0.0001519097,0.0000325521,0.0000000000
557702.8100229930,0.0270080566,9.7979736331,-0.0161743164,0.0004774306,-0.0000000000,0.0000108507
557702.8200229930,0.0289916992,9.7991943363,-0.0167846680,-0.0010742187,0.0000651042,0.0000000000
557702.8300229930,0.0283813477,9.7953796390,-0.0331115723,0.0008789062,0.0000217014,0.0000000000
557702.8400229930,0.0280761719,9.8004150394,-0.0077819824,-0.0004014757,0.0000217014,-0.0000217014
557702.8500229931,0.0267028809,9.7964477542,-0.0277709961,-0.0004665799,0.0000325521,0.0000000000
557702.8600229929,0.0289916992,9.7976684574,-0.0234985352,0.0008138021,0.0000108507,0.0000000000
557702.8700229930,0.0286865234,9.8001098636,-0.0111389160,-0.0010199653,0.0000217014,-0.0000108507
557702.8800229930,0.0273132324,9.7949218753,-0.0334167480,0.0004882812,0.0000217014,0.0000108507
557702.8900229930,0.0277709961,9.7990417484,-0.0109863281,0.0000976562,0.0000325521,0.0000000000
557702.9000229930,0.0283813477,9.7973632816,-0.0228881836,-0.0008355035,0.0000217014,0.0000000000
557702.9100229930,0.0283813477,9.7962951663,-0.0277709961,0.0009006076,0.0000217014,0.0000000000
557702.9200229930,0.0277709961,9.8004150394,-0.0077819824,-0.0007703993,0.0000108507,0.0000000000
557702.9300229930,0.0277709961,9.7955322269,-0.0341796875,0.0000217014,-0.0000000000,0.0000000000
557702.9400229930,0.0283813477,9.7984313968,-0.0181579590,0.0004774306,0.0000108507,0.0000108507
557702.9500229930,0.0274658203,9.7984313968,-0.0151062012,-0.0010091146,0.0000217014,0.0000108507
557702.9600229930,0.0292968750,9.7953796390,-0.0300598145,0.0008355035,-0.0000000000,0.0000000000
557702.9700229930,0.0277709961,9.8001098636,-0.0108337402,-0.0003689236,0.0000651042,0.0000000000
557702.9800229931,0.0276184082,9.7962951663,-0.0308227539,-0.0004665799,-0.0000000000,0.0000000000
557702.9900229929,0.0291442871,9.7975158695,-0.0205993652,0.0008029514,0.0000868056,0.0000000000
557703.0000229930,0.0276184082,9.7999572757,-0.0109863281,-0.0010416667,-0.0000217014,-0.0000108507
557703.0100229930,0.0283813477,9.7955322269,-0.0357055664,0.0005859375,0.0000759549,0.0000108507
557703.0200229930,0.0277709961,9.8004150394,-0.0125122070,0.0000325521,0.0000759549,0.0000000000
557703.0300229930,0.0282287598,9.7982788089,-0.0204467773,-0.0008897569,-0.0000759549,0.0000000000
557703.0400229930,0.0285339355,9.7962951663,-0.0279235840,0.0009982639,0.0001736111,0.0000000000
557703.0500229930,0.0271606445,9.8007202152,-0.0102233887,-0.0007486979,-0.0001085069,-0.0000108507
557703.0600229930,0.0282287598,9.7955322269,-0.0325012207,-0.0001085069,0.0001844618,0.0000108507
557703.0700229930,0.0268554688,9.7979736331,-0.0170898438,0.0005642361,-0.0000325521,0.0000108507
557703.0800229930,0.0288391113,9.7991943363,-0.0138854980,-0.0010199653,-0.0000000000,0.0000000000
557703.0900229940,0.0277709961,9.7958374027,-0.0341796875,0.0007921007,0.0001410590,0.0000000000
557703.1000229940,0.0270080566,9.8004150394,-0.0103759766,-0.0003038194,-0.0001302083,0.0000000000
557703.1100229940,0.0285339355,9.7967529300,-0.0263977051,-0.0005642361,0.0001953125,-0.0000108507
557703.1200229940,0.0291442871,9.7969055179,-0.0224304199,0.0008897569,-0.0000542535,0.0000000000
557703.1300229940,0.0282287598,9.8001098636,-0.0105285645,-0.0009874132,-0.0000217014,-0.0000108507
557703.1400229940,0.0267028809,9.7955322269,-0.0350952148,0.0003689236,0.0001844618,0.0000108507
557703.1500229940,0.0280761719,9.7994995120,-0.0114440918,0.0001844618,-0.0001410590,0.0000000000
557703.1600229940,0.0297546387,9.7984313968,-0.0198364258,-0.0008680556,0.0001953125,-0.0000217014
557703.1700229940,0.0282287598,9.7958374027,-0.0308227539,0.0009223090,-0.0000325521,0.0000000000
557703.1800229941,0.0271606445,9.8004150394,-0.0099182129,-0.0007486979,-0.0000542535,0.0000000000
557703.1900229939,0.0283813477,9.7958374027,-0.0314331055,-0.0000542535,0.0002170139,0.0000000000
557703.2000229940,0.0289916992,9.7984313968,-0.0170898438,0.0005533854,-0.0001193576,0.0000000000
557703.2100229940,0.0289916992,9.7991943363,-0.0154113770,-0.0010199653,0.0001844618,-0.0000108507
557703.2200229940,0.0267028809,9.7956848148,-0.0347900391,0.0007812500,-0.0000759549,0.0000000000
557703.2300229940,0.0283813477,9.7999572757,-0.0079345703,-0.0002929687,0.0000434028,0.0000108507
557703.2400229940,0.0289916992,9.7970581058,-0.0273132324,-0.0004991319,0.0001085069,-0.0000108507
557703.2500229940,0.0282287598,9.7973632816,-0.0244140625,0.0008463542,-0.0001302083,0.0000000000
557703.2600229940,0.0274658203,9.7998046878,-0.0102233887,-0.0009765625,0.0002604167,0.0000000000
557703.2700229940,0.0276184082,9.7952270511,-0.0335693359,0.0003472222,-0.0000868056,0.0000108507
557703.2800229940,0.0294494629,9.7993469241,-0.0119018555,0.0002604167,0.0000542535,0.0000000000
557703.2900229940,0.0273132324,9.7982788089,-0.0218200684,-0.0009006076,0.0000434028,-0.0000217014
557703.3000229941,0.0276184082,9.7961425784,-0.0305175781,0.0009114583,0.0000434028,0.0000000000
557703.3100229939,0.0279235840,9.8007202152,-0.0080871582,-0.0006184896,-0.0000000000,0.0000000000
557703.3200229940,0.0294494629,9.7967529300,-0.0294494629,-0.0001953125,0.0000868056,0.0000000000
557703.3300229940,0.0276184082,9.7978210452,-0.0204467773,0.0006727431,0.0000434028,0.0000000000
557703.3400229940,0.0276184082,9.7991943363,-0.0148010254,-0.0010633681,-0.0001302083,0.0000000000
557703.3500229940,0.0294494629,9.7955322269,-0.0321960449,0.0007052951,0.0002712674,0.0000000000
557703.3600229940,0.0274658203,9.8002624515,-0.0105285645,-0.0001844618,-0.0000976562,0.0000108507
557703.3700229940,0.0277709961,9.7969055179,-0.0259399414,-0.0005859375,0.0000217014,-0.0000108507
557703.3800229940,0.0291442871,9.7962951663,-0.0254821777,0.0009006076,0.0001736111,0.0000000000
557703.3900229940,0.0279235840,9.8001098636,-0.0102233887,-0.0009440104,-0.0001736111,0.0000000000
557703.4000229940,0.0282287598,9.7955322269,-0.0341796875,0.0002604167,0.0002604167,0.0000000000
557703.4100229940,0.0282287598,9.7991943363,-0.0146484375,0.0003038194,-0.0001302083,0.0000000000
557703.4200229940,0.0288391113,9.7987365726,-0.0187683105,-0.0009548611,0.0001085069,-0.0000108507
557703.4300229941,0.0271606445,9.7953796390,-0.0305175781,0.0009114583,0.0000325521,0.0000000000
557703.4400229939,0.0277709961,9.8005676273,-0.0074768066,-0.0006293403,-0.0000325521,0.0000000000
557703.4500229940,0.0294494629,9.7962951663,-0.0303649902,-0.0001844618,0.0001627604,-0.0000217014
557703.4600229940,0.0283813477,9.7985839847,-0.0205993652,0.0006727431,-0.0001302083,0.0000000000
557703.4700229940,0.0262451172,9.7993469241,-0.0138854980,-0.0010850694,0.0001953125,0.0000000000
557703.4800229940,0.0270080566,9.7958374027,-0.0340270996,0.0006727431,-0.0000542535,0.0000108507
557703.4900229940,0.0308227539,9.7999572757,-0.0088500977,-0.0001085069,-0.0000000000,-0.0000217014
557703.5000229940,0.0279235840,9.7970581058,-0.0247192383,-0.0006618924,0.0001736111,-0.0000108507
557703.5100229940,0.0265502930,9.7966003421,-0.0270080566,0.0008789062,-0.0001736111,-0.0000108507
557703.5200229940,0.0273132324,9.8004150394,-0.0097656250,-0.0009006076,0.0002712674,0.0000217014
557703.5300229940,0.0289916992,9.7950744632,-0.0340270996,0.0001953125,-0.0001844618,0.0000000000
557703.5400229940,0.0291442871,9.7991943363,-0.0138854980,0.0003580729,0.0002712674,0.0000000000
557703.5500229941,0.0259399414,9.7990417484,-0.0189208984,-0.0009765625,-0.0001627604,0.0000000000
557703.5600229939,0.0282287598,9.7952270511,-0.0312805176,0.0009006076,0.0000868056,0.0000108507
557703.5700229940,0.0285339355,9.8004150394,-0.0082397461,-0.0005533854,0.0001736111,-0.0000108507
557703.5800229940,0.0288391113,9.7967529300,-0.0297546387,-0.0002495660,-0.0001410590,0.0000000000
557703.5900229940,0.0277709961,9.7982788089,-0.0212097168,0.0007378472,0.0002061632,0.0000000000
557703.6000229940,0.0267028809,9.7998046878,-0.0134277344,-0.0011067708,-0.0001410590,0.0000217014
557703.6100229940,0.0291442871,9.7952270511,-0.0340270996,0.0006401910,0.0001736111,0.0000000000
557703.6200229940,0.0277709961,9.7996520999,-0.0108337402,-0.0000434028,-0.0001193576,0.0000000000
557703.6300229940,0.0288391113,9.7981262210,-0.0230407715,-0.0007703993,0.0001953125,-0.0000217014
557703.6400229940,0.0271606445,9.7956848148,-0.0285339355,0.0009874132,-0.0000651042,0.0000000000
557703.6500229940,0.0282287598,9.8004150394,-0.0082397461,-0.0008897569,0.0000434028,0.0000108507
557703.6600229940,0.0280761719,9.7955322269,-0.0338745117,0.0000325521,0.0001736111,0.0000108507
557703.6700229940,0.0283813477,9.7984313968,-0.0163269043,0.0005425347,-0.0001736111,0.0000000000
557703.6800229941,0.0288391113,9.7993469241,-0.0144958496,-0.0010633681,0.0002495660,-0.0000108507
557703.6900229939,0.0273132324,9.7952270511,-0.0337219238,0.0008029514,-0.0001302083,0.0000000000
557703.7000229940,0.0282287598,9.7999572757,-0.0091552734,-0.0003255208,0.0000976562,0.0000000000
557703.7100229940,0.0279235840,9.7970581058,-0.0276184082,-0.0005099826,0.0000434028,-0.0000108507
557703.7200229940,0.0286865234,9.7973632816,-0.0227355957,0.0009006076,-0.0000542535,0.0000000000
557703.7300229940,0.0276184082,9.7999572757,-0.0109863281,-0.0010091146,0.0001953125,0.0000000000
557703.7400229940,0.0280761719,9.7953796390,-0.0350952148,0.0003689236,-0.0001410590,0.0000000000
557703.7500229940,0.0288391113,9.7987365726,-0.0114440918,0.0001844618,0.0001736111,0.0000000000
557703.7600229940,0.0267028809,9.7979736331,-0.0210571289,-0.0008789062,-0.0000651042,0.0000000000
557703.7700229940,0.0280761719,9.7961425784,-0.0303649902,0.0009331597,0.0000325521,0.0000000000
557703.7800229940,0.0286865234,9.8008728031,-0.0093078613,-0.0007378472,0.0001736111,0.0000000000
557703.7900229940,0.0291442871,9.7956848148,-0.0309753418,-0.0000759549,-0.0001302083,0.0000108507
557703.8000229941,0.0283813477,9.7982788089,-0.0161743164,0.0005750868,0.0001193576,0.0000000000
557703.8100229939,0.0270080566,9.7987365726,-0.0164794922,-0.0010199653,0.0000434028,0.0000000000
557703.8200229940,0.0288391113,9.7958374027,-0.0334167480,0.0007595486,-0.0000000000,0.0000000000
557703.8300229940,0.0288391113,9.7993469241,-0.0083923340,-0.0003146701,0.0001302083,0.0000000000
557703.8400229940,0.0277709961,9.7967529300,-0.0270080566,-0.0004665799,-0.0001085069,-0.0000108507
557703.8500229940,0.0282287598,9.7969055179,-0.0227355957,0.0008029514,0.0001736111,0.0000108507
557703.8600229940,0.0277709961,9.7994995120,-0.0126647949,-0.0010091146,-0.0000108507,0.0000108507
557703.8700229940,0.0299072266,9.7949218753,-0.0326538086,0.0004123264,0.0000217014,0.0000000000
557703.8800229940,0.0286865234,9.7993469241,-0.0108337402,0.0001410590,0.0001736111,-0.0000108507
557703.8900229940,0.0259399414,9.7985839847,-0.0234985352,-0.0008572049,-0.0001519097,0.0000000000
557703.9000229940,0.0285339355,9.7959899906,-0.0291442871,0.0009331597,0.0001736111,0.0000000000
557703.9100229940,0.0289916992,9.8004150394,-0.0065612793,-0.0007595486,-0.0000000000,-0.0000108507
557703.9200229940,0.0286865234,9.7958374027,-0.0311279297,-0.0000325521,-0.0000000000,0.0000000000
557703.9300229941,0.0260925293,9.7976684574,-0.0183105469,0.0005750868,0.0001519097,0.0000108507
557703.9400229939,0.0267028809,9.7990417484,-0.0173950195,-0.0010742187,-0.0001302083,0.0000217014
557703.9500229940,0.0309753418,9.7953796390,-0.0314331055,0.0007595486,0.0001085069,0.0000000000
557703.9600229940,0.0292968750,9.7996520999,-0.0082397461,-0.0002387153,0.0001193576,-0.0000217014
557703.9700229940,0.0260925293,9.7970581058,-0.0285339355,-0.0005099826,-0.0001410590,-0.0000217014
557703.9800229940,0.0280761719,9.7970581058,-0.0248718262,0.0008138021,0.0001410590,0.0000108507
557703.9900229940,0.0292968750,9.7999572757,-0.0099182129,-0.0009874132,-0.0000108507,0.0000000000
557704.0000229940,0.0299072266,9.7952270511,-0.0320434570,0.0004014757,0.0000976562,0.0000000000
557704.0100229940,0.0263977051,9.7993469241,-0.0137329102,0.0002170139,-0.0000000000,0.0000000000
557704.0200229940,0.0265502930,9.7987365726,-0.0213623047,-0.0009223090,0.0000434028,0.0000108507
557704.0300229940,0.0291442871,9.7959899906,-0.0299072266,0.0009114583,0.0000542535,0.0000000000
557704.0400229940,0.0294494629,9.8004150394,-0.0064086914,-0.0006293403,-0.0000000000,-0.0000217014
557704.0500229941,0.0265502930,9.7955322269,-0.0317382813,-0.0001844618,0.0000108507,0.0000108507
557704.0600229939,0.0277709961,9.7981262210,-0.0190734863,0.0006401910,0.0000759549,0.0000000000
557704.0700229940,0.0289916992,9.7991943363,-0.0134277344,-0.0010525174,0.0000217014,0.0000000000
557704.0800229940,0.0286865234,9.7953796390,-0.0334167480,0.0007269965,0.0000108507,0.0000000000
557704.0900229940,0.0273132324,9.8004150394,-0.0102233887,-0.0001953125,0.0000325521,0.0000000000
557704.1000229940,0.0263977051,9.7972106937,-0.0259399414,-0.0006401910,0.0000325521,-0.0000108507
557704.1100229940,0.0294494629,9.7970581058,-0.0238037109,0.0008897569,-0.0000000000,0.0000000000
557704.1200229940,0.0286865234,9.8001098636,-0.0090026855,-0.0009223090,0.0000868056,-0.0000108507
557704.1300229940,0.0267028809,9.7949218753,-0.0352478027,0.0002929687,0.0000434028,0.0000000000
557704.1400229940,0.0270080566,9.7994995120,-0.0155639648,0.0002929687,-0.0000000000,0.0000000000
557704.1500229940,0.0289916992,9.7981262210,-0.0177001953,-0.0009982639,0.0000868056,-0.0000108507
557704.1600229950,0.0291442871,9.7956848148,-0.0299072266,0.0009548611,0.0000434028,0.0000000000
557704.1700229950,0.0263977051,9.8002624515,-0.0091552734,-0.0005425347,-0.0000325521,0.0000000000
557704.1800229950,0.0274658203,9.7958374027,-0.0314331055,-0.0003363715,0.0000868056,0.0000108507
557704.1900229950,0.0299072266,9.7973632816,-0.0202941895,0.0007486979,0.0000759549,0.0000000000
557704.2000229950,0.0279235840,9.7999572757,-0.0111389160,-0.0010742187,-0.0000217014,-0.0000217014
557704.2100229950,0.0268554688,9.7944641116,-0.0364685059,0.0005642361,0.0000759549,0.0000000000
557704.2200229950,0.0283813477,9.7999572757,-0.0100708008,0.0000868056,0.0000759549,0.0000000000
557704.2300229950,0.0286865234,9.7975158695,-0.0201416016,-0.0009006076,-0.0000542535,-0.0000217014
557704.2400229950,0.0282287598,9.7964477542,-0.0294494629,0.0009874132,0.0001410590,0.0000108507
557704.2500229951,0.0267028809,9.8008728031,-0.0096130371,-0.0007378472,-0.0000000000,0.0000000000
557704.2600229949,0.0270080566,9.7959899906,-0.0329589844,-0.0001844618,0.0000217014,0.0000217014
557704.2700229950,0.0296020508,9.7979736331,-0.0164794922,0.0006727431,0.0000868056,0.0000217014
557704.2800229950,0.0296020508,9.7994995120,-0.0129699707,-0.0010742187,0.0000217014,-0.0000108507
557704.2900229950,0.0270080566,9.7947692874,-0.0367736816,0.0007269965,0.0000434028,0.0000000000
557704.3000229950,0.0263977051,9.7999572757,-0.0091552734,-0.0001410590,0.0000651042,0.0000000000
557704.3100229950,0.0280761719,9.7973632816,-0.0241088867,-0.0007486979,-0.0000542535,0.0000325521
557704.3200229950,0.0308227539,9.7967529300,-0.0267028809,0.0009657118,0.0001085069,0.0000000000
557704.3300229950,0.0271606445,9.8002624515,-0.0099182129,-0.0009114583,0.0000651042,0.0000000000
557704.3400229950,0.0267028809,9.7952270511,-0.0334167480,0.0001519097,-0.0000759549,0.0000000000
557704.3500229950,0.0286865234,9.7982788089,-0.0135803223,0.0004014757,0.0001627604,0.0000108507
557704.3600229950,0.0302124023,9.7982788089,-0.0184631348,-0.0009982639,0.0000108507,-0.0000108507
557704.3700229950,0.0276184082,9.7953796390,-0.0326538086,0.0008897569,-0.0000217014,0.0000000000
557704.3800229951,0.0270080566,9.8005676273,-0.0079345703,-0.0005425347,0.0000759549,0.0000108507
557704.3900229950,0.0288391113,9.7959899906,-0.0297546387,-0.0002929687,0.0001085069,0.0000108507
557704.4000229950,0.0297546387,9.7978210452,-0.0201416016,0.0007378472,-0.0000651042,0.0000000000
557704.4100229950,0.0267028809,9.7999572757,-0.0129699707,-0.0010633681,0.0000868056,0.0000108507
557704.4200229950,0.0273132324,9.7950744632,-0.0349426270,0.0006076389,0.0000542535,0.0000000000
557704.4300229950,0.0282287598,9.7994995120,-0.0093078613,0.0000434028,-0.0000434028,0.0000000000
557704.4400229950,0.0294494629,9.7979736331,-0.0233459473,-0.0008463542,0.0001519097,-0.0000217014
557704.4500229950,0.0279235840,9.7966003421,-0.0294494629,0.0009657118,-0.0000434028,0.0000000000
557704.4600229950,0.0271606445,9.8008728031,-0.0077819824,-0.0008029514,0.0000217014,0.0000000000
557704.4700229950,0.0282287598,9.7955322269,-0.0314331055,-0.0000434028,0.0001193576,0.0000108507
557704.4800229950,0.0282287598,9.7985839847,-0.0173950195,0.0006510417,-0.0000000000,0.0000000000
557704.4900229950,0.0274658203,9.7996520999,-0.0155639648,-0.0010742187,0.0000217014,-0.0000108507
557704.5000229951,0.0282287598,9.7955322269,-0.0341796875,0.0007161458,0.0000542535,0.0000000000
557704.5100229949,0.0285339355,9.8004150394,-0.0090026855,-0.0002170139,-0.0000108507,0.0000000000
557704.5200229950,0.0280761719,9.7975158695,-0.0259399414,-0.0006401910,0.0000325521,-0.0000108507
557704.5300229950,0.0288391113,9.7969055179,-0.0259399414,0.0008897569,0.0000759549,0.0000000000
557704.5400229950,0.0280761719,9.8001098636,-0.0093078613,-0.0009331597,-0.0000108507,0.0000000000
557704.5500229950,0.0280761719,9.7955322269,-0.0325012207,0.0002712674,0.0000542535,0.0000000000
557704.5600229950,0.0292968750,9.7988891605,-0.0143432617,0.0003472222,0.0000759549,0.0000000000
557704.5700229950,0.0276184082,9.7987365726,-0.0209045410,-0.0010091146,-0.0000000000,-0.0000108507
557704.5800229950,0.0286865234,9.7958374027,-0.0309753418,0.0008789062,0.0000868056,0.0000000000
557704.5900229950,0.0279235840,9.8007202152,-0.0061035156,-0.0005533854,0.0000217014,0.0000000000
557704.6000229950,0.0276184082,9.7958374027,-0.0305175781,-0.0002929687,-0.0000000000,-0.0000108507
557704.6100229950,0.0285339355,9.7982788089,-0.0224304199,0.0007921007,0.0000759549,0.0000000000
557704.6200229950,0.0280761719,9.7996520999,-0.0120544434,-0.0010633681,0.0000325521,-0.0000108507
557704.6300229951,0.0280761719,9.7956848148,-0.0341796875,0.0005316840,-0.0000000000,0.0000000000
557704.6400229950,0.0285339355,9.7998046878,-0.0105285645,0.0000434028,0.0000759549,-0.0000217014
557704.6500229950,0.0276184082,9.7975158695,-0.0215148926,-0.0008789062,0.0000325521,0.0000000000
557704.6600229950,0.0280761719,9.7961425784,-0.0289916992,0.0009548611,0.0000108507,0.0000000000
557704.6700229950,0.0270080566,9.8007202152,-0.0093078613,-0.0007486979,0.0000651042,0.0000108507
557704.6800229950,0.0277709961,9.7958374027,-0.0321960449,-0.0000651042,0.0000217014,0.0000108507
557704.6900229950,0.0296020508,9.7976684574,-0.0178527832,0.0006293403,0.0000217014,0.0000000000
557704.7000229950,0.0283813477,9.8001098636,-0.0144958496,-0.0010416667,0.0000759549,-0.0000108507
557704.7100229950,0.0259399414,9.7952270511,-0.0343322754,0.0006944444,-0.0000217014,0.0000000000
557704.7200229950,0.0289916992,9.7998046878,-0.0088500977,-0.0002387153,0.0000651042,0.0000000000
557704.7300229950,0.0303649902,9.7970581058,-0.0257873535,-0.0005859375,0.0000651042,-0.0000108507
557704.7400229950,0.0271606445,9.7972106937,-0.0257873535,0.0009114583,-0.0000000000,-0.0000108507
557704.7500229951,0.0253295898,9.7999572757,-0.0100708008,-0.0009657118,0.0000651042,0.0000000000
557704.7600229949,0.0294494629,9.7955322269,-0.0331115723,0.0002712674,0.0000325521,0.0000108507
557704.7700229950,0.0305175781,9.7988891605,-0.0128173828,0.0003472222,0.0000108507,0.0000000000
557704.7800229950,0.0273132324,9.7981262210,-0.0192260742,-0.0010199653,0.0000868056,-0.0000217014
557704.7900229950,0.0254821777,9.7953796390,-0.0331115723,0.0009114583,0.0000108507,0.0000217014
557704.8000229950,0.0292968750,9.7993469241,-0.0067138672,-0.0005642361,0.0000108507,0.0000000000
557704.8100229950,0.0303649902,9.7961425784,-0.0299072266,-0.0003038194,0.0000325521,0.0000000000
557704.8200229950,0.0279235840,9.7973632816,-0.0225830078,0.0008029514,0.0000434028,-0.0000108507
557704.8300229950,0.0253295898,9.7994995120,-0.0120544434,-0.0010199653,0.0000217014,-0.0000108507
557704.8400229950,0.0285339355,9.7950744632,-0.0332641602,0.0004991319,0.0000434028,0.0000108507
557704.8500229950,0.0297546387,9.7999572757,-0.0103759766,0.0000217014,0.0000217014,0.0000000000
557704.8600229950,0.0280761719,9.7979736331,-0.0245666504,-0.0008355035,0.0000217014,-0.0000108507
557704.8700229950,0.0265502930,9.7966003421,-0.0282287598,0.0009331597,0.0000217014,-0.0000108507
557704.8800229951,0.0273132324,9.7998046878,-0.0076293945,-0.0007921007,0.0000434028,0.0000108507
557704.8900229950,0.0299072266,9.7958374027,-0.0332641602,0.0000651042,0.0000217014,0.0000000000
557704.9000229950,0.0286865234,9.7985839847,-0.0167846680,0.0005208333,0.0000217014,0.0000000000
557704.9100229950,0.0267028809,9.7991943363,-0.0163269043,-0.0010633681,0.0000651042,0.0000000000
557704.9200229950,0.0280761719,9.7955322269,-0.0323486328,0.0008029514,-0.0000000000,0.0000000000
557704.9300229950,0.0300598145,9.8005676273,-0.0100708008,-0.0003255208,0.0000325521,0.0000000000
557704.9400229950,0.0282287598,9.7969055179,-0.0282287598,-0.0004882812,0.0000434028,0.0000000000
557704.9500229950,0.0270080566,9.7966003421,-0.0236511230,0.0008463542,0.0000108507,0.0000000000
557704.9600229950,0.0280761719,9.7999572757,-0.0088500977,-0.0009874132,0.0000434028,-0.0000108507
557704.9700229950,0.0282287598,9.7956848148,-0.0350952148,0.0004123264,0.0000108507,0.0000217014
557704.9800229950,0.0288391113,9.7990417484,-0.0132751465,0.0001519097,0.0000217014,0.0000000000
557704.9900229950,0.0280761719,9.7984313968,-0.0218200684,-0.0009331597,0.0000434028,-0.0000108507
557705.0000229951,0.0274658203,9.7956848148,-0.0288391113,0.0008897569,0.0000325521,0.0000108507
557705.0100229949,0.0279235840,9.7999572757,-0.0070190430,-0.0006401910,0.0000108507,-0.0000108507
557705.0200229950,0.0279235840,9.7958374027,-0.0320434570,-0.0000759549,0.0000325521,-0.0000217014
557705.0300229950,0.0280761719,9.7984313968,-0.0193786621,0.0006076389,0.0000542535,0.0000000000
557705.0400229950,0.0273132324,9.7991943363,-0.0141906738,-0.0010525174,0.0000108507,-0.0000108507
557705.0500229950,0.0286865234,9.7952270511,-0.0323486328,0.0007269965,0.0000434028,0.0000000000
557705.0600229950,0.0289916992,9.7998046878,-0.0108337402,-0.0002929687,0.0000434028,0.0000000000
557705.0700229950,0.0277709961,9.7972106937,-0.0271606445,-0.0005533854,0.0000217014,0.0000000000
557705.0800229950,0.0276184082,9.7967529300,-0.0230407715,0.0008463542,0.0000325521,0.0000000000
557705.0900229950,0.0285339355,9.7993469241,-0.0102233887,-0.0009331597,0.0000651042,-0.0000108507
557705.1000229950,0.0289916992,9.7950744632,-0.0354003906,0.0004340278,0.0000108507,0.0000000000
557705.1100229950,0.0273132324,9.7996520999,-0.0132751465,0.0001302083,0.0000108507,0.0000000000
557705.1200229950,0.0283813477,9.7982788089,-0.0202941895,-0.0009223090,0.0000651042,0.0000217014
557705.1300229951,0.0291442871,9.7956848148,-0.0288391113,0.0009114583,0.0000108507,0.0000000000
557705.1400229950,0.0286865234,9.8005676273,-0.0086975098,-0.0006401910,0.0000434028,-0.0000217014
557705.1500229950,0.0263977051,9.7953796390,-0.0325012207,-0.0001519097,0.0000325521,0.0000108507
557705.1600229950,0.0276184082,9.7979736331,-0.0187683105,0.0006944444,-0.0000000000,0.0000000000
557705.1700229950,0.0291442871,9.8001098636,-0.0131225586,-0.0010742187,0.0000651042,0.0000000000
557705.1800229950,0.0288391113,9.7949218753,-0.0343322754,0.0006944444,0.0000217014,0.0000000000
557705.1900229950,0.0273132324,9.8005676273,-0.0096130371,-0.0002061632,0.0000434028,0.0000000000
557705.2000229950,0.0279235840,9.7966003421,-0.0245666504,-0.0006293403,0.0000325521,0.0000108507
557705.2100229950,0.0286865234,9.7964477542,-0.0248718262,0.0009114583,-0.0000000000,0.0000000000
557705.2200229950,0.0271606445,9.8001098636,-0.0102233887,-0.0009223090,0.0000434028,-0.0000108507
557705.2300229950,0.0271606445,9.7944641116,-0.0341796875,0.0003038194,0.0000325521,0.0000000000
557705.2400229960,0.0289916992,9.7985839847,-0.0131225586,0.0002821181,0.0000325521,0.0000000000
557705.2500229960,0.0279235840,9.7984313968,-0.0190734863,-0.0009765625,0.0000651042,0.0000000000
557705.2600229960,0.0285339355,9.7953796390,-0.0317382813,0.0009114583,0.0000108507,0.0000108507
557705.2700229960,0.0280761719,9.8011779788,-0.0088500977,-0.0006184896,0.0000325521,-0.0000217014
557705.2800229960,0.0279235840,9.7959899906,-0.0309753418,-0.0002061632,0.0000325521,0.0000000000
557705.2900229960,0.0286865234,9.7982788089,-0.0198364258,0.0007052951,0.0000108507,-0.0000108507
557705.3000229960,0.0279235840,9.7998046878,-0.0137329102,-0.0009874132,0.0000651042,0.0000108507
557705.3100229960,0.0277709961,9.7950744632,-0.0334167480,0.0005859375,0.0000325521,0.0000000000
557705.3200229960,0.0274658203,9.7991943363,-0.0100708008,-0.0001519097,0.0000217014,0.0000000000
557705.3300229959,0.0282287598,9.7972106937,-0.0250244141,-0.0006401910,0.0000325521,0.0000000000
557705.3400229960,0.0289916992,9.7966003421,-0.0259399414,0.0008789062,0.0000108507,0.0000000000
557705.3500229960,0.0273132324,9.8001098636,-0.0111389160,-0.0009006076,0.0000325521,0.0000000000
557705.3600229960,0.0274658203,9.7953796390,-0.0346374512,0.0003038194,0.0000325521,0.0000108507
557705.3700229960,0.0294494629,9.7985839847,-0.0123596191,0.0002387153,0.0000217014,0.0000000000
557705.3800229960,0.0292968750,9.7981262210,-0.0196838379,-0.0009331597,0.0000434028,0.0000000000
557705.3900229960,0.0267028809,9.7953796390,-0.0303649902,0.0009223090,0.0000108507,0.0000000000
557705.4000229960,0.0274658203,9.8001098636,-0.0076293945,-0.0006618924,0.0000325521,0.0000108507
557705.4100229960,0.0288391113,9.7966003421,-0.0314331055,-0.0001519097,0.0000325521,0.0000000000
557705.4200229960,0.0296020508,9.7976684574,-0.0186157227,0.0006944444,0.0000217014,0.0000000000
557705.4300229960,0.0262451172,9.7996520999,-0.0141906738,-0.0010525174,0.0000651042,-0.0000108507
557705.4400229960,0.0268554688,9.7950744632,-0.0337219238,0.0006727431,0.0000217014,0.0000217014
557705.4500229961,0.0302124023,9.8002624515,-0.0097656250,-0.0001953125,0.0000217014,0.0000108507
557705.4600229959,0.0297546387,9.7973632816,-0.0265502930,-0.0006727431,0.0000651042,-0.0000108507
557705.4700229960,0.0265502930,9.7967529300,-0.0263977051,0.0009114583,0.0000108507,0.0000000000
557705.4800229960,0.0271606445,9.8002624515,-0.0091552734,-0.0009223090,0.0000325521,-0.0000108507
557705.4900229960,0.0292968750,9.7956848148,-0.0343322754,0.0002061632,0.0000217014,0.0000000000
557705.5000229960,0.0297546387,9.7988891605,-0.0137329102,0.0004123264,0.0000434028,0.0000000000
557705.5100229960,0.0271606445,9.7990417484,-0.0173950195,-0.0010742187,0.0000434028,-0.0000108507
557705.5200229960,0.0273132324,9.7958374027,-0.0328063965,0.0008680556,0.0000217014,0.0000000000
557705.5300229960,0.0282287598,9.8001098636,-0.0086975098,-0.0004665799,0.0000434028,0.0000000000
557705.5400229960,0.0279235840,9.7966003421,-0.0288391113,-0.0004014757,0.0000434028,0.0000000000
557705.5500229960,0.0288391113,9.7970581058,-0.0212097168,0.0008463542,0.0000217014,-0.0000108507
557705.5600229960,0.0277709961,9.7998046878,-0.0117492676,-0.0010199653,0.0000651042,-0.0000108507
557705.5700229960,0.0273132324,9.7949218753,-0.0334167480,0.0004882812,0.0000217014,0.0000217014
557705.5800229959,0.0283813477,9.7993469241,-0.0103759766,0.0000325521,0.0000108507,0.0000108507
557705.5900229960,0.0282287598,9.7979736331,-0.0233459473,-0.0008029514,0.0000651042,0.0000108507
557705.6000229960,0.0282287598,9.7964477542,-0.0273132324,0.0008463542,-0.0000000000,0.0000000000
557705.6100229960,0.0276184082,9.8002624515,-0.0088500977,-0.0007703993,0.0000651042,0.0000000000
557705.6200229960,0.0279235840,9.7961425784,-0.0312805176,0.0000976562,0.0000217014,0.0000000000
557705.6300229960,0.0289916992,9.7988891605,-0.0172424316,0.0004665799,0.0000217014,0.0000000000
557705.6400229960,0.0285339355,9.7985839847,-0.0175476074,-0.0010416667,0.0000434028,0.0000000000
557705.6500229960,0.0279235840,9.7959899906,-0.0321960449,0.0008138021,0.0000108507,0.0000108507
557705.6600229960,0.0274658203,9.8001098636,-0.0083923340,-0.0004448785,0.0000325521,0.0000000000
557705.6700229960,0.0280761719,9.7962951663,-0.0297546387,-0.0003906250,0.0000325521,0.0000000000
557705.6800229960,0.0297546387,9.7970581058,-0.0216674805,0.0008355035,0.0000217014,0.0000000000
557705.6900229960,0.0268554688,9.8002624515,-0.0112915039,-0.0010525174,0.0000434028,0.0000000000
557705.7000229961,0.0267028809,9.7955322269,-0.0350952148,0.0005316840,0.0000217014,0.0000000000
557705.7100229959,0.0286865234,9.8004150394,-0.0119018555,0.0000651042,0.0000325521,0.0000108507
557705.7200229960,0.0292968750,9.7987365726,-0.0225830078,-0.0009223090,0.0000651042,-0.0000108507
557705.7300229960,0.0273132324,9.7958374027,-0.0276184082,0.0009657118,-0.0000000000,0.0000000000
557705.7400229960,0.0271606445,9.8001098636,-0.0079345703,-0.0007161458,0.0000434028,0.0000000000
557705.7500229960,0.0292968750,9.7955322269,-0.0326538086,-0.0000651042,0.0000434028,-0.0000217014
557705.7600229960,0.0285339355,9.7979736331,-0.0183105469,0.0006184896,0.0000217014,0.0000000000
557705.7700229960,0.0267028809,9.7991943363,-0.0144958496,-0.0010633681,0.0000651042,0.0000000000
557705.7800229960,0.0276184082,9.7952270511,-0.0334167480,0.0006944444,-0.0000000000,0.0000217014
557705.7900229960,0.0292968750,9.8001098636,-0.0096130371,-0.0002712674,0.0000217014,0.0000108507
557705.8000229960,0.0285339355,9.7978210452,-0.0267028809,-0.0005425347,0.0000434028,0.0000000000
557705.8100229960,0.0273132324,9.7975158695,-0.0227355957,0.0008680556,-0.0000000000,0.0000000000
557705.8200229960,0.0279235840,9.8004150394,-0.0123596191,-0.0009765625,0.0000434028,0.0000000000
557705.8300229959,0.0279235840,9.7950744632,-0.0343322754,0.0004448785,-0.0000000000,0.0000000000
557705.8400229960,0.0292968750,9.7990417484,-0.0114440918,0.0000868056,0.0000217014,0.0000108507
557705.8500229960,0.0277709961,9.7978210452,-0.0216674805,-0.0008138021,0.0000217014,-0.0000108507
557705.8600229960,0.0267028809,9.7966003421,-0.0289916992,0.0009114583,0.0000325521,0.0000000000
557705.8700229960,0.0282287598,9.8001098636,-0.0096130371,-0.0007703993,0.0000325521,-0.0000108507
557705.8800229960,0.0286865234,9.7959899906,-0.0323486328,0.0000542535,0.0000325521,0.0000000000
557705.8900229960,0.0289916992,9.7987365726,-0.0166320801,0.0004882812,0.0000325521,0.0000000000
557705.9000229960,0.0263977051,9.7987365726,-0.0167846680,-0.0009765625,0.0000434028,0.0000108507
557705.9100229960,0.0277709961,9.7959899906,-0.0329589844,0.0007921007,-0.0000000000,0.0000108507
557705.9200229960,0.0299072266,9.8001098636,-0.0074768066,-0.0004448785,0.0000434028,0.0000000000
557705.9300229960,0.0280761719,9.7966003421,-0.0288391113,-0.0004123264,0.0000325521,-0.0000108507
557705.9400229960,0.0270080566,9.7976684574,-0.0219726563,0.0007921007,0.0000217014,0.0000000000
557705.9500229961,0.0277709961,9.8001098636,-0.0122070313,-0.0009765625,0.0000325521,-0.0000108507
557705.9600229959,0.0282287598,9.7956848148,-0.0341796875,0.0005208333,0.0000217014,0.0000108507
557705.9700229960,0.0282287598,9.8001098636,-0.0106811523,0.0000217014,0.0000434028,0.0000000000
557705.9800229960,0.0280761719,9.7972106937,-0.0222778320,-0.0008246528,0.0000434028,0.0000000000
557705.9900229960,0.0273132324,9.7964477542,-0.0283813477,0.0009331597,0.0000108507,0.0000000000
